seed,episode,total_steps,return
123,1,90,-302.0047415635817
123,2,181,-330.1134495571382
123,3,394,-327.00471270496877
123,4,532,-188.6000790175569
123,5,618,-273.2151644482088
123,6,711,-520.2417935293254
123,7,836,-148.87649444913168
123,8,914,-65.65409084494333
123,9,983,-84.81511947266253
123,10,1167,-344.2200598181044
123,11,1314,-74.46966390499215
123,12,1422,-75.79488475044275
123,13,1592,-582.5627711687923
123,14,1730,-331.3004896247261
123,15,1833,-410.9044675455938
123,16,1941,-46.66835319890575
123,17,2044,-363.73103736721777
123,18,2129,-245.7865049320108
123,19,2315,-454.29694988744154
123,20,2495,-288.78833059784154
123,21,2677,-314.88328612015187
123,22,2775,-91.00358593971492
123,23,2944,-278.60954403686685
123,24,3113,-8.675267556348032
123,25,3200,-47.92896469910952
123,26,3290,-175.28070045460572
123,27,3380,-214.25685310573908
123,28,3488,-182.3880603242356
123,29,3611,-104.59168903989827
123,30,3743,-257.28973613000625
123,31,3899,-491.6013690260268
123,32,4007,-99.4611066460251
123,33,4140,21.15149215001061
123,34,4362,-181.92364115827655
123,35,4567,-340.330650027498
123,36,4670,-322.5158394390051
123,37,4878,-123.53142951913071
123,38,5155,-356.08840185800807
123,39,5284,-259.3666092727051
123,40,5493,-375.6936650688452
123,41,5618,-290.34036083137187
123,42,5785,-168.9841813367392
123,43,5933,-302.14696018929
123,44,6100,-322.3221846785244
123,45,6213,13.622744427455672
123,46,6308,-232.13826948865488
123,47,6443,-342.3637616524891
123,48,6534,-249.5492195605353
123,49,6675,-168.81548040650534
123,50,6809,-199.04528227654032
123,51,6889,-53.3540376630275
123,52,7056,-330.3270330302313
123,53,7280,-260.11146482514727
123,54,8280,35.09017581296303
123,55,8526,-186.75413585609283
123,56,8721,-364.36680198256727
123,57,8861,-493.02083536354417
123,58,9143,-477.9204471594945
123,59,9364,-477.37842577375045
123,60,9532,-464.9700476370001
123,61,9712,-382.9040537854817
123,62,9800,-164.9609388301434
123,63,9896,-281.845249943784
123,64,10046,-252.87028323002272
123,65,10198,-355.0356350078309
123,66,10340,-334.6876437531531
123,67,10487,-632.195619167064
123,68,10687,-472.3625326351559
123,69,10829,-493.8767050017393
123,70,10967,-218.72323497443853
123,71,11200,-530.5000208238478
123,72,11311,-421.5153062768494
123,73,11454,-437.81525625760185
123,74,11594,-275.8890672580003
123,75,11715,-95.7348427857738
123,76,11863,-348.25425653375225
123,77,12113,-550.823808118243
123,78,12283,-214.7338342209788
123,79,12372,-26.892615494198253
123,80,12529,-281.4556544760739
123,81,12708,-440.58954909346585
123,82,12807,-168.69929977625856
123,83,12982,-211.46367820259252
123,84,13066,-151.4352991627248
123,85,13243,-295.1165748037074
123,86,13382,-41.45277657680482
123,87,13478,-188.30666219382323
123,88,13587,-225.69697087281472
123,89,13757,-183.703372349151
123,90,13940,-377.6264233107521
123,91,14070,-234.39387122869985
123,92,14185,-183.99994375942597
123,93,14325,-305.77363472782474
123,94,14563,-440.05309144252533
123,95,14735,-203.49761099227126
123,96,14956,-475.59473045668403
123,97,15102,-323.00981586319637
123,98,15292,-338.86809591443364
123,99,15463,-253.24375025959276
123,100,15568,-66.11661577072178
123,101,16568,8.762812957630063
123,102,16869,-466.41990486301427
123,103,17051,-348.8116130419095
123,104,17371,-302.70619047696084
123,105,17599,-261.50880536673714
123,106,17729,-189.07247142346327
123,107,17856,-461.0009977934141
123,108,18016,-123.52067730362651
123,109,18152,-202.5816317664714
123,110,18355,-379.21988260356324
123,111,18449,-340.8372373836406
123,112,18658,-400.7728860865088
123,113,18853,-332.60503011605766
123,114,19014,-198.28305351486557
123,115,19170,-208.26376838227804
123,116,19392,-461.7014965856691
123,117,19585,-264.110067843553
123,118,19755,-423.9812404613806
123,119,20115,-858.0942669830752
123,120,20258,-353.7459425927642
123,121,20413,-372.53764853871826
123,122,20667,-744.3630025551961
123,123,20817,-228.51822664627554
123,124,20934,-202.16830315727017
123,125,21093,-358.3089243086417
123,126,21297,-186.86580359747458
123,127,21481,-395.8321770607072
123,128,21655,-385.17165593667715
123,129,21778,-343.5988697418371
123,130,21937,-342.2864322901279
123,131,22169,-425.4582144207591
123,132,22318,-97.1922929211325
123,133,22576,-222.21275658564937
123,134,22695,-435.68804700458134
123,135,22888,-152.50089991219588
123,136,22977,-48.20654650814801
123,137,23335,-434.68655497964085
123,138,23518,-67.538467597947
123,139,23693,-251.77885969860722
123,140,24029,-331.410834370829
123,141,24312,-339.69974601603633
123,142,24542,-390.9918657084118
123,143,24727,-311.66598306069943
123,144,24901,-140.4422149141907
123,145,25126,-422.1912272981227
123,146,25256,-350.43848027979936
123,147,25442,-364.18190500807225
123,148,25549,-174.79040595331963
123,149,25645,-31.426076348213783
123,150,25759,-261.98616989755357
123,151,25938,-304.2655326689689
123,152,26077,-423.1197494026055
123,153,26188,-270.3064974672886
123,154,26343,-335.2019890185609
123,155,26473,-391.2679898919082
123,156,26663,-268.6721409549003
123,157,26752,-225.72042442310646
123,158,26861,-239.85820058088763
123,159,26994,-287.97280913937107
123,160,27144,-275.9401227663658
123,161,27245,-17.73073210326443
123,162,27451,-194.2512034819743
123,163,27658,8.51975078897513
123,164,27745,-58.899825024699126
123,165,27906,-322.56998520001696
123,166,28061,-40.651453725511686
123,167,28165,-248.94808885337363
123,168,28315,-366.7444626683716
123,169,28454,-249.6444826320067
123,170,28656,-293.4693192482439
123,171,28766,-264.7900527441425
123,172,28868,-201.33688452156483
123,173,28996,-453.02882297634983
123,174,29088,-40.684758380786235
123,175,29243,-287.03418716419094
123,176,29358,-76.0171273657937
123,177,29523,-501.73881149844317
123,178,29720,-274.0577324779547
123,179,29844,-215.42363374841517
123,180,29957,-368.2703323912024
123,181,30128,-133.30545495309136
123,182,30262,12.988822432771485
123,183,30366,-111.10881313362
123,184,30496,-215.9174463427084
123,185,30680,-337.05611934742114
123,186,30838,-310.67459849386205
123,187,31039,-227.78114744710152
123,188,31227,-17.362499652313716
123,189,31359,-203.985403308597
123,190,31487,-388.204118133479
123,191,31694,-593.19181356903
123,192,31807,-379.80706932451085
123,193,32024,-449.82239657977647
123,194,32216,-558.7028010618621
123,195,32429,-369.59739371075557
123,196,32563,-539.8138387975509
123,197,32654,-173.9788273595984
123,198,32743,-294.3444588560274
123,199,32839,-302.28797776252543
123,200,32928,-417.26223361756536
123,201,33050,-516.7156396981024
123,202,33163,-396.41487493281977
123,203,33331,-430.60832414840087
123,204,33453,-433.92401056735156
123,205,33569,-254.4480677198687
123,206,33792,-378.28902296590434
123,207,33880,-345.6810206759503
123,208,34031,-342.32057579985883
123,209,34214,-223.07859732651207
123,210,34317,-505.3756768449302
123,211,34501,-520.1703065341081
123,212,34690,-292.63858156792696
123,213,34816,-302.9964970267745
123,214,35082,-118.4967380141417
123,215,35214,-300.62655499800803
123,216,35371,-355.3680525946293
123,217,35584,-425.5631741663124
123,218,35727,-408.6656655336658
123,219,36017,-284.37692620008744
123,220,36279,-260.7427679956514
123,221,36393,14.42531681244671
123,222,36524,-290.1805291858758
123,223,36891,-253.20494368844348
123,224,37009,-191.9095439874381
123,225,37100,-288.7942685613094
123,226,37281,-336.41721695438616
123,227,37496,-210.03625920772328
123,228,37641,-298.8874508626461
123,229,37826,-311.21631656947557
123,230,38072,-419.287644976639
123,231,38159,-47.434546729869076
123,232,38366,-166.3975760382996
123,233,38601,-362.85730947271
123,234,38787,-174.32089500845206
123,235,38962,-632.7774332091094
123,236,39064,-446.8808936337485
123,237,39163,-262.8050089740691
123,238,39261,-369.71697500410136
123,239,39557,-402.69084436380996
123,240,39757,-379.1853909378284
123,241,39891,-341.66563600208224
123,242,40023,-374.98732174706976
123,243,40123,-268.1026444917147
123,244,40308,-383.8557275858811
123,245,40657,-772.2262817146394
123,246,40903,-413.8033702189371
123,247,41047,-28.861847390979264
123,248,41153,-115.57892931442527
123,249,41333,-354.0430458556433
123,250,41452,-428.09683382060706
123,251,41606,-376.0624956810499
123,252,41737,-336.9873104406309
123,253,41948,-406.5980879999745
123,254,42143,-293.910020195133
123,255,42349,-379.49326704839245
123,256,42442,-74.46784905471253
123,257,42582,-155.44371519930988
123,258,42706,-508.57561588116454
123,259,42809,-183.93691508347933
123,260,42943,-302.2066486424179
123,261,43083,-229.07262518749107
123,262,43181,-379.6928593269271
123,263,43305,-318.1790267473902
123,264,43444,-483.22831179605174
123,265,43548,-470.5400309803952
123,266,43620,-453.71798211573537
123,267,43727,-578.210012931637
123,268,43848,-378.3870815611504
123,269,43998,-504.9486675610291
123,270,44100,-78.88697316249318
123,271,44227,-460.3857192177317
123,272,44304,-94.70140328489668
123,273,44417,-531.4137304801927
123,274,44552,-288.0554880566798
123,275,44674,-315.23572413563033
123,276,44773,-297.4362232351792
123,277,44866,-427.5906281039007
123,278,44937,-180.77941969235405
123,279,45157,-525.4439944138649
123,280,45250,-394.5745581243934
123,281,45380,-574.6046329204853
123,282,45494,-331.5063874734242
123,283,45592,-227.20243537636884
123,284,45692,-315.42394579554673
123,285,45816,-346.2778865956386
123,286,45922,-192.2340182093634
123,287,46056,-504.60006279784096
123,288,46140,-270.0612196416191
123,289,46253,-246.1756282823955
123,290,46378,-381.4548410510938
123,291,46495,-430.37684664420766
123,292,46602,-239.05798700131334
123,293,46684,-112.3472232909308
123,294,46764,-305.6305668997229
123,295,46866,-190.53781969355452
123,296,46997,-360.3453421196775
123,297,47164,-300.5565125655419
123,298,47327,-114.28438926366873
123,299,47526,-114.74221767530447
123,300,47656,-64.53862935087155
123,301,47784,-79.92594384158237
123,302,47975,-117.53644411492566
123,303,48123,-356.58926734997755
123,304,48241,-484.2107008678565
123,305,48349,-254.69833283094079
123,306,48465,-354.91226206939086
123,307,48592,-166.94802763226008
123,308,48696,-324.51567838918095
123,309,48839,-578.2068481626363
123,310,48954,-316.78350521395816
123,311,49068,-418.21755640338455
123,312,49203,-487.8496556814471
123,313,49324,-167.7404371845607
123,314,49416,-271.235521434375
123,315,49506,-414.32714837545745
123,316,49625,-599.4709297510816
123,317,49711,-308.332654014053
123,318,49826,-306.00958923405483
123,319,49930,-321.5106772546694
123,320,50086,-309.6733481072275
123,321,50219,-277.62477690683863
123,322,50378,-275.83584893180364
123,323,50516,-15.723689436488172
123,324,50619,-47.369014424406956
123,325,50873,-346.3919522780424
123,326,50974,-283.4326611166463
123,327,51069,-81.48133486901528
123,328,51185,-261.51646394695507
123,329,51269,-159.58772805204276
123,330,51403,-227.7777180884927
123,331,51527,-437.10940971968785
123,332,51709,-396.1708147127534
123,333,51890,-200.26122254052632
123,334,51992,-202.8470656849205
123,335,52095,-26.63299059537286
123,336,52253,-367.69797007381493
123,337,52347,-253.82174800769755
123,338,52495,-288.348024495775
123,339,52585,-324.44140234477607
123,340,52724,-484.7468465164446
123,341,52871,-635.8019853524935
123,342,53000,-61.412072937515916
123,343,53138,-509.73443690425256
123,344,53261,-417.4641875397995
123,345,53392,-542.6611023895975
123,346,53539,-647.6524285812975
123,347,53638,-391.3936499421283
123,348,53750,-447.7814786846709
123,349,53859,-673.870902323552
123,350,53967,-381.4186850637528
123,351,54049,-385.35646287454813
123,352,54133,-430.5902763596609
123,353,54249,-557.3682990776213
123,354,54330,-339.04531485313487
123,355,54431,-780.8686575115327
123,356,54576,-381.52634739146663
123,357,54700,-480.9556696494324
123,358,54810,-579.945100526453
123,359,54919,-472.57748885508795
123,360,55015,-447.2656060100658
123,361,55110,-305.2445622941891
123,362,55255,-467.0607661650896
123,363,55331,-419.28468933264674
123,364,55476,-567.2870984869203
123,365,55601,-435.83478183303475
123,366,55709,-415.4375561356403
123,367,55823,-494.15257152368906
123,368,55922,-307.0259519850722
123,369,56054,-224.55375307437342
123,370,56135,-264.0926442652626
123,371,56354,-195.2816612102471
123,372,56447,-87.11602901011334
123,373,56549,-228.59021782785422
123,374,56631,-108.24279475096371
123,375,56791,-237.79735433747078
123,376,56891,-277.975467485059
123,377,57013,-81.92590384459982
123,378,57160,-120.3593398516313
123,379,57268,-326.64144597079655
123,380,57384,-28.734933188080348
123,381,57477,-176.0455360911418
123,382,57592,-272.45537825640673
123,383,57718,-180.48108192894142
123,384,57869,-299.9753688732359
123,385,58045,-264.2064874562245
123,386,58187,-60.77845689460898
123,387,58471,-678.042571327256
123,388,58562,-399.91591760206273
123,389,58649,-392.37816512568605
123,390,58869,-843.3930855524865
123,391,58964,-481.6675970030942
123,392,59134,-676.0203935108972
123,393,59370,-464.89513846232643
123,394,59450,-368.8863987596214
123,395,59621,-679.6642518349635
123,396,59790,-630.5497865932031
123,397,59907,-638.5358729277684
123,398,60031,-427.35364336960544
123,399,60165,-573.4414231221813
123,400,60315,-688.2394118907415
123,401,60516,-681.4788149611733
123,402,60643,-392.66912956806226
123,403,60750,-352.9186105297728
123,404,60899,-652.9834726250108
123,405,61064,-447.65096843565914
123,406,61218,-532.861618833173
123,407,61349,-269.74171942225496
123,408,61492,-623.125055099246
123,409,61628,-667.0278695119442
123,410,61758,-545.1253662627539
123,411,61935,-456.39286435467955
123,412,62075,-360.66153078013673
123,413,62208,-213.4983270930103
123,414,62374,-471.5162469823613
123,415,62509,-444.0737085242217
123,416,62622,-570.6946641240905
123,417,62724,-72.2670920893713
123,418,62969,-378.4643174217992
123,419,63076,-270.44799578937875
123,420,63219,-301.12100046311343
123,421,63305,-47.10707212099019
123,422,63424,-225.71852712204407
123,423,63502,-110.45403571645802
123,424,63590,-71.07860546818821
123,425,63783,-471.79334512876983
123,426,63866,-73.03067528197695
123,427,63983,-257.49311623494
123,428,64066,-296.50170359007325
123,429,64158,-170.75913395050407
123,430,64255,-376.6058900014787
123,431,64419,-59.300666449463954
123,432,64583,-595.5681413452257
123,433,64806,-764.0093964374421
123,434,65008,-723.5329706202401
123,435,65217,-312.3674625685589
123,436,65458,-421.16187072941005
123,437,65600,-450.9569396412628
123,438,65772,-393.75853730494003
123,439,66016,-312.52574908680316
123,440,66109,-190.46644661314838
123,441,66336,-328.697323125704
123,442,66506,-426.6677156409316
123,443,66678,-495.2541926288144
123,444,66801,-509.04047348021913
123,445,67049,-520.2617639150931
123,446,67137,-407.9772003516725
123,447,67223,-56.64193470554461
123,448,67334,-297.8818190927997
123,449,67416,-116.19706140174631
123,450,67639,-477.7681818913189
123,451,67811,-318.69129405972285
123,452,67903,-390.58009612710174
123,453,68142,-490.923327985851
123,454,68278,-507.44195014498115
123,455,68378,-470.8561109306133
123,456,68445,-384.35853889087366
123,457,68533,-378.0993706372848
123,458,68642,-307.08915029351635
123,459,68743,-513.0025354577892
123,460,68921,-673.0202982917604
123,461,69056,-675.8564580753607
123,462,69173,-617.8085166958098
123,463,69267,-95.33143595067457
123,464,69372,-176.43826769343417
123,465,69476,-552.0116243262976
123,466,69624,-595.6364246346761
123,467,69746,-391.9947201448182
123,468,69876,-517.9167845524014
123,469,70027,-293.5165787454497
123,470,70108,-418.8149586645395
123,471,70193,-495.7927766506389
123,472,70271,-244.68869409845993
123,473,70362,-428.9807493954603
123,474,70443,-247.769364987278
123,475,70574,-334.99656295841226
123,476,70667,8.33280865625403
123,477,70736,-176.32739628031555
123,478,70807,-79.5747194253377
123,479,70911,-352.88037074013926
123,480,71025,-362.4548506722063
123,481,71138,-496.55462583666116
123,482,71271,-231.44293454857342
123,483,71434,-299.21770844172414
123,484,71544,-123.68544124928806
123,485,71639,-70.83875750478667
123,486,71773,-99.40100482530515
123,487,71856,-220.18064660355134
123,488,71986,-121.49146207822609
123,489,72156,-77.06646089520798
123,490,72240,-12.914224946034182
123,491,72333,-184.89846541126752
123,492,72570,-268.7935389000463
123,493,72685,-271.75958403461607
123,494,72926,-338.5248412458755
123,495,73029,-194.48123336286082
123,496,73196,-315.0057710494206
123,497,73325,-23.911764057901465
123,498,73423,-596.6720383782201
123,499,73587,-822.9908729371605
123,500,73703,-566.9778781409907
123,501,73843,-259.58999379785445
123,502,74000,-299.7133532591953
123,503,74186,-531.6492250905351
123,504,74782,-1075.1474176414213
123,505,74903,-561.1381338025083
123,506,74999,-252.22496959524392
123,507,75255,-868.066933710106
123,508,75367,-148.73892999040885
123,509,75492,-386.76711459967316
123,510,75659,-554.9847537900853
123,511,75873,-702.0240673430492
123,512,76020,-530.9476905801583
123,513,76192,-628.5020965506238
123,514,76276,-375.8548942103876
123,515,76428,-530.1977670011827
123,516,76522,-463.62567948855553
123,517,76650,-693.3775392060031
123,518,76737,-301.7871825753356
123,519,76847,-652.1003792393273
123,520,76942,-484.17614178199005
123,521,77094,-559.3929103963918
123,522,77221,-528.714242543344
123,523,77377,-435.59741893559936
123,524,77473,-580.7099077658347
123,525,77582,-666.8778745648672
123,526,77683,-378.6620125939923
123,527,77826,-734.4440772055773
123,528,77980,-412.54476612831075
123,529,78060,-582.6371859471581
123,530,78172,-711.2198615190424
123,531,78318,-81.66881174869957
123,532,78407,-389.8041600422379
123,533,78506,-273.26003477247355
123,534,78607,-582.5206990265665
123,535,78707,-429.1832833395536
123,536,78804,-247.1938232098622
123,537,78970,-601.6225628229543
123,538,79067,-521.6559658711922
123,539,79154,-486.00243409058305
123,540,79293,-682.0410032975457
123,541,79418,-592.114828803381
123,542,79507,-487.80478507208954
123,543,79592,-379.98271548842376
123,544,79693,-609.1742741893913
123,545,79772,-371.5060965085377
123,546,79862,-100.10706969658428
123,547,80020,-705.7055302361664
123,548,80174,-623.9390675515365
123,549,80311,-600.3101254201654
123,550,80390,-516.6575504014986
123,551,80513,-625.2490550869878
123,552,80596,-549.9711374541372
123,553,80674,-435.14375991229633
123,554,80757,-529.5057502909656
123,555,80831,-558.1676080459123
123,556,80924,-481.11994503435307
123,557,81056,-702.3449740912778
123,558,81192,-436.52873707554625
123,559,81287,-546.7691603537644
123,560,81364,-70.47555982152926
123,561,81451,-210.18962235722336
123,562,81529,-141.56243179281103
123,563,81634,-541.1740386484643
123,564,81752,-215.42220120221737
123,565,81847,-432.1516802424505
123,566,81930,-108.25082629407873
123,567,82029,-318.52123739213863
123,568,82192,-489.04336676811033
123,569,82268,-431.25508212192096
123,570,82368,-354.4744746910046
123,571,82478,-379.5111756818395
123,572,82587,-254.18012071713122
123,573,82697,-349.9203754667629
123,574,82783,-402.8985751819254
123,575,82898,-279.621231899475
123,576,83008,-510.9919176094195
123,577,83113,-546.5044990593549
123,578,83223,-537.556489066461
123,579,83340,-546.5386531868382
123,580,83432,-305.22044648395615
123,581,83519,-37.36864691307217
123,582,83641,-289.25878127975756
123,583,83726,-440.04708416399467
123,584,83843,-386.0163954888958
123,585,83970,-243.15621634926435
123,586,84086,-180.30181215024217
123,587,84204,-492.86884973386805
123,588,84327,-628.4818069437998
123,589,84443,-534.574647139005
123,590,84589,-488.78793414598505
123,591,84778,-406.0251110383595
123,592,84961,-97.88861561841132
123,593,85056,-333.07637790867904
123,594,85300,-455.4332042835913
123,595,85421,-290.55001156427295
123,596,85542,-388.21713370354564
123,597,85736,-577.7156710421652
123,598,85865,-311.978732988706
123,599,85999,-381.95227147197613
123,600,86075,-179.9305690001644
123,601,86152,-240.1521557126447
123,602,86227,-95.10109843659049
123,603,86308,-195.2526034713897
123,604,86447,-551.1421692328727
123,605,86541,-525.925500305567
123,606,86677,-766.9132654593119
123,607,86800,-265.92112586571665
123,608,86894,-468.8094874336305
123,609,86990,-514.5862773550809
123,610,87053,-299.27629572687385
123,611,87157,-671.8950526823457
123,612,87261,-245.67689417606354
123,613,87397,-517.1132458697141
123,614,87481,-516.4467853092783
123,615,87571,-367.03034795885384
123,616,87673,-641.7452209254221
123,617,87809,-815.9481907722129
123,618,87884,-156.04435459439634
123,619,87992,-538.1531987570227
123,620,88124,-476.8537020049556
123,621,88224,-539.6080322442734
123,622,88315,-322.8406347177754
123,623,88423,-686.3614615844324
123,624,88491,-228.4932289832887
123,625,88552,-263.26253938980085
123,626,88633,-172.43597766752708
123,627,88706,-76.60383898562982
123,628,88795,-350.1931075280732
123,629,88887,-391.80875806258535
123,630,88970,-132.8663833104251
123,631,89039,-68.37049485369947
123,632,89180,-353.04722972585773
123,633,89284,-270.795452574568
123,634,89382,-403.1326498795954
123,635,89495,-610.430431404402
123,636,89580,-452.31403783129684
123,637,89684,-474.1520877030047
123,638,89784,-447.34385349330915
123,639,89888,-562.9573630261734
123,640,89979,-437.4089015165596
123,641,90091,-393.0258215947678
123,642,90189,-312.9193936753171
123,643,90318,-21.39692197148659
123,644,90410,-340.5596311522572
123,645,90594,-518.0598614565736
123,646,90717,-27.785554505928104
123,647,90835,-458.21733961033044
123,648,90945,-468.09345970310613
123,649,91058,-307.4581528705718
123,650,91286,-106.8764777736533
123,651,91381,-236.87067145059038
123,652,91534,-292.88163007823914
123,653,91691,-389.48659840658274
123,654,91783,-147.90740633916073
123,655,91923,-200.2591190955991
123,656,92014,-405.26883449220986
123,657,92124,-197.1231099229993
123,658,92224,-447.7194427711542
123,659,92355,-514.4539789793693
123,660,92491,-479.4462758164822
123,661,92646,-366.45517358296127
123,662,92776,-510.414549824399
123,663,92911,-312.3342611558511
123,664,93018,-186.1601623683896
123,665,93121,-340.7223559434972
123,666,93277,-529.0947704099415
123,667,93453,-217.22435457208275
123,668,93565,-339.52903280922055
123,669,93652,-102.53319197646664
123,670,93776,-317.7274058436436
123,671,93853,-85.09947285002208
123,672,93975,-525.4254199939598
123,673,94046,-62.64339369711108
123,674,94198,-168.64221390775361
123,675,94292,-37.83726057927838
123,676,94426,-462.25986674464156
123,677,94635,-307.61829995524135
123,678,94732,-251.8722516406842
123,679,94824,-127.56621526992737
123,680,94911,-307.5822053407686
123,681,95055,-620.7544909006729
123,682,95137,-420.8177629652587
123,683,95255,-577.6462906145939
123,684,95334,-139.43513509059426
123,685,95426,-254.58284373864248
123,686,95523,-381.83996621954657
123,687,95640,-555.1767870347941
123,688,95793,-580.4670035828689
123,689,95889,-319.5949328981685
123,690,96018,-728.780520570278
123,691,96145,-716.6512341780048
123,692,96220,-504.0330885145055
123,693,96309,-662.5486954020781
123,694,96395,-564.8042727300226
123,695,96482,-413.1605047458058
123,696,96560,-209.28506776535207
123,697,96654,-482.47261898436875
123,698,96742,-290.9329538277219
123,699,96821,-408.5050854231671
123,700,96940,-386.0394450684658
123,701,97020,-473.4051948956775
123,702,97161,-510.35031969857937
123,703,97256,-626.5919242459211
123,704,97347,-280.6775979367446
123,705,97441,-323.4846595397197
123,706,97532,-378.35392168724104
123,707,97640,-260.892516353096
123,708,97706,-221.98046768127244
123,709,97793,-419.4283712157416
123,710,97904,-344.04315853451413
123,711,98076,-483.8277166257652
123,712,98168,-305.83315711329834
123,713,98283,-54.646931348888565
123,714,98419,-447.0754077899651
123,715,98520,-121.05782423548895
123,716,98659,-330.2916968611371
123,717,98801,-44.49437331030511
123,718,98893,-97.65811259844962
123,719,98998,-252.68748793603967
123,720,99084,-54.041011396938956
123,721,99223,-236.49638886941372
123,722,99354,-478.2370690373394
123,723,99513,-81.98817529973779
123,724,99620,-540.53819352975
123,725,99703,-375.90751698018767
123,726,99788,-431.3019516449493
123,727,99894,-268.9133843539823
123,728,100007,-552.6825011304063
123,729,100113,-441.50552622603
123,730,100239,-559.2468923605967
123,731,100347,-133.0182573198284
123,732,100430,-255.38806447272464
123,733,100522,-308.2275893951585
123,734,100621,-61.99684755790945
123,735,100755,-425.0282527655174
123,736,100852,-489.2427525973992
123,737,100937,-151.63659492863263
123,738,101020,-497.5051405942068
123,739,101131,-710.9080697891965
123,740,101231,-530.5269365392276
123,741,101313,-86.63512150912638
123,742,101435,-415.99725518879876
123,743,101539,-511.7893172635955
123,744,101661,-436.3846967446457
123,745,101796,-497.1652618833459
123,746,101917,-265.96551826272173
123,747,102022,-146.77229657020965
123,748,102170,-249.1624621086334
123,749,102290,-62.03183597423682
123,750,102393,-60.713558495247916
123,751,102533,-383.22536187080004
123,752,102621,-310.81219104327226
123,753,102882,-369.6227280918376
123,754,103083,-694.839224886385
123,755,103211,-232.6693074173066
123,756,103370,-239.08520785792632
123,757,103480,-15.798493346422958
123,758,103582,-128.0416561977472
123,759,103740,-572.9612157125559
123,760,103919,-786.2623557184581
123,761,104005,-460.2752287939628
123,762,104145,-426.1195955128837
123,763,104256,-584.5582430705217
123,764,104344,-484.668888623807
123,765,104444,-407.9323208803337
123,766,104529,-474.2600776844836
123,767,104602,-496.2454637538193
123,768,104708,-411.85512220028335
123,769,104778,-219.08395801706695
123,770,104879,-662.7981751220146
123,771,105003,-318.555064463651
123,772,105116,-246.56666402615522
123,773,105199,-440.5792329277665
123,774,105297,-355.3570388626628
123,775,105382,-469.2229140556073
123,776,105468,-317.09913658440837
123,777,105578,-376.7475982953104
123,778,105688,-357.53954497675494
123,779,105780,-519.0800113605619
123,780,105852,-42.93326937017876
123,781,105962,-268.0967171510521
123,782,106078,-341.410686686682
123,783,106206,-395.3971726661927
123,784,106336,-607.7417351595501
123,785,106419,-404.3927515341243
123,786,106512,-63.31599696218905
123,787,106594,-369.73975406804266
123,788,106711,-460.304867422138
123,789,106840,-310.5460941779092
123,790,106978,-405.8975859054461
123,791,107119,-388.4349991916043
123,792,107213,-417.4248745769962
123,793,107308,-36.973938171529596
123,794,107423,-108.51195149136221
123,795,107525,-34.2260098799068
123,796,107612,-95.46726428559185
123,797,107742,-290.7523298626851
123,798,107861,-63.709723897594955
123,799,107988,-505.7017970487733
123,800,108076,-364.23967334670954
123,801,108218,-305.4283244919373
123,802,108315,-383.2838594145666
123,803,108448,-175.11500898165983
123,804,108549,-527.5150660495005
123,805,108819,-325.1902933981601
123,806,108931,-584.0445214855301
123,807,109088,-643.5305744481926
123,808,109199,-290.77694601693884
123,809,109316,-446.0136893189881
123,810,109422,-180.55191822512433
123,811,109576,-210.71627364566893
123,812,109690,-236.21725955354927
123,813,109804,-551.1674943875302
123,814,109965,-168.5889471343653
123,815,110086,-508.3785893133801
123,816,110229,-700.8224112591568
123,817,110308,-350.9935337315934
123,818,110397,-343.0394114493188
123,819,110588,-116.32764259736386
123,820,110704,-518.5136516914854
123,821,110844,-496.948922622665
123,822,110954,-529.937061401
123,823,111089,-187.5088218432343
123,824,111191,-266.43480753285576
123,825,111359,-345.94038325831633
123,826,111457,-370.2745720561044
123,827,111633,-710.7326268100304
123,828,111767,-445.32293201465274
123,829,112032,-440.7031683647846
123,830,112133,-267.8833538229509
123,831,112252,-367.50527269192713
123,832,112588,-133.19437537149196
123,833,112855,-246.14340999147686
123,834,113060,-552.2626050242177
123,835,113163,-418.8233629359961
123,836,113279,-407.7881207566537
123,837,113371,-457.2154453673358
123,838,113493,-70.7601113124496
123,839,113589,-492.284728364437
123,840,113732,-407.39989152979257
123,841,113881,-452.16501278392604
123,842,113970,-402.79030853088057
123,843,114062,-351.9333918782036
123,844,114190,-261.71052627570526
123,845,114272,-90.12441223418392
123,846,114358,-436.8061586321412
123,847,114532,-74.05504959685558
123,848,114652,-269.8861198546191
123,849,114845,-102.23321545280487
123,850,115038,-214.9038117977281
123,851,115147,-438.9721510699314
123,852,115281,-484.1713718965772
123,853,115439,-39.803790080036975
123,854,115583,-329.9029150380999
123,855,115680,-336.52086162025057
123,856,115829,-279.8299376607056
123,857,115945,-197.60130519275538
123,858,116048,-434.4065800882914
123,859,116160,-123.3566574835131
123,860,116270,-205.12276555139783
123,861,116389,-472.9748381404675
123,862,116486,-67.99730179919901
123,863,116573,-93.13966671837667
123,864,116748,-446.3903260641036
123,865,116879,-371.45038763052463
123,866,117058,-297.3405635266799
123,867,117188,-170.8711620773219
123,868,117428,-478.9846285303978
123,869,117706,-81.1800924103024
123,870,117789,-71.83661366666502
123,871,117880,-565.269390646098
123,872,118011,-148.30478602502652
123,873,118110,-515.5503829667103
123,874,118218,-105.43591570994396
123,875,118371,-675.686885283415
123,876,118503,-554.4402448896049
123,877,118636,-603.8237703210337
123,878,118732,-405.728186153834
123,879,118855,-132.2498521331451
123,880,118959,-554.3775114241826
123,881,119115,-499.5434569671825
123,882,119205,-415.6132609496415
123,883,119342,-663.3234667474608
123,884,119433,-339.9081898263024
123,885,119584,-326.9794817212667
123,886,119732,-462.8630469190233
123,887,119843,-199.90631675028789
123,888,120099,-260.3858311159089
123,889,120225,-457.8118872717259
123,890,120335,-512.1018532941218
123,891,120475,-329.9978239308296
123,892,120591,-358.8421521163061
123,893,120722,-212.21071780109588
123,894,120819,-83.24033184903008
123,895,120911,-66.772627683285
123,896,121028,-46.10617344791865
123,897,121133,-374.99608391741145
123,898,121290,-425.31253596989063
123,899,121396,-496.8917597029319
123,900,121591,-21.27698870729418
123,901,121722,-334.710838172911
123,902,121814,-140.54016266590497
123,903,121994,-340.5758975394099
123,904,122064,-113.94543641803952
123,905,122220,-545.5963743999878
123,906,122332,-330.0444271984603
123,907,122474,-97.67018300334726
123,908,122577,-396.5181921043306
123,909,122685,-470.4060780298478
123,910,122763,-474.6349559647511
123,911,122877,-544.7594647488662
123,912,122973,-636.2971960041948
123,913,123078,-450.74634312816175
123,914,123204,-335.8707072028855
123,915,123354,-486.80695972632327
123,916,123449,-470.24616304105086
123,917,123553,-379.43785618178885
123,918,123663,-227.87006449302862
123,919,123763,-522.4074406311231
123,920,123845,-170.95288812037148
123,921,123941,-135.12705608216575
123,922,124049,-420.0613558909834
123,923,124134,-352.2574288583662
123,924,124218,-79.62220618615409
123,925,124283,-79.65826453449445
123,926,124406,-274.54716025970606
123,927,124495,-87.89415990478204
123,928,124609,-506.7583668475159
123,929,124702,-369.5711029045904
123,930,124871,-508.3840097714357
123,931,125025,-264.4173405826899
123,932,125191,-279.4086405825698
123,933,125362,-242.10253293963095
123,934,125463,-273.77411443330124
123,935,125621,-115.23297321725586
123,936,125703,-99.46534109780808
123,937,125821,-273.0586394189353
123,938,125975,-290.4160412620278
123,939,126167,-461.7165133655053
123,940,126294,-402.85311021525655
123,941,126416,-440.8460807579252
123,942,126560,-415.3591472401852
123,943,126675,-252.47173644253297
123,944,126853,-215.5967093269357
123,945,126950,-442.6168553460683
123,946,127114,-531.3000794523421
123,947,127232,-95.56217075567237
123,948,127496,-38.27566551029555
123,949,127586,-139.4104247846765
123,950,127697,-195.83819798197072
123,951,127801,-181.3390460269771
123,952,127910,-232.1067989183312
123,953,128075,-357.7461669869512
123,954,128276,-145.3159166043214
123,955,128415,-275.3977265582373
123,956,128498,-66.85416619220277
123,957,128587,-51.465622043903025
123,958,128664,-39.43820990971856
123,959,128780,-158.64879259134204
123,960,128903,-296.0507053726268
123,961,129013,-336.73415064974597
123,962,129102,-323.6015496730378
123,963,129255,-311.57954069368475
123,964,129379,-495.06721208775235
123,965,129541,-673.5748878102279
123,966,129659,-501.79059775614076
123,967,129741,-344.0245425931147
123,968,129836,-514.2293792676721
123,969,130102,-297.8504477978123
123,970,130217,-452.43291170233573
123,971,130330,-368.9071610506816
123,972,130510,-491.76161284595923
123,973,130696,-326.83323441688594
123,974,130858,-555.8516750205353
123,975,130965,-256.87020352923753
123,976,131129,-282.3342056761438
123,977,131380,-275.24855904359396
123,978,131465,-104.76679057586774
123,979,131581,-203.9721648669287
123,980,131718,-354.9615172029097
123,981,131856,-704.6204530183727
123,982,132046,-641.3629169420078
123,983,132123,-57.89254435545686
123,984,132291,-427.50853423095856
123,985,132422,-482.86567834068563
123,986,132539,-304.5843299763509
123,987,132668,-221.72900628515413
123,988,132799,-548.0014885189032
123,989,132901,-453.852947312078
123,990,132996,-394.39812433871407
123,991,133128,-438.9880779005658
123,992,133317,-259.0591549650361
123,993,133470,-441.7179289300202
123,994,133614,-519.3058249160928
123,995,133708,-480.69726631216395
123,996,133831,-503.6068952432746
123,997,133964,-476.72890770278843
123,998,134079,-318.2948271562582
123,999,134184,-239.9929707980675
123,1000,134325,-21.445967557823195
123,1001,134438,-266.14425302577877
123,1002,134554,-3.1434117813271456
123,1003,134679,-562.5026064845958
123,1004,134916,-352.72197412708255
123,1005,135079,-582.8572050397655
123,1006,135251,-380.9137929829722
123,1007,135403,-518.6180852709551
123,1008,135533,-196.15032861276399
123,1009,135662,-245.21657354375023
123,1010,135877,-594.210611634087
123,1011,135987,-353.61927614949184
123,1012,136202,-465.60020542220263
123,1013,136345,-463.73550137335945
123,1014,136491,-599.2243902314968
123,1015,136572,-175.8039094939057
123,1016,136719,-27.578260010148625
123,1017,136816,-280.5933083953077
123,1018,136951,-183.81101270351243
123,1019,137156,-330.8049718368379
123,1020,137280,-203.7792384733851
123,1021,137372,-287.44537598228703
123,1022,137507,-264.0392179456243
123,1023,137592,-341.09456542924204
123,1024,137684,-326.06399070383634
123,1025,137758,-85.45567034892872
123,1026,137860,11.916849363837073
123,1027,137990,-258.9366045736624
123,1028,138110,-437.24315116165945
123,1029,138225,-171.18375112028974
123,1030,138308,-254.08749226235784
123,1031,138506,-375.35899760553275
123,1032,138639,-413.8303825741702
123,1033,138739,-328.85188697265573
123,1034,138875,-258.459281802089
123,1035,138968,-486.26605779767306
123,1036,139111,-254.27885929151958
123,1037,139212,-295.20924557882995
123,1038,139319,-370.3481341644276
123,1039,139461,-377.84411036386973
123,1040,139532,-98.68229801114501
123,1041,139691,-279.591444397735
123,1042,139825,-48.446688302431134
123,1043,139938,-146.40337780639078
123,1044,140040,-277.1708916968148
123,1045,140225,-118.1453666350711
123,1046,140329,-508.69886653352535
123,1047,140410,-359.16030018608535
123,1048,140609,-191.2706532268603
123,1049,140783,-594.1008663370033
123,1050,140887,-59.885570288143924
123,1051,141020,-498.29450165914216
123,1052,141108,-325.7466157712772
123,1053,141248,-493.0938501411755
123,1054,141389,-58.912416888340886
123,1055,141531,-657.8133788998573
123,1056,141649,-282.0038144213634
123,1057,141763,-320.37692824130477
123,1058,141912,13.19893254912273
123,1059,142070,-97.5344884723457
123,1060,142168,-160.45971055369728
123,1061,142317,-164.3056230747957
123,1062,142428,-272.7027650944925
123,1063,142583,-574.9404474371711
123,1064,142685,-464.299433545991
123,1065,142806,-148.02334025910676
123,1066,142981,-516.3848198417809
123,1067,143127,-462.48040531017296
123,1068,143254,-272.8749680084854
123,1069,143409,-425.090466531999
123,1070,143498,-68.51771091415469
123,1071,143593,-73.12341394043105
123,1072,143730,7.756205860783126
123,1073,143820,-468.3425455125621
123,1074,143976,-492.10909601991483
123,1075,144149,-582.12337012947
123,1076,144240,-364.9722572554435
123,1077,144369,-520.9027399514736
123,1078,144554,-560.1903458864249
123,1079,144636,-405.4514513734448
123,1080,144807,-191.70808223083816
123,1081,144971,-600.4603069947291
123,1082,145077,-249.91331192886236
123,1083,145170,-262.9213123363161
123,1084,145331,-611.1346877574788
123,1085,145533,-503.9141329958135
123,1086,145627,-84.35914106530215
123,1087,145779,-510.50098189175213
123,1088,145868,-393.47114268449485
123,1089,146001,-544.2392100533103
123,1090,146156,-288.91618874756165
123,1091,146270,-185.43674686057872
123,1092,146866,-376.62660411875464
123,1093,147067,-337.8625712810085
123,1094,147150,-97.85408164176825
123,1095,147257,-321.6172337939884
123,1096,147364,-304.1660039981819
123,1097,147446,-25.5695891059451
123,1098,147531,-321.6157593937827
123,1099,147631,-395.8616894636552
123,1100,147708,-435.12690942870347
123,1101,147792,-298.76835871648825
123,1102,147881,-76.80779610888916
123,1103,147987,-24.76230110836819
123,1104,148109,-460.01584820089414
123,1105,148249,-388.1687154142883
123,1106,148409,-400.68469135564743
123,1107,148496,-410.28777361653084
123,1108,148592,-257.3908842012571
123,1109,148695,-166.57970090274225
123,1110,148835,-352.0223580863942
123,1111,148931,-104.01237174226645
123,1112,149075,-174.83985047232346
123,1113,149172,-171.7038976784197
123,1114,149289,-133.48150635651604
123,1115,149383,-180.828937865794
123,1116,149487,-110.75448262668033
123,1117,149584,-239.54546505516342
123,1118,149675,-268.72555781156666
123,1119,149772,-162.43106325063115
123,1120,150111,-359.2359539438034
123,1121,150281,-283.79786161632353
123,1122,150438,-228.15347209908057
123,1123,150530,-242.93557550755912
123,1124,150719,-411.0528612539683
123,1125,150853,-678.4994766378286
123,1126,150991,-692.3500226638274
123,1127,151110,-397.711550884918
123,1128,151243,-658.9243370212022
123,1129,151351,-410.4971457135914
123,1130,151468,-516.1755081328938
123,1131,151542,-473.3760373049198
123,1132,151734,-717.1608532433739
123,1133,151917,-470.3214905360317
123,1134,152130,-595.9483172578118
123,1135,152214,-353.6947580966979
123,1136,152322,-337.6806720191048
123,1137,152457,-465.69036984440635
123,1138,152538,-309.88261438988985
123,1139,152640,-244.3070144034812
123,1140,152796,-614.4900077437538
123,1141,152896,-238.01950710544324
123,1142,153021,-214.46078848605663
123,1143,153220,-18.948262002483645
123,1144,153391,-458.197773089153
123,1145,153472,-186.42922416617728
123,1146,153573,-341.3175015451626
123,1147,153670,-54.21970735491065
123,1148,153766,-205.31098503965086
123,1149,153919,-366.07618608998206
123,1150,154034,-191.56676571828055
123,1151,154235,-436.46450714043755
123,1152,154373,-473.39050928109276
123,1153,154605,-310.90276790838624
123,1154,154780,-299.57435780534274
123,1155,154878,-385.11493464411853
123,1156,154974,-339.96616651676237
123,1157,155075,-23.166446416583952
123,1158,155176,-79.76551244410149
123,1159,155312,-365.706434879884
123,1160,155506,-167.74364618202844
123,1161,155729,-613.668033667136
123,1162,155838,-259.7532838489804
123,1163,155981,-278.33107932410536
123,1164,156083,-168.81666844107616
123,1165,156186,-169.05232737916992
123,1166,156321,-455.5284385240141
123,1167,156418,-274.83315252034697
123,1168,156579,-265.94037413895876
123,1169,156740,-533.6270697713867
123,1170,156857,-512.6331668661446
123,1171,156976,-303.7105968937861
123,1172,157091,-92.50797218479927
123,1173,157216,-209.87375324650034
123,1174,157314,-171.38463872522888
123,1175,157430,-289.49075945198376
123,1176,157500,-70.22710992355297
123,1177,157584,-52.33932881600177
123,1178,157717,-282.4457013722366
123,1179,157845,-280.10436242877364
123,1180,158010,-290.1097987531591
123,1181,158233,-265.7450706408139
123,1182,158363,-516.9422177290106
123,1183,158488,-87.09472523274795
123,1184,159401,-314.15015591609415
123,1185,159539,-106.20388093444645
123,1186,159678,-273.994014228011
123,1187,159804,-163.6863652276936
123,1188,160028,-299.5175740059833
123,1189,160235,-252.11353847160038
123,1190,160389,-375.31161103503246
123,1191,160532,-301.7229381203262
123,1192,160712,-392.2211263136712
123,1193,160794,-96.76077546104918
123,1194,160957,-344.72531076175005
123,1195,161124,-239.13317528778776
123,1196,161234,-112.64723790756474
123,1197,161419,-220.13012323434515
123,1198,161620,-408.0620908151341
123,1199,161811,-50.53949005467351
123,1200,161905,-351.0317259449205
123,1201,162080,-4.691010537390014
123,1202,162172,-279.502192697752
123,1203,162412,-326.1167131986384
123,1204,162593,-445.16830324526535
123,1205,162735,-273.42033988592084
123,1206,162886,-529.6510294664622
123,1207,163017,-417.41876678598953
123,1208,163197,-88.65576898464559
123,1209,163302,-201.2082143600122
123,1210,163420,-421.79829547555903
123,1211,163513,-46.51751366101458
123,1212,163619,-36.07353012072473
123,1213,163710,-395.5248219165481
123,1214,163819,-384.1383086133773
123,1215,163926,-329.3684762707352
123,1216,164009,-480.15807734571405
123,1217,164187,-435.16640984868496
123,1218,164315,-202.79089483236777
123,1219,164440,-234.84222266065294
123,1220,164541,-195.27000589653215
123,1221,164641,-259.43944705849543
123,1222,164824,-283.87855821824246
123,1223,164938,-188.64476182314422
123,1224,165128,-412.65896161843585
123,1225,165293,-309.33602833368207
123,1226,165379,-88.41265943035208
123,1227,165612,-140.33012642184514
123,1228,165764,-249.63102517901154
123,1229,165853,-112.40922216794108
123,1230,166020,-398.78865765730416
123,1231,166166,-407.73696578166374
123,1232,166245,-139.21473274009924
123,1233,166337,-290.580414570989
123,1234,166465,-196.774827117328
123,1235,166575,-348.8047805710455
123,1236,166684,-209.17359064677515
123,1237,166790,-357.23630926010867
123,1238,166966,-522.9197077586578
123,1239,167255,-588.4530822945949
123,1240,167326,-71.08534279802113
123,1241,167417,-62.04859083299899
123,1242,167609,-431.0306348171108
123,1243,167796,-126.93642074713043
123,1244,167954,-602.385257884338
123,1245,168092,-484.20406201621853
123,1246,168254,-171.18397621882386
123,1247,168393,-262.4449983208251
123,1248,168525,-330.9976322157005
123,1249,168737,-175.19517994038551
123,1250,168889,-251.08657563786772
123,1251,169087,-360.10786889982836
123,1252,169194,-12.106176605124233
123,1253,169277,-117.39695778290832
123,1254,169462,-466.68449322018284
123,1255,169634,-294.3667218353231
123,1256,169738,-454.92215475248753
123,1257,169918,-356.89123282651275
123,1258,170053,-425.5053855829675
123,1259,170291,-306.0609636837785
123,1260,170388,-209.3613244891449
123,1261,170552,-45.29175427867098
123,1262,170630,-449.3146249771001
123,1263,170716,-505.4668400430157
123,1264,170799,-44.837577390272436
123,1265,170908,-461.3521269137059
123,1266,171020,-278.1764111871548
123,1267,171164,-294.3478103461137
123,1268,171271,-411.83889515630386
123,1269,171381,-106.93972198527283
123,1270,171511,-282.7376588355585
123,1271,171649,-469.2713013065779
123,1272,171751,-320.95917294822175
123,1273,171849,-52.818510885831905
123,1274,172008,-632.3248985732793
123,1275,172152,-1.8037263777548844
123,1276,172283,-210.57154005368773
123,1277,172375,-398.14396233726706
123,1278,172544,-602.3242190305695
123,1279,172824,-292.8612765740529
123,1280,173032,-383.6357050534642
123,1281,173141,16.666847976929148
123,1282,173480,-607.880711882799
123,1283,173680,-248.48246502469271
123,1284,173854,-482.93874217000445
123,1285,174021,-374.42479309726065
123,1286,174117,-156.21517290640384
123,1287,174314,-508.65096971297254
123,1288,174542,-106.98632287504303
123,1289,174678,-327.689675908551
123,1290,174774,-231.7149528283404
123,1291,174911,-347.6521208973929
123,1292,175018,-103.55467817678407
123,1293,175089,-118.1932592903031
123,1294,175185,-101.90706147278071
123,1295,175279,-48.72180795945651
123,1296,175387,-478.4976278221064
123,1297,175491,-209.81570811304408
123,1298,175575,-356.3930235797441
123,1299,175721,-249.2017455824962
123,1300,175897,-350.7149125797612
123,1301,175987,-76.47900868949183
123,1302,176106,-185.85687802282166
123,1303,176209,-26.448420371290425
123,1304,176291,-65.98604435832269
123,1305,176401,-69.4809272436135
123,1306,176534,-179.06520423628055
123,1307,176660,-373.2212659057095
123,1308,176738,-42.315676571604186
123,1309,176908,-354.0005714930337
123,1310,177034,-67.0099121270553
123,1311,177141,-187.7282806677001
123,1312,177235,-211.42466615795237
123,1313,177468,-492.497293617673
123,1314,177594,-144.17571192023934
123,1315,177722,-61.381333931206576
123,1316,177862,-557.5451392474915
123,1317,178069,-333.03378600048916
123,1318,178214,-492.75831557013345
123,1319,178339,-396.9286225235761
123,1320,178458,-359.75008662546867
123,1321,178635,-442.42247685255063
123,1322,178778,-586.0924244554062
123,1323,178929,-548.9402296574165
123,1324,179040,-253.7913300899259
123,1325,179130,-41.051111728158
123,1326,179275,-630.7288181182355
123,1327,179388,-380.2473919228678
123,1328,179535,-387.9753191254889
123,1329,179643,-94.67231144637618
123,1330,179880,-587.6839445736019
123,1331,180016,-531.3654542722127
123,1332,180132,-215.20648651137395
123,1333,180256,-80.73339702430552
123,1334,180522,-306.4730820057638
123,1335,180696,-611.9448554124532
123,1336,180866,-367.67623896944406
123,1337,180967,-387.4547417379078
123,1338,181082,-13.477470902791254
123,1339,181254,-434.9859604340749
123,1340,181447,-243.41137772984985
123,1341,181696,-387.88182854149306
123,1342,181847,-203.18081232609396
123,1343,182057,-441.4931927577804
123,1344,182194,-282.57354327059477
123,1345,182346,-391.3494664475126
123,1346,182478,-370.90282675461856
123,1347,182638,-624.6547084048312
123,1348,182843,-499.0398704618469
123,1349,183030,-530.0531394854206
123,1350,183200,-260.57771023988676
123,1351,183307,-146.00983803608491
123,1352,183425,-371.8706020844197
123,1353,183542,-381.5277157598519
123,1354,183739,-243.59226290181905
123,1355,183815,-122.84052124052305
123,1356,183965,-89.18201750845795
123,1357,184112,-124.04800501009302
123,1358,184204,-80.4038234221396
123,1359,184296,-17.192657363806646
123,1360,184476,-231.42612125286027
123,1361,184598,-229.81669572190526
123,1362,184731,-63.13859199677753
123,1363,184958,-662.2399299534403
123,1364,185155,-43.22623783965554
123,1365,185318,-335.81759586051334
123,1366,185583,-398.32953975355576
123,1367,185707,-5.0263446793381945
123,1368,185848,-290.89359905509383
123,1369,186173,-562.6902781795794
123,1370,186385,-474.2505117576569
123,1371,186525,-181.83326063390086
123,1372,186617,-269.5695367911984
123,1373,186824,-530.9969241432179
123,1374,186981,-322.036794236835
123,1375,187126,-467.8495713245949
123,1376,187435,-341.0671881314379
123,1377,187613,-503.1800494317968
123,1378,187759,-376.0239068893361
123,1379,187943,-297.57426783017206
123,1380,188070,-176.2451821936454
123,1381,188267,-241.29426412999436
123,1382,188451,-425.3098504662046
123,1383,188646,-156.74689068479023
123,1384,188754,-201.17053664442295
123,1385,188884,-563.5719859904073
123,1386,188967,-179.45233836543133
123,1387,189110,-511.7228234647755
123,1388,189363,-189.73451140194663
123,1389,189505,-506.62781178063756
123,1390,189653,-392.530772274947
123,1391,189812,-495.0409866748139
123,1392,189906,-268.6480409399527
123,1393,189998,-364.4695970410765
123,1394,190163,-325.88074896897456
123,1395,190266,-391.20339394722737
123,1396,190381,-251.10741000360596
123,1397,190464,-256.5985841900828
123,1398,190590,-487.0310842534438
123,1399,190687,-105.67695559342505
123,1400,190846,-222.63725568354113
123,1401,190920,-252.81677976007012
123,1402,191004,-254.433431972395
123,1403,191083,-217.76924265923907
123,1404,191170,3.941484252935581
123,1405,191277,-186.9005340422829
123,1406,191357,-73.5142764391818
123,1407,191432,-200.41008438924686
123,1408,191580,-185.85625554717137
123,1409,191698,-111.15387413093408
123,1410,191803,-254.4072566136895
123,1411,191968,-104.26609902405937
123,1412,192082,-175.24954652265959
123,1413,192210,-67.18182187589485
123,1414,192319,-441.5362068649717
123,1415,192446,-484.241307681924
123,1416,192590,-459.14596997179666
123,1417,192709,-401.4736143643479
123,1418,192798,-260.16809860126614
123,1419,192884,-120.84070969559008
123,1420,193011,-93.76653763902208
123,1421,193104,-344.006141108639
123,1422,193197,-115.66387913394126
123,1423,193336,-73.69863567449143
123,1424,193495,-166.77852348794147
123,1425,193593,-105.14791000083427
123,1426,193746,-124.02973943856978
123,1427,193908,-284.96105084283636
123,1428,194103,-479.68031728517906
123,1429,194263,-186.368354322913
123,1430,194452,-397.66500551023086
123,1431,194617,-361.78065470756286
123,1432,194941,-554.1948496133369
123,1433,195065,-220.04419964179777
123,1434,195186,-128.3531374691102
123,1435,195314,-48.98248453895857
123,1436,195502,-224.25901746931044
123,1437,195627,-342.3693974648044
123,1438,195734,-36.03934408684075
123,1439,195866,-88.7715382244219
123,1440,195950,-54.89972597172958
123,1441,196160,-249.20162456646116
123,1442,196300,-463.12976929919114
123,1443,196411,-198.40020694991705
123,1444,196589,-365.8402420893822
123,1445,196787,-410.10874041396534
123,1446,196947,-586.9284369544893
123,1447,197140,-266.1191365999224
123,1448,197294,-189.07936375712052
123,1449,197470,-234.92119556225592
123,1450,197671,-200.0907683185016
123,1451,197870,-202.48930643785107
123,1452,198080,-572.366262212929
123,1453,198301,-627.9043152984741
123,1454,198439,-507.2957646148861
123,1455,198567,-571.2217950524424
123,1456,198822,-694.6522272101686
123,1457,199030,-477.57126019744976
123,1458,199144,-359.2763384193229
123,1459,199318,-356.45735928963063
123,1460,199533,-448.60423692674186
123,1461,199815,-811.6861449523348
123,1462,200023,-406.0173813739731
123,1463,200351,-708.2083861287811
123,1464,200508,-526.2233881706977
123,1465,200789,-616.8835490713741
123,1466,200985,-323.41808238278384
123,1467,201138,-163.86632991416047
123,1468,201247,-190.75880543901488
123,1469,201479,-414.2623798635604
123,1470,201651,-466.7853021022898
123,1471,201789,-188.54589581151635
123,1472,201961,-589.4645915491756
123,1473,202150,-265.78576460336046
123,1474,202355,-111.18404206393714
123,1475,202480,-350.5474644461402
123,1476,202577,-176.5905749045125
123,1477,202705,-520.7879916301476
123,1478,202866,-399.1062778507804
123,1479,202967,-57.59875716448806
123,1480,203054,-84.57282673650352
123,1481,203204,-179.3555027789472
123,1482,203318,-103.10467348045573
123,1483,203551,-352.47194241097407
123,1484,203642,-129.9418091973448
123,1485,203800,-12.213207306160214
123,1486,203910,-97.50490482918731
123,1487,204133,-217.10264280271645
123,1488,204264,-195.49595562849305
123,1489,204364,-16.844263320505917
123,1490,204508,-250.70000567457595
123,1491,204649,-235.2076492378354
123,1492,204872,-298.99860491070126
123,1493,204956,-118.31643316599549
123,1494,205206,-443.63434207388406
123,1495,205313,-550.3166636267404
123,1496,205526,-462.49503805323786
123,1497,205797,-657.030159121921
123,1498,205956,-393.7062263492082
123,1499,206077,-266.92869387154053
123,1500,206215,-438.2369210939796
123,1501,206423,-664.0329932886567
123,1502,206586,-491.60849048832495
123,1503,206716,-258.48803776433783
123,1504,206857,-529.368933727727
123,1505,206962,-58.46888609449331
123,1506,207074,-72.88206578319819
123,1507,207166,-72.85476888405461
123,1508,207282,-246.18146629555628
123,1509,207404,-271.875628243987
123,1510,207545,-183.89042789882615
123,1511,207664,-327.6144118981614
123,1512,207802,-564.0257751457133
123,1513,207978,-284.7219607353587
123,1514,208176,-418.5524255582489
123,1515,208277,-48.69296673146922
123,1516,208465,-497.223238161525
123,1517,208550,-311.3382668295032
123,1518,208658,-369.3246594602896
123,1519,208841,-370.44538470499987
123,1520,209005,-2.9868435293459896
123,1521,209286,-447.49510629360833
123,1522,209464,-539.2747708935348
123,1523,209719,-356.6534020022647
123,1524,209880,-141.2839531674215
123,1525,209997,-90.59162124710075
123,1526,210170,-482.9728832538838
123,1527,210511,-286.1534162816106
123,1528,210675,-163.47928699981085
123,1529,210819,-505.6464072767808
123,1530,210924,-681.3722667442782
123,1531,211014,-307.1429018712332
123,1532,211150,-603.1210953743443
123,1533,211271,-455.5079144411061
123,1534,211367,-64.61016939950592
123,1535,211452,-387.1788243007718
123,1536,211604,-209.80967476851265
123,1537,211702,-32.940216094776346
123,1538,211787,-48.14968031610722
123,1539,211898,-309.95666286505025
123,1540,212089,-219.59683088682448
123,1541,212302,-226.8015276415277
123,1542,212418,-1.8319811356376619
123,1543,212510,-45.90144936261139
123,1544,212651,-287.0521524828139
123,1545,212786,-32.965728981555756
123,1546,212921,-478.6852035741352
123,1547,213142,-573.277350546545
123,1548,213242,-453.26191788953844
123,1549,213351,-122.61324766745811
123,1550,213504,-72.39442403025893
123,1551,213758,-420.5603272113808
123,1552,213902,-104.48672197044613
123,1553,214077,-594.3792833843304
123,1554,214212,-381.15057949343856
123,1555,214941,-426.7113894101533
123,1556,215212,-654.8897197532332
123,1557,215384,-540.0115965900233
123,1558,215589,-284.61023746865624
123,1559,215737,-268.56267414107253
123,1560,215880,-83.95662887394425
123,1561,215994,-108.57536196455159
123,1562,216296,-250.48554684694093
123,1563,216400,-98.04188177178844
123,1564,216549,-359.8065489841087
123,1565,216687,-314.339547563249
123,1566,216894,-383.1919120317769
123,1567,217020,-60.005201083061436
123,1568,217159,-65.48984122899077
123,1569,217323,-444.78341016516316
123,1570,217454,-83.49500650572136
123,1571,217594,-321.658553653763
123,1572,217840,-323.46707454099817
123,1573,218046,-578.9454078382907
123,1574,218187,-343.3000356336662
123,1575,218324,-315.8779037857849
123,1576,218493,-246.73032968211916
123,1577,218646,-305.91161137651466
123,1578,218826,-358.0602890047828
123,1579,218967,-109.42265654823832
123,1580,219091,-153.8137488012503
123,1581,219206,-275.83113634722895
123,1582,219335,14.040132779171557
123,1583,219445,-246.80153893197055
123,1584,219575,-215.86920875178646
123,1585,219678,-61.955002946858976
123,1586,219770,-218.18623535288913
123,1587,219931,-298.6231242051205
123,1588,220104,-185.52217270328043
123,1589,220348,-308.86047508825425
123,1590,220502,-29.937763226448837
123,1591,220575,-24.434238469979334
123,1592,220702,-194.13478780081562
123,1593,221148,-163.82961434633694
123,1594,221262,-136.54891987216703
123,1595,221403,-655.5800672926088
123,1596,221551,-364.1868125668608
123,1597,221685,-163.91857203388847
123,1598,221847,-260.53007092693844
123,1599,222102,-547.6159707716292
123,1600,222183,-307.75109577954504
123,1601,222333,-370.03670267464076
123,1602,222625,-740.9008960103207
123,1603,222797,-256.1570389574108
123,1604,222932,-526.3075039893599
123,1605,223134,-514.6019029485833
123,1606,223252,-226.8994044162358
123,1607,223390,-456.3965461392094
123,1608,223497,-398.3411854587709
123,1609,223729,-445.60690004922674
123,1610,223936,-439.7430624511144
123,1611,224167,-438.10054790935226
123,1612,224254,-111.67632476507816
123,1613,224359,-361.9273906863089
123,1614,224478,-2.074280771906274
123,1615,224745,-403.5465628206586
123,1616,224933,-554.7353500485076
123,1617,225049,-112.12665788914526
123,1618,225214,-499.71474277473055
123,1619,225366,-355.98230633508956
123,1620,225492,-21.940339625522583
123,1621,225617,-88.09055895954012
123,1622,225740,-293.37064956978895
123,1623,225843,-266.15227334150205
123,1624,226105,-506.4722678259542
123,1625,226258,-227.71691623351185
123,1626,226470,-230.89476774860202
123,1627,226560,-236.28647965728717
123,1628,226688,-64.02021234230709
123,1629,226868,-252.31543173201214
123,1630,227018,-185.0366004458843
123,1631,227158,-529.1054275272779
123,1632,227274,-176.99384111959952
123,1633,227377,-104.67750432954429
123,1634,227480,-101.26458055126616
123,1635,227568,-52.35911169213613
123,1636,227672,-201.9202416576927
123,1637,227835,-479.058834279189
123,1638,228055,-172.675949705176
123,1639,228184,-303.2099194121814
123,1640,228289,-186.00167831156796
123,1641,228448,-167.7375350730432
123,1642,228543,-79.3627795988059
123,1643,228784,-264.6000803944891
123,1644,228887,5.545341991970275
123,1645,229037,-303.7900469982482
123,1646,229123,-48.44995938116802
123,1647,229213,-318.82753751990754
123,1648,229307,-263.82385575086823
123,1649,229523,-302.1642870345312
123,1650,229609,-247.05458541469287
123,1651,229795,-353.53764695727807
123,1652,229960,-447.35456669162636
123,1653,230113,-113.32918015060933
123,1654,230253,-219.1098867086398
123,1655,230402,-281.1749126119526
123,1656,230486,-70.62740745103817
123,1657,230630,-130.55813639299288
123,1658,230779,-299.44351130874526
123,1659,231022,-288.03068002058785
123,1660,231194,-202.02514642048834
123,1661,231313,-121.0194766318285
123,1662,231490,-327.013128529538
123,1663,231776,-342.3598714854347
123,1664,231909,3.0736432546564316
123,1665,232073,-28.978052694518198
123,1666,232240,-435.18547567704684
123,1667,232338,-290.72844577977105
123,1668,232440,-165.80573646069115
123,1669,232580,-92.6528161796973
123,1670,232723,-287.6298120257736
123,1671,232866,-410.0805069608435
123,1672,233051,-587.6067409764089
123,1673,233176,-282.14701394102815
123,1674,233439,-812.2938708929822
123,1675,233650,-344.6027276739173
123,1676,233976,-355.53434601361454
123,1677,234184,-296.3727661840042
123,1678,234324,-276.87914516533164
123,1679,234477,-115.92492507777098
123,1680,234583,-394.405870291635
123,1681,234740,-1.570448548822256
123,1682,234878,-433.9445606759392
123,1683,234998,-483.8704139904549
123,1684,235119,-109.74303965890734
123,1685,235281,-271.14216209192233
123,1686,235429,-204.94511455334856
123,1687,235625,-360.0414817193386
123,1688,235756,-191.44656959905285
123,1689,235840,-75.60762946014984
123,1690,235974,-593.3952798375494
123,1691,236067,-96.26881466367409
123,1692,236193,-142.52865920530905
123,1693,236313,-162.07498873323382
123,1694,236579,-609.8367263889272
123,1695,237151,-329.63961968475786
123,1696,237356,-176.08100702882405
123,1697,237539,-454.35815500098033
123,1698,237684,-85.77577036711932
123,1699,237766,-51.87907784860691
123,1700,238015,-339.2129550695204
123,1701,238235,-511.86614017471834
123,1702,238356,-99.53166856668017
123,1703,238517,-350.68065113234616
123,1704,238665,39.18398122660483
123,1705,238778,-305.97745141541844
123,1706,238914,-16.153102537132497
123,1707,239068,-264.31877995945854
123,1708,239221,-541.9585665822829
123,1709,239440,-419.4456729351315
123,1710,239615,-383.5567781594801
123,1711,239719,-180.91349953974168
123,1712,239845,-637.3829739492797
123,1713,239979,-364.48734526101236
123,1714,240217,-427.1404601391432
123,1715,240428,-600.2332250106874
123,1716,240709,-239.20234573951234
123,1717,240853,-479.533250835599
123,1718,240988,-267.61769780312216
123,1719,241101,-144.72269345529276
123,1720,241266,-244.6640976817748
123,1721,241473,-365.2668667706936
123,1722,241591,-28.372265131126795
123,1723,241657,-56.140416909942985
123,1724,241774,-32.30520630688554
123,1725,241933,-139.3577372511239
123,1726,242030,-242.12443945928058
123,1727,242158,-341.28056155630054
123,1728,242293,-480.27979221407793
123,1729,242410,-265.6952158211675
123,1730,242528,-320.3127920370928
123,1731,242653,-432.4300261286704
123,1732,242811,-460.998162410073
123,1733,242973,-363.54463163210426
123,1734,243137,-312.5027570215854
123,1735,243255,-154.70113898199827
123,1736,243473,-446.0371453264809
123,1737,243571,-353.22996561265563
123,1738,243661,-72.9783299293269
123,1739,243757,-53.38333732893466
123,1740,243894,-47.9279346485806
123,1741,244000,-359.14251865777226
123,1742,244094,-179.55018055430853
123,1743,244207,-78.79797569774567
123,1744,244311,-124.75562155930803
123,1745,244467,-57.91186074614926
123,1746,244634,-409.2136883237798
123,1747,244869,-324.10615591504427
123,1748,245012,-125.20831445265603
123,1749,245218,-246.6524748075536
123,1750,245406,-358.1068547800638
123,1751,245511,-237.47579969181817
123,1752,245651,12.018179753187496
123,1753,245831,-381.77424114005584
123,1754,246058,-424.10087630918656
123,1755,246167,-159.89533137313504
123,1756,246270,-277.91329371646873
123,1757,246391,-420.7137347115077
123,1758,246548,-412.8899620796289
123,1759,246692,-558.1409619911813
123,1760,246845,-428.0420901989219
123,1761,247066,-362.2680255149682
123,1762,247188,-615.2236877130096
123,1763,247302,-568.4041714683553
123,1764,247479,-242.30595453774566
123,1765,247868,-700.9223872712216
123,1766,248042,-379.39923838822045
123,1767,248321,-812.0499400252015
123,1768,248446,-615.97744922152
123,1769,248649,-630.2488139955783
123,1770,248788,-80.4366096559719
123,1771,249053,-601.0489982821055
123,1772,249144,-22.604619061253175
123,1773,249292,-557.2123560867371
123,1774,249519,-250.83947150037807
123,1775,249752,-623.3209631238637
123,1776,249892,-141.25607343204547
123,1777,250542,-391.321948882776
123,1778,250684,-105.04754026511836
123,1779,250799,-252.5069331086651
123,1780,251184,-596.9393754226926
123,1781,251418,-268.4955926903888
123,1782,251734,-223.4883151259703
123,1783,251916,-82.08088474405699
123,1784,252054,-507.690199101559
123,1785,252166,-120.52522410109367
123,1786,252344,-454.6291418368109
123,1787,252460,-320.84162293772056
123,1788,252682,-54.882732869665595
123,1789,252798,-329.40860359413455
123,1790,252941,-284.9600716727992
123,1791,253102,-335.9127098742749
123,1792,253214,-298.7233926004425
123,1793,253324,-167.09745293171534
123,1794,253519,-596.7391732738351
123,1795,253633,-261.029283043482
123,1796,253818,-138.82618619218727
123,1797,253981,-126.42237516120676
123,1798,254057,-98.27314213572225
123,1799,254284,-111.41656816741059
123,1800,254654,-356.2573934173732
123,1801,254845,-241.5993077475848
123,1802,255064,-374.401971667573
123,1803,255202,-603.3606679331574
123,1804,255364,-355.06034896532947
123,1805,255504,-310.15569349796453
123,1806,255613,-261.61424759794147
123,1807,255782,-303.88543102813753
123,1808,255890,-175.8829577316174
123,1809,256040,-400.16487397614543
123,1810,256166,-412.575043271819
123,1811,256244,-96.48654840613537
123,1812,256388,-697.0625503236972
123,1813,256552,-375.7579135046068
123,1814,256663,-422.44548000156055
123,1815,256783,-419.9601386399487
123,1816,256913,-553.6697079500273
123,1817,257073,9.645979265279024
123,1818,257195,-355.4100197184349
123,1819,257274,-48.005330359091964
123,1820,257381,-228.2214255954825
123,1821,257601,-400.13363240147805
123,1822,257709,-207.4564024125695
123,1823,257840,-396.37949530629794
123,1824,257931,-53.98985848505596
123,1825,258031,-171.81507597696856
123,1826,258136,-272.5370784267427
123,1827,258247,-213.63686111496747
123,1828,258357,-292.5924247750779
123,1829,258494,-148.76013749838313
123,1830,258610,-245.4656270713232
123,1831,258699,-87.07696533433388
123,1832,258787,-148.57027030286847
123,1833,258931,-4.063234784875348
123,1834,259095,-351.9901084094835
123,1835,259198,-464.9021524754961
123,1836,259308,-377.2032630533492
123,1837,259412,-233.81855483917505
123,1838,259552,-418.52714117080757
123,1839,259653,-95.52081400987943
123,1840,259772,-356.7439585895876
123,1841,259955,-173.40445647858417
123,1842,260151,-100.93420756511395
123,1843,260299,-300.0956662276216
123,1844,260455,-172.5119445315719
123,1845,260719,-596.2762736140781
123,1846,260923,-462.62538521169387
123,1847,261060,-486.14471527559033
123,1848,261299,-534.43346961205
123,1849,261439,-471.29092434541724
123,1850,261670,-486.535807142076
123,1851,261811,-487.6663032348047
123,1852,262016,-130.94596275472176
123,1853,262242,-634.7796729362742
123,1854,262391,-62.65151505482157
123,1855,262670,-310.26036945091244
123,1856,262799,-223.2396610543397
123,1857,262968,-529.9038853365059
123,1858,263079,-416.9450750126549
123,1859,263235,-336.20508378866225
123,1860,263328,-258.5993318519236
123,1861,263494,-255.5525809246995
123,1862,263581,-98.52187626895669
123,1863,263824,-516.6961598229673
123,1864,264006,-383.29295583299955
123,1865,264136,-276.04950647563453
123,1866,264320,-278.2496874244815
123,1867,264480,-43.362843490730256
123,1868,264622,-274.95384601364236
123,1869,264756,-38.944258054454366
123,1870,264908,-530.1853355627338
123,1871,265075,-319.50690136350914
123,1872,265297,-378.414652227234
123,1873,265506,-343.85096765290643
123,1874,265736,-302.2146924568767
123,1875,265855,-50.9184254645153
123,1876,265968,-307.6043634240205
123,1877,266116,-59.78918749464261
123,1878,266312,-379.0595651557762
123,1879,266486,-329.46756173818346
123,1880,266677,-351.1760681671708
123,1881,266787,-143.59389992617002
123,1882,266890,-101.81290155252711
123,1883,267038,-287.9991469769405
123,1884,267194,-375.96002624243687
123,1885,267386,-573.2605227496963
123,1886,267522,-409.00160982673344
123,1887,267880,-654.6541990558932
123,1888,268092,-322.8278651122321
123,1889,268201,-129.22115364649514
123,1890,268323,-486.922526234305
123,1891,268491,-316.06368987156395
123,1892,268610,-277.7338348569563
123,1893,268762,-272.4044671215572
123,1894,268855,-115.29298028516942
123,1895,269097,-334.6988301538526
123,1896,269292,-117.47342901667126
123,1897,269484,-129.32725500201647
123,1898,269705,-523.9722924034136
123,1899,269813,-223.64069155531578
123,1900,269937,-90.07557043630923
123,1901,270110,-394.3335859240626
123,1902,270247,-78.67985541764276
123,1903,270366,-36.20190433334897
123,1904,270501,-107.35462960404305
123,1905,270590,-125.07238319680377
123,1906,270714,-303.09284743494607
123,1907,270826,-72.44977664762754
123,1908,270955,-441.78161988903867
123,1909,271182,-335.4606830476347
123,1910,271314,-292.2007583086654
123,1911,271441,-243.72047895226652
123,1912,271600,-183.83198648287228
123,1913,271824,-298.3798485894308
123,1914,272067,-526.6045811234568
123,1915,272181,-56.91188926150067
123,1916,272320,-98.77737682118794
123,1917,272485,-488.04706587853855
123,1918,272620,-167.86190292738814
123,1919,272869,-209.88659121791014
123,1920,273005,-6.849358431561143
123,1921,273152,-286.3166200375223
123,1922,273278,-334.81604735057
123,1923,273470,-697.0530772462597
123,1924,273580,-122.24863326116503
123,1925,273677,-331.12239517829113
123,1926,273818,-430.10093151501275
123,1927,273955,-311.01429288380103
123,1928,274242,-393.9798239720574
123,1929,274546,-579.6318968349831
123,1930,274923,-693.7229042051761
123,1931,275132,-470.63553895704734
123,1932,275335,-535.1306447502808
123,1933,275448,-225.45530136382393
123,1934,275544,-463.25675585269903
123,1935,275662,-15.889956090541645
123,1936,275880,-555.2367128187103
123,1937,276055,-321.26702121890554
123,1938,276220,-393.2001830505904
123,1939,276373,-94.65226794951282
123,1940,276512,-58.5423803049672
123,1941,276663,-83.15240135148679
123,1942,276816,-138.233428131081
123,1943,276913,-69.29183364035778
123,1944,276996,-112.16951162420386
123,1945,277126,-286.71258428980417
123,1946,277207,-211.32760096987107
123,1947,277321,-245.1130173206548
123,1948,277457,-279.0325775582563
123,1949,277558,-172.27866741981038
123,1950,277634,-53.6942662558718
123,1951,277768,-87.34707669547291
123,1952,277864,-241.91810978321172
123,1953,277987,44.147150006151946
123,1954,278181,-313.3060685779592
123,1955,278296,-164.319918200174
123,1956,278469,-267.36013748746905
123,1957,278599,-405.7230141168615
123,1958,278718,-267.57707061297515
123,1959,278862,-520.6392813348388
123,1960,279152,-446.9698683432078
123,1961,279269,-231.2718015166233
123,1962,279567,-300.7660938148015
123,1963,279840,-683.1821133851668
123,1964,280072,-442.68276729068606
123,1965,280321,-306.8670482514341
123,1966,280451,-193.56761364641375
123,1967,280545,-192.70855170525067
123,1968,280659,-174.0529926781507
123,1969,280904,-340.3432303279291
123,1970,281058,-312.9483574389206
123,1971,281172,-234.33772592211903
123,1972,281303,-491.5891309315979
123,1973,281516,-339.8568180349127
123,1974,281633,-165.96399200769122
123,1975,281918,-723.2528789163688
123,1976,282069,-398.82557984716635
123,1977,282243,-308.57097093132415
123,1978,282630,-336.230394161316
123,1979,282789,-164.4180184114755
123,1980,282984,-204.9176532838621
123,1981,283351,-657.014034522008
123,1982,283468,-22.68208279254739
123,1983,283580,-145.66662077307961
123,1984,283793,-330.2473557676851
123,1985,283954,-316.66646115166316
123,1986,284113,-340.92752829583395
123,1987,284213,-78.28254602801431
123,1988,284311,-152.9013287823817
123,1989,284450,-44.42458727545559
123,1990,284681,-326.13996623522905
123,1991,284837,-458.481698419413
123,1992,284939,-93.10822374993177
123,1993,285077,-385.8791365999387
123,1994,285320,-306.85749559687895
123,1995,285534,-331.3815806375296
123,1996,285834,-517.1118198102959
123,1997,285979,-73.38538561041064
123,1998,286117,-402.9544780118371
123,1999,286258,-385.2455687892282
123,2000,286362,-35.85176145800075
123,2001,286524,-243.23503064343976
123,2002,286661,-264.0266847207568
123,2003,286819,-88.21970867427139
123,2004,287009,-372.55532531485346
123,2005,287192,-395.9259642451014
123,2006,287337,-276.39760589598313
123,2007,287462,-38.53698330256207
123,2008,287578,-132.90574496448698
123,2009,287720,-364.3289625018737
123,2010,287906,-123.16184034958542
123,2011,288043,-31.35505075273636
123,2012,288170,-247.29983522164636
123,2013,288313,-229.14284730132923
123,2014,288489,-477.3388820276214
123,2015,288603,-349.1170205479604
123,2016,288704,-312.1323778407876
123,2017,289113,-419.1712753014268
123,2018,289268,-344.74259973451404
123,2019,289370,-185.34201407033635
123,2020,289555,-367.36516248478523
123,2021,289653,-98.29459735992653
123,2022,289859,-123.63622504638715
123,2023,290274,-300.8933176193585
123,2024,290417,-168.74871153116078
123,2025,290611,-309.06619503362464
123,2026,290895,-675.2631612251934
123,2027,291024,-243.47574444108798
123,2028,291165,-66.33179149670406
123,2029,291307,-427.0426538468014
123,2030,291445,-349.52378637675645
123,2031,291585,-52.46086229452223
123,2032,291689,-243.7260381416031
123,2033,291922,-669.4834488082746
123,2034,292047,-438.39839687257046
123,2035,292164,-41.25547766122739
123,2036,292493,-305.69493599166753
123,2037,292639,-365.3239506831288
123,2038,292835,-365.94765153093533
123,2039,293031,-330.6553097108879
123,2040,293120,-58.697180275025104
123,2041,293471,-454.1562844643141
123,2042,293601,19.01178528550713
123,2043,293801,-434.6788772549265
123,2044,294006,-534.3961671061794
123,2045,294099,-171.6015667662669
123,2046,294259,-380.8889476789202
123,2047,294356,-112.19508058730342
123,2048,294462,-291.49451798398553
123,2049,294747,-351.2473475455885
123,2050,294868,20.19306775320038
123,2051,294987,-275.1506255750645
123,2052,295184,-148.85027777219088
123,2053,295330,-220.93905476782373
123,2054,295426,-34.09411523334995
123,2055,295544,-309.99192129275775
123,2056,295663,-257.28432658364164
123,2057,295769,-250.52455178350186
123,2058,295860,-224.3271268825193
123,2059,296007,-107.97624789143572
123,2060,296124,-229.40034230617405
123,2061,296197,-79.78388497171142
123,2062,296329,-376.85246084328435
123,2063,296415,-263.165900929621
123,2064,296531,-106.6918251634272
123,2065,296717,-238.7723868568985
123,2066,296870,-145.605319338826
123,2067,297060,-323.7262604974129
123,2068,297166,-38.18537739401333
123,2069,297291,-93.17382288140195
123,2070,297378,-207.14929521778976
123,2071,297493,-455.23084569669476
123,2072,297584,-37.06963811384101
123,2073,297704,-609.8439631671436
123,2074,297921,-665.3114949897763
123,2075,298055,-299.4386859948236
123,2076,298153,-461.5547048595201
123,2077,298279,-423.72480321691853
123,2078,298370,13.724187769146269
123,2079,298478,-96.54534289793642
123,2080,298581,-253.74330284897906
123,2081,298730,-611.5374256756952
123,2082,298833,-264.5601008852623
123,2083,298957,-99.61462061635675
123,2084,299081,-437.42519961050857
123,2085,299178,-407.36676482430494
123,2086,299271,-270.31527303859355
123,2087,299376,-4.488717889489536
123,2088,299568,-336.3375181897883
123,2089,299722,-589.4201868955421
123,2090,299972,-704.0487583018399
123,2091,300206,-603.4372383970588
123,2092,300356,-189.65588358686148
123,2093,300723,-312.8495532319653
123,2094,300991,-353.98023864338137
123,2095,301103,-129.75575610445986
123,2096,301237,-169.9445595112446
123,2097,301382,-508.3188787678475
123,2098,301599,-367.5631964052374
123,2099,301832,-306.5518482645732
123,2100,302033,-420.07864666113784
123,2101,302273,-459.9652834033584
123,2102,302425,-216.50443932887174
123,2103,302637,-174.93876155225252
123,2104,302802,-261.3999916482565
123,2105,303030,-484.90427464979297
123,2106,303254,-239.51619236144458
123,2107,303405,-126.00911501552832
123,2108,303527,-322.8597171520299
123,2109,303782,-131.24540121441774
123,2110,303966,-302.1944207465477
123,2111,304074,-88.31506640033203
123,2112,304202,-74.09445871039637
123,2113,304397,-357.23064463317905
123,2114,304554,-342.09495820962354
123,2115,304706,-347.59564908473607
123,2116,304848,-114.84405794730013
123,2117,304979,-128.5717364447449
123,2118,305089,-153.6767463586145
123,2119,305218,-126.89233979163706
123,2120,305381,-434.4750854992649
123,2121,305474,-227.11988041194581
123,2122,305559,-151.26711184421936
123,2123,305804,-209.36767668231118
123,2124,305963,-298.858152455057
123,2125,306076,-227.43048577714256
123,2126,306212,-332.16089610690557
123,2127,306389,-404.5944663006876
123,2128,306655,-320.70127770259484
123,2129,306777,-168.7700264987921
123,2130,306952,-195.4201250609736
123,2131,307205,-419.8120442452305
123,2132,307298,-131.8643183787805
123,2133,307588,-213.41355638242374
123,2134,307727,-495.7898346230793
123,2135,307888,-242.74748252337017
123,2136,308109,-159.53852844795153
123,2137,308205,-254.65323547322035
123,2138,308304,-89.00994602882936
123,2139,308433,-141.7197898450514
123,2140,308616,-227.45793821878883
123,2141,308782,-93.68634292808622
123,2142,308896,-51.81762437998338
123,2143,308978,-170.81358209656122
123,2144,309158,-375.44273262827136
123,2145,309286,-311.8729722553594
123,2146,309373,-74.07949265481034
123,2147,309509,-165.15272030812486
123,2148,309677,-310.6894875080542
123,2149,309854,-186.63012973188265
123,2150,310098,-327.98565972812435
123,2151,310253,-200.33929666943675
123,2152,310374,-417.1270068349927
123,2153,310493,-553.5761443511908
123,2154,311135,-529.7436853528864
123,2155,311251,-325.90929166495073
123,2156,311378,-640.5434796306879
123,2157,311504,-405.6070800161168
123,2158,311670,-364.7041126318408
123,2159,311755,-116.1563602056115
123,2160,311945,-326.1649695790257
123,2161,312063,-422.8199527169802
123,2162,312205,-389.29929254779336
123,2163,312340,-234.39171120742768
123,2164,312459,-303.0035512850029
123,2165,312641,-191.70214631472214
123,2166,312766,-371.07475814945803
123,2167,312897,-69.77273748360419
123,2168,313109,-143.26540906609702
123,2169,313224,-92.73014724021853
123,2170,313303,-112.09193811634972
123,2171,313371,-32.05794479551419
123,2172,313519,14.960400759763274
123,2173,313656,-414.1324710507725
123,2174,313752,-208.36754104491934
123,2175,313870,-89.8533585215203
123,2176,313970,-291.43997103668227
123,2177,314103,-304.93401740073597
123,2178,314300,-66.14991863009325
123,2179,314486,-355.2975887609538
123,2180,314762,-298.49676443198234
123,2181,314971,-309.830888565652
123,2182,315203,-538.0026430337098
123,2183,315299,-84.98161320341761
123,2184,315398,-333.97059597083523
123,2185,315555,-249.43942560609895
123,2186,315662,-259.2263251504761
123,2187,315870,-451.95210117519383
123,2188,316034,-429.90554418909073
123,2189,316171,-433.0257582270736
123,2190,316372,-83.99867981207153
123,2191,316495,-8.092444982452676
123,2192,316574,-92.64312801745761
123,2193,316700,-181.31160798455804
123,2194,316884,-1.8023453821851518
123,2195,316979,-95.36088947980403
123,2196,317071,-281.29039076763377
123,2197,317185,-230.67373823112743
123,2198,317290,-254.9266778311919
123,2199,317491,-69.80481749529298
123,2200,317787,-270.2015110952301
123,2201,317980,-127.06106048927384
123,2202,318107,-430.92609930443666
123,2203,318263,-392.8241206868851
123,2204,318399,-213.45648756481194
123,2205,318527,-433.1273842626828
123,2206,318641,-262.99928967930134
123,2207,318830,-533.1029873460068
123,2208,318973,-489.59237319778487
123,2209,319088,-122.13089376699776
123,2210,319227,-306.6172011208023
123,2211,319411,-549.36651121053
123,2212,319519,-259.3454020790552
123,2213,319703,-282.8240411391347
123,2214,319934,-236.9027054389546
123,2215,320087,-70.53991545790052
123,2216,320283,-130.56057726783206
123,2217,320395,-416.40647663099185
123,2218,320530,-638.448769109237
123,2219,320636,-314.7187185955676
123,2220,320891,-509.8055805876961
123,2221,321003,-553.6890474731281
123,2222,321119,-565.8958640635207
123,2223,321677,-312.0316646242348
123,2224,321758,-412.38801087967585
123,2225,321853,-196.60056618623906
123,2226,321976,-508.8637627754727
123,2227,322087,-480.3293194460348
123,2228,322220,-583.3521557039394
123,2229,322317,-295.90104682342246
123,2230,322534,-76.36137673874451
123,2231,322676,-297.2436715701366
123,2232,322766,-210.81485793370126
123,2233,322870,-94.10014239980075
123,2234,322965,-114.2878476114396
123,2235,323061,-70.37217218353874
123,2236,323170,-104.86722655482328
123,2237,323336,-271.1178676765139
123,2238,323526,-95.26726487360472
123,2239,323715,-146.0660289172104
123,2240,323826,-157.53050878625038
123,2241,323915,6.298121380723359
123,2242,324011,-73.07190825824496
123,2243,324098,-247.9367850613086
123,2244,324239,27.898359204959135
123,2245,324314,-252.05448024411993
123,2246,324481,-108.59729272047679
123,2247,324603,-96.86409130721874
123,2248,324777,-231.2615660497348
123,2249,324935,-80.62134287753409
123,2250,325075,-144.4294538100946
123,2251,325178,-82.74833519123354
123,2252,325401,-458.29288116612463
123,2253,325511,-142.2040592287856
123,2254,325634,-386.6859790018419
123,2255,325829,-624.9352184400607
123,2256,325966,-454.2570983234609
123,2257,326280,-412.0796379951294
123,2258,326507,-493.9835298573851
123,2259,326687,-462.4832645932836
123,2260,326837,-457.33996900548476
123,2261,327005,-398.66664470053405
123,2262,327139,-427.2711928445191
123,2263,327372,-511.6503720267043
123,2264,327557,-473.6676704172141
123,2265,327727,-73.21246379431666
123,2266,327868,-121.79243776864331
123,2267,328086,-429.171396818628
123,2268,328239,-253.7815815128415
123,2269,328392,-350.83289040296285
123,2270,328506,-135.3734597446543
123,2271,328629,-50.970431475008354
123,2272,328831,-89.28053246059874
123,2273,329074,-304.6279070725616
123,2274,330030,-494.6170416389072
123,2275,330147,-83.8283549207743
123,2276,330300,-335.87829716034986
123,2277,330413,-84.68135787868674
123,2278,330489,-60.24672135575495
123,2279,330598,-135.63444092176633
123,2280,330702,-233.2894787255035
123,2281,330922,-53.681656698105485
123,2282,331057,-431.5144556167061
123,2283,331178,-30.443297150024023
123,2284,331308,-266.8736760750083
123,2285,331416,-282.0367413373672
123,2286,331600,-301.9854538711155
123,2287,331785,-457.4715685791333
123,2288,331989,-309.86324422627956
123,2289,332115,-180.49334382158037
123,2290,332302,-118.94084674689266
123,2291,332422,-568.9334942582473
123,2292,332620,-194.11530439632844
123,2293,332796,-193.16625003656475
123,2294,332882,-48.894682889280205
123,2295,333067,-218.5815587379619
123,2296,333208,-508.13961977378267
123,2297,333429,-459.41176088274244
123,2298,333700,-225.3853050889877
123,2299,333816,-293.7651015258283
123,2300,333933,-421.1779055948116
123,2301,334075,-479.53044807625866
123,2302,334154,-55.21180706463636
123,2303,334292,-162.94376055855108
123,2304,334379,-236.71911407739003
123,2305,334474,-102.3224206275716
123,2306,334568,-19.72180473029944
123,2307,334742,-396.43667940941407
123,2308,334850,-101.3278484003634
123,2309,335110,-660.329669483444
123,2310,335258,-276.30537469806836
123,2311,335505,-253.01013849403793
123,2312,335638,-68.86780982712156
123,2313,335809,-42.882157917219985
123,2314,335975,-369.0180182999933
123,2315,336145,-309.1492076926403
123,2316,336273,-309.06752738095463
123,2317,336426,-266.93184898529296
123,2318,336564,-418.80408627481137
123,2319,336668,-365.76022725773413
123,2320,336852,-593.6886001117035
123,2321,336988,-359.4713663145528
123,2322,337142,-355.95319612392495
123,2323,337373,-617.2666124965418
123,2324,337517,-586.3281525306099
123,2325,337724,-337.21657827333695
123,2326,337858,-288.05160442374523
123,2327,337995,-202.9748118565115
123,2328,338142,-423.93272825390716
123,2329,338298,-370.4588416066425
123,2330,338454,-419.5292583359189
123,2331,338663,-584.6617307012903
123,2332,338767,-266.7078997400466
123,2333,338888,-283.19618961690094
123,2334,339019,-297.7225046080268
123,2335,339163,-548.4271286180068
123,2336,339298,-530.8309292947606
123,2337,339432,-579.7058164799246
123,2338,339838,-457.1707927758683
123,2339,339957,-470.4109311203914
123,2340,340060,-358.3829743836263
123,2341,340153,-159.5405270879164
123,2342,340272,-451.20154181261034
123,2343,340406,-24.82734508712427
123,2344,340506,-160.3120676680642
123,2345,340610,-212.6309708512742
123,2346,340756,-416.49074924434973
123,2347,340962,-90.47161651521857
123,2348,341164,-176.53018205226277
123,2349,341300,-297.9253744597742
123,2350,341392,-37.39807677703209
123,2351,341566,-252.81887699351648
123,2352,341747,-255.5054256574855
123,2353,341879,-69.33522029803905
123,2354,341980,-77.78747643555508
123,2355,342131,-501.6581541178711
123,2356,342255,-170.499968582733
123,2357,342366,-43.53304086899676
123,2358,343366,-0.15023353904030756
123,2359,343499,-112.99286707627213
123,2360,343616,19.353478349680074
123,2361,343737,-43.51758710916487
123,2362,343835,-29.96864233850077
123,2363,344004,-267.24650076541366
123,2364,344150,-206.68276569588883
123,2365,344235,-75.30938202388388
123,2366,344327,-75.31058380503033
123,2367,344551,-480.8202433042602
123,2368,344834,-376.7511841497138
123,2369,344993,-122.46412634549996
123,2370,345209,-411.7977882498227
123,2371,345349,-390.2297901459852
123,2372,345561,-160.2863818666074
123,2373,345721,-271.3686166205777
123,2374,345843,-17.965194796361914
123,2375,346010,-449.79530574924013
123,2376,346132,-85.07516052251522
123,2377,346251,-209.7536437056153
123,2378,346339,-31.16677782237784
123,2379,346455,-182.98473055262838
123,2380,346680,-326.38605169469616
123,2381,346968,-205.27273201750114
123,2382,347142,-293.9461355182659
123,2383,347286,-429.23882577934006
123,2384,347431,-458.870298748391
123,2385,347644,-256.6017158521148
123,2386,347922,-357.8408933216412
123,2387,348170,-385.0345693849057
123,2388,348360,-449.16655085122255
123,2389,348611,-496.69265895882575
123,2390,348740,-77.80373022707144
123,2391,348909,-293.5684475727407
123,2392,349004,-246.74418540587618
123,2393,349222,-600.9132950442644
123,2394,349437,-360.0727479454888
123,2395,349667,-454.1038601692042
123,2396,349893,-456.7298696803802
123,2397,350205,-300.6544662065735
123,2398,350323,-363.5302848976347
123,2399,350500,-341.94329789180097
123,2400,350743,-142.26680148965548
123,2401,350918,-407.53112300872675
123,2402,351127,-445.8169211225097
123,2403,351355,-547.6739068916203
123,2404,351560,-553.4165297537979
123,2405,351738,-239.8191792916212
123,2406,351918,-501.28982301608517
123,2407,352030,-342.4208485918242
123,2408,352118,-288.7291871142499
123,2409,352318,-377.7368133030598
123,2410,352466,-76.2691474496661
123,2411,352570,-240.79253847279864
123,2412,352638,-111.30176675895993
123,2413,352886,-235.0548665117381
123,2414,352999,-325.489410780655
123,2415,353172,-168.60855896736803
123,2416,353300,-99.97692540030937
123,2417,353379,-87.58315246420237
123,2418,353504,-482.4476091171816
123,2419,353688,-470.94097525943926
123,2420,354688,9.26562052089036
123,2421,354828,-136.52746762900682
123,2422,354997,-164.88726942324408
123,2423,355153,-193.68632559667
123,2424,355331,-244.91908596562092
123,2425,355484,-86.82169828057849
123,2426,355778,-395.9702837113598
123,2427,355884,35.965893219809914
123,2428,356001,-433.6981782475553
123,2429,356099,-38.77204319571963
123,2430,356221,-257.8537397397313
123,2431,356470,-314.48525039410015
123,2432,356647,-82.76974073456668
123,2433,356759,-357.00304985795236
123,2434,356859,-63.79280375803251
123,2435,357065,-320.3755556201397
123,2436,357170,-299.8686112351694
123,2437,357253,-272.95149801667026
123,2438,357496,-367.0097317300824
123,2439,357681,-325.6085397488192
123,2440,357844,-120.51539900583123
123,2441,357965,-201.819676227426
123,2442,358093,-247.41189695910896
123,2443,358315,-440.79207164199374
123,2444,358427,-263.5011702000402
123,2445,358567,-235.2741752272632
123,2446,358660,-223.1866789911017
123,2447,358800,-67.27887848843119
123,2448,358970,-205.41782935728412
123,2449,359090,-192.33369456961316
123,2450,359258,-209.62623081927848
123,2451,359434,-172.89386532581682
123,2452,359524,-320.2110400675636
123,2453,359639,-26.4051964602005
123,2454,359735,-299.69850024709297
123,2455,359832,-281.6935440348718
123,2456,359965,-332.58436824627887
123,2457,360061,-211.32226835273457
123,2458,360169,-168.64051531017873
123,2459,360297,-148.34011689279387
123,2460,360446,-207.33603274603996
123,2461,360585,-226.75937293088856
123,2462,360731,-242.12256571582645
123,2463,360898,-553.1306532758429
123,2464,361047,-267.98963678721213
123,2465,361166,-428.0260073629164
123,2466,361332,-363.4058914362831
123,2467,361528,-319.16565528503156
123,2468,361771,-611.1065770418568
123,2469,361855,-391.0644622201464
123,2470,361986,-543.4989355991474
123,2471,362104,-342.9016593671088
123,2472,362210,-618.2512906716577
123,2473,362369,-408.56132171367705
123,2474,362509,-182.23689060008806
123,2475,362731,-590.4640805125964
123,2476,362836,-390.8991253045257
123,2477,362975,-124.22617566840144
123,2478,363212,-673.4715366377907
123,2479,363289,-183.7253940943605
123,2480,363377,-48.89412852852575
123,2481,363542,-295.14399202240793
123,2482,363637,-233.58576897583373
123,2483,363757,-344.38961565056866
123,2484,363912,-82.97785936246379
123,2485,364025,-248.6303497033091
123,2486,364160,-559.1446344679002
123,2487,364292,-326.51305862862887
123,2488,364431,-446.636039196761
123,2489,364589,-103.17925050092629
123,2490,364788,-125.55287315051663
123,2491,364927,-254.2945455295565
123,2492,365042,-375.3820359418302
123,2493,365164,-36.14665470481616
123,2494,365285,-583.9299445958527
123,2495,365459,-239.459155959895
123,2496,365670,-456.5705675681127
123,2497,365813,-420.8444061933766
123,2498,365905,-187.26265399962682
123,2499,366036,-307.976566584957
123,2500,366165,-461.333509518759
123,2501,366284,-92.14548577617226
123,2502,366437,-46.593684301078206
123,2503,366572,-127.29811398387949
123,2504,366647,-24.09155276060845
123,2505,366724,-71.30738327401903
123,2506,366881,-126.50965747519595
123,2507,367014,-79.5191384758649
123,2508,367349,-261.0871362555954
123,2509,367462,-175.4870222206969
123,2510,367598,-144.1102981514188
123,2511,367772,-310.3750822666092
123,2512,368222,-489.01274947305035
123,2513,368404,-343.73786970433605
123,2514,368578,-418.8075642811573
123,2515,368886,-477.40972817201015
123,2516,369109,-278.29704636776137
123,2517,369261,-274.942187524451
123,2518,369420,-253.734851504791
123,2519,369565,-137.27734405632623
123,2520,369756,-695.6885798963611
123,2521,369907,-63.361777518619945
123,2522,370051,-145.2225391623449
123,2523,370220,-381.0711974242408
123,2524,370344,-389.51311378139616
123,2525,370569,-350.7093458907741
123,2526,370692,-332.73370872901216
123,2527,370887,-491.75790109482097
123,2528,371085,-529.4643519230208
123,2529,371247,-257.3901857468768
123,2530,371466,-499.3070631272084
123,2531,371700,11.299616194106619
123,2532,371827,-274.07191025237887
123,2533,372014,-137.48190802112083
123,2534,372195,-181.08590728262448
123,2535,372298,-144.68891546579817
123,2536,372411,-317.2754364268761
123,2537,372556,-140.65538516737504
123,2538,373556,-53.970427803226016
123,2539,373772,-358.4678112985375
123,2540,373904,-514.94773978225
123,2541,374060,-210.29484231832924
123,2542,374329,-143.32353036780637
123,2543,374458,-141.0180124975061
123,2544,374579,-327.44951220639473
123,2545,374675,-30.931728892229486
123,2546,374806,-237.2808228355504
123,2547,374928,-230.77145724023566
123,2548,375058,-103.35193295301593
123,2549,375281,-359.8198053684527
123,2550,375493,-165.3384616405981
123,2551,375742,-432.56549235283813
123,2552,375855,-324.56112152887397
123,2553,375955,-261.6064277784876
123,2554,376104,-217.8440979780827
123,2555,376237,-305.1922863955658
123,2556,376368,-127.14230341762409
123,2557,376466,-15.392015581515025
123,2558,376566,-54.268171082902114
123,2559,376723,-153.35852738949248
123,2560,376911,-72.33299428304312
123,2561,377029,-93.4788111682566
123,2562,377191,-210.62677463171934
123,2563,377312,-283.96210752729814
123,2564,377394,-37.78790283035639
123,2565,377485,-72.03233849971728
123,2566,377667,0.8344288648969922
123,2567,377917,-70.97040290946062
123,2568,378068,-76.90536730294473
123,2569,378232,-275.4269597456513
123,2570,378353,-94.34681876576671
123,2571,378475,-19.24766847198738
123,2572,378571,-162.77524558776196
123,2573,378788,-178.19193970145292
123,2574,379142,-452.8818758280021
123,2575,379328,-480.26052446046987
123,2576,379465,-57.86444078464407
123,2577,379596,-387.6544935384066
123,2578,379720,-461.12495817697805
123,2579,379997,-717.0224127080679
123,2580,380414,-603.5738785544575
123,2581,380596,-327.64598654441545
123,2582,380799,-516.9308965349176
123,2583,381057,-626.8024292470944
123,2584,381248,-542.3740486216643
123,2585,381376,-556.5728672777054
123,2586,381516,-375.4076397750416
123,2587,381754,-714.4615974374207
123,2588,381872,-555.2074343205131
123,2589,382036,-393.1112276868575
123,2590,382293,-504.820684055842
123,2591,382893,-284.7007729123378
123,2592,383176,-429.1238037448574
123,2593,383279,-40.88509908989275
123,2594,383505,-466.96366751718364
123,2595,383605,-13.577514468759517
123,2596,383764,-393.78759564335223
123,2597,383889,-445.55411427389805
123,2598,384144,-370.0392578456971
123,2599,384226,-31.225298489735223
123,2600,384323,-162.71365546316818
123,2601,384473,-244.68587300723595
123,2602,384759,-633.8378786124244
123,2603,384900,-154.60775907000843
123,2604,385154,-285.7821572979816
123,2605,385249,-217.6342458341481
123,2606,385375,-596.9434497650774
123,2607,385488,-299.5338705123829
123,2608,385602,-32.190271919759525
123,2609,385726,-259.26646539351
123,2610,385906,-401.42013944558227
123,2611,386086,-293.60010566406663
123,2612,386191,-191.45487557613262
123,2613,386309,-108.90443952017182
123,2614,386441,-48.399345224327746
123,2615,386640,-613.2704790405267
123,2616,387421,-423.28520626067143
123,2617,387625,-317.3278226005657
123,2618,387754,-238.0159773282518
123,2619,388011,-509.49667812878573
123,2620,388190,-342.70861032065676
123,2621,388435,-565.8088895112462
123,2622,388556,-18.22815161235441
123,2623,388772,-666.2615434427514
123,2624,388861,-411.1600537145068
123,2625,389050,-543.2960021102504
123,2626,389293,-470.62639700086817
123,2627,389489,-363.0586913957053
123,2628,389627,-245.25909234379074
123,2629,389764,-507.24462281962246
123,2630,389965,-95.46556286105893
123,2631,390146,-257.56408282294717
123,2632,390268,-317.93878286108384
123,2633,390413,-310.4726425680218
123,2634,390548,-69.50178855049074
123,2635,390668,-250.4405738247303
123,2636,390775,-290.0218644658652
123,2637,390868,-179.66206398186202
123,2638,390953,-92.34757886863991
123,2639,391055,32.87508153592796
123,2640,391116,-46.7735992072137
123,2641,391299,-30.677991718242964
123,2642,391561,-37.75587241733783
123,2643,391676,-207.32189208600437
123,2644,391769,-223.91712946002173
123,2645,391981,-379.050698506128
123,2646,392121,-58.92966126199226
123,2647,392271,-97.69061939695365
123,2648,392379,-137.4292712143942
123,2649,392526,-138.02920750526093
123,2650,392660,-511.1813185405367
123,2651,392838,-555.8630179839895
123,2652,393286,-340.78005276739856
123,2653,393614,-195.33074845862387
123,2654,393744,-165.70069590077273
123,2655,393850,-311.01916145370825
123,2656,394262,-591.7466661533039
123,2657,394409,-310.5980203390043
123,2658,394689,-447.3984173193874
123,2659,394859,-158.3209455446799
123,2660,395170,-619.4601615498556
123,2661,395285,-224.02987480826653
123,2662,395493,-364.6005969427411
123,2663,395635,-282.0228936749089
123,2664,395820,-420.1688492180346
123,2665,395961,-158.9074037804084
123,2666,396128,-266.7756410529074
123,2667,396340,-175.91643933123927
123,2668,396587,-486.5948548605547
123,2669,396775,-24.931674221813978
123,2670,397006,-339.09730175423147
123,2671,397110,-170.48974279850455
123,2672,397181,-59.65981323094839
123,2673,397309,-86.97799928852925
123,2674,397410,-40.617589033475404
123,2675,397493,-347.07560804950464
123,2676,397578,-97.09618859167996
123,2677,397757,-159.75385326845173
123,2678,397906,-102.43225014543563
123,2679,398218,-444.8167371271368
123,2680,398471,-321.3908538552755
123,2681,398586,-11.952108846345809
123,2682,398695,-94.78080098518014
123,2683,398851,-274.7703262140857
123,2684,399005,-220.5273876131405
123,2685,399094,-59.23465623398198
123,2686,399198,-116.38429659757624
123,2687,399311,-14.495235500020485
123,2688,399432,-109.83914905524938
123,2689,399580,-396.8643557937662
123,2690,399696,-231.43091735847102
123,2691,399874,-291.7080508705127
123,2692,399993,-452.1309660772771
123,2693,400097,-373.97289759219154
123,2694,400372,-465.16097131288507
123,2695,400983,-437.5875762425806
123,2696,401190,-737.16532883575
123,2697,401302,-474.3357497806262
123,2698,401511,-385.7818136531379
123,2699,401607,-298.9049929040948
123,2700,401955,-465.603661744433
123,2701,402184,-447.1516564487283
123,2702,402322,-379.2976129921137
123,2703,402415,-251.817418582099
123,2704,402688,-273.8324405029396
123,2705,402848,-465.0349639332897
123,2706,403033,-390.09624746431143
123,2707,403174,-209.02522673259253
123,2708,403272,-276.77231736364575
123,2709,403353,-221.65453943706547
123,2710,403495,-227.70869651993144
123,2711,403621,-271.46256734037974
123,2712,403738,-389.38792075238297
123,2713,404134,-151.274980622715
123,2714,404313,-266.7392116042254
123,2715,404515,-307.28530297377586
123,2716,404711,-188.82506591043168
123,2717,404815,-99.2581823593727
123,2718,404953,-15.693199788032544
123,2719,405182,-250.64964707386034
123,2720,405301,-361.49956942187777
123,2721,405566,-429.1837409297836
123,2722,405656,-50.22609628837819
123,2723,405750,-2.053801430612978
123,2724,405897,-191.5701536040214
123,2725,406083,-294.82662688351206
123,2726,406288,-313.7959528453931
123,2727,406439,-54.84011822418327
123,2728,406642,-131.31911252051395
123,2729,406883,-429.3084768573337
123,2730,407007,-531.1433231797894
123,2731,407161,-185.6001870851668
123,2732,407353,-151.12300324337696
123,2733,407557,-497.22872413640914
123,2734,407646,-40.18216521387842
123,2735,407759,-99.90114258893401
123,2736,407866,32.19704663541174
123,2737,408021,-168.32599984022795
123,2738,408345,-211.17085851026053
123,2739,408505,-24.534553987623724
123,2740,408618,-35.44840199803551
123,2741,408895,-50.58856805773639
123,2742,409034,-344.79642967056225
123,2743,409160,-93.37602694833397
123,2744,409399,-542.1297861397437
123,2745,409557,-390.3500292281567
123,2746,409663,-197.86850478822103
123,2747,409865,-499.8950576664298
123,2748,409981,-91.67201001233475
123,2749,410089,-114.42414366215341
123,2750,410228,-252.1031198702403
123,2751,410414,-284.15733966396806
123,2752,410637,-405.5067217401996
123,2753,410771,-51.27016166481903
123,2754,411092,-649.1106781991051
123,2755,411356,-527.3760084111061
123,2756,411521,-106.52272527392994
123,2757,411598,-70.61323509346467
123,2758,411821,-370.20479821108694
123,2759,412073,-487.94059141136313
123,2760,412239,-351.3320177659996
123,2761,412458,-500.69783332972554
123,2762,412668,-519.5935649869277
123,2763,412964,-587.3228306269885
123,2764,413106,-181.28849362199972
123,2765,413222,-101.76944855413865
123,2766,413325,-250.64411745430516
123,2767,413450,-193.93575327161844
123,2768,413655,-561.912821748532
123,2769,413782,-302.7893084026789
123,2770,413921,-369.3383312205777
123,2771,414047,-182.44369938701965
123,2772,414282,-400.1634443020989
123,2773,414472,-242.69655823258398
123,2774,414606,-419.52661318459417
123,2775,414783,-328.89463876638393
123,2776,414882,-120.69953519434495
123,2777,414992,-391.23984149377424
123,2778,415084,-140.02518397280755
123,2779,415173,-50.161003866320186
123,2780,415336,-369.2801569385536
123,2781,415473,-100.34127828075742
123,2782,415689,-68.28971368935211
123,2783,415783,-80.13915961051478
123,2784,415988,-48.63114490017334
123,2785,416098,-235.42721156345658
123,2786,416294,-93.97306453361655
123,2787,416372,-72.30194408509864
123,2788,416519,-285.65006276925396
123,2789,416713,-295.5274980304579
123,2790,416800,-40.16788241415151
123,2791,416946,-151.7739090197968
123,2792,417087,-162.80819103863232
123,2793,417241,-28.52691946976843
123,2794,417387,-112.10347493817734
123,2795,417654,-420.3499866520172
123,2796,417748,-203.1278300822118
123,2797,417957,-253.14389225092168
123,2798,418089,-392.6390008787889
123,2799,418760,-400.3991221160244
123,2800,419073,-541.6929614833005
123,2801,419206,-231.6898617679335
123,2802,419407,-442.1232521761845
123,2803,419582,-194.69815223517196
123,2804,419924,-442.4795071443635
123,2805,420166,-364.9593435120484
123,2806,420357,-405.31659142060465
123,2807,420485,-438.3879030476384
123,2808,420602,-94.72859216094042
123,2809,420703,-228.51435460512928
123,2810,421120,-296.12909839494716
123,2811,421255,-340.32100916069186
123,2812,421373,-50.76666079306071
123,2813,421467,-239.29346334679101
123,2814,421552,-173.07126510533527
123,2815,421733,-173.4848426715399
123,2816,421893,-91.75354233422935
123,2817,422023,-41.372296131329655
123,2818,422172,-395.88409386964446
123,2819,422368,-280.4846808205217
123,2820,422488,-175.99938060246922
123,2821,422661,-184.81979637313077
123,2822,422821,-216.45072918485872
123,2823,423019,-104.41840287398722
123,2824,423121,-83.70890290315582
123,2825,423339,-277.347167244345
123,2826,423478,-289.114358907996
123,2827,423700,-408.5450978399262
123,2828,423838,2.863572713879279
123,2829,423995,-255.7725149918734
123,2830,424197,-450.6110838679462
123,2831,424380,-543.2668755613627
123,2832,424507,-165.79320801877088
123,2833,424659,-447.52084013778324
123,2834,424865,-521.7865476592094
123,2835,425143,-338.48579282472275
123,2836,425371,-90.70367815414586
123,2837,425586,-288.6616724613093
123,2838,425817,-304.57627059606875
123,2839,425917,-295.9038643414593
123,2840,426125,-601.9548762923873
123,2841,426292,-178.86106887501128
123,2842,426463,-310.215570168642
123,2843,426711,-678.8103286480344
123,2844,426902,-510.6016670441539
123,2845,427091,-420.3987565010426
123,2846,427219,-12.611456319179368
123,2847,427408,-328.2993976400643
123,2848,427510,-322.47049983895613
123,2849,427679,-167.71337096894783
123,2850,427858,-356.90644578712823
123,2851,428075,-296.8456667225606
123,2852,428191,-201.76274618121255
123,2853,428844,-458.14903597004405
123,2854,429080,-517.8965523939544
123,2855,429257,-194.87826297751823
123,2856,429453,-100.57875210881973
123,2857,429620,-207.25804288780478
123,2858,429840,-419.05999138026294
123,2859,430016,-359.54770433520287
123,2860,430249,-371.1010114874479
123,2861,430402,-307.75157727238786
123,2862,430550,-131.86285191475443
123,2863,430764,-515.2716146183554
123,2864,431061,-132.05464934622228
123,2865,431190,-345.58750628982534
123,2866,431290,-294.88487679358127
123,2867,431418,-373.23383206669786
123,2868,431524,-97.51200012202773
123,2869,431595,-152.99304680919988
123,2870,431790,-392.6916168663461
123,2871,431881,-47.2256109510418
123,2872,432033,-181.82359490939595
123,2873,432240,-428.90647811571154
123,2874,432403,29.02082451680181
123,2875,432518,-240.55087826796466
123,2876,432726,-329.2200162662743
123,2877,432926,-129.50917920195656
123,2878,433017,-288.4868573626909
123,2879,433192,-199.03868592290752
123,2880,433430,-198.8043611976082
123,2881,433609,-190.52402301502076
123,2882,433864,-496.71177060532
123,2883,433959,-58.99846108502285
123,2884,434163,-430.34331281070905
123,2885,434278,-237.57937244913924
123,2886,434396,-181.4517237429837
123,2887,434593,-288.0238106036815
123,2888,434747,-249.27249021777982
123,2889,435399,-112.0387932059129
123,2890,435531,-536.3034993210154
123,2891,435703,-389.05419933535103
123,2892,435787,-66.53011114347156
123,2893,435917,-354.2609865837005
123,2894,436164,-56.157128774220865
123,2895,436308,-468.72864229561736
123,2896,436450,-274.9344819269088
123,2897,436625,-291.1844334985376
123,2898,436742,-437.26308297632136
123,2899,436836,-271.01812782165274
123,2900,437022,-302.8953341946737
123,2901,437128,-74.2131092229673
123,2902,437240,-63.064957093201876
123,2903,437319,-43.041218066164646
123,2904,437456,-35.4411443784073
123,2905,437540,-42.432079465482204
123,2906,437670,-116.81128050879244
123,2907,437813,-115.30596965479762
123,2908,437963,-77.83199188591303
123,2909,438191,-61.31550716441116
123,2910,438334,-297.0091579271238
123,2911,438475,-207.73038459037775
123,2912,438637,-20.304131838041968
123,2913,438774,-74.52032801965534
123,2914,438973,-505.0879316207678
123,2915,439064,-137.03715612031797
123,2916,439327,-279.33809274003096
123,2917,439436,12.37234992334976
123,2918,439663,-245.6898768787317
123,2919,439748,12.63402178219009
123,2920,439859,-6.503037437989377
123,2921,440091,-219.63063815004404
123,2922,440285,-297.6264412732311
123,2923,440527,-244.35310206360006
123,2924,440861,-271.34856272074546
123,2925,441015,-178.10976322045406
123,2926,441757,-447.1764591836861
123,2927,441890,-372.5532933773626
123,2928,442026,-36.80166288681953
123,2929,442198,-615.5168096957915
123,2930,442317,-202.8955297026759
123,2931,442479,-62.5662039798056
123,2932,442900,-616.149862509678
123,2933,443011,-198.31766878692048
123,2934,443126,-228.7875746407452
123,2935,443327,-297.7569233921819
123,2936,443468,-557.3074690661921
123,2937,443628,-104.51153592553143
123,2938,443745,-49.028883112815095
123,2939,443964,-604.5762078716753
123,2940,444251,-114.15169439915347
123,2941,444473,-329.75881281145337
123,2942,444581,-156.71316457389247
123,2943,444748,-97.8275854908935
123,2944,444912,-23.169489300471724
123,2945,445057,-283.3276572924849
123,2946,445332,-247.75972133631802
123,2947,445439,-382.465405570458
123,2948,445564,-109.78555762010001
123,2949,445665,-229.02690731933512
123,2950,445828,-253.28788904588424
123,2951,446045,-615.2906782201648
123,2952,446182,-167.57589542040046
123,2953,446380,-423.713922094553
123,2954,446537,-34.843872498759765
123,2955,446727,-488.4501161955781
123,2956,446975,-296.3206186329972
123,2957,447179,-420.56522239011673
123,2958,447420,-528.5073903799952
123,2959,447555,-459.86927895022126
123,2960,447728,-447.71296277027216
123,2961,447866,-567.4596299098571
123,2962,448121,-304.494674575568
123,2963,448208,-101.05526837336512
123,2964,448357,-73.64318490147085
123,2965,448479,-272.9550390976689
123,2966,448573,-259.73596263196623
123,2967,448739,-317.08296261708097
123,2968,448832,-213.89341339717436
123,2969,448983,-293.18072415923734
123,2970,449106,-323.8037773322881
123,2971,449352,-314.79302695696686
123,2972,449503,-62.29169769524817
123,2973,449591,-92.6566340386766
123,2974,449725,-224.44923223328894
123,2975,449997,-654.0486099707636
123,2976,450293,-716.6212633469537
123,2977,450435,-172.51436607479437
123,2978,450598,-396.0959014216135
123,2979,450725,-333.86806684700014
123,2980,450828,-315.0838510423313
123,2981,451028,-84.76925248492076
123,2982,451146,-286.00145916611956
123,2983,451478,-451.42433471339234
123,2984,451635,-307.058983811655
123,2985,451844,-224.57944825493325
123,2986,452027,-246.3979760028631
123,2987,452193,-82.59285754115811
123,2988,452326,-270.97263570042253
123,2989,452467,-260.53220426556436
123,2990,452594,-94.59996473525129
123,2991,452670,-172.86776025872467
123,2992,452779,-38.30634946875469
123,2993,452898,-122.81519217383966
123,2994,453077,-258.74428264728414
123,2995,453199,-255.39341947550255
123,2996,453465,-108.7485742082347
123,2997,453599,-254.25202282500098
123,2998,453784,-287.3239892209606
123,2999,454007,-287.19071115589577
123,3000,454226,-300.3841038127756
123,3001,454408,-473.7580530128455
123,3002,454548,-110.05528634552066
123,3003,454773,-620.3092358748231
123,3004,454898,-96.31474515834458
123,3005,455203,-299.87299220026273
123,3006,455339,-437.7961266931631
123,3007,455679,-90.524586024931
123,3008,455836,-108.44543504148746
123,3009,456048,-379.6794816487972
123,3010,456260,-142.6074260793606
123,3011,456380,-337.7117250432259
123,3012,456534,-345.4705620204486
123,3013,456744,-290.00869931289185
123,3014,456873,-364.3048990046397
123,3015,456960,-23.269747717593333
123,3016,457191,-314.3945244327297
123,3017,457313,-311.29789290355006
123,3018,457441,-308.23282213187895
123,3019,457939,-366.13977692618886
123,3020,458114,-331.7243571272021
123,3021,458227,-219.5343432420265
123,3022,458420,-141.45496217099958
123,3023,458595,-149.01547213595921
123,3024,458822,-350.0086947547995
123,3025,458952,-154.08978255951382
123,3026,459068,-133.4887495162996
123,3027,459295,-173.9016095205614
123,3028,459391,-81.52214193978429
123,3029,459531,-298.87119715449535
123,3030,459693,-34.54909250758948
123,3031,459937,-91.57229185680457
123,3032,460076,-348.1924913507154
123,3033,460267,-411.5550789551261
123,3034,460484,-391.40512337460586
123,3035,460581,-211.52527226820624
123,3036,460694,-276.92287759669455
123,3037,460807,-69.31362947147856
123,3038,461027,-480.88002324300743
123,3039,461361,-284.2588588149805
123,3040,461600,-295.630475010739
123,3041,461729,-88.8065798534626
123,3042,461892,-301.31076837639193
123,3043,462086,-342.8797377728851
123,3044,462294,-124.98781295738071
123,3045,462379,-232.69438013007766
123,3046,462533,-117.27584346572596
123,3047,462619,-101.86153586838553
123,3048,462737,-145.33624591898567
123,3049,462932,-144.59870919044346
123,3050,463043,-212.55498366960393
123,3051,463133,-108.23962299724553
123,3052,463253,-63.519262804155815
123,3053,463353,-79.2829506668692
123,3054,463484,-100.97188862468244
123,3055,463685,-154.01633686557045
123,3056,463888,-228.98169844145673
123,3057,464026,-153.8247489876017
123,3058,464174,-174.04103730728724
123,3059,464401,-404.6695552552551
123,3060,464569,-292.31899012393035
123,3061,464696,-447.7106940180835
123,3062,464913,-215.78808497723062
123,3063,465039,-546.2659817121196
123,3064,465430,-571.4429638680754
123,3065,465631,-541.7245048229872
123,3066,465834,-722.4334059488092
123,3067,465949,-393.3510117032658
123,3068,466189,-176.55594255173708
123,3069,466577,-356.3715744841468
123,3070,466748,-82.53753583160693
123,3071,466854,10.166090864150178
123,3072,466982,1.0209631033355464
123,3073,467141,-132.49829529356168
123,3074,467276,-489.00905201902384
123,3075,467459,-360.82264994524337
123,3076,467550,-123.79919551933344
123,3077,467743,-628.4870226688039
123,3078,467926,-78.39320907261308
123,3079,468139,-464.6153726177641
123,3080,468307,-311.6345106686963
123,3081,468522,-545.6601055826093
123,3082,468700,-420.71947730378764
123,3083,468962,-470.63063902331766
123,3084,469225,-124.1196431162015
123,3085,469374,-242.89112623521666
123,3086,469607,-546.5211105139783
123,3087,469706,-248.62776244064975
123,3088,469805,-357.7133485478984
123,3089,469964,-249.48211211591112
123,3090,470239,-391.1895124157206
123,3091,470452,-531.3309089833433
123,3092,470585,-65.55031268177453
123,3093,470726,-364.09394499672055
123,3094,470862,-225.71620096409134
123,3095,471064,-322.40378017660856
123,3096,471155,-58.00384822643839
123,3097,471489,-507.90161627785795
123,3098,471644,-352.2777462378874
123,3099,471905,-570.4608265134054
123,3100,472030,-20.756494605690776
123,3101,472218,-207.66070986542132
123,3102,472442,-419.8222934225462
123,3103,472777,-381.1051337922666
123,3104,472912,-177.9036193795975
123,3105,473172,-383.1745739803524
123,3106,473344,-150.8146167504738
123,3107,473575,-325.2607618449649
123,3108,473782,-461.03319847365105
123,3109,474062,-334.18491690838505
123,3110,474321,-297.7205774470053
123,3111,474405,-277.63802276179644
123,3112,474533,-143.29871824116847
123,3113,474670,-90.96280858791816
123,3114,474872,-172.9065891124253
123,3115,474989,-451.6418474446985
123,3116,475118,-102.63129233910112
123,3117,475217,-99.3360531517971
123,3118,475438,-221.92139143115912
123,3119,475549,-52.00791000430327
123,3120,475659,-140.17044059815728
123,3121,475798,-139.31640132467598
123,3122,475946,-440.1990347619625
123,3123,476137,-434.7859904306851
123,3124,476247,-146.39067202052735
123,3125,476337,-85.08577192989341
123,3126,476439,-113.77719330776736
123,3127,476573,-237.28435493341354
123,3128,476677,-64.10130681386096
123,3129,476789,-120.176605979026
123,3130,476921,-290.06769553743277
123,3131,477115,-389.33389234229645
123,3132,477268,-168.14226429547224
123,3133,477417,-60.7507442117633
123,3134,477542,-390.24378624648506
123,3135,477785,-438.98535320673824
123,3136,477924,-142.19342505963547
123,3137,478217,-73.74432732064258
123,3138,478312,-260.0170789623984
123,3139,478487,-353.944928015908
123,3140,478849,-301.30239953354493
123,3141,479007,-223.2223639081024
123,3142,479133,-339.19782905644604
123,3143,479254,-74.52213825581103
123,3144,479369,-148.93306505742314
123,3145,479573,-210.20410619875065
123,3146,479748,-456.7545635234691
123,3147,479873,-147.49856169263185
123,3148,480011,-308.6036179866118
123,3149,480198,-602.5187486462103
123,3150,480290,8.45814737224606
123,3151,480484,-596.518810399482
123,3152,480637,-480.98077699569245
123,3153,480744,-377.5702761089348
123,3154,481004,-438.0118687391216
123,3155,481144,-486.5888218783801
123,3156,481395,-464.18103476531354
123,3157,481517,-333.5064432283301
123,3158,481680,-297.64399149963344
123,3159,481793,-304.015606704499
123,3160,481953,-150.90584828199465
123,3161,482151,-245.72700466367405
123,3162,482314,-132.864304925782
123,3163,482530,-367.44512613301356
123,3164,482701,-139.627509330705
123,3165,482919,-317.68304886873625
123,3166,483033,-419.8782301979565
123,3167,483212,-311.1162328515479
123,3168,483329,-459.85795386087545
123,3169,483468,-337.27508853076324
123,3170,483642,-172.13588431830198
123,3171,483760,-515.3865966278281
123,3172,483946,-361.87677408200136
123,3173,484058,-515.1497697559435
123,3174,484259,-188.46959480554227
123,3175,484548,-681.2534731630088
123,3176,484716,-291.16675732449767
123,3177,484883,-588.5433887928389
123,3178,485073,-624.5231052958776
123,3179,485241,-417.98805147190325
123,3180,485456,-476.43618539956555
123,3181,485563,-457.14160516791964
123,3182,485829,-531.3728446749265
123,3183,486153,-363.3987146537097
123,3184,486398,-795.1256172600735
123,3185,486691,-275.2839761755772
123,3186,486895,-346.8448845083758
123,3187,486994,-106.31931216000216
123,3188,487173,-293.01687846907487
123,3189,487305,-403.3814739984793
123,3190,487474,-325.33208314014223
123,3191,487618,-105.52410494522908
123,3192,487725,6.7767891881697295
123,3193,487885,-225.87692586089887
123,3194,488054,-437.3779425239721
123,3195,488281,-280.73810421764745
123,3196,488354,-67.12358744874149
123,3197,488459,-306.1281152200596
123,3198,488553,-243.65807603570804
123,3199,488729,-135.35740075170128
123,3200,488889,-94.43706388753532
123,3201,489060,-37.83228351652324
123,3202,489208,-51.344688801157076
123,3203,489447,-294.87076503262585
123,3204,489661,-112.22738029634883
123,3205,489909,-319.42105558861823
123,3206,490158,-108.27364450367858
123,3207,490367,-530.486733664336
123,3208,490564,-253.7690265572513
123,3209,490660,-230.19552421521686
123,3210,490779,-236.19071456515817
123,3211,490970,-6.838475341725129
123,3212,491276,-450.2502337220389
123,3213,491401,-99.73396903526414
123,3214,491534,-135.41496230281484
123,3215,491783,-260.3076272678509
123,3216,492051,-11.537192363276418
123,3217,492331,-355.29892496944774
123,3218,492501,-379.2315931575792
123,3219,492764,-476.1433359841689
123,3220,492929,-246.82700598336555
123,3221,493202,-571.6238307578332
123,3222,493390,-403.4585669877791
123,3223,493581,-265.5087858608516
123,3224,493680,-48.064505731204235
123,3225,494680,-98.02100806465053
123,3226,494918,-256.6264228550456
123,3227,495034,-444.95045815988476
123,3228,495172,-130.6163390414653
123,3229,495352,-370.9126489104606
123,3230,495513,-571.8502999733953
123,3231,495722,-666.3754069055407
123,3232,495931,-271.40360601145517
123,3233,496307,-87.69837644502604
123,3234,496537,-469.11978804534283
123,3235,496743,-73.57775889118362
123,3236,496872,-279.3149466034597
123,3237,496985,-551.3895420955498
123,3238,497257,-357.7051379893694
123,3239,497379,-184.04688205038184
123,3240,497494,-376.0517803452061
123,3241,497614,-39.78063048838167
123,3242,497752,-242.01289960673873
123,3243,497871,-214.74935187286377
123,3244,498178,-223.21449974873588
123,3245,498308,-540.9277020564086
123,3246,498608,-463.23708794876705
123,3247,498802,-411.57840618183405
123,3248,499739,-398.7929475558877
123,3249,499919,-65.03534897533964
123,3250,500023,-212.95705746710473
123,3251,500209,-295.51694271143197
123,3252,500306,-253.40436251977223
123,3253,500456,-141.3186248068734
123,3254,500746,-177.2627441492294
123,3255,500873,-238.9375660266823
123,3256,500982,-32.75258577107023
123,3257,501112,-389.50605410145465
123,3258,501240,-534.1726692760299
123,3259,501346,-5.898808830519869
123,3260,501430,-112.34665625877861
123,3261,501578,-410.73020834312763
123,3262,501821,-597.6092373674826
123,3263,502079,-267.26948118249265
123,3264,502218,-153.78385266278016
123,3265,502324,-677.6550688995559
123,3266,502559,-466.1111145781549
123,3267,502784,-479.3553063659438
123,3268,502909,-374.7423035774742
123,3269,503044,-6.43248746508911
123,3270,503193,-405.7022985516263
123,3271,503354,-292.90721904332224
123,3272,503558,-664.8986329854521
123,3273,503782,-504.0750496455667
123,3274,503910,-54.8597492373506
123,3275,504121,-473.29381871542046
123,3276,504205,-330.2910634070183
123,3277,504429,-182.48211203724873
123,3278,504599,-472.5750238117572
123,3279,504705,-279.2982244549993
123,3280,504953,-206.9120217950159
123,3281,505075,-111.07930222104578
123,3282,505186,-75.72201075264593
123,3283,505323,-106.16788286735994
123,3284,505459,-40.35532079732285
123,3285,505544,-283.4537972809177
123,3286,505707,-190.98103996181152
123,3287,505826,-78.59431247208057
123,3288,505920,-102.81680320438055
123,3289,506139,-354.74874085766965
123,3290,506381,-336.3637169593699
123,3291,506506,-523.8395362361332
123,3292,506667,-449.682037906454
123,3293,506857,-198.85373365779714
123,3294,507120,-408.41169783085525
123,3295,507251,-387.33485462244613
123,3296,507389,-43.96203289751041
123,3297,507495,-460.3467005852521
123,3298,507604,-364.4329575534631
123,3299,507829,-255.5074333530195
123,3300,508099,-510.84137839713077
123,3301,508218,-473.0283260741322
123,3302,508403,-353.04258124734224
123,3303,508558,-69.88890212531598
123,3304,508840,-302.63140906660493
123,3305,508967,-459.94384163222844
123,3306,509221,-325.8474752642795
123,3307,509405,-212.61862698066022
123,3308,509608,-674.4790177429339
123,3309,509737,1.042460809204357
123,3310,509965,-191.73749808687438
123,3311,510226,-224.59864993065608
123,3312,510409,-390.78865956833283
123,3313,510590,-459.3908932047753
123,3314,510895,-380.2971894665616
123,3315,510967,-198.06247295605857
123,3316,511086,-215.7524418756538
123,3317,511216,-106.83588902998251
123,3318,511384,-206.8557407140682
123,3319,511556,-496.80646527780806
123,3320,511682,-483.7657953550621
123,3321,511793,-58.18912683240568
123,3322,511948,-378.12413687825546
123,3323,512179,-489.5161315702949
123,3324,512306,-337.4992000662984
123,3325,512450,-122.76901466389798
123,3326,512583,-285.58535671119796
123,3327,512809,-479.0448670800519
123,3328,512922,-424.56189709865504
123,3329,513060,-214.03747653426353
123,3330,513279,-189.05597727451217
123,3331,513547,-228.76302574194023
123,3332,513685,-52.664656115419675
123,3333,513928,-299.22477868490125
123,3334,514125,-512.0901232322678
123,3335,514268,-37.9893232169815
123,3336,514400,-481.44679829935836
123,3337,514542,-114.74529182221482
123,3338,514654,-220.8630469926258
123,3339,514761,-402.5957113528552
123,3340,514935,-235.90347651273524
123,3341,515094,-214.35501044668314
123,3342,515370,-353.8239533806882
123,3343,515548,-415.0924485372631
123,3344,515684,-323.9914084779949
123,3345,515821,-195.09268144192194
123,3346,515942,-139.25750531108727
123,3347,516049,-410.00444870870103
123,3348,516187,-137.9255822297638
123,3349,516288,-116.59104005364863
123,3350,516485,-387.64917053005445
123,3351,516580,-240.16350364931498
123,3352,516678,-98.44869244571066
123,3353,517032,-669.5685667082078
123,3354,517151,-219.1068720996292
123,3355,517403,-558.9870935796748
123,3356,517517,-25.439545711699623
123,3357,517719,-607.766606695732
123,3358,517922,-320.48631154485827
123,3359,518139,-311.73432559810914
123,3360,518322,-348.28196435630684
123,3361,518537,-142.36362732221727
123,3362,518683,-447.9692902131104
123,3363,518878,-485.01255265122234
123,3364,519078,-442.5599036189001
123,3365,519469,-426.42818078303026
123,3366,519588,-170.88772262062756
123,3367,519979,-223.56065419404527
123,3368,520355,-267.1410694104675
123,3369,520448,-48.052387240204965
123,3370,520551,-499.9998393560806
123,3371,520903,-383.1970130931951
123,3372,521414,-301.10381969921457
123,3373,521595,-403.2784896240734
123,3374,521740,-122.16944431154525
123,3375,521950,-282.47351941229294
123,3376,522215,-360.59349232434005
123,3377,522405,-396.98362768895373
123,3378,522711,-216.83899180086632
123,3379,522815,-235.3556817006296
123,3380,522925,-291.59801411295973
123,3381,523067,37.893799257099005
123,3382,523158,-71.37456580733264
123,3383,523252,-95.52192245937309
123,3384,523392,-156.39945281736104
123,3385,523590,-79.5269779453536
123,3386,523705,-98.40015009451267
123,3387,523944,-240.07890552764266
123,3388,524116,-224.22510786226252
123,3389,524222,-247.84719929879716
123,3390,524319,-303.4590351543256
123,3391,524481,-264.7123075251335
123,3392,524706,-389.48083396040704
123,3393,524823,-192.64487995577298
123,3394,524978,-80.84448032053668
123,3395,525184,-515.2391024852141
123,3396,525384,-316.26528182347994
123,3397,525569,-556.5806910215206
123,3398,525708,-257.0920378618921
123,3399,525832,-363.3412659262878
123,3400,525989,-402.292647648713
123,3401,526118,-122.01024944904202
123,3402,526262,-482.8864820698711
123,3403,526470,-501.3701133420285
123,3404,526877,-156.07163251813574
123,3405,527245,-314.2825798870618
123,3406,527493,-568.8949839085963
123,3407,527852,-353.02293867126485
123,3408,527975,-23.46539148727082
123,3409,528135,-193.72554522208526
123,3410,528261,-385.86299328540616
123,3411,528388,-418.4088480809255
123,3412,528764,-154.8522147100362
123,3413,529210,-129.0560361283996
123,3414,529301,-84.80688857964137
123,3415,529404,-72.21760855222514
123,3416,529738,-275.08867971519743
123,3417,529878,-382.08847361903673
123,3418,529971,-292.19601730992076
123,3419,530129,-350.915672630926
123,3420,530349,-253.90718307544404
123,3421,530573,-493.45344160236925
123,3422,530766,-308.52911951153175
123,3423,531039,-80.94924689690512
123,3424,531264,-273.242929775594
123,3425,531415,-11.258569738605885
123,3426,531480,-91.80290324082591
123,3427,531644,-406.59776333736795
123,3428,531824,-303.89711641923384
123,3429,531973,-224.10316604618282
123,3430,532076,-303.8506242027537
123,3431,532247,-114.20830537717754
123,3432,532483,-115.4501427952748
123,3433,532657,-264.12837883618926
123,3434,532788,-120.10220202653606
123,3435,532886,-15.795146961689397
123,3436,532997,-241.87904764592255
123,3437,533132,-92.62208319936451
123,3438,533230,-2.008729774039935
123,3439,533389,-250.17555597573255
123,3440,533505,-269.16631488294934
123,3441,533626,-268.6079256909281
123,3442,533733,-208.11441488880402
123,3443,533910,-404.3059399336248
123,3444,534045,-51.603300589463664
123,3445,534345,-525.5097978401259
123,3446,534912,-405.6790140255449
123,3447,535170,-423.029272103647
123,3448,535372,-370.63795973255696
123,3449,535483,-376.07989658005744
123,3450,535594,-529.8529090367742
123,3451,535717,-53.04717185984606
123,3452,535985,-457.7734586342524
123,3453,536110,-37.91459231130692
123,3454,536224,-479.936450358628
123,3455,536451,-527.6718480329096
123,3456,536586,-138.9716285125062
123,3457,536798,-508.0980846570452
123,3458,536908,-116.05099271300494
123,3459,537088,-475.5816950081442
123,3460,537253,-230.79328829728692
123,3461,537351,-96.3672328663701
123,3462,537628,-504.0364963291559
123,3463,537761,28.78160504428928
123,3464,537966,-757.7452460083272
123,3465,538124,-242.70216078516557
123,3466,538232,-71.74847685354754
123,3467,538333,-208.9469334968772
123,3468,538627,-281.9410353135428
123,3469,538765,-79.03753051975136
123,3470,538962,-125.82907645296328
123,3471,539131,-425.80155844318756
123,3472,539259,-79.64058821729463
123,3473,539352,-385.33997248311516
123,3474,539458,54.08842568520694
123,3475,539582,-379.2056727667865
123,3476,539717,-265.93174503963405
123,3477,539820,-17.903261636652218
123,3478,539956,-167.40578972668214
123,3479,540070,-87.21031949826428
123,3480,540295,-221.81346541467957
123,3481,540499,-232.35447166148907
123,3482,540697,-425.1221105865955
123,3483,540901,-502.049004937236
123,3484,541029,-391.1378427351507
123,3485,541139,-185.28101463766637
123,3486,541257,-125.8916452733232
123,3487,541376,-38.91582909277258
123,3488,541540,-80.43911246566566
123,3489,541653,-252.13623542553776
123,3490,541792,-191.7652127405389
123,3491,541939,-135.56590515008233
123,3492,542191,-373.995393921503
123,3493,542380,-179.87068015107621
123,3494,542455,-49.0983077652084
123,3495,542609,-190.95878795470384
123,3496,542824,-552.3112290843446
123,3497,542946,-149.59797037540125
123,3498,543028,-35.98923508913791
123,3499,543201,-86.0842078644451
123,3500,543326,-133.94492105775822
123,3501,543436,-165.12537648920556
123,3502,543545,-2.538167520418355
123,3503,543645,-343.56344027391367
123,3504,543745,-237.3444532639948
123,3505,543985,-324.3529450848906
123,3506,544287,-371.17282077879145
123,3507,544679,-357.8723345631714
123,3508,544904,-491.06086013725024
123,3509,545088,-308.8611731170868
123,3510,545248,-215.16520383867618
123,3511,545450,-398.4275120602845
123,3512,545565,-97.23930633190686
123,3513,545769,-466.2151670090741
123,3514,546129,-361.4872033328729
123,3515,546465,-459.93405778678294
123,3516,546616,-59.74120649262004
123,3517,546920,-348.79402205688234
123,3518,547356,-454.70589624705127
123,3519,547628,-332.56952821776457
123,3520,548001,-281.19213216196596
123,3521,548188,-121.28413586551494
123,3522,548453,-267.2306513056765
123,3523,548553,-42.307908391778405
123,3524,548714,-291.4788378498307
123,3525,548817,-76.93422434940103
123,3526,548902,-300.3896830241536
123,3527,548992,-90.1870279330641
123,3528,549201,-311.37016872833306
123,3529,549436,-305.7202201910944
123,3530,549536,-250.12586834429447
123,3531,549940,-115.05828824155792
123,3532,550026,-57.83164163847588
123,3533,550155,-260.0474769308588
123,3534,550361,-50.16094232467865
123,3535,550544,-287.8368442750881
123,3536,550667,-521.8207290223189
123,3537,551667,-76.67029128357382
123,3538,551809,-375.45579374185525
123,3539,551939,-72.31857487498479
123,3540,552067,-278.16424027589903
123,3541,552221,-203.14971202999266
123,3542,552349,-472.7931437414598
123,3543,552470,-476.2448809709388
123,3544,552683,-195.23025889914936
123,3545,552855,-23.939161970334325
123,3546,553653,-329.84841517966737
123,3547,553742,-162.57874496058508
123,3548,553846,-173.39118965585044
123,3549,553942,-88.12906257421488
123,3550,554121,-202.52684851343145
123,3551,554281,-301.59952657717497
123,3552,554471,-134.44097832502734
123,3553,554679,-459.5489456168719
123,3554,554878,-172.5230286419513
123,3555,555015,-57.249720967464086
123,3556,555146,-329.68537815806354
123,3557,555263,-489.260501060055
123,3558,555417,-296.6363247212273
123,3559,555537,-309.3894839689016
123,3560,555690,-75.90734448593966
123,3561,555792,-143.68608482853375
123,3562,555947,-74.65107625548899
123,3563,556131,-112.42949708425938
123,3564,556247,-88.76748275134295
123,3565,556492,-396.70683613702727
123,3566,556580,-196.30246038566776
123,3567,556695,-78.96841376377351
123,3568,556813,14.027074589864739
123,3569,556992,-144.88125630593947
123,3570,557111,-70.53500135294327
123,3571,557271,-271.3381333499457
123,3572,557597,-46.747618108946654
123,3573,557711,23.856674173466928
123,3574,557856,-308.13323447161656
123,3575,558052,-456.57573005853203
123,3576,558181,-414.6483604901071
123,3577,558328,-163.676075010215
123,3578,558449,-40.91814910795725
123,3579,558574,-439.30385441206437
123,3580,558741,-379.6215765799165
123,3581,558928,-301.95447397128635
123,3582,559088,-245.40050553941694
123,3583,559173,-72.99230224543743
123,3584,559358,-315.4193711085426
123,3585,559528,-360.57871579996515
123,3586,559642,-229.26624411585806
123,3587,559877,-463.0044376648247
123,3588,560055,-116.45782269970556
123,3589,560311,-284.05748857589276
123,3590,560501,-502.44499096113765
123,3591,560662,-309.3134482017151
123,3592,560772,-53.587310312573834
123,3593,560882,-157.5932773015565
123,3594,561065,-204.27005176488046
123,3595,561260,-502.9088379993434
123,3596,561492,-221.42525023146018
123,3597,561589,-148.21592525543642
123,3598,561834,-641.2870873405028
123,3599,561950,-48.91686773635794
123,3600,562168,-322.44714749309514
123,3601,562275,-206.2220934657306
123,3602,563003,-139.17285471784527
123,3603,563224,-591.5130453113691
123,3604,563379,-23.819230315715586
123,3605,563545,-434.56645436728644
123,3606,563719,-392.0870292579415
123,3607,563946,-278.837138139737
123,3608,564114,-5.907031437266738
123,3609,564213,-283.2598457690133
123,3610,564449,-264.46883097848684
123,3611,564558,0.570678279577578
123,3612,564775,-265.9153235649777
123,3613,564871,-306.20968349189343
123,3614,564998,-35.5307575495783
123,3615,565111,-69.45835782353247
123,3616,565304,-313.9186664502833
123,3617,565501,-379.9399271840235
123,3618,565617,-54.767245074475106
123,3619,565829,-229.3388854253834
123,3620,566019,-172.71250587201766
123,3621,566190,-40.35657664362603
123,3622,566314,-94.22089815691125
123,3623,566537,-414.6420993602516
123,3624,566740,-164.32184383752545
123,3625,566968,-531.3909477930807
123,3626,567116,-258.8045787771699
123,3627,567279,-246.75906505841658
123,3628,567391,-308.7080037046203
123,3629,567495,-132.53901041183954
123,3630,567686,-88.49967323148726
123,3631,567772,-36.16959107613528
123,3632,567971,-225.68687666158155
123,3633,568098,-203.39402664475742
123,3634,568190,-342.77124424543695
123,3635,568330,-107.17321789225153
123,3636,568433,-94.96746929198294
123,3637,568532,-228.52793264668276
123,3638,568785,-314.9033080677293
123,3639,568961,-445.4397425645234
123,3640,569089,-235.88594907341633
123,3641,569365,-104.51760542550349
123,3642,569473,-227.2678576374902
123,3643,569657,-369.62145705304636
123,3644,569786,-192.9390698517505
123,3645,569884,-326.4980451494551
123,3646,569964,-113.93452824737417
123,3647,570345,-246.82009663225034
123,3648,570451,-163.3200842940971
123,3649,570620,-341.3259859755092
123,3650,570843,-696.9806598086792
123,3651,571107,-480.2524112356949
123,3652,571282,-549.5134653780726
123,3653,571416,-72.31322823731367
123,3654,571610,-334.33439226873327
123,3655,571743,-327.2389330628573
123,3656,571955,-289.9032198148344
123,3657,572077,-236.04000964403443
123,3658,572295,-344.06871673615126
123,3659,572503,-634.4473468336157
123,3660,572636,-93.4001361688096
123,3661,572799,-293.0990409854726
123,3662,572965,-175.6009329961816
123,3663,573173,-206.6066535382933
123,3664,573326,-495.08356986623306
123,3665,573567,-265.9987003406046
123,3666,573719,-480.22206411182935
123,3667,573844,-92.65720415959044
123,3668,573986,-227.93965226495635
123,3669,574311,-710.0261174004453
123,3670,574479,-235.0774937260617
123,3671,574674,-485.7625738210998
123,3672,574782,-511.28982564136174
123,3673,574952,-418.121078512985
123,3674,575116,-344.27224363197297
123,3675,575297,-519.7334178583105
123,3676,575540,-769.3273524944284
123,3677,575783,-586.1150548642916
123,3678,575903,-322.91989758372677
123,3679,576087,-700.3200964313706
123,3680,576262,-589.1054272237411
123,3681,576519,-80.02820326160172
123,3682,576753,-263.1236743111865
123,3683,576903,-234.63044715337136
123,3684,577070,-45.84263601868038
123,3685,577308,-262.152777462852
123,3686,577434,-114.21915023267198
123,3687,577668,-418.85003778013464
123,3688,577852,-448.17084251581184
123,3689,578061,-476.21643821665225
123,3690,578198,-418.4127954027419
123,3691,578320,-64.27311858750254
123,3692,578628,-174.05965995261155
123,3693,578749,-184.30471836319953
123,3694,578835,-162.37575666476
123,3695,579090,-533.9323220412625
123,3696,579204,-121.48923506817749
123,3697,579324,-120.56467696215799
123,3698,579432,-109.09660821611507
123,3699,579518,-233.68256321755078
123,3700,579786,-349.8858968647153
123,3701,580051,-548.8477590165967
123,3702,580239,-252.01832568811272
123,3703,580342,-73.27383447597083
123,3704,580427,-36.585539279286806
123,3705,580605,-162.9888210655936
123,3706,580830,-246.41411269830365
123,3707,580932,-85.20237879577553
123,3708,581284,7.213647668186596
123,3709,581440,-89.50552019937001
123,3710,581657,-131.38467840636804
123,3711,581979,-675.8530959521368
123,3712,582216,-67.70057018848298
123,3713,582477,-396.4088046167904
123,3714,582611,-299.5635365027765
123,3715,582723,-511.18561015833313
123,3716,582831,-24.179299768753552
123,3717,583050,-205.7992248362355
123,3718,583193,-96.68671798088013
123,3719,583384,-189.56119205760342
123,3720,583516,-50.180461818123796
123,3721,583780,-437.55998546773947
123,3722,583966,-319.7404160780454
123,3723,584172,-245.7428177414485
123,3724,584411,-493.7268916880884
123,3725,584569,-327.0549898393108
123,3726,584731,-170.48525418671292
123,3727,584846,-10.241004251727148
123,3728,584958,-388.06752530627534
123,3729,585232,-21.012061509850184
123,3730,585412,-419.1079439268405
123,3731,586295,-241.13760762587188
123,3732,586416,-299.0023353393086
123,3733,586600,-216.41231607886078
123,3734,586723,-367.73208314406276
123,3735,586828,-208.77150039991253
123,3736,586994,-87.29885663886894
123,3737,587243,-451.08481100319995
123,3738,587418,-191.09115661947558
123,3739,587597,-284.37642954653745
123,3740,587813,-142.83315676902652
123,3741,588036,-656.1400709614784
123,3742,588219,-273.727856978715
123,3743,588613,-331.59649829838077
123,3744,588749,-295.94574639783406
123,3745,589229,-335.9105590411476
123,3746,589329,-247.9683054939115
123,3747,589604,-178.09350095920303
123,3748,589793,-486.8652098917327
123,3749,589985,-211.4854407535201
123,3750,590088,-237.62109527805134
123,3751,590223,-129.2049061860271
123,3752,590363,-59.8453689625385
123,3753,590469,-232.09708653336511
123,3754,590570,-261.93102685550366
123,3755,590703,-75.6076663809161
123,3756,590879,-214.26962833483395
123,3757,591074,-105.16526470538265
123,3758,591182,-8.056024358749156
123,3759,591349,-167.59310824535015
123,3760,591495,-112.15264474709883
123,3761,591762,-37.284397344894785
123,3762,591868,-90.38543148492064
123,3763,592137,-158.21237162723813
123,3764,592296,-92.27357027470511
123,3765,592462,-338.6163019545908
123,3766,592673,-36.823586050180715
123,3767,592820,-365.16351655427894
123,3768,592962,-310.76210437725877
123,3769,593144,-28.95188900861261
123,3770,593457,-310.8582154290588
123,3771,593687,-328.17430353049866
123,3772,593860,-447.6731617253641
123,3773,594114,-221.39934531192392
123,3774,594262,-31.74968039696597
123,3775,594401,-120.64721276437001
123,3776,594485,-19.72168720153809
123,3777,595037,-403.24169853473006
123,3778,595180,-395.32358657619534
123,3779,595328,-378.4918396213487
123,3780,595536,-461.42715073179386
123,3781,595672,-242.50350611599848
123,3782,595904,-455.0576211639944
123,3783,596194,-350.24456667322113
123,3784,596375,-382.1795910628537
123,3785,596480,-394.81134388539476
123,3786,596670,-525.3938313243971
123,3787,596792,-299.75286450557877
123,3788,596890,-280.30998266427423
123,3789,597130,-416.99168070681196
123,3790,597263,-215.73649786502656
123,3791,597633,-212.42072422132327
123,3792,597867,-536.2839669713698
123,3793,597966,-413.49136919001273
123,3794,598088,23.624922195485084
123,3795,598255,-316.4402283282549
123,3796,598459,-430.5753645361515
123,3797,598626,-524.4093147435765
123,3798,598736,-133.2517398379826
123,3799,598830,-265.53635780952106
123,3800,598997,-71.88714686892457
123,3801,599126,-137.77488253682773
123,3802,599302,-301.4827638043605
123,3803,600302,-86.57930834888889
123,3804,600606,-303.44510204822313
123,3805,600781,-142.3705440089681
123,3806,600949,-205.57253534222812
123,3807,601045,-63.00649611035485
123,3808,601155,-65.92249675289187
123,3809,601325,-270.49975189498025
123,3810,601496,-70.69284078180985
123,3811,601591,-327.8557218791544
123,3812,601988,-475.9891915103838
123,3813,602096,-50.727073107833604
123,3814,602230,-90.02226259962534
123,3815,602407,-230.61173166360408
123,3816,602504,-39.82337023629711
123,3817,602743,-269.1425175994772
123,3818,602884,-282.9564388148548
123,3819,603140,-335.6472645468317
123,3820,603337,-61.336783664148996
123,3821,603477,-100.16980162957596
123,3822,603857,-621.7814149598721
123,3823,604092,-161.1599431967283
123,3824,604235,-127.56605991859033
123,3825,604409,-632.1794392713213
123,3826,604550,-214.5785008372884
123,3827,604759,-568.8332564292665
123,3828,604885,-274.80079186186583
123,3829,604996,-155.6167297004826
123,3830,605280,-195.91622567959556
123,3831,605495,-99.46331285140897
123,3832,605593,-151.01467327088685
123,3833,605707,-86.77063754497186
123,3834,605829,-69.15937560645465
123,3835,605942,-203.80724941651988
123,3836,606245,-511.0185966947469
123,3837,606459,-206.71298591868657
123,3838,606652,-334.1075151911306
123,3839,606887,-284.02522576170327
123,3840,607034,-195.031614300389
123,3841,607157,-338.57150306293545
123,3842,607344,-553.5107776600786
123,3843,607486,-289.5090088866549
123,3844,607728,-84.22588554795954
123,3845,607827,-322.15545735479907
123,3846,607905,-28.329363840850235
123,3847,608112,-287.57945983983683
123,3848,608346,-95.50797636890591
123,3849,608479,-146.0556710607625
123,3850,608677,-619.8272657720299
123,3851,608765,-45.823819974144186
123,3852,608925,-207.10357414663156
123,3853,609044,-119.24025001553255
123,3854,609182,-234.42113952392435
123,3855,609364,-58.66435724074972
123,3856,609514,-222.61629770577017
123,3857,609838,-649.4983219081438
123,3858,609968,-370.53585158247427
123,3859,610137,-340.2154882034046
123,3860,610340,-505.56709079777977
123,3861,610457,-112.47416710317276
123,3862,610644,-387.3270061313926
123,3863,610820,18.766498480340772
123,3864,611136,-399.3006320567708
123,3865,611354,-499.0800430609925
123,3866,611750,-839.7648371681129
123,3867,611871,-513.9330982370191
123,3868,612075,-335.0877852062232
123,3869,612309,-297.9180303343954
123,3870,612619,-685.6544590972624
123,3871,612774,-516.326936557906
123,3872,612888,-605.7109828403395
123,3873,613188,-298.4783964911286
123,3874,613297,-368.19547753304505
123,3875,613524,-709.6498042023189
123,3876,613633,-97.19827508753599
123,3877,613794,-258.70409099739345
123,3878,614044,-804.7082717428593
123,3879,614159,-37.273803524217605
123,3880,614287,-207.02178984577344
123,3881,614554,-399.08772424798724
123,3882,614786,-441.3658333189479
123,3883,614916,-57.90516159575604
123,3884,615055,-427.6225578017063
123,3885,615267,-165.54911439174998
123,3886,615612,-255.96501530335937
123,3887,615822,-101.96759608304644
123,3888,616007,-454.44450785229435
123,3889,616201,-391.1142446551191
123,3890,616338,-342.0888837918715
123,3891,616510,-385.28007500506453
123,3892,616827,-372.1838875094005
123,3893,617062,-530.4772846379742
123,3894,617175,-439.5867638608196
123,3895,617279,-231.69400477454212
123,3896,617461,-467.35011568379633
123,3897,617665,-601.3117248361356
123,3898,617837,-399.52857576514475
123,3899,617982,-357.11712652803834
123,3900,618092,-274.39118896315097
123,3901,618186,-53.84951198707519
123,3902,618302,-116.30253368246012
123,3903,618446,-257.0457824579876
123,3904,618653,-106.70377365361286
123,3905,618893,-242.40732532819402
123,3906,618984,-157.81740155808447
123,3907,619144,-88.54554923940121
123,3908,619226,-115.02101786416831
123,3909,619401,-96.83433392655867
123,3910,619489,-266.889241561948
123,3911,620035,-338.71089986503966
123,3912,620143,-26.06916026685313
123,3913,620354,-517.1609721714528
123,3914,620496,-286.2278492095864
123,3915,620590,-332.20796917322775
123,3916,620751,-532.739787795128
123,3917,620989,-377.735569793979
123,3918,621142,-263.99200120200385
123,3919,621300,-479.9128939661232
123,3920,621601,-356.767935378473
123,3921,621889,-284.8754612692757
123,3922,622002,-79.52519153859438
123,3923,622229,-158.64034307581986
123,3924,622421,-354.324037235461
123,3925,622609,-466.6437781115723
123,3926,622769,-416.65431078593576
123,3927,622881,-142.59879350333108
123,3928,623095,-339.1846259332958
123,3929,623207,-8.287567513410067
123,3930,623550,-127.56949999434599
123,3931,623812,-529.486168218474
123,3932,623983,-364.36636412892256
123,3933,624099,-20.029433297941935
123,3934,624244,-247.15844338243096
123,3935,624363,-112.21330302068833
123,3936,624555,-193.6512797592054
123,3937,624856,-346.6127166577538
123,3938,624964,-375.1669834211738
123,3939,625059,-192.6801010575462
123,3940,625276,-154.86878195784456
123,3941,625469,-457.5417427763908
123,3942,625593,-79.11111525614271
123,3943,625829,-575.2746717545999
123,3944,625972,-280.1660096023792
123,3945,626098,-49.97331503405834
123,3946,626365,-565.2763078253204
123,3947,626555,-490.8460007032026
123,3948,626649,-86.56056285730767
123,3949,626911,-192.01322350773034
123,3950,627139,-305.71585231967344
123,3951,627370,-324.5941975928788
123,3952,627476,-453.78174696623114
123,3953,627599,-157.59826166403187
123,3954,627793,-400.0552623649906
123,3955,627893,-96.45433260482058
123,3956,628037,-476.8601780518401
123,3957,628226,-529.8711951777518
123,3958,628382,-513.827565345451
123,3959,628596,-301.6328332454731
123,3960,628804,-329.1585195462896
123,3961,628917,-524.0809963499546
123,3962,629072,-346.0311123037319
123,3963,629230,-622.1164538278546
123,3964,629385,-318.8242753421097
123,3965,629517,-368.6096089288811
123,3966,629660,-517.596237815077
123,3967,629805,-243.4740194541416
123,3968,629913,-65.27937514675364
123,3969,630084,-369.9157505691639
123,3970,630268,-333.25480104096334
123,3971,630392,-140.94714720184413
123,3972,630557,-568.0599498778929
123,3973,630732,-482.1685392464618
123,3974,631008,-343.30654177930757
123,3975,631219,-276.65991997500987
123,3976,631381,-473.70543348931506
123,3977,631616,-444.8942232617185
123,3978,631839,-456.3880677733181
123,3979,632081,-260.3748324904773
123,3980,632214,-199.65941247709065
123,3981,632355,-292.91888774419914
123,3982,632677,-351.41513125042286
123,3983,632877,-274.18427080860806
123,3984,633077,-463.5896145175776
123,3985,633256,-422.3741062283937
123,3986,633374,-436.6650358266679
123,3987,633496,-91.3085025344641
123,3988,633646,-51.384186042116085
123,3989,633802,-403.62359968168664
123,3990,634009,-86.30178276321794
123,3991,634169,-387.388425769616
123,3992,634258,-211.403138860741
123,3993,634401,-100.21870369785931
123,3994,634533,-226.69698000850218
123,3995,634654,-164.52837057173747
123,3996,634741,-172.90308377958254
123,3997,634839,-404.5247958655933
123,3998,635004,-325.89162945412755
123,3999,635151,-302.3071171054911
123,4000,635284,-106.887897762565
123,4001,635389,-133.20142134490771
123,4002,635573,-373.2408074665507
123,4003,635685,-134.66683407380822
123,4004,636337,-292.6596672403508
123,4005,636506,-264.11921824204
123,4006,636633,8.497155305353061
123,4007,636847,-261.78492203586654
123,4008,637122,-345.88153562238125
123,4009,637323,-366.6322420381363
123,4010,637553,-285.27061587602
123,4011,637779,-291.75544414823156
123,4012,637889,-380.26315903941054
123,4013,638044,-260.4688629922598
123,4014,638185,-566.063427059987
123,4015,638300,-424.749766646098
123,4016,638413,-259.9436463107142
123,4017,638532,-64.71703319490351
123,4018,638652,-542.3264567470876
123,4019,638817,-347.416364623772
123,4020,638951,-282.7515700312969
123,4021,639103,-448.5330563881068
123,4022,639289,-333.5686650786998
123,4023,639396,-88.93383605499346
123,4024,639514,-193.2949424629171
123,4025,639693,-137.90384738202692
123,4026,639843,-217.69533977030233
123,4027,639984,-131.9584611216212
123,4028,640126,-174.09760997059522
123,4029,640435,-264.5153014144762
123,4030,640566,-140.8785360947833
123,4031,640669,-95.99990582295368
123,4032,640976,-126.59320815756827
123,4033,641094,-453.5502410601711
123,4034,641183,-171.10006939189248
123,4035,641366,-90.2984759820644
123,4036,641460,-81.78808192088577
123,4037,641638,-171.18335902508733
123,4038,641811,-262.4392071059601
123,4039,642004,-158.4440117777072
123,4040,642236,-573.9558470018818
123,4041,642463,-409.80492812866635
123,4042,642645,-650.7295228592693
123,4043,642747,-357.5086114558093
123,4044,643041,-428.0575525214288
123,4045,643152,-283.18049898969304
123,4046,643365,-393.8431802146575
123,4047,643457,-71.19171932757777
123,4048,643626,-524.8141740566671
123,4049,643785,-247.4586484219087
123,4050,643857,-217.05687530425905
123,4051,643991,-115.55498659627473
123,4052,644107,-101.10208449408289
123,4053,644253,-335.8670317088062
123,4054,644460,-340.4771002204135
123,4055,644608,-295.38405408923643
123,4056,644707,-105.09108716311555
123,4057,644893,-377.2122733662818
123,4058,645012,-229.37100309806289
123,4059,645219,-242.46028474441587
123,4060,645348,-30.52116241995536
123,4061,645682,-226.1429094601143
123,4062,645923,-318.68173925126234
123,4063,646160,-304.0547780501823
123,4064,646269,-423.60219649390416
123,4065,646377,-78.89387854843706
123,4066,646470,-194.53147405128877
123,4067,646621,-353.00923105603385
123,4068,646877,-162.71031304974753
123,4069,647160,-277.0147781766795
123,4070,647263,-291.6578759044541
123,4071,647454,-518.6748193622493
123,4072,647696,-315.97884109042997
123,4073,647922,-270.38430811187186
123,4074,648056,-112.25778831004499
123,4075,648288,-279.4278853933845
123,4076,648502,-242.62089392967667
123,4077,648626,-106.03721637663168
123,4078,648784,-77.25466071445146
123,4079,648947,4.637587235795621
123,4080,649037,-197.46905155461795
123,4081,649297,-151.61545303094073
123,4082,649411,-153.3682672373276
123,4083,649523,-97.64156382830677
123,4084,649676,-495.3492553560142
123,4085,649833,-71.68791246694124
123,4086,649915,-93.56029058078965
123,4087,650196,-409.5057962608127
123,4088,650328,-223.51039475616344
123,4089,650499,-611.2132233548468
123,4090,650594,-210.9485739064785
123,4091,650716,-129.7578313818843
123,4092,650907,-216.5400762911359
123,4093,651009,-223.95317783894384
123,4094,651088,-53.852293957113886
123,4095,651252,-503.30333766350554
123,4096,651350,-238.964413899833
123,4097,651481,-25.458989753009433
123,4098,651665,-387.8042150758591
123,4099,651794,-290.51377486700085
123,4100,652195,-118.41822670390918
123,4101,652417,-195.9469708669134
123,4102,652700,-57.06677733382264
123,4103,652849,-272.153561022943
123,4104,652967,-315.82598438424884
123,4105,653166,-241.9860684925216
123,4106,653322,-268.5528084542137
123,4107,653438,-241.87691153673518
123,4108,653557,-89.85484054312279
123,4109,653830,-701.8413008272986
123,4110,654076,-373.19762791266663
123,4111,654200,-16.24244772119637
123,4112,654302,-340.1763088207436
123,4113,654406,-114.64239192321234
123,4114,654626,-469.65945642965085
123,4115,654800,-547.7349278288982
123,4116,654957,-385.75658744910794
123,4117,655078,-337.9002573492245
123,4118,655253,-462.37766956399963
123,4119,655368,-471.6079111555074
123,4120,655613,-391.17626698904314
123,4121,655718,21.61118156532018
123,4122,655815,-76.2482494933823
123,4123,656158,-478.86881032274005
123,4124,656253,-231.60658730340953
123,4125,656471,-155.35273605568221
123,4126,656562,-197.43410536976882
123,4127,656916,-508.33224990431063
123,4128,657200,-296.0758900540678
123,4129,657331,-290.78440949549235
123,4130,657446,-212.4122883398854
123,4131,657636,-251.73181976453887
123,4132,657736,-239.31421952684786
123,4133,657910,-323.49100802879195
123,4134,658050,-293.70135225924287
123,4135,658197,-355.7302757393319
123,4136,658304,-87.13196384974057
123,4137,658420,-181.67585403945833
123,4138,658548,-160.14551568468758
123,4139,658713,-573.7697572589477
123,4140,658835,-168.39806418740878
123,4141,658952,-20.375075518224136
123,4142,659092,-160.58597782438034
123,4143,659233,-214.09600856049292
123,4144,659401,-448.50895295589015
123,4145,659531,-99.8747311338478
123,4146,659686,-220.0337925824884
123,4147,659902,-206.69086067326765
123,4148,660180,-396.9349307802694
123,4149,660399,-252.26915471360599
123,4150,660635,-69.9977406764861
123,4151,660790,-300.9564754484262
123,4152,661101,-291.0354759825176
123,4153,661230,-113.36827285871203
123,4154,661457,-453.6677123116717
123,4155,661734,-187.17178858026293
123,4156,661895,-397.81541036713924
123,4157,662047,-187.83571076133867
123,4158,662250,-376.4183120792166
123,4159,662450,-355.0251165871019
123,4160,662547,-175.2476097235114
123,4161,662663,-154.1128765326795
123,4162,662900,-494.75128028421096
123,4163,663064,-634.5828257231191
123,4164,663215,-209.05950118402959
123,4165,663394,-334.39988641578674
123,4166,663518,-597.7985755137099
123,4167,663646,-225.66241753038315
123,4168,663820,-350.7234869912166
123,4169,663948,-67.31800172298887
123,4170,664103,-558.492467186917
123,4171,664337,-641.9819408148945
123,4172,664437,-572.5188301362662
123,4173,664655,-806.4152278096575
123,4174,664845,-423.82130303383775
123,4175,664947,-573.0765670274725
123,4176,665136,-627.734522032184
123,4177,665242,-419.90553828190366
123,4178,665422,-331.6085291822869
123,4179,665645,-511.04155451322686
123,4180,665790,-210.17283478237565
123,4181,665982,-485.0688840747583
123,4182,666107,-293.9313023630735
123,4183,666218,-489.88035210904746
123,4184,666342,-77.39502436917552
123,4185,666442,-485.4808709177468
123,4186,666596,-98.0648596130132
123,4187,666848,-625.5354680435868
123,4188,666956,-218.68498510629047
123,4189,667174,-649.7091083271833
123,4190,667274,-92.90464401392896
123,4191,667399,-430.00617373475467
123,4192,667514,-288.35125292310187
123,4193,667648,-198.6014921485295
123,4194,667804,-355.93776052240355
123,4195,667948,-483.3423802156692
123,4196,668120,-386.3238709322429
123,4197,668282,-309.10213323912853
123,4198,668453,-69.28442683548668
123,4199,668930,-129.69603204587412
123,4200,669109,-466.52293069723663
123,4201,669367,-74.9691780439804
123,4202,669473,-109.36166172642461
123,4203,669628,-273.8482001418081
123,4204,669840,-363.8998247133621
123,4205,670110,-569.2100343504892
123,4206,670239,-162.41796787560443
123,4207,670434,-190.98961193836513
123,4208,670707,-519.7183875606343
123,4209,670897,-597.3940525703317
123,4210,671044,-258.1552858998461
123,4211,671264,-217.7041301953181
123,4212,671358,-7.196150687321335
123,4213,671458,-208.79875138916992
123,4214,671721,-83.12832426391715
123,4215,671896,-30.973909602138036
123,4216,672173,-376.8675675798167
123,4217,672534,-223.58336272083878
123,4218,672678,-82.42201617570282
123,4219,672801,-175.2943988533923
123,4220,672931,-83.27918399203978
123,4221,673058,-165.83911308771707
123,4222,673257,-233.7551312238366
123,4223,673367,-97.4036315145163
123,4224,673481,-366.1594726380992
123,4225,673682,-608.4042513216125
123,4226,673920,-385.71807982611796
123,4227,674143,-389.5327226650105
123,4228,674279,-213.74941929946
123,4229,674508,-296.13400908603955
123,4230,674617,-644.7193802612203
123,4231,674788,-422.25306273164256
123,4232,674882,-124.51309992261251
123,4233,675091,-171.3681869649381
123,4234,675340,-314.84940535213195
123,4235,675436,-515.2093115277833
123,4236,675538,-324.9181994101043
123,4237,675645,-64.78004169772737
123,4238,675902,-296.0828296367282
123,4239,676000,6.373486245426676
123,4240,676106,-53.067883873197616
123,4241,676289,-294.0204885006552
123,4242,676435,-110.99488840037087
123,4243,676610,-335.40702555806064
123,4244,676768,-223.00666412900887
123,4245,676887,-482.9578246564163
123,4246,677103,-545.7071522881384
123,4247,677698,-477.64222488735186
123,4248,677866,-594.4699887253347
123,4249,678108,-566.7257038040808
123,4250,678347,-528.4628395744435
123,4251,678528,-394.953564943548
123,4252,678710,-521.6878361189256
123,4253,678863,-321.1270727166601
123,4254,679024,-522.5873710002882
123,4255,679401,-491.68246721982956
123,4256,679545,-204.19770287306432
123,4257,679807,-445.815509590544
123,4258,680068,-315.5228426658423
123,4259,680167,-384.3986287633655
123,4260,680283,-258.24241201267955
123,4261,680418,-141.1018570012163
123,4262,680501,-365.8062301804596
123,4263,680613,-22.810982955843258
123,4264,680866,-138.73834170735745
123,4265,681071,-414.19264822100286
123,4266,681152,-126.15838423634638
123,4267,681380,-287.9610023977374
123,4268,681603,31.049547303239308
123,4269,681741,-259.3564848646977
123,4270,681938,-367.3194529386637
123,4271,682063,-352.6687698307243
123,4272,682182,-89.95608477665888
123,4273,682274,-64.53852536365578
123,4274,682369,-84.26709692677306
123,4275,682622,-592.8306589459603
123,4276,683109,-38.63378394755321
123,4277,683251,-126.97462190685322
123,4278,683431,-672.1658234036845
123,4279,683796,-263.9485687037039
123,4280,684080,-252.45312566051243
123,4281,684229,-395.2446988293298
123,4282,684413,-510.6061306509181
123,4283,684598,-456.13965173786573
123,4284,684720,-312.26613944868393
123,4285,684879,-135.00076600439596
123,4286,684994,-224.7286446105156
123,4287,685094,-123.73468048890975
123,4288,685392,-435.76042735277116
123,4289,685552,-409.2309663091418
123,4290,685669,-39.02899625869373
123,4291,685840,-141.14916096393102
123,4292,685984,-66.57997650784525
123,4293,686135,-185.94910506971493
123,4294,686363,-137.70121962469244
123,4295,686561,-143.75253762899052
123,4296,686714,-455.1787965237097
123,4297,686904,-280.9927782339317
123,4298,687025,-40.876826478857424
123,4299,687135,-436.87265624885737
123,4300,687221,-66.16312315256226
123,4301,687511,-326.3890134685089
123,4302,687620,-105.93784375620119
123,4303,687846,-460.28698527872683
123,4304,688059,-285.4369027600259
123,4305,688224,-313.9216099271476
123,4306,688444,-507.21929221028273
123,4307,688840,-171.82933611472276
123,4308,688986,-364.8812469511495
123,4309,689217,-331.1315911117269
123,4310,689365,-342.129507679268
123,4311,689533,-507.8320856760713
123,4312,689779,-427.8146466868608
123,4313,689959,-524.6830841164026
123,4314,690073,-71.51788158940961
123,4315,690179,-488.3804086963552
123,4316,690289,-126.77266997431352
123,4317,690517,-100.13613323315975
123,4318,690679,-566.0418013780932
123,4319,690856,-324.8601706985339
123,4320,691012,-571.5264233626834
123,4321,691158,-310.1809780111136
123,4322,691277,-116.94015712023601
123,4323,691519,-399.00402869967115
123,4324,691606,-350.2065310699995
123,4325,691703,-201.35311679821746
123,4326,691956,-366.1952223898967
123,4327,692181,-353.9475780263242
123,4328,692345,-242.78513876697008
123,4329,692436,-175.48919294814652
123,4330,692530,-172.82088965811312
123,4331,692668,-274.587904718906
123,4332,692815,-408.40267015134526
123,4333,692907,-239.17511274042812
123,4334,693081,-200.36801266960495
123,4335,693278,-229.48046746651272
123,4336,693403,-97.75970594547424
123,4337,693511,-152.9802236253391
123,4338,694511,-106.11250009117997
123,4339,694675,-451.10310207030767
123,4340,694779,-222.8478920146327
123,4341,695034,-235.92620158771516
123,4342,695144,-212.75756522496454
123,4343,695440,-351.60973773576575
123,4344,695587,-191.37031740508695
123,4345,695734,59.07608523842245
123,4346,695872,-76.53689543068481
123,4347,695997,-376.53843881311155
123,4348,696131,-218.73849822049766
123,4349,696244,67.91531407267351
123,4350,696430,-126.32213176944468
123,4351,696586,-216.59487697654265
123,4352,696790,-412.21524266791386
123,4353,696996,-374.12013918974895
123,4354,697249,-299.919213123963
123,4355,697538,-217.72444454114577
123,4356,697625,-106.65785980796367
123,4357,697845,-369.3155069338863
123,4358,697925,-116.65810740282015
123,4359,698040,-83.12775849582876
123,4360,698226,3.9650679351376965
123,4361,698349,-83.27004815269093
123,4362,698467,-314.2202116584429
123,4363,698581,-215.27097906218665
123,4364,698693,-385.2043596169509
123,4365,698781,-279.16313795276415
123,4366,699615,-227.85000476898256
123,4367,699770,-92.41647327289958
123,4368,699926,-346.3439430394917
123,4369,700059,-81.7004590269841
123,4370,700228,-347.1543147176958
123,4371,700397,-415.52326983782535
123,4372,700562,-15.923251584354745
123,4373,700715,-142.29559657940314
123,4374,700935,-233.82158442920857
123,4375,701080,-34.03228809966785
123,4376,701210,-227.09390673681756
123,4377,701308,-235.27038516635074
123,4378,701458,-305.39406896063633
123,4379,701667,-569.0832855945649
123,4380,701766,-267.83155617308694
123,4381,701913,-354.34030125669346
123,4382,702047,-94.6048691896648
123,4383,703047,-202.64077767578442
123,4384,703143,-70.36794517859663
123,4385,703244,-111.77992012507855
123,4386,703421,-306.8236148220652
123,4387,703615,-374.7606334150047
123,4388,703749,-82.68018337979844
123,4389,703858,-137.19502369486804
123,4390,704023,-323.6593909164808
123,4391,704175,-420.85764642869856
123,4392,704332,-615.0408933989236
123,4393,704558,-466.1290342657911
123,4394,705436,-325.7052322652369
123,4395,705571,-313.0054129937115
123,4396,705678,-244.73818648495268
123,4397,705791,-11.070541929781115
123,4398,706016,-569.9933788408916
123,4399,706299,-221.19978202510924
123,4400,706405,-16.048013330237865
123,4401,706491,-219.2172669723509
123,4402,706596,-429.7407013071144
123,4403,706694,-57.63474058555824
123,4404,706848,-177.8155901746026
123,4405,706943,-54.00161208120285
123,4406,707158,-380.89081114337705
123,4407,707287,-105.37856262224189
123,4408,707423,-212.17277522067803
123,4409,707628,-314.82403343250337
123,4410,707798,-161.21457486103043
123,4411,707978,-421.15254995180095
123,4412,708144,-94.97411178261126
123,4413,708278,-244.55004267688545
123,4414,708444,-513.1351165472539
123,4415,708683,-264.1976397425028
123,4416,708868,-57.51584982256839
123,4417,708973,-161.11747741309222
123,4418,709221,-389.4952152220254
123,4419,709322,-109.35085253536485
123,4420,709430,-132.35893823447265
123,4421,709624,-527.9712860376749
123,4422,709725,-39.722762444999006
123,4423,709918,-153.04610737097033
123,4424,710138,-122.87746849863899
123,4425,710235,-442.3950512229628
123,4426,710418,-409.3304789807648
123,4427,710523,-485.21761465758823
123,4428,710766,-532.9658812131946
123,4429,710890,-75.90694885735232
123,4430,711043,-442.5511598614108
123,4431,711159,-441.82545589492156
123,4432,711298,-357.33748702055743
123,4433,711563,-671.448617174309
123,4434,711792,-555.14418829656
123,4435,711977,-535.6349688665352
123,4436,712182,-348.0376373874959
123,4437,712492,-546.5380328256558
123,4438,712609,-312.33648639077626
123,4439,712895,-356.04012822766856
123,4440,712999,-158.2179403789457
123,4441,713137,-98.80072169253134
123,4442,713315,-277.35606291021656
123,4443,713889,-368.86439712833544
123,4444,714138,-259.654317583599
123,4445,714302,-424.42825410718365
123,4446,714406,-126.12765645534307
123,4447,714559,-18.77547935284015
123,4448,714722,-476.2839099949886
123,4449,714869,-63.080537384562376
123,4450,714961,8.43117588735143
123,4451,715148,-65.7804347742179
123,4452,715266,-205.679074231953
123,4453,715440,-361.4529206233286
123,4454,715577,-47.216539153253564
123,4455,715790,-200.51655963098324
123,4456,715882,-63.003965735178106
123,4457,716086,-320.08278532899294
123,4458,716188,-344.696579490001
123,4459,716413,-349.1610399518187
123,4460,716545,-45.46048760637336
123,4461,716710,-179.57622047997253
123,4462,716833,-390.5775431658233
123,4463,716985,-156.89981089948026
123,4464,717171,-628.7173536986933
123,4465,717275,-414.4173568429903
123,4466,717429,-379.29350139315216
123,4467,717560,-197.77803346155181
123,4468,717672,-25.99678395680587
123,4469,717801,-484.2246771428055
123,4470,717942,-338.6800459585626
123,4471,718072,-396.93257746466776
123,4472,718237,-661.9758550645505
123,4473,718375,-306.16999501168743
123,4474,718486,-595.1213349549289
123,4475,718661,-317.2177540836939
123,4476,718871,-459.26652285697554
123,4477,718996,-104.88906923036176
123,4478,719183,-78.71276853545825
123,4479,719315,-249.20218585545393
123,4480,719417,-496.00205880013056
123,4481,719626,-18.17046326969718
123,4482,719750,-364.32608366815185
123,4483,719962,-600.0576652145667
123,4484,720096,-192.7189952828126
123,4485,720220,-282.1269380686324
123,4486,720394,-421.0190027719136
123,4487,720643,-632.4442935037434
123,4488,720733,-174.01082982959667
123,4489,720857,-60.44294678658011
123,4490,720948,-255.83449634731045
123,4491,721135,-312.3736058234957
123,4492,721309,-388.4449136056686
123,4493,721436,-159.60974804516596
123,4494,721574,-371.10314406743976
123,4495,722220,-801.6022901396692
123,4496,722315,-237.3898710277103
123,4497,722427,-87.79614166502991
123,4498,722535,-8.098780434864196
123,4499,722742,-349.09082646102763
123,4500,723034,-449.0110960820084
123,4501,723203,-82.20691623103554
123,4502,723429,-380.5878419124238
123,4503,723558,-160.8537124016833
123,4504,723695,-265.9387639212537
123,4505,723871,-185.2032649916129
123,4506,723992,-334.507086657193
123,4507,724139,-31.890648669746213
123,4508,724366,-131.81272927974163
123,4509,724705,-518.1734486260764
123,4510,724901,-125.0244943713034
123,4511,725055,-20.732766592585648
123,4512,725160,-120.5038263244455
123,4513,725270,-113.38399913395563
123,4514,725378,-186.73328855129284
123,4515,725476,-88.88860356335142
123,4516,726476,-150.80896239298195
123,4517,726649,-223.92415945621926
123,4518,726843,-53.21699658446259
123,4519,727044,-501.049085014735
123,4520,727185,-162.9879873358905
123,4521,727319,-62.00268152838358
123,4522,727467,-166.05160243268386
123,4523,727815,-120.32934897225682
123,4524,727927,-309.25752642764536
123,4525,728040,-431.1936855763601
123,4526,728133,-54.41750434618042
123,4527,728416,-218.67447667552756
123,4528,728554,-185.27714802947614
123,4529,728679,-77.7963083821618
123,4530,728828,-274.4490831312106
123,4531,729007,-602.6791929828294
123,4532,729188,-505.7409744524497
123,4533,729343,-521.7163917263151
123,4534,729556,-368.2999796858732
123,4535,729758,-496.71674357170053
123,4536,729919,-606.2716950411707
123,4537,730028,-608.3575389144808
123,4538,730155,-48.86998470945957
123,4539,730348,-472.2273793739109
123,4540,730633,-348.5992643070532
123,4541,730844,-403.8107485308457
123,4542,730965,-417.3869506330541
123,4543,731076,-483.95888131011253
123,4544,731182,-233.81230176781298
123,4545,731510,-322.2430541341537
123,4546,731686,-505.61536161464164
123,4547,731888,-353.3487360671875
123,4548,732099,-292.8414336030834
123,4549,732217,-282.93870237964995
123,4550,732372,-226.96098503060904
123,4551,732939,-434.63374721249437
123,4552,733114,-203.1725025913858
123,4553,733193,-60.25131993153034
123,4554,733352,-107.19712081947297
123,4555,733635,-9.076015943851402
123,4556,733743,-127.32949205302884
123,4557,734723,-306.97320077124544
123,4558,734890,-74.67976205311702
123,4559,734986,-99.50952297264423
123,4560,735122,-72.50477919016566
123,4561,735219,-57.062251887500025
123,4562,735447,-96.77513370523518
123,4563,735662,-206.7428267213553
123,4564,735777,-60.12318689833755
123,4565,735886,-224.75049228743285
123,4566,736314,-19.46195799786406
123,4567,736402,-253.1947159490466
123,4568,736637,-299.5340318174148
123,4569,736746,-488.6458130903295
123,4570,737015,-401.1084493343512
123,4571,738015,-627.2167067757094
123,4572,738119,-479.1697448125415
123,4573,738293,-313.87665353424086
123,4574,738479,-522.1541442724048
123,4575,738578,-387.8958309045469
123,4576,738723,-209.1282059944159
123,4577,738858,-537.2820229293766
123,4578,738981,-259.46785588826924
123,4579,739214,-618.7545195301666
123,4580,739448,-386.22677668816243
123,4581,739592,-300.7580788049129
123,4582,739789,-564.5785274493068
123,4583,739991,-474.11552476803735
123,4584,740190,-205.12184742282352
123,4585,740309,-350.1739424074238
123,4586,740437,-271.779429903832
123,4587,740549,23.29875422208029
123,4588,740813,-248.02227439085092
123,4589,740954,-262.4344329571188
123,4590,741189,-449.17029826623036
123,4591,741334,-306.09765197516754
123,4592,741423,-68.37214272751515
123,4593,741506,-239.67673646314546
123,4594,741666,-482.26065150102596
123,4595,741849,-236.20762997445172
123,4596,742135,-434.33040378436215
123,4597,742248,-213.34586805343787
123,4598,742397,-69.83505164959847
123,4599,742527,-57.03407195038603
123,4600,742645,-121.18137080082883
123,4601,742744,-111.81525367589451
123,4602,742908,-80.23226985927305
123,4603,743184,-409.3168349274599
123,4604,743404,-142.8465024381618
123,4605,743575,-602.2695452947582
123,4606,743697,-195.15901661023432
123,4607,743972,-302.90103741543976
123,4608,744078,-183.16355931186035
123,4609,744204,-309.7287247994535
123,4610,744307,-437.17900556306944
123,4611,744449,-315.9986750101592
123,4612,744617,-597.949139181952
123,4613,744834,-328.88476889209653
123,4614,744974,-213.0576168659329
123,4615,745062,-293.0922654467985
123,4616,745142,-85.73417372276873
123,4617,745282,-216.39837176236975
123,4618,745436,-407.679464573365
123,4619,745522,-55.56388654699073
123,4620,745651,-63.926155901721586
123,4621,745818,-216.74838612704707
123,4622,745935,-452.4139215046313
123,4623,746122,-511.63828019525386
123,4624,746248,-59.238341358109324
123,4625,746431,-136.69527565049984
123,4626,746682,-297.8299358157017
123,4627,746863,-313.3216948791826
123,4628,747082,-246.26835668080201
123,4629,747172,-61.11832789289583
123,4630,747266,-232.0789613893282
123,4631,747432,-447.602118631842
123,4632,747624,-176.969623042782
123,4633,747732,-121.88059062222247
123,4634,747915,-530.8103245882639
123,4635,748004,-230.9408308775034
123,4636,748402,24.546410363368594
123,4637,748572,-566.0889564601191
123,4638,748761,-314.8746371273688
123,4639,749057,-485.8649335889429
123,4640,749980,-366.9563082032166
123,4641,750164,-550.0607266141067
123,4642,750339,-346.42324603431945
123,4643,750509,-475.50376874054894
123,4644,750635,-109.48001517170646
123,4645,750949,-185.07205807374163
123,4646,751097,-402.677309665982
123,4647,751310,-249.14072958535175
123,4648,751395,-219.27997335053735
123,4649,751611,-507.89162126013525
123,4650,751802,-375.4580191204418
123,4651,751953,-378.6177921428903
123,4652,752138,-351.4193459367549
123,4653,752311,-306.78528667802993
123,4654,752406,-162.42285739289875
123,4655,752492,25.51506962129426
123,4656,752633,-170.71283858053607
123,4657,752799,-305.15549305867535
123,4658,752916,-475.6738733208231
123,4659,753063,-253.0631463905584
123,4660,753190,-707.7039342104134
123,4661,753298,-386.8603041735698
123,4662,753401,-428.1186276205117
123,4663,753517,-28.369129308288976
123,4664,753941,-39.537332966591876
123,4665,754680,-110.1542455197245
123,4666,754782,-63.85716793684602
123,4667,754994,-284.2101074656265
123,4668,755176,-114.48692359513721
123,4669,755281,-475.49627444679817
123,4670,755431,-273.92229865320394
123,4671,755555,-588.1845727761513
123,4672,755712,-256.50690769801406
123,4673,755818,-450.0170188197851
123,4674,755948,-274.09378414895207
123,4675,756482,-353.87167806348134
123,4676,756590,-371.39692704095
123,4677,757001,-255.45224080343442
123,4678,757103,-456.2964541742507
123,4679,757310,-470.60174808282284
123,4680,757531,-345.1774184696825
123,4681,757693,-288.45732584474496
123,4682,757875,-128.79968756500114
123,4683,758069,-274.29189428550774
123,4684,758770,-268.49454224054915
123,4685,759503,-225.63917138688498
123,4686,759681,-479.740519316021
123,4687,759847,-533.5275795581433
123,4688,759980,-178.71859526955686
123,4689,760173,-206.9465482789841
123,4690,760406,-678.4709459636343
123,4691,760719,-246.5898144514866
123,4692,760823,-399.3840178928195
123,4693,760992,-338.2111333604926
123,4694,761150,-475.32450368396246
123,4695,761269,-282.09484285611086
123,4696,761392,-311.4174975485786
123,4697,761942,-27.649714517430198
123,4698,762119,-259.42392915453985
123,4699,762431,-413.2884512635619
123,4700,762640,-88.78460457989637
123,4701,762748,-228.48136961281668
123,4702,762965,-301.17823009342607
123,4703,763363,-442.0635049165489
123,4704,763717,-295.1024088463871
123,4705,763884,-205.3529359122802
123,4706,764022,-223.0757785911658
123,4707,764212,-172.02531509588215
123,4708,764314,-105.69740908108353
123,4709,764449,-267.06349462279786
123,4710,764557,-411.9872732227357
123,4711,764747,-381.63438967166223
123,4712,764841,-260.34135953721386
123,4713,764938,-258.51355633531443
123,4714,765239,7.59556401942271
123,4715,765375,-273.21289571339616
123,4716,765479,-101.00111731818683
123,4717,765671,-329.9155742403775
123,4718,765841,-493.056959383029
123,4719,765993,-401.078200525988
123,4720,766169,-162.54337617301746
123,4721,766272,-419.3412913827137
123,4722,766419,-289.5367154288657
123,4723,766515,-285.0355513206804
123,4724,766700,-246.6844383227773
123,4725,766842,-122.7329357997083
123,4726,767005,-376.88089828840646
123,4727,767206,-412.4762609601996
123,4728,767327,-27.174149077926003
123,4729,767651,-683.9325887017494
123,4730,767814,-50.09542951418233
123,4731,767930,-521.0585797091494
123,4732,768128,-621.4639331256429
123,4733,768371,-136.3000019893235
123,4734,768613,-415.22186795010845
123,4735,768895,-81.19987032883928
123,4736,769122,-491.96367104986473
123,4737,769226,-98.70194802926295
123,4738,769506,-597.8255999020515
123,4739,769634,-314.1050755227999
123,4740,769865,-544.7726015836794
123,4741,770077,-397.3630691132072
123,4742,770241,-596.2274291774168
123,4743,770333,-87.80374084923191
123,4744,770498,-137.5655544503018
123,4745,770575,-119.26502147217347
123,4746,770698,-307.54841950649325
123,4747,770844,-293.56144719611603
123,4748,770936,-369.561811296147
123,4749,771062,-332.2533183408948
123,4750,771188,-187.36641979902777
123,4751,771336,-212.36264866701964
123,4752,771480,-99.80192415723955
123,4753,771647,-612.1019981287944
123,4754,771779,-210.03924907185453
123,4755,771859,-319.49008385562547
123,4756,771964,-144.4873679083858
123,4757,772100,11.479761493456976
123,4758,772189,-150.18736981681437
123,4759,772314,-212.86875682776477
123,4760,772454,-94.28824841403312
123,4761,772572,-23.32292794951769
123,4762,772660,-152.65250515104756
123,4763,772734,-117.80246281399076
123,4764,772834,-310.9831627899446
123,4765,772984,-6.065010585653454
123,4766,773127,-182.22589515813263
123,4767,773265,-211.3218476553502
123,4768,773361,-192.28796331979254
123,4769,773471,-170.32033426140364
123,4770,773622,-351.1458899255716
123,4771,773842,-272.7651231941078
123,4772,773970,-177.39183087013086
123,4773,774071,31.14717153010787
123,4774,774234,-598.309576920653
123,4775,774372,-175.43368906440833
123,4776,774518,-475.956728635898
123,4777,774671,-500.0704321617641
123,4778,774769,-199.02204467067202
123,4779,774863,-134.00367187860294
123,4780,775006,-336.95029222177664
123,4781,775129,-290.1789772294034
123,4782,775303,-627.1699528746288
123,4783,775652,-372.690390303761
123,4784,776006,-448.5133015947738
123,4785,776115,-89.13311984592592
123,4786,776272,-74.48460584937621
123,4787,776359,-292.9169124170729
123,4788,776675,-298.87645368149674
123,4789,776806,-90.78600918541227
123,4790,776949,-173.95335659654097
123,4791,777249,-93.58324544409415
123,4792,777435,-545.6124792854653
123,4793,777530,-81.95604107150908
123,4794,777650,-115.70056368379443
123,4795,777918,-518.0181615327898
123,4796,778022,-495.98771219921315
123,4797,778264,-282.6185914516544
123,4798,778345,-312.7419526736377
123,4799,778449,-97.41446105671457
123,4800,778546,-109.42719229078017
123,4801,778836,-453.130412256545
123,4802,779011,-709.1265621684244
123,4803,779199,-482.57414691988924
123,4804,779467,-323.52022117445074
123,4805,779685,-487.13800087232073
123,4806,779803,-41.4023456993652
123,4807,780052,-298.4916954300639
123,4808,780203,-450.8340235225057
123,4809,780325,-60.795683542560425
123,4810,780428,-147.28004507223784
123,4811,780541,-109.12050729173276
123,4812,780653,-70.26850640592266
123,4813,780791,-216.1407767931
123,4814,780969,-564.9477528368549
123,4815,781075,-344.4230923891747
123,4816,781186,-72.76884182229904
123,4817,781295,-376.16019394233007
123,4818,781430,-310.79659236450397
123,4819,781569,-81.69435148098036
123,4820,781722,-257.86164258340176
123,4821,781864,-305.42462158261196
123,4822,782030,-239.6650709118082
123,4823,782163,-169.1463041583388
123,4824,782297,-123.37227518668487
123,4825,782530,-300.348996727675
123,4826,782656,-65.47141278283871
123,4827,782909,-85.15496393661358
123,4828,783197,-446.00842491590214
123,4829,783453,-614.8030859879407
123,4830,783621,-397.7935735719593
123,4831,783788,-647.8248706916613
123,4832,784138,-485.9373932969436
123,4833,784361,-362.17850853200883
123,4834,784551,-389.4687092459999
123,4835,784724,-646.6553716610656
123,4836,784868,-167.65301436698607
123,4837,785022,-192.54279685094224
123,4838,785383,-593.1811807137901
123,4839,785515,-343.2852533069618
123,4840,785679,-120.81241772474955
123,4841,785846,-270.1277255571688
123,4842,786142,-222.8123420074004
123,4843,786445,-733.257600305712
123,4844,786666,-373.67788240741606
123,4845,786797,-101.42919892200852
123,4846,786941,-549.7959174834104
123,4847,787076,-150.0932743354433
123,4848,787214,-33.72332303473597
123,4849,787337,-74.2836417326105
123,4850,787607,-260.2141608895686
123,4851,787779,-166.90427023303198
123,4852,787892,-105.43292794547838
123,4853,788065,-267.5095836898196
123,4854,788198,-259.3287510095506
123,4855,788297,-94.07347549827674
123,4856,788573,-668.4468267091643
123,4857,788717,-213.78461112315716
123,4858,788832,-641.5650274395692
123,4859,788960,-325.3795010062341
123,4860,789104,-632.3472073300117
123,4861,789260,-404.1749754453763
123,4862,789367,-540.4685615115363
123,4863,789477,-425.6966052793011
123,4864,789603,-594.6506527346176
123,4865,789817,-465.48537249734323
123,4866,790068,-290.51918112820516
123,4867,790210,-270.6012255852129
123,4868,790373,-424.7257266837194
123,4869,790482,-340.82666715130966
123,4870,790652,-499.0762902895509
123,4871,790825,-424.8490251922419
123,4872,790955,-31.790886035656143
123,4873,791247,-118.11631465940609
123,4874,791383,-328.91428138359
123,4875,791611,-171.06636019233423
123,4876,791831,-330.9789088210298
123,4877,792172,-352.2477628245323
123,4878,792393,-487.4687994029617
123,4879,792649,-238.5602644657806
123,4880,792765,-94.93340177487677
123,4881,792871,-256.25928152997585
123,4882,793025,-74.56441993335586
123,4883,793147,-182.28449137484557
123,4884,793234,-88.2137741872398
123,4885,793331,-203.11840587595475
123,4886,793417,-303.1389681918257
123,4887,793530,16.966619001455797
123,4888,793669,-86.78539172560255
123,4889,793884,-233.396215923752
123,4890,793955,-72.87083292028227
123,4891,794101,-163.83678406573085
123,4892,794260,-371.5037365343023
123,4893,794362,-216.1516859058647
123,4894,794512,-85.26751118967623
123,4895,794739,-453.6753832461836
123,4896,794967,-132.02857284708523
123,4897,795068,-74.8638333447783
123,4898,795195,-271.4546194712345
123,4899,795295,-288.73963745880985
123,4900,795550,-164.07779791895626
123,4901,795719,-82.81161575567948
123,4902,795827,-395.0859082490885
123,4903,796021,-244.64204224059156
123,4904,796145,-300.4358425923642
123,4905,796417,-549.3388993160947
123,4906,796587,-395.91530087208275
123,4907,796733,-398.8804915728348
123,4908,796936,-449.6237843511913
123,4909,797113,-192.61488163815648
123,4910,797227,-340.21689237220824
123,4911,797404,-462.6409362929166
123,4912,797540,-449.53884970221543
123,4913,797678,-54.9674399527674
123,4914,797915,-557.4905350907821
123,4915,798094,-373.85492098764166
123,4916,798284,-231.9766478168421
123,4917,798406,-60.94874548781796
123,4918,798523,-337.6296375007902
123,4919,798716,-330.6989694576477
123,4920,798893,-460.73331971359016
123,4921,798989,-103.0026459568772
123,4922,799117,-74.26543787633182
123,4923,799217,-83.2375752752886
123,4924,799355,-115.67768988160546
123,4925,799463,-116.83925136768593
123,4926,799627,-375.7730790782299
123,4927,799803,-285.6824547561225
123,4928,800253,-444.01906221650245
123,4929,800448,-309.46433661946423
123,4930,800570,-225.31686163996437
123,4931,800786,-64.09695456095363
123,4932,801107,-549.7135076198206
123,4933,801300,-429.9633100544909
123,4934,801465,-246.50158475285932
123,4935,801716,-378.1267550224796
123,4936,801929,-298.915924120977
123,4937,802193,-408.4606022447337
123,4938,802322,-349.2480688466396
123,4939,802440,-576.9392029965335
123,4940,802612,-465.43812571428373
123,4941,802704,-74.56217159897946
123,4942,802867,-81.8777826935125
123,4943,802964,-91.96581622041852
123,4944,803149,-332.64919603133205
123,4945,803306,-674.2520059523637
123,4946,803415,-332.65879794555883
123,4947,803527,-106.01869648356227
123,4948,803850,-289.0250369238589
123,4949,803959,-362.0090207886255
123,4950,804074,-322.009376283307
123,4951,804229,-465.79751102501064
123,4952,804383,-463.14587030541134
123,4953,804502,-66.8498209366599
123,4954,804593,-266.9886118949756
123,4955,804770,-577.154439915651
123,4956,804899,-83.58500386734309
123,4957,805048,-460.5887728194672
123,4958,805453,-34.05177072456911
123,4959,805633,-666.24008255932
123,4960,805730,-212.44820742713654
123,4961,805852,-56.780004991894515
123,4962,806056,-380.53082164476785
123,4963,806265,-430.58223086547787
123,4964,806383,-478.0566113447395
123,4965,806680,-155.66449862239887
123,4966,806850,-486.4236154996231
123,4967,806951,-33.8868056345089
123,4968,807157,-236.21056746876897
123,4969,807804,-296.820820507602
123,4970,807944,-87.14652424272035
123,4971,808087,-77.75641553760163
123,4972,808219,-264.1864094874126
123,4973,808350,-186.999869267569
123,4974,808532,-640.1429500129747
123,4975,808802,-378.95547715109603
123,4976,808944,-145.5668835737294
123,4977,809064,-151.70791559457157
123,4978,809157,-125.87819754002335
123,4979,809355,-347.16833007710113
123,4980,809556,-366.89394926894795
123,4981,809687,-245.56768135636156
123,4982,809819,-214.26680860922346
123,4983,810100,-89.61168902753299
123,4984,810196,-100.82189750654405
123,4985,810393,-365.75636645220317
123,4986,810552,-253.81803554183176
123,4987,810752,-486.5148237733654
123,4988,811322,-283.35477084167974
123,4989,811446,-116.77611407742673
123,4990,811709,-449.9577047411527
123,4991,811846,-266.61059973667
123,4992,812029,-474.4030193496846
123,4993,812322,-335.752272194444
123,4994,812658,-367.6936583152874
123,4995,812838,-351.15097278453004
123,4996,812966,-377.7898591343729
123,4997,813169,-259.394360383792
123,4998,813268,-17.952551607433506
123,4999,813366,-17.573656365705276
123,5000,813483,-240.1492540877915
123,5001,813593,-47.982376576517254
123,5002,813722,-116.98149601627375
123,5003,813829,-65.99107291922523
123,5004,813963,-132.12940650097087
123,5005,814100,-393.58711446092576
123,5006,814211,-119.93568123437852
123,5007,814356,-128.9328118278362
123,5008,814465,-110.44225836903419
123,5009,814572,-128.51030226546365
123,5010,814718,-260.9991802565221
123,5011,814821,-466.0599721003492
123,5012,815012,-291.5996133757705
123,5013,815127,8.031184083488327
123,5014,815334,-348.5540290043426
123,5015,815457,-336.95068923730867
123,5016,815542,-250.06362270177607
123,5017,815686,-53.07736958463814
123,5018,815802,-236.1818202327604
123,5019,816018,-29.420898757444945
123,5020,816185,-382.66761442700613
123,5021,816316,-498.62306624914834
123,5022,816489,-386.2261048460556
123,5023,816813,-599.7115882668206
123,5024,816967,-172.72171201054255
123,5025,817075,-270.6540191993329
123,5026,817156,-98.47842233630905
123,5027,817430,-290.2808462844764
123,5028,817530,-212.67435860036267
123,5029,817662,-76.68903567716787
123,5030,817894,-467.1727094643971
123,5031,818089,-309.325267053341
123,5032,818214,-396.2448062277974
123,5033,818374,-411.9657089234421
123,5034,818633,-403.97331600306615
123,5035,818913,-508.93339402814587
123,5036,819028,-60.214240357901424
123,5037,819183,-59.772924956633425
123,5038,819352,-162.76282401136473
123,5039,819493,-215.1560604518134
123,5040,819571,-294.49372807105317
123,5041,819665,-117.13780181079976
123,5042,819784,-213.01535429863694
123,5043,819895,-268.28811825888306
123,5044,820019,-115.13086976808117
123,5045,820256,-374.9620630045717
123,5046,820464,-157.7038285079986
123,5047,820626,-64.70144912902782
123,5048,820781,-749.0386164440052
123,5049,820886,-21.40988871006222
123,5050,821062,-471.046135108555
123,5051,821183,-277.6451864093607
123,5052,821284,-221.3873968809205
123,5053,821456,-12.331151609028026
123,5054,821569,-398.80087146306664
123,5055,821705,-216.7316335425779
123,5056,821871,-505.2218667906883
123,5057,821960,-286.1711017250256
123,5058,822043,-275.0293608834836
123,5059,822147,-112.83772373475713
123,5060,822299,-488.25607375085593
123,5061,822430,-259.3518731762109
123,5062,822534,-263.5832939492927
123,5063,822701,-292.9298978505615
123,5064,822806,-234.5560107961012
123,5065,822915,-58.975071199134355
123,5066,823004,-46.59704836072446
123,5067,823123,-107.06238902815817
123,5068,823263,-522.5760934890086
123,5069,823497,-332.5481480103495
123,5070,823658,-115.59787469386913
123,5071,823856,-284.1151572576929
123,5072,824008,-448.30408693052215
123,5073,824147,-109.51876535437832
123,5074,824289,-338.5926380098888
123,5075,824442,-412.8993753899165
123,5076,824535,-322.83533832920966
123,5077,824650,-331.8112646540484
123,5078,824987,-533.9922789998409
123,5079,825204,-679.4567448698123
123,5080,825313,-153.98920683571293
123,5081,825447,-31.742267061139742
123,5082,825620,-331.4094671904289
123,5083,825772,-354.85621671201176
123,5084,825883,-472.14503181488436
123,5085,826096,-406.7537289170947
123,5086,826235,-92.58527505680172
123,5087,826387,-493.767425435761
123,5088,826570,-295.9661471938299
123,5089,826671,-565.8037206516444
123,5090,826815,-451.00883615646313
123,5091,827070,-191.80696687597447
123,5092,827183,-183.35410810964748
123,5093,827331,-244.71714475829506
123,5094,827421,-228.19954346434773
123,5095,827583,-325.5134967058089
123,5096,827701,-103.4389142330243
123,5097,827852,-253.70158879836026
123,5098,828107,-181.84612300598855
123,5099,828257,-384.7125186058158
123,5100,828386,-320.45915178465395
123,5101,828531,-336.2901611826181
123,5102,828712,-302.0821401153364
123,5103,828811,-129.56632012596447
123,5104,829030,-480.8523792045705
123,5105,829152,-364.9503332849099
123,5106,829255,-521.0785470107173
123,5107,829462,-251.05599755779832
123,5108,829571,-141.08355861361605
123,5109,829768,-327.5502423854764
123,5110,829912,-452.6155968382144
123,5111,830005,-190.16493777220808
123,5112,830131,-152.3988389816991
123,5113,830383,-374.3734669838959
123,5114,830586,-349.6314936500135
123,5115,830700,-298.61184153181654
123,5116,830809,-388.3845231952953
123,5117,830932,-352.0878169943411
123,5118,831039,-251.97630973655635
123,5119,831157,-291.0049302101412
123,5120,831345,-413.58193971368615
123,5121,831616,-548.1081060684071
123,5122,831786,-342.67766638300515
123,5123,831975,-60.40364977070571
123,5124,832114,-303.783632017509
123,5125,832204,-143.13835280681394
123,5126,832334,-156.55664545141056
123,5127,832469,-285.6119558071332
123,5128,832671,-318.11995663246944
123,5129,832801,-311.91474625955595
123,5130,832885,-256.8808799228634
123,5131,832992,-25.64734981327669
123,5132,833110,-453.92573538005195
123,5133,833346,-334.85492739726556
123,5134,833499,-531.2189588373076
123,5135,833585,-277.6285012091662
123,5136,833676,-379.57201233721537
123,5137,833856,-150.40896831921927
123,5138,833965,-176.01182295594052
123,5139,834098,-295.1536106109688
123,5140,834231,-274.29015685251545
123,5141,834354,-255.69660213065285
123,5142,834551,-31.19736542398293
123,5143,835551,12.037078008542547
123,5144,835657,-39.902529002651136
123,5145,835827,-78.23404851114188
123,5146,835964,-261.40449976981824
123,5147,836122,-130.4215711063688
123,5148,836254,-57.86220172993117
123,5149,836460,-255.709372084302
123,5150,836653,-248.72542660124236
123,5151,836809,-308.4405139613499
123,5152,836922,-41.829286807801616
123,5153,837027,-132.71961386278804
123,5154,837125,-386.7609548336841
123,5155,837458,-287.1085800051703
123,5156,837579,-317.00662391976834
123,5157,837786,-299.83656894865663
123,5158,837916,-77.04598268216728
123,5159,838030,-41.34645621809435
123,5160,838142,-454.673869892755
123,5161,838316,-406.26151928874293
123,5162,838584,-408.2236894817686
123,5163,838881,-609.9238459922017
123,5164,839004,-48.31802319390785
123,5165,839114,-99.15298067252854
123,5166,839251,-285.11923018857715
123,5167,839426,-286.47620185495225
123,5168,839776,-316.63376620882383
123,5169,839908,-308.4077872884485
123,5170,840092,-332.84809562974215
123,5171,840207,-53.957646463311484
123,5172,840410,-246.42914989575536
123,5173,840506,-203.04300287617426
123,5174,840796,-79.68010885593218
123,5175,840886,-18.26794816135886
123,5176,841076,-218.24643398880949
123,5177,841175,-24.68229095033402
123,5178,841482,-265.6018465849885
123,5179,841665,-537.5342693979428
123,5180,841819,-476.9825841647228
123,5181,841924,-75.63132853496712
123,5182,842030,-8.690757761871012
123,5183,842214,-351.7246290964805
123,5184,842532,-705.9035280496569
123,5185,842695,-317.55039114049174
123,5186,842961,-754.2947029503151
123,5187,843155,-185.3569599326276
123,5188,843282,-335.64359238452187
123,5189,843504,-502.04635102094664
123,5190,843668,-214.26095928964608
123,5191,843837,-420.10268659637717
123,5192,843960,-301.19803795824384
123,5193,844100,-67.68724354280978
123,5194,844180,-220.97190092093174
123,5195,844308,-105.15567407494332
123,5196,844397,-141.73439794162147
123,5197,844567,-145.0301482985463
123,5198,844670,-152.71333388630404
123,5199,844757,-81.40177979647262
123,5200,844938,-568.8905069695732
123,5201,845020,-40.35285240812522
123,5202,845132,-137.16601008865524
123,5203,845255,-134.81943138461378
123,5204,845473,-156.2573121648253
123,5205,845615,-329.2779375573127
123,5206,845726,-47.98946394270357
123,5207,845892,-264.6131491943986
123,5208,846031,-55.04743992165998
123,5209,846158,-291.84145661071074
123,5210,846284,-306.49074681152587
123,5211,846975,-362.445086643584
123,5212,847137,-505.3698539319484
123,5213,847232,-254.76141600157536
123,5214,847391,-528.5538467055242
123,5215,847556,-384.0446667096672
123,5216,847708,-297.9880280838981
123,5217,847926,-272.788038382506
123,5218,848017,-199.36331489740718
123,5219,848156,-104.53660900406518
123,5220,848339,-384.5193388872084
123,5221,848468,-55.613254191349974
123,5222,848667,-420.7509588258529
123,5223,848792,-356.78914326569486
123,5224,848973,-158.94882192939136
123,5225,849082,-275.3179072018155
123,5226,849250,-536.0156169080587
123,5227,849400,-401.4814819842829
123,5228,849557,-534.4306522514423
123,5229,849665,-256.01094042550596
123,5230,849880,-357.44567677384237
123,5231,850066,-107.83526993095427
123,5232,850175,-142.53308606136375
123,5233,850282,-119.19361550230724
123,5234,850460,-171.27391998103832
123,5235,850614,-231.601315152352
123,5236,850733,-252.86064924238968
123,5237,850890,-463.44382772045367
123,5238,851095,-239.113468067966
123,5239,851198,-254.34052884834614
123,5240,851335,-129.1735791134399
123,5241,851526,-335.34258859802094
123,5242,851773,-320.7321811707549
123,5243,852618,-413.10357325903686
123,5244,852772,-278.30301664671833
123,5245,852899,5.501130679623813
123,5246,853016,-79.38443652001762
123,5247,853219,-26.770744181179836
123,5248,853296,-229.16915729239997
123,5249,853419,-227.60041028700655
123,5250,853587,-152.73488978540047
123,5251,853695,-221.7037230367278
123,5252,853844,-461.8190018403376
123,5253,854013,-523.1636520644763
123,5254,854123,-394.811786437473
123,5255,854229,-237.31168223654814
123,5256,854353,-361.4267277427097
123,5257,854475,-120.02371357664387
123,5258,854585,-137.317706652141
123,5259,854671,-374.10840773847923
123,5260,854745,-331.52551375840613
123,5261,854855,-185.4270206395148
123,5262,854956,-144.5799020872396
123,5263,855029,-260.07383204756854
123,5264,855157,-270.25609003207444
123,5265,855233,-109.25568130695707
123,5266,855317,-348.18192834920035
123,5267,855422,-146.02057276624458
123,5268,855566,-515.8805294477586
123,5269,855645,-24.608839796199604
123,5270,855773,-118.22415374619328
123,5271,855874,-140.43592450762182
123,5272,856011,-321.19614829913786
123,5273,856095,-221.07941348703966
123,5274,856222,-121.57743782170834
123,5275,856363,-185.4338772554168
123,5276,856451,-45.50688301835051
123,5277,856607,-55.415113611987486
123,5278,856721,-54.25722795680896
123,5279,856822,-130.4085141732688
123,5280,856913,3.2461670984521334
123,5281,857026,-140.28168405234095
123,5282,857130,-52.651084099415996
123,5283,857426,-332.6758099620205
123,5284,857601,-506.92698873978077
123,5285,857736,-312.0143323345184
123,5286,857968,-466.1207105846126
123,5287,858075,-427.11831726384173
123,5288,858281,-407.1777525088392
123,5289,858473,-174.94844460518905
123,5290,858571,-238.1717918140445
123,5291,858740,-321.7301039008698
123,5292,858879,-207.76474852783247
123,5293,858993,-282.46057518748796
123,5294,859149,-414.85362410244073
123,5295,859306,-489.70648208799525
123,5296,859398,-443.7572520479495
123,5297,859619,-338.8842904256397
123,5298,859877,-452.7064582279778
123,5299,860008,-300.3936358187874
123,5300,860299,-658.78331788836
123,5301,860498,-226.64137997013998
123,5302,860664,-318.595941188781
123,5303,861087,-632.0719110172447
123,5304,861220,-195.08719687105608
123,5305,861487,-630.0020705029474
123,5306,861607,-210.15838720259254
123,5307,861709,-163.7798698748391
123,5308,861805,-164.9821044508147
123,5309,861933,-169.32104642060492
123,5310,862217,-226.539776035927
123,5311,862312,-409.67740310297864
123,5312,862419,-390.6555925291311
123,5313,862602,-414.46493191751665
123,5314,862744,-166.48573685024837
123,5315,862891,-47.403734300224905
123,5316,862974,-169.153135308745
123,5317,863070,-240.45900155309755
123,5318,863173,-288.79568682680497
123,5319,863312,-151.25833840270946
123,5320,863418,-119.76260854929942
123,5321,863532,-185.97283359034282
123,5322,863661,-241.52261805739678
123,5323,863807,-167.45209061742963
123,5324,863978,-239.21029036791214
123,5325,864125,-365.7288782011152
123,5326,864249,-47.866380224459704
123,5327,864478,-314.6748301946368
123,5328,864725,-542.9636876857767
123,5329,864954,-738.8105002199685
123,5330,865170,-609.1949676275387
123,5331,865336,-388.7927031218275
123,5332,865501,-365.42247950115484
123,5333,865680,-580.5742897361063
123,5334,865803,-464.43033863042643
123,5335,866024,-453.4592994350819
123,5336,866127,-93.13270923397062
123,5337,866319,-30.029264586367532
123,5338,866532,-547.461002368641
123,5339,866851,-612.3038886380737
123,5340,866941,-79.85565061394288
123,5341,867070,-173.53587458763838
123,5342,867214,-218.3813165649196
123,5343,867312,-336.7095549049431
123,5344,867483,-527.1112538761843
123,5345,867623,-263.55471099699713
123,5346,867769,-519.2875177548701
123,5347,867935,-423.48398363128786
123,5348,868082,-649.6910503367733
123,5349,868220,-314.58885295691994
123,5350,868395,-319.58657352581326
123,5351,868565,-400.518098433599
123,5352,868745,-492.3673749772351
123,5353,869004,-239.2616778290493
123,5354,869225,-296.6194406327844
123,5355,869342,-188.3307023060299
123,5356,869505,-313.3466832412404
123,5357,869647,-267.0097864274884
123,5358,869766,-159.044537146555
123,5359,869934,-166.3043789818504
123,5360,870038,-400.89971787605265
123,5361,870196,-88.60389562510896
123,5362,870301,-9.880559022680245
123,5363,870390,-94.28878174209848
123,5364,870473,-51.58844048113142
123,5365,870605,-321.40513404874685
123,5366,870728,-285.08946539826223
123,5367,870840,-68.36140662109695
123,5368,870990,-213.22115935973204
123,5369,871141,-304.2837599331541
123,5370,871229,-169.8138502076865
123,5371,871338,-456.6411693197992
123,5372,871452,-158.22234901024325
123,5373,871635,-382.9274614723233
123,5374,871851,-419.8608824486643
123,5375,871959,-102.36359942732823
123,5376,872056,-246.15782259876957
123,5377,872198,-347.3240324399666
123,5378,872316,-332.05653331798027
123,5379,872476,-469.3349348353612
123,5380,872583,-232.9595755751809
123,5381,872721,-313.00986609401025
123,5382,872857,-113.72813476683389
123,5383,872980,-118.41024041490776
123,5384,873111,-116.62069105384157
123,5385,873241,-249.23003873626658
123,5386,873337,-84.22150832983002
123,5387,873546,-234.88896493056507
123,5388,873681,-87.57679284428758
123,5389,873771,-23.610168800937615
123,5390,873887,-315.17275304057875
123,5391,874053,-675.2541142175102
123,5392,874192,-228.45404243842773
123,5393,874285,-230.6640473499205
123,5394,874399,-206.73004919611003
123,5395,874514,-70.14489077583508
123,5396,874649,-283.61789060582885
123,5397,874799,-53.29141598166377
123,5398,874930,-274.8191959792989
123,5399,875164,-360.22851171753365
123,5400,875266,-143.60847046063859
123,5401,875419,-280.0050786516795
123,5402,875511,-171.7230800207754
123,5403,875677,-235.4639812115
123,5404,875841,-543.1719315101716
123,5405,875954,-105.37150376760107
123,5406,876131,-630.9516282155186
123,5407,876333,-339.8747601510078
123,5408,876444,-404.1998063047946
123,5409,876578,-420.4428755021056
123,5410,876716,-389.4552261279481
123,5411,876888,-282.7678380886074
123,5412,877006,-141.5052247833085
123,5413,877133,-234.6246514437822
123,5414,877247,-141.47885037353365
123,5415,877421,-509.7528022433163
123,5416,877615,-509.694575399474
123,5417,877731,-154.64285119560174
123,5418,877955,-594.3208026797424
123,5419,878092,-277.6115447450214
123,5420,878324,-167.02716808671698
123,5421,878468,-377.4542173544252
123,5422,878619,-228.5761323542605
123,5423,878753,-158.5734157490871
123,5424,878849,-225.12853665620088
123,5425,879028,-250.81185796604973
123,5426,879310,-527.7770540509456
123,5427,879535,-318.2682553525932
123,5428,879829,-422.57859967507596
123,5429,879990,-383.52705879302175
123,5430,880206,-213.8695792886636
123,5431,880357,-306.6885614932869
123,5432,880496,-160.97763257257915
123,5433,880633,-329.41748075348073
123,5434,880744,-240.40674999402404
123,5435,880939,-257.0636198989659
123,5436,881041,-275.8578828414213
123,5437,881247,-174.60940678265837
123,5438,881414,-467.7761011994647
123,5439,881598,-287.47117613655337
123,5440,881685,-162.48616709727065
123,5441,881924,-265.63821698843947
123,5442,882084,-440.9406230782421
123,5443,882208,-326.78965868867533
123,5444,882479,-93.17558294599013
123,5445,882616,-314.670430129898
123,5446,882792,-130.72094967497293
123,5447,882914,-98.10760366487365
123,5448,883022,-286.88599197971246
123,5449,883178,-227.7108707062945
123,5450,883298,-240.85525295987105
123,5451,883439,-433.87930211937487
123,5452,883584,-196.1180813198368
123,5453,883689,-284.52953593183037
123,5454,883921,-380.1775677586518
123,5455,884149,-671.6665142841775
123,5456,884301,-258.0154942491223
123,5457,884422,-342.7444334348757
123,5458,884614,-486.45628308041455
123,5459,884754,-408.8310444630158
123,5460,884901,-156.56097067402266
123,5461,885009,-444.0964604329893
123,5462,885114,-141.14633722453942
123,5463,885219,-507.02979077666095
123,5464,885321,-450.03332930737474
123,5465,885530,-314.26294913074094
123,5466,885632,-283.0614694521795
123,5467,885834,-373.00663499756246
123,5468,885984,-426.3547241089687
123,5469,886132,-531.9387146520828
123,5470,886244,-378.95743947046594
123,5471,886413,-605.2409559113659
123,5472,886630,-154.2992612952308
123,5473,886724,-199.50124012295328
123,5474,886902,-312.45987573556806
123,5475,887272,-634.2796920485883
123,5476,887523,-437.26549496314794
123,5477,887628,-258.37269542332103
123,5478,887746,-415.42134499218685
123,5479,887980,-398.30914741078556
123,5480,888090,-49.31466463477781
123,5481,888221,-259.2627239161579
123,5482,888350,-150.3259319553518
123,5483,888467,-53.75131099001635
123,5484,888577,-92.97545563252524
123,5485,888673,-123.81148454489363
123,5486,888888,-174.67551200214115
123,5487,888975,-238.52450935795105
123,5488,889110,-114.22408000872855
123,5489,889193,-300.36479541446545
123,5490,889336,-298.38232391614804
123,5491,889516,-217.38049062065423
123,5492,889692,-171.4953889212405
123,5493,889828,-382.8021581804091
123,5494,889979,-439.2398138084681
123,5495,890102,-109.89141694087543
123,5496,890266,-252.85634841656184
123,5497,890389,-190.94610921064157
123,5498,890504,-346.93926992847514
123,5499,890598,-109.56695552887916
123,5500,890794,-131.79520994497778
123,5501,890958,-137.90942350457536
123,5502,891083,-333.00055055077735
123,5503,891360,-12.63809750886469
123,5504,891501,-252.65823336644655
123,5505,891651,-604.1014250137366
123,5506,891764,-400.7061809410148
123,5507,891911,-338.9419333412998
123,5508,892137,-561.0283695515875
123,5509,892283,-370.7984573244113
123,5510,892398,-309.7002732209045
123,5511,892504,-484.2861422168291
123,5512,892630,-193.1604536542447
123,5513,892870,-310.2806884005215
123,5514,893012,-273.7370965862732
123,5515,893124,-455.5858945433367
123,5516,893255,-90.77981052132952
123,5517,893419,-659.5445020241938
123,5518,893511,-83.92014729430194
123,5519,893739,-320.96600074181833
123,5520,893874,-558.1691774126866
123,5521,894027,-209.78410309239882
123,5522,894188,-4.2207056989332585
123,5523,894298,-160.7729354411793
123,5524,894471,-61.359173922973284
123,5525,894692,-442.7099969052561
123,5526,895080,-47.56800557976638
123,5527,895222,-273.6491107338958
123,5528,895313,-253.8629210356371
123,5529,895488,-654.2732476632625
123,5530,895613,-67.91982955979393
123,5531,895799,-257.6811214473612
123,5532,895915,-86.50701923307713
123,5533,896224,-287.36245384503223
123,5534,896353,-170.24647047888973
123,5535,896475,-224.5008095197618
123,5536,896589,-321.5760248507529
123,5537,896759,-422.6653694681403
123,5538,896958,-455.7611277588564
123,5539,897070,-186.29367068689288
123,5540,897313,-323.68360264451405
123,5541,897492,-453.41811828655295
123,5542,897643,-278.0296009623035
123,5543,897806,-575.7234275051909
123,5544,897928,-300.7577388506436
123,5545,898055,-269.6661350630957
123,5546,898169,-33.29796217251193
123,5547,898281,-42.19965207478126
123,5548,898573,-301.342620396764
123,5549,898699,16.327756453515846
123,5550,898867,-303.7708361540879
123,5551,898973,-338.6314988010989
123,5552,899135,-503.29667641392484
123,5553,899301,-455.91704088967936
123,5554,899435,-337.5100996079775
123,5555,899557,-38.89716176782527
123,5556,899671,-319.72511478651893
123,5557,899863,-633.9017357493784
123,5558,900017,-551.6458044182788
123,5559,900139,-391.96193696591916
123,5560,900393,-546.6561808314775
123,5561,900542,-242.2158284205665
123,5562,900864,-471.42585991842594
123,5563,901068,-523.9373697049441
123,5564,901205,-384.769173614273
123,5565,901405,-463.8123406757582
123,5566,901521,-68.25252197211644
123,5567,901647,-307.5204615274396
123,5568,901767,-193.3807845266575
123,5569,901886,-92.80412027519498
123,5570,902094,-302.98648474522963
123,5571,902239,-299.4514009295464
123,5572,902338,-106.88850849702419
123,5573,902726,-388.19171782595924
123,5574,902855,-152.8672775753484
123,5575,902960,-392.2068683538616
123,5576,903167,-303.73965444067613
123,5577,903347,-298.36090072202353
123,5578,903502,-581.2074386632667
123,5579,903680,-325.9139376336432
123,5580,903858,-325.0062657513894
123,5581,903993,24.70797645852737
123,5582,904122,-577.0157615057317
123,5583,904326,-177.97086627673102
123,5584,904498,-250.44872997501568
123,5585,904590,1.0553949128776736
123,5586,904679,-131.32182435924534
123,5587,904886,-497.77606279228263
123,5588,904996,-85.53212446944089
123,5589,905168,-374.37470414403475
123,5590,905308,-66.03115904603598
123,5591,905443,-255.4490417624761
123,5592,905560,-93.25322358248579
123,5593,905775,-511.08267566848514
123,5594,905891,-269.52624322121756
123,5595,906074,-432.27840248031606
123,5596,906299,-355.93168233333915
123,5597,906423,-305.39511564825256
123,5598,906579,-353.21380005934657
123,5599,906746,-415.5380273972691
123,5600,906925,-233.96328761891402
123,5601,907025,-525.962596010191
123,5602,907134,-355.9470309669524
123,5603,907309,-331.9737719928435
123,5604,907503,-329.0501130910925
123,5605,907665,-533.8290973311025
123,5606,907775,-80.19347391709938
123,5607,907935,-462.601563281371
123,5608,908106,-255.5159038335711
123,5609,908214,-439.9571328242133
123,5610,908390,-437.08144365531126
123,5611,908554,-244.08530348159246
123,5612,908762,-280.2986782920586
123,5613,908941,-309.72220124266187
123,5614,909085,-304.62806365341294
123,5615,909230,-170.5525374084786
123,5616,909323,-98.31556805459569
123,5617,909481,-131.0215435040085
123,5618,909677,-526.17189619446
123,5619,909769,-287.3960698515873
123,5620,909978,-553.4047889436982
123,5621,910270,-366.1984749801013
123,5622,910453,-530.432379763688
123,5623,910547,-232.97186049601652
123,5624,910716,-33.48598364765893
123,5625,910910,-162.46336284049892
123,5626,911214,-238.09931987805282
123,5627,911339,-126.4051315390654
123,5628,911521,-180.62132375336017
123,5629,911620,-244.62933137731682
123,5630,911740,-163.1975216452379
123,5631,912085,-339.0691235272701
123,5632,912211,-47.68344180114738
123,5633,912312,-401.95617802310636
123,5634,912522,-206.16006306266104
123,5635,912604,-99.67028054046604
123,5636,912752,-106.24582814044135
123,5637,912885,-185.96058273637306
123,5638,912979,-450.5148634343628
123,5639,913110,-230.98521771213623
123,5640,913272,-236.5365631491865
123,5641,913404,-127.72706751465768
123,5642,913546,-89.94853574082967
123,5643,913718,-266.74330963595946
123,5644,913852,-256.0618648062152
123,5645,914046,-617.3848227837713
123,5646,914227,-431.8063998921895
123,5647,914528,-631.629790460222
123,5648,914696,-761.6446243034411
123,5649,914808,-225.02780448845277
123,5650,914971,-262.6919615874599
123,5651,915106,-245.01945212765057
123,5652,915245,-245.9572906637207
123,5653,915492,-324.673428312793
123,5654,915649,-552.4243131454436
123,5655,915764,-327.7767185771268
123,5656,915981,-193.31738381659892
123,5657,916234,-514.4712121220809
123,5658,916512,-2.290264610490894
123,5659,916828,-320.5832519816065
123,5660,916976,-242.73624268045992
123,5661,917108,-325.7406467546532
123,5662,917262,-462.5061000913844
123,5663,917458,-447.22287923025044
123,5664,917699,-484.40832331671385
123,5665,917816,-183.8555438699546
123,5666,917954,-508.97867969958867
123,5667,918731,-160.92819932752096
123,5668,918878,-341.03116256217703
123,5669,918988,-275.8780132602718
123,5670,919237,-264.4285498379162
123,5671,919320,-313.3710719350237
123,5672,919522,-510.9591378565807
123,5673,919688,-326.2103792284597
123,5674,919820,-251.8231950482465
123,5675,920016,-279.30252094151325
123,5676,920210,-404.0912019243867
123,5677,920426,-252.74377613588217
123,5678,920539,-235.08324877904204
123,5679,920657,-45.671610966145735
123,5680,920887,-728.3404994812395
123,5681,921107,-590.5369044006559
123,5682,921199,-133.8154472847586
123,5683,921357,-659.0614056882538
123,5684,921498,-364.8143834372077
123,5685,921637,-554.7600664927534
123,5686,921741,-158.10134381990576
123,5687,921889,-555.485537504158
123,5688,922053,-386.87195864000006
123,5689,922205,-281.57714604085146
123,5690,922356,-577.7147496404773
123,5691,922478,-315.7734755569255
123,5692,922667,-605.3903636825619
123,5693,922839,-399.3353195770423
123,5694,922950,-291.88016299110353
123,5695,923172,-514.9104435416291
123,5696,923307,-157.33209836905908
123,5697,923412,-240.79985262495146
123,5698,923528,-312.2852067806579
123,5699,923670,-363.21983475882143
123,5700,923778,-141.10462063505685
123,5701,923958,-75.93864444698713
123,5702,924074,-247.17356472883438
123,5703,924305,-356.96031380101226
123,5704,924509,-462.33853818864117
123,5705,924604,-194.3297376798535
123,5706,924770,-488.695509732944
123,5707,924943,-493.0264042712441
123,5708,925089,-395.91755694780477
123,5709,925200,-194.6997751699867
123,5710,925372,-533.8416599577192
123,5711,925547,-224.44834088195944
123,5712,925688,-313.32046008321277
123,5713,925933,-398.44728194181886
123,5714,926124,-429.27650771245465
123,5715,926225,-387.5563134589823
123,5716,926340,-278.38883592681634
123,5717,926449,-464.0763638873302
123,5718,926564,-263.48900617172325
123,5719,926680,-186.21255213521135
123,5720,926881,-544.0487229519879
123,5721,927062,-716.651339748589
123,5722,927171,-485.8662293370707
123,5723,927333,-379.4198746526309
123,5724,927448,-72.79257990056253
123,5725,927595,-40.19935434939835
123,5726,927699,-129.0283081058849
123,5727,927800,-216.69790677034467
123,5728,927990,-214.20164805890903
123,5729,928128,-223.8821768597369
123,5730,928218,-89.54457530476702
123,5731,928414,-583.0003959781911
123,5732,928523,-305.3686680948724
123,5733,928653,-273.67420405946416
123,5734,928760,-116.68884432462858
123,5735,928953,-46.01691698713984
123,5736,929109,-113.8733219138991
123,5737,929258,-730.6967017323445
123,5738,929445,-329.0591156287389
123,5739,929620,-394.5766886265335
123,5740,929799,-263.04425842975195
123,5741,929976,-487.316517200013
123,5742,930118,-317.884812013412
123,5743,930223,-350.29125646112254
123,5744,930318,-366.43583481665684
123,5745,931209,-240.99383814806856
123,5746,931383,-536.7700867823769
123,5747,931485,-437.1961663789944
123,5748,931706,-439.9577129721199
123,5749,931831,-333.07072478897067
123,5750,932005,-218.79031318851997
123,5751,932093,-185.77472204208777
123,5752,932261,-541.543690734482
123,5753,932410,-299.7879594121738
123,5754,932578,-302.48136314528546
123,5755,932836,-401.0721657956109
123,5756,932967,-359.425775765452
123,5757,933078,-113.95947231927667
123,5758,933299,-110.48729353178467
123,5759,933424,-211.92749078895804
123,5760,933533,-207.28278671796346
123,5761,933642,-219.68344300288732
123,5762,933842,-315.90556408954694
123,5763,934030,16.55046927844053
123,5764,934154,-141.01420645147883
123,5765,934298,-17.87118302903764
123,5766,934424,-206.32101592769092
123,5767,934559,-110.88587073400574
123,5768,934772,-167.74670439895073
123,5769,934862,-91.94962061557936
123,5770,935017,-279.2968563881634
123,5771,935129,-117.22057126732213
123,5772,935317,-353.86462308535346
123,5773,935590,-254.49194573061953
123,5774,935993,-252.17620883833138
123,5775,936081,-112.19076309826403
123,5776,936197,-185.21078026211177
123,5777,936396,-349.19753969690834
123,5778,936533,-405.1458030897112
123,5779,936680,-331.02420665092336
123,5780,936826,-122.86037920543214
123,5781,937406,-438.04375319853415
123,5782,937538,-284.6945433376138
123,5783,937693,-422.9625163044683
123,5784,937889,-357.245871007694
123,5785,938083,-322.56740027807643
123,5786,938184,-93.63529371597336
123,5787,938361,-388.160121964474
123,5788,938488,-131.95037513724387
123,5789,938726,-145.7389254797249
123,5790,938938,-395.7242489099401
123,5791,939036,-233.85057046501424
123,5792,939164,-264.7146610640262
123,5793,939332,-523.3257472363202
123,5794,939483,-383.65382111351124
123,5795,939629,-468.77589940390413
123,5796,939822,-410.91879001981823
123,5797,939954,-295.38611570979003
123,5798,940093,-238.48823405251184
123,5799,940413,-518.1341811676007
123,5800,940556,-124.17325096020926
123,5801,940631,-29.369349055160612
123,5802,940752,-100.52626937559033
123,5803,940973,-270.35014155589414
123,5804,941089,-6.5368454637014395
123,5805,941318,-95.01720658716033
123,5806,941421,-76.87343845399852
123,5807,941663,-2.544214551974335
123,5808,941848,-280.48609498616645
123,5809,941991,-529.1507884164765
123,5810,942108,-332.2102875653491
123,5811,942475,-323.3045747815022
123,5812,942608,-231.77856869179533
123,5813,942696,-306.6968289910424
123,5814,942803,-114.25979392435121
123,5815,942980,-100.27861150486098
123,5816,943150,-275.9674409880281
123,5817,943241,-278.0456010885749
123,5818,943482,-570.4054532307223
123,5819,943649,-430.19319964993184
123,5820,943765,-380.2670020671285
123,5821,944022,-181.33537181587525
123,5822,944167,-213.37026649959301
123,5823,944315,-478.96498126056525
123,5824,944424,-188.60029713875795
123,5825,944521,20.308640544424577
123,5826,944612,-112.29358957751909
123,5827,944785,-294.2294132196881
123,5828,945039,-678.7655593125303
123,5829,945224,-288.20281373894653
123,5830,945412,-448.7582940563788
123,5831,945507,-294.26802129206703
123,5832,945670,-354.7820682318806
123,5833,945752,-259.2313747610599
123,5834,945914,-462.89371140746806
123,5835,946053,-247.25481084802192
123,5836,946164,-405.97644212934654
123,5837,946348,-332.2374520785245
123,5838,946483,-282.8881322609135
123,5839,946710,-496.1899648778064
123,5840,947011,-342.7923180898904
123,5841,947124,-92.89181455928619
123,5842,947316,-13.932759235415702
123,5843,947453,-291.7582564528941
123,5844,947604,-246.24072584483864
123,5845,947873,-410.3395429007716
123,5846,948041,-132.87188408222738
123,5847,948237,-121.62724857819407
123,5848,948408,-648.0860988754355
123,5849,948545,-224.0693340508275
123,5850,948713,-553.2459113954983
123,5851,948826,-13.100918427524917
123,5852,948981,-555.9491376247097
123,5853,949100,-299.4913795024994
123,5854,949207,-151.2789329763096
123,5855,949308,-448.45946479112916
123,5856,949451,-547.1446110449843
123,5857,949550,-268.229176198573
123,5858,949797,-450.8108077670592
123,5859,949947,-595.2286756184103
123,5860,950140,-462.4483312099459
123,5861,950227,-263.74225719926335
123,5862,950392,-137.07042677964824
123,5863,950660,-266.7783973093001
123,5864,950787,-219.37706029592613
123,5865,950959,-267.5802728443024
123,5866,951054,-329.6973545766833
123,5867,951143,-238.53591869312058
123,5868,951266,-361.5475096785688
123,5869,951353,-108.63067243318068
123,5870,951502,-268.92695432613414
123,5871,951644,-221.99601898831992
123,5872,951753,-376.07101296070033
123,5873,951926,-334.93776279451487
123,5874,952117,-417.9198732726674
123,5875,952356,-350.43932419147757
123,5876,952552,-341.5019410201928
123,5877,952673,-318.25774503374055
123,5878,952756,-278.30385457346716
123,5879,952899,-337.77718567870943
123,5880,953013,-358.83797530238644
123,5881,953157,-591.1420490077419
123,5882,953281,-202.84824515450816
123,5883,953553,-716.0409770413976
123,5884,953726,-648.9423411851266
123,5885,953836,-143.07893359140482
123,5886,954052,-552.7943878532917
123,5887,954157,-309.8986266472805
123,5888,954338,-459.530136052007
123,5889,954435,-303.9368356743238
123,5890,954584,-330.58645719664776
123,5891,954738,-308.33379401644004
123,5892,954916,-426.5590385536831
123,5893,955077,-374.19485335165086
123,5894,955190,-323.2056166780128
123,5895,955466,-696.0095553379948
123,5896,955707,-336.00338398707123
123,5897,955797,-132.64607564100947
123,5898,955956,-343.67425484857097
123,5899,956124,-291.2955351393461
123,5900,956235,-226.55576513850286
123,5901,956412,-548.9793291907431
123,5902,956589,-112.40785880418773
123,5903,956805,-310.2537272774922
123,5904,956903,-411.5259681129498
123,5905,957004,-58.518589697973766
123,5906,957154,-442.9912314673205
123,5907,957451,-637.9149890404394
123,5908,957667,-555.6562327692866
123,5909,957800,-157.314967897395
123,5910,957923,-95.71571093550641
123,5911,958095,-537.314697768275
123,5912,958316,-459.73147745269534
123,5913,958486,-345.52108896878167
123,5914,958657,-405.4021304019217
123,5915,958769,-161.14670992147376
123,5916,958886,-233.17491884093448
123,5917,959003,-243.9490669246931
123,5918,959305,-221.36646326769252
123,5919,959453,-549.9891341431642
123,5920,959616,-466.965603526185
123,5921,959760,-386.5128341170931
123,5922,959906,-325.6375425827789
123,5923,960066,-325.80237757335766
123,5924,960185,-175.3653898216079
123,5925,960409,-630.3669801662925
123,5926,960638,-579.5968010688523
123,5927,960795,-494.0910777513364
123,5928,960917,-158.3728736876683
123,5929,961085,-541.1155993986829
123,5930,961257,-299.0853260280354
123,5931,961428,-513.3027467032766
123,5932,961592,-282.41653514321854
123,5933,961700,-502.861530641211
123,5934,961848,-355.794185926276
123,5935,961954,-234.98003890370774
123,5936,962081,-346.359231392173
123,5937,962219,-260.29077314291504
123,5938,962304,-311.9889618536839
123,5939,962470,-480.54446743343635
123,5940,962617,-311.4994517852075
123,5941,962744,-246.45729783343768
123,5942,962836,-27.47362306256575
123,5943,962918,-39.85246102056094
123,5944,963002,-312.5738301769649
123,5945,963128,-261.3006492008045
123,5946,963230,-337.4662929591535
123,5947,963387,-611.4757280975805
123,5948,963523,-270.2233603231907
123,5949,963654,-331.6143290003939
123,5950,963739,-273.0007575528739
123,5951,963926,-590.6820240326304
123,5952,964076,-400.11628411102174
123,5953,964243,-285.18677859622073
123,5954,964388,-252.24137976017914
123,5955,964588,-555.4428958751736
123,5956,964734,-324.66426011781317
123,5957,964847,-123.56502503507593
123,5958,965014,-577.2184658622926
123,5959,965101,-181.73980764854667
123,5960,965213,-185.49285900255362
123,5961,965336,-327.4124082541806
123,5962,965490,-344.2476204256885
123,5963,965590,-266.8314587828486
123,5964,965758,-461.2346187487777
123,5965,965984,-297.66176408102115
123,5966,966154,-453.62832832035525
123,5967,966375,-396.18882850984613
123,5968,966459,-331.38856981439505
123,5969,966640,-400.1449151090591
123,5970,966741,-176.8713184336395
123,5971,966893,-484.6786380719565
123,5972,967026,-254.23954785194394
123,5973,967138,-333.74806729807784
123,5974,967245,-61.47952699691784
123,5975,967376,-79.44075380584442
123,5976,967638,-7.077727583074235
123,5977,967760,-304.825878363632
123,5978,967905,-322.9987814775204
123,5979,968009,-237.9205434155386
123,5980,968239,-652.5770876333172
123,5981,968404,-391.1637895151959
123,5982,968578,-263.4537063807587
123,5983,968747,-377.3881126516446
123,5984,968956,-390.72513677062267
123,5985,969077,-426.6012495145834
123,5986,969225,-460.24580498841806
123,5987,969331,-382.08855841560467
123,5988,969451,-233.14805405992954
123,5989,969633,-537.4914292885419
123,5990,969762,-239.4951242655849
123,5991,969874,-87.58222026205914
123,5992,970016,-336.3023447289491
123,5993,970112,-309.812195144375
123,5994,970240,-358.74195040804887
123,5995,970336,-270.83847571438923
123,5996,970526,-292.08369964429494
123,5997,970610,-390.9021883511071
123,5998,970756,-301.7647010268315
123,5999,970950,-329.3031418182189
123,6000,971042,-382.9405008299668
123,6001,971201,-377.45967206213385
123,6002,971373,-295.9177403141862
123,6003,971525,-557.9127370541477
123,6004,971636,-198.1713378201029
123,6005,971851,-605.1381906772997
123,6006,972077,-394.49805486745265
123,6007,972198,-87.79665251784105
123,6008,972307,-421.6724911884437
123,6009,972408,-112.41753987048666
123,6010,972536,-322.7781989289649
123,6011,972671,-277.3446779799359
123,6012,972832,-632.7729289086785
123,6013,972971,-440.79379451623987
123,6014,973172,-366.41962231061495
123,6015,973309,-270.8871395054279
123,6016,973429,-312.20084527586744
123,6017,973548,-86.42625449552165
123,6018,973990,-223.83274265992893
123,6019,974097,-245.46278690326622
123,6020,974197,-408.3459222588184
123,6021,974364,-64.90802439630265
123,6022,974550,-355.7267125784258
123,6023,974829,-192.09652701877837
123,6024,975022,-389.64667180538885
123,6025,975116,-345.29006197260685
123,6026,975233,-61.40925307956722
123,6027,975381,-54.317471802741096
123,6028,975552,-570.7066538424127
123,6029,975664,-80.91444800576983
123,6030,975742,-63.98974332885697
123,6031,975917,-303.4956058163257
123,6032,976074,-304.09902007186594
123,6033,976218,-338.63419999090723
123,6034,976355,-338.6761877852489
123,6035,976491,-174.1545756280883
123,6036,976603,-587.7079626968123
123,6037,976795,-153.87319240308057
123,6038,976898,-126.52060002214154
123,6039,976995,-305.1425154985898
123,6040,977081,-331.3650074887229
123,6041,977231,-589.9883611421537
123,6042,977348,-136.57993319127525
123,6043,977452,-353.9077827711488
123,6044,977568,-346.1019076000696
123,6045,977681,-192.38690690510234
123,6046,977793,-413.62701208504967
123,6047,978061,-401.6435133483794
123,6048,978227,-468.8136113308263
123,6049,978329,-349.5510047655285
123,6050,978440,-184.28746469745857
123,6051,978585,-396.47758194285825
123,6052,978692,-92.26011693811324
123,6053,978805,-201.75902834161622
123,6054,978939,-272.74513159296043
123,6055,979046,-358.1727699671935
123,6056,979144,-252.57500893874294
123,6057,979297,-357.4831441193764
123,6058,979403,-119.05252206421191
123,6059,979523,-309.4896620319889
123,6060,979681,-322.45052622379967
123,6061,979799,-353.1204466036347
123,6062,979897,-227.2949507513751
123,6063,980036,-285.8334824784601
123,6064,980161,13.397794788388438
123,6065,980283,-262.5291400319468
123,6066,980442,-270.6072810778358
123,6067,980586,-483.27382238980016
123,6068,980718,-332.48874400657917
123,6069,980871,-573.8414539047822
123,6070,981003,-49.1722404540301
123,6071,981135,-322.61471573477877
123,6072,981320,-358.0687326568761
123,6073,981473,-351.9256671273315
123,6074,981629,-739.1603728945519
123,6075,981710,-301.3324146952751
123,6076,981839,-118.81146503028877
123,6077,982004,-113.81418531032064
123,6078,982105,-75.6336666555845
123,6079,982248,-365.50083039041897
123,6080,982406,-311.4292010535821
123,6081,982578,-516.3327246011943
123,6082,982676,-95.35182636114904
123,6083,982767,-257.64361779668246
123,6084,982881,-172.59407896337495
123,6085,982974,-319.4826819267787
123,6086,983115,-63.10610662216294
123,6087,983204,-130.4603483427016
123,6088,983300,-233.04566669731474
123,6089,983415,-335.3079783058017
123,6090,983579,-143.92117599108423
123,6091,983706,-309.52397657124146
123,6092,983805,-239.86152724328815
123,6093,983963,-324.9220982213093
123,6094,984099,-327.8027491537434
123,6095,984189,-412.35830150580165
123,6096,984292,-277.92602003828694
123,6097,984431,-311.2569483554274
123,6098,984542,-131.40021518989806
123,6099,984660,-181.52382292743175
123,6100,984835,-792.3015521844636
123,6101,984914,-256.22192526655095
123,6102,984993,-290.187336984548
123,6103,985148,-361.5402943519231
123,6104,985241,-206.4084325235633
123,6105,985464,-277.2312542267664
123,6106,985656,-372.28405051128703
123,6107,985944,-596.2537286006741
123,6108,986112,-186.7429696522555
123,6109,986277,-255.51847927419627
123,6110,986421,-120.69552044942785
123,6111,986619,-177.34299828175662
123,6112,986728,-562.8987627928659
123,6113,986941,-276.07530723339255
123,6114,987085,-269.96370557333273
123,6115,987216,-76.99512564720241
123,6116,987428,-449.99775860122793
123,6117,987583,-317.5610381322886
123,6118,987695,-110.71280082663137
123,6119,987953,-359.2083541266858
123,6120,988050,-321.98793210968745
123,6121,988190,-278.5618931187056
123,6122,988308,-342.3772727098471
123,6123,988461,-433.8885796482764
123,6124,988580,-417.67278879398515
123,6125,988772,-407.0520375774376
123,6126,988906,-361.781649087779
123,6127,989024,-495.33694909271105
123,6128,989219,-486.74589740359164
123,6129,989333,-154.48791555026662
123,6130,989553,-575.9375760838495
123,6131,989707,-324.3176883757309
123,6132,989862,-495.5583119366746
123,6133,990068,-690.5889250716743
123,6134,990224,-417.3003960109571
123,6135,990352,-300.41664147061977
123,6136,990558,-616.8604000126888
123,6137,990649,-201.41542046873943
123,6138,990762,-376.8583346440404
123,6139,990945,-510.3530173082852
123,6140,991118,-306.7804394831936
123,6141,991322,-753.6227981945754
123,6142,991443,7.990918161611091
123,6143,991612,-348.57867877273725
123,6144,991775,-296.57051983652593
123,6145,991978,-476.42235321931025
123,6146,992076,-306.8341063797098
123,6147,992215,-321.0351490669219
123,6148,992301,-388.3301230374903
123,6149,992538,-284.020148230414
123,6150,992693,-404.52077373373976
123,6151,992839,-383.8316573844688
123,6152,993066,-317.9009479239128
123,6153,993229,-487.39136848219863
123,6154,993357,-56.61240951340412
123,6155,993495,-428.4333185359416
123,6156,993671,-208.24531738739026
123,6157,993761,-261.31276823029884
123,6158,993873,-135.14500303752683
123,6159,994036,-308.5931014461156
123,6160,994165,-103.58256835050588
123,6161,994265,-269.0708109192864
123,6162,994386,-332.9243475340222
123,6163,994488,-56.15059853301534
123,6164,994605,-199.83474128508294
123,6165,994745,-83.36748013798801
123,6166,994874,-72.575394957133
123,6167,995023,-208.3364459851989
123,6168,995149,-203.0089633522492
123,6169,995251,-345.1800624648389
123,6170,995390,-337.25867741563314
123,6171,995549,-505.60851309252087
123,6172,995717,-466.80517805697053
123,6173,995818,-257.66925301331025
123,6174,995911,-278.9562283908913
123,6175,996050,-386.9899966715641
123,6176,996161,-166.80884253990962
123,6177,996292,-383.2116816907226
123,6178,996443,-240.58181189184498
123,6179,996625,-437.2463312358923
123,6180,996737,-23.33580413518844
123,6181,996956,-422.46251562078737
123,6182,997056,-368.3981607611434
123,6183,997148,-238.03040493727767
123,6184,997293,-412.89544882171987
123,6185,997462,-478.64554813855693
123,6186,997549,-271.90817268913275
123,6187,997673,-236.19739847883687
123,6188,997759,-312.6730277762391
123,6189,997849,-378.70354768870766
123,6190,997957,-130.8472633929647
123,6191,998103,-457.0357455605521
123,6192,998205,-73.5509454078072
123,6193,998393,-717.4959936886813
123,6194,998556,-464.406387962148
123,6195,998704,-255.08094633783327
123,6196,998869,-321.7072218599385
123,6197,999065,-461.319613587819
123,6198,999155,-215.00828696320943
123,6199,999246,-125.92494698905736
123,6200,999409,-508.0929771709991
123,6201,999519,-106.37229998324696
123,6202,999716,-332.98808704688713
123,6203,999948,-639.3216770274659
123,6204,1000062,-116.1882602552775
