seed,episode,total_steps,return
42,1,140,-131.45579396269028
42,2,226,-445.4412101923478
42,3,366,-419.4611815447809
42,4,463,-232.82798728396804
42,5,547,-61.41064912453934
42,6,653,-554.5430322498976
42,7,740,-349.3609705258695
42,8,845,-620.3390928203171
42,9,919,-235.9860381501444
42,10,999,-560.3318910091882
42,11,1074,-278.0703009001926
42,12,1181,-485.60227323195477
42,13,1262,-409.65891923244385
42,14,1345,-345.78056644672677
42,15,1414,-100.1486603638426
42,16,1523,-189.59693634002502
42,17,1613,-140.63716590396547
42,18,1705,-339.49698776381155
42,19,1849,-373.16408937415486
42,20,1959,-292.0233483286603
42,21,2034,-384.78873229917053
42,22,2118,-213.54747538100173
42,23,2196,-201.4618997085962
42,24,2291,-223.1465711911767
42,25,2393,-330.08153405535785
42,26,2539,-458.3514904132323
42,27,2646,-203.74184405248556
42,28,2784,-403.5108312844568
42,29,2854,-101.17991822878794
42,30,2967,-173.9297779576155
42,31,3092,-125.31843326483525
42,32,3237,-405.61911265418934
42,33,3384,-101.11342534710431
42,34,3464,-296.63919090873117
42,35,3551,-212.91339120379666
42,36,3647,-351.3855962272618
42,37,3792,-236.1473471267738
42,38,3859,-149.38247057076973
42,39,3950,-44.792210554788824
42,40,4122,-31.387789066282338
42,41,4198,-65.87066723793109
42,42,4321,-321.8671720209965
42,43,4441,-297.58264422713114
42,44,4591,-148.80189664715573
42,45,4686,-181.15600959375325
42,46,4760,-203.5351854937687
42,47,4883,-18.764165237264834
42,48,5030,-91.10828604126368
42,49,5170,-480.6180664174819
42,50,5386,-84.29972914375766
42,51,5570,-194.00598760224847
42,52,5685,-229.58844843679017
42,53,5841,-313.0227145105018
42,54,5980,-342.68777941091713
42,55,6209,-235.61055976355397
42,56,6377,-360.3875393009185
42,57,6509,-639.4886463241914
42,58,6651,-338.72427599625826
42,59,6783,-481.0061045101392
42,60,6910,-37.17004911293834
42,61,7012,-343.02201799234285
42,62,7193,-725.5499269509178
42,63,7317,-303.1997728745068
42,64,7512,-365.1959585574543
42,65,7594,-310.4184575443562
42,66,7878,-248.47696597728591
42,67,8196,-362.14717076676845
42,68,8316,-351.0822071532615
42,69,8465,-564.2868062121249
42,70,8605,-452.98711942209457
42,71,8701,-356.61342850344465
42,72,8848,-253.72394616788358
42,73,8969,-223.86896294629588
42,74,9085,4.762895891623586
42,75,9165,-381.6354273255394
42,76,9333,-350.81040710458615
42,77,9427,-483.29302295457586
42,78,9634,-408.28928912455564
42,79,9881,-302.13286154196055
42,80,9972,-238.38258181269822
42,81,10117,-186.79925749615788
42,82,10271,-33.45098938712792
42,83,10366,-191.3160408066573
42,84,10583,-420.4849983309326
42,85,10873,-276.6427461556822
42,86,10983,-220.23649686567137
42,87,11067,-465.27561043958366
42,88,11337,-407.65847537791075
42,89,11564,-140.07814769586295
42,90,11708,-368.8080386908912
42,91,11831,-489.1032425392307
42,92,11987,-633.0692431808968
42,93,12142,-300.4125370697253
42,94,12320,-387.1031300581239
42,95,12421,-224.6918110730415
42,96,12523,-418.4403004659459
42,97,12732,-358.2636327833392
42,98,12867,-686.4525646267452
42,99,13028,-378.3864811151628
42,100,13176,-542.8696243552233
42,101,13336,-371.32671506662166
42,102,13468,-513.073312930682
42,103,13729,-278.78775333564624
42,104,13866,-489.08996292628115
42,105,14001,-469.493343082986
42,106,14226,-168.72700536227364
42,107,14308,-286.37400419208285
42,108,14395,-273.3462980112471
42,109,14481,-355.2955679049576
42,110,14588,-455.79475976400886
42,111,14708,-320.9230925568702
42,112,14839,-446.6776074661987
42,113,14939,-287.0898741778117
42,114,15071,-23.371443425402575
42,115,15208,-556.1981546127747
42,116,15361,-686.3294753581094
42,117,15458,-395.4656142967844
42,118,15557,-308.4657901943381
42,119,15667,-437.48513785834854
42,120,15752,-377.97601391860144
42,121,15884,-584.2800811231932
42,122,16037,-397.9490585319425
42,123,16184,-545.863232345857
42,124,16292,-381.96161755908463
42,125,16401,-591.3679375320855
42,126,16497,-387.3106266155934
42,127,16593,-202.61859671329483
42,128,16718,-503.2782634686331
42,129,16818,-416.39722381041787
42,130,16919,-300.39572155194776
42,131,17021,-392.3542949817228
42,132,17083,-208.49099202959604
42,133,17174,-413.193429194796
42,134,17261,-395.67422256827683
42,135,17349,-223.62290449783507
42,136,17443,-271.1829125997356
42,137,17554,-470.94246051465916
42,138,17636,-379.25297930937734
42,139,17772,-180.95548851872954
42,140,17882,-554.7591168137878
42,141,17987,-435.11706669908295
42,142,18076,-399.5527988471246
42,143,18153,-242.65588859308775
42,144,18239,-371.0489508562051
42,145,18350,-374.0643726553441
42,146,18453,-354.2996920085244
42,147,18570,-607.1785046828157
42,148,18663,-398.2067970333687
42,149,18770,-578.6295551440592
42,150,18903,-463.71394978691546
42,151,18977,-228.70796456166968
42,152,19068,-344.5153610228182
42,153,19166,-421.9254993636034
42,154,19258,-544.3196954905086
42,155,19352,-432.1157824783817
42,156,19429,-103.97641133227606
42,157,19531,-458.7104501023242
42,158,19648,-526.1833203183415
42,159,19765,-212.2762411174176
42,160,19828,-79.49262180163933
42,161,19904,-225.22580504876203
42,162,19998,-340.9697107987512
42,163,20076,-82.33832367833683
42,164,20186,-130.70500349919337
42,165,20250,-82.18055355203272
42,166,20368,-291.8437346713059
42,167,20477,-264.90703852456335
42,168,20574,-242.8633699443418
42,169,20694,-197.26096611310123
42,170,20811,-133.33794499161846
42,171,20925,-108.50685868272843
42,172,21032,-365.0876123596009
42,173,21161,-228.12791300954285
42,174,21285,-172.04774948824337
42,175,21401,-377.67275206996055
42,176,21541,-486.92976038900997
42,177,21663,-477.6987066320564
42,178,21784,-507.91937573007465
42,179,21872,-288.08579685403276
42,180,21960,-522.5543888475033
42,181,22048,-540.1125639462184
42,182,22169,-470.52202677257327
42,183,22272,-465.09683494777533
42,184,22352,-622.370086222496
42,185,22436,-409.3943663795176
42,186,22539,-599.0357199391992
42,187,22608,-234.12292937941092
42,188,22735,-700.4476546419378
42,189,22826,-156.86977873994704
42,190,22911,-527.7820110264265
42,191,23009,-632.6584356379551
42,192,23123,-495.75222086538315
42,193,23225,-497.69972460052344
42,194,23322,-309.91770393387725
42,195,23404,-518.0381049059955
42,196,23485,-446.5482957236545
42,197,23627,-346.8410711224028
42,198,23706,-541.9328523432257
42,199,23805,-462.6488886162281
42,200,23922,-580.2440705097395
42,201,24048,-476.10555264279975
42,202,24176,-578.8145550092258
42,203,24299,-609.8066806358968
42,204,24370,-163.4419495763979
42,205,24441,-135.59359233099593
42,206,24558,-507.131706392732
42,207,24633,-77.81477091142946
42,208,24710,-375.1613946674759
42,209,24811,-404.2870299563032
42,210,24880,-103.65360216946425
42,211,25004,-357.9067648392905
42,212,25120,-105.99416510412938
42,213,25190,-83.12928295571965
42,214,25274,-240.09270519873212
42,215,25401,-245.66690876252895
42,216,25485,-408.62146116824846
42,217,25555,-153.80133356068674
42,218,25667,-471.5941640936065
42,219,25762,-108.16290630455498
42,220,25884,-254.1685945998533
42,221,26025,-117.55966331263849
42,222,26178,-184.4219969951046
42,223,26312,-249.12251250801143
42,224,26396,-256.289761162296
42,225,26489,-247.69017044331028
42,226,26635,-293.282620003764
42,227,26715,-52.62503623524874
42,228,26888,-318.31167195764084
42,229,26981,-262.6392498123148
42,230,27078,-352.7151411722584
42,231,27212,-349.43290293997904
42,232,27362,-259.7474593864485
42,233,27524,-364.6413728022298
42,234,27662,-94.47722209728131
42,235,27798,-513.1385632980443
42,236,27912,-384.86178213248934
42,237,28058,-315.7504076790477
42,238,28159,-106.60221560095815
42,239,28251,-361.04233785764103
42,240,28380,-92.38541010648605
42,241,28522,-555.367516820537
42,242,28618,-353.8958693520571
42,243,28785,-536.1598919238282
42,244,28872,-477.835752031407
42,245,29040,-85.60106653246734
42,246,29147,-404.86154203281313
42,247,29275,-35.840751176446645
42,248,29382,-346.6015251830945
42,249,29543,-597.2757584746009
42,250,29691,-214.85088967749527
42,251,29892,-631.2350211082504
42,252,29972,-581.3755417571433
42,253,30048,-399.18427545552106
42,254,30372,-965.4624666282424
42,255,30483,-398.5233972725324
42,256,30601,-550.5612068556719
42,257,30720,-617.3925190278248
42,258,30857,-666.709827131128
42,259,30961,-286.88056775306563
42,260,31109,-574.3445768090855
42,261,31194,-294.8563245736344
42,262,31346,-584.5335034979435
42,263,31451,-273.15090883718597
42,264,31531,-394.3165067731401
42,265,31632,-452.55616466442115
42,266,31738,-402.0714408550158
42,267,31827,-229.6043851687269
42,268,31973,-622.2941775114622
42,269,32071,-553.177529596267
42,270,32164,-466.10459400889755
42,271,32256,-561.6783443644729
42,272,32376,-776.5954831138902
42,273,32511,-682.3133840967976
42,274,32628,-341.67172858380184
42,275,32721,-574.9729435308841
42,276,32811,-534.2200154900071
42,277,32902,-597.7616758228935
42,278,33010,-361.2451669803681
42,279,33080,-207.6202190947094
42,280,33189,-476.83623896123794
42,281,33294,-404.02321829743505
42,282,33378,-561.3105979389998
42,283,33488,-436.8470162294429
42,284,33561,-470.21175961825264
42,285,33679,-562.8800154280527
42,286,33790,-546.6498160799614
42,287,33888,-297.23551174376814
42,288,34008,-411.6798838376807
42,289,34128,-370.0702994465195
42,290,34215,-574.1601485957856
42,291,34338,-397.3006438799156
42,292,34432,-390.6466103997619
42,293,34533,-529.939291766326
42,294,34622,-383.304335142164
42,295,34770,-288.5360424109871
42,296,34850,-383.7788451075834
42,297,34935,-255.9938574440381
42,298,35094,-340.50535401056527
42,299,35220,-367.3609102898222
42,300,35346,-268.8281734554688
42,301,35466,-402.8330624274979
42,302,35536,-338.35845170675464
42,303,35623,-434.36801364281035
42,304,35706,-293.6289774124492
42,305,35805,-315.9026329586183
42,306,35928,-278.86242342674575
42,307,36034,-610.3314545819193
42,308,36139,-347.2238146693671
42,309,36221,-210.14706154068324
42,310,36308,-324.40558040459246
42,311,36452,-44.871186035790586
42,312,36519,-56.332759974541716
42,313,36622,-135.57718569581587
42,314,36716,-75.46227670094443
42,315,36793,-201.2249356412823
42,316,36905,-343.01913039298756
42,317,37018,-106.28438019467434
42,318,37098,-87.18852236291393
42,319,37309,-275.6982682284511
42,320,37523,-396.9156725895785
42,321,37633,-176.66822122628312
42,322,37739,-230.35072310110797
42,323,37848,-588.8811534597685
42,324,37961,-205.38431118494327
42,325,38074,-289.43051252241014
42,326,38275,-329.0716942226529
42,327,38464,-553.4856806433986
42,328,38564,-302.52830154502243
42,329,38687,-308.99280201922244
42,330,38802,-457.7987643771767
42,331,38954,-424.58217904412254
42,332,39066,-85.39744789825085
42,333,39165,-527.3363166276833
42,334,39297,-538.0311396231434
42,335,39467,-429.3025674429147
42,336,39607,-707.2772631227555
42,337,39694,-253.78271628770744
42,338,39807,-376.6392849447826
42,339,39921,-305.99734014140734
42,340,40024,-342.41716616761323
42,341,40164,-635.3539197413343
42,342,40277,-417.4090070139987
42,343,40373,-238.48787679361806
42,344,40494,-326.291582458015
42,345,40727,-842.2163360916353
42,346,40831,-589.7705452765459
42,347,40915,-479.9304609765061
42,348,41023,-636.7046592653222
42,349,41130,-710.549375232242
42,350,41321,-630.892393959681
42,351,41433,-405.1678001460818
42,352,41567,-395.5488604786808
42,353,41661,-234.39692708704538
42,354,41768,-578.6352988613785
42,355,41904,-564.8229627480839
42,356,42027,-491.51291765723875
42,357,42143,-267.88571895647124
42,358,42277,-383.0464763044984
42,359,42352,-468.4244286387225
42,360,42449,-541.4633729087127
42,361,42549,-438.63238899653635
42,362,42678,-681.0137588515285
42,363,42806,-401.9426408192504
42,364,42937,-64.92438655885218
42,365,43030,-275.4997289478291
42,366,43166,-382.2747934853623
42,367,43248,-139.9254809550226
42,368,43369,-238.11795069358752
42,369,43445,-474.80208311700613
42,370,43532,-379.7496666207812
42,371,43647,-322.89086159263394
42,372,43799,-322.8608070416352
42,373,43881,-370.79350026106863
42,374,43973,-48.834174786206034
42,375,44057,-483.4711293139331
42,376,44240,-380.7486834620927
42,377,44388,-90.09664130418768
42,378,44482,-54.56658330815486
42,379,44618,-60.310382330851624
42,380,44730,-178.74749013889354
42,381,44874,-131.4338809254495
42,382,44983,-395.2145815444351
42,383,45164,-334.9444148579996
42,384,45261,-168.13135372995993
42,385,45578,-527.4300927252787
42,386,45666,-264.67689824205354
42,387,45813,-275.14744592986517
42,388,45959,-343.74976203635237
42,389,46043,-433.0119279220778
42,390,46197,-442.27599128605016
42,391,46366,-482.399679772531
42,392,46439,-543.7534712139177
42,393,46614,-603.340333820096
42,394,46744,-221.38429293980695
42,395,46832,-309.7021678833827
42,396,47029,-511.3100233692929
42,397,47330,-807.2003719177934
42,398,47415,-270.2917286912358
42,399,47573,-723.7060275829789
42,400,47740,-662.4048522611816
42,401,47833,-302.65110065761957
42,402,47937,-531.5453035500277
42,403,48034,-558.4306923800566
42,404,48132,-342.0608718676115
42,405,48241,-114.17942687955158
42,406,48412,-516.4431418530439
42,407,48500,-267.88836644349874
42,408,48604,-248.23060102736028
42,409,48715,-490.0058589849472
42,410,48789,-95.52556425716932
42,411,48882,-443.16680564808763
42,412,48971,-336.0224383318533
42,413,49095,-542.5549604872542
42,414,49203,-341.27771552152205
42,415,49292,-123.4317545217513
42,416,49380,-456.33044788888236
42,417,49469,-496.5331133047594
42,418,49543,-55.53111673440016
42,419,49631,-548.8778218712486
42,420,49708,-149.91110712887024
42,421,49797,-464.9834428522215
42,422,49902,-350.1905356706927
42,423,49987,-373.41344364417796
42,424,50077,-422.9192764283182
42,425,50168,-471.16126496292713
42,426,50270,-66.28833154019834
42,427,50367,-362.93855564494834
42,428,50476,-101.54515015049539
42,429,50605,-193.1371219324355
42,430,50743,-125.80467457886667
42,431,50824,-372.0159651655
42,432,50892,-86.89547016871921
42,433,51018,-44.02561832921635
42,434,51132,-371.9655496811968
42,435,51227,-146.45782956890565
42,436,51337,-586.8381154207095
42,437,51433,-336.1854516458612
42,438,51616,-84.1104400693586
42,439,51731,-599.1144816640585
42,440,51898,-537.2883849524081
42,441,51983,-498.4514813809363
42,442,52097,-237.2348350041315
42,443,52212,-269.0691289054681
42,444,52293,-394.4602437680108
42,445,52445,-757.2761992282686
42,446,52537,-675.5482136100284
42,447,52627,-686.0465686507888
42,448,52743,-733.7247967018561
42,449,52844,-314.3835451203124
42,450,52925,-642.8565946046066
42,451,53002,-474.9552204747915
42,452,53127,-903.8054467633755
42,453,53224,-532.0097438518267
42,454,53299,-578.2099167163624
42,455,53376,-501.44011451205677
42,456,53489,-822.3625172061069
42,457,53574,-365.8461744372645
42,458,53668,-708.1053165572882
42,459,53768,-740.5185243777576
42,460,53883,-701.8409231869238
42,461,53988,-596.7955392632086
42,462,54059,-492.2210819436428
42,463,54153,-659.8909145326965
42,464,54243,-600.5896298258288
42,465,54317,-511.3718904797614
42,466,54442,-454.8622043364473
42,467,54525,-393.09277641058827
42,468,54632,-725.4457122068383
42,469,54713,-673.0347291486727
42,470,54791,-479.65304657010864
42,471,54897,-738.6518304702604
42,472,54998,-651.0112207863829
42,473,55105,-413.71810906257434
42,474,55224,-496.17509964740566
42,475,55293,-315.7065114118949
42,476,55374,-458.67410010604027
42,477,55472,-573.7630091122505
42,478,55577,-874.0354119739836
42,479,55659,-297.49582367165544
42,480,55749,-441.29826502882605
42,481,55868,-577.208171023583
42,482,55967,-390.18740338051487
42,483,56055,-203.0535656991438
42,484,56139,-289.28132653885837
42,485,56276,-679.1067667938432
42,486,56371,-404.71198682049294
42,487,56471,-461.3073659595422
42,488,56555,-402.9789196230813
42,489,56670,-566.6309089783026
42,490,56783,-481.0979216974466
42,491,56859,-321.7057762671851
42,492,56976,-458.66683809045907
42,493,57081,-697.7099329138382
42,494,57166,-308.3826325475484
42,495,57281,-416.3484993084351
42,496,57422,-452.1591081862584
42,497,57522,-563.664723675121
42,498,57596,-406.8638431763977
42,499,57701,-752.6044304500724
42,500,57781,-476.5067165180901
42,501,57873,-509.7205122015117
42,502,57937,-275.98681180273127
42,503,58030,-644.7197496293521
42,504,58117,-322.91997044334926
42,505,58195,-211.1281083646502
42,506,58314,-505.2668286741846
42,507,58385,-10.559680758410352
42,508,58480,-628.0728120070098
42,509,58551,-367.8001342329691
42,510,58627,-239.64475036719386
42,511,58698,-423.09145493555616
42,512,58768,-459.94501843428526
42,513,58850,-397.1605491353702
42,514,58968,-569.8663184477984
42,515,59099,-571.9477468770942
42,516,59173,-569.1238194119243
42,517,59286,-367.5286261198262
42,518,59414,-651.5566609788323
42,519,59520,-576.0168206702783
42,520,59612,-306.8646988747138
42,521,59688,-285.49209938573256
42,522,59783,-367.3615536666172
42,523,59873,-205.67538585420726
42,524,59967,-254.16171396014502
42,525,60092,-568.559546980043
42,526,60229,-622.4266739824112
42,527,60357,-511.48862727844255
42,528,60421,-351.8206042048756
42,529,60501,-515.5095299023758
42,530,60571,-129.20610874678297
42,531,60749,-506.7546959076457
42,532,60870,-317.44708562643336
42,533,60952,-532.5273779275183
42,534,61087,-566.3728468245768
42,535,61185,-364.2491440854253
42,536,61299,-189.26155883015824
42,537,61373,-349.1533103530644
42,538,61453,-521.0065029483889
42,539,61540,-335.62288543019736
42,540,61644,-493.059942776922
42,541,61776,-609.4547284811703
42,542,61904,-619.3832278055212
42,543,62028,-625.4530244764288
42,544,62120,-233.15303518378659
42,545,62269,-401.5398260891877
42,546,62361,-585.591612714436
42,547,62523,-440.61876529571174
42,548,62650,-597.369305789978
42,549,62784,-418.79382446137237
42,550,62901,-541.1849063515212
42,551,62982,-479.99371993212725
42,552,63063,-558.1251114249433
42,553,63164,-273.8739440071685
42,554,63241,-551.5875229955279
42,555,63319,-403.19274714076323
42,556,63427,-305.7262611561912
42,557,63519,-23.04939717708146
42,558,63585,-85.32585688454921
42,559,63656,-94.391812201364
42,560,63773,-355.933640286067
42,561,63899,-455.0467535812764
42,562,64075,-173.83678802783686
42,563,64192,-361.87143545932787
42,564,64305,-454.69064455292397
42,565,64492,-120.46445438009724
42,566,64600,-57.807083113004154
42,567,64767,-389.13325456511285
42,568,64852,-302.597431881205
42,569,64944,-565.2777183868538
42,570,65122,-532.0752131253888
42,571,65227,-136.09173116568377
42,572,65323,-271.52059026693007
42,573,65489,-617.2984777248948
42,574,65584,-415.65255601647317
42,575,65670,-456.01274677374226
42,576,65764,-339.4200283260845
42,577,65849,-513.0175915755725
42,578,65937,-317.66039955612246
42,579,66035,-744.0226035664534
42,580,66174,-757.699091776298
42,581,66277,-714.5262991204656
42,582,66359,-553.5350836570468
42,583,66435,-334.6990035587372
42,584,66529,-383.08795089360405
42,585,66695,-893.3137303301452
42,586,66777,-612.4498761016554
42,587,66853,-519.0094473025224
42,588,66958,-721.299763412025
42,589,67035,-260.0034114011109
42,590,67127,-694.1050021757623
42,591,67209,-487.05134912409716
42,592,67288,-469.7190722078264
42,593,67371,-641.4501340228542
42,594,67455,-521.1156170095558
42,595,67592,-556.7562053841915
42,596,67668,-551.8172845792376
42,597,67763,-408.47530289784476
42,598,67866,-542.5211442817025
42,599,67949,-119.68966303913692
42,600,68044,-484.46044756213473
42,601,68154,-569.4034647168628
42,602,68239,-489.44900057524603
42,603,68352,-659.3725777212633
42,604,68438,-665.8457393014048
42,605,68547,-594.5101156462017
42,606,68657,-661.2452915857943
42,607,68739,-490.3322775158148
42,608,68840,-652.006605726628
42,609,68925,-584.435021505956
42,610,69034,-505.1949762254965
42,611,69139,-536.1290811092582
42,612,69215,-343.64776577017045
42,613,69297,-87.88535266642481
42,614,69371,-433.47927434950105
42,615,69460,-436.49987835878375
42,616,69536,-159.11756523162074
42,617,69605,-366.4570166654354
42,618,69697,-431.93618267428235
42,619,69785,-235.40692586061934
42,620,69902,-302.5486893184309
42,621,69983,-447.0845991873788
42,622,70087,-504.5561269687823
42,623,70176,-479.5423068937349
42,624,70247,-125.91747043167396
42,625,70374,-548.1785688461827
42,626,70438,-84.42949569653253
42,627,70511,-225.52699438564855
42,628,70613,-493.98781270856455
42,629,70697,-89.30445837475567
42,630,70804,-305.30226118193826
42,631,70897,-365.3755151305826
42,632,71016,-442.1001951275325
42,633,71119,-437.1079139522647
42,634,71198,-256.6491250236593
42,635,71292,-244.68584140900842
42,636,71372,-500.0074097979539
42,637,71460,-54.86315793344674
42,638,71591,-405.1825041506716
42,639,71747,-179.6879080399688
42,640,71846,-490.08782259348226
42,641,71930,-85.24482281509583
42,642,72015,-136.75085884775464
42,643,72100,-166.36317872708423
42,644,72285,-73.82556807511958
42,645,72372,-325.36859998162646
42,646,72460,-467.40173189064524
42,647,72534,-317.0447680760817
42,648,72649,-221.3952353063072
42,649,72743,-208.075762798921
42,650,72825,-423.0134346072192
42,651,72941,-290.1876760687115
42,652,73051,-66.96309276094745
42,653,73137,-344.9499731840521
42,654,73309,-198.95247141623145
42,655,73431,-515.6839297953895
42,656,73571,-334.41813899763815
42,657,73715,-579.3763822575197
42,658,73818,-578.7566091441685
42,659,73945,-167.7267798817696
42,660,74128,-290.70521112622515
42,661,74212,-456.89487345911175
42,662,74300,-95.0542599693134
42,663,74516,-472.170658964702
42,664,74612,-289.9135571074163
42,665,74726,-492.6548071167005
42,666,74923,-573.9718904063232
42,667,75025,-246.1222130204147
42,668,75142,-524.379276162492
42,669,75253,-607.1648886084803
42,670,75370,-676.1544846651168
42,671,75487,-447.42386407070654
42,672,75600,-702.7338268695369
42,673,75679,-539.8993638622994
42,674,75771,-318.20924169666284
42,675,75852,-552.8451478751313
42,676,75992,-775.0746825740429
42,677,76114,-355.8566245816618
42,678,76189,-500.8223077410649
42,679,76296,-512.8897245073078
42,680,76474,-469.8360951769325
42,681,76547,-57.5699682140584
42,682,76653,9.447166743287951
42,683,76727,-96.86285578042911
42,684,76812,-393.64354085420024
42,685,76953,-629.0784467020394
42,686,77041,-453.4310275708232
42,687,77187,-739.1046652928102
42,688,77341,-330.9854616899628
42,689,77472,-270.0899685857315
42,690,77728,-312.64400140637974
42,691,77816,-105.4781138247967
42,692,77994,-421.13666422588386
42,693,78126,-85.63750967293824
42,694,78287,-317.54638151871075
42,695,78477,-703.8655810287709
42,696,78644,-510.8732708915698
42,697,78767,-435.4928925952781
42,698,78897,-684.7633104677248
42,699,78975,-323.75090209664086
42,700,79114,-640.0742746916861
42,701,79192,-488.22775894525313
42,702,79336,-394.6625127694851
42,703,79413,-361.31317232853047
42,704,79544,-432.1438689370157
42,705,79636,-385.816309866956
42,706,79722,-278.12366797510595
42,707,79803,-305.7777018605128
42,708,79879,-327.35926437467026
42,709,79992,-444.45684836746756
42,710,80101,-381.7711373385703
42,711,80181,-97.03266312980725
42,712,80257,-98.23424075910425
42,713,80364,-344.786206052839
42,714,80515,-88.074910417741
42,715,80642,-299.8157578225352
42,716,80776,-209.48328502197415
42,717,80869,-381.6643245489805
42,718,80960,-280.6304197626117
42,719,81065,-74.74714060790221
42,720,81199,-193.64319649751656
42,721,81340,-297.2449033711202
42,722,81440,-433.49119812372317
42,723,81549,-59.78149225418521
42,724,81680,-352.21065692056334
42,725,81779,-61.747831074796665
42,726,81908,-427.67712695023846
42,727,81998,-425.5172866363341
42,728,82133,-434.67185824386587
42,729,82364,-703.2843800717841
42,730,82444,-450.134896698067
42,731,82529,-384.8787415407924
42,732,82604,-429.7307235789174
42,733,82698,-354.48374177817334
42,734,82860,-285.74749031075345
42,735,82978,-540.0273731432324
42,736,83079,-443.1114205118874
42,737,83186,-337.609415410526
42,738,83426,-465.5742355748807
42,739,83561,-300.60957691652766
42,740,83668,-575.1750922410547
42,741,83793,-482.68667284292553
42,742,83962,-404.137635825325
42,743,84090,-629.3657442128074
42,744,84178,-497.3235986672186
42,745,84329,-133.52004417091626
42,746,84448,-347.32595073285137
42,747,84583,-443.88458535165665
42,748,84735,-204.11449912539757
42,749,84818,-75.90685926081927
42,750,84910,-105.52677167370915
42,751,85059,-192.26722269441845
42,752,85140,-156.22804787776593
42,753,85274,-462.86206045112806
42,754,85354,-57.81085301185379
42,755,85461,-603.5438763921135
42,756,85552,-324.0941631164545
42,757,85691,-537.9513878169505
42,758,85814,-613.3095161957456
42,759,85946,-551.4834672674008
42,760,86031,-286.3587811354623
42,761,86114,-438.29339709615687
42,762,86263,-512.3196833941236
42,763,86349,-524.0718156585488
42,764,86445,-636.9597033298065
42,765,86549,-194.26440213953634
42,766,86636,-505.63031221555553
42,767,86726,-489.3020867980515
42,768,86848,-655.6012837303718
42,769,87011,-657.0724303599364
42,770,87117,-483.6469497244319
42,771,87246,-824.6249381772471
42,772,87395,-716.8072071829718
42,773,87466,-489.3059144584031
42,774,87586,-582.8735107047697
42,775,87674,-602.081633962852
42,776,87766,-643.4325615330412
42,777,87854,-305.25572673677596
42,778,87943,-575.8512541915645
42,779,88010,-293.58928014963817
42,780,88087,-612.8997386116015
42,781,88208,-596.6864471724907
42,782,88280,-595.9043972622214
42,783,88434,-401.4857149451666
42,784,88539,-513.1532344115323
42,785,88629,-235.8445554877966
42,786,88715,-468.00137345750625
42,787,88796,-577.7921586267851
42,788,88881,-359.14993637555494
42,789,88949,-521.8808950814018
42,790,89035,-604.1799418688724
42,791,89117,-665.799844734147
42,792,89231,-774.0311544702047
42,793,89305,-560.7014908806239
42,794,89389,-535.761137127063
42,795,89504,-708.7367106627382
42,796,89609,-534.7064631430158
42,797,89711,-713.7247910850757
42,798,89815,-587.5024820345945
42,799,89885,-398.2174046947255
42,800,89970,-616.1194171268796
42,801,90040,-290.9901764877912
42,802,90136,-715.605248271666
42,803,90227,-567.4462498878562
42,804,90316,-522.0456393747851
42,805,90414,-443.70043578296304
42,806,90515,-409.93939731533516
42,807,90623,-483.7872962752522
42,808,90703,-242.737958524887
42,809,90817,-579.9126077006046
42,810,90921,-311.4390790116572
42,811,91023,-641.8560796807557
42,812,91096,-428.48112035510377
42,813,91167,-245.14441029957456
42,814,91309,-393.9389055798433
42,815,91373,-346.7277014247134
42,816,91461,-484.3216813202274
42,817,91559,-397.23511996137114
42,818,91629,-340.12415610370465
42,819,91743,-348.9688311341639
42,820,91846,-489.57039878210855
42,821,91920,-380.62663871040036
42,822,91985,-243.45519636001035
42,823,92086,-433.83823060143476
42,824,92161,-265.4460756433024
42,825,92244,-368.3351351934876
42,826,92327,-655.0538093650989
42,827,92414,-533.7541953902123
42,828,92511,-375.1155185360046
42,829,92596,-579.8639974844484
42,830,92681,-413.1020315043842
42,831,92772,-148.2330451757272
42,832,92882,-436.1566959112391
42,833,92962,-117.75963404308432
42,834,93065,-410.10378582711905
42,835,93209,-254.0281655857452
42,836,93290,-426.4981368895309
42,837,93406,-250.68810176617072
42,838,93483,-118.57557715465225
42,839,93553,-125.4059439574003
42,840,93733,-384.9047515292951
42,841,93901,-527.6505822579925
42,842,93983,-315.11374506602374
42,843,94124,-452.4034299227337
42,844,94251,-640.6821262662703
42,845,94343,-500.93826457191824
42,846,94430,-361.39293986890823
42,847,94529,-404.2819378303291
42,848,94612,-428.1279104257631
42,849,94704,-236.49317883736057
42,850,94783,-32.825256733238376
42,851,94901,-415.7955273170051
42,852,95016,-114.28552678303014
42,853,95123,-198.08801229948483
42,854,95206,-438.1046830371348
42,855,95303,-339.0007981063385
42,856,95388,-448.75809875228896
42,857,95469,-398.99114210465126
42,858,95572,-578.1106188781172
42,859,95655,-491.9421298992724
42,860,95739,-347.7666870397833
42,861,95814,-76.97206928885558
42,862,95932,-455.31876703741466
42,863,96051,-403.4203662524915
42,864,96168,-478.25187547429977
42,865,96306,-636.5721254538702
42,866,96391,-234.9614917250383
42,867,96475,-484.2977100959443
42,868,96549,-325.9344307652266
42,869,96648,-599.9190949070147
42,870,96746,-601.168198584686
42,871,96876,-207.16116389017287
42,872,97009,-469.3922086653532
42,873,97086,-386.0704071588735
42,874,97168,-257.5029739796138
42,875,97274,-671.2811015742811
42,876,97372,-604.6363038549857
42,877,97456,-479.89681863093693
42,878,97575,-501.5622714691148
42,879,97681,-342.32261548130464
42,880,97757,-478.37640952432804
42,881,97898,-454.2089948848357
42,882,97971,-250.07168609397522
42,883,98094,-426.7191177312707
42,884,98181,-76.55182841629953
42,885,98286,-393.477659908117
42,886,98371,-67.6938007930627
42,887,98471,-417.801761933963
42,888,98616,-552.8808382490967
42,889,98701,-431.8034602122588
42,890,98802,-28.169228599320405
42,891,98898,-162.56829809457705
42,892,98983,-83.86998697929762
42,893,99106,-289.1067670342578
42,894,99224,-627.3681374216837
42,895,99368,-402.9070381901619
42,896,99583,-601.9175909839958
42,897,99702,-180.02403667302826
42,898,99787,-342.7795796821621
42,899,99876,-301.764515125202
42,900,100031,-537.7849750693742
42,901,100175,-253.66376847352652
42,902,100320,-113.07715597740052
42,903,100507,-569.5269159460522
42,904,100594,-455.49751284786004
42,905,100727,-472.28453802500957
42,906,100823,-532.1771921771098
42,907,100962,-385.55118222566074
42,908,101052,-322.95515363574987
42,909,101152,-694.7423632265201
42,910,101246,-601.8940693569953
42,911,101330,-365.5285448529952
42,912,101417,-631.7245582670821
42,913,101510,-706.3163932593551
42,914,101644,-755.0988415632486
42,915,101783,-586.1130937972835
42,916,101877,-618.9003811434925
42,917,101972,-690.1562720222979
42,918,102084,-388.4872988738735
42,919,102163,-453.96586816087563
42,920,102257,-580.2639746311561
42,921,102349,-348.28828655063853
42,922,102484,-519.6411679647545
42,923,102590,-463.0016640332154
42,924,102670,-343.55928576980773
42,925,102749,-241.33889321930027
42,926,102834,-310.79172338485387
42,927,102920,-592.747116627748
42,928,103033,-584.7825841669861
42,929,103138,-561.6390118749352
42,930,103265,-369.74025763385106
42,931,103361,-545.0829019976286
42,932,103433,-170.4479150492377
42,933,103553,-484.29529189588806
42,934,103627,-130.0092641236437
42,935,103741,-256.46709509830225
42,936,103810,-308.95413860359275
42,937,103902,-47.168040868815126
42,938,103995,-478.0208140828863
42,939,104075,-221.6688137649506
42,940,104156,-356.92540513706734
42,941,104256,-89.87269760811213
42,942,104413,-212.16303916380738
42,943,104511,-158.67541524939583
42,944,104603,-420.36476709479854
42,945,104717,-474.6135114773218
42,946,104799,-352.2715339390574
42,947,104897,-372.023180942295
42,948,104978,-555.679254417805
42,949,105104,-670.7776433285742
42,950,105202,-462.75479202622273
42,951,105278,-366.18487550991995
42,952,105382,-441.10143719044993
42,953,105473,-177.80064719124857
42,954,105576,-503.7727338280321
42,955,105672,-462.6435225897975
42,956,105787,-527.7445302835611
42,957,105889,-83.5113427684238
42,958,106004,-319.39985879551773
42,959,106116,-248.2189339429668
42,960,106198,-170.0325588333725
42,961,106335,-155.23863041056399
42,962,106463,-405.00453276751574
42,963,106574,-241.72537784687148
42,964,106680,-87.54086777003903
42,965,106773,-205.20616552030248
42,966,106867,-446.20356097276397
42,967,106995,-529.9863306283619
42,968,107090,-295.82921918618354
42,969,107250,-381.7106821526036
42,970,107373,-383.3599715736068
42,971,107479,-275.27451391980264
42,972,107564,-449.6761194487802
42,973,107684,-110.49630581250364
42,974,107775,-433.0918821782699
42,975,107888,-111.56355424889014
42,976,108001,-139.51076283606312
42,977,108135,-111.81723577838471
42,978,108215,-363.78506424044224
42,979,108294,-457.89970285882976
42,980,108469,-348.3364936794156
42,981,108606,-239.28823986351193
42,982,108689,-354.5058476563786
42,983,108771,-346.89402097318197
42,984,108963,-312.2044541470096
42,985,109049,3.2346117723378995
42,986,109209,-551.3067448538877
42,987,109298,-452.87464934958734
42,988,109387,-565.9621592209428
42,989,109491,-407.52276810778477
42,990,109592,-602.7369486634677
42,991,109679,-421.25577234086927
42,992,109751,-245.37536823387737
42,993,109875,-356.99200474207043
42,994,109996,-90.68246673234377
42,995,110132,-285.9195511734757
42,996,110242,-258.82838364492716
42,997,110332,-550.4739696107443
42,998,110430,-128.089856748688
42,999,110517,-411.42479749675
42,1000,110635,-393.74435329969333
42,1001,110710,-160.14297525453318
42,1002,110797,-192.14555743591131
42,1003,110906,-329.9934439255687
42,1004,110997,-309.66506250503653
42,1005,111070,-96.90122695211043
42,1006,111133,-140.35746550934246
42,1007,111225,-501.0239689939524
42,1008,111307,-415.08668753267557
42,1009,111426,-102.89818069301901
42,1010,111550,-211.73858239321197
42,1011,111707,-358.2039007128173
42,1012,111810,-525.0964436357477
42,1013,111891,-399.19614582590407
42,1014,111986,-562.5280936851602
42,1015,112062,-101.17286681222369
42,1016,112219,-272.1752244264908
42,1017,112299,-310.2110788116081
42,1018,112435,-347.51968727075536
42,1019,112525,-97.17982054404345
42,1020,112701,-109.70985319436964
42,1021,112781,-417.9579681045983
42,1022,112975,-153.5762958328566
42,1023,113115,-220.74781854104234
42,1024,113251,-467.0208168333244
42,1025,113456,-675.903587716425
42,1026,113565,-228.23122685610315
42,1027,113726,-595.1851201514426
42,1028,113801,-596.2810702003652
42,1029,113907,-439.9097418583076
42,1030,113984,-385.2789089955331
42,1031,114162,-489.5680223727984
42,1032,114243,-499.0043951224626
42,1033,114365,-489.6959406562452
42,1034,114476,-536.4363675292706
42,1035,114605,-651.0966782993197
42,1036,114704,-670.541998877508
42,1037,114777,-55.58212988402387
42,1038,114874,-86.77311081698187
42,1039,114949,-80.74524085591914
42,1040,115051,-147.20965395844797
42,1041,115133,-464.09290291894416
42,1042,115255,-537.73841307049
42,1043,115334,-80.9364166026704
42,1044,115442,-582.0546237846418
42,1045,115557,-450.0146591166752
42,1046,115645,-584.8289027426986
42,1047,115790,-429.135828562621
42,1048,115929,-94.7849300446241
42,1049,116048,-472.08441485419326
42,1050,116156,-551.6408278341983
42,1051,116251,-322.7144791974136
42,1052,116363,-510.27945622387483
42,1053,116442,-559.9973470294804
42,1054,116598,-636.2559704832711
42,1055,116696,-404.5236609566921
42,1056,116777,-144.25927474262087
42,1057,116869,-509.86877414649405
42,1058,117050,-494.998451126985
42,1059,117119,0.2582060407735298
42,1060,117215,-1.9720780739115469
42,1061,117376,-183.5742062256427
42,1062,117477,-389.7967612701964
42,1063,117627,-334.05955973706034
42,1064,117730,-409.99907492453247
42,1065,117816,-124.83647376553446
42,1066,117914,-390.73849892179993
42,1067,117996,-445.9231569295262
42,1068,118099,-84.3905215495127
42,1069,118240,-594.1429380973933
42,1070,118323,-247.77258593771484
42,1071,118401,-46.064575338122154
42,1072,118525,-301.6962648562985
42,1073,118615,-412.78169350348594
42,1074,118875,-341.51329645650685
42,1075,118963,-219.50053619703598
42,1076,119160,-191.6177396283191
42,1077,119251,-25.332910858163643
42,1078,119321,-515.9382335462868
42,1079,119438,-38.395477794266654
42,1080,119523,-65.50576380246673
42,1081,119606,-416.883858545285
42,1082,119797,-236.04835649458403
42,1083,119892,-15.528903109461467
42,1084,119982,-380.0788252631507
42,1085,120110,-398.73888208191926
42,1086,120202,-420.55862977282965
42,1087,120335,-580.7237983225098
42,1088,120420,-448.13937394513107
42,1089,120497,-54.58218406616838
42,1090,120640,-414.774609243284
42,1091,120759,-212.63661495071324
42,1092,120842,-511.88476737780354
42,1093,120986,-362.55465158364484
42,1094,121101,-556.01996224553
42,1095,121266,-845.6484002161936
42,1096,121363,-374.6309132712495
42,1097,121478,-429.36468709946536
42,1098,121571,-403.08353199129
42,1099,121650,-507.0516722857955
42,1100,121794,-519.5145637160676
42,1101,121869,-530.3414967766068
42,1102,121944,-503.17317925991654
42,1103,122087,-505.48982317382456
42,1104,122209,-434.2994164375497
42,1105,122370,-758.3138162791571
42,1106,122450,-299.27354023115004
42,1107,122575,-604.6174318954288
42,1108,122726,-845.8123853869483
42,1109,122821,-708.2811293233935
42,1110,122916,-585.032955901507
42,1111,123025,-436.8661521663613
42,1112,123136,-551.2256042232259
42,1113,123279,-756.8866108749557
42,1114,123386,-552.3294123162239
42,1115,123539,-555.6396582597538
42,1116,123629,-440.2784674961468
42,1117,123763,-471.31813299172524
42,1118,123890,-418.2193205077727
42,1119,124009,-478.21346862722993
42,1120,124111,-571.54301949056
42,1121,124192,-137.13748835679723
42,1122,124317,-255.58093168186895
42,1123,124402,-421.12847310519504
42,1124,124490,-301.0238812208212
42,1125,124594,-296.91971678577795
42,1126,124717,-359.13800831991057
42,1127,124825,-98.37039686157796
42,1128,124914,-362.0382476989503
42,1129,125077,-159.65308254481806
42,1130,125224,-88.34590982752025
42,1131,125330,-289.98109358831096
42,1132,125487,-321.2892791565871
42,1133,125582,-418.2580600542327
42,1134,125728,-481.5894966363664
42,1135,125839,-165.05028771458626
42,1136,126013,-159.28272326165248
42,1137,126111,-268.1676956069902
42,1138,126232,-352.16510826236697
42,1139,126352,-385.0633526949693
42,1140,126464,-667.0567451282751
42,1141,126541,-265.9820548688874
42,1142,126671,-511.5010486582548
42,1143,126750,-303.28964010393815
42,1144,126924,-491.6324278551877
42,1145,127043,-423.3663028026568
42,1146,127173,-358.1767135112266
42,1147,127283,-434.31523424920834
42,1148,127383,-345.26422045277894
42,1149,127488,-383.4085289915623
42,1150,127694,-187.51832598497094
42,1151,127785,-77.1385129515852
42,1152,127929,-83.73429909471547
42,1153,128036,-228.64202119311093
42,1154,128126,-138.66562291517846
42,1155,128260,-530.9499443858115
42,1156,128401,-244.39357016217014
42,1157,128486,-442.7175383997635
42,1158,128636,-346.70524942673006
42,1159,128729,-501.0979976399185
42,1160,128818,-457.5429825185718
42,1161,128946,-277.22057346409144
42,1162,129159,-300.55009838081776
42,1163,129239,-341.3975150634348
42,1164,129318,-87.87226936616683
42,1165,129420,-619.566766039969
42,1166,129544,-474.51605276390495
42,1167,129623,-411.53940629421936
42,1168,129735,-616.6809176742856
42,1169,129886,-492.48036377525295
42,1170,130026,-305.79352461987094
42,1171,130107,-444.86230076160575
42,1172,130188,-342.4813349507119
42,1173,130321,-330.9094927598923
42,1174,130443,-404.4367574214288
42,1175,130542,-271.4222311945218
42,1176,130645,-328.8015050364884
42,1177,130723,-86.31909973267538
42,1178,130820,-311.71244182354286
42,1179,130906,-440.8146069801033
42,1180,131003,-383.73059493978
42,1181,131088,-447.66326880070005
42,1182,131162,-463.42072720914496
42,1183,131249,-124.56427108575268
42,1184,131332,-231.14782005530105
42,1185,131456,-643.534387241751
42,1186,131575,-377.82624363482626
42,1187,131711,-557.6936181402007
42,1188,131787,-490.5146414158013
42,1189,131879,-552.4993811362697
42,1190,131975,-366.6955425022729
42,1191,132090,-572.1255913882815
42,1192,132184,-326.89982662893766
42,1193,132317,-459.09063221566146
42,1194,132401,-435.6811749214581
42,1195,132492,-522.0290087869869
42,1196,132575,-401.4194733784293
42,1197,132659,-603.7253206181151
42,1198,132759,-234.09567025426884
42,1199,132848,-266.1473429559187
42,1200,132956,-382.5179708888281
42,1201,133109,-403.7077630992357
42,1202,133192,-264.1796209854055
42,1203,133312,-493.5187000017
42,1204,133387,-479.64775988634085
42,1205,133487,-725.2825999484704
42,1206,133588,-571.792968155265
42,1207,133731,-544.9902269192831
42,1208,133826,-356.4085395387005
42,1209,133925,-483.7584318690553
42,1210,134023,-536.5268232198191
42,1211,134104,-509.6661504066481
42,1212,134181,-595.1017996233722
42,1213,134301,-584.2677935536727
42,1214,134421,-572.8403686581875
42,1215,134538,-664.5154754869009
42,1216,134627,-528.1983224690073
42,1217,134700,-414.2785454034747
42,1218,134804,-498.9915950518821
42,1219,134870,-287.69283943263855
42,1220,134951,-377.7997175988831
42,1221,135069,-623.9861716258886
42,1222,135138,-420.5549470103139
42,1223,135226,-447.3983439603806
42,1224,135311,-559.6614313218723
42,1225,135416,-428.497254317106
42,1226,135482,-348.32437994491283
42,1227,135576,-451.3597334173577
42,1228,135695,-262.74406309398125
42,1229,135774,-522.690587113824
42,1230,135886,-354.2586020764428
42,1231,135984,-281.32188580284344
42,1232,136096,-546.3536993855082
42,1233,136193,-726.5830489148829
42,1234,136304,-547.4404983777748
42,1235,136417,-660.5667664930039
42,1236,136518,23.00758028106938
42,1237,136620,-137.33894041835526
42,1238,136695,-251.70278413488506
42,1239,136775,-155.07308186442657
42,1240,136883,-224.33194180510384
42,1241,136975,-495.19132602435656
42,1242,137097,-589.5477068039332
42,1243,137192,-462.02469627043473
42,1244,137301,-458.16317177721095
42,1245,137403,-286.16200794177286
42,1246,137482,-199.67643665611092
42,1247,137603,-114.46372500386752
42,1248,137683,-585.3596542902185
42,1249,137802,-359.2640743268307
42,1250,137933,-492.3189960044027
42,1251,138086,-297.69544653204485
42,1252,138201,-400.67241172636295
42,1253,138293,-279.23169432904683
42,1254,138387,-35.091373587184606
42,1255,138462,-121.6170488720619
42,1256,138549,-377.08686622060384
42,1257,138616,-178.933272816606
42,1258,138696,-171.22843342733472
42,1259,138813,-73.05361498548902
42,1260,138929,-101.31344901077759
42,1261,139042,-458.3429066180934
42,1262,139132,-335.48682424361834
42,1263,139227,-427.7719736720524
42,1264,139304,-204.08687953467447
42,1265,139456,-528.2968070264101
42,1266,139546,-89.01294123716043
42,1267,139645,-386.3946679655808
42,1268,139728,-403.6559586063467
42,1269,139858,-370.6268530254842
42,1270,139998,-290.9620522876028
42,1271,140097,-275.4648358664301
42,1272,140208,-588.2040501454928
42,1273,140324,-356.12181410118245
42,1274,140411,-167.42192314334997
42,1275,140513,-188.208190745409
42,1276,140614,-543.3568180439189
42,1277,140703,-629.5846069173678
42,1278,140821,-796.6410977122704
42,1279,140911,-567.7819689874461
42,1280,140995,-622.5227403848814
42,1281,141075,-431.35873270732276
42,1282,141166,-617.6065156620865
42,1283,141321,-515.1882405463048
42,1284,141462,-670.6829306616305
42,1285,141563,-706.8707156993088
42,1286,141658,-399.9957565218637
42,1287,141797,-719.8171025610243
42,1288,141887,-634.2731532913999
42,1289,142011,-605.7575957450402
42,1290,142082,-546.7816545991784
42,1291,142160,-613.2888746140686
42,1292,142236,-222.65435228198834
42,1293,142324,-300.29467439609743
42,1294,142443,-429.5286801631047
42,1295,142554,-620.6435087037377
42,1296,142636,-628.0294182273585
42,1297,142742,-516.9175518229708
42,1298,142869,-598.4827910082258
42,1299,142999,-526.116917811765
42,1300,143069,-629.9623934396301
42,1301,143190,-597.5595283852178
42,1302,143288,-501.11461390671366
42,1303,143419,-660.4836957076644
42,1304,143508,-508.4453919717794
42,1305,143592,-537.3361599049376
42,1306,143692,-536.1741530634065
42,1307,143779,-423.51842976653097
42,1308,143900,-685.0825174149873
42,1309,144039,-488.9338133897182
42,1310,144118,-437.34054882009707
42,1311,144259,-631.6903005701392
42,1312,144369,-606.0509551183638
42,1313,144429,-270.76708225014977
42,1314,144512,-133.8841608068349
42,1315,144592,-637.6365630445516
42,1316,144686,-579.443946616437
42,1317,144768,-462.0469656162806
42,1318,144840,-539.8164381828457
42,1319,144947,-477.19939966847386
42,1320,145074,-805.1229799456298
42,1321,145145,-511.8103700971236
42,1322,145214,-343.5130244623292
42,1323,145315,-585.5353162248634
42,1324,145405,-613.1608167244578
42,1325,145484,-383.3726750824855
42,1326,145600,-306.62958703246466
42,1327,145681,-344.1785719804157
42,1328,145784,-239.26267565849193
42,1329,145879,-629.51681205534
42,1330,145981,-704.1750537212457
42,1331,146109,-666.1390367672744
42,1332,146190,-524.3542486037567
42,1333,146259,-445.88059711902656
42,1334,146321,-405.44299809772906
42,1335,146438,-601.7676798613694
42,1336,146526,-501.7352373777777
42,1337,146618,-436.0505455258013
42,1338,146720,-559.9534931373624
42,1339,146835,-481.2084111761128
42,1340,146933,-599.6654395836505
42,1341,146999,-461.1286872443718
42,1342,147085,-229.1239802926233
42,1343,147211,-394.97836574805757
42,1344,147343,-388.00085817519596
42,1345,147402,-279.3472140137385
42,1346,147474,-331.8876588200461
42,1347,147546,-161.58547191450157
42,1348,147628,-450.52887291807593
42,1349,147702,-354.7867792120122
42,1350,147784,-361.26327709142254
42,1351,147847,-476.3595128381724
42,1352,147932,-488.7292898857018
42,1353,147997,-136.2933545363905
42,1354,148055,-86.04140605012117
42,1355,148154,-512.1534161522734
42,1356,148232,-75.97242234336379
42,1357,148317,28.416107645814236
42,1358,148417,-371.2558479104937
42,1359,148533,-518.3923843282519
42,1360,148647,-362.88492778912234
42,1361,148763,-413.23048691513463
42,1362,148825,-196.30430130499957
42,1363,148923,-428.96992421461914
42,1364,149017,-336.4236625394273
42,1365,149145,-317.75729021285895
42,1366,149248,-358.4025331585915
42,1367,149319,-290.53331465888755
42,1368,149431,-472.9790009061969
42,1369,149550,-414.9476666630906
42,1370,149677,-271.1696995221881
42,1371,149763,-374.104725068697
42,1372,149887,-100.23831449233103
42,1373,149962,-400.84646334002633
42,1374,150044,-155.96712300520718
42,1375,150117,-373.9877550331831
42,1376,150241,-189.1365124319094
42,1377,150345,-217.10611884384213
42,1378,150467,-138.28975692242167
42,1379,150551,-429.0971904222793
42,1380,150714,-497.36659698707444
42,1381,150856,-240.39147009263593
42,1382,150946,-368.10255368327813
42,1383,151041,-355.8447157177254
42,1384,151140,-447.36360276805914
42,1385,151236,-62.86099212108697
42,1386,151358,-183.8289491178282
42,1387,151456,-388.9754905951336
42,1388,151609,-353.7253414235206
42,1389,151690,-468.7572434207971
42,1390,151839,-531.6035104289201
42,1391,151962,-112.06745229755826
42,1392,152041,-415.98294997923364
42,1393,152128,-328.71162344599225
42,1394,152255,-387.0500985650373
42,1395,152358,-125.31503176801039
42,1396,152455,50.90117373461726
42,1397,152582,-175.23699867951473
42,1398,152690,-251.65205357946488
42,1399,152794,-390.83973344013964
42,1400,152897,-295.101737580926
42,1401,153006,-492.6278719157182
42,1402,153146,-575.5579086637916
42,1403,153242,-287.59729339899945
42,1404,153398,-394.7981371097393
42,1405,153474,-64.24583613302957
42,1406,153544,-290.4427147876702
42,1407,153672,-207.80155717476498
42,1408,153753,-80.16807142328673
42,1409,153858,-410.12542773838703
42,1410,153941,-262.5435029007302
42,1411,154027,-456.1085636477853
42,1412,154146,-299.16564629014
42,1413,154225,-105.28872409492232
42,1414,154315,-570.8520294390946
42,1415,154412,-583.7917604694185
42,1416,154539,-528.9212838629255
42,1417,154639,-655.2380933375367
42,1418,154731,-644.5432466986983
42,1419,154806,-251.34656892983296
42,1420,154911,-505.5562421217237
42,1421,154999,-487.9042452817994
42,1422,155094,-533.2444690937538
42,1423,155206,-513.1162412878696
42,1424,155287,-573.2083806089076
42,1425,155368,-379.6300515098355
42,1426,155462,-578.1988144913059
42,1427,155549,-643.6671713901114
42,1428,155646,-617.9417337524741
42,1429,155732,-494.41206746887394
42,1430,155813,-516.8485420772464
42,1431,155908,-649.4183767480802
42,1432,155989,-214.3593914506474
42,1433,156079,-515.8989628628898
42,1434,156145,-406.26945249969873
42,1435,156248,-579.1554683770427
42,1436,156318,-297.39688548311426
42,1437,156426,-557.9488719372857
42,1438,156516,-490.091232524489
42,1439,156597,-300.1023456216817
42,1440,156671,-352.66138244578633
42,1441,156767,-799.0977324372924
42,1442,156863,-356.6926868990528
42,1443,156956,-434.44840634178
42,1444,157061,-594.0725084480468
42,1445,157141,-407.9836051554286
42,1446,157241,-593.2265626445878
42,1447,157324,-581.1455423678224
42,1448,157391,-160.2639217507473
42,1449,157481,-416.3701595556221
42,1450,157558,-177.14216810648608
42,1451,157626,-436.4372463778535
42,1452,157710,-492.3556225083712
42,1453,157774,-183.84593455555273
42,1454,157861,-585.7855272643054
42,1455,157957,-285.59900322747245
42,1456,158064,-373.3273902031341
42,1457,158129,-66.16766878802787
42,1458,158224,-172.81170819192081
42,1459,158316,-214.71019706184768
42,1460,158411,-294.6740217365639
42,1461,158480,-306.41722423345743
42,1462,158556,-305.3946415051532
42,1463,158659,-535.2425238720518
42,1464,158777,-261.14687680408974
42,1465,158861,-221.01002907707885
42,1466,158948,-418.60705407093263
42,1467,159024,-418.7592648699953
42,1468,159099,-498.9880675751285
42,1469,159182,-84.7012163086624
42,1470,159267,-364.33887760515177
42,1471,159390,-473.4304977151178
42,1472,159575,-370.283061593514
42,1473,159644,-129.16252965915118
42,1474,159733,-315.98098339620583
42,1475,159863,-376.2930083383951
42,1476,159962,-435.279850237194
42,1477,160061,-433.62081349749855
42,1478,160157,-46.37921709567717
42,1479,160272,-528.5559881107156
42,1480,160369,-232.26659789583826
42,1481,160481,-126.95526890276747
42,1482,160550,-284.2071563103508
42,1483,160637,-134.89752662582907
42,1484,160707,-193.54809267049458
42,1485,160802,-155.0271491307954
42,1486,160892,-544.1924792695479
42,1487,160996,-420.8364221789285
42,1488,161099,-72.60077435739694
42,1489,161244,-328.06532790095866
42,1490,161434,-60.417390494927744
42,1491,161521,-394.90423739558105
42,1492,161649,-489.6846611830351
42,1493,161731,-428.51474546134017
42,1494,161828,-55.28562601378795
42,1495,161976,-320.7934045615612
42,1496,162143,-285.65026910550677
42,1497,162282,-435.77515204217156
42,1498,162408,-178.0582008689307
42,1499,162488,-349.9912123271216
42,1500,162567,-308.78346457825603
42,1501,162650,-436.1159715250988
42,1502,162742,-393.44090996235724
42,1503,162821,-293.4070767087975
42,1504,162918,-212.6066449986246
42,1505,163058,-364.9515488709243
42,1506,163128,-84.59958814347155
42,1507,163226,-218.69346997842632
42,1508,163346,-492.2204754706794
42,1509,163464,-225.88852518007582
42,1510,163565,-306.53918112760215
42,1511,163648,-496.0405134273874
42,1512,163746,-660.1543722638316
42,1513,163843,-624.3502285527982
42,1514,163927,-499.44792483128066
42,1515,164014,-56.37958366986799
42,1516,164095,-386.64009025761663
42,1517,164181,-447.71430007037924
42,1518,164260,-402.92491703461036
42,1519,164364,-7.739825979052469
42,1520,164445,-407.23728775293125
42,1521,164517,-95.07103838654241
42,1522,164645,-636.5573902672693
42,1523,164756,-657.3648526776934
42,1524,164850,-303.8830031812065
42,1525,164951,-536.3211172560674
42,1526,165038,-613.7929149682533
42,1527,165139,-454.1021086873833
42,1528,165230,-391.9045688662266
42,1529,165315,-413.4865322563558
42,1530,165399,-76.45811408671517
42,1531,165491,-415.609540814116
42,1532,165565,-435.83632348792946
42,1533,165679,-457.5554945687771
42,1534,165756,-622.5920430389178
42,1535,165850,-698.45425532246
42,1536,165976,-478.66203606585555
42,1537,166093,-595.3757026712188
42,1538,166213,-561.4261046055901
42,1539,166288,-442.0413116101504
42,1540,166398,-432.66012940353886
42,1541,166488,-588.3601493312485
42,1542,166569,-566.03315555469
42,1543,166652,-455.84355444928775
42,1544,166791,-689.0413075061409
42,1545,166885,-503.27423739673384
42,1546,167000,-631.6518183250544
42,1547,167085,-250.4811117456835
42,1548,167171,-271.8075841248152
42,1549,167257,-301.2217258140744
42,1550,167367,-673.5131031950528
42,1551,167467,-317.13011107342527
42,1552,167564,-510.36273929685893
42,1553,167634,-428.1276810399775
42,1554,167715,-572.3691962903753
42,1555,167802,-498.0705469028044
42,1556,167905,-509.8566108055234
42,1557,167982,-477.23760051092984
42,1558,168109,-715.3253786700814
42,1559,168229,-665.5156386191762
42,1560,168296,-422.87175649104245
42,1561,168369,-115.91346105586554
42,1562,168452,-295.5696903469227
42,1563,168547,-331.07657066869126
42,1564,168644,-593.4138553477933
42,1565,168728,-298.64020234490266
42,1566,168800,-420.4255172813768
42,1567,168879,-435.1987519747516
42,1568,168963,-667.522330365079
42,1569,169033,-250.50580412129335
42,1570,169107,-339.9542661632654
42,1571,169202,-663.0496196630336
42,1572,169275,-427.31962480850166
42,1573,169414,-534.8622950921851
42,1574,169483,-88.71623574489877
42,1575,169589,-301.45869417673356
42,1576,169709,-333.7217936042888
42,1577,169798,-484.86751531705363
42,1578,169887,-609.1658209094251
42,1579,169994,-705.580547771214
42,1580,170104,-497.0736429871082
42,1581,170230,-709.8797922747068
42,1582,170320,-672.4368491276285
42,1583,170441,-670.6171697654304
42,1584,170533,-395.59097321123073
42,1585,170679,-669.0303339595226
42,1586,170750,-406.28585253998773
42,1587,170838,-38.33680321550992
42,1588,170931,-317.0993192422238
42,1589,171017,-204.16195734148928
42,1590,171090,-406.7247875215262
42,1591,171169,-517.6094092612766
42,1592,171267,-490.32988159099176
42,1593,171418,-577.363024892542
42,1594,171531,-725.7381169567234
42,1595,171625,-593.3673978341034
42,1596,171711,-54.18060213539539
42,1597,171835,-326.75149507138826
42,1598,171952,-350.5491693226219
42,1599,172049,-255.14396445853714
42,1600,172145,-267.9720264679921
42,1601,172242,-249.07434742873863
42,1602,172369,-348.70281355270765
42,1603,172461,-335.477576429431
42,1604,172534,-91.58304783460731
42,1605,172622,40.19629972322667
42,1606,172689,-98.33052332457046
42,1607,172789,-396.94803963066494
42,1608,172858,-165.52832724957366
42,1609,172938,-73.81719371773984
42,1610,173055,-577.5655187232919
42,1611,173175,-736.7458033576321
42,1612,173245,-165.0525170747219
42,1613,173343,-395.92988945785964
42,1614,173430,-505.8326948029064
42,1615,173499,-175.40419646030136
42,1616,173598,-317.7269440082995
42,1617,173698,-100.00442530315344
42,1618,173770,-87.02812568141069
42,1619,173830,-239.58812605478715
42,1620,173924,-428.295851235361
42,1621,174039,-250.52172582523554
42,1622,174136,-320.60443740747337
42,1623,174210,-52.333432087815694
42,1624,174305,-263.6498339976814
42,1625,174407,-239.60613711286845
42,1626,174497,-196.42584325786973
42,1627,174636,-98.53119945261807
42,1628,174802,-547.65720301635
42,1629,174908,-358.80314289086766
42,1630,175004,-70.92237653430769
42,1631,175116,-260.7658735777717
42,1632,175248,-662.0204405019458
42,1633,175330,-494.0956460934168
42,1634,175475,-690.2575274956104
42,1635,175589,-649.5344494955795
42,1636,175684,-403.2490547422405
42,1637,175775,-648.1914478613666
42,1638,175889,-629.1549668864401
42,1639,176012,-647.1743261655428
42,1640,176143,-545.4363063576611
42,1641,176228,-476.2107109648322
42,1642,176317,-432.2218463596898
42,1643,176429,-642.8252191733802
42,1644,176509,-525.660428680696
42,1645,176629,-482.63481286337196
42,1646,176709,-438.0062811217099
42,1647,176798,-501.46824985087045
42,1648,176875,-361.8679205247981
42,1649,176986,-368.6639548774271
42,1650,177118,-457.5870688750533
42,1651,177213,-424.06929268780186
42,1652,177301,-353.26150332228985
42,1653,177390,-547.0662105372962
42,1654,177468,-424.9835790900095
42,1655,177555,-356.53041535867015
42,1656,177673,-686.6109006110713
42,1657,177761,-508.584241507589
42,1658,177889,-649.4619273651265
42,1659,177985,-330.78901728468986
42,1660,178065,-302.46990992111853
42,1661,178138,-439.5779910077868
42,1662,178211,-448.1928460362872
42,1663,178295,-344.57721424771853
42,1664,178379,-557.8011482448181
42,1665,178454,-374.5080762677911
42,1666,178525,-105.89455403226083
42,1667,178593,-122.20677912284306
42,1668,178688,-422.0434663996963
42,1669,178769,-234.51133390521937
42,1670,178896,-443.96751754633164
42,1671,178970,-85.54276043870283
42,1672,179038,-39.37979516757035
42,1673,179103,-80.19193702676148
42,1674,179174,-90.23055160681751
42,1675,179249,-458.5260141132166
42,1676,179431,-129.12591669345954
42,1677,179608,-129.95609540871789
42,1678,179690,-147.51289101489678
42,1679,179820,-10.114236313903035
42,1680,179953,-588.806722602791
42,1681,180024,-104.40605847428546
42,1682,180163,-272.8571184834169
42,1683,180309,-466.54433575680827
42,1684,180408,-314.0477227530563
42,1685,180492,-659.0983822044984
42,1686,180581,-574.8663140742301
42,1687,180693,-412.2475913925739
42,1688,180820,-725.810238020344
42,1689,180923,-579.17415475529
42,1690,180990,-590.2214807720266
42,1691,181142,-850.0061494180239
42,1692,181223,-559.7288838725581
42,1693,181302,-473.25396587562733
42,1694,181409,-524.8707935106788
42,1695,181480,-552.0644261765214
42,1696,181564,-672.4212520943173
42,1697,181726,-394.06284433594186
42,1698,181811,-627.8309444647805
42,1699,181893,-584.0273220962415
42,1700,182012,-515.0375757732733
42,1701,182113,-520.316954632975
42,1702,182198,-573.5712372146713
42,1703,182301,-434.8571978263402
42,1704,182435,-543.809649812227
42,1705,182551,-671.6483950868342
42,1706,182711,-741.7548188538498
42,1707,182823,-697.2581014323306
42,1708,182945,-559.8456099615461
42,1709,183027,-590.2019696401892
42,1710,183131,-576.0083998677275
42,1711,183288,-496.4507144588003
42,1712,183450,-487.14742285959966
42,1713,183538,-572.0176317345292
42,1714,183622,-491.5671364283492
42,1715,183715,-456.90029323245534
42,1716,183824,-325.476780974079
42,1717,183940,-153.51879812473246
42,1718,184066,-419.43027958232307
42,1719,184179,-671.258692103292
42,1720,184284,-285.3171024023525
42,1721,184374,-396.74946216567605
42,1722,184465,-502.5441962223937
42,1723,184534,-309.5637558729978
42,1724,184659,-545.856491195359
42,1725,184740,-246.1185135331362
42,1726,184827,-365.5762672666711
42,1727,184893,-324.95254538429504
42,1728,184958,-80.67538200528892
42,1729,185081,-320.36187676628276
42,1730,185218,-411.8874017662979
42,1731,185286,-64.02858918497
42,1732,185389,-454.04500079759714
42,1733,185471,-442.3021773755629
42,1734,185582,-385.96104100098523
42,1735,185716,-305.46445516669024
42,1736,185841,-658.8697902922257
42,1737,185914,-70.81894766768036
42,1738,186064,-84.82749289728747
42,1739,186223,-94.6804642265024
42,1740,186346,-561.7943254426847
42,1741,186524,-239.14655561390003
42,1742,186615,-132.94468896519825
42,1743,186730,-380.8412359077111
42,1744,186846,-505.72665369177486
42,1745,186926,-412.00752793467257
42,1746,187020,-399.41867445298953
42,1747,187122,-371.30642723333204
42,1748,187202,-112.65227984590065
42,1749,187275,-353.14352215511406
42,1750,187360,-520.1164423571635
42,1751,187519,-416.8901447738731
42,1752,187662,-448.56859061934233
42,1753,187790,-609.9524150752654
42,1754,187869,-486.8233084687203
42,1755,187971,-351.0234868029581
42,1756,188068,-504.07057206392363
42,1757,188185,-357.99139994124874
42,1758,188288,-515.5562871816488
42,1759,188411,-96.47306569649251
42,1760,188514,-54.13229285046647
42,1761,188625,-385.3313655077102
42,1762,188726,-74.59321319454781
42,1763,188840,-212.18892277864273
42,1764,189008,-327.69564370987166
42,1765,189100,-219.15182933453238
42,1766,189236,-506.98523672019184
42,1767,189341,-397.54140975787595
42,1768,189476,-284.18416051408747
42,1769,189604,-6.6826508164685805
42,1770,189673,-77.15509128248624
42,1771,189862,-661.1127409780497
42,1772,189976,-244.3841466055137
42,1773,190085,-315.82283536628506
42,1774,190209,-300.89581203126835
42,1775,190336,-434.4486228566739
42,1776,190482,-358.7451273495062
42,1777,190591,-125.01679982272718
42,1778,190689,-275.8854470369822
42,1779,190790,-440.76413326685775
42,1780,190882,-392.95532667289115
42,1781,191013,-215.1377425803134
42,1782,191112,-295.06501168445004
42,1783,191203,-377.54641675183234
42,1784,191327,-437.5760391221602
42,1785,191403,-209.21779254768776
42,1786,191482,-65.34272103741057
42,1787,191564,-91.64044456696384
42,1788,191668,-178.68140452840242
42,1789,191776,-207.0858781571969
42,1790,191897,-433.77603619884906
42,1791,192008,-533.6159558407828
42,1792,192113,4.03759164037389
42,1793,192241,-623.8555781915597
42,1794,192344,-773.210997476912
42,1795,192432,-599.5480336831434
42,1796,192536,-703.0257205501588
42,1797,192662,-563.529091113443
42,1798,192754,-605.9839248931964
42,1799,192835,-597.2852244120938
42,1800,192920,-441.11733633866936
42,1801,193036,-694.0031463648636
42,1802,193131,-731.6016960088252
42,1803,193204,-320.10908446095107
42,1804,193281,-80.08892649498368
42,1805,193345,-456.16002210633025
42,1806,193456,-728.5242721507199
42,1807,193533,-522.4170749111038
42,1808,193616,-562.3271266836554
42,1809,193710,-512.8802560126201
42,1810,193790,-493.3823257276425
42,1811,193872,-464.87982398857895
42,1812,193980,-746.8736169616549
42,1813,194060,-660.7225940463105
42,1814,194153,-659.5352799908616
42,1815,194243,-678.876881658963
42,1816,194326,-594.2904112040258
42,1817,194437,-590.3173662492151
42,1818,194515,-631.6820694584412
42,1819,194593,-345.30160734747386
42,1820,194670,-225.80416870169142
42,1821,194770,-530.4614984342538
42,1822,194837,-388.17463123043876
42,1823,194917,-266.34373294859495
42,1824,195013,-440.8126125837223
42,1825,195082,-451.6745391242015
42,1826,195173,-309.8884340964895
42,1827,195260,-536.5775710389657
42,1828,195348,-567.9768156805228
42,1829,195426,-394.9357981656718
42,1830,195520,-640.322159788508
42,1831,195601,-613.8653435366384
42,1832,195675,-259.30825774834454
42,1833,195747,-301.03078671110495
42,1834,195841,-443.10842060863246
42,1835,195917,-550.4830972402476
42,1836,195982,-369.3551876251905
42,1837,196051,-230.73945486150345
42,1838,196146,-408.48786013923
42,1839,196257,-529.8445370442446
42,1840,196349,-402.2715529664525
42,1841,196461,-560.1631299718113
42,1842,196548,-354.20495631263157
42,1843,196669,-544.2319504821558
42,1844,196770,-664.9203849579058
42,1845,196855,-568.7234335440178
42,1846,196940,-327.6780430353009
42,1847,197012,-547.0809110046348
42,1848,197110,-631.426173367036
42,1849,197252,-591.6570083573877
42,1850,197346,-559.6743903529203
42,1851,197427,-333.79279247390843
42,1852,197546,-497.4159537270488
42,1853,197624,6.312965351244131
42,1854,197718,-434.02181988106986
42,1855,197812,-229.98663271263084
42,1856,197917,-470.009644829187
42,1857,197993,-198.09739673752304
42,1858,198103,-235.29513854141024
42,1859,198206,-339.5388305733136
42,1860,198311,-511.97569116883034
42,1861,198419,-256.87907800854055
42,1862,198552,-366.631797753912
42,1863,198698,-179.6896182856454
42,1864,198825,-65.79500796837542
42,1865,198977,-310.7952154116348
42,1866,199124,-163.38265450478278
42,1867,199343,-662.627396844235
42,1868,199477,-129.71739997720033
42,1869,199639,-632.8497622450675
42,1870,199719,-381.62882937528497
42,1871,199890,-477.8123502707116
42,1872,200002,-178.5322304855705
42,1873,200098,-352.3307239636949
42,1874,200191,-423.2381834241918
42,1875,200325,-464.481152479706
42,1876,200410,-313.29731041613013
42,1877,200607,-101.8644263024802
42,1878,200718,-543.6968864151504
42,1879,200804,-88.01793065645825
42,1880,200921,-508.63678576495454
42,1881,201055,-543.4326085263629
42,1882,201146,10.567161984700249
42,1883,201255,-174.0268600091863
42,1884,201450,-621.1668393709751
42,1885,201579,-407.7292130019879
42,1886,201751,-476.9808135930486
42,1887,201841,-205.46397623599557
42,1888,202090,-610.6661293930781
42,1889,202171,-404.06334596609815
42,1890,202265,-428.17269140715314
42,1891,202385,-428.81039711507964
42,1892,202470,-39.70692435266704
42,1893,202643,-289.1557983625746
42,1894,202787,-264.44322829570956
42,1895,202923,-346.0697165294424
42,1896,203030,-274.63759126859986
42,1897,203183,-350.99080959741923
42,1898,203310,-467.9755291258896
42,1899,203406,-449.2000425170883
42,1900,203487,-102.62154781366168
42,1901,203559,-54.867820513969356
42,1902,203650,-558.3673723672721
42,1903,203754,-492.51286240399025
42,1904,203878,-394.15852676301824
42,1905,203958,-180.9125233691946
42,1906,204032,-488.2803797876149
42,1907,204123,-372.4227505016201
42,1908,204247,-219.59849755658797
42,1909,204328,-557.7442612921128
42,1910,204446,-363.78161486373256
42,1911,204528,-432.1752228408697
42,1912,204613,-210.9428489786214
42,1913,204738,-290.0828199365943
42,1914,204854,-299.80113292455485
42,1915,204970,-552.8428868768228
42,1916,205048,-237.5890146329105
42,1917,205145,-426.5913491289658
42,1918,205241,-469.08638327262315
42,1919,205365,-489.62352410618615
42,1920,205450,-418.2754151072394
42,1921,205533,-506.33587804706167
42,1922,205640,-533.8073651598266
42,1923,205783,-633.4271687604692
42,1924,205891,-230.5565657684467
42,1925,206016,-54.452647471159246
42,1926,206123,-629.1128343857098
42,1927,206218,-412.9784997842592
42,1928,206313,-440.1630845670536
42,1929,206420,-578.6597978947502
42,1930,206645,-592.7491781197132
42,1931,206789,-582.8197522294821
42,1932,206907,-290.8936822216642
42,1933,207009,-403.6198165665773
42,1934,207139,-445.3932548527431
42,1935,207263,-290.16846827371944
42,1936,207367,-73.89263766339681
42,1937,207445,-213.4331332530578
42,1938,207532,-296.558440997777
42,1939,207628,-310.97736154467293
42,1940,207724,-95.14874087492555
42,1941,207824,-223.81689378561492
42,1942,207930,-478.3228150264263
42,1943,208019,-474.8639112855543
42,1944,208124,-632.7883751664708
42,1945,208215,-497.13786600951425
42,1946,208326,-309.18993201790823
42,1947,208443,-575.7958918221311
42,1948,208561,-579.1275878010304
42,1949,208674,-211.83983988412155
42,1950,208749,-225.47309216795156
42,1951,208858,-297.3127099427358
42,1952,208976,-486.3131673783063
42,1953,209127,-360.52497511354755
42,1954,209229,-386.2521982936025
42,1955,209340,-635.8839692341394
42,1956,209421,-441.5628646087828
42,1957,209534,-330.0553162791625
42,1958,209624,-141.3479195717203
42,1959,209747,-283.116195092697
42,1960,209842,-322.30573954877536
42,1961,209931,-367.0469653764397
42,1962,210007,-100.15935104340943
42,1963,210097,-62.91501383752373
42,1964,210223,-446.5784148924259
42,1965,210377,-232.01774927245768
42,1966,210470,-389.89197709244064
42,1967,210599,-343.0401858228208
42,1968,210738,-263.62289527235833
42,1969,210848,-398.44391164264687
42,1970,210921,-203.74626200082406
42,1971,211004,-87.41240783589345
42,1972,211111,-227.27837370224415
42,1973,211193,-200.28447285241322
42,1974,211291,-147.34899452615764
42,1975,211376,-251.96941076693625
42,1976,211500,-429.9092791915746
42,1977,211603,-417.7172765377183
42,1978,211725,-208.95748979220264
42,1979,211841,-383.6266324388207
42,1980,211920,-88.68894479743875
42,1981,211994,-122.35307934384241
42,1982,212102,-211.42520094552032
42,1983,212233,-353.4695902975096
42,1984,212320,-81.76162014132578
42,1985,212451,-485.6526684778073
42,1986,212524,-401.82056831966037
42,1987,212614,-423.3210284730968
42,1988,212688,-64.33911317820292
42,1989,212785,-248.34735481665462
42,1990,212923,-486.5826272272764
42,1991,213048,-290.0630976566382
42,1992,213136,-284.03093607216334
42,1993,213245,-321.5381845498394
42,1994,213351,-440.17769039370626
42,1995,213467,-390.74828710386987
42,1996,213561,-44.31667520404841
42,1997,213669,-242.29042633101363
42,1998,213809,-231.82213966304673
42,1999,213903,-116.4118564851496
42,2000,213994,-91.4927564440629
42,2001,214077,-295.55631883461814
42,2002,214176,-406.7470502883579
42,2003,214258,-93.09561678046072
42,2004,214361,-375.8254661784239
42,2005,214443,-181.19521099106754
42,2006,214522,-402.537286718121
42,2007,214646,-429.32302880737075
42,2008,214749,-404.7325219517335
42,2009,214884,-420.2742414184214
42,2010,215005,-653.0214623103479
42,2011,215122,-314.68505619287316
42,2012,215245,-470.91336605128595
42,2013,215366,-151.60293653133974
42,2014,215448,-215.63471294340306
42,2015,215531,-141.2288795355865
42,2016,215620,-85.59832433365831
42,2017,215720,-448.1141062354854
42,2018,215822,-432.77720338043883
42,2019,215916,-508.72518741301803
42,2020,216032,-608.5550172484129
42,2021,216140,-153.11859709111704
42,2022,216244,-595.03147836938
42,2023,216340,-499.7257744854085
42,2024,216432,-163.5347250317538
42,2025,216517,-82.63045603376327
42,2026,216605,-441.87699806651517
42,2027,216682,-268.0784814542634
42,2028,216759,-548.21242459001
42,2029,216844,-349.03130320692634
42,2030,216917,-371.91329931341477
42,2031,216986,-85.09754927226133
42,2032,217074,-269.8035574089647
42,2033,217154,-380.81717646691186
42,2034,217242,-102.57072161036595
42,2035,217356,-228.0262653577923
42,2036,217439,-68.32358502104574
42,2037,217518,-326.00462535118936
42,2038,217606,-125.06986177646118
42,2039,217693,-236.62374850855844
42,2040,217817,-200.12237659627414
42,2041,217968,-124.09426727887491
42,2042,218099,-127.3059041574447
42,2043,218230,-216.7978828138942
42,2044,218336,-268.6616823385404
42,2045,218446,-446.2221857433388
42,2046,218597,-346.9881770959523
42,2047,218677,-186.21935713232386
42,2048,218768,-106.58886926993443
42,2049,218866,-357.326527596379
42,2050,218967,-224.03453124058757
42,2051,219070,-196.17609856221995
42,2052,219155,-380.54504970197013
42,2053,219238,-275.90395195157544
42,2054,219408,-48.52849624617776
42,2055,219484,-147.59713398632618
42,2056,219576,-430.2034537999796
42,2057,219685,-498.04164423976823
42,2058,219783,-444.64479951141413
42,2059,219855,-91.28549290531043
42,2060,219957,-563.3773794289366
42,2061,220064,-349.92937197732635
42,2062,220256,-233.98599527865795
42,2063,220337,-65.2224466515334
42,2064,220418,-224.62532119668515
42,2065,220507,-235.21034760921646
42,2066,220621,-123.23339559884653
42,2067,220734,-220.83481065760594
42,2068,220800,-61.077532205286786
42,2069,220877,-341.21945488947586
42,2070,220970,-79.23004876451523
42,2071,221093,-266.19676318416623
42,2072,221186,-419.21894563907273
42,2073,221263,-360.4658037279774
42,2074,221342,-430.1564085584785
42,2075,221440,-652.0435174204144
42,2076,221536,-335.56046723083625
42,2077,221671,-283.6447750475621
42,2078,221753,-178.34539455980828
42,2079,221845,-305.0989056994456
42,2080,221940,-495.7413490709263
42,2081,222017,-70.11097990123075
42,2082,222098,-520.0381541480658
42,2083,222197,-241.240644096091
42,2084,222277,-114.93662410331072
42,2085,222410,-268.55653752921137
42,2086,222512,-569.4514297154115
42,2087,222610,-318.92644207071464
42,2088,222718,-148.9138410960004
42,2089,222818,-310.7413866928887
42,2090,222942,-449.871527222541
42,2091,223087,-427.3929561983251
42,2092,223174,-548.5565155212691
42,2093,223266,-284.65847445440284
42,2094,223363,-430.1122793148553
42,2095,223508,-445.65427843033547
42,2096,223600,-69.99098264365918
42,2097,223702,-306.0415870160535
42,2098,223768,-386.2069123099656
42,2099,223896,-453.1225619248857
42,2100,223977,-252.60476617329886
42,2101,224117,-408.22820487868586
42,2102,224201,-477.52947823763316
42,2103,224319,-419.9453701177124
42,2104,224439,-646.8751156449891
42,2105,224542,-336.9899836836015
42,2106,224648,-188.7240648721512
42,2107,224757,-559.9854449366746
42,2108,224851,-308.7085133826897
42,2109,224942,-80.39997278131688
42,2110,225046,-341.6224126964602
42,2111,225132,-111.2692599516891
42,2112,225236,-441.84054928267506
42,2113,225323,-482.9202267167273
42,2114,225410,-606.1940577778419
42,2115,225545,-408.384441726423
42,2116,225614,-85.62295588836793
42,2117,225686,-75.7655904887956
42,2118,225787,-236.07334175721437
42,2119,225882,-482.2749292237457
42,2120,225979,-570.9616035249737
42,2121,226066,-323.5426279581319
42,2122,226163,-435.68264907716156
42,2123,226241,-217.36302837378148
42,2124,226357,-638.9453173800293
42,2125,226451,-716.3770582816792
42,2126,226521,-464.9236066043571
42,2127,226619,-349.86333162802845
42,2128,226690,-527.4694639868319
42,2129,226769,-531.4404196480132
42,2130,226863,-749.6886096210044
42,2131,226926,-422.8541968040661
42,2132,227007,-578.5786327948373
42,2133,227122,-581.5738272004459
42,2134,227211,-688.2149387124147
42,2135,227286,-233.76460924374342
42,2136,227369,-663.6249720903338
42,2137,227442,-331.63524763700013
42,2138,227516,-601.791756275898
42,2139,227589,-408.86311508763015
42,2140,227684,-540.2379650666396
42,2141,227778,-578.7200276317469
42,2142,227854,-409.7998545955128
42,2143,227946,-628.7599030729477
42,2144,228014,-249.49568461727932
42,2145,228095,-507.32781410458904
42,2146,228207,-314.02153470418705
42,2147,228309,-680.7302999570771
42,2148,228389,-602.4276540433775
42,2149,228462,-212.9741971522794
42,2150,228545,-513.4078810088515
42,2151,228622,-357.66740022327303
42,2152,228718,-551.0511774038328
42,2153,228795,-183.4895840180778
42,2154,228917,-652.4993909199219
42,2155,228990,-579.7281563035807
42,2156,229072,-349.52929892095415
42,2157,229173,-628.966426018083
42,2158,229288,-412.2771030568981
42,2159,229358,-228.65849366938738
42,2160,229438,-448.07152139409027
42,2161,229517,-107.64987672126854
42,2162,229641,-414.0609763279753
42,2163,229739,-342.04382201477245
42,2164,229802,-351.70781845871886
42,2165,229891,-516.7132484381059
42,2166,229978,-67.59095693424419
42,2167,230060,-520.4019989671423
42,2168,230146,-35.77788462840155
42,2169,230231,-587.8156206003496
42,2170,230339,-393.2337475431232
42,2171,230425,-410.9940506973149
42,2172,230530,-613.2384421735582
42,2173,230619,-167.51797922230895
42,2174,230697,-130.3897955581861
42,2175,230830,-484.06830836279613
42,2176,230915,-303.20908065526726
42,2177,231041,-462.0181873542185
42,2178,231181,-465.1158589896503
42,2179,231284,-112.7762622544957
42,2180,231394,-256.12592583572314
42,2181,231474,-430.8117282467694
42,2182,231580,-435.78665722820404
42,2183,231664,-418.65444731041646
42,2184,231805,-533.5888452051099
42,2185,231893,-382.21158537446485
42,2186,232081,-302.71911499470076
42,2187,232179,-99.48592851557866
42,2188,232303,-412.4866229240347
42,2189,232397,-153.23587756931397
42,2190,232499,-438.15786979431925
42,2191,232609,-88.42752445323868
42,2192,232695,-80.65968254686814
42,2193,232835,-165.6883347680892
42,2194,232933,-258.2571929681226
42,2195,233058,-394.40891337206574
42,2196,233192,-214.28039490561497
42,2197,233314,-363.39858888969644
42,2198,233417,-339.74220081129
42,2199,233524,-258.91075156923796
42,2200,233654,-269.0272604105522
42,2201,233745,-331.73026860385426
42,2202,233822,-202.46163135320302
42,2203,233907,-20.661717199847388
42,2204,234009,-351.41389741612613
42,2205,234129,-121.52742382549303
42,2206,234223,-327.7589924215787
42,2207,234404,-201.55592660257722
42,2208,234542,-345.62181278374624
42,2209,234698,-189.6669833233069
42,2210,234802,-362.11688184624415
42,2211,234923,-270.52569717519214
42,2212,235049,-110.10043296837875
42,2213,235125,-118.1965579055088
42,2214,235236,-352.10979093388244
42,2215,235348,-277.2671914130486
42,2216,235479,-143.74092238354584
42,2217,235591,-279.2374764351621
42,2218,235686,-414.3306346834531
42,2219,235771,-170.07404123101946
42,2220,235891,-386.51705126633095
42,2221,235979,-237.34452977826484
42,2222,236110,-413.07285024426216
42,2223,236222,-72.1122319169443
42,2224,236304,-90.88148171761607
42,2225,236412,-364.26880956531795
42,2226,236554,-295.6106252799479
42,2227,236651,-59.61405534305145
42,2228,236781,-387.9972510546233
42,2229,236982,-467.33901384197685
42,2230,237078,-548.9073723042045
42,2231,237234,-494.937208705743
42,2232,237371,-315.89249164609646
42,2233,237535,-635.2058515968032
42,2234,237627,-398.5849060245798
42,2235,237698,-264.78380403914593
42,2236,237839,-172.89786453596926
42,2237,237934,-530.3568914035457
42,2238,238038,-421.0061065726829
42,2239,238137,-316.42378097627267
42,2240,238220,-156.44873946063535
42,2241,238400,-419.3857167325119
42,2242,238480,-455.77739793808144
42,2243,238591,-426.54673746830906
42,2244,238663,-131.54569197936718
42,2245,238756,-296.06340819137716
42,2246,238861,-201.07355669788404
42,2247,238957,-179.0426421869934
42,2248,239079,-281.65828359723474
42,2249,239199,-440.3672752243157
42,2250,239291,-202.60874745336196
42,2251,239352,-86.84189271549545
42,2252,239414,-38.40998817798717
42,2253,239504,-63.798489895253745
42,2254,239646,-202.60136796426266
42,2255,239738,-240.9079306553902
42,2256,239822,-93.17682929784188
42,2257,239919,-130.54161906423755
42,2258,240056,-430.7623380806813
42,2259,240174,-337.546144629877
42,2260,240279,-476.5196856087181
42,2261,240406,-165.68474138626078
42,2262,240529,-57.546673824723236
42,2263,240683,-95.8719830605572
42,2264,240763,-208.0614936005503
42,2265,240854,-216.81558227814907
42,2266,240952,-404.81627922517316
42,2267,241045,-80.95011309867752
42,2268,241147,-442.90255031657057
42,2269,241288,-85.94620085882495
42,2270,241408,-247.45123517573936
42,2271,241602,-361.53454964424907
42,2272,241734,-18.084383139724466
42,2273,241804,-70.4888336420837
42,2274,241914,-266.5324534606706
42,2275,241996,-389.4230986860325
42,2276,242128,-163.10316253207168
42,2277,242214,-7.278163594020938
42,2278,242335,-233.9470528476637
42,2279,242430,-42.04681758614053
42,2280,242576,-279.92815811035314
42,2281,242728,-391.85684591152426
42,2282,242861,-617.6850088444448
42,2283,242982,-321.9936811260663
42,2284,243070,-466.8571081521921
42,2285,243183,-492.2932669475086
42,2286,243321,-514.6876469405489
42,2287,243411,-174.99308936953346
42,2288,243490,-547.9976294215807
42,2289,243649,-663.8356293776093
42,2290,243734,-343.86488545933946
42,2291,243815,-471.4210548003129
42,2292,243979,-646.0428251855077
42,2293,244079,-157.22694739906783
42,2294,244202,-637.8353002951633
42,2295,244311,-548.1219933914188
42,2296,244440,-343.34749419248806
42,2297,244536,-532.5717551264281
42,2298,244645,-629.2649488959047
42,2299,244721,-533.2748941746992
42,2300,244818,-427.71356639053977
42,2301,244937,-570.4534835021298
42,2302,245044,-701.8790427498809
42,2303,245137,-555.7118153730173
42,2304,245204,-122.7185939788638
42,2305,245316,-328.14056969729927
42,2306,245375,-216.87227272407824
42,2307,245496,-558.2880962402091
42,2308,245615,-542.5301483198597
42,2309,245723,-459.6085211175491
42,2310,245841,-249.3871719091655
42,2311,245987,-89.9541753351932
42,2312,246093,-489.926208454473
42,2313,246169,-140.3129346633351
42,2314,246255,-90.95097712781921
42,2315,246345,-109.09550013041192
42,2316,246445,-418.9128071051673
42,2317,246534,-60.447446688554486
42,2318,246693,-466.9663478363208
42,2319,246828,-464.85148263735255
42,2320,246965,-511.6568244994045
42,2321,247076,-60.43633629466097
42,2322,247189,-22.567150264368763
42,2323,247278,-420.09704761299946
42,2324,247352,-115.85101931091987
42,2325,247492,-308.4560323678721
42,2326,247577,-95.11474274615455
42,2327,247689,-422.61201699739865
42,2328,247829,-265.7936160650685
42,2329,247915,-513.9079726356438
42,2330,248043,-489.3929541085273
42,2331,248125,-543.3231594455342
42,2332,248225,-239.40461579054414
42,2333,248320,-501.92068775372917
42,2334,248411,-301.29711155637364
42,2335,248508,-487.47395962517794
42,2336,248644,-619.131603201344
42,2337,248812,-589.7226131803893
42,2338,248917,-17.886399337791573
42,2339,249028,-726.8102462952843
42,2340,249186,-439.3900807739446
42,2341,249308,-359.7756545624125
42,2342,249459,-389.38506545445756
42,2343,249606,-406.62825994520625
42,2344,249713,-197.03955335500686
42,2345,249872,-185.33084973908637
42,2346,249973,-454.7374491236518
42,2347,250077,-99.66187829193642
42,2348,250159,-543.747210826969
42,2349,250246,-487.3316668444325
42,2350,250350,-174.4715335195788
42,2351,250461,-120.56214031503936
42,2352,250557,-530.8171770106519
42,2353,250686,-583.4848228545671
42,2354,250845,-308.09048655817753
42,2355,250949,-359.0784763118568
42,2356,251035,-511.01442278182867
42,2357,251175,-217.39523338401028
42,2358,251260,-401.41254241031953
42,2359,251320,-194.50319820614902
42,2360,251414,-21.21295719748271
42,2361,251488,-71.8280177968677
42,2362,251599,-593.3791010340062
42,2363,251723,-204.34996619745863
42,2364,251819,-80.17572720095009
42,2365,251919,-313.3844263869814
42,2366,252006,-319.62872777033135
42,2367,252100,-441.5556979364524
42,2368,252233,-470.03830157743306
42,2369,252318,-470.2405161639869
42,2370,252462,-311.3054176340062
42,2371,252556,-361.5398482009386
42,2372,252733,-594.1934170160395
42,2373,252863,-492.05721692318497
42,2374,252962,-579.3738088621935
42,2375,253036,-114.87593669006552
42,2376,253138,-356.30037117051825
42,2377,253300,-586.5431866826148
42,2378,253401,-470.356009838018
42,2379,253525,-704.5167100266726
42,2380,253602,-450.72214113942175
42,2381,253731,-495.4307545882982
42,2382,253834,-545.7250324763156
42,2383,253911,-64.9673402138983
42,2384,254002,-450.70456138878865
42,2385,254073,-77.9327971582698
42,2386,254166,-190.56246263025199
42,2387,254248,32.2685061745421
42,2388,254356,-440.79945592502327
42,2389,254435,-253.6870350552747
42,2390,254558,-641.9615552750836
42,2391,254651,-270.10095065310117
42,2392,254753,-267.2382986632715
42,2393,254826,-301.01224019863184
42,2394,254904,-262.2535643497328
42,2395,254995,-193.2655070301709
42,2396,255101,-17.92328950276506
42,2397,255232,-39.98834615715532
42,2398,255300,-103.79409099171384
42,2399,255419,-263.96560500552505
42,2400,255505,-366.2196893684493
42,2401,255603,-357.41137766726035
42,2402,255697,-534.8184652575901
42,2403,255814,-279.53044383537116
42,2404,255914,-216.53986814361804
42,2405,256089,-659.4320133463353
42,2406,256186,-407.6498288950566
42,2407,256285,-134.88423387631698
42,2408,256369,-266.74415155090105
42,2409,256457,-349.253737307056
42,2410,256545,-476.3039428697212
42,2411,256686,-520.869467124761
42,2412,256778,-556.0429638765603
42,2413,256868,-21.071299362674864
42,2414,256965,-101.04889047860269
42,2415,257075,-216.16810650498076
42,2416,257186,-236.30665747703895
42,2417,257281,-215.62989110491338
42,2418,257482,-269.3292764044253
42,2419,257671,-574.2856570427948
42,2420,257802,-585.048887073635
42,2421,257897,-154.45391839460495
42,2422,257977,-191.74853285948143
42,2423,258089,-264.9515801594879
42,2424,258171,-448.430494656841
42,2425,258266,-354.3077587422434
42,2426,258374,-172.15712439649073
42,2427,258480,-250.9588951289481
42,2428,258579,-648.725751627975
42,2429,258712,-732.0374617392322
42,2430,258857,-568.0958144064537
42,2431,258938,-407.8040472455072
42,2432,259047,-663.2339643758688
42,2433,259154,-617.890528934113
42,2434,259237,-525.6904677577478
42,2435,259310,-328.48318702179273
42,2436,259385,-592.3164899074748
42,2437,259465,-99.95010691504986
42,2438,259559,-491.42935010562525
42,2439,259654,-376.312162714169
42,2440,259753,-662.6935784783188
42,2441,259833,-428.7559145511864
42,2442,259920,-386.01304503894704
42,2443,259995,-315.27343433967616
42,2444,260117,-517.6915930505709
42,2445,260199,-492.69723496873866
42,2446,260281,-55.76905248845924
42,2447,260359,-60.710616285500336
42,2448,260491,-108.33029580417183
42,2449,260575,-185.02029645132575
42,2450,260677,-225.10320517529968
42,2451,260799,-113.77310905427598
42,2452,260890,-469.88079077180146
42,2453,261003,-47.15977695482404
42,2454,261126,-173.51910977539802
42,2455,261219,-336.70618772449575
42,2456,261362,-187.9347817450908
42,2457,261499,-66.56610434284482
42,2458,261613,-130.6120390449497
42,2459,261718,-385.01299470787217
42,2460,261825,-329.8929701868657
42,2461,261933,-277.1255943112684
42,2462,262026,-328.04207029480557
42,2463,262131,-102.3670622007654
42,2464,262215,-425.29293792621763
42,2465,262331,-406.84161861632646
42,2466,262452,-194.11465338130512
42,2467,262564,-413.2921754458708
42,2468,262712,-388.6376724904387
42,2469,262827,-521.1481202691944
42,2470,262953,-187.99789320097378
42,2471,263037,-57.840934201234134
42,2472,263132,-197.54220150359328
42,2473,263208,-406.1546079517854
42,2474,263377,-603.4641949294084
42,2475,263496,-4.217947555002567
42,2476,263581,-383.41495703011157
42,2477,263693,-691.3105506961077
42,2478,263777,-356.59369188758996
42,2479,263880,-134.09012760525235
42,2480,263960,-518.2900871316723
42,2481,264078,-607.888512751062
42,2482,264149,-217.78098308114954
42,2483,264248,-531.0339679985254
42,2484,264379,-408.10445878044095
42,2485,264482,-532.4592570977672
42,2486,264576,-602.0711328163911
42,2487,264719,-369.4551311066584
42,2488,264800,-496.95941084264217
42,2489,264861,-334.6319919000484
42,2490,264946,-573.1436355732271
42,2491,265069,-438.459910143681
42,2492,265151,-488.1129367575304
42,2493,265216,-198.477114572961
42,2494,265309,-677.189820263455
42,2495,265423,-175.04015573819672
42,2496,265541,-785.2326705997898
42,2497,265631,-623.601792314047
42,2498,265716,-431.83369935231406
42,2499,265817,-457.1312067476471
42,2500,265935,-830.8817132369753
42,2501,266043,-669.5322199644756
42,2502,266135,-450.69043868974506
42,2503,266238,-570.312200024251
42,2504,266324,-551.0969836285215
42,2505,266410,-663.2815989156368
42,2506,266484,-590.3674966053534
42,2507,266587,-719.2362866570315
42,2508,266665,-268.73929226850123
42,2509,266764,-534.8785082596443
42,2510,266829,-314.59367921781364
42,2511,266925,-540.6040522070394
42,2512,267056,-846.679019262205
42,2513,267139,-504.15496714339145
42,2514,267211,-344.9985061086633
42,2515,267312,-405.93242623231026
42,2516,267428,-713.9190220898383
42,2517,267508,-575.6147178149877
42,2518,267583,-642.1325489006201
42,2519,267657,-286.8960148129265
42,2520,267765,-633.0312742542291
42,2521,267853,-534.7607530656
42,2522,267929,-458.1950193185756
42,2523,268008,-586.3908853980193
42,2524,268114,-747.5927206443607
42,2525,268192,-468.6206731627012
42,2526,268276,-518.9689971650539
42,2527,268340,-327.0588891824217
42,2528,268423,-260.84038637213285
42,2529,268546,-543.1936309585521
42,2530,268631,-379.9359404051673
42,2531,268740,-478.82104796147996
42,2532,268835,-400.2941342978127
42,2533,268906,-469.43567278410484
42,2534,268975,-186.00154739813317
42,2535,269044,-420.9464366447568
42,2536,269116,-295.8706137333687
42,2537,269209,-525.2115614588375
42,2538,269278,-491.29711007515317
42,2539,269351,-486.4888876340897
42,2540,269430,-155.29106385186805
42,2541,269527,-423.95994001980824
42,2542,269601,-337.7112671130493
42,2543,269686,-366.47822906431264
42,2544,269786,-551.013614880788
42,2545,269866,-251.57853749447028
42,2546,269969,-543.9868501504509
42,2547,270035,-364.03758515731244
42,2548,270105,-490.69927132072115
42,2549,270185,-457.5717252795146
42,2550,270260,-599.651682051722
42,2551,270340,-260.77453333766755
42,2552,270419,-500.7679037665144
42,2553,270525,-498.89654621822694
42,2554,270615,-402.70831003815914
42,2555,270695,-155.01947187814585
42,2556,270789,-613.6714106784639
42,2557,270897,-482.775390985068
42,2558,270983,-372.72122924804273
42,2559,271086,-666.9734454399943
42,2560,271160,-262.151768773215
42,2561,271236,-114.69646023130912
42,2562,271331,-407.0607074238805
42,2563,271391,-112.85833717975137
42,2564,271483,-331.4392741396997
42,2565,271563,-526.3936907181812
42,2566,271643,-414.3869078174988
42,2567,271754,-511.2990371059608
42,2568,271860,-672.3418244621696
42,2569,271978,-357.5409736072475
42,2570,272050,-298.395402787448
42,2571,272152,-483.6837291676127
42,2572,272230,-452.9675772976375
42,2573,272344,-470.5432178311838
42,2574,272437,-359.66835957280887
42,2575,272558,-509.26295544901325
42,2576,272643,-432.2081616805224
42,2577,272734,-538.2279143214507
42,2578,272843,-447.9818555432711
42,2579,272907,-298.70522762196543
42,2580,272989,-594.2316470214013
42,2581,273095,-499.2843577750285
42,2582,273174,-312.7938072494717
42,2583,273275,-449.107663974456
42,2584,273367,-270.7530105400858
42,2585,273423,-120.43334629415217
42,2586,273491,-112.93412268862095
42,2587,273562,-146.9955048378853
42,2588,273634,-341.73971807848784
42,2589,273711,-112.12081363247752
42,2590,273806,-149.49542015378069
42,2591,273878,-338.8358593267921
42,2592,273952,-207.9095686147474
42,2593,274049,-194.08331707094692
42,2594,274180,-404.50350518668745
42,2595,274278,-422.9847879744445
42,2596,274355,-118.46507681446963
42,2597,274436,-432.7184029128647
42,2598,274528,-245.6382496747187
42,2599,274640,-316.1146799902625
42,2600,274710,-198.41642281920548
42,2601,274824,-117.12370001934349
42,2602,274930,24.250360643483987
42,2603,275013,-286.9291053603828
42,2604,275122,-344.80356830342134
42,2605,275267,-123.15377207567583
42,2606,275380,-372.60463364572496
42,2607,275459,-235.07793117065353
42,2608,275562,-516.6666132181336
42,2609,275676,-383.64930750349555
42,2610,275788,-209.52736790812602
42,2611,275927,-147.1539295239653
42,2612,276045,-162.96874782078174
42,2613,276138,-81.07452179692758
42,2614,276226,-283.937858051079
42,2615,276343,-327.0449831124671
42,2616,276451,-179.76085488456096
42,2617,276558,-201.32555727959357
42,2618,276675,-83.79200765942043
42,2619,276775,-77.12645684714902
42,2620,276931,-650.416667686092
42,2621,277020,-548.0708961434973
42,2622,277109,-547.8842388159335
42,2623,277225,-472.7022053379601
42,2624,277332,-345.1281017709478
42,2625,277438,-647.2760309749096
42,2626,277529,-591.0399721899898
42,2627,277616,-504.8337719679659
42,2628,277725,-41.87429320494695
42,2629,277849,-360.8923661920335
42,2630,277950,-545.0821182952259
42,2631,278054,-800.95982388752
42,2632,278182,-863.3373266910287
42,2633,278297,-754.0068515076347
42,2634,278388,-423.11241372854994
42,2635,278487,-681.0568651009504
42,2636,278593,-363.2654867914355
42,2637,278665,-567.635410252555
42,2638,278749,-404.5752180391221
42,2639,278826,-261.7745578318404
42,2640,278990,-404.7854115973171
42,2641,279134,-426.36784319706175
42,2642,279235,-300.38185956538706
42,2643,279324,-82.10718789150978
42,2644,279417,-102.57963571831586
42,2645,279490,-469.5406034391029
42,2646,279573,-125.08184091784321
42,2647,279673,-476.82392975916093
42,2648,279805,-591.2180346429518
42,2649,279907,-461.08993190832354
42,2650,279996,-440.4921011599864
42,2651,280087,-417.46973810681976
42,2652,280160,-308.9514088614518
42,2653,280333,-208.3530615954213
42,2654,280423,-505.44209761748175
42,2655,280527,-476.7438124061086
42,2656,280650,-159.83957327873955
42,2657,280731,-118.20906852566381
42,2658,280815,-80.16736479439155
42,2659,280905,-313.71755178242154
42,2660,281058,-311.0785684758272
42,2661,281136,-209.87676330271626
42,2662,281229,-313.2603163598942
42,2663,281384,-71.51274567991003
42,2664,281570,-158.87845092537117
42,2665,281682,-76.77758757568832
42,2666,281821,-438.4467646370459
42,2667,281961,-369.83879351764597
42,2668,282053,-439.2471677671644
42,2669,282196,-336.93491881246814
42,2670,282270,-271.1738894734043
42,2671,282459,-251.70901603097053
42,2672,282590,-352.7469324509484
42,2673,282732,-586.2277038088007
42,2674,282803,-73.36753625650124
42,2675,282915,-221.49805689345584
42,2676,282993,-111.41844254392637
42,2677,283081,-487.7521503668707
42,2678,283203,-363.887434168137
42,2679,283296,-579.4493051337172
42,2680,283382,-252.0511001243963
42,2681,283444,-98.06332751239482
42,2682,283531,-437.66878721090853
42,2683,283644,-605.5884077579487
42,2684,283709,-322.34953595367426
42,2685,283792,-487.9254563593376
42,2686,283846,-292.78957978562835
42,2687,283959,-419.8967159513143
42,2688,284029,-423.3825089981086
42,2689,284094,-235.75310512155127
42,2690,284185,-391.50782907455124
42,2691,284285,-440.1504561568812
42,2692,284363,-266.2169983296225
42,2693,284436,-442.86895425848263
42,2694,284517,-230.8891017900616
42,2695,284593,-247.69930267012276
42,2696,284727,-463.0041138538335
42,2697,284824,-366.3444055211957
42,2698,284930,-578.7489973998554
42,2699,285010,-289.074299997554
42,2700,285113,-566.4044190045947
42,2701,285203,-508.42740728769445
42,2702,285297,-477.88926027466306
42,2703,285369,-113.46522558915217
42,2704,285491,-341.3740833401736
42,2705,285570,-304.41474151714795
42,2706,285758,-287.7191885286144
42,2707,285911,-398.8150129659492
42,2708,285998,-422.23363009797646
42,2709,286065,-178.05254986937808
42,2710,286167,-334.855014747523
42,2711,286264,-399.21046751219814
42,2712,286353,-273.8832691475594
42,2713,286431,-391.411184874949
42,2714,286546,-142.70427511577478
42,2715,286649,-117.85644751207182
42,2716,286748,-357.16123793557307
42,2717,286812,-87.73523242432128
42,2718,286876,-61.90789321399079
42,2719,286965,-95.09266699679588
42,2720,287065,-110.4946310040547
42,2721,287126,-164.46784277420744
42,2722,287253,-200.51897772579014
42,2723,287338,-203.19252684396497
42,2724,287425,-154.14128388404907
42,2725,287504,-26.49711067607653
42,2726,287623,-182.31208411499807
42,2727,287696,-129.42723554419584
42,2728,287804,-241.4388782730924
42,2729,287872,-258.72158296672376
42,2730,287959,-217.08243785713697
42,2731,288067,-226.30007170499084
42,2732,288164,-263.4381031144852
42,2733,288245,-227.9895240747482
42,2734,288366,-395.4536230534681
42,2735,288459,-296.60491268914177
42,2736,288531,-231.3020816699592
42,2737,288650,-518.7999132571874
42,2738,288720,-93.09288010425442
42,2739,288838,-161.51896226354296
42,2740,288938,-286.68206823352324
42,2741,289067,-543.5281676074986
42,2742,289143,-162.57876537429456
42,2743,289232,-567.3915174543938
42,2744,289368,-129.676815544134
42,2745,289470,-109.04778571825885
42,2746,289564,-88.14286926670287
42,2747,289668,-257.9949158266477
42,2748,289807,-455.1034392034472
42,2749,289983,-271.34133245930195
42,2750,290117,-338.0570319420466
42,2751,290233,-409.22887799394357
42,2752,290336,-24.698885965059205
42,2753,290438,-115.02639278140657
42,2754,290527,-609.7096921970292
42,2755,290604,-67.12572488903615
42,2756,290710,-310.2619755645757
42,2757,290789,-50.054366378325504
42,2758,290900,-586.2970348601972
42,2759,290972,-490.72698699688436
42,2760,291078,-654.2717751529041
42,2761,291198,-613.0935833696907
42,2762,291308,-354.2979176368673
42,2763,291389,-227.8433053727472
42,2764,291517,-670.9296977547743
42,2765,291599,-139.2618830835259
42,2766,291677,-314.9887617266172
42,2767,291807,-379.42020447694875
42,2768,291911,-289.04970925910754
42,2769,292022,-315.7871281249736
42,2770,292195,-490.4096081609977
42,2771,292270,-490.46934793738404
42,2772,292354,-532.2961877290732
42,2773,292480,-634.4606746882989
42,2774,292581,-139.67503131772105
42,2775,292700,-366.67226186419515
42,2776,292832,-89.93966640776863
42,2777,292920,-483.9254862501732
42,2778,293045,-709.8747204695254
42,2779,293139,-336.85404475962173
42,2780,293228,-453.3414163960591
42,2781,293343,-491.98976079159974
42,2782,293449,-523.4705234000191
42,2783,293540,-362.517761750719
42,2784,293641,-187.21317681896227
42,2785,293763,-483.55715793008056
42,2786,293859,-433.70016584623005
42,2787,293966,-450.03156478757165
42,2788,294057,-301.50314351045233
42,2789,294148,-38.787920831870125
42,2790,294230,-23.692029891371277
42,2791,294336,9.802171342642069
42,2792,294432,-399.82969453624486
42,2793,294522,-125.48868833924743
42,2794,294636,-391.52196728776283
42,2795,294737,-479.10620394975706
42,2796,294864,-188.17748873939826
42,2797,294948,-424.03200391755917
42,2798,295028,-208.5174720209328
42,2799,295115,-400.46562424975247
42,2800,295210,-343.434844026777
42,2801,295301,-311.0315655412955
42,2802,295410,-121.5698098968121
42,2803,295494,-322.84442249936643
42,2804,295566,-318.069342938812
42,2805,295671,-100.01569534602477
42,2806,295765,-270.75281269635735
42,2807,295880,-235.40436481945937
42,2808,295943,-134.74946234571593
42,2809,296037,-120.40408651676121
42,2810,296163,-316.13500483253733
42,2811,296310,-90.94490033825043
42,2812,296403,-240.546970920418
42,2813,296492,-139.71814620548068
42,2814,296621,-407.2100553170366
42,2815,296687,-73.77684706402654
42,2816,296772,-294.39697740536906
42,2817,296859,-224.38093521205963
42,2818,296947,-252.34742627370986
42,2819,297053,-466.00746667860653
42,2820,297135,-252.1473132704774
42,2821,297205,-112.3840150674541
42,2822,297323,-35.86476614962848
42,2823,297410,-313.7492202708386
42,2824,297498,-291.95211246190377
42,2825,297613,-374.8156133821721
42,2826,297710,-244.2441880527702
42,2827,297784,-45.84383743273966
42,2828,297871,-121.79443686605656
42,2829,297962,-285.42491889481823
42,2830,298059,-45.665365093498394
42,2831,298138,-195.40429427534485
42,2832,298238,-468.40114178133064
42,2833,298340,-558.6596397276733
42,2834,298423,-439.9941261421902
42,2835,298533,-388.05661997889047
42,2836,298618,-555.8807411572388
42,2837,298708,-455.26424480375516
42,2838,298771,-324.0403068973112
42,2839,298863,-393.9592528220989
42,2840,298991,-597.488637786406
42,2841,299118,-370.01689455799766
42,2842,299213,-244.04077673122617
42,2843,299353,-612.7933700652147
42,2844,299476,-678.421314821478
42,2845,299559,-73.51908155538297
42,2846,299647,-453.31540483143027
42,2847,299725,-160.96680523361155
42,2848,299810,-104.15791507614257
42,2849,299921,-408.0595862126701
42,2850,300014,-254.22191420951296
42,2851,300108,-462.16207216752764
42,2852,300210,-538.533187862151
42,2853,300390,-610.5261877729916
42,2854,300518,-449.1204236284443
42,2855,300613,-456.2617180594459
42,2856,300719,-403.2569470595377
42,2857,300791,-124.25537994242188
42,2858,300871,-97.78446833543863
42,2859,300947,-273.7572645855295
42,2860,301024,-341.85317102318356
42,2861,301149,-474.7081997778005
42,2862,301242,-176.2439004276824
42,2863,301378,-120.45466200782585
42,2864,301440,-243.1498008520239
42,2865,301526,-337.95845393935167
42,2866,301637,-251.62914675173553
42,2867,301736,-611.569928627621
42,2868,301809,-354.4421967831679
42,2869,301932,-594.6369377675795
42,2870,302082,-14.579263322496018
42,2871,302162,-272.3815822089758
42,2872,302278,-247.5095424057748
42,2873,302366,-255.14222551119803
42,2874,302443,-404.21962748104704
42,2875,302526,-477.17781804700314
42,2876,302651,-249.4431719210013
42,2877,302749,-95.03760938254769
42,2878,302879,-143.27857116810708
42,2879,302975,-297.43330506178853
42,2880,303098,-52.25843388342453
42,2881,303210,-241.976051431174
42,2882,303280,-83.45720736254361
42,2883,303420,-140.229477617775
42,2884,303518,-240.69463394921982
42,2885,303647,-270.4115312928759
42,2886,303786,-225.33294371998298
42,2887,303907,-311.9140150898839
42,2888,304018,-299.0090680666262
42,2889,304153,-297.69836203405686
42,2890,304229,-87.28894791834459
42,2891,304315,-128.1084222528675
42,2892,304390,-542.8592481913363
42,2893,304480,-159.35274242725114
42,2894,304583,-29.252378787585542
42,2895,304694,-147.11151451793205
42,2896,304813,-676.4406582558026
42,2897,304890,-491.63275750323834
42,2898,304963,-475.7872466919683
42,2899,305094,-387.1716221354004
42,2900,305191,-580.7882804377023
42,2901,305322,-425.63863138258967
42,2902,305487,-274.83045712544606
42,2903,305706,-723.2029373448078
42,2904,305876,-395.4185224208883
42,2905,306021,-365.0663363795135
42,2906,306196,-532.8004987501693
42,2907,306295,-280.3955718574847
42,2908,306434,-225.6872083067742
42,2909,306531,-188.9209097941844
42,2910,306612,-425.28893215216976
42,2911,306707,-416.5064251628444
42,2912,306790,-511.7496983012214
42,2913,306895,-402.7394414348121
42,2914,307002,-283.71827207557624
42,2915,307109,-440.90241312931136
42,2916,307254,-477.0621136871173
42,2917,307436,-203.0220123622849
42,2918,307592,-627.959286642911
42,2919,307719,-603.616729280536
42,2920,307805,-238.91699986743498
42,2921,307962,-672.7594811959353
42,2922,308047,-443.1700941053222
42,2923,308165,-526.5412620341053
42,2924,308283,-652.5088546663948
42,2925,308408,-401.156873727509
42,2926,308577,-288.4848559163621
42,2927,308656,-64.40036697114874
42,2928,308781,-417.37771016054626
42,2929,308865,-282.08768187019734
42,2930,308970,-569.5178943638348
42,2931,309120,-127.94097607508007
42,2932,309267,-398.39504534996206
42,2933,309350,-399.13405077010543
42,2934,309454,-472.7090909825833
42,2935,309554,-401.5011357005722
42,2936,309665,-175.0338086567823
42,2937,309776,-117.14638691097073
42,2938,309907,-241.93662717634086
42,2939,310057,-418.57042972222746
42,2940,310153,-75.87921456754952
42,2941,310315,-110.99552788506585
42,2942,310414,-252.7799169352071
42,2943,310502,-455.824205229004
42,2944,310597,-479.665150776802
42,2945,310707,-263.38006072686323
42,2946,310853,-359.29163334859896
42,2947,310941,-98.51735418464177
42,2948,311065,-488.10908220527205
42,2949,311138,-51.090694387164156
42,2950,311215,-66.2425726609318
42,2951,311325,-429.5667284291978
42,2952,311399,-262.93246666675384
42,2953,311494,-270.02130371083706
42,2954,311601,-570.0079620312536
42,2955,311698,-190.6371060335341
42,2956,311773,-119.45554328636422
42,2957,311890,-775.9885766866868
42,2958,312004,-413.03845107970403
42,2959,312079,-161.0292269161135
42,2960,312156,-566.8629652177119
42,2961,312278,-507.0498669765653
42,2962,312367,-563.6011321622891
42,2963,312479,-383.22080030322866
42,2964,312550,-353.67908936190634
42,2965,312653,-493.43314677570754
42,2966,312743,-337.134893761493
42,2967,312823,-257.17598281044445
42,2968,312903,-589.5456705034997
42,2969,313028,-558.0432466741713
42,2970,313097,-410.7648083923781
42,2971,313178,-495.12570589395716
42,2972,313280,-667.3217318528426
42,2973,313362,-178.91614091838005
42,2974,313508,-823.035042508302
42,2975,313627,-522.8770358530616
42,2976,313720,-685.7444518425788
42,2977,313817,-482.42192519036155
42,2978,313916,-465.2920369137476
42,2979,314000,-424.2578195582586
42,2980,314115,-456.9095369193387
42,2981,314215,-377.43209298018047
42,2982,314287,-113.4049564993111
42,2983,314363,-304.98308943100665
42,2984,314431,-379.41470491776744
42,2985,314523,-359.0174305047526
42,2986,314593,-450.1541101723745
42,2987,314692,-512.5963101350371
42,2988,314795,-576.2449454743032
42,2989,314928,-586.3919379134002
42,2990,315052,-591.7277094667324
42,2991,315153,-555.0493721458431
42,2992,315248,-406.56573430328206
42,2993,315372,-433.4915838779622
42,2994,315450,-246.81164876715425
42,2995,315573,-624.073238580351
42,2996,315663,-78.03947579713206
42,2997,315781,-364.96301903297257
42,2998,315849,-252.0655057641352
42,2999,315951,-451.665259296899
42,3000,316022,-253.85749634396726
42,3001,316111,-388.7498977912428
42,3002,316280,-207.60948169089613
42,3003,316805,-333.20366386097373
42,3004,316896,-120.86587817378559
42,3005,316990,-97.67687586546971
42,3006,317064,-57.91666813702473
42,3007,317167,-79.51685594555704
42,3008,317295,-160.55765112876213
42,3009,317385,-362.20974419250393
42,3010,317500,-222.18949165630852
42,3011,317577,-209.59861682369404
42,3012,317681,-372.62398613034964
42,3013,317767,-66.8343907255272
42,3014,317895,-97.74728231971037
42,3015,317990,-360.00788423639773
42,3016,318070,-501.19391876242946
42,3017,318222,-695.0504620248
42,3018,318390,-351.4663135635613
42,3019,318494,-19.405080917467373
42,3020,318593,-501.53652304022313
42,3021,318759,-280.74170504602137
42,3022,318881,-631.6378629928231
42,3023,319034,-583.8805350923325
42,3024,319186,-565.2871891630782
42,3025,319280,-491.17998263423647
42,3026,319400,-260.9182449828313
42,3027,319500,-682.7895223668886
42,3028,319612,-677.0031790885824
42,3029,319712,-401.9202400336473
42,3030,319787,-543.3769183026927
42,3031,319954,-182.45456283999712
42,3032,320033,-463.4591652218086
42,3033,320115,-564.0953365922499
42,3034,320205,-513.7812894081246
42,3035,320292,-320.1695879679905
42,3036,320392,-539.6894016778475
42,3037,320499,-369.4522287008567
42,3038,320588,-488.8091698033678
42,3039,320689,-501.9896489429814
42,3040,320803,-313.7504490347662
42,3041,320923,-296.2453913223685
42,3042,321057,-359.6284275583687
42,3043,321142,-576.8480384908053
42,3044,321212,-189.60891210537216
42,3045,321293,-326.8277030479601
42,3046,321358,-383.3301145962171
42,3047,321416,-329.02652029427077
42,3048,321498,-107.96560640862205
42,3049,321562,-293.87937465087293
42,3050,321649,-102.85578355814854
42,3051,321738,-291.23965955571384
42,3052,321829,-276.3034743165791
42,3053,321901,-104.69812335212062
42,3054,321977,-104.1022488800129
42,3055,322075,-379.2139489316953
42,3056,322168,-344.35656733449673
42,3057,322273,-126.22496518634216
42,3058,322354,-101.90139790346605
42,3059,322426,-80.79443820971392
42,3060,322515,-250.9925341277727
42,3061,322576,-70.58960558337156
42,3062,322661,-529.1365383417481
42,3063,322731,-63.18064958345779
42,3064,322837,-395.8284804603814
42,3065,322947,-282.6333690846716
42,3066,323032,-398.6073497189765
42,3067,323110,-222.70489724134558
42,3068,323184,-341.84655207109205
42,3069,323273,-200.21588758248862
42,3070,323356,-319.7454472501015
42,3071,323438,-475.0365018418641
42,3072,323499,-97.18289651509164
42,3073,323568,-488.0336954863251
42,3074,323650,-516.7039984160047
42,3075,323727,-461.07299243474654
42,3076,323809,-245.11372229855127
42,3077,323894,-519.0934903633074
42,3078,323973,-261.06292107364254
42,3079,324068,-518.1328368879713
42,3080,324168,-688.8117374375443
42,3081,324241,-449.5891573948412
42,3082,324342,-569.1389512116652
42,3083,324417,-400.39591492683155
42,3084,324515,-550.4098642557672
42,3085,324609,-439.51165544027486
42,3086,324691,-529.95804512724
42,3087,324768,-551.7450643876222
42,3088,324870,-663.7598226543478
42,3089,324962,-528.2228451795035
42,3090,325056,-790.879549276207
42,3091,325146,-584.74792003132
42,3092,325230,-508.27641704130883
42,3093,325305,-575.74564927791
42,3094,325394,-660.922096543733
42,3095,325465,-591.7657173317145
42,3096,325533,-528.1026759232504
42,3097,325628,-462.99261035184554
42,3098,325701,-587.4147365585666
42,3099,325777,-271.56584885696486
42,3100,325878,-754.5916265787112
42,3101,325964,-585.556097052256
42,3102,326036,-317.8590405278728
42,3103,326127,-547.9768968500298
42,3104,326204,-533.4505903930628
42,3105,326298,-521.0253379902886
42,3106,326378,-447.1980178377923
42,3107,326448,-95.01084848106574
42,3108,326544,-654.5997169527686
42,3109,326610,-265.10874053838216
42,3110,326690,-557.4466885717128
42,3111,326770,-353.43368922548495
42,3112,326844,-576.530233106302
42,3113,326931,-681.2981070472779
42,3114,327060,-489.71229814649445
42,3115,327151,-702.5912134627084
42,3116,327217,-320.9249050136093
42,3117,327291,-278.0016135276866
42,3118,327369,-305.967386869542
42,3119,327476,-781.2472866154629
42,3120,327576,-623.3173078677838
42,3121,327675,-432.6294915873693
42,3122,327797,-536.881623477557
42,3123,327883,-331.2808090325335
42,3124,327969,-593.8815118379501
42,3125,328065,-807.8195132612327
42,3126,328136,-250.21998339340635
42,3127,328241,-541.5507180620846
42,3128,328316,-430.5597960910003
42,3129,328394,-456.526829082963
42,3130,328483,-631.3445700792827
42,3131,328562,-209.05280000075828
42,3132,328631,-371.1332269291636
42,3133,328706,-468.84097269762174
42,3134,328793,-410.515972175964
42,3135,328870,-15.060743000988282
42,3136,328960,-541.292230553905
42,3137,329052,-690.2818778250404
42,3138,329134,-559.694395271641
42,3139,329251,-264.2288242228068
42,3140,329354,-657.7387238291764
42,3141,329443,-602.5166050930818
42,3142,329519,-487.4606829831653
42,3143,329598,-542.2308354510601
42,3144,329674,-586.5156513992852
42,3145,329764,-337.1888206639977
42,3146,329893,-654.2097883007312
42,3147,330017,-494.3769737838825
42,3148,330143,-741.8789460546269
42,3149,330238,-533.0616851326168
42,3150,330353,-639.7709257765049
42,3151,330448,-213.22506504960126
42,3152,330532,-424.8787802713885
42,3153,330606,-145.81933117730546
42,3154,330706,-48.17880642556188
42,3155,330807,-254.84975357083
42,3156,330916,-198.38976298052506
42,3157,330989,-121.08639410169909
42,3158,331099,-399.285330680917
42,3159,331227,-283.7494676591688
42,3160,331342,-154.85988535363404
42,3161,331451,-234.1675162121915
42,3162,331575,-233.65040755534753
42,3163,331705,-232.5788416366822
42,3164,331804,-579.6750627271693
42,3165,331901,-427.4718636152081
42,3166,332030,-253.73176866139127
42,3167,332141,-641.3248379946868
42,3168,332215,-395.3034409938495
42,3169,332303,-343.61601580338396
42,3170,332390,-564.2040076952928
42,3171,332486,-299.194746777825
42,3172,332599,-558.6208814975205
42,3173,332701,-519.5236212387597
42,3174,332836,-494.9306738638167
42,3175,332922,-566.5305365668552
42,3176,333016,-150.7016102024435
42,3177,333094,-229.7721645832706
42,3178,333174,-444.01060194861975
42,3179,333305,-663.0994527741262
42,3180,333417,-696.9798714855841
42,3181,333496,-467.47535224807643
42,3182,333613,-674.9603029920088
42,3183,333744,-621.3829190828155
42,3184,333815,-296.96685276345886
42,3185,333945,-597.7605422612367
42,3186,334044,-690.5376113885378
42,3187,334125,-568.7157652847211
42,3188,334205,-512.9875122178873
42,3189,334320,-650.9914387213446
42,3190,334430,-687.291025688784
42,3191,334505,-585.0890092998847
42,3192,334581,-333.37040527885665
42,3193,334668,-444.58997133954597
42,3194,334759,-308.7272963051888
42,3195,334885,-483.2055142051592
42,3196,334977,-467.90377786259006
42,3197,335068,-613.4131077932569
42,3198,335134,-241.46241691879564
42,3199,335248,-690.703950400775
42,3200,335322,-245.552451842601
42,3201,335397,-456.0800035552786
42,3202,335490,-666.8845601757617
42,3203,335576,-559.4071185486926
42,3204,335692,-518.7418692833264
42,3205,335761,-263.748325558189
42,3206,335825,-70.11559599722429
42,3207,335908,-378.3072875874193
42,3208,335991,-314.9960922655456
42,3209,336069,-142.8387092221347
42,3210,336165,-342.14425361568084
42,3211,336262,-176.92354391365734
42,3212,336368,-734.7625305252062
42,3213,336454,-231.20398621783704
42,3214,336533,-513.9649387216683
42,3215,336658,-418.0346053149257
42,3216,336755,-573.755650104165
42,3217,336828,-466.28646768620376
42,3218,336906,-324.9136568755582
42,3219,336985,-395.7255399672385
42,3220,337106,-393.164718898825
42,3221,337192,-347.41372095072427
42,3222,337283,-457.7074492101972
42,3223,337395,-480.03959816822453
42,3224,337475,-208.76230756119483
42,3225,337547,-325.31249673588655
42,3226,337616,-259.5770777531561
42,3227,337756,-457.49614283880305
42,3228,337824,-273.6293151968706
42,3229,337952,-379.1671787850912
42,3230,338062,-354.97553475756024
42,3231,338121,-193.51458247252003
42,3232,338276,-409.99134998639
42,3233,338393,-215.05443323526578
42,3234,338544,-268.2092738469477
42,3235,338652,-121.57383606053241
42,3236,338771,-437.9419233790114
42,3237,338898,-146.1617887672361
42,3238,338978,-230.7292942869426
42,3239,339053,-101.66473566223374
42,3240,339145,-201.05449327635293
42,3241,339222,-130.59864447998828
42,3242,339314,-109.94919549192946
42,3243,339405,-134.2301597611405
42,3244,339502,-105.36490459588481
42,3245,339597,-111.52722667309568
42,3246,339680,-220.02635946570683
42,3247,339786,-155.12197187268634
42,3248,339877,-298.6191834370935
42,3249,339971,-164.67958798729933
42,3250,340076,-310.82800590375604
42,3251,340148,-102.28987693599959
42,3252,340290,-308.87758296628607
42,3253,340380,-100.21449864062542
42,3254,340491,-143.50639432370642
42,3255,340567,-67.13292706829057
42,3256,340645,-177.1023786820879
42,3257,340729,-160.6129525364472
42,3258,340832,-114.46269347168428
42,3259,341019,-342.8108053024796
42,3260,341149,-188.11960024725823
42,3261,341246,-344.22506211425923
42,3262,341437,-319.08935484993754
42,3263,341550,-434.72315182826355
42,3264,341623,-66.5808107272666
42,3265,341801,-572.2611681364037
42,3266,342025,-194.45214706032658
42,3267,342172,-510.7850476599448
42,3268,342256,-68.94349534176126
42,3269,342378,-206.3453179890805
42,3270,342564,-429.17928404730947
42,3271,342660,-468.3431152070193
42,3272,342769,-124.45486451656079
42,3273,342839,-338.5877275375876
42,3274,342930,-425.11688651130584
42,3275,343038,-450.496034709553
42,3276,343145,-263.9825556783171
42,3277,343210,-177.71885136135296
42,3278,343309,-183.2102884754387
42,3279,343381,-92.85166376075456
42,3280,343485,-464.161613461304
42,3281,343595,-318.40721632499896
42,3282,343714,-498.1716521750144
42,3283,343808,-310.4493557650003
42,3284,343923,-495.672376905498
42,3285,344024,-653.7134730513873
42,3286,344130,-628.0672991542368
42,3287,344229,-282.93702291430213
42,3288,344359,-581.0123623975343
42,3289,344458,-180.0963794109178
42,3290,344531,-86.70322482708231
42,3291,344618,-460.26032189622276
42,3292,344715,-201.55647613432723
42,3293,344857,-622.9521888352625
42,3294,344931,-139.92149994835546
42,3295,345025,-238.22332438359857
42,3296,345125,-342.2600203020288
42,3297,345240,-693.5124115136923
42,3298,345356,-356.1613665440692
42,3299,345443,-523.5690573518043
42,3300,345563,-568.1828620398916
42,3301,345653,-249.27383091492698
42,3302,345760,-376.0089279429318
42,3303,345915,-497.14239197582293
42,3304,345998,-355.00327357348107
42,3305,346063,-268.6280488076969
42,3306,346159,-455.157147607811
42,3307,346244,-439.73121065627043
42,3308,346362,-718.1270887152486
42,3309,346464,-227.56107933469417
42,3310,346579,-110.64101605673672
42,3311,346698,-279.76178169904165
42,3312,346803,26.707253545146486
42,3313,346922,-487.44508868459263
42,3314,347004,-375.54934303622616
42,3315,347142,-449.2876936980769
42,3316,347278,-14.74548839228612
42,3317,347364,-373.13429187045193
42,3318,347489,-641.0708589083368
42,3319,347570,-266.80183519088007
42,3320,347647,-476.2703783151413
42,3321,347765,-583.4275232061239
42,3322,347857,-368.87916383843304
42,3323,347932,-51.722779926501104
42,3324,347998,-98.35636617562045
42,3325,348136,-367.98969356008723
42,3326,348249,-185.82322294278356
42,3327,348372,-256.17933791978373
42,3328,348473,-115.40903850881097
42,3329,348570,-242.50582201760866
42,3330,348666,-493.39685728112767
42,3331,348744,-89.8554063749337
42,3332,348851,-501.292336360201
42,3333,348954,-348.72890258465225
42,3334,349041,-337.8232169185544
42,3335,349184,-382.4410915461667
42,3336,349255,-176.7986578542575
42,3337,349327,-83.1209905791775
42,3338,349421,-339.2978910618114
42,3339,349509,-316.10425285212625
42,3340,349588,-128.22514764245008
42,3341,349660,-72.31457737192912
42,3342,349774,-367.40819683827283
42,3343,349863,-275.15634504354665
42,3344,349991,-342.4262537540392
42,3345,350072,-112.53765158607183
42,3346,350205,-564.9694806412451
42,3347,350296,-423.5889940655226
42,3348,350388,-345.4839847590432
42,3349,350504,-318.3355958251027
42,3350,350584,-170.113214680576
42,3351,350735,-310.8918955972845
42,3352,350819,-427.02976000386985
42,3353,350930,-480.8344116173711
42,3354,351020,-459.94827112325856
42,3355,351110,-279.81641678169365
42,3356,351217,-344.20920897694975
42,3357,351288,-48.77977658924412
42,3358,351404,-422.9091169553026
42,3359,351514,-454.11986311439
42,3360,351601,-221.77729864899624
42,3361,351736,-76.72876756558728
42,3362,351818,-414.2655953828609
42,3363,351884,-90.77248091044214
42,3364,351995,-469.98930023334253
42,3365,352091,-85.15735939819298
42,3366,352203,-9.78795680333289
42,3367,352281,-351.25536421411357
42,3368,352348,-88.51564223283027
42,3369,352413,-67.65036497125126
42,3370,352540,-198.93183574162012
42,3371,352643,-117.04881836502197
42,3372,352736,-425.1366408272579
42,3373,352815,-165.92626879558927
42,3374,352912,-378.7391809036642
42,3375,353003,-89.54879174159667
42,3376,353085,-111.4304335901922
42,3377,353164,-99.32359840787356
42,3378,353295,-485.0733944235967
42,3379,353428,-384.07070873610746
42,3380,353535,-261.9842144340188
42,3381,353643,-210.49622056245295
42,3382,353744,-375.3841670568082
42,3383,353827,-109.03856161934857
42,3384,353900,-130.8378440383653
42,3385,353994,-211.3974550328449
42,3386,354131,-17.307021713636388
42,3387,354260,-91.27692620463027
42,3388,354340,-101.37195628681076
42,3389,354435,-96.22317027441159
42,3390,354515,-83.21064135258698
42,3391,354584,-188.207762019979
42,3392,354715,-264.34687496432616
42,3393,354840,-158.39380768133162
42,3394,354950,-194.17381980690595
42,3395,355035,-94.41171443360311
42,3396,355099,-99.27238789634384
42,3397,355177,-228.02990097827444
42,3398,355271,-100.91927962555634
42,3399,355366,-354.65129890905234
42,3400,355454,-165.6104356118613
42,3401,355547,-410.6294514987734
42,3402,355618,-84.96173801804287
42,3403,355709,-249.56471836645304
42,3404,355806,-404.3479505051903
42,3405,355974,-273.16001982781063
42,3406,356085,-122.36364485990916
42,3407,356180,-230.33785958009685
42,3408,356326,-547.1809842159228
42,3409,356414,-394.9813194355084
42,3410,356490,-167.62825787358943
42,3411,356687,-198.0774533135257
42,3412,356762,-152.6438609452294
42,3413,356845,-413.576090920858
42,3414,356957,-269.99407161563295
42,3415,357086,-379.1776336723878
42,3416,357164,-168.9205566240006
42,3417,357321,-444.6109607367658
42,3418,357477,-182.6688624000522
42,3419,357541,-260.9133460769991
42,3420,357649,-508.2103896079375
42,3421,357741,-162.82186028329812
42,3422,357871,-415.21419448303686
42,3423,357987,-521.7235946467704
42,3424,358114,-381.43879373522907
42,3425,358257,-394.04521427457286
42,3426,358364,-265.182877712502
42,3427,358453,-495.31305231333437
42,3428,358577,-530.724036702343
42,3429,358652,-89.64577935011401
42,3430,358732,-240.81502662308694
42,3431,358820,-456.6559916226457
42,3432,358880,-367.5249886137539
42,3433,358953,-69.27784495661322
42,3434,359066,-575.5684059701784
42,3435,359147,-399.27045067554633
42,3436,359272,-307.4623180945984
42,3437,359336,-136.4873985652307
42,3438,359468,-452.41934931484025
42,3439,359566,-84.7705397599458
42,3440,359723,-323.28476755190877
42,3441,359807,-83.78779260217281
42,3442,359924,-203.8460625845099
42,3443,360046,-139.9794282900796
42,3444,360142,-175.96872096996714
42,3445,360239,-263.318628494367
42,3446,360365,-478.6609205842752
42,3447,360439,-275.335997648992
42,3448,360570,-482.8438420823936
42,3449,360646,-380.5431170428177
42,3450,360723,-148.45664472949582
42,3451,360840,-589.7157485901835
42,3452,360945,-190.2040587318528
42,3453,361025,-67.11575458132268
42,3454,361165,-285.7070402628462
42,3455,361253,-535.2197407078019
42,3456,361386,-511.79818357444606
42,3457,361484,-620.6392711805115
42,3458,361629,-609.5985701895606
42,3459,361762,-615.7039852575588
42,3460,361854,-338.6865021332727
42,3461,361941,-456.5984664594762
42,3462,362020,-536.3449957166915
42,3463,362077,-214.71490008463672
42,3464,362153,-249.95893496298933
42,3465,362239,-308.0716823550699
42,3466,362360,-629.6803966725007
42,3467,362440,-357.96798788709884
42,3468,362548,-641.5178528855063
42,3469,362636,-493.7688860820464
42,3470,362717,-215.3694034286085
42,3471,362783,-204.6037753316327
42,3472,362870,-354.19295220962994
42,3473,362963,-619.1837534536622
42,3474,363060,-467.11411199002174
42,3475,363139,-393.21580607315525
42,3476,363239,-534.0054897190327
42,3477,363323,-539.7513389990731
42,3478,363442,-506.9184284786988
42,3479,363522,-439.27093346953205
42,3480,363632,-682.4626520937804
42,3481,363734,-455.9793977096082
42,3482,363819,-34.575532687506595
42,3483,363940,-710.6077663725189
42,3484,364031,-551.7607650732248
42,3485,364109,-499.208780848626
42,3486,364206,-575.803103437238
42,3487,364293,-586.5507099601139
42,3488,364366,-397.85591872564305
42,3489,364431,-373.82905550941024
42,3490,364529,-314.7942754403613
42,3491,364624,-610.2988291762928
42,3492,364716,-616.1665229040964
42,3493,364800,-495.58829908282
42,3494,364910,-545.8209389343058
42,3495,364976,-422.6879330362464
42,3496,365032,-236.5151628343339
42,3497,365116,-188.85739282589356
42,3498,365217,-644.4599530933042
42,3499,365281,-88.09548545178114
42,3500,365368,-449.44464694687997
42,3501,365461,-395.4119222324563
42,3502,365590,-377.2828862406752
42,3503,365706,-390.40563625772955
42,3504,365807,-269.1740147471704
42,3505,365919,-429.3189499168027
42,3506,365989,-50.745045541064286
42,3507,366046,-75.7534723384417
42,3508,366165,-130.55062038110145
42,3509,366272,-391.8898022114635
42,3510,366400,-247.29492896019036
42,3511,366482,-234.4832133606918
42,3512,366635,-300.1706176765381
42,3513,366725,-147.6352126864485
42,3514,366818,-174.5102398811074
42,3515,366906,-145.92251832300036
42,3516,366985,-265.6790830061037
42,3517,367059,-111.06317844570202
42,3518,367156,-121.51420567712948
42,3519,367250,-31.630910541297965
42,3520,367348,-137.21514650682929
42,3521,367416,-119.88595387540009
42,3522,367486,-92.39089271336651
42,3523,367556,-159.24214072795957
42,3524,367680,-184.35760875610384
42,3525,367769,-130.38319276682088
42,3526,367871,-331.6440788864155
42,3527,367967,-112.76432093815443
42,3528,368064,-96.3534512839688
42,3529,368175,-314.44038095832866
42,3530,368317,-498.01996474012554
42,3531,368477,-547.4376286809852
42,3532,368565,-46.093954900565365
42,3533,368677,-482.56318099864745
42,3534,368744,-228.8094208558437
42,3535,368852,-178.02861561148876
42,3536,368970,-463.8178333140445
42,3537,369058,-100.1733299871057
42,3538,369163,-133.5570090251842
42,3539,369249,-352.9415462669644
42,3540,369397,-409.8711397209085
42,3541,369490,-450.07966383935207
42,3542,369554,-64.58561778348076
42,3543,369661,-438.9846744089435
42,3544,369757,-233.386262936896
42,3545,369896,-391.44146466596646
42,3546,369976,-124.0344601317404
42,3547,370075,-84.37973511145844
42,3548,370156,-235.61753617046205
42,3549,370240,-453.26730533836576
42,3550,370317,-464.84731938905924
42,3551,370435,-446.0364451632453
42,3552,370580,-711.7544440667418
42,3553,370669,-100.17708431460797
42,3554,370762,-130.17546585167014
42,3555,370849,-185.25844373472322
42,3556,371014,-235.0093137825444
42,3557,371113,-378.1943978957459
42,3558,371194,-126.13319785686528
42,3559,371290,-163.36691196005157
42,3560,371370,-35.64566518350031
42,3561,371510,-355.1685015712543
42,3562,371587,-553.4697027394052
42,3563,371802,-240.16542629946193
42,3564,372013,-128.26834745706824
42,3565,372127,-411.09506449536286
42,3566,372216,-330.3148567834748
42,3567,372311,-30.120919086357844
42,3568,372385,-79.7304777123269
42,3569,372520,-380.2566700915686
42,3570,372632,-102.91706125562379
42,3571,372719,-455.46407039782116
42,3572,372803,-295.12675053931247
42,3573,372927,-451.68554346169395
42,3574,373049,-231.9992923255084
42,3575,373112,-110.52634492743543
42,3576,373219,-127.82001823263279
42,3577,373337,-345.43543498612655
42,3578,373440,-301.49324752750414
42,3579,373514,-206.91171671150715
42,3580,373667,-228.19771163038786
42,3581,373767,-329.90226685506366
42,3582,373833,-102.72182981241248
42,3583,373930,-271.94677043652473
42,3584,374001,-113.61170396943747
42,3585,374067,-172.41788466664048
42,3586,374181,-113.48039499667827
42,3587,374306,-178.10861780536558
42,3588,374371,-113.08955201880761
42,3589,374493,-234.64170267948344
42,3590,374602,-177.54528365047216
42,3591,374667,-64.31082941078353
42,3592,374772,-151.83897699813454
42,3593,374850,-230.86220201554582
42,3594,374976,-187.72168748020894
42,3595,375123,-235.2317749930463
42,3596,375211,-118.83864689225874
42,3597,375277,-120.43608216120035
42,3598,375414,-190.08761727524643
42,3599,375475,-121.80110670179033
42,3600,375583,-416.5345899738148
42,3601,375682,-187.14296397880415
42,3602,375766,-426.42150984173065
42,3603,375885,-420.68944078093733
42,3604,375956,-244.7373954377914
42,3605,376050,-385.3929480595361
42,3606,376115,-98.35657874007288
42,3607,376179,-87.66146832795762
42,3608,376237,-119.55997894056492
42,3609,376379,-136.18020236885422
42,3610,376471,-173.80262571644408
42,3611,376543,-248.85635662624617
42,3612,376618,-103.7718928679184
42,3613,376684,-198.8212818920347
42,3614,376769,-129.75279035681535
42,3615,376870,-103.4760027826808
42,3616,376962,-339.849626989013
42,3617,377047,-359.4347102291466
42,3618,377144,-436.00357487412066
42,3619,377283,-204.75993419726097
42,3620,377353,-137.29888129240513
42,3621,377482,-405.6461995578328
42,3622,377558,-157.34807428617654
42,3623,377662,-447.8566229967059
42,3624,377765,-359.2127809649038
42,3625,377879,-192.9852014136256
42,3626,377980,-130.4663262111285
42,3627,378064,-111.94042597711693
42,3628,378131,-144.16871383219086
42,3629,378209,-244.77374544590745
42,3630,378268,-108.43966833244902
42,3631,378432,-249.2704668535061
42,3632,378516,-101.07393178790844
42,3633,378622,-115.22283073241263
42,3634,378734,-178.55862474561926
42,3635,378829,-125.32832126448244
42,3636,378913,-118.67825617850846
42,3637,379003,2.72732237670418
42,3638,379116,-263.19918654401056
42,3639,379203,-205.99174894927916
42,3640,379309,-241.14964791134207
42,3641,379380,-119.34735724196484
42,3642,379440,-126.47348907434903
42,3643,379527,-132.77589037449306
42,3644,379601,-120.79249159742545
42,3645,379677,-137.80917034703464
42,3646,379803,-102.94461898425018
42,3647,379865,-84.4215305760311
42,3648,379941,-440.4217377419532
42,3649,380003,-212.68636522532933
42,3650,380083,-280.0430587292501
42,3651,380147,-175.01769850644376
42,3652,380224,-230.83811073983665
42,3653,380347,-257.9987168561771
42,3654,380414,-248.73414266894693
42,3655,380510,-358.6266168590753
42,3656,380610,-159.92589157692726
42,3657,380714,-495.94024359924447
42,3658,380779,-127.6490487218492
42,3659,380850,-124.98980470980638
42,3660,380940,-113.87794682884879
42,3661,381023,-381.31632545798806
42,3662,381110,-323.0593572365612
42,3663,381190,-112.23269904255632
42,3664,381244,-112.21800639894732
42,3665,381328,-252.6808830492715
42,3666,381409,-315.3564026453731
42,3667,381466,-94.37580643546742
42,3668,381554,-124.18238043126894
42,3669,381629,-158.1960272501674
42,3670,381734,-85.7041867816058
42,3671,381824,-129.54627536683697
42,3672,381900,-158.98672096609536
42,3673,381961,-142.52089078919073
42,3674,382026,-99.89234824147628
42,3675,382114,-131.37004096659064
42,3676,382211,-363.50556314999943
42,3677,382310,-249.79644156524034
42,3678,382366,-106.40481066707865
42,3679,382458,-139.3615331853568
42,3680,382514,-116.7206006349953
42,3681,382598,-116.39462722242439
42,3682,382659,-128.7351891415082
42,3683,382733,-155.02881058994777
42,3684,382820,-255.1475763782037
42,3685,382885,-141.1177377067457
42,3686,382980,-144.97154940272551
42,3687,383094,-436.9200347609202
42,3688,383182,-540.3974887176217
42,3689,383244,-169.7226365212618
42,3690,383298,-135.92918510180507
42,3691,383371,-353.338278032983
42,3692,383435,-390.9135182332476
42,3693,383539,-367.5549883367507
42,3694,383602,-182.84525930928504
42,3695,383664,-277.33380121120535
42,3696,383727,-213.31379497291329
42,3697,383812,-465.96710077161464
42,3698,383890,-392.48997379250864
42,3699,383954,-226.68586081736794
42,3700,384043,-487.29948253372885
42,3701,384130,-544.2385440083141
42,3702,384196,-324.8249364049169
42,3703,384268,-254.32174762380066
42,3704,384349,-393.42465761446124
42,3705,384424,-327.9445486397217
42,3706,384505,-442.6015620612751
42,3707,384583,-435.53794732281335
42,3708,384658,-262.853360212218
42,3709,384722,-211.0907282631415
42,3710,384782,-254.02596471811992
42,3711,384851,-408.83501297838103
42,3712,384905,-305.0260656031754
42,3713,384985,-471.1440668612515
42,3714,385053,-367.96271395490413
42,3715,385110,-217.95979090555966
42,3716,385203,-277.7594965310193
42,3717,385260,-253.2603095442414
42,3718,385325,-242.4219603633061
42,3719,385392,-347.448442331753
42,3720,385461,-478.3775179258689
42,3721,385522,-162.17994642506625
42,3722,385612,-94.93887360387592
42,3723,385669,-228.77671231230516
42,3724,385750,-209.41169940989178
42,3725,385822,-403.34177915343605
42,3726,385911,-319.40472434118703
42,3727,385970,-240.82543785183609
42,3728,386028,-234.2977984769132
42,3729,386087,-268.7855970537056
42,3730,386145,-216.52319925658747
42,3731,386233,-495.10173622227524
42,3732,386300,-335.5546224057139
42,3733,386367,-193.6945931444039
42,3734,386421,-229.36495142708333
42,3735,386490,-257.50535765694065
42,3736,386555,-271.76854947814337
42,3737,386617,-349.2156173374691
42,3738,386673,-84.11151077428093
42,3739,386740,-337.8479896415895
42,3740,386826,-471.1335077812262
42,3741,386893,-215.40355983581853
42,3742,386963,-363.6371725091146
42,3743,387019,-319.0757850236293
42,3744,387073,-254.30918516544543
42,3745,387155,-382.58684077932793
42,3746,387227,-346.8123047735704
42,3747,387296,-264.6195845732368
42,3748,387357,-116.90347422204047
42,3749,387418,-238.55512935500312
42,3750,387489,-296.5786077276634
42,3751,387546,-118.75892832820257
42,3752,387614,-245.8850225133173
42,3753,387719,-279.8320690250346
42,3754,387781,-255.56984861613643
42,3755,387841,-178.16992193588078
42,3756,387923,-322.3023968098042
42,3757,388001,-332.98986344606124
42,3758,388066,-385.8988347124332
42,3759,388125,-235.7266282246482
42,3760,388213,-251.48547890978548
42,3761,388292,-245.38834709540504
42,3762,388376,-281.26843270915316
42,3763,388445,-231.55941205338559
42,3764,388504,-331.43714328871283
42,3765,388560,-115.31465140106607
42,3766,388619,-131.1093850967593
42,3767,388680,-212.61920126615553
42,3768,388760,-248.52850652920668
42,3769,388869,-118.1719519822852
42,3770,388938,-276.9703281832526
42,3771,389016,-315.0927360137184
42,3772,389076,-126.63074902745349
42,3773,389185,-105.65497095039817
42,3774,389250,-162.86122398648826
42,3775,389308,-56.220210588888015
42,3776,389416,-183.65450038892726
42,3777,389487,14.614733091210013
42,3778,389546,-74.099534096431
42,3779,389612,-146.72485462795368
42,3780,389668,-65.5816069767406
42,3781,389762,-130.04888046485775
42,3782,389856,-199.80595341414767
42,3783,389938,-124.52847515315733
42,3784,390005,-98.528743607944
42,3785,390062,-115.5713545325927
42,3786,390121,-84.72265898688887
42,3787,390213,-139.87576577658487
42,3788,390278,-98.25040903825666
42,3789,390352,-121.79027200516846
42,3790,390424,-102.0205104594676
42,3791,390510,-109.56485884182541
42,3792,390599,-104.93141377190037
42,3793,390668,-102.17133070947384
42,3794,390765,-120.51356483844943
42,3795,390862,-220.61987472635894
42,3796,390961,-149.8452790555204
42,3797,391034,-162.5805425746083
42,3798,391095,-92.89957910799885
42,3799,391164,-126.8376690598706
42,3800,391248,-192.6520736264384
42,3801,391304,-116.63070285063971
42,3802,391396,-126.17554515213082
42,3803,391502,-109.05984185081822
42,3804,391579,-126.16777215866784
42,3805,391660,-133.89786623660515
42,3806,391738,-133.60597462503227
42,3807,391835,-260.23433996206785
42,3808,391897,-135.81435172909497
42,3809,391998,-172.3366725143231
42,3810,392086,-328.6960836905062
42,3811,392187,-161.50586121145813
42,3812,392272,-166.01974542819045
42,3813,392352,-9.096337634539537
42,3814,392442,-241.98747745378586
42,3815,392534,-121.09760497917048
42,3816,392597,-82.23803200259562
42,3817,392680,-133.0562584561945
42,3818,392767,-143.0232145715878
42,3819,392841,-155.95915756059003
42,3820,392928,-387.68861397443226
42,3821,393030,-234.04468316360473
42,3822,393108,-228.7240984324451
42,3823,393194,-183.54961642527434
42,3824,393270,-147.50493112603192
42,3825,393352,-172.0533258376226
42,3826,393423,-129.55515721215326
42,3827,393483,-127.20370218392313
42,3828,393584,-29.67600289051066
42,3829,393658,-102.32722871405832
42,3830,393748,-29.070814774512897
42,3831,393808,-105.75353779469862
42,3832,393897,-130.31128077149575
42,3833,393973,-110.49457186583237
42,3834,394033,-121.69925841039299
42,3835,394101,-143.20693363040502
42,3836,394165,-152.95005162337404
42,3837,394268,-286.429000812201
42,3838,394352,-161.29775287623042
42,3839,394410,-76.65274867285959
42,3840,394502,-154.8756844677431
42,3841,394585,-140.41160101317655
42,3842,394686,-11.323227013807113
42,3843,394762,-107.03855342741986
42,3844,394839,-129.24728218591486
42,3845,394918,-171.27958795372598
42,3846,395029,-302.97770634553706
42,3847,395113,-143.85889972135865
42,3848,395212,-160.10181442119233
42,3849,395305,-141.452810796742
42,3850,395382,-208.471410219212
42,3851,395458,-134.1063287941172
42,3852,395532,-94.78144446755176
42,3853,395604,-181.64897845637375
42,3854,395685,-212.4650438027645
42,3855,395753,-206.41130017183528
42,3856,395818,-90.50227611617511
42,3857,395878,-113.08752993760149
42,3858,395939,-150.66098707568682
42,3859,396035,-222.15926019588628
42,3860,396099,-123.91811901785493
42,3861,396189,-234.14277936647974
42,3862,396260,-127.6363504567141
42,3863,396346,-186.13695213982845
42,3864,396406,-133.19499229805038
42,3865,396499,-141.3302821227034
42,3866,396556,-140.38988532670487
42,3867,396659,-141.7547239400768
42,3868,396729,-219.49386595381606
42,3869,396784,-77.51443144919452
42,3870,396867,-281.7194017161178
42,3871,396967,-119.9276618300562
42,3872,397040,-148.9481154713319
42,3873,397139,-127.84524832461514
42,3874,397200,-133.59164112446544
42,3875,397268,-359.90173281025756
42,3876,397355,-275.0927036353516
42,3877,397465,-235.8319367976128
42,3878,397556,-175.95239883122304
42,3879,397635,-265.62444432862355
42,3880,397693,-141.46405618144374
42,3881,397766,-297.5536989282509
42,3882,397850,-323.3405932360314
42,3883,397921,-264.40107277146194
42,3884,398016,-18.312171533015885
42,3885,398118,-252.3020913364626
42,3886,398231,-298.9047711308266
42,3887,398351,-31.88328896082504
42,3888,398416,-192.32241901248793
42,3889,398481,-144.45003807877413
42,3890,398550,-96.22742184291681
42,3891,398640,-171.89985241758745
42,3892,398731,-248.35846082191657
42,3893,398805,-121.11133473283171
42,3894,398876,-144.82430531506634
42,3895,398944,-103.65035449995467
42,3896,399019,-128.65176396326913
42,3897,399078,-121.35221325665711
42,3898,399183,-121.32304225319275
42,3899,399264,-105.88314374445838
42,3900,399363,-126.84386702441051
42,3901,399429,-124.58843396635757
42,3902,399503,-204.58080031732806
42,3903,399600,-206.92209079162922
42,3904,399678,-378.6702053343653
42,3905,399744,-147.02778339486755
42,3906,399828,-260.7446460559897
42,3907,399890,-126.85974141273852
42,3908,399973,-139.15595346002323
42,3909,400042,-152.8119238162596
42,3910,400097,-78.54719394722892
42,3911,400182,-178.82517493080707
42,3912,400269,-131.21443679602368
42,3913,400334,-126.33194923188447
42,3914,400406,-143.84539609274563
42,3915,400469,-106.68271308618625
42,3916,400522,-95.70435240514423
42,3917,400622,-385.7634654511677
42,3918,400712,-132.3533529900697
42,3919,400809,-108.86893702112499
42,3920,400901,-137.90447612169865
42,3921,400985,-337.1321420719481
42,3922,401088,-396.03531761168693
42,3923,401181,-124.4332252848765
42,3924,401264,-148.34626873233412
42,3925,401351,-295.46284529014827
42,3926,401410,-139.91468533867672
42,3927,401462,-200.45874321213637
42,3928,401558,-285.77297330461874
42,3929,401652,-260.192387691709
42,3930,401725,-151.96859000173478
42,3931,401808,-294.5081685943433
42,3932,401870,-196.626989253925
42,3933,401937,-263.0062421383751
42,3934,401999,-104.16887337011623
42,3935,402073,-121.32460784777821
42,3936,402153,-342.6727144041885
42,3937,402233,-327.98048919126506
42,3938,402338,-338.8376304985601
42,3939,402405,-113.93265761102758
42,3940,402520,-31.495540480291154
42,3941,402595,-283.16727015016824
42,3942,402659,-107.99700532124524
42,3943,402744,-119.2498854241908
42,3944,402801,-121.78171427503278
42,3945,402881,-149.42656585830375
42,3946,402980,-109.03830679019634
42,3947,403058,-175.78512454343328
42,3948,403152,-158.9155501661121
42,3949,403236,-120.68107823931777
42,3950,403298,-102.9925871200113
42,3951,403372,-158.79534259036313
42,3952,403450,-285.26226416315376
42,3953,403552,-323.6404607505479
42,3954,403614,-95.89778442814183
42,3955,403699,-95.23190500873368
42,3956,403802,-41.42221892750153
42,3957,403866,-45.673091261873545
42,3958,403937,-398.97913969833814
42,3959,404028,-542.2068361650583
42,3960,404090,-125.6343978259442
42,3961,404153,-108.64238206826347
42,3962,404209,-188.8791924278614
42,3963,404295,-387.50841416286147
42,3964,404357,-339.2920275248223
42,3965,404433,-477.57408010483016
42,3966,404511,-438.6406523140931
42,3967,404593,-308.0366831162328
42,3968,404658,-154.8381293026789
42,3969,404722,-384.44277651405866
42,3970,404796,-326.1064695438568
42,3971,404873,-421.19943570852513
42,3972,404942,-341.89838701318473
42,3973,405014,-326.21872389079317
42,3974,405093,-427.06593503328924
42,3975,405188,-542.2258204959713
42,3976,405250,-357.33998243822776
42,3977,405322,-467.07689312117407
42,3978,405410,-448.99719821026093
42,3979,405474,-298.2922923730573
42,3980,405577,-511.30373703313256
42,3981,405643,-365.4374117110302
42,3982,405719,-279.6570444892062
42,3983,405791,-364.14343377286065
42,3984,405856,-384.1073940244105
42,3985,405927,-276.1484531798899
42,3986,406020,-502.9430291648473
42,3987,406083,-238.78510501146934
42,3988,406168,-449.6703513417714
42,3989,406224,-226.51440448463555
42,3990,406316,-667.632450570805
42,3991,406374,-274.6682861248147
42,3992,406456,-412.2552439938949
42,3993,406519,-178.76521458036763
42,3994,406583,-293.2530579084123
42,3995,406650,-142.82189626777455
42,3996,406707,-292.55893870330044
42,3997,406796,-236.76810792342943
42,3998,406891,-314.6019690645322
42,3999,406964,-114.13093634742165
42,4000,407046,-229.7740648152933
42,4001,407137,-412.3059018401335
42,4002,407215,-368.9992942693119
42,4003,407273,-128.0905605533606
42,4004,407364,-312.84486319094344
42,4005,407469,-20.183964694594252
42,4006,407552,-214.44247625827086
42,4007,407635,-154.67210785968075
42,4008,407708,-110.68384895744396
42,4009,407790,-152.55898972165008
42,4010,407880,-116.09779859091273
42,4011,407948,-101.6667245299843
42,4012,408033,-219.24993823176118
42,4013,408113,-102.77365771434347
42,4014,408174,-142.6723634712601
42,4015,408247,-181.53041298912422
42,4016,408316,-165.82707438713481
42,4017,408408,-263.9704618848261
42,4018,408508,-282.2980737554427
42,4019,408572,-108.5371406460844
42,4020,408631,-89.13854524803324
42,4021,408719,-146.19903333868237
42,4022,408804,-145.73233736149055
42,4023,408867,-187.83909641271973
42,4024,408949,-181.25264933679782
42,4025,409032,-245.97104751404763
42,4026,409094,-75.54103420046413
42,4027,409175,-134.44964771747416
42,4028,409269,19.78160425437602
42,4029,409337,-23.836835904028987
42,4030,409404,-103.44672501349984
42,4031,409474,-116.84764283233835
42,4032,409546,-109.36002628490911
42,4033,409658,-216.06820812610968
42,4034,409728,-130.43072323846133
42,4035,409820,-377.39536053152744
42,4036,409877,-97.99685425860412
42,4037,409978,-105.85402759340337
42,4038,410040,-95.79577983416132
42,4039,410130,-202.49748322156705
42,4040,410191,-82.03062098034066
42,4041,410263,-116.35023512590907
42,4042,410368,-184.13365299179793
42,4043,410453,-180.60227100165554
42,4044,410527,-127.97879015844329
42,4045,410596,-124.30933506423963
42,4046,410661,-208.54943957529872
42,4047,410769,-350.68104627235226
42,4048,410832,-179.4216995174662
42,4049,410907,-237.80492923892947
42,4050,410971,-165.6923987772849
42,4051,411055,-178.82103735578315
42,4052,411118,-49.72313930031343
42,4053,411211,-226.97667901410904
42,4054,411299,-168.99015304720368
42,4055,411393,-188.28816172785764
42,4056,411468,-222.93659519088777
42,4057,411560,-165.731111703193
42,4058,411642,-179.48940070450357
42,4059,411756,24.576298458337334
42,4060,411846,-181.77248694932055
42,4061,411913,-210.87642641956637
42,4062,411983,-176.04466962412332
42,4063,412090,-174.29286155462276
42,4064,412180,-0.8029783833113413
42,4065,412291,-307.77124024268176
42,4066,412377,-255.77675484781054
42,4067,412486,-149.4101962270579
42,4068,412572,-13.949018328550594
42,4069,412661,-183.9927724746568
42,4070,412762,-211.9812217399519
42,4071,412852,-179.7065192124829
42,4072,412937,-164.92753832285885
42,4073,412998,-138.28572851958506
42,4074,413078,-86.23153828368663
42,4075,413167,-112.86822157084185
42,4076,413249,-92.54456996019732
42,4077,413313,-131.31180685881318
42,4078,413383,-143.84177683896604
42,4079,413475,-267.03552984658927
42,4080,413544,-143.82556584283213
42,4081,413617,-306.8710955512279
42,4082,413683,-113.2550485787139
42,4083,413774,-358.00850992890565
42,4084,413853,-110.4831055278088
42,4085,413947,-373.16122591465677
42,4086,414022,-332.5045645196475
42,4087,414077,-195.55204142586882
42,4088,414177,-537.6261244933946
42,4089,414260,-206.45803077726342
42,4090,414342,-199.4436591731427
42,4091,414407,-23.070187138416557
42,4092,414477,-294.13328572380044
42,4093,414559,-294.6979095653536
42,4094,414629,-288.4276683533898
42,4095,414704,-221.26204216063473
42,4096,414801,-430.41982742533327
42,4097,414854,-184.84368431944324
42,4098,414911,-98.27366087861847
42,4099,415005,-138.5328674114977
42,4100,415084,-403.2913606795805
42,4101,415163,-198.08454853582072
42,4102,415262,-543.4328427629671
42,4103,415347,-515.859633100966
42,4104,415409,-128.41017450976415
42,4105,415475,-295.62516873761433
42,4106,415555,-317.27184909591404
42,4107,415639,-34.1176707236653
42,4108,415703,-105.48596884064004
42,4109,415762,-131.89775464178427
42,4110,415849,-383.91511030604346
42,4111,415920,-227.7418220930812
42,4112,415978,-193.4476063061997
42,4113,416065,-411.748449586589
42,4114,416165,-290.5196546944955
42,4115,416223,-92.41482763231744
42,4116,416308,-291.8115136294458
42,4117,416401,-326.8499666949887
42,4118,416481,-248.72935545702478
42,4119,416574,-235.09111539111154
42,4120,416665,-244.18736725513745
42,4121,416758,-14.250640302774116
42,4122,416844,-116.3692826020442
42,4123,416950,-236.10624990795327
42,4124,417012,-175.70401058073767
42,4125,417110,-90.04710249617406
42,4126,417187,-122.64594862919157
42,4127,417261,-175.02622393656685
42,4128,417326,-96.66568212767659
42,4129,417447,-228.80103193742858
42,4130,417525,-158.91394415572665
42,4131,417579,-103.84826696342023
42,4132,417659,-195.37027621149312
42,4133,417723,-119.69097318485188
42,4134,417818,-143.7706006180058
42,4135,417922,-186.62778522236246
42,4136,417995,-101.65465270669891
42,4137,418052,-106.83897147707788
42,4138,418162,-305.8298634256756
42,4139,418226,-105.8445124105956
42,4140,418300,-139.34315279426406
42,4141,418360,-121.85757311628976
42,4142,418456,-194.5106982339195
42,4143,418537,-129.0584921359415
42,4144,418630,-227.2603190673521
42,4145,418721,-138.77951711290285
42,4146,418785,-129.65594348111495
42,4147,418853,-78.42394597428515
42,4148,418924,-180.91123610142702
42,4149,419020,-162.89250501199163
42,4150,419118,-118.82177788102548
42,4151,419176,-145.63448203060784
42,4152,419277,-137.26277591323856
42,4153,419373,-133.60326711326996
42,4154,419495,-58.75347382606081
42,4155,419578,-139.50323082495646
42,4156,419679,-106.70331199248584
42,4157,419768,-96.97160604057223
42,4158,419852,-222.78522883492917
42,4159,419948,-65.4032136395963
42,4160,420031,-158.96202546002488
42,4161,420089,-115.40364929465602
42,4162,420188,-144.43895221943188
42,4163,420267,-244.47298424227836
42,4164,420330,-106.56691408940961
42,4165,420423,-138.3350827833637
42,4166,420522,-215.1975239655027
42,4167,420600,18.459729643223724
42,4168,420709,-208.31563126780202
42,4169,420766,-149.9673090022151
42,4170,420849,-172.31313488132082
42,4171,420911,-115.47955790098096
42,4172,420988,-98.82386704773594
42,4173,421082,-131.34661148515607
42,4174,421151,-169.5808803430527
42,4175,421209,-101.57232875558284
42,4176,421312,-176.35087683373717
42,4177,421366,-111.15625018960255
42,4178,421427,-109.26190840090729
42,4179,421516,-291.74963176662106
42,4180,421591,-157.30396784957634
42,4181,421672,-152.38975245631627
42,4182,421769,-291.7793285728299
42,4183,421872,-468.31241912462053
42,4184,421974,-443.80753701881173
42,4185,422039,-168.8632362470817
42,4186,422116,-223.8394416704288
42,4187,422190,-326.92725607157354
42,4188,422250,-227.5273502524036
42,4189,422311,-117.38773448606415
42,4190,422397,-250.1178636521536
42,4191,422461,-114.98891581206723
42,4192,422521,-97.85424566019924
42,4193,422581,-135.52234264039674
42,4194,422638,-126.59974971291672
42,4195,422749,-359.62317220935813
42,4196,422838,-302.2239538745714
42,4197,422924,-214.85699450570138
42,4198,423007,-102.78719694638912
42,4199,423107,-372.60711293644795
42,4200,423206,-131.32187979423708
42,4201,423292,-146.17062900034205
42,4202,423354,-86.39192302199393
42,4203,423425,6.136165772163835
42,4204,423513,-90.52460539674232
42,4205,423576,-176.3109632148954
42,4206,423635,-103.70832793651566
42,4207,423698,-148.3597177214114
42,4208,423789,-244.37048472907065
42,4209,423911,-173.7363632379705
42,4210,424011,-159.96411444616768
42,4211,424085,-129.0623933864187
42,4212,424186,-130.0189064093556
42,4213,424251,-96.41359735661383
42,4214,424345,-131.11733824638588
42,4215,424430,-174.11582717678857
42,4216,424540,-136.7765550572171
42,4217,424605,-111.30700308285648
42,4218,424680,-160.80091898725357
42,4219,424761,-150.40249966739145
42,4220,424862,-109.01167894136174
42,4221,424957,-170.8647787969958
42,4222,425038,-105.9733960738546
42,4223,425140,-156.3420599607893
42,4224,425243,-196.8045361702865
42,4225,425347,-238.8881901837191
42,4226,425420,-74.86551854434758
42,4227,425486,-119.8998252186713
42,4228,425579,-345.419983006893
42,4229,425667,-120.15684829286553
42,4230,425744,-130.07755248267904
42,4231,425825,-141.64762823650645
42,4232,425910,-122.58806036104666
42,4233,425980,-143.29340402454955
42,4234,426059,-107.67941761027893
42,4235,426150,-235.63768380866807
42,4236,426219,-189.65005378360308
42,4237,426295,-251.73871473999304
42,4238,426369,-104.84257718683531
42,4239,426442,-138.1840739413415
42,4240,426509,-76.49204046999594
42,4241,426592,-5.474764296125031
42,4242,426656,-130.9348952366878
42,4243,426747,-171.77404733228892
42,4244,426843,-152.4260474145047
42,4245,426896,-147.76411306451698
42,4246,426965,-150.3579599594126
42,4247,427057,-148.2098271564839
42,4248,427118,-145.99291670305462
42,4249,427184,-275.86159533787344
42,4250,427247,-126.45340476176165
42,4251,427330,-193.21703105049792
42,4252,427428,-375.76895131519973
42,4253,427511,-286.88399530371737
42,4254,427596,-291.32642629088934
42,4255,427663,-343.9443056104442
42,4256,427781,-405.4810806501863
42,4257,427855,-376.549466292217
42,4258,427929,-94.60453846014906
42,4259,428002,-278.37365157151066
42,4260,428094,-247.84891729901992
42,4261,428163,-306.8165012934048
42,4262,428231,-130.42179543747378
42,4263,428329,21.601774998919254
42,4264,428427,-425.79271977705713
42,4265,428504,-478.31936394236936
42,4266,428593,-239.60780173830406
42,4267,428658,-148.4912426308529
42,4268,428748,-323.7819972960612
42,4269,428804,-200.71225311569006
42,4270,428911,-270.73268712780134
42,4271,428978,-118.49484177119075
42,4272,429089,-148.42184281941957
42,4273,429150,-121.38131730932541
42,4274,429214,-93.76904519030009
42,4275,429315,-118.20682622102142
42,4276,429406,-285.53001617886304
42,4277,429497,-182.5388513646133
42,4278,429567,-119.82405062618366
42,4279,429643,-142.24580951351373
42,4280,429722,-441.931333604526
42,4281,429815,-335.17317747892133
42,4282,429893,-182.1233138086617
42,4283,429952,-93.18243309271595
42,4284,430020,-150.39110681973926
42,4285,430103,-102.20861669159595
42,4286,430188,-202.19174137422908
42,4287,430252,-112.74665833681513
42,4288,430331,-191.78494565202786
42,4289,430423,-116.07432756511336
42,4290,430520,-124.65101058303706
42,4291,430598,-2.404359010383999
42,4292,430706,-112.42618590008833
42,4293,430770,-166.8179832532278
42,4294,430835,-128.153456388826
42,4295,430920,-245.4071673414622
42,4296,431006,-118.0038327665165
42,4297,431106,-121.37604850763343
42,4298,431198,-119.18061332682191
42,4299,431280,14.251158822816478
42,4300,431362,-406.85176166633084
42,4301,431433,-120.1802067757107
42,4302,431527,-268.6777575779187
42,4303,431591,-99.1716810325577
42,4304,431657,-204.79909158637102
42,4305,431773,-139.22017034386408
42,4306,431869,-90.39509305479676
42,4307,431954,-383.3052288725468
42,4308,432053,23.155029634036396
42,4309,432119,-164.69604193704646
42,4310,432212,-221.69730122566148
42,4311,432317,-128.34450880152258
42,4312,432419,-458.4032376876789
42,4313,432481,-104.41251242059616
42,4314,432559,-180.42852660601955
42,4315,432641,-204.73444317833918
42,4316,432746,-470.8698489196288
42,4317,432848,-263.3949945789247
42,4318,432912,-333.87482832443516
42,4319,432997,-522.015170157428
42,4320,433054,-93.1805846535465
42,4321,433111,-303.23033154058436
42,4322,433170,-122.51686468872586
42,4323,433228,-91.1467951266494
42,4324,433310,-348.0454801419627
42,4325,433378,-349.1327801452818
42,4326,433481,-411.3514093917986
42,4327,433553,-256.23670089698476
42,4328,433612,-214.74911728860891
42,4329,433698,-372.5668030090975
42,4330,433777,-416.06816860556177
42,4331,433867,-536.3446157657474
42,4332,433953,-330.7374473339057
42,4333,434041,-517.8561943987554
42,4334,434118,-277.9872677771701
42,4335,434200,-439.17183916846625
42,4336,434304,-528.5570173841154
42,4337,434375,-123.94180798963748
42,4338,434462,-444.0744558645438
42,4339,434568,-476.4571546942859
42,4340,434632,-325.6157954604878
42,4341,434714,-595.3181111908469
42,4342,434800,-391.1812729849468
42,4343,434855,-190.21498685055863
42,4344,434950,-73.23484907610305
42,4345,435051,-593.0404540377247
42,4346,435137,-448.40428792191585
42,4347,435202,-102.9812981467296
42,4348,435291,-555.5650690388253
42,4349,435392,-604.4394384784811
42,4350,435473,-242.36520469519377
42,4351,435566,-295.9555499854997
42,4352,435674,-217.1520075859525
42,4353,435742,-261.30698192605087
42,4354,435807,-191.44941846967774
42,4355,435866,-138.60448629852664
42,4356,435955,-652.420919702106
42,4357,436033,-6.391285327760812
42,4358,436106,-478.18462560048016
42,4359,436203,-404.847191603333
42,4360,436291,-566.1527679165486
42,4361,436369,-310.66559786614425
42,4362,436450,-293.52417665795053
42,4363,436559,-660.5983100878832
42,4364,436650,-433.8556683223168
42,4365,436743,-426.01016046880426
42,4366,436812,-326.36189310586417
42,4367,436874,-291.37730808169636
42,4368,436930,-246.35807547133484
42,4369,437022,-556.7892564933427
42,4370,437092,-406.47774852894133
42,4371,437148,-254.76912918711594
42,4372,437222,-319.0688672128449
42,4373,437299,-496.2859588426981
42,4374,437357,-122.5067180327485
42,4375,437444,-487.2880947212325
42,4376,437533,-563.7028186304077
42,4377,437628,-398.5860295240342
42,4378,437693,-226.33895623442442
42,4379,437755,-204.2528362547693
42,4380,437852,-568.826468072792
42,4381,437931,-311.03542201804805
42,4382,438013,-319.55948900208756
42,4383,438074,-295.46921620946
42,4384,438160,-548.3056216875599
42,4385,438237,-552.1403880408354
42,4386,438300,-194.0785032331126
42,4387,438367,-289.61007294580423
42,4388,438449,-527.2023604481323
42,4389,438549,-565.649844050271
42,4390,438618,-339.3254428065459
42,4391,438684,-157.24089173164995
42,4392,438769,-388.29699235861005
42,4393,438862,-640.2509229069551
42,4394,438934,-310.0497298454256
42,4395,439001,-429.78289476705095
42,4396,439097,-494.9550946094327
42,4397,439155,-433.68993741948236
42,4398,439224,-310.44457194201374
42,4399,439316,-410.1317526807295
42,4400,439403,-584.1800708939147
42,4401,439498,-353.26365206222096
42,4402,439592,-478.8832918486743
42,4403,439659,-347.0335862047582
42,4404,439740,-541.7370389644923
42,4405,439792,-259.1778914776172
42,4406,439849,-412.9446755547
42,4407,439940,-556.5192296190055
42,4408,440021,-602.6626423633531
42,4409,440098,-478.42834031378044
42,4410,440157,-288.8488807133735
42,4411,440219,-376.0017133258458
42,4412,440301,-428.53283435644704
42,4413,440404,-473.04120085428605
42,4414,440465,-381.6946602339262
42,4415,440547,-534.4897070653963
42,4416,440617,-346.0712322155758
42,4417,440680,-385.70440945993755
42,4418,440741,-414.89759787999526
42,4419,440815,-499.82313763329574
42,4420,440901,-612.6904876917391
42,4421,440963,-388.65531251555575
42,4422,441056,-582.512633134656
42,4423,441117,-361.93992062505436
42,4424,441199,-602.7716486023319
42,4425,441276,-313.97040551136104
42,4426,441337,-435.34354063247144
42,4427,441402,-430.25166356526097
42,4428,441489,-469.0627652598792
42,4429,441559,-391.23255496097016
42,4430,441636,39.139892467847176
42,4431,441705,-474.27442544699824
42,4432,441769,-165.49188275085913
42,4433,441841,-423.9812282579626
42,4434,441928,-651.5360346821715
42,4435,442020,-604.1370904822911
42,4436,442091,-522.9028142185441
42,4437,442145,-128.79137191220275
42,4438,442237,-566.8848486260056
42,4439,442296,-171.98487013923014
42,4440,442355,-344.3475432529734
42,4441,442421,-280.39879500815357
42,4442,442480,-336.1873143805025
42,4443,442578,-538.4107769274033
42,4444,442636,-431.44876866448243
42,4445,442725,-451.9531472060985
42,4446,442778,-302.07591992389104
42,4447,442841,-199.78544557162945
42,4448,442930,-348.82671897605707
42,4449,443019,-502.0619802180735
42,4450,443078,-347.8382772167677
42,4451,443166,-587.5762005277227
42,4452,443253,-427.47541237884997
42,4453,443336,-159.248269656519
42,4454,443424,-427.09270491962326
42,4455,443502,-287.3666305380604
42,4456,443584,-276.6320278793211
42,4457,443669,-384.6160026020852
42,4458,443727,-214.4334455665815
42,4459,443799,-112.40524151408047
42,4460,443882,-421.98440263665685
42,4461,443957,-179.89805437380124
42,4462,444033,-321.17870682019196
42,4463,444100,-441.02115008121876
42,4464,444168,-229.52621088773506
42,4465,444232,-222.19484590534648
42,4466,444295,-211.2159226151303
42,4467,444357,-202.62593760068634
42,4468,444430,-296.9164341532141
42,4469,444495,-236.1219187553134
42,4470,444557,-290.16517213226984
42,4471,444624,-391.5643803282817
42,4472,444698,-227.21384330655277
42,4473,444780,-279.31695816827755
42,4474,444880,-639.9082776513349
42,4475,444948,-355.6295464416603
42,4476,445041,-290.80837962918235
42,4477,445111,-327.9097643928867
42,4478,445166,-101.25772891372416
42,4479,445265,-571.4165956934289
42,4480,445345,-238.30451571581784
42,4481,445406,-131.19529694229516
42,4482,445466,-252.4965478304183
42,4483,445555,-273.6008226643005
42,4484,445622,-121.45722267978644
42,4485,445684,-247.69100591314552
42,4486,445742,-119.34363571569658
42,4487,445841,-483.0096276843306
42,4488,445907,-120.44106857864907
42,4489,445973,-102.59099623525911
42,4490,446055,-481.866575006318
42,4491,446132,-371.92728691320474
42,4492,446210,-400.5584211142822
42,4493,446288,-212.68330377503102
42,4494,446364,-129.94646612316478
42,4495,446453,-331.46114300787235
42,4496,446547,-509.93294327696526
42,4497,446619,-144.33977614082613
42,4498,446690,-196.3369178714463
42,4499,446785,-292.7483997438645
42,4500,446864,11.476789648878352
42,4501,446922,-173.87239585076514
42,4502,447037,-182.5012921720418
42,4503,447117,20.62131586495056
42,4504,447178,-100.44720391567859
42,4505,447305,24.74424665735276
42,4506,447413,-82.48988863670652
42,4507,447478,-164.81280593067754
42,4508,447574,-183.66122315647033
42,4509,447663,-438.9195873698038
42,4510,447763,0.6421611232210012
42,4511,447880,1.8879609700742606
42,4512,447977,-323.2819851953491
42,4513,448079,-295.9545269953458
42,4514,448165,-324.4949801351149
42,4515,448240,-44.5383731039216
42,4516,448314,-230.8464002799249
42,4517,448409,-130.84546085661142
42,4518,448510,-543.8690758501832
42,4519,448583,-109.43771177145467
42,4520,448675,-136.9955011814459
42,4521,448749,-233.89252009862778
42,4522,448824,-95.85603138079063
42,4523,448916,-126.75337141613682
42,4524,449029,-140.75943978792338
42,4525,449124,-221.46412476862318
42,4526,449207,-128.80172081063483
42,4527,449268,-120.99258876298556
42,4528,449348,-114.46183390328834
42,4529,449452,-120.38016331912561
42,4530,449530,-118.18928642574959
42,4531,449591,-44.95122465176083
42,4532,449677,-261.99008460754817
42,4533,449744,-202.35096983085344
42,4534,449831,-114.42219951191659
42,4535,449913,-43.389684248403455
42,4536,449994,-225.34413769808432
42,4537,450055,-101.76413192924339
42,4538,450131,-316.2485119731683
42,4539,450205,-197.12533790956343
42,4540,450281,-108.27671451926616
42,4541,450362,-98.78094305267227
42,4542,450434,-104.16611603645926
42,4543,450541,-263.78924843627703
42,4544,450615,-231.33771708886698
42,4545,450701,-165.5948921463783
42,4546,450798,-108.47601974710146
42,4547,450868,-108.69202215583985
42,4548,450926,-128.42364117226072
42,4549,450984,-108.44197639535115
42,4550,451100,-387.2991785130098
42,4551,451163,-347.28757870108774
42,4552,451261,-371.3749881102964
42,4553,451350,-228.74764411615524
42,4554,451407,-142.96811105964622
42,4555,451520,-200.47571325155351
42,4556,451598,-324.10602602418487
42,4557,451656,-98.76913538113187
42,4558,451719,-71.3830382784938
42,4559,451777,-78.01864531418295
42,4560,451850,-240.28474904300182
42,4561,451955,-388.2413243092109
42,4562,452028,-153.9036984996362
42,4563,452135,-220.54133508841582
42,4564,452237,-527.869822973625
42,4565,452306,8.161240662232487
42,4566,452396,-132.94445599246617
42,4567,452486,-453.35944427297096
42,4568,452584,-409.19995322911245
42,4569,452639,-186.5620398100273
42,4570,452701,-137.41145939414957
42,4571,452760,-139.67549862606447
42,4572,452824,-29.027118310004923
42,4573,452902,-251.58088289154173
42,4574,452966,-292.3332332412223
42,4575,453065,-532.7421007303532
42,4576,453150,-223.21606429647534
42,4577,453213,-233.10242036535683
42,4578,453283,-350.6459957039434
42,4579,453337,-110.35558938161323
42,4580,453418,-162.8196889276967
42,4581,453521,-268.6966839241495
42,4582,453582,-109.5412507089452
42,4583,453697,-3.447770211900348
42,4584,453787,-123.63113551330795
42,4585,453879,-166.4589075237443
42,4586,453960,-139.39712742916575
42,4587,454046,-118.70478972732302
42,4588,454118,-89.0236961116452
42,4589,454219,-89.28751439366789
42,4590,454321,-377.7572290331419
42,4591,454424,-99.1963259416137
42,4592,454500,-111.60817696447675
42,4593,454560,-119.0785971644373
42,4594,454629,-108.90467423290289
42,4595,454685,-125.93596193456834
42,4596,454753,-236.71506719620803
42,4597,454839,-104.5895081980081
42,4598,454929,-348.84654358620173
42,4599,455019,-202.0429360366666
42,4600,455138,-109.72589312998969
42,4601,455199,-189.02301683927004
42,4602,455269,-98.49557874890374
42,4603,455350,-203.29458379337808
42,4604,455466,-242.83917233736076
42,4605,455563,-310.5223929718504
42,4606,455636,-250.7568897313507
42,4607,455693,-166.38026620868413
42,4608,455760,-85.1277782197767
42,4609,455829,-122.39639426353165
42,4610,455892,-86.61209713586783
42,4611,455954,-136.9242471474682
42,4612,456039,-284.10765976002426
42,4613,456140,-170.33875820145684
42,4614,456207,-122.87426549755624
42,4615,456294,-88.68444822673733
42,4616,456367,-100.00697472952024
42,4617,456480,-183.99548939667784
42,4618,456581,-167.14714633584086
42,4619,456643,-124.76151724590977
42,4620,456720,-125.65043441672705
42,4621,456781,-89.0227515424376
42,4622,456904,1.9567547017254299
42,4623,457019,-440.28835376014894
42,4624,457122,-203.16959635346572
42,4625,457187,-149.7403896899046
42,4626,457251,-150.74851419945517
42,4627,457350,-34.945621187184074
42,4628,457420,-152.28171343209436
42,4629,457542,-292.6958905534122
42,4630,457615,-142.40428445260463
42,4631,457687,-154.27354910859134
42,4632,457774,-263.72163790722516
42,4633,457864,-317.4086572076336
42,4634,457936,41.07858828417298
42,4635,458021,-250.39303666186206
42,4636,458103,-269.2960044436736
42,4637,458170,-133.5200011795024
42,4638,458267,-257.5171094618662
42,4639,458345,-277.69268103297895
42,4640,458409,-191.6508617591398
42,4641,458523,-211.21308689204517
42,4642,458583,-98.48196149898479
42,4643,458685,-172.06729582887178
42,4644,458751,-207.48651877956377
42,4645,458829,-122.58382585296373
42,4646,458900,-166.36231894653477
42,4647,458973,3.4042544195527853
42,4648,459028,-170.48955887259888
42,4649,459118,-448.4824272932429
42,4650,459208,-213.895003364131
42,4651,459279,-96.28810395039604
42,4652,459346,-192.57105608108867
42,4653,459415,-162.755629049225
42,4654,459507,-195.2197261603162
42,4655,459645,-321.52478647055824
42,4656,459730,-179.46905607490712
42,4657,459788,-83.61572228033387
42,4658,459898,-171.9600808497899
42,4659,459983,-135.12400270441984
42,4660,460081,-67.8242676155272
42,4661,460148,-100.82754239433045
42,4662,460226,-138.48679748956505
42,4663,460309,-118.27803373383915
42,4664,460392,-117.50399384408473
42,4665,460459,-117.23790047003813
42,4666,460596,-72.19434526839623
42,4667,460672,-110.88517322684893
42,4668,460727,-94.93159554573977
42,4669,460820,-122.20686022682693
42,4670,460895,-323.4173655469129
42,4671,460988,-198.72786335976988
42,4672,461075,-178.70877486638085
42,4673,461140,-113.15627565553163
42,4674,461196,-200.97694021175644
42,4675,461288,-219.17256819856513
42,4676,461368,-121.32421932625876
42,4677,461477,-411.89581330597633
42,4678,461556,-334.88733785435693
42,4679,461640,3.812826589378645
42,4680,461728,-326.6662466341021
42,4681,461793,-80.07175871912024
42,4682,461859,-93.92187031528276
42,4683,461933,-78.60398649158688
42,4684,462028,-345.1727441549766
42,4685,462114,-325.82652935273734
42,4686,462227,-19.569619942827387
42,4687,462315,-384.91357306553647
42,4688,462410,-303.64217200570465
42,4689,462485,-307.82412999394523
42,4690,462558,-375.1971857384054
42,4691,462615,-150.86169928308257
42,4692,462702,-173.64352310309604
42,4693,462814,-166.22110330925574
42,4694,462919,-552.3556882205057
42,4695,463006,-492.549450561656
42,4696,463063,-237.93652874657752
42,4697,463121,-117.24198189466946
42,4698,463179,-90.52626834300169
42,4699,463276,-361.1918281657905
42,4700,463334,-120.04673928916476
42,4701,463407,-480.1635938539802
42,4702,463465,-136.34532299611584
42,4703,463520,-202.02197965149378
42,4704,463624,-437.68071873782685
42,4705,463693,-334.72943245143546
42,4706,463774,-367.30975422191744
42,4707,463872,-580.0790059096187
42,4708,463951,-352.8793872863302
42,4709,464034,-434.2013699832845
42,4710,464095,-100.67608048995186
42,4711,464162,-326.493765730109
42,4712,464239,-246.8148578383402
42,4713,464337,-203.54279927081197
42,4714,464413,-318.4154702872679
42,4715,464506,-325.42357361308
42,4716,464568,-200.60779399169655
42,4717,464628,-85.21711335034455
42,4718,464712,-107.66032387084837
42,4719,464783,-119.99546899348712
42,4720,464882,-416.18111641816466
42,4721,464944,-129.02029465867355
42,4722,465036,-326.2201999571454
42,4723,465108,-105.0008049925829
42,4724,465190,-144.25284427438515
42,4725,465257,-220.00429252548918
42,4726,465355,-111.24600347419035
42,4727,465422,-101.61249651795929
42,4728,465490,-123.86541256241742
42,4729,465551,-104.88912830807101
42,4730,465668,-379.1168568130015
42,4731,465768,-377.6676806391996
42,4732,465860,-252.51701090229122
42,4733,465954,-132.10662370254335
42,4734,466024,-156.0004535932167
42,4735,466089,-85.50764084909808
42,4736,466149,-151.51886825604834
42,4737,466232,-96.01399090414404
42,4738,466299,-81.80268548108333
42,4739,466385,-211.03473816907078
42,4740,466461,-122.64470048598186
42,4741,466565,-269.70256640604237
42,4742,466639,-284.18374063777355
42,4743,466751,-270.5425158284088
42,4744,466838,-413.57107227550154
42,4745,466914,-271.1567072169379
42,4746,466987,-1.8319788081461468
42,4747,467049,-91.08716701330354
42,4748,467126,-231.8794703752841
42,4749,467196,-146.43490000688823
42,4750,467287,-181.99776855052448
42,4751,467372,-182.72245613250334
42,4752,467464,-113.9118284776068
42,4753,467547,-1.4776762056197867
42,4754,467640,-100.64633477991865
42,4755,467722,-100.84699982849929
42,4756,467798,-37.289349789488824
42,4757,467885,-148.20777097411354
42,4758,467950,-82.94530553892291
42,4759,468055,-191.97962273000851
42,4760,468138,-291.0960054481046
42,4761,468234,-322.07303375826143
42,4762,468300,-91.1902042215272
42,4763,468379,-105.58696630300918
42,4764,468458,-418.1783949338292
42,4765,468516,-62.12938703202653
42,4766,468605,-181.38189547870113
42,4767,468697,-499.6837723744258
42,4768,468796,-121.36332955917722
42,4769,468862,-105.44343826833565
42,4770,468952,-109.97472196395768
42,4771,469045,-381.1784734091714
42,4772,469142,-210.8390539609327
42,4773,469205,-270.66741867954323
42,4774,469295,-537.7226568128184
42,4775,469376,-128.95034352206412
42,4776,469441,-222.0563693469905
42,4777,469540,-128.55172232516418
42,4778,469643,-241.55994327419344
42,4779,469733,-139.94413108943053
42,4780,469813,-215.94316729824467
42,4781,469895,-130.38388281496722
42,4782,469959,-154.52687831371708
42,4783,470044,-153.22525528659128
42,4784,470155,-149.66677178618096
42,4785,470279,-11.68099893125428
42,4786,470353,-135.58224488473138
42,4787,470431,-208.8517262968109
42,4788,470554,-85.52918817591106
42,4789,470627,-94.09058993572032
42,4790,470693,-112.59544874135239
42,4791,470751,-127.56297074217801
42,4792,470846,-196.29931801463803
42,4793,470939,6.596623996973534
42,4794,471002,-95.23125815510102
42,4795,471068,-230.9231998570922
42,4796,471129,-175.18099610481988
42,4797,471196,-111.96184807951144
42,4798,471269,-124.71627634950994
42,4799,471356,-117.72955212440098
42,4800,471432,-79.42068194172866
42,4801,471505,-131.07620856267005
42,4802,471610,-197.13865384989487
42,4803,471674,-111.60839067624693
42,4804,471741,-93.9074458545561
42,4805,471808,-93.34136459439026
42,4806,471887,-150.18455058649863
42,4807,471979,-338.27387978951174
42,4808,472063,-296.05880461513607
42,4809,472135,-33.22397554938436
42,4810,472223,-102.37671451420869
42,4811,472316,-263.00048205668935
42,4812,472400,-115.73109419903709
42,4813,472500,-127.27250107055073
42,4814,472573,-176.9489458162846
42,4815,472669,-142.5511656347535
42,4816,472755,-119.8161688441576
42,4817,472865,-95.21766909648136
42,4818,472930,-76.04481334812138
42,4819,473031,-145.32505009879407
42,4820,473132,-149.67328568395573
42,4821,473244,-313.2824516048032
42,4822,473322,-227.08749646653467
42,4823,473425,-210.93507116842045
42,4824,473480,-131.58814005929457
42,4825,473563,-186.52869302868893
42,4826,473626,-76.78386236218526
42,4827,473715,-150.28395234213394
42,4828,473813,-23.622257596434565
42,4829,473911,-30.442352644660545
42,4830,474039,-418.2258304360562
42,4831,474121,-179.64811387990096
42,4832,474197,-124.278588031266
42,4833,474306,-416.3170672083069
42,4834,474408,-166.63889744981378
42,4835,474489,-123.3203475871378
42,4836,474553,-153.17533880171305
42,4837,474629,-116.76293711945911
42,4838,474701,-133.09970933364252
42,4839,474764,-232.7932571602955
42,4840,474852,-397.7730556569063
42,4841,474940,-239.26898548714405
42,4842,475013,-223.63603733699836
42,4843,475082,10.412697894311222
42,4844,475146,-75.8985413117745
42,4845,475209,-187.91109815722183
42,4846,475285,-290.4262188634955
42,4847,475386,-146.48267780378703
42,4848,475469,-118.83432546238355
42,4849,475527,-71.38262263588379
42,4850,475593,-207.15314577185094
42,4851,475697,-293.9769047179283
42,4852,475789,-325.88177958669166
42,4853,475873,-111.06848953878588
42,4854,475937,-80.97136343967077
42,4855,476049,-140.8747489191362
42,4856,476123,-244.9350989016657
42,4857,476202,-65.94099904916392
42,4858,476296,-279.63281047188275
42,4859,476364,-12.091206239420103
42,4860,476428,-69.18649978283645
42,4861,476515,-231.54484044887445
42,4862,476587,-330.08744518059416
42,4863,476700,-56.563970042305954
42,4864,476798,-304.3782439850104
42,4865,476888,-161.14251931646075
42,4866,476965,-98.33664718943378
42,4867,477031,-195.6862515945478
42,4868,477098,-88.80191227099044
42,4869,477210,-113.68374339771793
42,4870,477290,-149.35921686964957
42,4871,477366,-185.51883101129587
42,4872,477471,-105.59204042132914
42,4873,477580,-99.17360626488926
42,4874,477637,-95.05800128317996
42,4875,477709,-85.20508268344179
42,4876,477816,-337.5848498654037
42,4877,477925,-181.2854594341695
42,4878,477984,-126.13538527994926
42,4879,478037,-116.92580332423775
42,4880,478106,-104.76034061945916
42,4881,478175,-35.79243861038651
42,4882,478267,-135.92815117285227
42,4883,478349,-101.31301155920315
42,4884,478462,-193.87863252483797
42,4885,478575,-110.6754321257057
42,4886,478680,-171.80126856003332
42,4887,478755,-134.8931997246844
42,4888,478862,-328.7318669908932
42,4889,478962,-140.58474039053576
42,4890,479025,-106.60751218273994
42,4891,479097,-138.99087056067822
42,4892,479168,-236.31454952166396
42,4893,479245,-109.2278560610035
42,4894,479345,-264.37320062855565
42,4895,479461,-371.5812866943334
42,4896,479576,-50.44962365754639
42,4897,479640,-122.50090802688669
42,4898,479742,-123.02369357448588
42,4899,479823,-145.28732903946423
42,4900,479888,-127.48268234558176
42,4901,479968,-308.9007239557453
42,4902,480076,-492.8544476342525
42,4903,480164,-116.48056126620813
42,4904,480238,-274.97669023431735
42,4905,480304,-144.5699170691728
42,4906,480376,-318.4665154789701
42,4907,480438,-370.5710195538309
42,4908,480510,-305.0654717899976
42,4909,480582,-240.58812383229397
42,4910,480676,-582.2192406471897
42,4911,480765,-525.309356967179
42,4912,480861,-497.9622244787301
42,4913,480939,-473.26533041375137
42,4914,481015,-401.39680538540483
42,4915,481086,-266.80861207713883
42,4916,481185,-311.94475280817244
42,4917,481242,-126.43821220902267
42,4918,481308,-138.17851875879055
42,4919,481399,-521.7377004400302
42,4920,481458,-156.4281972223682
42,4921,481523,-260.8032153553861
42,4922,481585,-242.25251008875222
42,4923,481642,-225.39007463634005
42,4924,481737,-621.6073089498449
42,4925,481812,-458.6070149431966
42,4926,481872,-385.46202147520955
42,4927,481975,-557.8759812501769
42,4928,482042,-280.44063455696636
42,4929,482105,-296.56671324542395
42,4930,482167,-498.53307083730635
42,4931,482255,-592.8305495360028
42,4932,482332,-456.613620658526
42,4933,482401,-405.5939333291439
42,4934,482467,-81.24237652425607
42,4935,482543,-324.33635797653085
42,4936,482600,-286.89880699985866
42,4937,482681,-562.4666786780394
42,4938,482763,-545.3798002713845
42,4939,482864,-489.6890714173278
42,4940,482963,-435.8831163035256
42,4941,483020,-165.35974989340576
42,4942,483093,-518.342976508768
42,4943,483187,-281.0172414086386
42,4944,483286,-447.5912826997923
42,4945,483380,-454.5007145931306
42,4946,483461,-570.4207948483968
42,4947,483539,-481.0601190767853
42,4948,483628,-395.3681441098072
42,4949,483711,-493.1403323096594
42,4950,483807,-308.98976647823395
42,4951,483886,-580.9067787229794
42,4952,483957,-363.0407571570524
42,4953,484020,-207.73826731632292
42,4954,484095,-339.4075772200879
42,4955,484178,-332.69393431906394
42,4956,484258,-549.999785934366
42,4957,484356,-621.2969233447951
42,4958,484440,-549.4029895473507
42,4959,484526,-535.2890053892553
42,4960,484634,-694.255921312255
42,4961,484694,-327.1595855963874
42,4962,484766,-525.9287234824195
42,4963,484834,-452.6802588113025
42,4964,484918,-395.4075554736142
42,4965,484983,-234.32794833864924
42,4966,485048,-324.275485943028
42,4967,485110,-360.8189604738665
42,4968,485178,-279.3920443544398
42,4969,485243,-218.18950617905443
42,4970,485340,-468.2768750607648
42,4971,485406,-333.89209500160416
42,4972,485483,-575.1116364629456
42,4973,485562,-302.86612356775015
42,4974,485632,-391.7979238826089
42,4975,485722,-459.38843592101097
42,4976,485827,-593.7948255349177
42,4977,485909,-528.4864312029215
42,4978,485976,-193.8979344630459
42,4979,486068,-411.80204294499066
42,4980,486129,-401.8229660771602
42,4981,486198,-418.2331581079183
42,4982,486264,-249.4862562429727
42,4983,486349,-268.7113530817254
42,4984,486424,-368.95506495779404
42,4985,486506,-353.0311126560098
42,4986,486587,-510.27449123288926
42,4987,486670,-386.2608396240475
42,4988,486758,-471.6506315061552
42,4989,486833,-413.6149337752484
42,4990,486894,-188.77202519078418
42,4991,486983,-480.4573787749139
42,4992,487054,-565.1752649587104
42,4993,487143,-601.8792696489534
42,4994,487220,-453.07536608071547
42,4995,487322,-698.4007205131419
42,4996,487397,-467.0675610366649
42,4997,487481,-643.0675678527598
42,4998,487550,-267.3646414098904
42,4999,487625,-544.3806651965535
42,5000,487726,-654.9413261569795
42,5001,487825,-753.7285173013155
42,5002,487882,-178.75502447131316
42,5003,487951,-426.8022634828735
42,5004,488007,-288.5310424232246
42,5005,488082,-347.83063532395875
42,5006,488151,-438.38636821051955
42,5007,488237,-474.52518634213544
42,5008,488314,-228.13946236839487
42,5009,488402,-606.3381556675577
42,5010,488492,-650.8654542938569
42,5011,488560,-274.2728452907475
42,5012,488640,-324.9364658415323
42,5013,488724,-545.5977576985897
42,5014,488809,-416.6629216180409
42,5015,488874,-412.24674549503993
42,5016,488948,-501.39533513179776
42,5017,489016,-331.00590782745473
42,5018,489104,-507.82701837685613
42,5019,489192,-490.2458281164818
42,5020,489283,-482.56016739276237
42,5021,489355,-311.04567908561796
42,5022,489411,-113.2562195024703
42,5023,489494,-523.3435212314703
42,5024,489555,-261.99560257069055
42,5025,489648,-604.9133045716959
42,5026,489753,-454.4549046515554
42,5027,489846,-500.06592134329304
42,5028,489917,-391.84906767160845
42,5029,489994,-291.361780592276
42,5030,490088,-469.71426037150405
42,5031,490176,-311.7579618639036
42,5032,490268,-247.65471599382317
42,5033,490353,-523.2601365428117
42,5034,490421,-298.954967011637
42,5035,490476,-213.7332419822542
42,5036,490561,-149.20705156644954
42,5037,490632,-353.96030426703703
42,5038,490721,-223.82532769421488
42,5039,490787,-213.1661538226717
42,5040,490878,-304.2940280294937
42,5041,490937,-292.2197286540254
42,5042,491010,-96.91878586590877
42,5043,491107,-614.6824606241811
42,5044,491182,-144.14076163098824
42,5045,491259,-138.46318315686906
42,5046,491372,-256.03605910120586
42,5047,491483,-109.09155679593341
42,5048,491551,-91.60610008877725
42,5049,491634,-148.60236839021096
42,5050,491776,25.233701507433338
42,5051,491843,-224.69033565482118
42,5052,491932,-384.4641516225321
42,5053,492008,-195.9956159748719
42,5054,492078,-245.13861941673758
42,5055,492187,-142.71877299327625
42,5056,492288,-179.6175519563298
42,5057,492380,-134.88267946352036
42,5058,492446,-251.96192679957727
42,5059,492505,-113.02210385732923
42,5060,492632,-372.2127098279873
42,5061,492708,-98.55855651447168
42,5062,492785,-180.44714482395864
42,5063,492860,-35.646931032305204
42,5064,492948,-159.43842461688672
42,5065,493007,-141.8093981241042
42,5066,493106,-123.41284036694022
42,5067,493184,-181.61561526194828
42,5068,493279,-123.89002643070377
42,5069,493348,-130.69909555431136
42,5070,493421,-129.8729566366486
42,5071,493506,-155.47440301143266
42,5072,493589,-139.87171913117024
42,5073,493684,-283.4017438930405
42,5074,493797,-121.58288390378446
42,5075,493899,-187.6974160008249
42,5076,494004,-144.5072562398601
42,5077,494119,-112.58732300451334
42,5078,494206,-239.98965496473463
42,5079,494272,-187.72140681664024
42,5080,494360,-360.0699788426856
42,5081,494474,-158.3304198081222
42,5082,494545,-243.6538326519079
42,5083,494634,-230.83572394816522
42,5084,494699,-154.42887833101096
42,5085,494787,-174.8973289611596
42,5086,494894,-141.6369199096071
42,5087,494981,-313.7816347267571
42,5088,495078,-194.11028549778558
42,5089,495147,-116.00204458717634
42,5090,495227,-136.07275020376477
42,5091,495327,-153.22833880382623
42,5092,495425,-126.71249805003876
42,5093,495527,-140.64275898366742
42,5094,495590,-20.117187228358148
42,5095,495692,-102.38121942808907
42,5096,495767,-172.6294480713416
42,5097,495842,-363.17682195432496
42,5098,495913,-112.63486304013898
42,5099,495997,-198.32014486326875
42,5100,496092,-118.49011695849698
42,5101,496200,-249.22842126654302
42,5102,496267,-149.2890540476479
42,5103,496360,-491.68383451141756
42,5104,496435,-233.31534889485485
42,5105,496527,-376.7980387413804
42,5106,496597,-348.6662216292233
42,5107,496654,-130.37510939425238
42,5108,496765,-485.32455771256195
42,5109,496836,-351.8594851428677
42,5110,496909,-390.0738446858454
42,5111,496998,-516.6422065998274
42,5112,497091,-226.78467012355696
42,5113,497150,-120.69199409462979
42,5114,497221,-393.5741541802154
42,5115,497311,-265.1261605527327
42,5116,497420,-403.9938974462189
42,5117,497482,-300.8662319756434
42,5118,497572,-200.85071546091493
42,5119,497654,-94.89125472550286
42,5120,497735,-154.02792832939645
42,5121,497792,-116.92236204554192
42,5122,497857,-87.4388139017911
42,5123,497942,-109.1165067388012
42,5124,498028,-107.72031490709588
42,5125,498104,-108.48060016101363
42,5126,498209,-190.50471807439902
42,5127,498296,-266.9132938628678
42,5128,498380,-262.56252578562726
42,5129,498465,-300.9684498026669
42,5130,498521,-177.8904803075283
42,5131,498635,-280.5301881557208
42,5132,498724,-168.07055286548325
42,5133,498790,-123.70575828775878
42,5134,498853,-239.73006909789447
42,5135,498961,-331.3499120526918
42,5136,499035,-194.78699250144655
42,5137,499156,-274.7176140095462
42,5138,499222,-219.0927561487598
42,5139,499283,-102.88537736505403
42,5140,499352,-253.05139718561915
42,5141,499455,-291.5573652661333
42,5142,499552,-245.76960631758269
42,5143,499642,-208.81656328571938
42,5144,499738,-204.50864200347377
42,5145,499801,-138.44091352316482
42,5146,499891,0.5308480863311473
42,5147,499954,-171.06350088411256
42,5148,500032,-152.19837135436183
42,5149,500124,-183.2179632518637
42,5150,500235,-131.40165654110476
42,5151,500328,-165.5889898084233
42,5152,500427,-139.492101053872
42,5153,500526,-153.66960001655332
42,5154,500611,-126.34354419531492
42,5155,500679,-90.42551186883775
42,5156,500743,-88.04763322460738
42,5157,500820,-113.10278108540567
42,5158,500917,-228.11370411615692
42,5159,501007,-331.0689370534529
42,5160,501080,-130.7896582385165
42,5161,501152,-90.09540751846266
42,5162,501240,-368.09790523689657
42,5163,501309,-190.99274311875826
42,5164,501373,-178.3003505826456
42,5165,501471,-302.4752368822148
42,5166,501556,-452.17704442408296
42,5167,501627,-193.17932607641166
42,5168,501730,-396.7376417660206
42,5169,501812,-435.9591114289657
42,5170,501929,-407.41527327119866
42,5171,502007,-384.0475821439024
42,5172,502097,-384.6995387515198
42,5173,502167,-196.02571825478464
42,5174,502235,-193.26804988307092
42,5175,502295,-103.86716630675204
42,5176,502369,-99.29712623697819
42,5177,502432,-53.4512788695983
42,5178,502511,-105.11278722398328
42,5179,502620,-298.50695471463735
42,5180,502734,-168.27972781035334
42,5181,502800,-185.99970986472033
42,5182,502881,-125.65296408393019
42,5183,502951,-220.96709593793625
42,5184,503015,-115.1572566658492
42,5185,503120,-222.62725796190023
42,5186,503236,-110.3021497178678
42,5187,503353,-161.32346496615597
42,5188,503424,-122.62075908512708
42,5189,503509,-34.852784278265275
42,5190,503605,-112.73776206544755
42,5191,503690,-193.5349647918172
42,5192,503752,-119.56340364000783
42,5193,503827,-194.94581675750266
42,5194,503911,-124.86054352844239
42,5195,503997,-135.11962893430257
42,5196,504070,-97.66713958231661
42,5197,504172,-151.57271477951707
42,5198,504273,-203.60400989827463
42,5199,504344,-195.05478904449856
42,5200,504403,-71.92223977445167
42,5201,504503,-126.37265185985409
42,5202,504624,-28.918024863005968
42,5203,504711,-110.87409703768954
42,5204,504783,-114.33558129800166
42,5205,504873,-151.76712865030225
42,5206,504932,-173.12808802426036
42,5207,505034,-204.73810685980257
42,5208,505114,-143.07911870850785
42,5209,505216,-357.970127939174
42,5210,505305,-135.10795135382148
42,5211,505362,-22.493768224111307
42,5212,505429,-221.7692826532372
42,5213,505528,-129.87635462004556
42,5214,505625,-116.37583274694268
42,5215,505738,-288.45119490056186
42,5216,505799,-185.00689489457295
42,5217,505868,-318.82272150447557
42,5218,505985,-341.71940373675363
42,5219,506069,-262.0439879946373
42,5220,506173,-313.37989319901453
42,5221,506237,-239.95820929754038
42,5222,506310,-217.27330923393137
42,5223,506406,-254.93993375782642
42,5224,506485,-157.382519955616
42,5225,506560,-95.85024399769401
42,5226,506664,-189.07920634604676
42,5227,506743,-182.39865430871563
42,5228,506841,-237.23806604650244
42,5229,506941,-155.2380182597479
42,5230,507060,-246.56019654292575
42,5231,507154,-121.90436353717996
42,5232,507231,-101.17428802736757
42,5233,507296,-91.32736738129711
42,5234,507372,-116.40913253343655
42,5235,507491,-173.73265196583156
42,5236,507588,-116.44363450584059
42,5237,507663,-233.0297570584467
42,5238,507719,-116.31198226925892
42,5239,507800,-147.28461174327427
42,5240,507861,-108.56423643270317
42,5241,507978,-410.52379159365034
42,5242,508077,-182.05175056633948
42,5243,508190,-189.9478719960367
42,5244,508263,-330.5077631874607
42,5245,508352,-249.3357958005628
42,5246,508425,-192.51877967811552
42,5247,508524,-170.80496779221914
42,5248,508607,-155.711540261316
42,5249,508685,-150.0672457266524
42,5250,508762,-190.6996004050808
42,5251,508856,-118.1327344534658
42,5252,508916,-171.46530260933253
42,5253,508977,-159.19459914642272
42,5254,509039,-111.29410685750281
42,5255,509143,-160.65109379488064
42,5256,509212,-205.06053272659085
42,5257,509318,-125.56812902178083
42,5258,509373,-121.14887518436811
42,5259,509432,-96.69502393970258
42,5260,509513,-114.90488005085405
42,5261,509613,-165.05678578016182
42,5262,509678,-88.3135559830712
42,5263,509761,42.98878807152636
42,5264,509841,-181.42993305336398
42,5265,509930,-167.66446888499314
42,5266,510040,-106.0083512802573
42,5267,510137,-197.725503953937
42,5268,510207,-99.97208024640085
42,5269,510276,-30.302523232471714
42,5270,510392,-86.98747374402171
42,5271,510486,-126.3288814357236
42,5272,510591,-109.64126708396736
42,5273,510688,-168.9316748268311
42,5274,510769,-104.06143868674201
42,5275,510829,-84.41446268102402
42,5276,510907,-317.96790342403585
42,5277,510971,-92.3853138805532
42,5278,511055,-150.3596107842456
42,5279,511113,-112.24214092651194
42,5280,511174,-120.62392353139035
42,5281,511316,-48.78391533863957
42,5282,511381,-134.3942316813401
42,5283,511458,-144.21403927446218
42,5284,511572,-140.33836344511067
42,5285,511670,-236.11113781778414
42,5286,511762,-185.6297946621654
42,5287,511832,-95.36831075986359
42,5288,511908,-453.3494189169305
42,5289,511971,-226.22251239600175
42,5290,512047,-366.3990847636454
42,5291,512113,-223.55698281649484
42,5292,512183,-250.94923562004354
42,5293,512305,-194.24417399396341
42,5294,512371,-291.2286804898522
42,5295,512472,-332.2979660776148
42,5296,512554,-240.383501027105
42,5297,512619,-98.06532210683909
42,5298,512700,-173.71302484524392
42,5299,512768,-201.63212387653454
42,5300,512866,-253.10452562128327
42,5301,512978,-217.13867109536326
42,5302,513060,-115.61865634836577
42,5303,513167,-293.8967529291837
42,5304,513285,-142.49637213827413
42,5305,513353,-190.02087695531355
42,5306,513413,-67.65000497292033
42,5307,513489,-143.25062637524246
42,5308,513568,-126.41729549650546
42,5309,513645,-118.70271638666392
42,5310,513724,-171.65577173169385
42,5311,513814,-278.22154844428366
42,5312,513882,-170.19052101609975
42,5313,513945,-101.96851036575467
42,5314,514011,-98.3774937219164
42,5315,514095,-234.10512230661956
42,5316,514185,3.6881934561145044
42,5317,514248,-125.8422355610625
42,5318,514365,-251.27081588912034
42,5319,514457,-266.13486997259247
42,5320,514529,-18.8230258638867
42,5321,514599,-112.71300835943302
42,5322,514686,-115.30392040914498
42,5323,514765,-131.19825993651102
42,5324,514834,-116.11227157952045
42,5325,514935,-203.4397023596289
42,5326,515004,-121.73577337687342
42,5327,515097,-203.24057560016394
42,5328,515197,-165.61609665007637
42,5329,515258,-59.77075712159163
42,5330,515345,-95.81287346618173
42,5331,515452,-52.219123565298645
42,5332,515529,-91.04056199027856
42,5333,515646,-125.23770915009456
42,5334,515742,-188.60022974117862
42,5335,515816,-236.04608555418417
42,5336,515907,-137.80409816509024
42,5337,516006,-140.31255282008885
42,5338,516105,-280.06796445536855
42,5339,516195,-129.42509533594347
42,5340,516256,-123.53853616236168
42,5341,516313,-101.42024119260098
42,5342,516407,-255.1180574813174
42,5343,516488,-107.36123727879097
42,5344,516556,-122.36578088451458
42,5345,516674,-82.32040341433922
42,5346,516743,-142.33609759132588
42,5347,516807,-106.03133836337483
42,5348,516894,-119.98634776920612
42,5349,516990,-175.38920157199078
42,5350,517052,-181.38212646048729
42,5351,517156,-200.86529051591737
42,5352,517233,-123.02770332376068
42,5353,517335,-80.12216921194444
42,5354,517400,-71.54926208878967
42,5355,517474,-133.1249320027608
42,5356,517566,-124.41861092372005
42,5357,517647,-87.19705160634244
42,5358,517743,-119.2088330641246
42,5359,517809,-209.147188989551
42,5360,517880,-79.93525601809452
42,5361,517938,-113.74364937669444
42,5362,518018,-137.8927884948992
42,5363,518086,-100.89601252936025
42,5364,518189,-77.27148787316969
42,5365,518292,-157.87645577886485
42,5366,518361,-72.15177628922481
42,5367,518459,-147.1879254499814
42,5368,518549,-135.4391474630485
42,5369,518646,-156.25937644815224
42,5370,518745,-136.37020827932898
42,5371,518813,-79.5830126156431
42,5372,518897,-147.43351786512193
42,5373,518955,-111.39745885283077
42,5374,519016,-76.10669735233985
42,5375,519114,13.271910141307615
42,5376,519211,-188.0586639523089
42,5377,519282,-88.11099866199913
42,5378,519413,-218.5635913080235
42,5379,519522,-122.85162384997554
42,5380,519608,-105.07812528126107
42,5381,519721,-16.304952021610376
42,5382,519797,-188.59158985038783
42,5383,519875,-230.17869037132084
42,5384,519976,-393.38804820047966
42,5385,520042,-97.91382499788956
42,5386,520154,-188.54305321461453
42,5387,520248,-310.49586505983126
42,5388,520315,-199.58105130524237
42,5389,520374,-85.00580953655854
42,5390,520455,-144.12900177911715
42,5391,520556,-197.98294403931192
42,5392,520628,-118.03288180487799
42,5393,520715,-156.1953723708693
42,5394,520832,-112.16663489101028
42,5395,520925,-204.5311247537618
42,5396,520999,-80.41350443050165
42,5397,521059,-104.70678220045407
42,5398,521132,-74.98843407208427
42,5399,521199,-85.25693363259902
42,5400,521267,-90.92320961432769
42,5401,521344,-148.0419977096306
42,5402,521408,-51.43108074501508
42,5403,521471,-97.18668431360337
42,5404,521581,-104.72400002082502
42,5405,521677,-139.70309914428285
42,5406,521772,-190.0747242008689
42,5407,521839,-39.625973278924064
42,5408,521923,-110.28932193847815
42,5409,522007,-131.62152467452069
42,5410,522127,-152.05968504495948
42,5411,522201,-118.36460710555865
42,5412,522316,-142.10607572399533
42,5413,522403,-8.353970470396348
42,5414,522496,-107.65307855865525
42,5415,522605,-124.55400309604842
42,5416,522681,-121.95658839595824
42,5417,522746,-65.53120522440437
42,5418,522821,-199.2160807907564
42,5419,522938,-180.11929551332923
42,5420,523046,-92.07275718887067
42,5421,523103,-110.68610816872793
42,5422,523183,-148.50775293464594
42,5423,523253,-145.41251666858312
42,5424,523321,-271.65626085379347
42,5425,523399,-123.81919426325257
42,5426,523493,-326.95846916233336
42,5427,523608,-172.2053607895491
42,5428,523701,-113.85652077565291
42,5429,523791,-166.6703085854956
42,5430,523861,-86.78127545544653
42,5431,523951,-103.46675337866843
42,5432,524029,-151.6131547131023
42,5433,524105,-81.15876724050568
42,5434,524200,-353.9959169917841
42,5435,524297,-134.2582677503031
42,5436,524376,-104.71662394246735
42,5437,524457,-160.3528887316678
42,5438,524539,-2.1106898034052506
42,5439,524624,-323.4454233944666
42,5440,524731,-20.865888604771726
42,5441,524826,-106.76799047328122
42,5442,524920,-281.35091132155605
42,5443,524983,-123.97960902277732
42,5444,525044,-116.71919200338782
42,5445,525104,-110.91830271687215
42,5446,525223,-208.11376444021315
42,5447,525300,-110.74897646288548
42,5448,525372,-196.19101271344
42,5449,525472,-20.90612889963083
42,5450,525563,-292.2648528297682
42,5451,525629,-86.28058130287394
42,5452,525770,-315.2599263724595
42,5453,525841,-88.99607885210477
42,5454,525955,-114.92210926001458
42,5455,526055,-409.4107611827527
42,5456,526159,-386.0366577664819
42,5457,526258,-291.1989950477794
42,5458,526378,-267.11607540842135
42,5459,526521,-621.6913191787843
42,5460,526683,-456.5435271966396
42,5461,526820,-529.6092309743049
42,5462,526964,-482.8352242002047
42,5463,527084,-327.4498638903468
42,5464,527199,-280.01233519745927
42,5465,527296,-493.72508412152445
42,5466,527393,-568.7691077556076
42,5467,527491,-31.543333700386768
42,5468,527600,-373.76025935702245
42,5469,527711,-190.64690673229825
42,5470,527830,-62.54016812842232
42,5471,528010,-93.03117403838452
42,5472,528216,-212.50274066130027
42,5473,528346,-76.4067440108523
42,5474,528549,-176.4544076480771
42,5475,528688,-248.01994725709656
42,5476,528829,-160.7296739798987
42,5477,528952,-48.176277054107885
42,5478,529067,-242.35825472892944
42,5479,529196,-290.87548940736997
42,5480,529458,-335.76901804382055
42,5481,529559,-94.44110768775693
42,5482,529750,-62.25486451545615
42,5483,529902,-209.36110515462155
42,5484,529998,-224.57673181339612
42,5485,530294,-242.87763404417288
42,5486,530411,-47.85589848319604
42,5487,530707,-387.0404990671613
42,5488,530903,-169.80588020076686
42,5489,531152,-405.70318376243966
42,5490,531389,-682.1436124659729
42,5491,531757,-469.5575217484956
42,5492,531858,-16.851854999810257
42,5493,532069,-227.80158362565834
42,5494,532186,-127.45914781487932
42,5495,532666,-103.2709759242231
42,5496,532917,-545.0795895202516
42,5497,533380,-321.0219547418631
42,5498,533564,-126.63243355819404
42,5499,533815,-811.6133846208252
42,5500,533971,-86.49172231918342
42,5501,534319,-331.19339161772575
42,5502,534576,-316.6147885801963
42,5503,534686,-150.17636816245067
42,5504,534794,-216.12051204221132
42,5505,534942,-210.55202159974948
42,5506,535102,-263.0013734048883
42,5507,535216,-227.43720484538903
42,5508,535738,-385.2567292340258
42,5509,535980,-385.17784128507043
42,5510,536256,-234.67763992269275
42,5511,536681,-342.95611465143406
42,5512,536851,-48.17395130213302
42,5513,536959,-169.4996838030063
42,5514,537115,-28.03748803180207
42,5515,537210,-62.23470563102819
42,5516,537334,-156.51684131884122
42,5517,537453,-126.59423042558936
42,5518,537651,-244.5931515781186
42,5519,537772,-63.09904149501324
42,5520,537897,-140.50314337882435
42,5521,537988,-95.75678830868654
42,5522,538147,-103.99884263548681
42,5523,538438,-371.6083564319964
42,5524,538674,-310.12888784371046
42,5525,538945,-336.2241299931957
42,5526,539154,-95.59368175051286
42,5527,539421,-140.65177353628204
42,5528,539549,-138.19512749561062
42,5529,539687,-31.376444435413077
42,5530,539809,-199.83110211859096
42,5531,539926,-39.528049239937836
42,5532,540084,-438.31541794202116
42,5533,540215,-248.56472927234233
42,5534,540497,-125.30643841713251
42,5535,540683,-194.69551288554092
42,5536,541547,-1150.0344340553727
42,5537,541750,-257.5330317915616
42,5538,542105,-299.2680804589032
42,5539,542224,-311.07462624723826
42,5540,542447,-209.6714279580426
42,5541,542649,-60.19715993359444
42,5542,542900,-312.0176755458966
42,5543,543024,11.703417564979631
42,5544,543246,-280.3311920025498
42,5545,543492,-171.23897120896729
42,5546,543605,-159.8496234264495
42,5547,543706,-121.97918794159001
42,5548,543804,-17.953188415963893
42,5549,543902,-41.84675256980287
42,5550,544005,-259.41465619005123
42,5551,544138,-268.6025519537528
42,5552,544251,-153.02195060936833
42,5553,544359,-44.63286887491332
42,5554,544441,-251.58136200726912
42,5555,544543,-356.72709694857616
42,5556,544685,-311.5901961524542
42,5557,544938,-365.97427998456095
42,5558,545014,-126.89413442180917
42,5559,545229,-195.98952890534844
42,5560,545479,-68.94039000068626
42,5561,545584,-174.49808494114023
42,5562,546168,-271.69525974813206
42,5563,546277,-87.39928823518613
42,5564,546405,-73.10532692977057
42,5565,546560,-57.317023278755286
42,5566,546677,-94.785923258415
42,5567,546890,-185.01517136152063
42,5568,546968,-71.30219833169916
42,5569,547138,-237.42604456228696
42,5570,547252,-102.19162975740136
42,5571,547354,-189.35544871705372
42,5572,547603,-246.71058880505757
42,5573,547781,-279.3337539026118
42,5574,548049,-441.9687908251242
42,5575,548340,-486.15932647137475
42,5576,548530,-156.58192863462818
42,5577,549042,-447.54618541699637
42,5578,549211,-159.28540203764828
42,5579,549364,-191.10375625995556
42,5580,549519,-156.29337950228273
42,5581,549892,-249.62121786412146
42,5582,550056,-305.545975893471
42,5583,550284,-350.6377778985111
42,5584,550600,-173.16196935309256
42,5585,550818,-173.1441100726479
42,5586,551155,-206.87563756837235
42,5587,551298,-95.78733935330541
42,5588,552298,-19.68512303825279
42,5589,552405,-217.2102634456769
42,5590,552527,-207.003490837017
42,5591,552639,-65.17974431696544
42,5592,552787,-210.80238587866936
42,5593,552879,-116.1117003681938
42,5594,553064,-67.4547432034599
42,5595,553251,-51.773599395414536
42,5596,553517,-173.26394438982365
42,5597,553636,-149.3494497760521
42,5598,553861,-246.76865691252024
42,5599,553953,-211.06515753233936
42,5600,554381,-279.39832888951514
42,5601,555110,-273.6425377741257
42,5602,555282,-258.7083041586419
42,5603,555439,-177.76227506845356
42,5604,555665,-266.9688705806867
42,5605,555802,-250.24303142605507
42,5606,555919,-178.0404827889421
42,5607,556163,-369.17356016480034
42,5608,556413,-131.71683201831146
42,5609,556511,-52.6260125494034
42,5610,556849,-370.8298585682678
42,5611,556959,-73.86896940238347
42,5612,557076,-108.36720734848343
42,5613,557176,-156.52353319034563
42,5614,557419,-152.21918829371617
42,5615,557631,-119.08059242036174
42,5616,557724,-86.36748673740682
42,5617,558179,-498.55265180363995
42,5618,558607,-250.51477973718585
42,5619,558762,-220.64795136319339
42,5620,558997,-101.75148779645886
42,5621,559258,-387.4854398467773
42,5622,559362,-213.57455231025426
42,5623,559505,-85.03579548957808
42,5624,559753,-61.30794674330654
42,5625,559986,-148.01935505553254
42,5626,560986,-92.53675717455546
42,5627,561074,-160.79379284800717
42,5628,561173,-192.66047479729215
42,5629,561567,-280.50333700599845
42,5630,561674,-88.95523310339826
42,5631,561805,-243.99496305026562
42,5632,561964,-103.43020128716121
42,5633,562057,-181.09835597306162
42,5634,562234,-252.23768951969166
42,5635,562414,-34.296115705785866
42,5636,562585,-130.51098383860605
42,5637,562716,-169.9581110213325
42,5638,562863,-207.6828515048025
42,5639,563569,-492.018667278587
42,5640,563776,-313.7798178528027
42,5641,563943,-199.82685154597522
42,5642,564054,-135.21590150375505
42,5643,564658,-253.20464879253413
42,5644,564940,-438.9205504979256
42,5645,565096,-291.7684862672238
42,5646,565515,-422.16009911092704
42,5647,565640,-164.00291201909124
42,5648,565835,-123.60765525102198
42,5649,565941,-53.816757896961946
42,5650,566066,-30.206169924936916
42,5651,566170,-166.10709616570927
42,5652,566309,-17.803987455105855
42,5653,566423,-77.3581777238287
42,5654,566760,-235.94134154583966
42,5655,566910,-100.85072437761399
42,5656,567134,-166.5003353463472
42,5657,567460,-229.46031867071804
42,5658,567984,-170.457882920749
42,5659,568139,-165.74611932847967
42,5660,568444,-273.8457970084574
42,5661,568628,-36.456953658557055
42,5662,568890,-290.743679752801
42,5663,569273,-116.8055462669027
42,5664,569401,-169.4069626873822
42,5665,569516,-142.66778692422747
42,5666,569615,-156.38501206219553
42,5667,569737,-255.58434849468932
42,5668,570010,-471.4797992738005
42,5669,570119,-138.52713005352894
42,5670,570323,-436.2650071004888
42,5671,570420,-189.8555994864986
42,5672,570600,-174.53954487470858
42,5673,570711,-278.4609188347698
42,5674,570853,-253.2136687561911
42,5675,570948,-254.37473188261376
42,5676,571072,-282.81899918022634
42,5677,571290,-217.05911572731443
42,5678,571784,-400.82064945103946
42,5679,572463,-231.94940316591672
42,5680,572781,-254.41961134331277
42,5681,572928,-125.22887991245092
42,5682,573238,-412.2696254652722
42,5683,573479,2.075195357710683
42,5684,573690,-213.49884404772604
42,5685,573929,-111.63101091099195
42,5686,574360,-212.05467680393718
42,5687,575360,-15.760899077010391
42,5688,575468,-87.26579979554445
42,5689,575647,-214.90231797801056
42,5690,576013,-421.0478540243626
42,5691,576269,-288.39175676517925
42,5692,576415,-18.496831285280535
42,5693,576593,-58.102383577018635
42,5694,576751,-190.2354483515362
42,5695,576891,-145.65856541300965
42,5696,577011,-175.02658426755278
42,5697,577133,-226.12389405500255
42,5698,577770,-284.1866199097612
42,5699,577952,-86.1864658948867
42,5700,578082,-180.79735421306432
42,5701,578372,-228.48607518702724
42,5702,578722,-363.903771281853
42,5703,579140,-87.14499354574139
42,5704,579252,-111.15379792559835
42,5705,579415,-109.37504569327064
42,5706,579702,-257.13322084674144
42,5707,579987,-289.2771499515535
42,5708,580111,-200.0380674916036
42,5709,580413,-174.66172788474552
42,5710,580508,-141.7179321061376
42,5711,580621,-175.63583484831662
42,5712,580774,-223.3592060564486
42,5713,580909,-142.14137696537378
42,5714,581038,-214.62269081072338
42,5715,581238,-186.3760637451743
42,5716,581661,-177.74013810478363
42,5717,581880,-246.09016350035844
42,5718,582469,-182.25190429414639
42,5719,582588,-93.9196132610222
42,5720,582768,-108.85570393586002
42,5721,582907,-166.96660387682294
42,5722,583453,-42.37099106184
42,5723,583810,-214.26466543504682
42,5724,583983,-138.5928379971151
42,5725,584170,-68.6661986808511
42,5726,584577,-157.6546043125852
42,5727,585247,-260.735614495161
42,5728,585462,-180.62167596770252
42,5729,586047,-452.0352697257844
42,5730,586209,-173.37766379245198
42,5731,586393,-195.05294212669935
42,5732,586518,-242.98744179849072
42,5733,586619,-218.5787255435045
42,5734,586866,-202.86906095403128
42,5735,587171,-178.63848324983132
42,5736,587575,-257.44203037064926
42,5737,587666,-142.52604776042813
42,5738,588147,-335.9328284533823
42,5739,588264,-239.2027123023676
42,5740,588579,-344.17976361933665
42,5741,588750,-223.68771255812658
42,5742,589310,-255.03326981583814
42,5743,589453,-289.9279894087296
42,5744,589747,-231.7737180434728
42,5745,589892,-137.3839199275217
42,5746,589983,-45.06290489928886
42,5747,590162,8.804578378864164
42,5748,590338,-86.67571938423282
42,5749,590458,-86.63398457061592
42,5750,590597,-121.57191038488492
42,5751,590771,-115.08285391584809
42,5752,590918,-65.16133124647808
42,5753,591223,-157.1169107690365
42,5754,591412,-187.01678878672172
42,5755,591740,-353.1443240173965
42,5756,591881,-129.59227814593035
42,5757,592134,-325.6879255195517
42,5758,592254,-51.0272695021941
42,5759,592450,-162.4207465003853
42,5760,592559,-139.18243954068987
42,5761,592827,-343.1503573126016
42,5762,593336,-453.9795330768715
42,5763,593442,-155.36531094621776
42,5764,593599,-118.1562071447682
42,5765,593705,-97.59391815249946
42,5766,594077,-649.6186495945877
42,5767,594180,-180.25233219701153
42,5768,594343,-217.09354765124283
42,5769,594873,-816.0304266057501
42,5770,595005,-134.58379790840786
42,5771,595336,-501.8782456780628
42,5772,595565,-243.4142283181444
42,5773,595900,-276.1019864153302
42,5774,596315,-157.23703480463837
42,5775,596780,-264.5661241197056
42,5776,597110,-237.97117385385258
42,5777,597219,-171.02551146789165
42,5778,597343,-224.30169508680774
42,5779,597985,-112.42577433567688
42,5780,598283,-71.3361766304385
42,5781,598464,-18.795788873560014
42,5782,598911,-132.15221245240517
42,5783,599143,-123.59259605197136
42,5784,599493,-404.021662754548
42,5785,599914,-112.69015229083372
42,5786,600186,-208.021210563335
42,5787,600535,-168.76339969793426
42,5788,600643,-190.16467540031755
42,5789,600848,-107.08582616403102
42,5790,601026,-256.90896778353346
42,5791,601674,-140.78300833545978
42,5792,602674,-717.2727328392752
42,5793,603368,-524.6308982315138
42,5794,603933,-908.750116505335
42,5795,604249,-371.08756947708366
42,5796,604737,-118.03394973228734
42,5797,604886,-147.69451736107104
42,5798,605330,-264.68909730117025
42,5799,605521,-146.51377607116126
42,5800,605619,-54.14462381361897
42,5801,605936,-334.3012391390347
42,5802,606328,-375.90164748384325
42,5803,606613,-164.8531586147649
42,5804,606738,-186.23955026682825
42,5805,606903,-30.39551358098754
42,5806,607087,-59.349715688034735
42,5807,607260,-110.89943033335689
42,5808,607390,-98.10621927972176
42,5809,607623,-154.12074501913264
42,5810,607896,-130.4251450654008
42,5811,608015,-201.3492824425087
42,5812,608457,-260.550464426183
42,5813,608622,-68.15924751132768
42,5814,608754,-43.5671603488091
42,5815,608891,-221.916280246373
42,5816,609178,-109.62940298231081
42,5817,609284,-189.6415225196859
42,5818,609965,-369.88912963594845
42,5819,610161,-211.60491961373606
42,5820,610387,-204.52309141135174
42,5821,610670,-107.07306051143257
42,5822,611339,-358.0324526075605
42,5823,611508,-175.93106877870486
42,5824,611805,-195.47247638471504
42,5825,611920,-160.73031366401975
42,5826,612039,-60.539047155849694
42,5827,612420,-156.50964353406275
42,5828,612719,-231.74312125933182
42,5829,612881,-42.32127094482392
42,5830,612998,-276.79801865813783
42,5831,613368,-154.86446989866712
42,5832,613477,-549.2641487240189
42,5833,613796,-167.83289090399484
42,5834,613972,-193.84287684446872
42,5835,614153,-130.42747545815126
42,5836,614586,-308.5938733750353
42,5837,614872,-269.11464341275985
42,5838,615217,-204.20912892460427
42,5839,615586,-268.9733835514341
42,5840,615834,-278.8436788867267
42,5841,616023,-80.70151375696192
42,5842,616135,-152.97644143832423
42,5843,616344,-231.58873401733547
42,5844,616747,-68.3405664293769
42,5845,616954,-109.7593348179345
42,5846,617124,-116.0523037413402
42,5847,617306,-83.66160947841419
42,5848,617565,-277.46147952804733
42,5849,617881,-214.83686521378308
42,5850,618001,-77.38152883674574
42,5851,618207,-267.3726637425791
42,5852,618490,-77.81808753741187
42,5853,618860,-285.87827629821953
42,5854,619168,-408.3091404422243
42,5855,619312,-140.77208955392567
42,5856,619437,-112.91191652370084
42,5857,619689,50.84970656264875
42,5858,620062,-407.31714417899525
42,5859,620179,-241.1201994806759
42,5860,620390,-192.26329800567092
42,5861,620507,-67.863597596979
42,5862,620701,-183.9644810522887
42,5863,621701,-376.20953327121435
42,5864,622011,-168.26232440098545
42,5865,622313,-219.72339379645868
42,5866,623313,-103.32934119440841
42,5867,623424,-103.69361869921372
42,5868,623701,-123.18927404898434
42,5869,623829,-23.390881702154502
42,5870,624145,-71.1030683775404
42,5871,624330,-155.6082476603057
42,5872,624427,-191.3663176397854
42,5873,624552,-5.63752104217879
42,5874,625029,-320.3041725790615
42,5875,625428,-119.76429776759845
42,5876,625675,-22.83773615051571
42,5877,625995,-259.91316321757824
42,5878,626816,-181.8520759820337
42,5879,626930,-180.7020414109498
42,5880,627264,-179.09716332936853
42,5881,627590,-331.1946424294948
42,5882,627696,-63.72853516082181
42,5883,627805,-184.05625917917777
42,5884,628077,-244.72066280745537
42,5885,628214,-244.39800655385883
42,5886,628408,-87.10419488156569
42,5887,628490,-154.7857868092616
42,5888,628690,-176.88058381026738
42,5889,628837,10.579022215808521
42,5890,629135,-141.11593314083544
42,5891,629964,-60.71474054521879
42,5892,630305,-274.9630001389295
42,5893,630447,-171.49097118680848
42,5894,630626,-28.960949314010904
42,5895,630730,-205.5638640708082
42,5896,630932,-160.75942742314612
42,5897,631186,-255.12706012671387
42,5898,631454,-136.85571591289965
42,5899,631919,-271.5684882359602
42,5900,632652,-424.87982340242974
42,5901,633523,-434.61627342047353
42,5902,634243,-900.2536956007824
42,5903,635243,-88.54330895091965
42,5904,636047,-88.07530273381333
42,5905,636148,-202.96707959573297
42,5906,636257,-107.1121849162616
42,5907,636403,-4.4735363376723996
42,5908,636927,-185.9993358152778
42,5909,637529,-755.3612171316331
42,5910,637934,-285.04807297300596
42,5911,638676,-333.886159550255
42,5912,638780,-158.40300105969283
42,5913,639042,-12.716157953424855
42,5914,639118,-24.13967538684342
42,5915,639300,-171.03753104743467
42,5916,639420,-127.55145029871849
42,5917,639623,-77.97049575363116
42,5918,640006,-124.2801175320993
42,5919,640142,-134.19785394220025
42,5920,640514,-113.9547455537464
42,5921,641009,-297.19342909755505
42,5922,641165,-43.532132484798744
42,5923,641381,-132.54063905353837
42,5924,642077,-222.72392126216977
42,5925,642363,-59.792560417809156
42,5926,642837,-120.78851195631051
42,5927,643269,-189.51005148287314
42,5928,643522,-82.60837613544581
42,5929,643694,-212.77865121218053
42,5930,643805,-188.5296064751007
42,5931,644004,8.827631538087715
42,5932,644197,-102.86340010094015
42,5933,644366,-237.79185158945208
42,5934,644488,-172.993916122964
42,5935,645047,-175.1958031203271
42,5936,645710,-1080.7356366386193
42,5937,645829,-206.46941503400086
42,5938,645925,-153.008774185324
42,5939,646860,-1447.0955349254284
42,5940,647860,-1263.0151972332185
42,5941,648330,-461.09772471016845
42,5942,649033,-231.91239833264655
42,5943,650023,-354.8115541442263
42,5944,650916,-279.99354534457996
42,5945,651041,-81.29964797607734
42,5946,651552,-201.7643010775262
42,5947,651710,-257.55843295462626
42,5948,651839,-36.05676701528749
42,5949,652205,-473.12399120794663
42,5950,652313,-125.71362071754302
42,5951,652656,-143.11145614249884
42,5952,652866,-187.2474000756235
42,5953,653866,-57.92984417718942
42,5954,654161,-37.62396181152148
42,5955,654468,-156.27609475531403
42,5956,654772,-150.98066598313235
42,5957,655772,-66.3975367276759
42,5958,656152,-192.6567356673491
42,5959,656245,-138.3918201091414
42,5960,657038,-238.76542532359377
42,5961,658038,-668.1571499714153
42,5962,659038,-374.6304911518298
42,5963,660038,-129.9629729586279
42,5964,660740,-278.10626952615803
42,5965,660954,-191.75866753746214
42,5966,661410,-164.74434216181749
42,5967,661827,-195.9845062766957
42,5968,661937,-181.784828857642
42,5969,662544,-212.532659826297
42,5970,662688,-29.9210826293089
42,5971,662879,-192.14294564639215
42,5972,663042,-161.20228911844924
42,5973,663232,-92.33581001032273
42,5974,663729,-37.51828331980559
42,5975,664227,-192.2984086591847
42,5976,664364,-236.123472021409
42,5977,664726,-274.01644395129074
42,5978,664846,16.046913590210863
42,5979,664989,-63.98053535860328
42,5980,665105,-32.50904911151372
42,5981,665279,-88.87543885920239
42,5982,665960,-252.221184914983
42,5983,666477,-196.21088961275808
42,5984,667477,-125.18775500494367
42,5985,667697,-97.94904293469942
42,5986,668030,-27.65295966431127
42,5987,668129,-161.30622022085024
42,5988,668710,-519.0307201811761
42,5989,669306,-672.0257948850326
42,5990,669528,-183.7169501792178
42,5991,669634,-190.40841535243356
42,5992,669726,-155.9142955891901
42,5993,669891,-187.08077707469525
42,5994,670185,-236.9362961690347
42,5995,670363,-261.13931299913065
42,5996,670484,-157.15013811347225
42,5997,670594,-130.8620983080639
42,5998,670686,12.229052990500989
42,5999,670833,2.250660079644632
42,6000,671003,-196.97078326701117
42,6001,671245,-151.78009532765557
42,6002,671815,-74.68578065039605
42,6003,671959,-141.58789515977526
42,6004,672959,-74.77314761750446
42,6005,673056,-140.24772639596668
42,6006,673231,-107.75778077686599
42,6007,673453,-217.2010094651891
42,6008,673733,-164.8260573745151
42,6009,673906,-66.66105608103092
42,6010,674833,-491.64618368399994
42,6011,675833,-49.966223596206355
42,6012,676097,2.4999094541297637
42,6013,676370,-253.63774281898472
42,6014,676633,-291.7883536645803
42,6015,677413,-408.1510643614696
42,6016,678413,-242.74134042809982
42,6017,678539,-169.77659755890465
42,6018,678670,-147.40089656830398
42,6019,678986,-84.60890789261245
42,6020,679986,27.5180425195147
42,6021,680347,-79.14702361723943
42,6022,680577,-190.0234342611041
42,6023,680710,-177.21211863128246
42,6024,680823,-113.50635185273364
42,6025,680919,-36.90958814466123
42,6026,681037,-267.5851867417434
42,6027,681170,-195.40657336239582
42,6028,681460,-120.0588653000421
42,6029,681658,-91.87864217758924
42,6030,681988,-237.09706681589637
42,6031,682124,-209.98517209746973
42,6032,682482,-427.0987605282034
42,6033,683368,-578.1543026616014
42,6034,683921,-264.0045278869195
42,6035,684030,-166.39926457133348
42,6036,684817,-156.6915741190183
42,6037,685346,-196.1080951223852
42,6038,686188,-308.7070571822046
42,6039,686410,-73.45225759435083
42,6040,686725,-109.90359718458267
42,6041,686946,-120.44357785919956
42,6042,687131,-125.20647963937495
42,6043,687374,-120.88418595492807
42,6044,687480,-10.38232485530827
42,6045,687760,-41.51759917378144
42,6046,688081,-158.74516844952055
42,6047,689066,-549.3778374981471
42,6048,689882,-401.6283264508696
42,6049,689996,-71.03241309148584
42,6050,690996,-267.1845760701691
42,6051,691203,-104.78811677670664
42,6052,692203,-919.5430589859853
42,6053,692559,-135.15532607897993
42,6054,693559,-461.85499882843493
42,6055,693686,-155.97343486151286
42,6056,694686,-437.38781330809167
42,6057,695111,-215.80371620766078
42,6058,696111,-760.6017694309263
42,6059,696355,20.719295744945754
42,6060,696483,-78.80576990730536
42,6061,696699,-79.39024613594303
42,6062,696858,-134.73959504064524
42,6063,697009,-158.90262626189588
42,6064,697208,-115.80382329030101
42,6065,697521,-173.66428530555794
42,6066,697812,-82.9522229849612
42,6067,698092,-211.95408013564148
42,6068,698846,-422.5249126973361
42,6069,699192,-118.2675432289852
42,6070,699768,-228.17625524144066
42,6071,699866,-142.27626070961014
42,6072,699995,-72.06882742915188
42,6073,700194,-132.80175118359307
42,6074,700306,-127.25589906187284
42,6075,700618,-286.7467441846479
42,6076,700726,-199.20349106385032
42,6077,701380,-193.60100416490968
42,6078,701488,16.767716664518275
42,6079,702488,-130.53836301474172
42,6080,703488,-517.5907442181399
42,6081,703595,-159.68508658888976
42,6082,704595,-488.8896262029102
42,6083,704847,-192.86725749892548
42,6084,705114,-155.2987479299865
42,6085,705249,-139.6371572379022
42,6086,705688,-170.64234343774547
42,6087,706150,-166.50053134935843
42,6088,706258,-119.61368035420769
42,6089,706500,-321.1342935724905
42,6090,706618,-154.62736678526753
42,6091,706857,-230.0367452484078
42,6092,707029,-127.08952883473718
42,6093,707156,-149.55929677133088
42,6094,707289,-176.7483751712528
42,6095,707706,-114.92368948816012
42,6096,708106,-20.884891257031057
42,6097,708204,-125.70600971999488
42,6098,708409,-61.370623250068526
42,6099,708512,-56.98716018770435
42,6100,708978,-313.6567029886945
42,6101,709111,-158.3279003489335
42,6102,709339,-214.63048771093412
42,6103,710022,-249.02972491471567
42,6104,710139,-78.95141590368752
42,6105,710887,-294.24825821567697
42,6106,711060,-7.991222619145475
42,6107,711175,-137.5933342223251
42,6108,711387,-86.66274869152134
42,6109,711728,-358.8684422057082
42,6110,711851,-206.5471393127126
42,6111,712008,-132.182082738921
42,6112,712421,-367.86634085721255
42,6113,712627,-112.00406715098696
42,6114,713067,-199.32971619423563
42,6115,713211,-91.66860480693315
42,6116,713335,-175.9960385642603
42,6117,713764,-264.18150092295775
42,6118,714688,-364.9850169986507
42,6119,714923,-186.87447260053378
42,6120,715118,-62.76705423808476
42,6121,715253,-207.35682434367732
42,6122,716253,-672.0146056589446
42,6123,716553,-121.31240081850834
42,6124,716881,-85.12618662720327
42,6125,717479,-557.5105436785021
42,6126,718479,-923.1352201380608
42,6127,719479,-547.4439278396445
42,6128,720479,-568.4017720309229
42,6129,721479,-515.427946190555
42,6130,722238,-233.58232527821613
42,6131,723238,-24.800532966924195
42,6132,723361,-34.521688291409816
42,6133,723470,-162.06797613595265
42,6134,723731,1.1018549407673106
42,6135,723826,-138.599727507573
42,6136,724015,-81.2497325744882
42,6137,724137,-92.26634314098818
42,6138,724364,-175.37629624973374
42,6139,724481,-48.605425151084056
42,6140,724674,-28.28329026273002
42,6141,725008,-22.99580596406433
42,6142,725367,-259.8214082699574
42,6143,725522,-110.327321236433
42,6144,725644,-59.188546516514236
42,6145,725780,-49.695800271871775
42,6146,725915,-95.26805847798096
42,6147,726094,-147.88648081241575
42,6148,726640,-68.2983554265107
42,6149,727163,-217.19241882547897
42,6150,727481,-183.09801957961417
42,6151,728017,-278.1792449050323
42,6152,728244,-208.7084804828885
42,6153,728736,-429.91651503293775
42,6154,729412,-664.4908292671493
42,6155,729779,-258.90449497663826
42,6156,729930,-72.6244115510327
42,6157,730163,-200.54013889808678
42,6158,731163,-407.81444025312686
42,6159,731372,-82.72784173852557
42,6160,731830,-16.272778372347148
42,6161,731960,-172.1064696815686
42,6162,732354,-437.65171493742196
42,6163,732476,-73.00233240109844
42,6164,732589,-37.935367271627904
42,6165,732862,-138.7612159222973
42,6166,733012,-242.10394478953157
42,6167,733201,-58.95245920050021
42,6168,733307,-64.51483994721201
42,6169,733414,-66.03061169179645
42,6170,733919,-257.8643174124759
42,6171,734271,-256.74407070292796
42,6172,734754,-245.41370809745982
42,6173,734872,-146.32750151899998
42,6174,735254,11.619873575460645
42,6175,735701,-204.18931500457484
42,6176,735841,-110.98905296800496
42,6177,735947,-157.58838618549595
42,6178,736695,-267.0011839062921
42,6179,737695,-235.4810932320634
42,6180,738158,-168.19370382929932
42,6181,738405,-234.78793146971262
42,6182,739405,-148.10735600758784
42,6183,739894,-255.1729730313452
42,6184,740131,-70.2748021813059
42,6185,740338,-149.9570967577392
42,6186,740614,-71.6309504005716
42,6187,740814,-245.5784859910058
42,6188,741434,-465.81953972303756
42,6189,741659,-74.85890793051063
42,6190,741759,-15.737104214275277
42,6191,742043,-158.05683691121635
42,6192,742298,-156.79412553888358
42,6193,742713,-192.55020684079796
42,6194,742859,-65.2712791691087
42,6195,743113,-219.57267096284792
42,6196,743226,-95.58437452984853
42,6197,743650,-163.32026569677328
42,6198,743773,-171.02180225904553
42,6199,743908,-178.06745179446327
42,6200,744083,-213.85547370838339
42,6201,744259,4.140623535924178
42,6202,744392,-17.13060009480502
42,6203,744563,-159.08991439071482
42,6204,744794,-49.02554602770364
42,6205,745794,-95.96821455699184
42,6206,746296,-202.7145811260903
42,6207,747296,-377.3370072089535
42,6208,748051,-379.40025173102975
42,6209,748603,-310.20105114433846
42,6210,748735,-198.00570850692395
42,6211,749735,-636.071530175873
42,6212,749867,-135.41558894233992
42,6213,750303,-4.435829626425672
42,6214,751020,-247.69604049341578
42,6215,752020,-115.17067431164246
42,6216,752249,-58.78290541433098
42,6217,752535,-153.55703371008394
42,6218,752633,-50.8335544663316
42,6219,753296,-113.50584306432916
42,6220,753547,-160.61771546377156
42,6221,753907,-117.13966047025336
42,6222,754246,-271.4300373891414
42,6223,754419,-146.0034186712756
42,6224,754805,-260.2438745753954
42,6225,754925,-39.06547685819326
42,6226,755569,-299.77708258079264
42,6227,755686,-44.46441760871721
42,6228,755813,-153.6748111731422
42,6229,755933,-81.40243569418601
42,6230,756933,19.884543937974367
42,6231,757258,-125.91536715486326
42,6232,757381,-143.99564687887437
42,6233,757922,-275.4920305261617
42,6234,758273,-80.06059900362861
42,6235,758580,-248.4019166095058
42,6236,759099,-115.91343751241297
42,6237,759869,-326.33336137765673
42,6238,760134,-45.295127709822964
42,6239,760430,-250.32344047025424
42,6240,760635,-140.04656388735145
42,6241,761635,-448.4092243890378
42,6242,762233,-147.14390714336372
42,6243,762475,-89.09997255506373
42,6244,762718,-43.479529510036315
42,6245,763194,-285.786321623606
42,6246,763558,-99.53426554049196
42,6247,763909,-274.2691667192795
42,6248,764320,-89.64160266398305
42,6249,764797,-203.06946942563877
42,6250,765438,-311.57511909792
42,6251,765582,-92.86272324382595
42,6252,766067,-117.28407206342726
42,6253,766319,-62.73838162576715
42,6254,766922,-150.69796232581095
42,6255,767922,-32.52018291614121
42,6256,768085,-70.54461353963573
42,6257,768442,-183.1473446322031
42,6258,768769,-119.56288000926924
42,6259,769769,-31.190921916591538
42,6260,770012,-136.1352320833101
42,6261,770138,-178.72340785157442
42,6262,770522,-429.78877536379736
42,6263,770670,-10.28796326415653
42,6264,770823,-130.9092023625281
42,6265,771056,-248.20327328974344
42,6266,771351,-169.59142389856345
42,6267,771442,-219.5519012501896
42,6268,771548,-61.41787113397882
42,6269,771640,-63.75702127613952
42,6270,771724,-211.99149440273825
42,6271,771827,-144.90398830160228
42,6272,772279,-256.4397858109036
42,6273,772505,-30.48944436743244
42,6274,773362,-543.2064465839333
42,6275,774360,-198.1644961382268
42,6276,774978,-207.60445172046013
42,6277,775978,-63.64328431252039
42,6278,776978,-389.6793855157977
42,6279,777068,-100.5764972518328
42,6280,777239,-20.11336647185385
42,6281,777609,-293.811418860809
42,6282,778020,-120.84360080199349
42,6283,778232,-69.95514342499916
42,6284,778881,-509.6175995485659
42,6285,778981,-139.36673502193364
42,6286,779769,-159.4639975671998
42,6287,780769,-379.39743325762873
42,6288,780884,-0.6984188849853297
42,6289,781145,-17.90345090137781
42,6290,781292,-191.43886855308267
42,6291,781487,-200.30114606274515
42,6292,781603,-136.83328718164034
42,6293,782049,-183.4212321227885
42,6294,782523,-37.88683168986219
42,6295,782897,-91.82909923061469
42,6296,783088,-127.0247912828976
42,6297,783282,-149.4752558793872
42,6298,783535,-66.56578775965917
42,6299,783757,-100.77212400905721
42,6300,784124,-41.64221975165389
42,6301,784769,-297.44526863375404
42,6302,785181,-152.5860914646568
42,6303,785353,-22.814999693776457
42,6304,785726,-101.29253777511323
42,6305,786019,-8.101230620027636
42,6306,786189,-199.9619963644035
42,6307,786488,-23.94089505482677
42,6308,787183,-406.8994791859182
42,6309,787422,-41.274681105235814
42,6310,788061,-112.02066942327642
42,6311,788221,-91.21764382483745
42,6312,788734,-340.7219653149534
42,6313,789734,-346.0378124242028
42,6314,790734,-249.8919614348565
42,6315,791734,-232.4077182327248
42,6316,792734,-23.920758558865018
42,6317,793481,-65.15637879086098
42,6318,793579,-155.68793417123783
42,6319,794095,-95.91643540257925
42,6320,794344,-239.7584416980674
42,6321,794571,-73.79446106497024
42,6322,795006,-110.27378637979535
42,6323,795168,-347.6005186626405
42,6324,795406,-143.91624708186157
42,6325,795711,-74.1009693238328
42,6326,795816,-42.58671174368448
42,6327,795956,-115.58521150793659
42,6328,796204,-221.51752760551972
42,6329,796520,-220.91847442291743
42,6330,796639,-17.363065250933943
42,6331,796809,-126.86948377304572
42,6332,797090,-57.869663875809756
42,6333,797381,-207.7019100793885
42,6334,797595,-161.52487821990718
42,6335,797869,-221.83775447557937
42,6336,798545,-87.97141368342045
42,6337,798790,-57.839882528918366
42,6338,799790,-265.5512012664528
42,6339,800131,-181.7288756582254
42,6340,801046,-400.5360975810113
42,6341,802046,-545.9799555188871
42,6342,802179,-36.16626004608278
42,6343,803179,-186.9435191724993
42,6344,803743,-214.67036895289505
42,6345,803865,-134.25809649371496
42,6346,804865,-585.0237210020548
42,6347,805865,-158.89719856908852
42,6348,806502,-174.93341284159996
42,6349,806703,-62.061302440714904
42,6350,807643,-557.4835535360784
42,6351,808643,-526.5386041517414
42,6352,808933,-141.99410476574488
42,6353,809352,-177.43798161533522
42,6354,809565,-150.39625039966376
42,6355,810013,-116.1202862488706
42,6356,810433,-256.5827421119208
42,6357,810531,-136.73775609922103
42,6358,810636,-74.55489337542602
42,6359,810814,-245.02758486451071
42,6360,810978,-20.749514199380314
42,6361,811497,-188.69080737293183
42,6362,811616,-132.7164870010842
42,6363,812137,-227.33898220907508
42,6364,812333,-57.33220688944782
42,6365,812512,-16.782258433424417
42,6366,812943,-260.0017188698561
42,6367,813364,-72.39143617924071
42,6368,813471,-142.33452415194648
42,6369,813584,-1.5072319941265704
42,6370,814584,-260.25254369731715
42,6371,815584,-331.91952935820257
42,6372,816584,-486.01875354312335
42,6373,817584,-360.7264050521442
42,6374,818244,-253.4938025963514
42,6375,818346,-123.96362009281198
42,6376,818449,-157.59518377435026
42,6377,818670,-214.5824782075514
42,6378,818959,-137.1513726008873
42,6379,819417,-212.37175483484916
42,6380,820417,-57.721697259282855
42,6381,820613,-274.39453672072057
42,6382,820713,-25.383983075757598
42,6383,820799,-161.14420893894527
42,6384,821051,-151.99704902769082
42,6385,821175,-135.88291398718798
42,6386,821335,-91.06649569331425
42,6387,821468,-124.44702204172906
42,6388,821641,-180.73196259474668
42,6389,822017,-133.18732650559474
42,6390,822156,-16.641126871420482
42,6391,823156,-63.73616639626202
42,6392,823665,-54.94275790902985
42,6393,823911,-6.62768382145849
42,6394,824911,-270.82400864257755
42,6395,825044,-112.97681887207719
42,6396,826044,-396.6831573993436
42,6397,827044,-90.25500616750789
42,6398,828044,-255.9484987672768
42,6399,828171,-125.75707796712047
42,6400,829171,-66.29764459631112
42,6401,830111,-463.5065160961845
42,6402,830257,-197.70920431281112
42,6403,830379,-96.14673636136419
42,6404,830546,-186.81742701893316
42,6405,830703,-126.94241857138313
42,6406,831703,-201.48151896301874
42,6407,832703,-116.56456395719094
42,6408,833703,-390.39788630976915
42,6409,834358,-208.11755783501678
42,6410,835120,-67.56313135667045
42,6411,835288,-77.60524457533195
42,6412,835397,-26.679077279377964
42,6413,835908,-109.91026686024348
42,6414,836254,-93.85573837233656
42,6415,836635,-36.88030803320103
42,6416,837077,-191.25185301700196
42,6417,837424,-207.27776987316605
42,6418,837537,-148.7869860411991
42,6419,837771,-124.4716719323408
42,6420,837904,-171.56441409373332
42,6421,837996,-112.92761669950534
42,6422,838211,-86.90925049708085
42,6423,838305,-133.74891191658713
42,6424,838548,-124.74481336471189
42,6425,838968,-220.6285951508733
42,6426,839161,-130.54178295811766
42,6427,839252,-41.921718535410605
42,6428,840252,-53.02474797621109
42,6429,840668,-133.3202824264402
42,6430,840871,-34.69454120890687
42,6431,841075,-57.71652824149955
42,6432,842075,-358.62698672904133
42,6433,842797,-270.2508873355579
42,6434,842912,-16.05344211003927
42,6435,843039,-84.21032299141947
42,6436,843602,-68.15617782609029
42,6437,844602,-391.151473871966
42,6438,845602,-266.81882144941517
42,6439,846602,-283.59445431858353
42,6440,847602,-297.1490499216369
42,6441,848602,-227.7494124795837
42,6442,849229,-224.33730274078096
42,6443,850078,-172.7224636516999
42,6444,850264,-145.2496942938368
42,6445,850559,-21.09299904535834
42,6446,850809,-73.45898186006238
42,6447,851122,-136.47408639988583
42,6448,851406,-86.73116158655485
42,6449,851805,-44.36372339028618
42,6450,851938,-81.62539044236841
42,6451,852609,-94.35196494395511
42,6452,852713,-112.2878785672822
42,6453,852846,-91.65019209124515
42,6454,853312,-583.4073263032451
42,6455,853986,-468.8245179658171
42,6456,854843,-446.6462540438337
42,6457,855289,-19.702356872905426
42,6458,855487,-204.87507644047193
42,6459,855812,-216.3128982210356
42,6460,856300,-49.958813268998625
42,6461,856380,-77.86136430685845
42,6462,856615,-202.8443707807459
42,6463,857147,-300.7252140555014
42,6464,857414,-118.93791055945928
42,6465,857791,-96.03568380872716
42,6466,858105,-32.30652403930729
42,6467,858738,-123.5564471571636
42,6468,859195,-276.0296221663707
42,6469,859411,-14.101477519570125
42,6470,860411,-97.38355036668213
42,6471,860528,-38.74150379400887
42,6472,860755,-102.36934360027395
42,6473,861022,-182.7878996221435
42,6474,861824,-191.5170867702142
42,6475,862060,-43.12999534794932
42,6476,862480,-292.4362689060363
42,6477,862693,-118.95444284257994
42,6478,863074,-246.9252704781646
42,6479,863762,-258.7002401275802
42,6480,864335,-107.16064210929972
42,6481,865066,-123.62560568944572
42,6482,865432,-208.56742161084313
42,6483,866052,-70.40039818832533
42,6484,867052,-47.17907888865303
42,6485,867237,-286.3979061262854
42,6486,867330,-61.89590151591839
42,6487,868144,-203.954329118372
42,6488,868274,-180.30220443631248
42,6489,869274,-402.8408164616615
42,6490,869397,19.190429628596178
42,6491,870397,-84.31529033288544
42,6492,870795,-223.9210038276109
42,6493,871185,-133.04757169676128
42,6494,871667,-244.44258366411057
42,6495,871967,-38.94781448560323
42,6496,872967,-96.05160748784613
42,6497,873860,-315.5900815666331
42,6498,874370,-190.58785606757422
42,6499,874588,26.593025034943736
42,6500,874673,-95.54815851638331
42,6501,874792,-109.93720425672393
42,6502,875116,-134.3875719525523
42,6503,875310,-87.42163309991692
42,6504,875437,-99.93936302198979
42,6505,876409,-106.1802307942086
42,6506,876618,-18.74873616019694
42,6507,876937,-60.86579232841977
42,6508,877469,-80.21144877786612
42,6509,877595,-126.76410811488006
42,6510,878447,-165.10785678559864
42,6511,878893,-204.525621215091
42,6512,879398,-254.28050207872468
42,6513,879862,-122.38304780279876
42,6514,880862,-330.10294947465394
42,6515,880976,-132.2367547766743
42,6516,881434,-261.2972207814928
42,6517,881566,-187.31015148925022
42,6518,882566,-81.49514613575595
42,6519,883196,-165.34463219274969
42,6520,883658,-250.35910927213692
42,6521,883924,-134.9077788750302
42,6522,884232,-78.71694329345831
42,6523,885182,-188.87252101275436
42,6524,885736,-122.10680991394207
42,6525,885947,-57.874426187466824
42,6526,886185,-72.86850179566403
42,6527,886512,-236.71883364764355
42,6528,886841,-269.12676097730343
42,6529,886941,-64.65355847828069
42,6530,887093,-8.468141957964463
42,6531,887610,-190.08970167532073
42,6532,888494,-505.9385218623607
42,6533,888816,-52.9148334167745
42,6534,889148,-123.98774834774696
42,6535,890092,-268.2248234167413
42,6536,890635,-69.7378431046972
42,6537,891273,-85.44743326216741
42,6538,891372,-97.42946846579095
42,6539,891918,-353.6420421247103
42,6540,892731,-156.94168410542278
42,6541,893731,-342.34991518655823
42,6542,894731,-63.06372845140995
42,6543,894930,-98.0534116244853
42,6544,895617,-173.17846642525518
42,6545,896019,-197.60193889597406
42,6546,896223,-191.0478312931359
42,6547,896339,21.794896526181276
42,6548,896731,-96.94046662032822
42,6549,896967,-27.12984829318559
42,6550,897313,-165.88904600212442
42,6551,897561,-172.7237146358179
42,6552,897694,-144.60079544078337
42,6553,897912,-138.1549051339917
42,6554,898226,-170.59246288862082
42,6555,898489,-23.31588569057051
42,6556,899489,-29.441626708771132
42,6557,899602,-75.16510475361257
42,6558,899776,-30.86332376640435
42,6559,899895,-112.57823428720515
42,6560,899996,-105.30924364531377
42,6561,900996,-85.76707238270592
42,6562,901996,-219.52614966871693
42,6563,902159,-40.00884605100751
42,6564,902461,-170.41697592305513
42,6565,902595,-54.77929580336178
42,6566,902803,-3.613373657961958
42,6567,903803,-442.52839683437077
42,6568,903909,-64.21566311882867
42,6569,904909,-355.7491889276692
42,6570,905909,-472.57249893452354
42,6571,906909,-332.67771209955714
42,6572,907909,-319.27746737713073
42,6573,908241,-23.94921877461495
42,6574,908682,-202.81213248036283
42,6575,908875,-178.25989508389222
42,6576,909057,6.570216839631158
42,6577,909167,-84.93924891385693
42,6578,909408,-89.73614008558779
42,6579,909666,37.59927560069838
42,6580,909834,-8.935293831670933
42,6581,910545,-288.3051954480509
42,6582,911545,-166.03784716411533
42,6583,912545,-30.498251898273924
42,6584,912789,-270.69399137719165
42,6585,913328,-51.77842957705149
42,6586,914328,-256.88633217598806
42,6587,915328,-144.9339276189871
42,6588,915468,-180.02703102262126
42,6589,916468,-47.55609036672677
42,6590,917468,-178.46750862462318
42,6591,917604,-94.47088929701877
42,6592,918076,-71.49821656674644
42,6593,919076,-134.3711519914597
42,6594,920076,-109.13064438166404
42,6595,921076,-121.58671785601979
42,6596,921448,-85.79430454926218
42,6597,922448,-73.37190538723802
42,6598,923448,-171.13493128372252
42,6599,924061,-213.55735937605596
42,6600,925061,-277.01153445273707
42,6601,926061,-317.7178728331614
42,6602,926541,-170.12481694659738
42,6603,927053,-185.99159306018677
42,6604,927167,-121.06509579945686
42,6605,927360,-93.05405154964957
42,6606,927481,-146.1684642333145
42,6607,927637,-125.54459894481835
42,6608,927811,-86.2848022582118
42,6609,928044,-35.979402605899665
42,6610,928279,-101.25999697269735
42,6611,928399,-116.02803811314911
42,6612,928749,-10.68679699629213
42,6613,929040,-180.58402305733506
42,6614,929283,-77.96417478959864
42,6615,929685,-47.613057870187184
42,6616,929867,-75.89492372394983
42,6617,930062,-49.08744473122554
42,6618,930328,-175.37849927141588
42,6619,930691,-186.21087115176672
42,6620,931177,-286.0689474181315
42,6621,931868,-376.27994874731473
42,6622,932150,-137.56191117607364
42,6623,932722,-118.77873948290573
42,6624,932868,-11.235760507732735
42,6625,933713,-156.39942241648225
42,6626,934503,-217.7859996372877
42,6627,935106,-103.3727020893037
42,6628,936106,-139.74893653140205
42,6629,936587,-417.0208449530425
42,6630,937020,-103.71814838008913
42,6631,937407,-37.368985134814004
42,6632,938407,-8.38767803816561
42,6633,938613,-65.36776605698395
42,6634,938713,-33.189061389729986
42,6635,938957,-144.22132447880057
42,6636,939074,-28.94576116919184
42,6637,939183,-91.92586708314244
42,6638,940183,-151.2150768818815
42,6639,940650,-313.4078107908022
42,6640,941650,-205.28490476465618
42,6641,941815,-141.36587018671858
42,6642,942815,-344.34093220974125
42,6643,943815,-211.0576792216725
42,6644,944815,-91.58464028876347
42,6645,944980,-132.47368959327304
42,6646,945142,-48.4844171874161
42,6647,945598,-85.84925861487434
42,6648,945840,-9.79395277141515
42,6649,946030,-59.57204635339126
42,6650,947030,37.07664932643994
42,6651,947804,-240.4344660128476
42,6652,948274,-98.03402981821631
42,6653,948701,10.426454981456203
42,6654,949701,-73.39899349714786
42,6655,950701,30.66379821710226
42,6656,950918,-70.16020532959695
42,6657,951122,-90.51298005128906
42,6658,951646,-82.42532862101892
42,6659,951961,-145.23175210424938
42,6660,952204,-40.53022452868502
42,6661,952565,-93.20546568242378
42,6662,953565,-386.9908027546499
42,6663,954565,-331.4873696133258
42,6664,955139,-124.73646199942016
42,6665,955860,-219.64874744927383
42,6666,956860,-318.2985640392174
42,6667,957860,-217.38801379163294
42,6668,958860,-106.80482650154296
42,6669,959860,-155.3463954805768
42,6670,960013,45.42986208789125
42,6671,960124,-143.53121072982032
42,6672,960237,-24.403650424271078
42,6673,961237,-109.50176363446865
42,6674,961939,-148.78607021788656
42,6675,962122,-122.82515804582434
42,6676,962585,-107.42339902533558
42,6677,962931,-196.68663363920848
42,6678,963725,-223.28904946015987
42,6679,964725,-296.67059847860793
42,6680,965725,-86.00573016026338
42,6681,966725,-294.07530111213293
42,6682,966918,-174.9990244824375
42,6683,967148,-139.47627250307295
42,6684,968148,-67.79337573193655
42,6685,968335,-173.13220276467706
42,6686,968709,-126.47716733305393
42,6687,969709,-49.957208901441966
42,6688,969968,-107.05544231141586
42,6689,970645,-116.93239025669797
42,6690,971645,-47.45005155314332
42,6691,972493,-162.61062092740755
42,6692,972782,16.592483547239723
42,6693,972911,-28.191450915143605
42,6694,973082,-12.772062491467793
42,6695,973552,-96.06162747298887
42,6696,974552,-49.672314624795426
42,6697,975188,-240.0601930641075
42,6698,975317,-119.6558677384971
42,6699,976125,-277.7477767483993
42,6700,977125,-416.32156674952836
42,6701,978125,-325.4130314297451
42,6702,979125,-122.67938921238992
42,6703,980125,-221.70022921712868
42,6704,980566,-99.70692196186941
42,6705,980959,-46.534685786474306
42,6706,981704,-209.6944511352021
42,6707,982704,-18.13547384382352
42,6708,983595,-197.15476451393658
42,6709,984340,-69.76521083885137
42,6710,984965,-196.11600841640188
42,6711,985124,-84.16487189424146
42,6712,985424,-147.601097161125
42,6713,986424,-114.26562463749275
42,6714,986972,-156.452144377558
42,6715,987972,-95.26884906657035
42,6716,988302,11.76839933587297
42,6717,988420,-45.914820837071304
42,6718,989152,-226.1145830323128
42,6719,989251,-8.221030910966917
42,6720,989355,-28.042335530010547
42,6721,989477,-201.75650189962653
42,6722,989673,-25.559773300253752
42,6723,990673,-185.71813293934167
42,6724,990857,-153.6277950540209
42,6725,991857,-114.6535877386774
42,6726,992112,-23.779357811499864
42,6727,993112,-141.10339443671768
42,6728,993970,-279.882960901715
42,6729,994970,-96.21173814492967
42,6730,995970,-259.3886858425972
42,6731,996859,-219.68976215955064
42,6732,997597,-204.0644245231108
42,6733,997895,-184.50062954871768
42,6734,998255,-175.13135628335587
42,6735,998832,-307.3571732353013
42,6736,999005,-124.63720612442484
42,6737,999236,-11.547016532751499
42,6738,999431,12.992392771658842
42,6739,1000044,-66.60166169563863
