seed,episode,total_steps,return
42,1,107,-325.0764935005817
42,2,180,-190.60389707582527
42,3,281,-181.81911521471733
42,4,373,-95.81227362748024
42,5,432,-90.30981960483653
42,6,559,-74.11698634062621
42,7,663,-38.416100498977656
42,8,767,-335.3533576222085
42,9,848,15.042178202082766
42,10,970,-55.92687920618968
42,11,1059,-392.2570086550899
42,12,1180,-95.06709819976737
42,13,1254,-133.29370477298542
42,14,1324,-181.92435651287343
42,15,1394,-102.56832046788112
42,16,1510,-180.6105285702875
42,17,1593,-98.82466106886764
42,18,1681,-121.7052876017897
42,19,1798,-362.4678453474405
42,20,1901,-111.46396341133035
42,21,1973,-119.09463616429694
42,22,2057,-73.1170958784507
42,23,2129,-131.58123257615748
42,24,2219,-351.0678395297343
42,25,2334,-292.1050902882225
42,26,2452,-402.96345874282656
42,27,2533,-107.64990531086897
42,28,2628,-172.45652681534597
42,29,2694,-99.35786140105205
42,30,2803,-125.69524865827837
42,31,2882,-124.376839303432
42,32,3001,-111.76445382039556
42,33,3130,-336.0387376176113
42,34,3202,-100.64811107990569
42,35,3278,-103.26813242158086
42,36,3361,-266.7518003160742
42,37,3462,-127.39382061802871
42,38,3521,-124.7506119192262
42,39,3600,-0.7514759227001093
42,40,3738,-236.64928350131743
42,41,3803,-89.32565161816458
42,42,3886,-107.45036763687057
42,43,3972,-91.0874303342848
42,44,4104,-136.26005929289164
42,45,4191,-109.76564142193233
42,46,4262,-79.57632186514225
42,47,4331,-108.69223196701896
42,48,4403,-83.83722954552826
42,49,4525,-432.14928482813457
42,50,4608,-119.141764742631
42,51,4690,-270.39482414963555
42,52,4794,-214.3641156195019
42,53,4928,-144.99917461369498
42,54,5040,-252.3943747713627
42,55,5132,-259.5952031461228
42,56,5239,-357.80348094599265
42,57,5323,-274.9836459144997
42,58,5409,-85.14014209444137
42,59,5490,-251.81889216955776
42,60,5559,-77.26271509562545
42,61,5646,-108.52003485182593
42,62,5786,-60.496887047398204
42,63,5881,-121.81238890760812
42,64,5963,-191.36076441137476
42,65,6043,-156.8644235070661
42,66,6111,-128.6905066065885
42,67,6173,-103.31024919851656
42,68,6247,-111.55704361911705
42,69,6341,-287.31147785630674
42,70,6441,-77.44629914039945
42,71,6582,-336.81784764942745
42,72,6649,-111.76804956808026
42,73,6714,-94.38164805470879
42,74,6782,-116.46926011216628
42,75,6877,-334.27056012696784
42,76,6970,-284.45034595866105
42,77,7068,-101.83461799569982
42,78,7155,-186.45565644981787
42,79,7225,-83.63206038795188
42,80,7306,-375.0940690737928
42,81,7371,-81.52974236895777
42,82,7440,-160.53103971344862
42,83,7509,-246.28405196039418
42,84,7630,18.256170935589182
42,85,7728,-174.9865725849931
42,86,7817,-332.8336450639745
42,87,7912,-156.05451151006028
42,88,8008,-397.4262804169477
42,89,8081,-78.8749597622178
42,90,8146,-60.68367876703402
42,91,8274,-147.6181796865207
42,92,8374,-183.80916649653113
42,93,8452,-83.80076914490617
42,94,8602,-5.004441856366327
42,95,8698,-134.60607435118897
42,96,8799,-90.37102034071165
42,97,8882,-117.16525531842632
42,98,9013,-35.602948445307604
42,99,9091,-112.86898213715715
42,100,9192,-137.6869701343157
42,101,9291,-116.40164881230004
42,102,9399,-122.64378354587102
42,103,9463,-154.57481563771785
42,104,9553,-164.32574728715406
42,105,9646,-100.09257728982084
42,106,9726,-264.7715936056404
42,107,9796,-158.54676549605347
42,108,9902,-205.87200925882803
42,109,9999,-213.48930426486993
42,110,10098,-100.95522469556158
42,111,10232,-119.99761469611946
42,112,10327,-333.5221158451599
42,113,10406,-109.18758751972571
42,114,10477,-70.04451831642484
42,115,10579,-313.5835757856695
42,116,10686,-245.77347362505247
42,117,10755,-22.915413487404635
42,118,10858,-17.73884217339706
42,119,10954,-125.67440360612167
42,120,11047,-145.5247390539294
42,121,11194,-99.93209545835391
42,122,11281,-89.43894196152036
42,123,11370,-282.1442937931728
42,124,11478,-277.4725868578473
42,125,11599,-38.03667852272111
42,126,11677,-37.47559018918781
42,127,11743,-113.20439822615711
42,128,11842,-96.80391043979171
42,129,11925,-104.9063305695112
42,130,12005,-127.45817093609958
42,131,12079,-98.2002986383334
42,132,12137,-200.7382662138432
42,133,12227,-91.68261868141887
42,134,12317,-450.23050498523185
42,135,12388,-99.90014217578319
42,136,12488,-428.0012684355476
42,137,12611,-184.71588586546
42,138,12698,-110.48078156631716
42,139,12811,-194.49379711207143
42,140,12932,-106.03719524752579
42,141,13065,-169.09939785562528
42,142,13170,-112.90348054699304
42,143,13238,-155.9717944716586
42,144,13304,-143.5551326225331
42,145,13399,-210.2080472779868
42,146,13490,-327.247900874602
42,147,13604,-374.0285378454737
42,148,13688,-105.12319947056385
42,149,13792,-59.569142123577095
42,150,13917,-115.87826022942986
42,151,13998,-108.88116898788735
42,152,14102,-142.75780359043725
42,153,14216,-135.7228010645104
42,154,14314,-74.65646017102478
42,155,14422,-72.4714490664735
42,156,14502,15.982732858815652
42,157,14607,-64.89308812982812
42,158,14729,-203.66152323742898
42,159,14848,-137.30074489573246
42,160,14903,-115.58214727699746
42,161,14999,-81.3437866986081
42,162,15104,-390.5513407658737
42,163,15174,-219.36293024089844
42,164,15294,-109.63818055504511
42,165,15355,-91.13265251719552
42,166,15448,-89.74584706833491
42,167,15532,-132.15151825796613
42,168,15605,-178.33130992592814
42,169,15726,-60.079510769632684
42,170,15829,-183.2392263010227
42,171,15933,-136.4747451663128
42,172,16017,-117.72650768686026
42,173,16168,-71.9065000436448
42,174,16264,-117.43892037541747
42,175,16357,-122.44428633037715
42,176,16471,-115.01421998423957
42,177,16586,-158.94451648378077
42,178,16732,-85.6887308485332
42,179,16809,-61.47377195430816
42,180,16877,-85.20428592836004
42,181,16949,-42.866174390727735
42,182,17048,-171.97900599890954
42,183,17132,-197.3965310310051
42,184,17229,-70.57394780960311
42,185,17323,-206.6288672030199
42,186,17410,-120.33866075375553
42,187,17472,-74.2400665214364
42,188,17605,-127.55056095456979
42,189,17715,-224.6274091189621
42,190,17788,-96.60788524347255
42,191,17884,-129.44625623080356
42,192,17968,-238.5335918951234
42,193,18062,-111.68482110928801
42,194,18122,-150.88022631364367
42,195,18196,-107.36610901482294
42,196,18294,-131.8966769986333
42,197,18393,-216.52234204198945
42,198,18487,-85.52193014573989
42,199,18591,-292.45420793046065
42,200,18688,-118.40019731727955
42,201,18800,-101.82358567065161
42,202,18927,18.846560161272762
42,203,19027,-129.42013395999766
42,204,19124,-116.21209662770951
42,205,19200,-71.11763925393873
42,206,19332,-166.25824827208436
42,207,19392,-80.19518168103187
42,208,19473,-99.84480336711825
42,209,19574,-163.4982997831583
42,210,19643,-30.15810928662981
42,211,19742,-303.3259744728153
42,212,19861,-208.00816244450604
42,213,19944,-34.18279742704891
42,214,20023,-68.36296434981226
42,215,20136,-92.42300015513096
42,216,20226,-186.23779343536506
42,217,20287,-66.92419826618035
42,218,20408,-83.28584434074622
42,219,20484,-190.20737062426218
42,220,20590,-225.24118787491892
42,221,20685,-121.84940155744079
42,222,20807,-93.56767589576744
42,223,20881,-109.22323162457121
42,224,20975,-14.924170571195873
42,225,21061,-127.79492166760554
42,226,21175,-162.89132392021887
42,227,21237,-63.75448896466364
42,228,21348,-316.7803444707568
42,229,21424,-101.98105130451792
42,230,21496,-124.89766324235472
42,231,21591,-102.25352675950433
42,232,21708,-117.06611821918459
42,233,21819,-134.89855252076325
42,234,21932,-141.70613729716615
42,235,22031,-122.3581928291429
42,236,22128,-149.78382153774692
42,237,22212,-113.65218928603036
42,238,22291,-261.5382423471252
42,239,22371,-161.70959597632455
42,240,22493,-63.68283739819499
42,241,22589,-103.42821872008639
42,242,22664,-44.91821633377126
42,243,22787,-135.96929536040335
42,244,22891,-121.09047539979775
42,245,22961,-93.83103757044539
42,246,23072,-97.71020623175973
42,247,23166,-284.4696628431087
42,248,23266,-294.26430951553385
42,249,23348,-168.17778904785905
42,250,23422,-70.21408099272347
42,251,23536,-77.82778193429164
42,252,23624,-63.47681337813948
42,253,23706,-129.28744678772594
42,254,23834,-278.6682023137616
42,255,23898,-74.56109465412035
42,256,23962,-66.25499107344147
42,257,24042,-104.95587093889185
42,258,24124,-95.49800924545144
42,259,24243,-285.2026434557886
42,260,24349,-198.73104339797834
42,261,24422,-2.2169415029766952
42,262,24518,-96.23530765352697
42,263,24580,-88.30670678530986
42,264,24641,-154.0862975413175
42,265,24712,-55.094099199184726
42,266,24777,-168.33222806227468
42,267,24867,-100.52418562278248
42,268,24962,-128.3630112031285
42,269,25032,-147.0334421770802
42,270,25101,-232.64586062355434
42,271,25172,-291.0679285208922
42,272,25299,-364.183032064238
42,273,25395,-103.92106237475261
42,274,26395,58.393118994826494
42,275,26505,-384.73453509822275
42,276,26587,-324.4466587065963
42,277,26697,-264.72062604474047
42,278,26762,-90.55905598361218
42,279,26825,-305.76978793287776
42,280,26904,-127.92190331153814
42,281,26996,-122.22085872091449
42,282,27078,-301.02709236287575
42,283,27165,-245.4535145163425
42,284,27247,-302.73435692137963
42,285,27351,-340.0551018220367
42,286,27449,-125.43565326405042
42,287,27552,-213.76971164092168
42,288,27659,-194.21676130514152
42,289,27748,-100.99277560092906
42,290,27823,-100.20859451706654
42,291,27902,-242.36577978126422
42,292,27998,-353.6359672752004
42,293,28100,-409.7070162022996
42,294,28182,-119.91308900765175
42,295,28278,-127.12213747186385
42,296,28371,-379.291897359358
42,297,28445,-230.1980479567894
42,298,28566,-215.63384555124964
42,299,28653,-28.298465152797547
42,300,28780,-44.016833541178286
42,301,28869,-161.8058937649331
42,302,28930,-121.86783434843315
42,303,29005,-287.0001243387377
42,304,29087,-260.27867240412957
42,305,29162,-179.97916679935128
42,306,29270,-210.77655990456176
42,307,29454,-13.93859130728346
42,308,29542,-220.20437089630911
42,309,29614,-272.8650666428854
42,310,29704,-409.2535675799022
42,311,29813,-495.1624991091906
42,312,29875,-246.0445493782111
42,313,29968,-207.99192060633104
42,314,30046,-243.9161305529763
42,315,30122,-55.41583218586632
42,316,30253,-93.89245658617835
42,317,30330,-131.57739803433992
42,318,30389,-96.7609595582302
42,319,30504,-307.0511911688054
42,320,30589,-110.33013695409481
42,321,30652,-63.55384741067857
42,322,30740,-189.90393259909456
42,323,30855,-200.76134602201307
42,324,30967,-209.91853099697994
42,325,31057,-147.47831286633163
42,326,31179,-336.5161442512011
42,327,31274,-101.13357105861229
42,328,31342,-304.86761974900946
42,329,31411,-284.6832105383711
42,330,31525,-102.09813941719874
42,331,31650,-129.1547713258359
42,332,31728,-60.72207033725681
42,333,31812,-264.0881026626521
42,334,31939,-100.89429421200285
42,335,32043,-131.08328216875674
42,336,32168,-171.9558538175266
42,337,32239,-94.48640534471178
42,338,32327,-127.478893919465
42,339,32413,-133.00706078001303
42,340,32496,-121.98273544680762
42,341,32593,-152.7740415116524
42,342,32682,-113.10584376040144
42,343,32766,-72.58915017841214
42,344,32884,-520.7695491813984
42,345,33009,-231.14470151477505
42,346,33192,-73.2851525426342
42,347,33264,-155.82272738287404
42,348,33384,-94.67336467296964
42,349,33494,-211.65495473815503
42,350,33598,-228.74539272771324
42,351,33738,-60.6714136831019
42,352,33833,-161.32679833720158
42,353,33946,-360.5996423530023
42,354,34071,-289.2148921744543
42,355,34183,-276.54749717260626
42,356,34280,-250.8300170382714
42,357,34393,-236.0192557800689
42,358,34497,-99.9996543284906
42,359,34562,-153.25628293098046
42,360,34687,-101.59516832297517
42,361,34794,-321.24834215934067
42,362,34963,-263.4095482212855
42,363,35087,-142.55702529296167
42,364,35201,-64.46087301960034
42,365,35316,-65.65234636116664
42,366,35420,-219.05864412004274
42,367,35503,-123.33251338911529
42,368,35603,-151.1785122732584
42,369,35673,-119.30014182396835
42,370,35834,-189.83995628307468
42,371,35952,-423.6944600566594
42,372,36093,-267.17623860939824
42,373,36185,-402.09748898408867
42,374,36252,-96.57653728034764
42,375,36346,-299.80408775132435
42,376,36459,-212.46788724736692
42,377,36626,-318.4451811544975
42,378,36709,-148.0536437255674
42,379,36803,-472.41664258272
42,380,36914,-240.63475697792825
42,381,37017,-9.397180346378207
42,382,37106,-93.7931651172268
42,383,37263,-340.0015034886306
42,384,37355,-315.20826158966133
42,385,37494,-219.0929986820127
42,386,37566,-71.14163862314788
42,387,37666,-110.77054917175359
42,388,37758,-100.71933182102048
42,389,37853,-297.1196800786346
42,390,37992,-62.84754768527087
42,391,38107,-76.52335827447428
42,392,38199,-314.68456903415495
42,393,38311,-284.48334448020915
42,394,38407,-186.41960843066295
42,395,38493,-156.5013536569942
42,396,38591,-142.9203962940727
42,397,38812,-528.132762513319
42,398,38905,-271.28584659112823
42,399,39025,-248.84274850269438
42,400,39162,-109.73617172332833
42,401,39254,-317.899292766106
42,402,39386,-237.19309427041765
42,403,39511,-70.84943587875
42,404,39607,-335.17003183954256
42,405,39694,-205.76679380920322
42,406,39888,-160.6336562412446
42,407,40018,-160.38155056554598
42,408,40103,-147.75738951426212
42,409,40216,-121.75743966889823
42,410,40292,-231.11157213929883
42,411,40422,-186.5427816315267
42,412,40544,-159.64266844518124
42,413,40737,-518.0396074386979
42,414,40852,-166.0604317207006
42,415,40947,-84.40936735936667
42,416,41055,-132.53647256979178
42,417,41177,-192.09407738557292
42,418,41270,-29.036952464800976
42,419,41368,-282.39269977148314
42,420,41453,-25.21140780759319
42,421,41555,-431.0002313344515
42,422,41718,-274.57899732707847
42,423,41800,-149.70559154557424
42,424,41914,-408.4068996372515
42,425,42020,-215.8871500940937
42,426,42127,-71.80899017295911
42,427,42235,-309.2299464039766
42,428,42318,-471.7588780339117
42,429,42433,-479.0134723802771
42,430,42544,-232.9784126901847
42,431,42625,-324.57875035875486
42,432,42700,-130.83532175100675
42,433,42791,-422.2639104882024
42,434,42900,-617.5164553058944
42,435,43012,-487.48119396965626
42,436,43155,-357.0889799985672
42,437,43243,-408.4059338312846
42,438,43447,-316.54989176848335
42,439,43571,-339.02347179163024
42,440,43713,-186.0208344235964
42,441,43813,-401.347934980549
42,442,43911,-489.8211541707709
42,443,44033,-147.78188409545774
42,444,44113,-211.3976078587268
42,445,44363,-542.574751773659
42,446,44466,-268.473953599836
42,447,44600,-368.3149699280823
42,448,44709,-324.9742121325894
42,449,44784,-50.279627359593185
42,450,44979,-166.82109590254726
42,451,45076,-129.20898607659586
42,452,45271,-204.71346446973357
42,453,45379,-234.76316450929738
42,454,45448,-339.44707759402087
42,455,45515,-95.10689865930463
42,456,45718,-143.48175889341178
42,457,45821,15.03193487016597
42,458,45917,-208.83262222631356
42,459,46060,-383.30879785156566
42,460,46168,7.068653810916956
42,461,46270,-271.59078458163924
42,462,46341,-133.80362558056717
42,463,46462,-511.12853926125274
42,464,46560,-78.22980930323354
42,465,46658,-135.26358145202062
42,466,46755,-249.84966953521527
42,467,46825,-69.1869602742641
42,468,46951,-169.09635624001442
42,469,47050,-318.31267511529165
42,470,47122,-73.85948911175268
42,471,47279,-294.8550542391416
42,472,47418,-127.45572312941967
42,473,47509,-296.1224199770792
42,474,47603,-286.15846743474197
42,475,47701,-207.96726545652524
42,476,47806,-294.6324946802074
42,477,47931,-636.4297046829267
42,478,48065,-159.34118573896666
42,479,48155,-311.0055942471571
42,480,48312,-34.84576688343196
42,481,48403,-383.41815494394444
42,482,48487,-343.797884256918
42,483,48601,-333.3171272544233
42,484,48687,-272.59134960188965
42,485,48779,-308.65197671864235
42,486,48928,-165.0226908432916
42,487,49039,-224.39139439650646
42,488,49126,-418.2663700252382
42,489,49327,-581.7607481157543
42,490,49496,-261.1554979836344
42,491,49613,-308.891301101368
42,492,49712,-222.14890629388617
42,493,49852,-318.92301384281177
42,494,49968,-376.4794198338702
42,495,50092,-259.12469027531245
42,496,50290,-369.0195012481804
42,497,50410,-499.6033834729358
42,498,50489,-70.04462238564189
42,499,50651,-94.04707144901907
42,500,50823,-65.25474656270036
42,501,50927,-85.75653536293407
42,502,51005,-68.86651703905727
42,503,51097,-422.91897987194676
42,504,51188,-421.4990260744227
42,505,51289,-222.89357406675435
42,506,51391,-364.38212013076014
42,507,51461,-112.3567823561202
42,508,51611,-210.08401627364526
42,509,51689,-148.87297601628245
42,510,51774,-79.11533789942219
42,511,51856,-53.29670616220072
42,512,51969,-34.41156411503455
42,513,52085,-96.07214840173881
42,514,52195,-309.971229823072
42,515,52294,-256.9595470459793
42,516,52382,-392.85305961047635
42,517,52495,-275.32823434188583
42,518,52616,-511.93890615978137
42,519,52749,-221.9005833513404
42,520,52889,-335.82087016378773
42,521,52980,-277.8761709253057
42,522,53074,-109.89481068637693
42,523,53179,-116.3585009566928
42,524,53333,-63.29462925573284
42,525,53476,-472.5838305863361
42,526,53625,-418.7934162426349
42,527,53724,-309.8965710791912
42,528,53794,-74.61724552179774
42,529,53876,-115.1935622908606
42,530,53970,-169.56518558658297
42,531,54166,-105.25983742791172
42,532,54255,-190.2430816549956
42,533,54385,-349.4432636702706
42,534,54602,-279.33360331876594
42,535,54713,-75.23884751283148
42,536,54809,-362.74718052709835
42,537,54874,-58.81503382977017
42,538,54963,-407.65556342762943
42,539,55044,-103.8428545379233
42,540,55169,-247.99618570668744
42,541,55248,-379.19221251422596
42,542,55395,-348.63535950522515
42,543,55578,-48.71388139357741
42,544,55669,-59.089321293146725
42,545,55820,-124.06308513754692
42,546,55938,-211.69978313791756
42,547,56035,-353.10881737663044
42,548,56187,-289.91515062965584
42,549,56294,-404.2362493271752
42,550,56449,-111.81494740697559
42,551,56532,-429.4067997694731
42,552,56624,-433.357861846137
42,553,56735,-83.78521276491207
42,554,56823,-422.9435161897168
42,555,56914,-118.00745433916391
42,556,57014,-359.6496380788122
42,557,57110,-256.7320427182069
42,558,57171,-67.49812592117836
42,559,57271,-196.36751611437455
42,560,57368,-345.693574875595
42,561,57475,-520.1303700798653
42,562,57576,-516.3567189584769
42,563,57674,-405.97115283316634
42,564,57827,-273.37764225805586
42,565,57948,-144.47937173995382
42,566,58060,-77.92642032397332
42,567,58246,-291.38841909484495
42,568,58325,-82.46682125985444
42,569,58464,-185.34709432706651
42,570,58557,-204.4365828245366
42,571,58627,-175.91378628076268
42,572,58751,-88.18849129237596
42,573,58884,-209.26519702648127
42,574,58965,-155.51922366142708
42,575,59061,-90.12124115352175
42,576,59155,-344.2914017614215
42,577,59263,-113.31276335290622
42,578,59353,-73.48433464573688
42,579,59498,-438.9877797987134
42,580,59599,-350.89432104720333
42,581,59754,-555.6532063027701
42,582,59852,-324.3293738277873
42,583,59923,-47.99819943790999
42,584,60070,-83.96233826593823
42,585,60164,-438.30066001936456
42,586,60268,-454.5493634083495
42,587,60355,-383.5465263069213
42,588,60531,-202.26591769704612
42,589,60616,-157.6979772561694
42,590,60731,-379.94949603648473
42,591,60850,-339.62960280319817
42,592,60937,-352.0351697270991
42,593,61041,-387.2011994728625
42,594,61150,-115.36285712893596
42,595,61244,-338.1445447442005
42,596,61335,-252.18556270512127
42,597,61511,-307.4497608351578
42,598,61687,-292.3464799722074
42,599,61783,-291.51556662925566
42,600,61886,-131.17231931716984
42,601,62011,-254.84178592418735
42,602,62128,-349.63273739101146
42,603,62316,-493.91771703343136
42,604,62417,-457.7931951755898
42,605,62594,-413.5698798741422
42,606,62764,-340.49012001393396
42,607,62855,-371.8399752876525
42,608,62977,-404.32221734650864
42,609,63109,-210.67653676696514
42,610,63209,-366.286200742817
42,611,63401,-125.57103824312999
42,612,63513,-68.6545126091228
42,613,63609,-470.04370727498366
42,614,63693,-248.6142049546649
42,615,63802,-473.0476954459162
42,616,63919,-77.3463642383027
42,617,64007,-44.65701097200527
42,618,64105,-212.92699023677875
42,619,64221,-84.54645033487532
42,620,64311,-462.6017815412408
42,621,64431,-323.94967895727217
42,622,64595,-362.3261242410262
42,623,64669,-161.00846039094904
42,624,64757,-115.07290855213805
42,625,64998,-696.5773395017213
42,626,65102,-35.85974328043345
42,627,65194,-55.53237966541876
42,628,65302,-385.90051955896615
42,629,65398,-124.87054456115072
42,630,65563,-208.41193280988068
42,631,65665,-323.2513012440056
42,632,65900,-471.44050117921995
42,633,65987,-515.2109258692285
42,634,66064,-327.6331190033888
42,635,66349,-161.9548324804643
42,636,66450,-249.01406864234755
42,637,66538,-115.75604869755345
42,638,66773,-425.79802526624866
42,639,66876,-271.354864257303
42,640,67109,-426.30320701678596
42,641,67198,-74.34599803533472
42,642,67291,-309.76121919966226
42,643,67387,-176.05815074411757
42,644,67539,-561.2973387271777
42,645,67626,-280.30103882739735
42,646,67747,-302.0224731025945
42,647,67856,-198.720780394457
42,648,67946,-423.9876376816484
42,649,68026,-465.257639393357
42,650,68109,-254.64049191069333
42,651,68196,-296.8128124731023
42,652,68306,-417.91165396720083
42,653,68401,-304.4451294192093
42,654,68510,-447.6489265724306
42,655,68606,-32.953926235315194
42,656,68689,-304.89374294703623
42,657,68771,-453.7949487277903
42,658,68881,-90.42478219890958
42,659,68971,-264.9482861462742
42,660,69084,-461.00221861834854
42,661,69180,-174.75420865442737
42,662,69252,-14.436679269618836
42,663,69353,-210.94576453187972
42,664,69446,-424.5061301643687
42,665,69584,-424.8896456177687
42,666,69707,-384.22529287896424
42,667,69809,-87.5376103537815
42,668,69921,-367.4961353608883
42,669,70098,-551.8472282773603
42,670,70226,-320.7842428033534
42,671,70336,-180.80149570796613
42,672,70479,-483.9121783625235
42,673,70572,-391.2519118769347
42,674,70713,-116.55752053891692
42,675,70820,-500.2577576509246
42,676,70958,-472.63103572126045
42,677,71059,-344.3788606004535
42,678,71151,-439.39384319988164
42,679,71274,-429.9281447933014
42,680,71387,-366.7654520592251
42,681,71467,-136.77959111842242
42,682,71571,-74.53580862229016
42,683,71665,-134.3026803441851
42,684,71750,-195.1605003190741
42,685,71988,-510.9932377595044
42,686,72088,-362.411171737557
42,687,72181,-506.1718655068716
42,688,72291,-131.47961528086907
42,689,72441,-212.2977284199271
42,690,72542,-98.34832521567067
42,691,72616,-150.2960892751692
42,692,72745,-562.2626534177496
42,693,72916,-101.07920602140342
42,694,73014,-560.1618005045095
42,695,73143,-294.3697390445018
42,696,73290,-224.7070529675096
42,697,73387,-475.62263333364984
42,698,73682,-245.40297667686298
42,699,73771,-263.9365788877126
42,700,74083,-462.0266130182772
42,701,74162,-449.7786626632521
42,702,74463,-281.8893651228275
42,703,74590,-227.52901164741724
42,704,74867,-417.24204680560484
42,705,74941,-111.59267139999181
42,706,75023,-152.4938133987227
42,707,75164,-222.3665044165108
42,708,75264,-303.0025494206885
42,709,75402,-585.6655503549514
42,710,75527,-237.23032696602112
42,711,75746,-373.6563406503243
42,712,75849,-172.79522035142483
42,713,75961,-395.2340791589924
42,714,76061,-283.246925506249
42,715,76173,-375.31228062888636
42,716,76324,-499.7272208998465
42,717,76426,-269.3696366450381
42,718,76609,-410.26307275613226
42,719,76732,-339.5213253332378
42,720,76881,-390.7198271444537
42,721,77035,-161.78504045960892
42,722,77143,-294.10077536846006
42,723,77413,-355.1660142326475
42,724,77555,-197.37850216744192
42,725,77641,-217.68367487633998
42,726,77763,-409.8830363730241
42,727,77878,-104.52014697139157
42,728,77980,-594.8567611254608
42,729,78102,-333.35986634250247
42,730,78200,-277.4203918554718
42,731,78284,-397.5854026078347
42,732,78384,-262.8759875124464
42,733,78472,-440.74980022277947
42,734,78581,-253.34401782740676
42,735,78696,-100.14720439432594
42,736,78896,-339.55489237087204
42,737,78993,-396.78611089603385
42,738,79090,-217.6745047902205
42,739,79204,-183.4508272647654
42,740,79426,-497.50697057595494
42,741,79561,-590.5239046695194
42,742,79771,-679.9183651407361
42,743,79945,-529.2720518687365
42,744,80055,-273.8760177741848
42,745,80310,-570.4435094828391
42,746,80427,-298.46926424967694
42,747,80695,-704.410414729003
42,748,80789,-526.9084035211556
42,749,80885,-276.6872996846016
42,750,80977,-303.56119123632936
42,751,81083,-398.72184584965186
42,752,81200,-199.22719504917012
42,753,81329,-531.3502935036743
42,754,81437,-273.19605118190555
42,755,81580,-348.7846314266035
42,756,81677,-187.34308985756076
42,757,81844,-565.6872610663397
42,758,81955,-449.9016609690101
42,759,82038,-431.95925826554986
42,760,82150,-197.4920819169979
42,761,82237,-267.75518317110493
42,762,82337,-317.3699494828933
42,763,82451,-278.6209403912508
42,764,82688,-398.60979979484546
42,765,82805,-238.77292594614792
42,766,82901,-330.7258197798511
42,767,82994,-375.15356515500105
42,768,83137,-441.9456641831542
42,769,83219,-471.83066780589235
42,770,83378,-170.51702815158797
42,771,83586,-727.7819809475277
42,772,83701,-397.1155523525016
42,773,83772,-107.39498317409887
42,774,83924,-624.5816077987829
42,775,84104,-441.40670926794473
42,776,84240,-451.3027672771318
42,777,84341,-306.99689985326097
42,778,84504,-192.3821949633063
42,779,84591,-53.3647526171674
42,780,84699,-212.19347314992865
42,781,84794,-436.46677068566515
42,782,84872,-384.7799781355863
42,783,84959,-319.70197948515647
42,784,85126,-665.1623150514345
42,785,85224,-213.54063534735627
42,786,85342,-256.89250875297137
42,787,85451,-168.76771615182932
42,788,85581,-233.43821819486234
42,789,85679,-221.1665567889786
42,790,85871,-503.20881093965903
42,791,85963,-442.0782842903077
42,792,86219,-708.3225509956769
42,793,86294,-484.99651357193864
42,794,86427,-195.29185302732824
42,795,86737,-655.4094094358295
42,796,86919,-673.5567884260416
42,797,87068,-574.2695872700897
42,798,87168,-590.3984502356327
42,799,87270,-158.38095195596497
42,800,87369,-388.66389699500087
42,801,87500,-408.10120491991097
42,802,87654,-447.43064250852984
42,803,87822,-50.215673159348384
42,804,87981,-525.7552708712127
42,805,88111,-346.08323277274866
42,806,88199,-308.93130605157387
42,807,88282,-444.88417750697766
42,808,88391,-271.71357382758094
42,809,88519,-440.87546533415286
42,810,88620,-413.1053614317421
42,811,88789,-613.5102726210731
42,812,88880,-296.6908790882334
42,813,89000,-252.0418850039332
42,814,89126,-183.22568025011424
42,815,89256,-163.3123374263298
42,816,89349,-460.7513833224821
42,817,89475,-406.3056165515148
42,818,89586,-131.70060345463077
42,819,89678,-422.62255505549604
42,820,89795,-624.7150993639776
42,821,89919,-301.4361798720721
42,822,90246,-487.0758722508318
42,823,90401,-622.7836665140585
42,824,90505,-96.03481706428269
42,825,90638,-397.6014712745614
42,826,90727,-403.7924303826001
42,827,90815,-346.42464078118627
42,828,91097,-520.9185795550659
42,829,91223,-316.6497613791331
42,830,91402,-368.8402973470152
42,831,91533,-200.25703697360325
42,832,91740,-349.2184250527382
42,833,91824,-398.5103956636484
42,834,91967,-327.519750613744
42,835,92130,-727.6943601221886
42,836,92273,-238.44577716546016
42,837,92561,-654.4081684621964
42,838,92853,-346.97678460677645
42,839,92946,-48.7537045513252
42,840,93108,-490.91035867845085
42,841,93301,-899.5139973094699
42,842,93390,-353.68411110063096
42,843,93477,-518.0017687777109
42,844,93638,-493.0378940601053
42,845,93726,-426.1848940132355
42,846,93827,-381.9978369143942
42,847,93914,-415.9588435428417
42,848,93991,-449.0924443988807
42,849,94126,-332.46624266707437
42,850,94216,-399.2290134319199
42,851,94367,-326.7773753443573
42,852,94582,-559.2012765477356
42,853,94684,-287.59099904410715
42,854,94768,-370.8296427873142
42,855,94958,-454.4114232481484
42,856,95045,-332.91066503002287
42,857,95144,-182.46599743778273
42,858,95316,-366.7870686897193
42,859,95394,-445.1883352920318
42,860,95483,-418.37152260501153
42,861,95556,-179.85709122994268
42,862,95661,-268.44227415974626
42,863,95860,-381.0087585264878
42,864,95941,-434.91420098102645
42,865,96037,-519.4470371710486
42,866,96129,-271.3903191740599
42,867,96217,-370.01196031871757
42,868,96305,-266.4547785032679
42,869,96432,-454.7992842706974
42,870,96630,-343.19777031108106
42,871,96792,-404.54540121558955
42,872,97052,-862.780981568518
42,873,97164,-193.88450296665394
42,874,97305,-45.399667722430294
42,875,97452,-432.38457330542445
42,876,97602,-431.14147456829255
42,877,97691,-215.6058198103002
42,878,97879,-377.6909634487888
42,879,97989,-302.72118105545024
42,880,98076,-349.5175157547954
42,881,98161,-445.95366045136376
42,882,98407,-393.72165054748814
42,883,98521,-245.3791981987582
42,884,98640,-241.2806743176834
42,885,98851,-348.7423090151483
42,886,98958,-412.92613999615406
42,887,99113,-459.1303150963584
42,888,99211,-515.1335194423109
42,889,99364,-383.67997636457415
42,890,99521,-366.3432076862504
42,891,99635,-131.81464446979325
42,892,99771,-156.66269009603295
42,893,99871,-372.0410562067635
42,894,100023,-535.2271221695878
42,895,100214,-370.6439824592324
42,896,100376,-488.50717911711035
42,897,100516,-215.70770487480672
42,898,100599,-334.6130365540495
42,899,100695,-221.81653667111019
42,900,100915,-143.30713598289287
42,901,101005,-525.6377699613781
42,902,101168,-356.42162739910447
42,903,101272,-317.97501832008317
42,904,101390,-66.41782157320989
42,905,101580,-610.3931959774392
42,906,101765,-258.3534147937811
42,907,101864,-364.09104650681263
42,908,101953,-423.09659131824
42,909,102374,-726.6482897484822
42,910,102542,-420.1962845424398
42,911,102645,-275.6297194357485
42,912,102807,-83.45243663962273
42,913,103099,-1061.998519834152
42,914,103223,-415.4294462387339
42,915,103309,-409.8940646367674
42,916,103406,-542.0047425855018
42,917,103516,-494.6425795988242
42,918,103625,-316.56453058537784
42,919,103744,-136.8654421462661
42,920,103858,-500.26492384014807
42,921,103962,-371.4624152803513
42,922,104131,-408.2259966628144
42,923,104212,-520.299011707858
42,924,104360,-207.64786325749895
42,925,104485,-370.6242683477503
42,926,104617,-293.7714628520552
42,927,104710,-454.80399781312656
42,928,104861,-537.6648389839578
42,929,104974,-492.6845462782917
42,930,105077,-415.3051735613699
42,931,105332,-642.5653067438059
42,932,105519,-305.4259389488674
42,933,105639,-596.5578017816616
42,934,105734,-335.538570912644
42,935,105881,-431.20951345308805
42,936,105978,-332.8792772353441
42,937,106088,-384.7638861349428
42,938,106174,-469.00531012437335
42,939,106358,-484.7128840941721
42,940,106457,-521.0614316853332
42,941,106550,-403.09526261882513
42,942,106742,-682.2037598980382
42,943,106867,-154.7610449131646
42,944,106952,-411.7507660429177
42,945,107141,-622.0271512726052
42,946,107241,-261.9374795851469
42,947,107459,-524.7120603100456
42,948,107560,-349.97073781804295
42,949,107783,-575.2537844625016
42,950,107916,-255.86341950240123
42,951,108001,-56.29015511600478
42,952,108126,-309.7551532830291
42,953,108226,-343.97657485789586
42,954,108330,-533.5219827165124
42,955,108438,-557.1622779267257
42,956,108589,-455.00711684709796
42,957,108730,-568.2076696631442
42,958,108932,-596.2277588584091
42,959,109146,-950.5200464286479
42,960,109262,-328.2536085831093
42,961,109379,-501.2728317728058
42,962,109611,-627.0917571626054
42,963,109691,-427.2040371920826
42,964,109810,-298.73939747701104
42,965,109905,-248.14183979153754
42,966,110003,-409.9881140649078
42,967,110118,-408.58474434475306
42,968,110219,-411.6555086215969
42,969,110307,-417.61923378366936
42,970,110432,-523.907879728853
42,971,110586,-440.2407877038592
42,972,110818,-648.4707407736305
42,973,111042,-464.8679875844242
42,974,111124,-418.4964904491654
42,975,111230,-437.68706751894064
42,976,111334,-288.015099513933
42,977,111422,-485.8697561162961
42,978,111532,-356.0014480367139
42,979,111607,-524.5015967006425
42,980,111791,-772.9264894188674
42,981,112092,-762.3465703830436
42,982,112196,-358.8970526840566
42,983,112280,-334.0375923935461
42,984,112447,-552.265844864336
42,985,112530,-284.7984665174754
42,986,112705,-676.9077888775425
42,987,112827,-248.00108610497875
42,988,112930,-413.5226558312743
42,989,113281,-354.2640086576196
42,990,113380,-564.0894955699334
42,991,113456,-484.6415427004968
42,992,113545,-382.07779636641504
42,993,113672,-466.06585471655336
42,994,113803,-494.64543684777647
42,995,113931,-426.16193828907996
42,996,114044,-418.1922419554355
42,997,114144,-493.9745584876596
42,998,114237,-386.1445122212551
42,999,114330,-395.31067199269233
42,1000,114419,-602.0549684038748
42,1001,114502,-310.88566177750454
42,1002,114752,-580.2196582021058
42,1003,114938,-595.2412867749379
42,1004,115030,-337.62892980452597
42,1005,115146,-79.73118320695852
42,1006,115391,-762.2283147118408
42,1007,115490,-432.3389625046319
42,1008,115607,-297.29952281688907
42,1009,115727,-459.2919241851872
42,1010,115812,-414.21375967661135
42,1011,115926,-490.6981814728617
42,1012,116247,-896.0759340783173
42,1013,116320,-391.37569058504675
42,1014,116430,-522.2834924635815
42,1015,116527,-293.60174505222204
42,1016,116796,-980.4652650110888
42,1017,116887,-323.05988317627333
42,1018,116988,-532.6048223019155
42,1019,117085,-526.7481819254889
42,1020,117348,-788.8670860735773
42,1021,117442,-468.00920254231136
42,1022,117567,-495.58397800766943
42,1023,117690,-490.10847419650526
42,1024,117799,-521.2733137532992
42,1025,117945,-660.1463436346718
42,1026,118141,-330.23977453145255
42,1027,118270,-569.7672355398125
42,1028,118375,-355.2177810172992
42,1029,118471,-541.0564994035361
42,1030,118560,-319.599809482307
42,1031,118645,-504.12750171200264
42,1032,118730,-416.0463590429039
42,1033,118830,-470.2589458407655
42,1034,118945,-572.872625930579
42,1035,119068,-492.1410072200542
42,1036,119368,-1015.0077768422626
42,1037,119474,-308.4394051734737
42,1038,119635,-464.7357197406275
42,1039,119714,-316.7190115272356
42,1040,119800,-409.00692823946963
42,1041,119917,-390.95360213645876
42,1042,120078,-475.4273290514312
42,1043,120231,-288.48775640510036
42,1044,120398,-506.386135632633
42,1045,120612,-833.5491286836855
42,1046,120705,-542.2420761508406
42,1047,120871,-648.3811065705999
42,1048,120956,-420.4267113645593
42,1049,121081,-647.9419993885734
42,1050,121304,-627.2687739501922
42,1051,121406,-475.13733644739
42,1052,121604,-637.2718878090575
42,1053,121701,-363.15663618159743
42,1054,121991,-906.2423270373314
42,1055,122080,-474.566635694726
42,1056,122230,-208.4454350656453
42,1057,122333,-267.07906992217124
42,1058,122446,-710.5187176988959
42,1059,122533,-401.5804613944576
42,1060,122646,-408.6621008463536
42,1061,122860,-639.3031108502178
42,1062,122965,-580.4801035785351
42,1063,123303,-1541.1080647347376
42,1064,123480,-397.8595266148427
42,1065,123570,-367.004414206433
42,1066,123699,-300.16525382995667
42,1067,123811,-326.31918841497895
42,1068,123935,-436.65233696553884
42,1069,124128,-785.4827734709669
42,1070,124391,-486.0373505130047
42,1071,124565,-558.4155434443073
42,1072,124712,-450.6014860962598
42,1073,124801,-412.9706142847589
42,1074,124902,-304.8940219018016
42,1075,125014,-473.36207293101654
42,1076,125136,-391.4083160907185
42,1077,125275,-334.97153872873446
42,1078,125352,-430.33570106923327
42,1079,125525,-476.81190575287724
42,1080,125632,-357.07820877829613
42,1081,125799,-685.9689675781121
42,1082,126009,-600.7810410624194
42,1083,126230,-618.7520238703879
42,1084,126323,-365.8271241256678
42,1085,126424,-451.58201597942116
42,1086,126510,-539.1501091333386
42,1087,126655,-537.3530901219431
42,1088,126742,-427.18696254765666
42,1089,126902,-350.71798022310566
42,1090,127064,-354.97780489345007
42,1091,127172,-396.1920266104159
42,1092,127271,-440.38626910448767
42,1093,127375,-487.8624494645649
42,1094,127547,-731.7875042725974
42,1095,128136,-2513.3496598193806
42,1096,128266,-509.58481824262844
42,1097,128546,-775.3719189735236
42,1098,128641,-269.8716029956641
42,1099,128718,-469.75779473711543
42,1100,128800,-479.81825842998705
42,1101,128894,-421.095067875201
42,1102,128981,-408.2977352533724
42,1103,129070,-278.1342656074388
42,1104,129151,-484.49743284149224
42,1105,129246,-275.1184693496006
42,1106,129338,-285.56239740567787
42,1107,129503,-245.79878615087298
42,1108,129620,-504.37639339418746
42,1109,129769,-729.9899829132752
42,1110,129862,-555.3564837708941
42,1111,130139,-612.8320733654728
42,1112,130259,-617.5434716159565
42,1113,130379,-550.6729677351977
42,1114,130612,-436.7152044205386
42,1115,130686,-467.33792738852947
42,1116,131005,-980.6348401490646
42,1117,131277,-1217.0478556677235
42,1118,131440,-613.0490059669775
42,1119,131573,-678.4224785299606
42,1120,131667,-535.6152785077452
42,1121,131800,-350.202231675478
42,1122,131906,-425.78457773704906
42,1123,131993,-355.8761841656809
42,1124,132079,-319.01181924813324
42,1125,132172,-441.25188618539903
42,1126,132323,-337.7336113254695
42,1127,132516,-796.5357255165055
42,1128,132597,-281.0518248702639
42,1129,132763,-922.0834847826221
42,1130,132842,-493.77407755005214
42,1131,132952,-498.09697054782873
42,1132,133203,-1253.4866079576805
42,1133,133314,-502.6442295648543
42,1134,133563,-1077.9874126169293
42,1135,133657,-437.83294008999553
42,1136,133928,-1427.0102663221655
42,1137,134006,-459.2447416356606
42,1138,134111,-499.5162763135949
42,1139,134224,-381.5394479816633
42,1140,134379,-609.616635217682
42,1141,134533,-438.0279602447345
42,1142,134654,-597.9009753657929
42,1143,134846,-502.1234285681223
42,1144,134949,-575.38165100014
42,1145,135031,-542.8381057416213
42,1146,135235,-557.4934448902973
42,1147,135498,-706.81898857427
42,1148,135611,-612.2774577104772
42,1149,135720,-573.2739545954169
42,1150,135846,-636.9588179278859
42,1151,135926,-298.55010680223006
42,1152,136014,-307.0595231588137
42,1153,136146,-536.7571982006029
42,1154,136250,-455.68570191111394
42,1155,136375,-496.93772279578
42,1156,136470,-489.99886014713513
42,1157,136562,-318.6972200707421
42,1158,136757,-573.0607212603456
42,1159,136847,-550.0472494421145
42,1160,136946,-355.4530301745897
42,1161,137059,-453.33629611737666
42,1162,137158,-601.6583606153066
42,1163,137232,-363.23016754097216
42,1164,137423,-442.49393408866064
42,1165,137568,-553.2608225382152
42,1166,137719,-759.9277430355774
42,1167,137811,-295.62759414542427
42,1168,137971,-739.1546028727515
42,1169,138069,-297.7701815063873
42,1170,138185,-643.1051249938305
42,1171,138265,-491.1223347770219
42,1172,138325,-106.50636084946862
42,1173,138417,-525.4805251319312
42,1174,138742,-1677.3811837667968
42,1175,138826,-369.0935520086366
42,1176,138923,-414.78707530182703
42,1177,139000,-420.8335413983714
42,1178,139283,-971.2908664204109
42,1179,139361,-468.74630741925915
42,1180,139509,-427.0592536477725
42,1181,139598,-465.25739713316005
42,1182,139678,-286.0156121072082
42,1183,139799,-320.9884122480955
42,1184,139884,-436.6279876422585
42,1185,140025,-826.8901979746104
42,1186,140158,-320.22982197284216
42,1187,140265,-565.6392441965578
42,1188,140349,-428.9163367905087
42,1189,140465,-429.81892003470125
42,1190,140582,-479.82863656467026
42,1191,140664,-432.7601232011115
42,1192,140755,-460.2033378304436
42,1193,140845,-480.81153877784953
42,1194,141026,-546.1642941770167
42,1195,141126,-618.1339206153125
42,1196,141184,-218.28343835776934
42,1197,141327,-423.3019485496022
42,1198,141409,-378.48755333591083
42,1199,141482,-348.34491716879813
42,1200,141714,-568.05045677917
42,1201,141794,-458.5173364712916
42,1202,141874,-437.35916040872144
42,1203,141961,-368.3648137815942
42,1204,142061,-302.28554681354575
42,1205,142242,-867.4816907243359
42,1206,142396,-740.6371232208996
42,1207,142666,-1235.5470449174095
42,1208,142751,-482.91509260530177
42,1209,142893,-470.9692055256487
42,1210,143262,-1280.4239585317687
42,1211,143400,-606.1555999785826
42,1212,143486,-286.39417520399013
42,1213,143589,-647.3037099986864
42,1214,143689,-467.49314915846156
42,1215,143972,-1027.5089479974934
42,1216,144072,-421.4688692009187
42,1217,144203,-458.70823819889466
42,1218,144280,-487.4259211796044
42,1219,144339,-350.3357549733644
42,1220,144484,-403.9856328609584
42,1221,144628,-356.66742004727024
42,1222,144715,-387.277258818361
42,1223,144825,-411.05878588067867
42,1224,145022,-846.1359963520391
42,1225,145113,-520.7095784695226
42,1226,145184,-290.9813562730021
42,1227,145358,-757.0491408725184
42,1228,145526,-402.2178384131951
42,1229,145710,-691.0618481955669
42,1230,145799,-469.532181718117
42,1231,145903,-313.56842917914895
42,1232,146029,-576.332875555817
42,1233,146243,-807.3061122408656
42,1234,146362,-497.40733779154175
42,1235,146504,-812.3416149248568
42,1236,146627,-364.5674997381524
42,1237,146716,-510.56986951482367
42,1238,146791,-343.64352452201183
42,1239,146876,-462.3189856555605
42,1240,146976,-457.5442407471854
42,1241,147133,-755.5090639818659
42,1242,147321,-913.6048717148902
42,1243,147477,-679.1334460265127
42,1244,147571,-591.9339776193037
42,1245,147666,-503.90286295743994
42,1246,147738,-399.42408436081405
42,1247,147911,-686.5297220695429
42,1248,147981,-260.6624157555623
42,1249,148207,-875.3652443081141
42,1250,148368,-810.4632848125971
42,1251,148549,-955.6305251150399
42,1252,148706,-828.1497535782355
42,1253,148791,-343.1793740189099
42,1254,149001,-887.6532600052102
42,1255,149281,-803.2301701469814
42,1256,149359,-345.61124138274573
42,1257,149603,-847.2964939583603
42,1258,149678,-421.5105675696641
42,1259,149840,-777.7013536903208
42,1260,149933,-478.5441826082063
42,1261,150127,-704.6643265206618
42,1262,150250,-624.7490863018686
42,1263,150336,-487.5151928027477
42,1264,150407,-277.7336707378756
42,1265,150554,-703.2636627456124
42,1266,150627,-318.9074703705396
42,1267,150800,-721.7326159595399
42,1268,150879,-342.3868136376399
42,1269,150992,-603.6622374095002
42,1270,151098,-644.4220619231463
42,1271,151184,-380.4536875823071
42,1272,151344,-726.6371887529986
42,1273,151422,-385.82204592573515
42,1274,151503,-409.58781338745524
42,1275,151578,-345.49588447929506
42,1276,151713,-724.1549427153778
42,1277,151825,-476.9506309011045
42,1278,151984,-933.9701304965818
42,1279,152184,-799.5682037548358
42,1280,152287,-475.343838903627
42,1281,152387,-407.8804602550818
42,1282,152575,-733.2408270151142
42,1283,152669,-538.0894234450896
42,1284,152771,-650.9446166169998
42,1285,152890,-629.5456628865618
42,1286,152975,-516.9415499954195
42,1287,153078,-622.0367584601119
42,1288,153342,-702.1816261796331
42,1289,153425,-471.39795015744426
42,1290,153515,-274.0734965093791
42,1291,153611,-427.58658792296427
42,1292,153683,-338.4358959374467
42,1293,153756,-373.9244004055953
42,1294,153839,-451.2073941067323
42,1295,153937,-561.7951048653891
42,1296,154056,-404.7710100540052
42,1297,154141,-398.35623733978525
42,1298,154243,-612.7941277249929
42,1299,154305,-281.453240965772
42,1300,154388,-479.8396384494296
42,1301,154460,-388.6778455669482
42,1302,154538,-448.8937187089513
42,1303,154637,-649.9224592957943
42,1304,154738,-468.8714955638128
42,1305,154829,-574.7659527494363
42,1306,154921,-591.274006321777
42,1307,154987,-335.0568432193141
42,1308,155085,-589.202826732188
42,1309,155164,-377.4232632982702
42,1310,155261,-433.31136758230303
42,1311,155349,-467.94222257980215
42,1312,155443,-621.8207056555307
42,1313,155526,-445.0587478980759
42,1314,155588,-238.43826279020956
42,1315,155759,-578.1614142377337
42,1316,155905,-416.6560040244909
42,1317,155985,-454.3029437578357
42,1318,156074,-556.3777762274158
42,1319,156165,-555.6946432122054
42,1320,156255,-598.3407936678191
42,1321,156338,-365.04799112975394
42,1322,156395,-297.50085450755523
42,1323,156539,-759.9527502123658
42,1324,156635,-454.3923293576078
42,1325,156704,-390.95705879989856
42,1326,156776,-383.00509440081845
42,1327,156841,-429.7071000807734
42,1328,156907,-282.7379609881263
42,1329,157068,-697.7170030991479
42,1330,157168,-610.6105579146954
42,1331,157265,-639.5251405748401
42,1332,157364,-805.5402936113428
42,1333,157446,-500.86855824737177
42,1334,157522,-345.47772165227184
42,1335,157623,-590.3128435160119
42,1336,157758,-498.1247719664217
42,1337,157839,-469.82275854234564
42,1338,157922,-632.8437393973962
42,1339,158044,-450.76586510776735
42,1340,158131,-660.4909528401066
42,1341,158215,-328.38185824525146
42,1342,158287,-375.50552776702597
42,1343,158373,-516.0255375352772
42,1344,158463,-557.8036106758652
42,1345,158534,-437.6337493816559
42,1346,158617,-458.1396494442917
42,1347,158679,-400.34592066937245
42,1348,158762,-503.98493176525307
42,1349,158844,-628.0868074932895
42,1350,158933,-612.5960284354317
42,1351,159010,-392.499802171619
42,1352,159114,-714.5682580828421
42,1353,159171,-264.3948203784463
42,1354,159231,-418.47054213449326
42,1355,159315,-666.183333354658
42,1356,159377,-331.8233530672052
42,1357,159439,-266.2265766312107
42,1358,159521,-489.1351553436043
42,1359,159611,-643.6284872356766
42,1360,159704,-646.0726254897083
42,1361,159784,-493.9577199832315
42,1362,159856,-531.7146647161906
42,1363,159945,-604.4808267437493
42,1364,160032,-610.2971884639102
42,1365,160113,-479.213171235375
42,1366,160196,-490.2904111859162
42,1367,160263,-499.0365980182382
42,1368,160338,-560.7635066921379
42,1369,160431,-710.3995964399934
42,1370,160504,-428.2332193393544
42,1371,160584,-456.9207408072823
42,1372,160661,-618.0043041028105
42,1373,160738,-422.191832689563
42,1374,160803,-439.0330415293343
42,1375,160871,-550.1704096421997
42,1376,160931,-374.7036531496362
42,1377,161002,-390.384252805575
42,1378,161069,-419.23545059509087
42,1379,161157,-449.5139272220194
42,1380,161251,-707.2979561424916
42,1381,161338,-548.2982492703984
42,1382,161410,-558.3540312569007
42,1383,161501,-710.2427323207386
42,1384,161559,-387.39723853513925
42,1385,161611,-281.7367022648762
42,1386,161676,-374.91974595826
42,1387,161770,-701.4499623596812
42,1388,161868,-811.9835501636545
42,1389,161919,-260.17667772677805
42,1390,161997,-660.1258053206603
42,1391,162068,-525.2458316493588
42,1392,162148,-538.2554165564097
42,1393,162230,-555.7065687110921
42,1394,162329,-559.8158773452699
42,1395,162401,-515.0703234164216
42,1396,162456,-220.68199426912622
42,1397,162527,-544.1907831353838
42,1398,162595,-495.19637258096054
42,1399,162688,-753.2081546062483
42,1400,162768,-617.4912998109818
42,1401,162844,-589.0708684208297
42,1402,162927,-724.2044078957823
42,1403,162998,-471.415048316987
42,1404,163090,-842.1731081471436
42,1405,163150,-426.4213079043193
42,1406,163203,-270.14392807048216
42,1407,163292,-736.3952192786176
42,1408,163359,-472.2217720827898
42,1409,163427,-464.7827505185601
42,1410,163499,-627.4203844284311
42,1411,163584,-680.0688091784845
42,1412,163669,-847.578887267986
42,1413,163732,-481.1633954495904
42,1414,163796,-440.9230237630609
42,1415,163871,-592.1178420838207
42,1416,163965,-1016.1888220623466
42,1417,164043,-649.4248110192108
42,1418,164131,-763.0756348152075
42,1419,164183,-285.1775804442564
42,1420,164271,-761.2205625729023
42,1421,164345,-486.96824363631185
42,1422,164456,-414.6494819565957
42,1423,164537,-660.7922648641432
42,1424,164609,-522.6504396812832
42,1425,164666,-431.7812072711154
42,1426,164802,-420.2420540450942
42,1427,164870,-509.85509955502835
42,1428,164952,-531.8341715793749
42,1429,165025,-520.064729468023
42,1430,165114,-710.4066810495077
42,1431,165190,-517.1022678003644
42,1432,165267,-581.8077513825281
42,1433,165339,-521.4712190745253
42,1434,165396,-428.4144964682438
42,1435,165485,-485.52063906085186
42,1436,165538,-341.5592048468354
42,1437,165625,-805.6388256455956
42,1438,165695,-498.7078330532064
42,1439,165753,-441.6465885591807
42,1440,165806,-307.78886318393046
42,1441,165886,-464.08176682935846
42,1442,165955,-586.6511408163792
42,1443,166032,-638.2712172715418
42,1444,166120,-746.7986411728383
42,1445,166190,-546.08447000876
42,1446,166272,-479.38242269931766
42,1447,166357,-564.6485198810817
42,1448,166413,-439.2005000698437
42,1449,166484,-464.3033228912317
42,1450,166547,-580.5257705104698
42,1451,166616,-469.9047107643487
42,1452,166680,-446.18923641813575
42,1453,166735,-284.9566820760559
42,1454,166818,-467.2586248671855
42,1455,166886,-568.8656867142286
42,1456,166972,-456.9293253408631
42,1457,167024,-358.5139132209918
42,1458,167095,-603.8827176282537
42,1459,167163,-552.5314936679015
42,1460,167225,-493.3234905594395
42,1461,167286,-333.0302312705154
42,1462,167341,-346.53211040047256
42,1463,167418,-628.7225833150305
42,1464,167486,-607.8470621232532
42,1465,167539,-372.9656638363815
42,1466,167604,-439.0128662467774
42,1467,167666,-346.2868097203791
42,1468,167736,-465.8365343014944
42,1469,167795,-278.81346973298247
42,1470,167880,-458.8818538890381
42,1471,167973,-597.1377784446659
42,1472,168059,-729.1088295361124
42,1473,168112,-323.1882762104557
42,1474,168171,-316.45892450020983
42,1475,168251,-515.4738024155656
42,1476,168322,-657.8450190938938
42,1477,168394,-570.2746462575141
42,1478,168447,-254.95368634973963
42,1479,168514,-489.20980080643864
42,1480,168571,-407.86440926415133
42,1481,168649,-595.2310123816418
42,1482,168701,-369.41963456147494
42,1483,168759,-535.7326452934299
42,1484,168812,-444.62853120808677
42,1485,168875,-366.8015182380963
42,1486,168954,-718.3274020865798
42,1487,169010,-374.9057920913198
42,1488,169070,-488.5604569535241
42,1489,169137,-562.0055835282396
42,1490,169206,-555.9266085622146
42,1491,169279,-515.7045202365613
42,1492,169459,-410.4681285307973
42,1493,169540,-593.5393784154144
42,1494,169603,-380.1812765927094
42,1495,169674,-513.3237486883411
42,1496,169777,-406.8773534778292
42,1497,169864,-732.7456905489424
42,1498,169941,-448.45090455705366
42,1499,170008,-445.50450462493654
42,1500,170061,-325.2766405773542
42,1501,170127,-433.6696550035797
42,1502,170217,-425.8048338837126
42,1503,170272,-278.2850731915826
42,1504,170334,-504.24043534610854
42,1505,170416,-759.0349160711444
42,1506,170470,-412.27451105315185
42,1507,170541,-648.0400776361522
42,1508,170615,-593.1761827759539
42,1509,170700,-804.3499137002846
42,1510,170772,-624.829046048916
42,1511,170865,-670.3511483134666
42,1512,170938,-500.7242606814279
42,1513,171028,-785.0750495854143
42,1514,171093,-452.89696565196584
42,1515,171154,-480.8310034444625
42,1516,171217,-575.6450723605823
42,1517,171278,-453.06360977348334
42,1518,171342,-390.2657988218294
42,1519,171394,-360.8828132473543
42,1520,171451,-330.42423074490716
42,1521,171501,-387.61410103746636
42,1522,171579,-733.9401296211996
42,1523,171667,-623.0964775621454
42,1524,171721,-477.0504103158298
42,1525,171791,-599.6644552185653
42,1526,171875,-612.1539638200098
42,1527,171941,-501.7167147087018
42,1528,171999,-458.09496203086894
42,1529,172055,-382.24253187553506
42,1530,172113,-447.4608601426712
42,1531,172174,-401.83010796858923
42,1532,172229,-275.3210495037466
42,1533,172297,-553.9527101725416
42,1534,172393,-363.2376502061376
42,1535,172466,-519.1810158780827
42,1536,172557,-938.0298214265933
42,1537,172635,-705.613369738014
42,1538,172717,-772.2191586541304
42,1539,172769,-312.218087116089
42,1540,172836,-606.9277819688662
42,1541,172899,-446.54586100222735
42,1542,172967,-564.865894963373
42,1543,173033,-549.8086936386467
42,1544,173121,-820.4026007676018
42,1545,173184,-549.9948942251146
42,1546,173271,-726.9173469390666
42,1547,173332,-513.4892214040376
42,1548,173392,-503.62513817762664
42,1549,173448,-471.0974552734838
42,1550,173532,-734.5931569245462
42,1551,173605,-543.0822256944393
42,1552,173679,-664.4313988699945
42,1553,173742,-426.5137054594789
42,1554,173810,-484.4759937090356
42,1555,173879,-562.3051290882314
42,1556,173954,-717.9684069092517
42,1557,174027,-438.2965579875251
42,1558,174111,-880.5880784078112
42,1559,174195,-704.1013911188633
42,1560,174251,-340.7551573898141
42,1561,174304,-418.17096358966506
42,1562,174366,-442.3093648761999
42,1563,174432,-561.8993464676278
42,1564,174528,-325.8621056558739
42,1565,174589,-561.7499081209605
42,1566,174644,-309.46033728142595
42,1567,174704,-389.180942789876
42,1568,174784,-642.5348731545915
42,1569,174834,-371.6910930011779
42,1570,174885,-361.31159421688847
42,1571,174944,-390.2298356659606
42,1572,174999,-283.39579278379756
42,1573,175078,-765.5317406630915
42,1574,175126,-348.262757304105
42,1575,175189,-536.1053371076418
42,1576,175266,-711.8104821768492
42,1577,175328,-460.8990645376112
42,1578,175405,-513.7594034712346
42,1579,175515,-425.1573121730782
42,1580,175587,-653.5072697173339
42,1581,175670,-799.3588784061442
42,1582,175746,-443.4283340220507
42,1583,175835,-683.2676535868901
42,1584,175896,-464.7461942912557
42,1585,175984,-846.4879944974772
42,1586,176043,-343.7015605367715
42,1587,176101,-473.2409060681183
42,1588,176156,-406.1789572892887
42,1589,176213,-516.2937495307403
42,1590,176265,-324.06350264911407
42,1591,176321,-345.83553954744445
42,1592,176381,-455.34327028295155
42,1593,176464,-769.3758167600357
42,1594,176532,-588.0807411114122
42,1595,176597,-527.0010774113306
42,1596,176651,-405.64447712827047
42,1597,176714,-482.1403368272646
42,1598,176794,-722.8892826594442
42,1599,176858,-462.58144898493936
42,1600,176930,-492.76933380583563
42,1601,176992,-489.040395314343
42,1602,177068,-553.1156941424791
42,1603,177154,-863.0161437320214
42,1604,177217,-452.90785248457905
42,1605,177273,-353.9280984251466
42,1606,177323,-352.92093446115643
42,1607,177406,-859.0060659658643
42,1608,177458,-295.79925793148135
42,1609,177520,-426.79739472734195
42,1610,177610,-846.5821439172712
42,1611,177698,-829.6365827948931
42,1612,177750,-399.62709385888616
42,1613,177826,-633.662713133526
42,1614,177890,-578.3686477464299
42,1615,177944,-426.24869060905604
42,1616,178022,-570.1091234598991
42,1617,178095,-554.8795092878324
42,1618,178147,-339.24589889503875
42,1619,178197,-382.24093695329543
42,1620,178263,-564.3404307305005
42,1621,178339,-502.1171024996687
42,1622,178401,-433.95486299225894
42,1623,178454,-355.81430372097435
42,1624,178510,-413.88716412356234
42,1625,178572,-412.83816966686857
42,1626,178635,-575.8311007914701
42,1627,178700,-488.5847655269218
42,1628,178782,-793.4671722473578
42,1629,178845,-494.552816227447
42,1630,178907,-476.3190122370843
42,1631,178963,-482.6630293494216
42,1632,179049,-764.3197304208796
42,1633,179110,-428.3097792624695
42,1634,179191,-859.1966582943884
42,1635,179265,-527.5526456307698
42,1636,179322,-469.76842610118536
42,1637,179403,-653.9063409211318
42,1638,179475,-641.3336219753897
42,1639,179536,-507.83030234722696
42,1640,179610,-589.3183270656298
42,1641,179668,-339.31106984262124
42,1642,179725,-431.14661367667196
42,1643,179794,-494.6213243680814
42,1644,179851,-381.10415077973903
42,1645,179919,-471.2022959237119
42,1646,179978,-416.3827895932102
42,1647,180066,-722.2269936831093
42,1648,180122,-429.0662750168098
42,1649,180192,-560.6251674458158
42,1650,180275,-844.4569907507803
42,1651,180338,-521.5097690303267
42,1652,180407,-639.9052548503904
42,1653,180490,-628.049114422797
42,1654,180555,-445.6904512401984
42,1655,180614,-371.1190865043019
42,1656,180701,-712.1176904378074
42,1657,180771,-573.9836555291657
42,1658,180859,-830.2926586126817
42,1659,180936,-738.3092406110311
42,1660,180996,-473.42783046363013
42,1661,181052,-355.355605099571
42,1662,181115,-415.20451984842987
42,1663,181166,-366.85273717998496
42,1664,181235,-481.16452490859325
42,1665,181298,-445.5290608432864
42,1666,181352,-359.66825287826134
42,1667,181403,-401.454258561942
42,1668,181476,-579.7145951564639
42,1669,181540,-553.0715176108774
42,1670,181635,-379.46841782051786
42,1671,181689,-411.72385038519326
42,1672,181741,-368.34890671992235
42,1673,181793,-320.9958994640716
42,1674,181847,-434.08077014794065
42,1675,181906,-358.8205394899487
42,1676,181985,-815.0057973854022
42,1677,182065,-526.2809069611201
42,1678,182121,-339.3251667084982
42,1679,182180,-462.5675378089204
42,1680,182255,-492.7249518597467
42,1681,182305,-356.9790644757948
42,1682,182377,-531.4741461682058
42,1683,182461,-453.7951024455541
42,1684,182526,-504.51638177201545
42,1685,182607,-788.7698090248961
42,1686,182682,-452.2244620539632
42,1687,182741,-394.8310914241312
42,1688,182816,-501.7576471702381
42,1689,182866,-354.3231576849561
42,1690,182949,-795.2069117966565
42,1691,183067,-1160.006333997111
42,1692,183155,-925.7892573626999
42,1693,183207,-396.15302020196725
42,1694,183271,-480.4447902672398
42,1695,183329,-542.3494473272601
42,1696,183412,-498.97881219601635
42,1697,183499,-769.1888104392215
42,1698,183557,-475.8791743354406
42,1699,183642,-820.8796095379917
42,1700,183706,-359.1092042849634
42,1701,183760,-439.63738404514356
42,1702,183816,-465.7570236883447
42,1703,183872,-353.92808982093845
42,1704,183942,-536.7699046741036
42,1705,184013,-628.8637738954056
42,1706,184093,-487.1229902814987
42,1707,184173,-508.1104716496111
42,1708,184246,-522.4117862475068
42,1709,184304,-471.3104397967802
42,1710,184372,-565.5086372484107
42,1711,184451,-504.4635302798988
42,1712,184516,-462.0553121153053
42,1713,184585,-610.6834694935326
42,1714,184646,-546.4935714219716
42,1715,184706,-477.8107110231458
42,1716,184757,-220.26609979946952
42,1717,184819,-392.08522398641395
42,1718,184904,-732.0977420032513
42,1719,184994,-822.8821472355593
42,1720,185062,-483.2527195816799
42,1721,185126,-470.82189684035063
42,1722,185193,-571.4382912261077
42,1723,185247,-409.90144742548785
42,1724,185330,-769.2263153402317
42,1725,185384,-467.9988680946542
42,1726,185448,-503.7076972718399
42,1727,185500,-388.6654771893741
42,1728,185552,-345.4404238262721
42,1729,185630,-484.89358985074614
42,1730,185708,-588.2770975286722
42,1731,185762,-326.25155501405084
42,1732,185859,-682.5492550637163
42,1733,185945,-675.2732930513444
42,1734,186015,-632.0384750258323
42,1735,186085,-591.757210477479
42,1736,186151,-552.8633569614352
42,1737,186203,-292.96610435291484
42,1738,186265,-535.1600671724996
42,1739,186346,-771.4369214106564
42,1740,186421,-642.4313438585409
42,1741,186485,-542.7301381808006
42,1742,186548,-533.299965279235
42,1743,186616,-494.8356905237954
42,1744,186698,-697.8063411120124
42,1745,186758,-491.70001456379464
42,1746,186820,-509.39714748943754
42,1747,186881,-503.86465875187673
42,1748,186938,-423.999465165145
42,1749,186988,-298.88419224768654
42,1750,187052,-497.78967024934934
42,1751,187136,-889.995790956911
42,1752,187210,-688.5118206583285
42,1753,187284,-668.1877816984594
42,1754,187357,-566.6965184207993
42,1755,187432,-538.6573279490685
42,1756,187503,-530.5831058479309
42,1757,187573,-490.28254336328325
42,1758,187645,-469.25832932323
42,1759,187709,-548.2441715351251
42,1760,187768,-421.6475956504885
42,1761,187821,-384.2422764362187
42,1762,187880,-494.8945787161177
42,1763,187955,-550.3880094518518
42,1764,188022,-524.0229191791332
42,1765,188086,-427.21103930078317
42,1766,188148,-533.4873669434749
42,1767,188218,-528.7579947656257
42,1768,188297,-666.0324654744754
42,1769,188360,-492.13421396488224
42,1770,188410,-385.2572964871096
42,1771,188492,-829.0919347823025
42,1772,188555,-574.7344920923813
42,1773,188615,-458.63787700345637
42,1774,188675,-419.37164405508963
42,1775,188765,-772.5125183871844
42,1776,188828,-472.01256835649156
42,1777,188899,-584.6158524842031
42,1778,188973,-590.3997425691688
42,1779,189032,-494.29317981426846
42,1780,189082,-404.02387053323355
42,1781,189150,-619.8455273408488
42,1782,189227,-456.60676303242644
42,1783,189299,-443.8719380375908
42,1784,189380,-779.7613588988978
42,1785,189436,-477.0225285750762
42,1786,189490,-339.37929167712446
42,1787,189541,-426.9401321188631
42,1788,189597,-460.5452087460973
42,1789,189664,-481.0992693817659
42,1790,189737,-557.1320983713139
42,1791,189814,-684.5173336178469
42,1792,189863,-385.2529325655916
42,1793,189948,-849.4802437707484
42,1794,190029,-403.6566811404681
42,1795,190099,-550.2460718949054
42,1796,190183,-726.6914353041989
42,1797,190281,-447.51383595256715
42,1798,190348,-591.2951305308894
42,1799,190407,-353.4612972153096
42,1800,190465,-524.718198787531
42,1801,190540,-551.1761124084928
42,1802,190622,-626.8123852449249
42,1803,190680,-505.30175865136783
42,1804,190734,-477.211239033216
42,1805,190793,-390.3804767622382
42,1806,190872,-755.8431243259648
42,1807,190933,-373.25424592035597
42,1808,190999,-526.0376292381815
42,1809,191075,-529.3032387196009
42,1810,191141,-540.239073274738
42,1811,191192,-343.1683479890962
42,1812,191290,-365.7231647972323
42,1813,191381,-605.1184419456603
42,1814,191465,-712.4635128564137
42,1815,191540,-474.4948910090653
42,1816,191606,-481.9626498402705
42,1817,191703,-1092.5462771619427
42,1818,191763,-438.84498665780745
42,1819,191823,-509.641109339165
42,1820,191877,-441.39572460943907
42,1821,191945,-639.4165861987001
42,1822,192001,-418.89021590539056
42,1823,192054,-464.89605776568385
42,1824,192126,-592.7515829112356
42,1825,192177,-333.6894361831821
42,1826,192240,-558.7234677709021
42,1827,192315,-514.1177556829535
42,1828,192386,-509.798653078395
42,1829,192445,-474.04466474391427
42,1830,192517,-553.6982800592936
42,1831,192594,-596.0873067094992
42,1832,192646,-405.0306913050731
42,1833,192699,-428.64266410588397
42,1834,192771,-530.2979797167778
42,1835,192839,-502.45785302887253
42,1836,192894,-332.7690104886649
42,1837,192953,-520.9506208576212
42,1838,193016,-569.4905832157599
42,1839,193084,-620.0304481614187
42,1840,193146,-552.877711297081
42,1841,193229,-805.8227294888683
42,1842,193288,-459.56408309424233
42,1843,193378,-967.5676560534854
42,1844,193451,-684.0409208869482
42,1845,193509,-463.76400248728675
42,1846,193560,-428.9237579990889
42,1847,193638,-533.6950198190173
42,1848,193720,-751.0019563368095
42,1849,193801,-794.5357607710945
42,1850,193886,-744.9379340820129
42,1851,193942,-446.2946069644443
42,1852,194021,-733.3648766223495
42,1853,194072,-402.32220129984387
42,1854,194138,-479.5800241843725
42,1855,194203,-607.3100349018717
42,1856,194277,-500.02570434796894
42,1857,194332,-322.7381698141595
42,1858,194398,-472.6672901042915
42,1859,194465,-589.0297685703172
42,1860,194530,-492.97528200030973
42,1861,194597,-585.9032410695092
42,1862,194676,-772.963762077668
42,1863,194756,-616.9084364984723
42,1864,194817,-558.3322619272687
42,1865,194881,-568.7691839701484
42,1866,194951,-402.5053402540119
42,1867,195039,-996.3865672338039
42,1868,195100,-434.93873512942304
42,1869,195168,-611.0748765489333
42,1870,195231,-456.7539006671156
42,1871,195305,-549.8823182380087
42,1872,195375,-681.7736551923459
42,1873,195430,-394.2371691211808
42,1874,195490,-431.1744130289749
42,1875,195573,-827.3841717065656
42,1876,195625,-300.3947805225474
42,1877,195699,-707.5584413900335
42,1878,195761,-447.15722601362415
42,1879,195811,-420.53256024646765
42,1880,195881,-529.3999218434915
42,1881,195973,-329.3523054507691
42,1882,196025,-373.6678426465753
42,1883,196090,-433.45033211728503
42,1884,196171,-831.1882584830196
42,1885,196240,-631.8019121352511
42,1886,196304,-495.9365276731886
42,1887,196359,-381.740190382181
42,1888,196435,-740.0794561260434
42,1889,196513,-770.8569798707097
42,1890,196586,-725.9558173344332
42,1891,196670,-798.3035356268404
42,1892,196721,-440.8094329591643
42,1893,196801,-812.0979233919148
42,1894,196871,-541.2379351318492
42,1895,196952,-758.27047004124
42,1896,197021,-541.1570099957813
42,1897,197111,-1053.6699413769327
42,1898,197178,-581.7507924918932
42,1899,197240,-496.7329633985951
42,1900,197295,-444.62516633464196
42,1901,197346,-408.4237956338281
42,1902,197434,-726.2063316844019
42,1903,197498,-454.8492249380392
42,1904,197584,-1021.2648746674254
42,1905,197641,-504.194146931408
42,1906,197700,-417.7358510921696
42,1907,197764,-485.0934168101444
42,1908,197840,-460.60149119816515
42,1909,197910,-555.048613034802
42,1910,197989,-849.9083764773393
42,1911,198050,-432.07283084918987
42,1912,198109,-569.6968248511615
42,1913,198164,-489.7055478283143
42,1914,198234,-504.94548979081424
42,1915,198309,-737.7296582313851
42,1916,198362,-377.3470832026636
42,1917,198415,-401.3151742187622
42,1918,198469,-379.7684755209442
42,1919,198561,-330.1780190212478
42,1920,198615,-440.60776241146243
42,1921,198683,-547.0323458498356
42,1922,198754,-487.1047486331777
42,1923,198842,-1032.4616741623508
42,1924,198902,-455.5697134455174
42,1925,198959,-510.5658402364364
42,1926,199024,-584.6104424685373
42,1927,199099,-702.7844970374682
42,1928,199156,-426.8498340963253
42,1929,199229,-599.7416572503415
42,1930,199313,-915.4399224205056
42,1931,199369,-456.3633941008645
42,1932,199446,-791.307704322413
42,1933,199511,-496.73950736266386
42,1934,199576,-500.33445448475686
42,1935,199633,-431.83333944014186
42,1936,199684,-351.89923733600483
42,1937,199742,-368.2634384885171
42,1938,199815,-689.6165785607521
42,1939,199869,-391.8393045305597
42,1940,199925,-418.22014390281515
42,1941,199991,-512.6522856311433
42,1942,200056,-583.3777110455169
42,1943,200108,-459.5113632188621
42,1944,200189,-751.8323041877992
42,1945,200270,-598.9370219508139
42,1946,200336,-533.4626252773912
42,1947,200417,-646.5161678980252
42,1948,200483,-501.44680187110225
42,1949,200543,-441.0217032316089
42,1950,200596,-406.5276321025279
42,1951,200662,-489.62608496198266
42,1952,200734,-460.48654516952126
42,1953,200810,-747.7546718736367
42,1954,200874,-510.07605315639495
42,1955,200964,-540.7278811668712
42,1956,201021,-520.4238087490309
42,1957,201081,-408.87025868072107
42,1958,201136,-463.44839203656693
42,1959,201210,-612.0313120390755
42,1960,201276,-523.9599657824024
42,1961,201340,-468.6670612474128
42,1962,201395,-425.1430788774937
42,1963,201449,-402.91592062181405
42,1964,201523,-699.7405289860936
42,1965,201599,-754.6749780352849
42,1966,201688,-976.0301526575374
42,1967,201771,-715.935224929662
42,1968,201849,-755.3497272219045
42,1969,201929,-667.2232098301957
42,1970,201987,-544.3854363637976
42,1971,202041,-416.12440524956344
42,1972,202109,-517.2795713823712
42,1973,202162,-343.36396771402474
42,1974,202223,-437.61028848514655
42,1975,202280,-498.5256651844866
42,1976,202365,-941.2030681173208
42,1977,202440,-455.49522608262157
42,1978,202513,-617.8873725267681
42,1979,202600,-845.0526593260364
42,1980,202658,-406.51577313483153
42,1981,202715,-472.909777286072
42,1982,202786,-500.39396527535655
42,1983,202860,-490.48729967423947
42,1984,202914,-368.7556977048712
42,1985,202989,-700.9927035845772
42,1986,203039,-426.1495117966732
42,1987,203116,-619.5159643715142
42,1988,203168,-356.9528144177872
42,1989,203228,-462.3995727003873
42,1990,203314,-772.8570022102175
42,1991,203379,-507.29097387946257
42,1992,203433,-326.8662355844024
42,1993,203493,-538.1011277644445
42,1994,203570,-775.4047817321264
42,1995,203646,-708.8288991555419
42,1996,203703,-496.4681246989822
42,1997,203765,-544.9944731458984
42,1998,203846,-821.0397714559704
42,1999,203910,-532.3306394681653
42,2000,203969,-448.0749056491962
42,2001,204026,-512.8894731064809
42,2002,204089,-452.3801401386016
42,2003,204144,-392.4094780021538
42,2004,204208,-540.7871766927174
42,2005,204259,-316.1552670054682
42,2006,204311,-289.0467803811725
42,2007,204395,-862.4146325557055
42,2008,204465,-556.8835433583786
42,2009,204542,-745.1274347467026
42,2010,204630,-859.8783711031926
42,2011,204706,-445.2544869212835
42,2012,204784,-726.5495097607915
42,2013,204860,-701.2166835597947
42,2014,204912,-365.504680606953
42,2015,204964,-363.99669779056103
42,2016,205018,-479.0250181268919
42,2017,205085,-498.4652795288422
42,2018,205162,-649.474301392755
42,2019,205245,-769.8207504268811
42,2020,205328,-781.7295804140683
42,2021,205397,-527.2248228772139
42,2022,205481,-746.9314688081561
42,2023,205557,-508.44103258465066
42,2024,205647,-403.5546889634725
42,2025,205704,-461.1361256531954
42,2026,205773,-533.5434678401359
42,2027,205829,-445.61799336600984
42,2028,205902,-558.4253114963185
42,2029,205978,-563.2667331426666
42,2030,206034,-370.0078523031052
42,2031,206085,-429.89780089863103
42,2032,206154,-606.5156241259397
42,2033,206215,-463.84090423446736
42,2034,206277,-560.6587897211062
42,2035,206355,-798.4598586335134
42,2036,206414,-507.87590291454694
42,2037,206476,-465.3296457288681
42,2038,206535,-516.7546585565271
42,2039,206599,-496.67811717852607
42,2040,206680,-528.9348020414717
42,2041,206757,-477.75112015612547
42,2042,206822,-496.5824989801231
42,2043,206891,-645.5354403375117
42,2044,206964,-493.0291312677592
42,2045,207040,-425.6415532744652
42,2046,207122,-629.6538351803043
42,2047,207171,-402.5345007506608
42,2048,207225,-353.890289171041
42,2049,207277,-405.6178350293324
42,2050,207360,-708.2102565346131
42,2051,207436,-779.0958889254091
42,2052,207495,-566.999053820461
42,2053,207562,-543.7269630118116
42,2054,207642,-647.7174900442847
42,2055,207700,-405.99606378985516
42,2056,207761,-547.6855611835072
42,2057,207842,-843.5698017510468
42,2058,207909,-502.7725250891136
42,2059,207962,-442.81722181912585
42,2060,208021,-530.4773918631261
42,2061,208088,-616.3240204984285
42,2062,208169,-643.3715328164488
42,2063,208223,-418.658827537498
42,2064,208278,-492.1761584130623
42,2065,208346,-490.4443784246539
42,2066,208418,-612.2672104596688
42,2067,208494,-746.4223861638402
42,2068,208546,-364.5342985234957
42,2069,208606,-436.5526873942529
42,2070,208662,-487.65506853663646
42,2071,208740,-657.4071908674971
42,2072,208799,-387.7414088760783
42,2073,208851,-390.22222922287426
42,2074,208908,-381.43278331976245
42,2075,208973,-570.832855429398
42,2076,209037,-491.8662902918285
42,2077,209116,-689.692426674081
42,2078,209175,-401.9840039161755
42,2079,209254,-478.64768265243595
42,2080,209334,-840.9889391789771
42,2081,209387,-360.3081293695877
42,2082,209454,-644.2044374191206
42,2083,209506,-351.45197290070917
42,2084,209567,-524.1209803151821
42,2085,209639,-494.0514797793646
42,2086,209713,-671.0857791078092
42,2087,209787,-712.9400853140252
42,2088,209854,-513.8048038754642
42,2089,209924,-519.150365552309
42,2090,209999,-494.8834301361751
42,2091,210086,-785.4321478785156
42,2092,210150,-601.6036993502958
42,2093,210210,-466.62657496675934
42,2094,210272,-535.2204694601627
42,2095,210353,-707.4126329586538
42,2096,210411,-504.76022075532575
42,2097,210466,-379.2274330272069
42,2098,210518,-431.31587703359656
42,2099,210602,-725.3937923606769
42,2100,210656,-422.9671342753761
42,2101,210738,-759.2224957219496
42,2102,210799,-547.3786872844402
42,2103,210864,-556.0594452294386
42,2104,210938,-676.4462880284553
42,2105,211007,-430.7941528756753
42,2106,211072,-568.4451598688023
42,2107,211153,-813.6890307478674
42,2108,211212,-533.3967932975529
42,2109,211272,-464.3360255439093
42,2110,211361,-1056.7251255697329
42,2111,211416,-462.02287664662373
42,2112,211477,-535.4224405885186
42,2113,211536,-430.8022580769933
42,2114,211614,-622.7469715845629
42,2115,211678,-493.2768754310082
42,2116,211729,-388.19829539491485
42,2117,211782,-434.4212338566354
42,2118,211857,-797.6027958248266
42,2119,211924,-541.7310271016943
42,2120,211997,-461.88614527336404
42,2121,212053,-495.3338545788522
42,2122,212116,-470.56359189039995
42,2123,212169,-463.2172937962975
42,2124,212247,-768.6385937741538
42,2125,212329,-748.1990712932876
42,2126,212383,-354.2640947280629
42,2127,212450,-641.2346254510196
42,2128,212503,-341.370121988234
42,2129,212558,-459.23001740583584
42,2130,212672,-591.8807513093532
42,2131,212725,-364.8241448560879
42,2132,212786,-495.0222233274251
42,2133,212868,-833.3704247261581
42,2134,212950,-680.1075293206236
42,2135,213002,-415.99300237795796
42,2136,213075,-575.6254602206619
42,2137,213132,-485.67279450745286
42,2138,213194,-464.36857697018206
42,2139,213250,-470.88006112269716
42,2140,213326,-526.8972956515087
42,2141,213394,-591.8685409489808
42,2142,213446,-419.25944913597266
42,2143,213515,-502.9332138966132
42,2144,213571,-430.91638271653335
42,2145,213632,-439.89894807061313
42,2146,213711,-799.0903034907761
42,2147,213794,-667.36099221115
42,2148,213866,-567.3741781897716
42,2149,213923,-497.92260796652744
42,2150,213981,-462.63299781310576
42,2151,214034,-390.26299788283376
42,2152,214109,-702.5536776646479
42,2153,214165,-517.5455793132605
42,2154,214244,-739.7059618105735
42,2155,214327,-729.7247327474921
42,2156,214385,-489.7464482780295
42,2157,214466,-386.5956933802144
42,2158,214536,-674.471982556633
42,2159,214586,-394.00930087930004
42,2160,214641,-367.18446996616757
42,2161,214695,-437.21673987354313
42,2162,214781,-1021.0110347580897
42,2163,214839,-473.74355214291916
42,2164,214890,-286.09795369420993
42,2165,214975,-770.1167265401078
42,2166,215027,-456.9260718218069
42,2167,215102,-486.8459646671273
42,2168,215156,-472.4251863494201
42,2169,215217,-426.9030442607378
42,2170,215284,-536.62318534341
42,2171,215349,-475.6932757540136
42,2172,215422,-441.62212856337476
42,2173,215473,-328.4818008154872
42,2174,215525,-463.77603503381795
42,2175,215592,-586.7097355083799
42,2176,215645,-309.9652947587042
42,2177,215703,-469.84620237173425
42,2178,215781,-809.4372369068186
42,2179,215840,-496.09125937353826
42,2180,215909,-653.1301126253098
42,2181,215979,-652.1565001370864
42,2182,216048,-568.1469784571316
42,2183,216103,-487.87382807109975
42,2184,216178,-517.7600966612226
42,2185,216257,-596.7181123619137
42,2186,216330,-676.0535721098827
42,2187,216394,-499.322851458359
42,2188,216454,-515.3528714414936
42,2189,216518,-459.83887577818064
42,2190,216604,-868.0001816695428
42,2191,216675,-581.8960412504598
42,2192,216735,-448.7628206448524
42,2193,216813,-819.6293429721508
42,2194,216885,-726.3122391392353
42,2195,216965,-814.1394146231229
42,2196,217041,-603.9516344700504
42,2197,217112,-619.277328931625
42,2198,217189,-710.9099319384176
42,2199,217257,-507.79592085572926
42,2200,217328,-460.55868003025785
42,2201,217415,-1031.686446510908
42,2202,217472,-368.5156882739204
42,2203,217523,-396.49742328812573
42,2204,217604,-691.4770770379107
42,2205,217694,-840.0361321538601
42,2206,217751,-385.1044120715326
42,2207,217850,-1070.3823239417693
42,2208,217934,-834.6328315863085
42,2209,218018,-824.9613848393022
42,2210,218077,-418.7902123756369
42,2211,218150,-525.902343965184
42,2212,218227,-490.72161499898357
42,2213,218280,-347.8421955329377
42,2214,218360,-702.6474783361731
42,2215,218445,-988.5966100563151
42,2216,218526,-706.6012863679157
42,2217,218606,-731.5540487740094
42,2218,218665,-460.7811919397792
42,2219,218724,-485.8591864660453
42,2220,218795,-632.4113544221296
42,2221,218856,-480.4881794355508
42,2222,218926,-579.093570852671
42,2223,218984,-485.65801453662345
42,2224,219035,-439.8250142307311
42,2225,219119,-790.9277758269731
42,2226,219192,-627.1001952491628
42,2227,219247,-421.04737432310304
42,2228,219313,-513.767851332839
42,2229,219390,-641.822981519146
42,2230,219450,-534.0676345861887
42,2231,219538,-794.767575558578
42,2232,219605,-542.7438750639456
42,2233,219689,-828.9894529405195
42,2234,219748,-521.0207248800325
42,2235,219805,-477.53828574595593
42,2236,219892,-758.0765193608446
42,2237,219972,-779.1521731275872
42,2238,220039,-612.9663576117688
42,2239,220105,-512.6424514860062
42,2240,220156,-426.67735764067703
42,2241,220238,-794.1880706651286
42,2242,220304,-607.7896636534603
42,2243,220381,-651.70060092385
42,2244,220432,-338.19497740108477
42,2245,220488,-490.45425873734337
42,2246,220556,-558.821450787419
42,2247,220621,-579.5294582971483
42,2248,220692,-581.3570005623505
42,2249,220758,-541.1352958351549
42,2250,220818,-504.5215822834327
42,2251,220868,-388.5109475753889
42,2252,220916,-379.53819277113325
42,2253,220975,-503.7472816983074
42,2254,221062,-993.8491077808079
42,2255,221128,-472.7169055119279
42,2256,221187,-493.65455303239673
42,2257,221246,-528.2601312051902
42,2258,221331,-866.2310098772421
42,2259,221409,-676.4506531581699
42,2260,221477,-560.431567622587
42,2261,221550,-447.95923152615217
42,2262,221624,-440.1001594078326
42,2263,221707,-806.1756764377742
42,2264,221758,-386.56565765393816
42,2265,221809,-419.790605281697
42,2266,221888,-539.3054595501324
42,2267,221945,-409.1674600683317
42,2268,222034,-774.7046289986737
42,2269,222099,-465.7849648446012
42,2270,222167,-529.351708985186
42,2271,222243,-643.7428784639862
42,2272,222300,-417.92457298750855
42,2273,222350,-387.8246664582196
42,2274,222405,-350.9931993364992
42,2275,222479,-759.0197319576862
42,2276,222536,-497.6958795591606
42,2277,222590,-370.44471654351224
42,2278,222646,-408.68718811057124
42,2279,222701,-368.5579012974822
42,2280,222763,-484.3088339552054
42,2281,222848,-791.2590201435529
42,2282,222930,-671.9378744142343
42,2283,222999,-514.4921624390256
42,2284,223079,-857.692041978982
42,2285,223143,-498.0737609319965
42,2286,223208,-476.7820331838822
42,2287,223260,-323.58239144498475
42,2288,223328,-658.6918218009876
42,2289,223402,-494.62635324383757
42,2290,223453,-383.47493564664103
42,2291,223526,-726.9990714269774
42,2292,223609,-544.0516278102431
42,2293,223667,-408.4629760100433
42,2294,223738,-582.1161711931667
42,2295,223826,-375.14670348070626
42,2296,223885,-412.2116061751707
42,2297,223949,-506.4787482883577
42,2298,224031,-789.3624428954914
42,2299,224103,-702.4662702856659
42,2300,224162,-528.3883749906884
42,2301,224235,-649.0435980282845
42,2302,224309,-526.0687000283008
42,2303,224387,-759.4096579542754
42,2304,224445,-397.2357039237065
42,2305,224518,-553.0662504322827
42,2306,224568,-410.99155202434866
42,2307,224654,-783.9781675640342
42,2308,224742,-692.6707166711994
42,2309,224812,-655.0591565869161
42,2310,224886,-569.5799923141567
42,2311,224968,-737.8114404452253
42,2312,225051,-791.2404381662259
42,2313,225107,-379.5675833962638
42,2314,225167,-457.471231576102
42,2315,225228,-597.2260347141469
42,2316,225290,-535.3055598572566
42,2317,225348,-472.42241487958387
42,2318,225438,-906.8629157373289
42,2319,225528,-881.2588843290197
42,2320,225614,-630.2074880211475
42,2321,225676,-531.385196414921
42,2322,225730,-453.7087281330826
42,2323,225799,-682.867711121343
42,2324,225855,-388.21234612032947
42,2325,225934,-696.396704723571
42,2326,225990,-445.9577249946786
42,2327,226068,-688.32255839264
42,2328,226136,-532.8171922623367
42,2329,226207,-702.0532177215329
42,2330,226273,-581.4406325554451
42,2331,226351,-799.0269994475066
42,2332,226406,-392.7858810423365
42,2333,226490,-827.6640874436566
42,2334,226545,-438.26127876111264
42,2335,226626,-858.6339988325115
42,2336,226702,-448.642296647884
42,2337,226787,-781.6876008804779
42,2338,226842,-410.1885151179259
42,2339,226927,-834.9913685826161
42,2340,227009,-619.8075318378295
42,2341,227068,-480.57202538631344
42,2342,227138,-553.1481701362002
42,2343,227221,-697.1759999557238
42,2344,227291,-528.1031029808405
42,2345,227356,-562.5598705807784
42,2346,227409,-457.1133170865232
42,2347,227470,-452.0986089706322
42,2348,227532,-566.6559258857133
42,2349,227597,-491.8510199460353
42,2350,227664,-463.7244517157012
42,2351,227722,-391.81457828704447
42,2352,227778,-456.5211060489848
42,2353,227868,-367.20234362877727
42,2354,227947,-732.6729220687262
42,2355,228009,-522.5205470044208
42,2356,228071,-570.6437702072797
42,2357,228137,-509.2695294389719
42,2358,228198,-563.7822167947817
42,2359,228245,-365.75179811251627
42,2360,228297,-409.4136958379537
42,2361,228350,-337.54721767375975
42,2362,228431,-747.875093026364
42,2363,228500,-681.6995170613532
42,2364,228560,-548.4447319765555
42,2365,228637,-800.2585389683935
42,2366,228688,-352.94188651291745
42,2367,228756,-534.5221080414047
42,2368,228822,-619.1685791541149
42,2369,228900,-643.9941091521681
42,2370,228992,-554.3361677791715
42,2371,229050,-470.6573995419212
42,2372,229139,-951.3458943625352
42,2373,229208,-620.2238472998413
42,2374,229283,-653.328259580708
42,2375,229339,-503.5911962633329
42,2376,229405,-567.405758449728
42,2377,229490,-865.4942839287711
42,2378,229566,-633.1153434817361
42,2379,229655,-724.8143133898315
42,2380,229710,-374.5812445786808
42,2381,229786,-798.1445653472751
42,2382,229850,-519.2064767439449
42,2383,229903,-445.5541618920578
42,2384,229964,-447.1064568649447
42,2385,230016,-450.01582256331517
42,2386,230075,-540.8052810065259
42,2387,230125,-363.4048117573568
42,2388,230195,-652.4355082508158
42,2389,230250,-428.09794739286
42,2390,230333,-833.3789822734941
42,2391,230397,-580.0367289853268
42,2392,230466,-639.2500878781084
42,2393,230521,-389.34726221197263
42,2394,230576,-365.03984833214713
42,2395,230640,-549.323678834767
42,2396,230698,-498.59985321206653
42,2397,230762,-567.9086956871321
42,2398,230812,-315.2689651645238
42,2399,230891,-854.953635050128
42,2400,230954,-582.3655684366356
42,2401,231016,-497.6319786059033
42,2402,231078,-577.3089828544782
42,2403,231157,-846.9048475285211
42,2404,231248,-781.1322672978661
42,2405,231323,-669.56066586272
42,2406,231378,-466.6269692474474
42,2407,231430,-264.5855989511235
42,2408,231484,-430.78945010688466
42,2409,231569,-687.0153936949791
42,2410,231652,-825.8338505772667
42,2411,231720,-567.3431530705936
42,2412,231795,-736.6798337601884
42,2413,231846,-343.20301506966985
42,2414,231903,-388.7224480616437
42,2415,231966,-472.3754649102003
42,2416,232068,-496.29546781450244
42,2417,232131,-465.34842343038406
42,2418,232209,-630.9353248815328
42,2419,232283,-645.5062492436693
42,2420,232362,-730.4504589930107
42,2421,232416,-366.8115083334495
42,2422,232466,-387.8867703942521
42,2423,232524,-430.21034889534945
42,2424,232601,-593.5759029069219
42,2425,232657,-420.620384210635
42,2426,232715,-410.4263349656191
42,2427,232793,-525.8883336556579
42,2428,232878,-824.1630163413328
42,2429,232961,-771.040154644324
42,2430,233036,-650.9701524459043
42,2431,233088,-441.0207844507119
42,2432,233164,-723.5078680273137
42,2433,233242,-762.2988068205293
42,2434,233321,-827.1823660257191
42,2435,233375,-454.99975241498976
42,2436,233454,-772.9598343298849
42,2437,233505,-309.6206713562285
42,2438,233564,-521.2877063682906
42,2439,233631,-626.2178423738177
42,2440,233694,-552.8307641543506
42,2441,233747,-465.4028996680414
42,2442,233802,-407.84643559906857
42,2443,233857,-427.9840577020571
42,2444,233940,-872.4276306134407
42,2445,234013,-673.9684134025662
42,2446,234064,-384.25840188112414
42,2447,234115,-372.33623994368384
42,2448,234199,-368.49970408141587
42,2449,234262,-543.2416578256548
42,2450,234325,-435.69079665184796
42,2451,234402,-720.1101005603336
42,2452,234478,-739.62907280693
42,2453,234547,-564.5253354318513
42,2454,234622,-392.6320547909867
42,2455,234684,-556.9145272500838
42,2456,234759,-432.86996332091326
42,2457,234827,-591.1745791486421
42,2458,234891,-587.3986689589954
42,2459,234942,-424.29769436357776
42,2460,235004,-559.7354670491975
42,2461,235071,-576.1635725865428
42,2462,235157,-700.1356732623244
42,2463,235214,-512.8380906425575
42,2464,235294,-734.5483088368017
42,2465,235378,-776.494480160427
42,2466,235437,-487.5602662400325
42,2467,235501,-494.2524208572918
42,2468,235574,-684.9284875200153
42,2469,235659,-724.9022859417121
42,2470,235723,-488.18347941171095
42,2471,235779,-518.4589329801636
42,2472,235838,-512.0351571647084
42,2473,235891,-345.0380587745078
42,2474,235979,-820.0682854489042
42,2475,236046,-581.6701159364281
42,2476,236106,-496.7224467126122
42,2477,236194,-678.1487717946683
42,2478,236253,-471.6620114653455
42,2479,236311,-526.7957282525521
42,2480,236384,-517.3318715131244
42,2481,236458,-692.1763415696851
42,2482,236511,-417.99381880983617
42,2483,236595,-389.35861644661816
42,2484,236670,-709.5036897562628
42,2485,236752,-709.9758413702696
42,2486,236816,-486.55259844791874
42,2487,236894,-826.9261812823507
42,2488,236954,-435.68951745080113
42,2489,237007,-340.7061547042317
42,2490,237093,-773.0108248661979
42,2491,237179,-546.9531820971115
42,2492,237233,-400.6591186874873
42,2493,237283,-380.6125713529616
42,2494,237351,-615.0407885354169
42,2495,237411,-535.8044057944078
42,2496,237490,-731.9149937128942
42,2497,237577,-634.7364845916541
42,2498,237627,-360.85308376709605
42,2499,237699,-598.4410966597077
42,2500,237782,-802.1180660576648
42,2501,237864,-715.3846737766697
42,2502,237934,-670.7092671156086
42,2503,238003,-481.8781723858913
42,2504,238070,-514.4725016179723
42,2505,238135,-516.6369079099582
42,2506,238203,-515.6560484682643
42,2507,238283,-646.9457745746198
42,2508,238334,-416.8406881680305
42,2509,238416,-821.0306928863947
42,2510,238466,-383.25008104162873
42,2511,238542,-560.4492608461732
42,2512,238628,-795.7737094152475
42,2513,238696,-584.494613101491
42,2514,238747,-330.11438963282
42,2515,238808,-563.3641318575226
42,2516,238900,-930.6861912570245
42,2517,238960,-407.72943159016074
42,2518,239017,-409.170665422591
42,2519,239072,-413.14434954735486
42,2520,239150,-666.7457601550193
42,2521,239221,-470.94390289797764
42,2522,239279,-478.5118468049616
42,2523,239340,-452.7733293456671
42,2524,239477,-836.7851959355423
42,2525,239537,-432.50687381226646
42,2526,239610,-559.469306368258
42,2527,239662,-355.5751258922031
42,2528,239724,-561.5698505253497
42,2529,239815,-1051.9014355332502
42,2530,239877,-576.6508458044196
42,2531,239958,-864.9592490399372
42,2532,240038,-796.2605886181433
42,2533,240093,-368.19161774615685
42,2534,240147,-460.5342896853446
42,2535,240206,-417.3228002209634
42,2536,240262,-399.59836512930667
42,2537,240331,-548.0794905611665
42,2538,240382,-342.9213882366321
42,2539,240438,-339.1873074580076
42,2540,240502,-567.8490809113757
42,2541,240563,-536.1965960925442
42,2542,240619,-424.8768812775592
42,2543,240677,-499.53873446013904
42,2544,240751,-650.854798699576
42,2545,240809,-541.9097081307369
42,2546,240888,-810.9536101925926
42,2547,240943,-355.1407448619108
42,2548,240999,-380.26003881622614
42,2549,241058,-421.5156184087252
42,2550,241118,-449.442753681353
42,2551,241180,-558.7607519160347
42,2552,241267,-773.7539879777613
42,2553,241353,-773.928837406257
42,2554,241419,-599.4341804857577
42,2555,241470,-406.51858620910934
42,2556,241539,-551.657182033281
42,2557,241605,-490.7940217775092
42,2558,241667,-506.9995736168577
42,2559,241749,-690.131890528715
42,2560,241803,-458.3885441381102
42,2561,241857,-490.46114252374264
42,2562,241923,-608.0968673436696
42,2563,241973,-362.17220944064076
42,2564,242038,-487.6885375201433
42,2565,242101,-531.8084858972896
42,2566,242161,-434.6134243019989
42,2567,242238,-726.9774087099181
42,2568,242325,-772.1815389449533
42,2569,242404,-776.8276765851411
42,2570,242461,-435.0596950779342
42,2571,242544,-796.5712424553659
42,2572,242605,-502.3441229173514
42,2573,242680,-776.0057589480477
42,2574,242746,-553.3666097229789
42,2575,242832,-829.5111349895874
42,2576,242904,-493.417983483488
42,2577,242989,-768.8622673244479
42,2578,243068,-799.6826160806418
42,2579,243122,-341.5788185318391
42,2580,243183,-476.2678593531108
42,2581,243275,-1041.1362781135442
42,2582,243335,-449.62041907897105
42,2583,243410,-758.6330703795755
42,2584,243488,-807.354013401692
42,2585,243537,-420.25813027270425
42,2586,243588,-422.1805401506593
42,2587,243647,-505.9506416946987
42,2588,243701,-339.14499404469404
42,2589,243756,-482.45982081754573
42,2590,243816,-578.2311310809358
42,2591,243874,-443.6758408501103
42,2592,243933,-508.14454018303303
42,2593,244006,-503.47152770001173
42,2594,244096,-973.8095167662317
42,2595,244173,-421.3741317036446
42,2596,244228,-478.56121296468586
42,2597,244282,-416.53474989745644
42,2598,244344,-587.8225783586306
42,2599,244422,-874.9215918097058
42,2600,244479,-454.51909518248567
42,2601,244548,-594.5310504098695
42,2602,244605,-477.14299484980364
42,2603,244663,-455.2065643935765
42,2604,244725,-540.3265980379776
42,2605,244806,-826.1838795561736
42,2606,244882,-649.5831432288713
42,2607,244937,-356.88237947150486
42,2608,245005,-571.1631020993848
42,2609,245076,-575.3401110099526
42,2610,245142,-583.8631214910117
42,2611,245226,-659.3721462679141
42,2612,245298,-517.4228082120695
42,2613,245352,-370.773578707719
42,2614,245421,-527.8124832904398
42,2615,245499,-726.9664580579329
42,2616,245557,-384.525906261486
42,2617,245627,-493.08857835863364
42,2618,245690,-499.58950849863686
42,2619,245752,-473.70611167975966
42,2620,245835,-417.7106660671925
42,2621,245918,-812.0494062655138
42,2622,245979,-559.3552855791679
42,2623,246053,-655.9418494121716
42,2624,246114,-502.21540967431605
42,2625,246196,-878.2655445563223
42,2626,246249,-449.3100352089075
42,2627,246305,-503.7888817971806
42,2628,246365,-426.8350789648493
42,2629,246423,-384.9783214487925
42,2630,246488,-564.4147645543842
42,2631,246561,-505.20413061654506
42,2632,246636,-547.9514710385428
42,2633,246725,-901.0555384412157
42,2634,246782,-461.57897097958687
42,2635,246850,-615.5867280102101
42,2636,246903,-401.82859066506035
42,2637,246960,-528.1629125351647
42,2638,247021,-539.2501601983264
42,2639,247071,-359.17705611264205
42,2640,247152,-505.13059803879946
42,2641,247236,-707.6860568988384
42,2642,247297,-432.1596162253182
42,2643,247352,-393.0601636353855
42,2644,247412,-479.23004614951384
42,2645,247463,-429.8256854333839
42,2646,247513,-305.23942985664144
42,2647,247577,-559.3394449560465
42,2648,247658,-693.5516572982697
42,2649,247720,-490.55214634740196
42,2650,247801,-893.5528047062119
42,2651,247862,-522.3335168166952
42,2652,247914,-458.12307073650896
42,2653,247969,-418.6686242829888
42,2654,248027,-495.9025006472108
42,2655,248087,-542.3546809154607
42,2656,248149,-455.0033545415609
42,2657,248208,-446.1204707476258
42,2658,248259,-311.3551064335695
42,2659,248325,-635.2205142520548
42,2660,248406,-766.8587747045497
42,2661,248463,-456.3344437922585
42,2662,248535,-722.4393289898043
42,2663,248601,-445.88838542636574
42,2664,248678,-682.5135045119766
42,2665,248740,-477.9323777755354
42,2666,248815,-736.4362645776628
42,2667,248882,-506.50978484709174
42,2668,248965,-735.44303986252
42,2669,249034,-554.3249697268922
42,2670,249086,-348.15358269191904
42,2671,249161,-592.3511774693033
42,2672,249231,-654.4334095728009
42,2673,249315,-874.1446587748516
42,2674,249366,-403.3672727073243
42,2675,249440,-757.0372993711037
42,2676,249497,-527.5212841096377
42,2677,249577,-521.9105905860027
42,2678,249667,-995.8498316321133
42,2679,249744,-655.3637051070416
42,2680,249797,-434.8867591747535
42,2681,249849,-448.0731643251832
42,2682,249916,-568.6722441887096
42,2683,250004,-867.566359753366
42,2684,250059,-391.10216223379217
42,2685,250129,-577.0880109481493
42,2686,250180,-328.53178440221643
42,2687,250265,-878.9979191869312
42,2688,250329,-448.4040294023224
42,2689,250384,-470.53243200480784
42,2690,250445,-441.3082531875243
42,2691,250521,-460.1917101773612
42,2692,250582,-503.1042650074325
42,2693,250638,-350.3840005982481
42,2694,250698,-541.0916412247411
42,2695,250754,-472.8358468598865
42,2696,250843,-1022.7827861306577
42,2697,250909,-542.6872729263724
42,2698,250990,-712.8665328834251
42,2699,251049,-430.52065716777435
42,2700,251129,-698.0820164769932
42,2701,251193,-561.6799740365207
42,2702,251278,-772.8928467084604
42,2703,251329,-446.4715584257187
42,2704,251404,-746.176846530161
42,2705,251463,-453.5041593548607
42,2706,251548,-905.2190372805601
42,2707,251636,-951.723819938403
42,2708,251724,-755.2061393092949
42,2709,251779,-397.5134322163568
42,2710,251843,-466.98991272871433
42,2711,251931,-654.7827901031383
42,2712,251998,-513.1818430351314
42,2713,252055,-382.45892365392876
42,2714,252133,-717.1247183449998
42,2715,252212,-758.0563918024619
42,2716,252274,-462.6000610954975
42,2717,252328,-358.975510152964
42,2718,252379,-325.7500910578202
42,2719,252439,-561.507102097089
42,2720,252499,-576.4869672623013
42,2721,252546,-383.3377780070062
42,2722,252626,-737.081406749031
42,2723,252689,-569.6038866801449
42,2724,252748,-410.3769544578719
42,2725,252799,-325.1706575382447
42,2726,252866,-485.1989662558193
42,2727,252925,-461.863757502618
42,2728,252990,-522.1690256836209
42,2729,253043,-474.6966860578841
42,2730,253106,-467.38479756030335
42,2731,253187,-812.7505295711168
42,2732,253254,-484.22295763448886
42,2733,253314,-515.547300391414
42,2734,253398,-728.1830191712351
42,2735,253462,-493.6556088221501
42,2736,253522,-543.0864132345689
42,2737,253601,-768.1455615347014
42,2738,253655,-358.21399404240134
42,2739,253724,-569.7456765752662
42,2740,253796,-451.2794262013399
42,2741,253876,-764.7828733608412
42,2742,253930,-342.62060590750184
42,2743,253990,-544.185606574496
42,2744,254060,-516.0350097838763
42,2745,254132,-502.7206073050386
42,2746,254192,-451.81355328263953
42,2747,254258,-550.9002247370481
42,2748,254344,-884.0779882605032
42,2749,254424,-746.6468545362569
42,2750,254495,-652.8885105647776
42,2751,254576,-688.4565981024513
42,2752,254636,-503.72182213232406
42,2753,254688,-466.36062811658223
42,2754,254748,-487.58751855838216
42,2755,254800,-443.29191632043666
42,2756,254857,-413.2378069080544
42,2757,254912,-445.5974973657899
42,2758,254992,-427.45597846497765
42,2759,255054,-429.9776437047955
42,2760,255131,-659.7638297710374
42,2761,255216,-852.6379091488112
42,2762,255278,-560.7235735812121
42,2763,255332,-419.4084162113941
42,2764,255412,-803.6133947940051
42,2765,255467,-413.5131341596115
42,2766,255519,-417.91162271146794
42,2767,255575,-450.15828276370604
42,2768,255633,-533.1203132581078
42,2769,255691,-466.29686218174106
42,2770,255777,-914.6694492436376
42,2771,255833,-345.7703076098791
42,2772,255899,-470.5940002881081
42,2773,255982,-799.0765488769739
42,2774,256039,-397.3267434076359
42,2775,256104,-593.4986618268083
42,2776,256164,-545.1597868945262
42,2777,256240,-611.7272780027022
42,2778,256331,-985.3701907833835
42,2779,256405,-395.65762299921374
42,2780,256462,-427.648011504994
42,2781,256544,-680.4451011196777
42,2782,256602,-462.6143796191383
42,2783,256675,-697.1766277609053
42,2784,256729,-387.49242746642227
42,2785,256813,-819.8960230152691
42,2786,256878,-515.6680397179523
42,2787,256959,-703.1176452578395
42,2788,257034,-794.5841173155443
42,2789,257093,-425.5277759317322
42,2790,257144,-383.22096248751814
42,2791,257203,-529.9385207111234
42,2792,257265,-485.1295139672979
42,2793,257325,-556.550662288633
42,2794,257407,-609.4721087292813
42,2795,257483,-491.9210522556331
42,2796,257561,-794.2179623699978
42,2797,257639,-607.8006256039713
42,2798,257693,-414.7532924368121
42,2799,257763,-681.2491737564137
42,2800,257848,-754.2255690269104
42,2801,257910,-555.6102484722005
42,2802,257997,-601.5512440982342
42,2803,258048,-402.5717250809365
42,2804,258099,-455.74116747422266
42,2805,258186,-734.8928808915483
42,2806,258255,-672.9968100904218
42,2807,258339,-798.1195607118012
42,2808,258390,-361.06969020259794
42,2809,258458,-461.2140106898531
42,2810,258538,-729.2446948971714
42,2811,258627,-1014.0180760117705
42,2812,258695,-447.45818541315816
42,2813,258766,-637.5800300364838
42,2814,258847,-808.3507585020272
42,2815,258901,-440.9395119884535
42,2816,258958,-341.86898314507664
42,2817,259018,-565.4309306273492
42,2818,259083,-541.330915654994
42,2819,259156,-609.6773526635516
42,2820,259216,-419.66702771114075
42,2821,259270,-456.06030761183456
42,2822,259339,-518.5142266767015
42,2823,259395,-374.53635041299697
42,2824,259454,-480.6582006573214
42,2825,259538,-775.8372496841076
42,2826,259608,-471.99539689164567
42,2827,259664,-339.3428091143165
42,2828,259728,-544.8612008971834
42,2829,259787,-543.5712417724916
42,2830,259840,-371.89524108365146
42,2831,259894,-363.8358955586455
42,2832,259961,-447.20128144027365
42,2833,260035,-550.410213509166
42,2834,260095,-577.514331014564
42,2835,260163,-562.6257952595058
42,2836,260229,-456.069561092807
42,2837,260290,-570.3898599070095
42,2838,260336,-359.9007066164528
42,2839,260405,-462.95135278310727
42,2840,260488,-759.4455200222435
42,2841,260570,-697.6621575703911
42,2842,260649,-498.3627162183261
42,2843,260732,-695.5653026681957
42,2844,260819,-856.4315163384742
42,2845,260879,-473.39633991759905
42,2846,260934,-456.59030108185215
42,2847,260988,-379.1028873509349
42,2848,261049,-476.4717184896177
42,2849,261133,-851.2659668617424
42,2850,261198,-509.77404193517987
42,2851,261283,-950.3033097884537
42,2852,261348,-558.969994794337
42,2853,261435,-786.1843375096005
42,2854,261509,-504.0604306714059
42,2855,261578,-520.591755330188
42,2856,261660,-797.0414651946855
42,2857,261715,-402.31846019393794
42,2858,261774,-454.1343438626449
42,2859,261834,-491.9912995705258
42,2860,261887,-459.7244256934328
42,2861,261964,-742.262884830688
42,2862,262031,-478.96185153582826
42,2863,262114,-787.2844055822659
42,2864,262166,-413.5130096373951
42,2865,262249,-739.9499093775748
42,2866,262313,-529.947575509019
42,2867,262396,-833.6333991396539
42,2868,262452,-460.73478862209345
42,2869,262538,-870.5813314041509
42,2870,262617,-795.4602762538009
42,2871,262670,-446.33536179033763
42,2872,262741,-511.64709611032015
42,2873,262805,-586.3364560486734
42,2874,262860,-470.86205561923066
42,2875,262920,-540.9938363206743
42,2876,262998,-687.2826593281354
42,2877,263054,-426.4453704951286
42,2878,263137,-739.5357811140855
42,2879,263199,-581.2902023899258
42,2880,263257,-468.11976702507803
42,2881,263330,-478.01950527493557
42,2882,263382,-378.80329160311527
42,2883,263451,-525.1628685388212
42,2884,263519,-491.533316050445
42,2885,263600,-710.5174189860262
42,2886,263671,-490.3193408707848
42,2887,263738,-539.5457717129711
42,2888,263812,-716.4785731658624
42,2889,263869,-432.6386261023537
42,2890,263920,-329.0599379244836
42,2891,263978,-485.6646269161782
42,2892,264056,-815.5582356368674
42,2893,264116,-370.6669142172017
42,2894,264172,-388.6848692108751
42,2895,264224,-372.81108255143727
42,2896,264296,-476.3829606700906
42,2897,264363,-590.4756856591039
42,2898,264430,-574.0310818992018
42,2899,264488,-413.81435152506174
42,2900,264558,-446.7950931354087
42,2901,264618,-504.40747486872453
42,2902,264687,-534.4652655206655
42,2903,264764,-464.56658026555283
42,2904,264826,-548.1432564650262
42,2905,264882,-392.14320283384893
42,2906,264962,-735.7642656653378
42,2907,265025,-475.964428384464
42,2908,265089,-511.40997448313
42,2909,265156,-553.9975875343008
42,2910,265216,-432.33930298523325
42,2911,265293,-459.86111268804586
42,2912,265378,-788.5672444040553
42,2913,265433,-380.97150128127845
42,2914,265504,-681.4267172172857
42,2915,265581,-705.8599006599907
42,2916,265667,-856.0791554489603
42,2917,265734,-474.1440660676468
42,2918,265798,-561.4171299074274
42,2919,265874,-734.0489398686275
42,2920,265930,-430.38599164274905
42,2921,266017,-971.324251478501
42,2922,266094,-620.0537948465129
42,2923,266154,-530.5081664032198
42,2924,266237,-659.4842898421748
42,2925,266306,-465.66334352836986
42,2926,266383,-796.1610812907376
42,2927,266433,-426.71175558187014
42,2928,266530,-689.0155759862621
42,2929,266584,-355.7939243894707
42,2930,266649,-488.8453005511042
42,2931,266725,-770.415931039956
42,2932,266807,-839.1985454059989
42,2933,266860,-358.9144990305357
42,2934,266924,-588.2616087586059
42,2935,266988,-497.20168622116176
42,2936,267050,-536.493618703747
42,2937,267115,-570.4824251320388
42,2938,267178,-587.4342712759455
42,2939,267262,-743.6574525970439
42,2940,267320,-466.9048482076428
42,2941,267402,-765.8545080473925
42,2942,267472,-498.60164331528506
42,2943,267536,-464.80112973316704
42,2944,267612,-451.15267186451774
42,2945,267693,-433.5940594884188
42,2946,267773,-776.8489215619849
42,2947,267831,-442.00764195159326
42,2948,267914,-716.516717565098
42,2949,267966,-408.0620862611745
42,2950,268017,-404.8804095074013
42,2951,268086,-513.6345591472834
42,2952,268139,-408.4301719036054
42,2953,268204,-479.27011211681776
42,2954,268287,-802.6817584058681
42,2955,268348,-448.50097934943653
42,2956,268399,-265.49439677033035
42,2957,268481,-826.1607754430496
42,2958,268550,-571.2566794468103
42,2959,268602,-232.83595323101588
42,2960,268683,-841.6598763897459
42,2961,268769,-781.3171181324225
42,2962,268843,-748.0065016333041
42,2963,268914,-483.7135162398632
42,2964,268969,-459.58342324158014
42,2965,269037,-616.2887773528759
42,2966,269098,-448.54237951137696
42,2967,269156,-486.19449749047857
42,2968,269235,-837.9254072454958
42,2969,269318,-806.7643944194788
42,2970,269375,-484.5216898721661
42,2971,269453,-815.447889926979
42,2972,269524,-559.566465278368
42,2973,269577,-331.4554737797157
42,2974,269662,-746.5463004451992
42,2975,269744,-702.1778533658277
42,2976,269821,-766.554139844694
42,2977,269889,-521.2065099895823
42,2978,269956,-525.9333883420996
42,2979,270016,-508.98076390844545
42,2980,270096,-695.0082556925289
42,2981,270160,-471.3105813334382
42,2982,270213,-331.4167179600467
42,2983,270269,-461.5120795152726
42,2984,270319,-427.5379338165587
42,2985,270386,-548.0579867840981
42,2986,270442,-496.79577255556495
42,2987,270510,-516.8749723566929
42,2988,270582,-638.1627976942239
42,2989,270655,-658.3121802452488
42,2990,270736,-703.8375830406334
42,2991,270800,-577.8135293437949
42,2992,270865,-619.105882420029
42,2993,270931,-532.5066937139677
42,2994,270986,-429.63507294513835
42,2995,271071,-729.6933438441242
42,2996,271123,-360.3640229627115
42,2997,271200,-660.7369336879967
42,2998,271252,-417.0966377964881
42,2999,271327,-464.11880596549236
42,3000,271376,-402.7533943215057
42,3001,271438,-604.329282557488
42,3002,271513,-687.7069863970667
42,3003,271571,-495.99675335061016
42,3004,271634,-505.45766652624087
42,3005,271687,-368.22011974103185
42,3006,271737,-352.5163572213819
42,3007,271794,-462.0912010987146
42,3008,271870,-820.2968643498383
42,3009,271925,-402.34993165281963
42,3010,272010,-699.7799389003827
42,3011,272062,-438.0844387490767
42,3012,272123,-464.5143968343697
42,3013,272177,-483.0710528982951
42,3014,272237,-441.02081935026155
42,3015,272295,-422.49983685678166
42,3016,272373,-667.037977859751
42,3017,272460,-1013.3752220183874
42,3018,272524,-547.0710898742109
42,3019,272583,-530.5191392915689
42,3020,272689,-603.277549463436
42,3021,272771,-814.2447848371635
42,3022,272849,-600.9287795507289
42,3023,272911,-539.9666339926168
42,3024,272982,-449.2507726207198
42,3025,273041,-450.45798589398913
42,3026,273108,-470.4568339048534
42,3027,273181,-658.0688709621079
42,3028,273260,-752.5934254593384
42,3029,273318,-476.6266876492598
42,3030,273369,-309.0532066163918
42,3031,273428,-519.0719769906427
42,3032,273496,-505.1773735106299
42,3033,273564,-513.6102629938987
42,3034,273631,-564.7012842748237
42,3035,273694,-488.63248954170473
42,3036,273770,-443.23855446291384
42,3037,273879,-662.1779461267073
42,3038,273946,-532.8159883325675
42,3039,274053,-668.8195957273933
42,3040,274125,-745.451086768178
42,3041,274205,-702.6379583880623
42,3042,274290,-980.7435347625328
42,3043,274378,-727.2870269657802
42,3044,274432,-421.08644298465276
42,3045,274495,-596.2857021444037
42,3046,274552,-385.60467037163323
42,3047,274604,-333.1900694457905
42,3048,274676,-716.3543905366312
42,3049,274728,-315.88562568401005
42,3050,274786,-515.062289028192
42,3051,274847,-430.38573131151855
42,3052,274924,-456.26767544739494
42,3053,274984,-502.5815386398907
42,3054,275037,-443.333812499344
42,3055,275099,-469.6789597291147
42,3056,275177,-711.1001847199367
42,3057,275254,-673.9355563878448
42,3058,275317,-446.8892489253914
42,3059,275378,-440.1500610945955
42,3060,275444,-482.27521321547795
42,3061,275495,-281.7542402858372
42,3062,275568,-528.5098379439663
42,3063,275622,-328.99337108658074
42,3064,275700,-764.8014646434757
42,3065,275784,-760.9159496634747
42,3066,275851,-604.9784091863648
42,3067,275918,-515.430492153445
42,3068,275977,-530.8548098469856
42,3069,276040,-500.87512039760236
42,3070,276100,-404.29876765965787
42,3071,276165,-509.0145274424656
42,3072,276216,-300.4463164185556
42,3073,276273,-551.2097733818304
42,3074,276333,-554.6641366989833
42,3075,276394,-537.4014977522236
42,3076,276450,-355.72111193591434
42,3077,276517,-522.7852843713808
42,3078,276574,-349.058917973245
42,3079,276653,-687.0341007033893
42,3080,276738,-744.8651412815871
42,3081,276794,-459.843875125861
42,3082,276879,-608.8430267212783
42,3083,276935,-393.2813076327999
42,3084,277006,-559.8213303578889
42,3085,277066,-414.32205817825513
42,3086,277130,-496.65819963043685
42,3087,277202,-756.1845582430452
42,3088,277269,-580.5944150726648
42,3089,277332,-485.1247664120714
42,3090,277399,-611.7924795114636
42,3091,277460,-537.1751763155771
42,3092,277516,-429.2498984803489
42,3093,277605,-1058.7630762088797
42,3094,277671,-600.016873632351
42,3095,277751,-844.118074899463
42,3096,277802,-438.79444950966933
42,3097,277875,-632.4178030901347
42,3098,277940,-606.1011241227625
42,3099,277997,-387.88784078801956
42,3100,278064,-550.6050265056836
42,3101,278128,-532.8154850825181
42,3102,278184,-372.85885925317024
42,3103,278249,-533.9033401259865
42,3104,278310,-546.8833404184802
42,3105,278377,-573.923583790749
42,3106,278435,-434.34860127706276
42,3107,278488,-366.8770509621898
42,3108,278560,-588.4346893716094
42,3109,278610,-369.9582252251398
42,3110,278679,-502.0382894738441
42,3111,278742,-453.3993734481165
42,3112,278799,-493.75389872120877
42,3113,278885,-901.0809484108628
42,3114,278969,-763.0056781271005
42,3115,279044,-744.9031908950546
42,3116,279098,-411.30352836726405
42,3117,279159,-419.4780964746089
42,3118,279213,-369.6881115238087
42,3119,279291,-710.1559349511435
42,3120,279382,-656.2371550055343
42,3121,279451,-523.170332802267
42,3122,279518,-550.0442604528964
42,3123,279580,-467.6850161801071
42,3124,279668,-961.2076076098602
42,3125,279737,-609.7944527384589
42,3126,279790,-350.2564908530768
42,3127,279874,-770.3831814023616
42,3128,279929,-415.3574524010059
42,3129,279991,-497.59870745436507
42,3130,280061,-479.03772849002655
42,3131,280119,-405.4519697717132
42,3132,280174,-487.2128330976941
42,3133,280231,-451.21346635060956
42,3134,280286,-380.1230298556015
42,3135,280345,-432.3657088969841
42,3136,280410,-537.219886762394
42,3137,280479,-549.3087271642229
42,3138,280533,-468.99437864971395
42,3139,280599,-465.7952386837079
42,3140,280679,-728.3992253500146
42,3141,280764,-912.0796309540093
42,3142,280824,-539.3911102425527
42,3143,280881,-474.1141010106351
42,3144,280959,-818.8147239520396
42,3145,281020,-514.8565281450544
42,3146,281107,-648.0474491904222
42,3147,281176,-554.3072204687262
42,3148,281256,-768.9185692946369
42,3149,281331,-753.0523054276964
42,3150,281400,-495.20760116378267
42,3151,281456,-481.63990220459976
42,3152,281516,-576.8640553922752
42,3153,281572,-501.11628357242614
42,3154,281628,-484.8727899481023
42,3155,281702,-532.1860719811555
42,3156,281785,-896.5135086403282
42,3157,281838,-455.47206556657204
42,3158,281918,-823.5734506292929
42,3159,281986,-581.9536416782494
42,3160,282067,-851.7029023401648
42,3161,282133,-637.6818048505555
42,3162,282209,-500.4667032347993
42,3163,282276,-623.3638738125146
42,3164,282356,-737.707882802511
42,3165,282424,-558.9044622771786
42,3166,282482,-534.4621632941776
42,3167,282551,-581.7453100762324
42,3168,282604,-351.06093645739287
42,3169,282657,-401.8887242176082
42,3170,282719,-473.06174704033725
42,3171,282777,-533.6807587147968
42,3172,282880,-712.1076611401796
42,3173,282939,-512.2017438064527
42,3174,283015,-787.2818070701254
42,3175,283073,-406.8269425959397
42,3176,283128,-448.98631889371075
42,3177,283180,-443.25800817588276
42,3178,283240,-505.7008133783937
42,3179,283308,-568.5151732064376
42,3180,283383,-582.8009713793177
42,3181,283435,-317.17140122682224
42,3182,283500,-581.7512505820712
42,3183,283567,-628.0530939031655
42,3184,283617,-357.40358578612694
42,3185,283683,-599.688620122445
42,3186,283751,-583.3153488463772
42,3187,283832,-455.92049201808754
42,3188,283893,-464.08297349399606
42,3189,283976,-743.7359514999602
42,3190,284056,-711.4122369816172
42,3191,284142,-741.2941700647123
42,3192,284196,-370.1475717350632
42,3193,284257,-488.55429476421136
42,3194,284320,-602.923364799439
42,3195,284395,-736.0142120006736
42,3196,284469,-545.9669250512277
42,3197,284562,-333.45113506783287
42,3198,284614,-415.9662720491986
42,3199,284698,-803.2093273132119
42,3200,284751,-457.1178472568755
42,3201,284811,-444.2344282889457
42,3202,284877,-501.1294503868813
42,3203,284970,-737.943125444477
42,3204,285043,-703.3866477324877
42,3205,285101,-490.0800233944825
42,3206,285152,-426.8865487766398
42,3207,285202,-365.18189656479655
42,3208,285256,-416.78239437858514
42,3209,285313,-499.3734414125229
42,3210,285384,-420.0028785938055
42,3211,285452,-580.4128280695863
42,3212,285533,-748.1858379061924
42,3213,285588,-468.05557603255113
42,3214,285653,-485.64062999767845
42,3215,285736,-783.323057912163
42,3216,285808,-580.0684275089518
42,3217,285864,-351.82344512165054
42,3218,285920,-471.0916300352082
42,3219,285974,-376.0575588967482
42,3220,286055,-857.4884849386891
42,3221,286116,-534.4192051567566
42,3222,286177,-451.851094964096
42,3223,286254,-782.9808860045058
42,3224,286313,-509.14640409937607
42,3225,286366,-373.41827917884297
42,3226,286418,-395.7510981315585
42,3227,286500,-873.0354211331445
42,3228,286553,-310.1196338026307
42,3229,286621,-574.2306235489796
42,3230,286701,-411.4739358553036
42,3231,286750,-408.606478621495
42,3232,286831,-755.4638819725869
42,3233,286920,-723.2990927306732
42,3234,287008,-875.3414250252763
42,3235,287083,-572.520474747127
42,3236,287170,-684.178493038881
42,3237,287243,-645.6946366288511
42,3238,287307,-446.029800670144
42,3239,287361,-441.1258226918254
42,3240,287423,-567.3967008613871
42,3241,287479,-400.38116893188464
42,3242,287540,-445.93465707841096
42,3243,287608,-621.9438379598562
42,3244,287668,-519.3762566656482
42,3245,287730,-537.8420950899299
42,3246,287791,-454.1875343029316
42,3247,287862,-692.8755123839812
42,3248,287915,-384.9959533264228
42,3249,287983,-470.83605945511715
42,3250,288067,-841.9159528463184
42,3251,288120,-453.802529540463
42,3252,288201,-832.3037682125836
42,3253,288261,-510.7745129073768
42,3254,288335,-688.1161761153542
42,3255,288391,-468.9587081840648
42,3256,288445,-437.876748104197
42,3257,288501,-387.51726207110437
42,3258,288558,-415.1800094202229
42,3259,288661,-651.1887814295013
42,3260,288738,-453.3395769087771
42,3261,288791,-380.85324366175496
42,3262,288872,-829.887498118717
42,3263,288937,-568.5986857905084
42,3264,288987,-388.923249439213
42,3265,289073,-754.8683082180579
42,3266,289144,-539.1373571894052
42,3267,289218,-624.9718591698038
42,3268,289269,-436.0967921229278
42,3269,289342,-596.2809512229559
42,3270,289435,-919.6176092450563
42,3271,289494,-547.377939329021
42,3272,289561,-556.8339410139347
42,3273,289614,-461.80494857041083
42,3274,289678,-544.5863799823462
42,3275,289752,-748.9503204353991
42,3276,289819,-545.9556509018885
42,3277,289868,-387.75315006910614
42,3278,289925,-396.192145273552
42,3279,289976,-312.6095764302825
42,3280,290047,-561.4321709380619
42,3281,290119,-581.5090771293828
42,3282,290196,-483.1151895280217
42,3283,290260,-453.9351936647544
42,3284,290336,-621.1633975045737
42,3285,290410,-678.3532500482481
42,3286,290490,-742.5579950003205
42,3287,290553,-490.7541173479492
42,3288,290632,-781.7866763913994
42,3289,290698,-505.45503000836266
42,3290,290752,-361.01414971080317
42,3291,290830,-852.5861510930906
42,3292,290893,-443.19284138858285
42,3293,290977,-781.1831980250348
42,3294,291036,-416.7915323003288
42,3295,291096,-433.6147476069422
42,3296,291170,-447.2468736271088
42,3297,291251,-743.2389503345408
42,3298,291318,-548.1757881897022
42,3299,291382,-490.8243538016679
42,3300,291468,-859.570172184787
42,3301,291522,-449.21159974877685
42,3302,291598,-477.0854548388767
42,3303,291710,-660.9399023641807
42,3304,291764,-439.6175433074859
42,3305,291814,-382.2107706642736
42,3306,291883,-516.0702586962472
42,3307,291943,-495.6752818288485
42,3308,292030,-843.9445235878667
42,3309,292092,-417.2833311045579
42,3310,292164,-583.4296795455566
42,3311,292239,-464.3803237407768
42,3312,292306,-431.8039028205473
42,3313,292385,-476.27907227793696
42,3314,292445,-503.63954001033
42,3315,292534,-874.2243846242679
42,3316,292602,-535.2665973305918
42,3317,292662,-503.98715016365526
42,3318,292753,-942.543717090341
42,3319,292811,-456.18905018040056
42,3320,292869,-532.4224298002207
42,3321,292946,-754.49298421332
42,3322,293006,-556.2957320477931
42,3323,293060,-341.00650265550223
42,3324,293114,-322.7114910827604
42,3325,293202,-761.8728501079295
42,3326,293275,-747.9124585518709
42,3327,293356,-760.708336624437
42,3328,293421,-511.4673829016671
42,3329,293492,-550.1159588949047
42,3330,293555,-560.4074013492757
42,3331,293608,-349.44298506730286
42,3332,293679,-593.6500722596874
42,3333,293737,-429.6757328058303
42,3334,293804,-568.7719042968818
42,3335,293887,-746.640258166563
42,3336,293944,-509.8686286061491
42,3337,293996,-347.6798951377833
42,3338,294067,-665.1664552741545
42,3339,294144,-811.9349328085239
42,3340,294201,-535.3513861897303
42,3341,294251,-379.29582944990136
42,3342,294318,-522.167749926622
42,3343,294376,-494.4289959961305
42,3344,294449,-469.4705313135386
42,3345,294508,-491.7148203859149
42,3346,294608,-649.5035321415697
42,3347,294686,-485.3873751218166
42,3348,294751,-482.0377712420827
42,3349,294838,-986.0130274076768
42,3350,294893,-469.89538972711546
42,3351,294986,-376.2498784086179
42,3352,295060,-603.0709078352822
42,3353,295142,-812.7332123069059
42,3354,295216,-505.18000691301006
42,3355,295274,-497.49495498964626
42,3356,295343,-527.0049698379648
42,3357,295393,-398.62010018143326
42,3358,295466,-650.2960216735412
42,3359,295548,-749.5992095080435
42,3360,295606,-422.1357221211217
42,3361,295687,-756.9621261612868
42,3362,295738,-442.57352780550593
42,3363,295792,-452.1147531913629
42,3364,295853,-455.205967060287
42,3365,295915,-460.28118883666025
42,3366,295971,-425.1603088389515
42,3367,296030,-542.9001203974824
42,3368,296080,-361.2229730797378
42,3369,296132,-365.31151259131354
42,3370,296215,-784.319851447751
42,3371,296292,-520.1244633525396
42,3372,296378,-938.6990268690874
42,3373,296436,-495.93372429779737
42,3374,296504,-520.7345048494706
42,3375,296570,-519.884825374885
42,3376,296629,-413.87719957322633
42,3377,296689,-461.1898765289108
42,3378,296772,-739.7702653432469
42,3379,296852,-791.6671767938187
42,3380,296925,-561.6572720810152
42,3381,297004,-693.7621227337606
42,3382,297072,-556.8734380843495
42,3383,297143,-559.1257225820345
42,3384,297194,-379.6189155776048
42,3385,297258,-544.673509228571
42,3386,297343,-641.3865660520676
42,3387,297419,-749.0568289586419
42,3388,297478,-510.26626650680333
42,3389,297548,-550.8403872260061
42,3390,297603,-403.1168420062835
42,3391,297659,-495.5128676716366
42,3392,297741,-804.9759283432638
42,3393,297813,-494.35199691223636
42,3394,297891,-680.9961469958041
42,3395,297952,-528.7044735731706
42,3396,298003,-395.3436228478199
42,3397,298057,-366.55084014404054
42,3398,298118,-571.6505040842678
42,3399,298191,-503.45856140070754
42,3400,298252,-451.68141536275766
42,3401,298332,-833.1031851157688
42,3402,298383,-330.30602954383346
42,3403,298442,-438.90971524267985
42,3404,298504,-540.1404973424847
42,3405,298580,-783.5736474675765
42,3406,298645,-463.50173496426027
42,3407,298711,-485.6384820185979
42,3408,298796,-793.5077258119135
42,3409,298866,-718.9749744938069
42,3410,298919,-458.2931051555831
42,3411,299002,-752.9098509849583
42,3412,299052,-421.2406677435279
42,3413,299117,-464.8334057575562
42,3414,299185,-592.7266326875426
42,3415,299264,-769.932547787411
42,3416,299322,-427.57097050702714
42,3417,299413,-1088.0522047831905
42,3418,299483,-587.161332193317
42,3419,299537,-336.061195197379
42,3420,299624,-849.0368545396941
42,3421,299679,-451.26447241176294
42,3422,299753,-483.2020002555854
42,3423,299829,-657.4861420629701
42,3424,299907,-787.7818390777214
42,3425,299982,-805.7099763143161
42,3426,300046,-558.887012348948
42,3427,300108,-512.4525933112784
42,3428,300189,-706.5207051648642
42,3429,300241,-441.9760476856188
42,3430,300295,-424.5409672371783
42,3431,300366,-486.9380285223783
42,3432,300421,-401.6276833468374
42,3433,300473,-389.17413833573045
42,3434,300547,-511.63230345064903
42,3435,300609,-524.7123441235485
42,3436,300679,-485.6938162875905
42,3437,300729,-300.84768177138596
42,3438,300808,-707.795386412627
42,3439,300876,-548.1236719497242
42,3440,300980,-610.6026667584799
42,3441,301041,-536.7995722201913
42,3442,301110,-545.3748997249888
42,3443,301183,-711.090517165465
42,3444,301251,-567.7932345294857
42,3445,301321,-547.6452578778028
42,3446,301390,-565.5009179150567
42,3447,301443,-417.1714013114142
42,3448,301520,-654.4011341170309
42,3449,301575,-496.13370161961524
42,3450,301625,-425.9706630255076
42,3451,301710,-840.5292637792379
42,3452,301784,-622.9976499474443
42,3453,301841,-392.4660335717907
42,3454,301922,-631.914320766783
42,3455,301993,-503.4935851680025
42,3456,302071,-526.1164714994711
42,3457,302138,-529.8686108544115
42,3458,302224,-792.7990436646204
42,3459,302307,-793.0419851422789
42,3460,302357,-266.2250036969723
42,3461,302419,-585.491430091711
42,3462,302476,-486.89612878046626
42,3463,302526,-364.26929508250356
42,3464,302583,-455.28243113499013
42,3465,302649,-511.43529896725886
42,3466,302734,-769.4704139768838
42,3467,302793,-465.0879645153879
42,3468,302877,-781.1486422087243
42,3469,302947,-654.4102385031284
42,3470,303006,-421.02670399305043
42,3471,303057,-310.93080210797746
42,3472,303119,-471.22461463014986
42,3473,303195,-543.7690730562142
42,3474,303255,-496.6640214945437
42,3475,303313,-466.48981333814066
42,3476,303397,-614.1481962660107
42,3477,303460,-571.1092054652838
42,3478,303542,-757.697466058611
42,3479,303598,-503.3908196408815
42,3480,303683,-891.9000043948221
42,3481,303750,-614.0982531515428
42,3482,303806,-377.22174282367075
42,3483,303892,-780.6988699884483
42,3484,303960,-505.7258941409275
42,3485,304013,-458.42594388402034
42,3486,304087,-731.1051414454533
42,3487,304157,-641.8855619113184
42,3488,304218,-537.9043243027786
42,3489,304270,-440.02810955583215
42,3490,304337,-488.52347519472454
42,3491,304418,-835.1824061151513
42,3492,304507,-1023.2154738958899
42,3493,304579,-663.8964346003271
42,3494,304661,-769.0273574818907
42,3495,304718,-518.2554204700566
42,3496,304767,-379.9187730284037
42,3497,304835,-569.3553377240003
42,3498,304916,-861.1509655918272
42,3499,304971,-329.74417475484563
42,3500,305050,-823.4500570193369
42,3501,305112,-546.2287791505682
42,3502,305193,-744.1277029676636
42,3503,305277,-848.6180801015631
42,3504,305354,-621.1031251084045
42,3505,305436,-759.0994227132819
42,3506,305491,-431.9966491780047
42,3507,305540,-387.3148648557745
42,3508,305619,-763.7423007423166
42,3509,305697,-789.8465092962525
42,3510,305775,-751.6862739601266
42,3511,305841,-520.4044367120559
42,3512,305925,-813.4398319239451
42,3513,305999,-613.333152114376
42,3514,306075,-573.5034677276176
42,3515,306137,-548.609777209489
42,3516,306191,-446.5151054147191
42,3517,306247,-377.276103961172
42,3518,306316,-599.3659392241985
42,3519,306376,-559.7939257806786
42,3520,306447,-606.3633016409152
42,3521,306501,-320.355334059292
42,3522,306557,-371.4050771903165
42,3523,306609,-350.6407860554649
42,3524,306704,-350.3771292869276
42,3525,306763,-496.7630029286543
42,3526,306823,-535.3674870864943
42,3527,306884,-551.6846122720871
42,3528,306945,-525.9589419310421
42,3529,307028,-767.3768276244285
42,3530,307110,-782.7015630551323
42,3531,307195,-869.4480524155127
42,3532,307247,-402.8949823009512
42,3533,307333,-839.5781813499603
42,3534,307386,-304.48852646663136
42,3535,307457,-675.8515336262
42,3536,307523,-528.5117915873823
42,3537,307580,-391.72120368753576
42,3538,307652,-456.65667509685727
42,3539,307713,-453.13946922148284
42,3540,307792,-824.5460814461832
42,3541,307867,-454.4721734646715
42,3542,307921,-417.94628167736096
42,3543,307992,-544.6434982756682
42,3544,308052,-565.0824936792225
42,3545,308139,-972.0715773407953
42,3546,308201,-590.8280278622508
42,3547,308261,-525.6428548978972
42,3548,308314,-390.4653422923345
42,3549,308395,-710.4024872911438
42,3550,308460,-450.99136449145294
42,3551,308526,-598.8942516315451
42,3552,308612,-873.2250135541105
42,3553,308669,-492.66598192694335
42,3554,308729,-521.9361408503062
42,3555,308785,-378.8698306756761
42,3556,308866,-830.4313361604578
42,3557,308930,-499.45759475503695
42,3558,308987,-538.3687629501823
42,3559,309043,-516.8196041472139
42,3560,309096,-389.256163285008
42,3561,309173,-668.9008654428557
42,3562,309259,-389.6902568462218
42,3563,309343,-868.5389293818528
42,3564,309429,-865.8574860579132
42,3565,309518,-1019.3257754895345
42,3566,309582,-618.6262158564498
42,3567,309636,-423.09630000440535
42,3568,309687,-364.375501836456
42,3569,309759,-665.2610975090115
42,3570,309816,-431.0177041448696
42,3571,309892,-791.0480966297409
42,3572,309969,-836.5888654599778
42,3573,310046,-460.4039363394463
42,3574,310122,-438.00959049039534
42,3575,310172,-405.3126142018961
42,3576,310234,-551.8202236875813
42,3577,310304,-567.0849395314921
42,3578,310374,-584.5751056490603
42,3579,310433,-472.72673550077843
42,3580,310513,-675.283350288717
42,3581,310584,-487.3119947585965
42,3582,310640,-392.4260352356906
42,3583,310707,-645.1370737768088
42,3584,310762,-357.83814973302134
42,3585,310813,-338.1568710058391
42,3586,310889,-676.1462344938373
42,3587,310959,-426.289643281316
42,3588,311012,-443.1702217020269
42,3589,311093,-705.4721284408506
42,3590,311163,-683.1196457821495
42,3591,311213,-410.0709068303155
42,3592,311286,-597.2236600165222
42,3593,311345,-450.06050185375153
42,3594,311436,-963.702654125789
42,3595,311516,-700.0843910874906
42,3596,311581,-547.1418903028512
42,3597,311633,-447.60694280337106
42,3598,311706,-666.2318494068279
42,3599,311759,-429.546203897449
42,3600,311840,-709.9573556061014
42,3601,311909,-574.1026644191684
42,3602,311980,-659.5255453131242
42,3603,312065,-798.396508896474
42,3604,312116,-437.6988920349989
42,3605,312197,-890.1630347378
42,3606,312250,-450.4552139666791
42,3607,312306,-430.1627843866336
42,3608,312356,-399.24203159157787
42,3609,312438,-476.22829519287654
42,3610,312526,-616.0546253917156
42,3611,312585,-443.8962075691055
42,3612,312649,-529.1054761729015
42,3613,312705,-459.57039275990076
42,3614,312773,-486.338206649635
42,3615,312842,-503.6835282618787
42,3616,312915,-726.9718637456174
42,3617,313005,-1054.4937874045215
42,3618,313077,-657.4805654026384
42,3619,313160,-810.498124868124
42,3620,313220,-447.7015396191246
42,3621,313304,-872.6555016165146
42,3622,313367,-583.7850550886551
42,3623,313448,-841.5134356391471
42,3624,313532,-907.0458818615475
42,3625,313615,-465.2048295820622
42,3626,313697,-453.1224694983762
42,3627,313768,-486.88229461065896
42,3628,313825,-463.5443875864161
42,3629,313888,-467.4350203725996
42,3630,313945,-408.95716401813064
42,3631,314023,-711.5701945002152
42,3632,314090,-550.5438855455899
42,3633,314171,-804.1686480329878
42,3634,314255,-762.3961002055273
42,3635,314328,-510.7927180674086
42,3636,314395,-479.47962406853947
42,3637,314469,-485.06915728067156
42,3638,314556,-926.8540346218247
42,3639,314633,-737.5448920587137
42,3640,314717,-955.6640615787752
42,3641,314780,-446.32807650589297
42,3642,314833,-371.08769597595
42,3643,314903,-527.5041944457616
42,3644,314969,-561.2919839283034
42,3645,315031,-513.7265372765478
42,3646,315125,-977.2751604769398
42,3647,315177,-346.76778595964976
42,3648,315234,-457.2813974344251
42,3649,315288,-490.740555644908
42,3650,315354,-610.8863372721344
42,3651,315411,-503.1349243853114
42,3652,315476,-569.6752195555971
42,3653,315561,-756.9032615436571
42,3654,315623,-447.5493353368913
42,3655,315703,-815.0162810871658
42,3656,315786,-743.3355943978229
42,3657,315872,-1014.8406547783358
42,3658,315929,-503.7605962730582
42,3659,315992,-483.14741044251986
42,3660,316108,-388.2835510919824
42,3661,316178,-588.3389749849371
42,3662,316257,-773.2680521927906
42,3663,316325,-524.3306487775228
42,3664,316376,-365.93201769628115
42,3665,316452,-688.0908542436657
42,3666,316523,-715.3451981502178
42,3667,316574,-348.3992184798577
42,3668,316648,-662.7386086703301
42,3669,316716,-503.4313762120165
42,3670,316789,-489.23585334164363
42,3671,316868,-802.9441220512992
42,3672,316933,-550.4044070774657
42,3673,316984,-294.7310155153292
42,3674,317038,-385.2639371470387
42,3675,317115,-694.0444348240101
42,3676,317202,-761.884855896194
42,3677,317317,-374.85226495828135
42,3678,317368,-362.6410469857466
42,3679,317449,-771.1789478295005
42,3680,317500,-314.77696549437815
42,3681,317575,-625.7685026542583
42,3682,317628,-341.95983718629606
42,3683,317689,-506.89679982668986
42,3684,317763,-473.8184375023543
42,3685,317819,-425.95461035425797
42,3686,317903,-726.2449391642905
42,3687,317989,-769.6947138906396
42,3688,318051,-586.1054741489597
42,3689,318106,-369.70174069448683
42,3690,318156,-317.4035357771483
42,3691,318223,-613.6056546251198
42,3692,318283,-588.9290118801335
42,3693,318372,-824.181849001257
42,3694,318431,-409.80625443973656
42,3695,318489,-523.5075858737284
42,3696,318546,-476.4143402059122
42,3697,318624,-644.5826848266844
42,3698,318694,-555.7812478036105
42,3699,318746,-366.7039831964141
42,3700,318831,-814.0253892023502
42,3701,318912,-820.4483633929021
42,3702,318973,-445.2949952252914
42,3703,319033,-475.2564322232111
42,3704,319101,-567.1295317811507
42,3705,319167,-536.3204957216524
42,3706,319237,-660.2051294569886
42,3707,319308,-571.4121677626694
42,3708,319373,-499.48713300348936
42,3709,319433,-353.3905654232399
42,3710,319490,-440.70130004756396
42,3711,319555,-629.1600032892445
42,3712,319606,-434.98471145190217
42,3713,319682,-471.16878040702113
42,3714,319742,-485.8254267081733
42,3715,319797,-404.60814729948805
42,3716,319875,-657.5441304594242
42,3717,319926,-418.0369312753595
42,3718,319976,-326.71952773276973
42,3719,320035,-505.5625603828781
42,3720,320096,-571.8039022642125
42,3721,320149,-364.0972011642738
42,3722,320213,-478.8431602104496
42,3723,320266,-378.8872593146651
42,3724,320333,-458.7520151177757
42,3725,320399,-598.6705849714378
42,3726,320474,-603.2460489288974
42,3727,320524,-383.55614044349727
42,3728,320576,-369.04154742596427
42,3729,320632,-391.6337793072052
42,3730,320684,-342.7777505317024
42,3731,320757,-584.1299323694931
42,3732,320817,-518.291123631159
42,3733,320876,-460.8266141786463
42,3734,320927,-395.19817125680265
42,3735,320986,-518.6141610273022
42,3736,321042,-479.676054692697
42,3737,321098,-489.58875908575953
42,3738,321151,-322.60420937412437
42,3739,321209,-446.41945785657526
42,3740,321280,-508.08605908345316
42,3741,321339,-406.0389385022223
42,3742,321401,-570.1995279794994
42,3743,321455,-441.5816658075093
42,3744,321504,-402.2488130443101
42,3745,321580,-648.0868483711778
42,3746,321637,-510.42276238377343
42,3747,321697,-481.018577075124
42,3748,321751,-375.30724243244435
42,3749,321802,-409.0170212778903
42,3750,321864,-519.1801679547855
42,3751,321915,-332.16845190178793
42,3752,321976,-413.9686751097764
42,3753,322063,-925.3410140975286
42,3754,322117,-397.1032891180269
42,3755,322172,-368.7199492082889
42,3756,322244,-559.5212742091026
42,3757,322310,-505.92733277517675
42,3758,322363,-447.8768799072995
42,3759,322419,-415.7922525504194
42,3760,322492,-493.62335842052755
42,3761,322558,-500.63065580070383
42,3762,322632,-572.5269898330395
42,3763,322696,-500.6347528423071
42,3764,322749,-469.8496846290511
42,3765,322801,-371.3570986772439
42,3766,322856,-464.21737377831505
42,3767,322911,-459.74186651428244
42,3768,322981,-480.17142893286075
42,3769,323066,-937.6672160446691
42,3770,323127,-554.2076738580347
42,3771,323199,-688.6260463877537
42,3772,323253,-377.48070376107194
42,3773,323340,-763.7009339546711
42,3774,323395,-454.61638683245786
42,3775,323447,-356.68110179033414
42,3776,323531,-717.6595008220933
42,3777,323582,-301.7127571033469
42,3778,323634,-378.52518046259206
42,3779,323696,-438.85098175130264
42,3780,323747,-306.8232406063289
42,3781,323827,-700.2273466119753
42,3782,323906,-668.5122854416527
42,3783,323974,-529.462573052184
42,3784,324031,-532.3780914175326
42,3785,324080,-415.01847491201517
42,3786,324130,-339.7493867458077
42,3787,324205,-699.7224484058062
42,3788,324261,-396.46219756358255
42,3789,324328,-623.4366017092736
42,3790,324390,-492.08947998687955
42,3791,324461,-533.0977709571682
42,3792,324534,-494.5933540649278
42,3793,324592,-491.97054837090167
42,3794,324669,-706.8923263835418
42,3795,324742,-713.2225987026155
42,3796,324876,-1272.1026380123865
42,3797,324941,-629.0075725372742
42,3798,324991,-414.810252765044
42,3799,325055,-414.46154808819244
42,3800,325129,-566.8957209772991
42,3801,325180,-415.50406677317875
42,3802,325262,-783.3749490323878
42,3803,325340,-674.3680494464385
42,3804,325409,-645.2288137606286
42,3805,325476,-516.2783353766922
42,3806,325544,-645.6362828488503
42,3807,325889,-397.397481138152
42,3808,325942,-471.2197720452551
42,3809,326026,-860.743577207426
42,3810,326111,-694.0149006903587
42,3811,326195,-785.8177299947032
42,3812,326264,-637.158095732709
42,3813,326328,-483.33842669914003
42,3814,326404,-706.6685804877924
42,3815,326480,-754.3472398927889
42,3816,326533,-336.93229197986307
42,3817,326597,-594.9952903757722
42,3818,326666,-519.9590263240889
42,3819,326732,-488.625507905461
42,3820,326814,-660.0198493558627
42,3821,326897,-820.5834939232078
42,3822,326963,-585.4950146534032
42,3823,327031,-617.9251122914712
42,3824,327096,-499.7347989933355
42,3825,327167,-720.9059852838234
42,3826,327227,-505.9398560056132
42,3827,327282,-387.41508699742576
42,3828,327365,-767.8268076639645
42,3829,327429,-602.0088348034727
42,3830,327508,-760.229810702869
42,3831,327560,-331.88184900665044
42,3832,327626,-579.8020899500739
42,3833,327688,-468.2751615725468
42,3834,327740,-334.16893975077335
42,3835,327799,-396.55568894156517
42,3836,327858,-537.2875499052287
42,3837,327942,-872.6354973800543
42,3838,328012,-482.68434803940545
42,3839,328063,-310.01556315231824
42,3840,328146,-602.6745037641223
42,3841,328216,-527.9101465171059
42,3842,328294,-651.949631073878
42,3843,328359,-541.686701949587
42,3844,328424,-592.9067869951075
42,3845,328490,-623.6125734858613
42,3846,328567,-525.3920477359995
42,3847,328637,-558.4515323543731
42,3848,328720,-850.3460487948836
42,3849,328799,-838.4963089495141
42,3850,328860,-502.17432217587725
42,3851,328927,-608.8159622387749
42,3852,328990,-500.9661952082446
42,3853,329055,-493.7609574502779
42,3854,329130,-566.7336203065174
42,3855,329188,-467.87717131488506
42,3856,329246,-410.96888221587517
42,3857,329301,-479.7763871963182
42,3858,329355,-360.40613832990437
42,3859,329432,-766.155099193393
42,3860,329486,-418.58473355169355
42,3861,329560,-462.3296811822863
42,3862,329622,-461.59755337597363
42,3863,329691,-635.7644462244363
42,3864,329746,-483.157097441433
42,3865,329822,-503.2394561343939
42,3866,329874,-353.1951893154697
42,3867,329953,-787.8941564983237
42,3868,330006,-470.51422580611467
42,3869,330058,-318.74648839315
42,3870,330129,-546.4902879642156
42,3871,330201,-589.9921602895538
42,3872,330262,-455.5542746203806
42,3873,330344,-760.1530823763462
42,3874,330398,-419.67764348444524
42,3875,330449,-388.4892852216919
42,3876,330526,-800.3556347473912
42,3877,330609,-767.7856121956372
42,3878,330688,-781.9916784470591
42,3879,330747,-503.5261579799723
42,3880,330799,-338.9546547954827
42,3881,330863,-560.5391068780383
42,3882,330937,-448.869407428453
42,3883,331005,-611.0158724795695
42,3884,331072,-537.2062874792819
42,3885,331146,-644.0731899855626
42,3886,331225,-791.1867741942986
42,3887,331295,-540.4991882073193
42,3888,331348,-438.5024498223883
42,3889,331403,-371.68811535888767
42,3890,331465,-452.60595055649867
42,3891,331539,-451.59812690491776
42,3892,331607,-491.7106166851679
42,3893,331669,-495.79140927224273
42,3894,331729,-524.471210342465
42,3895,331787,-406.6046941355462
42,3896,331852,-556.1478594990394
42,3897,331903,-370.9598544607257
42,3898,331985,-770.7703812589177
42,3899,332062,-584.783609169462
42,3900,332161,-353.11495298294983
42,3901,332219,-469.085074266413
42,3902,332282,-543.0668602458909
42,3903,332365,-751.988412344869
42,3904,332434,-567.0736577981015
42,3905,332492,-475.90216116230977
42,3906,332562,-480.28357795308887
42,3907,332617,-463.02029002249975
42,3908,332686,-631.3288450928585
42,3909,332747,-458.81850364811845
42,3910,332797,-343.4091764583497
42,3911,332869,-576.2842694428043
42,3912,332949,-759.767930509356
42,3913,333007,-442.38403722965916
42,3914,333068,-512.2888033987845
42,3915,333122,-468.48648279006625
42,3916,333173,-304.3575180780016
42,3917,333287,-611.9847737834785
42,3918,333362,-468.351317375749
42,3919,333442,-762.0779626531547
42,3920,333512,-492.6110026170062
42,3921,333576,-530.6732754870015
42,3922,333655,-810.7251095966094
42,3923,333733,-757.1587920654579
42,3924,333807,-766.0279683909433
42,3925,333873,-591.4298909058771
42,3926,333926,-334.57785543137106
42,3927,333974,-403.3529931386369
42,3928,334055,-653.9748525129773
42,3929,334136,-778.3558763077874
42,3930,334201,-465.06240864084583
42,3931,334271,-479.0968774947487
42,3932,334324,-462.5066997922932
42,3933,334385,-556.5400669854405
42,3934,334437,-353.80874471307715
42,3935,334497,-460.7583016207047
42,3936,334564,-617.6434410211424
42,3937,334624,-412.84214826133194
42,3938,334700,-617.4577302446144
42,3939,334756,-440.75839020999996
42,3940,334836,-701.6644012903081
42,3941,334901,-583.5823597238805
42,3942,334957,-477.25904631437504
42,3943,335030,-429.99063715010374
42,3944,335081,-381.3855040711167
42,3945,335149,-511.80112720419504
42,3946,335229,-776.4247158660557
42,3947,335293,-585.5046295033746
42,3948,335371,-840.9377168147469
42,3949,335435,-456.7886135373751
42,3950,335489,-466.5921174718819
42,3951,335553,-538.9086726259258
42,3952,335624,-528.3078759975912
42,3953,335713,-971.0948307373136
42,3954,335769,-520.5269292846568
42,3955,335839,-563.2239815866765
42,3956,335926,-619.1278403173299
42,3957,335977,-344.6820304285954
42,3958,336042,-497.0511219233945
42,3959,336120,-681.0670894693909
42,3960,336173,-436.0042526775596
42,3961,336227,-460.57467116281504
42,3962,336278,-403.7363383735867
42,3963,336347,-545.4946302805027
42,3964,336405,-424.84783293821357
42,3965,336473,-566.1909016683255
42,3966,336537,-588.9297941685641
42,3967,336594,-495.26161665326964
42,3968,336649,-481.66881219616806
42,3969,336713,-461.3984313054597
42,3970,336778,-513.2838984335938
42,3971,336846,-601.4191693736814
42,3972,336908,-446.3316127213596
42,3973,336972,-530.630483305956
42,3974,337041,-523.0186117909675
42,3975,337126,-875.5807656339803
42,3976,337185,-405.33927127938665
42,3977,337257,-587.4538443441356
42,3978,337338,-729.1819380118038
42,3979,337396,-498.9384648531612
42,3980,337483,-858.206339027243
42,3981,337541,-423.4157043528898
42,3982,337601,-574.520490646593
42,3983,337663,-574.2239117177809
42,3984,337726,-427.9760247350953
42,3985,337793,-640.470064108941
42,3986,337883,-674.2382353414014
42,3987,337939,-436.0014908231563
42,3988,338023,-372.7142098552435
42,3989,338074,-394.61556271348906
42,3990,338153,-671.2212996567707
42,3991,338205,-341.55989290401794
42,3992,338268,-532.1814350281693
42,3993,338322,-452.5502020804402
42,3994,338382,-523.2186226682525
42,3995,338444,-564.6407234634648
42,3996,338497,-337.0317480493602
42,3997,338594,-645.9590012340515
42,3998,338679,-792.9500160277853
42,3999,338744,-618.3477417116717
42,4000,338814,-573.7713368162575
42,4001,338894,-661.7450622554451
42,4002,338960,-527.9372763299077
42,4003,339013,-430.38458541025324
42,4004,339077,-511.6416710047618
42,4005,339139,-460.5899352169802
42,4006,339203,-503.1178747439526
42,4007,339271,-486.62625020413134
42,4008,339333,-551.2072780880064
42,4009,339403,-513.1601731282574
42,4010,339468,-616.9692069578051
42,4011,339526,-467.55564500432473
42,4012,339599,-467.3781928223839
42,4013,339666,-509.8086054893131
42,4014,339719,-434.83267302274345
42,4015,339781,-461.3088573835561
42,4016,339840,-418.62851043696486
42,4017,339917,-764.4276320770239
42,4018,339998,-422.5268164346139
42,4019,340053,-354.4593246754654
42,4020,340103,-311.1916080208998
42,4021,340178,-606.8561158535588
42,4022,340244,-504.3577307227059
42,4023,340300,-480.2382571459929
42,4024,340369,-652.9775860479148
42,4025,340438,-638.9703625444804
42,4026,340489,-330.1746616627823
42,4027,340559,-563.2148800665334
42,4028,340629,-523.2222357024928
42,4029,340684,-494.9881052726512
42,4030,340741,-402.90363287783214
42,4031,340800,-499.51656083819177
42,4032,340862,-541.9081689238163
42,4033,340950,-945.5467474259684
42,4034,341009,-456.67299181857646
42,4035,341082,-560.4894424442266
42,4036,341133,-374.07576302784344
42,4037,341218,-773.2538592878392
42,4038,341277,-419.3943033627714
42,4039,341351,-620.5893957431384
42,4040,341402,-374.4177825506419
42,4041,341465,-462.30461629357455
42,4042,341554,-932.5464023283397
42,4043,341627,-515.7158571803425
42,4044,341687,-450.6599301731219
42,4045,341746,-407.4496295615983
42,4046,341805,-537.6628799247321
42,4047,341877,-522.8672078159841
42,4048,341935,-550.3971883868281
42,4049,341999,-608.1992692076082
42,4050,342056,-395.2082918823248
42,4051,342123,-527.3305924779994
42,4052,342178,-368.80203423653853
42,4053,342257,-691.9420713898749
42,4054,342327,-580.4383856079071
42,4055,342401,-442.90030951541553
42,4056,342462,-486.3713135096884
42,4057,342550,-725.5613906876094
42,4058,342619,-474.28517266878134
42,4059,342703,-763.0154402220502
42,4060,342782,-702.2442730740438
42,4061,342842,-554.2637902061406
42,4062,342903,-441.7224033188416
42,4063,342988,-774.0909134214854
42,4064,343051,-521.7753384308139
42,4065,343135,-758.0414188192029
42,4066,343210,-624.3403359871274
42,4067,343288,-800.7989409342179
42,4068,343347,-531.1440963154229
42,4069,343421,-656.5317748738844
42,4070,343502,-826.3900362967099
42,4071,343580,-454.39553864052436
42,4072,343655,-436.45105330342915
42,4073,343711,-466.8783105779755
42,4074,343777,-525.7220319370011
42,4075,343847,-542.318763798193
42,4076,343912,-599.0034320837235
42,4077,343969,-456.11391196138334
42,4078,344030,-449.10845653051257
42,4079,344103,-682.8073555933868
42,4080,344162,-544.9334089662495
42,4081,344226,-484.7986260107422
42,4082,344285,-495.512455642334
42,4083,344355,-555.9840008986037
42,4084,344412,-493.21914389872205
42,4085,344490,-423.1049708693015
42,4086,344557,-453.44583633145095
42,4087,344610,-347.1334035895716
42,4088,344693,-767.0315075191091
42,4089,344759,-504.83119467633196
42,4090,344830,-506.0811295273621
42,4091,344883,-417.58737686432903
42,4092,344946,-482.15014604967894
42,4093,345018,-623.4815431454804
42,4094,345077,-451.2111637246275
42,4095,345144,-595.0125113356897
42,4096,345230,-745.6082589939425
42,4097,345283,-263.56609682763263
42,4098,345337,-462.27671938266826
42,4099,345413,-716.6287130317647
42,4100,345481,-540.4181300056814
42,4101,345550,-671.0154122627741
42,4102,345635,-769.7394818985841
42,4103,345718,-738.4137812013191
42,4104,345771,-367.78045716791934
42,4105,345826,-358.8483937084469
42,4106,345896,-506.33482402269385
42,4107,345958,-527.274817189853
42,4108,346014,-483.40100316582567
42,4109,346067,-444.25413212531043
42,4110,346150,-771.5159642008258
42,4111,346211,-391.0082098395566
42,4112,346261,-321.65190969835885
42,4113,346337,-507.34402101005503
42,4114,346421,-983.4778082023864
42,4115,346472,-344.0287259740636
42,4116,346541,-533.8592938008057
42,4117,346602,-559.5209793480149
42,4118,346664,-433.4466699454308
42,4119,346747,-428.185041815315
42,4120,346816,-511.7135997499063
42,4121,346883,-595.1880893143692
42,4122,346951,-621.3270113097022
42,4123,347038,-905.7507832488393
42,4124,347089,-317.9959957811883
42,4125,347169,-774.2420742690155
42,4126,347231,-446.2741039874115
42,4127,347291,-537.2618572063145
42,4128,347344,-408.5811715043623
42,4129,347435,-853.3218044351667
42,4130,347500,-593.1808778620766
42,4131,347550,-400.2914056062184
42,4132,347613,-513.4944494185803
42,4133,347668,-389.7872698547651
42,4134,347755,-673.07827310685
42,4135,347842,-780.0208943450792
42,4136,347906,-551.7043334367445
42,4137,347957,-397.06841900485483
42,4138,348039,-745.0228763379808
42,4139,348090,-329.803877005911
42,4140,348157,-495.58261943839926
42,4141,348210,-381.8128791844022
42,4142,348291,-726.5076008795443
42,4143,348359,-581.8394081425778
42,4144,348432,-491.21151676773377
42,4145,348513,-745.5743437211553
42,4146,348569,-485.3352058452563
42,4147,348626,-528.209887529954
42,4148,348688,-591.5691725642774
42,4149,348770,-737.2733114863106
42,4150,348857,-361.39075791484373
42,4151,348909,-307.02306271190616
42,4152,348996,-608.2256972509196
42,4153,349069,-491.65270419178023
42,4154,349153,-823.691305312714
42,4155,349222,-604.8152396938602
42,4156,349304,-789.8559330985971
42,4157,349390,-388.3110777893419
42,4158,349453,-506.2262188522289
42,4159,349531,-603.9571084800996
42,4160,349601,-505.0157035690159
42,4161,349654,-366.95659362904945
42,4162,349730,-597.388310867074
42,4163,349792,-520.9630373456587
42,4164,349849,-430.6194932604951
42,4165,349923,-716.8137684314463
42,4166,349995,-717.0738238782545
42,4167,350052,-472.41338483417644
42,4168,350137,-768.5200139216274
42,4169,350189,-468.3552106404573
42,4170,350258,-612.9026973673339
42,4171,350310,-352.1728128985353
42,4172,350371,-480.6424275963719
42,4173,350450,-750.8567016335377
42,4174,350505,-390.61592605004506
42,4175,350556,-412.22421380309737
42,4176,350645,-981.8363640611205
42,4177,350695,-380.4824844597205
42,4178,350749,-465.8556179518752
42,4179,350825,-695.0940031297044
42,4180,350886,-512.8243876165562
42,4181,350954,-649.4627394264894
42,4182,351039,-867.3733086317247
42,4183,351123,-793.7626828889588
42,4184,351204,-707.0156787777634
42,4185,351263,-395.06398940674643
42,4186,351328,-556.0081763055391
42,4187,351394,-544.2593275421309
42,4188,351448,-352.42757821409634
42,4189,351499,-381.2937420314408
42,4190,351571,-506.3758111339738
42,4191,351627,-515.6218420410161
42,4192,351679,-477.6796610790147
42,4193,351732,-380.1233692493942
42,4194,351783,-340.6186312941305
42,4195,351866,-763.5331281433575
42,4196,351948,-854.8085310515079
42,4197,352048,-376.7941262460428
42,4198,352118,-521.9386545497736
42,4199,352200,-685.3172740047137
42,4200,352277,-804.3176386449506
42,4201,352346,-535.3144153405219
42,4202,352401,-511.0603320044231
42,4203,352452,-400.34793818301097
42,4204,352531,-732.5442362610477
42,4205,352585,-372.508945702646
42,4206,352638,-462.27524824141744
42,4207,352690,-291.0037340704614
42,4208,352767,-621.4122587209171
42,4209,352853,-786.0789857005094
42,4210,352930,-807.6950025583069
42,4211,352992,-446.5649260257383
42,4212,353070,-742.3267867700647
42,4213,353125,-365.70733952475405
42,4214,353208,-773.1490005409886
42,4215,353309,-751.2350988175033
42,4216,353396,-959.2881187457613
42,4217,353454,-472.3122256136483
42,4218,353521,-495.71741695564486
42,4219,353597,-813.7114537296908
42,4220,353675,-766.2267775577982
42,4221,353751,-555.0481313782165
42,4222,353816,-630.5272848615203
42,4223,353893,-650.9313235698903
42,4224,353975,-870.1294501412259
42,4225,354060,-719.7850327446077
42,4226,354122,-489.4654908375674
42,4227,354182,-545.325677237651
42,4228,354263,-648.1980878062757
42,4229,354339,-706.6179509178957
42,4230,354409,-560.8264835579253
42,4231,354472,-567.4182462700521
42,4232,354547,-511.80349225769635
42,4233,354606,-469.66199460401805
42,4234,354668,-432.4622316339118
42,4235,354739,-562.1634515756616
42,4236,354798,-437.573751941352
42,4237,354863,-523.524265878809
42,4238,354920,-490.4352908378541
42,4239,354980,-521.7176316703251
42,4240,355036,-455.0402866804532
42,4241,355092,-418.0736823059123
42,4242,355146,-383.49893728695173
42,4243,355216,-623.1889326825205
42,4244,355294,-783.5671861298264
42,4245,355344,-330.6637030841395
42,4246,355404,-540.627574429014
42,4247,355486,-796.5130310689528
42,4248,355539,-448.3804754038489
42,4249,355595,-366.2889871524284
42,4250,355651,-435.8938708860764
42,4251,355720,-550.5730302128128
42,4252,355802,-762.6907192610098
42,4253,355869,-554.1932612168755
42,4254,355942,-465.31061401355305
42,4255,355997,-379.40676091249287
42,4256,356087,-962.8477300536949
42,4257,356148,-444.98222287664237
42,4258,356205,-528.4667160396517
42,4259,356263,-484.66037145848117
42,4260,356337,-538.250392286861
42,4261,356393,-389.5150259501459
42,4262,356449,-396.7501820146976
42,4263,356514,-518.5642228454168
42,4264,356602,-915.6024884738843
42,4265,356652,-287.5410232206191
42,4266,356730,-709.1920306781632
42,4267,356785,-361.07209961149005
42,4268,356866,-710.8988776956079
42,4269,356916,-319.6596195134813
42,4270,356998,-715.8153110427847
42,4271,357055,-469.3713021803646
42,4272,357139,-862.5533994867602
42,4273,357193,-483.6258783494936
42,4274,357247,-502.24495330963384
42,4275,357317,-487.1918247772053
42,4276,357393,-591.5513582288095
42,4277,357468,-762.464492143592
42,4278,357526,-453.3082574785552
42,4279,357588,-552.7511065500146
42,4280,357644,-476.12744131440496
42,4281,357724,-702.4435387559462
42,4282,357793,-592.7343882646614
42,4283,357847,-426.8961805577444
42,4284,357905,-531.529029859247
42,4285,357964,-520.1750584375808
42,4286,358034,-508.8885314926813
42,4287,358092,-434.1137072233228
42,4288,358158,-479.3743537328655
42,4289,358230,-496.93279416585847
42,4290,358310,-717.7890332617386
42,4291,358370,-546.0586710175942
42,4292,358453,-771.3447608551286
42,4293,358505,-420.9477632570133
42,4294,358562,-379.6895772902839
42,4295,358635,-690.2629051484998
42,4296,358701,-501.40881984506495
42,4297,358787,-383.23501705884814
42,4298,358858,-476.39450326241604
42,4299,358915,-519.1996835061436
42,4300,358971,-469.63561860614766
42,4301,359028,-486.46958037270844
42,4302,359105,-837.3376056456538
42,4303,359162,-477.986237892872
42,4304,359219,-472.11910787013875
42,4305,359302,-824.1381614483028
42,4306,359379,-743.0075102449741
42,4307,359456,-455.0455249422861
42,4308,359517,-537.7315095952708
42,4309,359578,-457.7422818398399
42,4310,359660,-776.3828788735977
42,4311,359752,-674.1630985763533
42,4312,359836,-773.2413467933694
42,4313,359889,-353.358547888383
42,4314,359952,-570.2800706100072
42,4315,360015,-554.0117118241656
42,4316,360104,-897.7992846686831
42,4317,360167,-574.7140859202674
42,4318,360226,-407.0731604314111
42,4319,360303,-446.39104326840254
42,4320,360355,-447.77943264206374
42,4321,360407,-355.45866931204966
42,4322,360459,-436.907762934215
42,4323,360510,-400.0957230600281
42,4324,360584,-484.003901885192
42,4325,360646,-459.22852841482705
42,4326,360730,-894.4757985331585
42,4327,360789,-485.39812025994803
42,4328,360842,-361.39822521008824
42,4329,360914,-519.2449759962219
42,4330,360982,-535.5522638604348
42,4331,361070,-799.2650015592574
42,4332,361144,-521.3888074167437
42,4333,361222,-649.4518515955639
42,4334,361289,-645.8909022915738
42,4335,361363,-459.99266524210384
42,4336,361443,-716.684243435822
42,4337,361504,-559.5089556637467
42,4338,361623,-400.6160585536235
42,4339,361709,-763.6854572926075
42,4340,361765,-365.46504074308734
42,4341,361829,-480.7103271475164
42,4342,361916,-382.4690216273458
42,4343,361968,-311.0260363360668
42,4344,362031,-626.4150957806391
42,4345,362121,-689.4214539112793
42,4346,362191,-613.1449323533787
42,4347,362246,-472.8214648433573
42,4348,362325,-757.3871899948192
42,4349,362410,-759.1959073195468
42,4350,362480,-686.8475042686327
42,4351,362550,-647.7993261787303
42,4352,362636,-940.4932307003926
42,4353,362692,-469.9290021702523
42,4354,362748,-505.84052526207955
42,4355,362804,-498.61705104869964
42,4356,362885,-419.10446545115497
42,4357,362942,-515.0825266312804
42,4358,363007,-476.6210410196498
42,4359,363086,-783.2411011285615
42,4360,363199,-655.8539857086258
42,4361,363261,-547.217974093681
42,4362,363350,-801.926257874001
42,4363,363436,-789.270780928825
42,4364,363506,-661.3343040533883
42,4365,363576,-667.1203414240853
42,4366,363639,-577.4125782244062
42,4367,363693,-356.70211914779594
42,4368,363744,-341.12190778645584
42,4369,363822,-670.7769738840641
42,4370,363885,-486.4992252505799
42,4371,363939,-354.48962251753596
42,4372,364004,-577.5223764810112
42,4373,364065,-459.7014872988713
42,4374,364120,-465.83971578855335
42,4375,364193,-489.7717273642701
42,4376,364271,-767.0128501215985
42,4377,364345,-722.228627947241
42,4378,364399,-399.26347907165444
42,4379,364451,-443.2962720954158
42,4380,364536,-884.6109224589071
42,4381,364591,-474.41293252253416
42,4382,364653,-445.08994021687124
42,4383,364705,-354.8496312369865
42,4384,364780,-651.2441770000511
42,4385,364848,-534.4779368888949
42,4386,364902,-458.6832799968501
42,4387,364963,-484.92038727132956
42,4388,365034,-529.9505660320183
42,4389,365115,-845.5091037219976
42,4390,365173,-501.6055192220061
42,4391,365233,-519.7375169316554
42,4392,365305,-701.1315668750839
42,4393,365380,-638.3615609270257
42,4394,365443,-601.1208323144588
42,4395,365503,-412.8946489872276
42,4396,365583,-752.4305596085028
42,4397,365636,-343.7727038321136
42,4398,365696,-533.3462478366923
42,4399,365774,-785.2030261363614
42,4400,365872,-336.72999167445687
42,4401,365944,-632.3281790493871
42,4402,366019,-723.8947474880531
42,4403,366080,-476.75230039024956
42,4404,366149,-529.2205299467813
42,4405,366199,-286.39547395093473
42,4406,366249,-320.5635718996381
42,4407,366350,-366.712332345646
42,4408,366425,-459.37345936573934
42,4409,366497,-469.1444410933743
42,4410,366548,-331.34006274401
42,4411,366605,-438.60611857164236
42,4412,366674,-566.5582642265399
42,4413,366762,-1001.4340054029055
42,4414,366814,-310.8135428365666
42,4415,366885,-668.86294449155
42,4416,366951,-487.7920428591152
42,4417,367010,-458.1950381645673
42,4418,367068,-427.55892940025467
42,4419,367134,-549.3114138996064
42,4420,367212,-638.6220268487418
42,4421,367266,-378.1658927027611
42,4422,367348,-696.3467476235769
42,4423,367403,-356.02613618864825
42,4424,367482,-684.6508776584126
42,4425,367544,-568.8093312409649
42,4426,367598,-375.4839942346142
42,4427,367658,-434.31212094025153
42,4428,367736,-751.1461092322273
42,4429,367797,-427.06135942436345
42,4430,367848,-400.02646873473566
42,4431,367914,-475.0506206967748
42,4432,367972,-528.3549137187867
42,4433,368036,-510.55882684667887
42,4434,368114,-483.7247451148436
42,4435,368194,-616.2451196008933
42,4436,368261,-524.9660312120463
42,4437,368311,-384.36338306737963
42,4438,368395,-803.0083610185169
42,4439,368447,-405.66217790253677
42,4440,368499,-376.940149170151
42,4441,368557,-514.3512566842062
42,4442,368611,-375.52372474288654
42,4443,368697,-938.031193708467
42,4444,368754,-341.2987185237387
42,4445,368832,-774.9905381991023
42,4446,368884,-333.23505785154725
42,4447,368939,-426.89521805287757
42,4448,368993,-432.1994782759133
42,4449,369066,-555.0194816228653
42,4450,369125,-400.53778409718853
42,4451,369212,-797.7719966150241
42,4452,369285,-495.86693590516245
42,4453,369350,-601.9876763289419
42,4454,369428,-786.9213436865755
42,4455,369494,-612.3253219219156
42,4456,369563,-629.9176456636758
42,4457,369638,-649.1277622428539
42,4458,369690,-366.99241046158016
42,4459,369754,-621.1020254245875
42,4460,369827,-538.7209066429664
42,4461,369890,-589.0740537278008
42,4462,369955,-523.2595194404489
42,4463,370017,-398.0594034545531
42,4464,370075,-515.0117138151718
42,4465,370127,-382.03459537446514
42,4466,370182,-454.81041880258243
42,4467,370233,-400.2062159415377
42,4468,370295,-548.5382590725837
42,4469,370351,-442.762588343947
42,4470,370406,-373.8255755801913
42,4471,370469,-485.9360370486308
42,4472,370530,-467.9182379658437
42,4473,370600,-569.0846019004017
42,4474,370682,-750.7261282505605
42,4475,370743,-431.68461846599416
42,4476,370818,-742.4067581058489
42,4477,370875,-392.8828248694611
42,4478,370923,-391.4857725629293
42,4479,371006,-744.4080363367875
42,4480,371069,-592.3829902151627
42,4481,371121,-448.38308430135226
42,4482,371171,-323.17974302303116
42,4483,371249,-841.7553332472885
42,4484,371303,-475.04775710242757
42,4485,371364,-422.6422904934656
42,4486,371416,-426.7715728188656
42,4487,371498,-748.1901002750783
42,4488,371555,-426.3477984428041
42,4489,371610,-482.10579370916315
42,4490,371680,-582.5231680746637
42,4491,371754,-573.14867891871
42,4492,371821,-592.4556602984314
42,4493,371884,-559.3955538699336
42,4494,371950,-585.3435534799828
42,4495,372029,-765.398416501789
42,4496,372105,-441.0857815250705
42,4497,372168,-519.4074941676695
42,4498,372226,-460.3764041366882
42,4499,372317,-681.6456601330161
42,4500,372371,-453.0245778570507
42,4501,372424,-345.8180405223704
42,4502,372509,-744.9302105390233
42,4503,372562,-442.0444587604169
42,4504,372613,-459.53318140752816
42,4505,372671,-488.8983012370185
42,4506,372759,-853.1674141159122
42,4507,372814,-476.25034080376344
42,4508,372889,-765.5170145044486
42,4509,372953,-545.8010559850709
42,4510,373012,-428.58794656549
42,4511,373092,-821.8009555987685
42,4512,373175,-778.7622241091894
42,4513,373251,-728.5330966757683
42,4514,373320,-620.6523177463598
42,4515,373378,-462.0989751818485
42,4516,373437,-420.21133081552097
42,4517,373510,-703.035975545208
42,4518,373592,-734.116773826183
42,4519,373654,-576.4816745276521
42,4520,373728,-584.0043119472303
42,4521,373781,-337.06030419361014
42,4522,373844,-527.1145179654809
42,4523,373920,-708.3100610612182
42,4524,374001,-716.293173145074
42,4525,374080,-722.0123732257557
42,4526,374145,-567.713731767871
42,4527,374197,-373.06167856199266
42,4528,374262,-563.7348711345185
42,4529,374359,-625.2312168229761
42,4530,374422,-470.5194677454409
42,4531,374473,-447.10652548912054
42,4532,374549,-725.2415440758962
42,4533,374605,-506.59079462844437
42,4534,374678,-484.49041615614453
42,4535,374741,-581.016755912277
42,4536,374809,-633.9781418292133
42,4537,374861,-397.9487308941367
42,4538,374926,-597.1768715575686
42,4539,374989,-600.3783403996651
42,4540,375052,-524.6543470538575
42,4541,375120,-593.8221322217016
42,4542,375182,-571.2301527106354
42,4543,375265,-949.5597216306836
42,4544,375329,-475.9009421323399
42,4545,375420,-353.93435713522945
42,4546,375499,-716.0386044779971
42,4547,375555,-501.1806626889408
42,4548,375605,-322.9800439953811
42,4549,375658,-400.61948676407803
42,4550,375741,-700.1131312676091
42,4551,375792,-306.0339598967513
42,4552,375879,-748.592535631208
42,4553,375952,-465.2836519829543
42,4554,376003,-337.64341169180716
42,4555,376093,-1026.509625436046
42,4556,376153,-417.5441288313109
42,4557,376204,-413.6203749828316
42,4558,376255,-438.8147986900375
42,4559,376307,-432.1037010534377
42,4560,376372,-540.5479460705801
42,4561,376454,-816.7800296507414
42,4562,376517,-590.742395516534
42,4563,376599,-886.7202199489141
42,4564,376678,-698.4254690236309
42,4565,376728,-344.802406547797
42,4566,376811,-801.5152251380877
42,4567,376893,-704.2471649465067
42,4568,376976,-757.8060862742188
42,4569,377026,-366.4638410919996
42,4570,377083,-463.6052104482914
42,4571,377134,-314.892004762346
42,4572,377189,-447.1093838831887
42,4573,377256,-620.3236959806441
42,4574,377313,-385.7504950869477
42,4575,377374,-478.091733178231
42,4576,377444,-569.8791089206543
42,4577,377497,-348.2100642567045
42,4578,377555,-424.65333772390375
42,4579,377602,-376.23155183874155
42,4580,377660,-501.79230357921483
42,4581,377747,-828.1108619135814
42,4582,377800,-453.39502544831856
42,4583,377872,-627.2913440089526
42,4584,377936,-458.2875196780924
42,4585,378012,-770.9152774300424
42,4586,378083,-497.35706517181757
42,4587,378162,-835.263079460587
42,4588,378219,-420.94945408784145
42,4589,378299,-767.4053095776026
42,4590,378383,-676.6866124797896
42,4591,378469,-886.488415726237
42,4592,378537,-519.4454246939813
42,4593,378592,-455.94515263187543
42,4594,378648,-476.56371957648093
42,4595,378701,-376.9455572521533
42,4596,378757,-482.25604578504124
42,4597,378829,-531.7320274465753
42,4598,378911,-709.1204574513437
42,4599,378988,-500.15428747230953
42,4600,379070,-790.1465786551255
42,4601,379123,-454.9362928202429
42,4602,379182,-458.110123555651
42,4603,379252,-701.3714801829108
42,4604,379332,-688.2691925314767
42,4605,379406,-738.4282697610213
42,4606,379466,-545.3094633739672
42,4607,379516,-397.13108278558906
42,4608,379571,-464.63306383469234
42,4609,379630,-426.75338122721274
42,4610,379686,-373.6897292170143
42,4611,379739,-440.04301103744507
42,4612,379807,-557.7335678478668
42,4613,379881,-440.8068360218002
42,4614,379936,-450.7803832304386
42,4615,380004,-638.4356622862373
42,4616,380065,-470.7828990665757
42,4617,380147,-686.9935729259449
42,4618,380226,-774.160386842993
42,4619,380280,-368.42951316398694
42,4620,380343,-458.38994376848154
42,4621,380396,-441.4827201202508
42,4622,380481,-778.3206118559599
42,4623,380558,-734.6152876728092
42,4624,380635,-805.0868503033046
42,4625,380688,-326.37038500281994
42,4626,380747,-508.21758863798294
42,4627,380815,-545.131812496709
42,4628,380873,-467.91743118854833
42,4629,380953,-784.2778932633137
42,4630,381013,-395.1231786938552
42,4631,381077,-498.641623168854
42,4632,381148,-633.9159053752762
42,4633,381212,-598.42354667828
42,4634,381262,-388.1856070631863
42,4635,381336,-707.1845324151531
42,4636,381417,-404.57731737130814
42,4637,381473,-396.8555037212421
42,4638,381546,-701.6100862104523
42,4639,381605,-511.72719160151104
42,4640,381660,-432.5557174799023
42,4641,381746,-750.6983874716132
42,4642,381800,-443.2829903385096
42,4643,381884,-781.8620834540412
42,4644,381940,-460.7601200038499
42,4645,382004,-603.0698969683239
42,4646,382061,-509.0673428500745
42,4647,382115,-434.4084097970301
42,4648,382166,-354.50018785530926
42,4649,382231,-600.3386110022343
42,4650,382312,-839.94484409294
42,4651,382372,-474.9221515501574
42,4652,382430,-484.2759729524928
42,4653,382492,-551.4050234021441
42,4654,382557,-548.3637362196197
42,4655,382698,-1242.5119343674542
42,4656,382764,-607.3695514850988
42,4657,382814,-299.13713978636486
42,4658,382896,-651.2314961542096
42,4659,382961,-608.9198100977953
42,4660,383044,-784.4225794464245
42,4661,383102,-482.4043704313398
42,4662,383167,-509.5877292755646
42,4663,383234,-611.7638522449743
42,4664,383305,-455.06807284344836
42,4665,383362,-442.3261860184127
42,4666,383444,-887.4113304765898
42,4667,383503,-554.7964043777006
42,4668,383553,-401.28737653529845
42,4669,383629,-720.5351815053265
42,4670,383689,-441.9081154921621
42,4671,383768,-723.9198626732668
42,4672,383835,-628.5091773466514
42,4673,383888,-448.7524144062832
42,4674,383941,-332.96699237031214
42,4675,384019,-797.768422975204
42,4676,384081,-552.8437568039741
42,4677,384168,-796.4095703509896
42,4678,384226,-372.1726815936196
42,4679,384287,-515.8267160688174
42,4680,384347,-517.0322579387318
42,4681,384402,-454.3731412166407
42,4682,384458,-487.7091681303735
42,4683,384518,-535.0123203010653
42,4684,384601,-783.2941359862999
42,4685,384673,-518.1323895630179
42,4686,384749,-774.6638142223742
42,4687,384823,-568.9714635028597
42,4688,384896,-472.6883556362063
42,4689,384953,-393.5442300128486
42,4690,385018,-496.24290664851253
42,4691,385073,-382.9879639414418
42,4692,385140,-637.0661472442036
42,4693,385225,-715.6880226226427
42,4694,385302,-675.2672619124633
42,4695,385378,-605.4101526476462
42,4696,385432,-369.41659035148376
42,4697,385483,-429.09935854011565
42,4698,385534,-430.83909752419663
42,4699,385615,-777.8278028876265
42,4700,385668,-454.4694875224809
42,4701,385740,-543.0140697658815
42,4702,385790,-420.0813718289688
42,4703,385841,-315.26743631222155
42,4704,385926,-716.5650773662103
42,4705,385987,-457.6250612858927
42,4706,386064,-420.0880593729694
42,4707,386148,-732.5091121430145
42,4708,386213,-541.4141729863184
42,4709,386285,-559.2468998143823
42,4710,386336,-404.177584847845
42,4711,386388,-330.00828631807894
42,4712,386452,-502.7684875063755
42,4713,386538,-818.8040291950695
42,4714,386597,-446.6303391051666
42,4715,386665,-529.5629875747029
42,4716,386716,-316.6334165834236
42,4717,386764,-370.4976358377354
42,4718,386833,-462.3764341203221
42,4719,386891,-494.64923802957145
42,4720,386965,-501.20452490748335
42,4721,387023,-429.0458358420401
42,4722,387097,-616.8446170857288
42,4723,387156,-534.9865513685788
42,4724,387228,-561.0441488635659
42,4725,387287,-403.19468958379656
42,4726,387367,-749.5968273157748
42,4727,387424,-430.00906135613184
42,4728,387483,-481.25781185644433
42,4729,387536,-417.79395829352234
42,4730,387625,-888.5847862426859
42,4731,387692,-582.6269320639835
42,4732,387771,-699.2605754493054
42,4733,387846,-599.3742146809916
42,4734,387906,-433.4438251578566
42,4735,387961,-388.1780128657478
42,4736,388012,-429.21451686111135
42,4737,388076,-475.4768798997795
42,4738,388128,-365.8258017400452
42,4739,388203,-585.3199594773943
42,4740,388264,-443.1852668909933
42,4741,388348,-926.1948352595705
42,4742,388408,-554.1209750376022
42,4743,388491,-804.4766214085613
42,4744,388548,-492.13062614895455
42,4745,388605,-472.94166098600647
42,4746,388662,-463.8863511401981
42,4747,388712,-353.5253282743704
42,4748,388774,-549.8015285592381
42,4749,388833,-504.7103140177304
42,4750,388911,-779.8009992595123
42,4751,388976,-588.9154049019487
42,4752,389052,-734.1298574893674
42,4753,389110,-390.26815087860786
42,4754,389185,-745.4554650617799
42,4755,389249,-591.9521332372457
42,4756,389305,-425.4428800118902
42,4757,389378,-569.7571216819864
42,4758,389431,-474.9587309904367
42,4759,389519,-882.3341724888829
42,4760,389586,-558.6506324757374
42,4761,389661,-684.0957782736391
42,4762,389714,-456.92845752575244
42,4763,389777,-451.24076543361446
42,4764,389847,-502.7437881035654
42,4765,389897,-392.4709579922836
42,4766,389967,-578.3835156656535
42,4767,390057,-835.7255412968578
42,4768,390137,-878.8934906312235
42,4769,390195,-533.0293929888362
42,4770,390305,-777.9801836704048
42,4771,390385,-419.3331259662639
42,4772,390464,-683.090631757606
42,4773,390517,-326.9185438006519
42,4774,390598,-657.8523387024031
42,4775,390671,-569.163304601843
42,4776,390729,-403.50614918999577
42,4777,390808,-803.2841317417868
42,4778,390894,-864.4818898141107
42,4779,390965,-673.945666706993
42,4780,391035,-516.6736964875605
42,4781,391103,-520.5997718631038
42,4782,391162,-399.2601155221133
42,4783,391226,-578.7597338595972
42,4784,391310,-768.0192211370432
42,4785,391393,-431.0933034901856
42,4786,391453,-510.4084905881483
42,4787,391514,-450.86983512496687
42,4788,391595,-795.1606055889605
42,4789,391652,-453.1079301234025
42,4790,391711,-529.6451515327711
42,4791,391763,-341.4204810620428
42,4792,391846,-639.6194563937071
42,4793,391917,-671.1064010698444
42,4794,391969,-324.82234514223734
42,4795,392025,-504.8407645143731
42,4796,392076,-419.38259086195717
42,4797,392132,-404.49428583931973
42,4798,392191,-472.0676131534873
42,4799,392265,-538.3012832364108
42,4800,392323,-437.6388182273802
42,4801,392382,-527.1836609191739
42,4802,392468,-842.7428794943437
42,4803,392523,-307.1954128989273
42,4804,392579,-502.11188337006524
42,4805,392636,-470.6689512612122
42,4806,392693,-392.5008919808557
42,4807,392768,-432.5530416621376
42,4808,392839,-470.21402706313074
42,4809,392892,-339.6458828054358
42,4810,392965,-494.02555947912833
42,4811,393023,-508.3021123941149
42,4812,393093,-469.3652882824874
42,4813,393178,-761.5440913801672
42,4814,393244,-520.1189627628207
42,4815,393318,-612.6715810689504
42,4816,393384,-524.0718279085756
42,4817,393470,-849.8411110424398
42,4818,393523,-366.1876216302766
42,4819,393608,-751.8723092728272
42,4820,393691,-937.3727820556319
42,4821,393764,-507.8159648219764
42,4822,393828,-534.9127874090009
42,4823,393911,-865.500440597304
42,4824,393961,-405.2049918060783
42,4825,394028,-616.5954756876849
42,4826,394081,-435.05756357765017
42,4827,394156,-768.1800257862138
42,4828,394238,-597.4119462407896
42,4829,394294,-389.5150812131784
42,4830,394374,-831.1919893975451
42,4831,394442,-588.2940457022463
42,4832,394506,-477.4609320588818
42,4833,394588,-707.9020830096395
42,4834,394674,-883.4034905949954
42,4835,394738,-594.6694016725102
42,4836,394789,-325.3890592877928
42,4837,394851,-543.9042017373426
42,4838,394908,-498.5273291731579
42,4839,394962,-446.9474236526239
42,4840,395035,-483.5176021494601
42,4841,395108,-555.6264643243139
42,4842,395162,-388.5245365087325
42,4843,395215,-378.64337103819474
42,4844,395265,-416.2271413856751
42,4845,395322,-396.32318665465795
42,4846,395387,-591.1982212158016
42,4847,395473,-996.1974751883539
42,4848,395541,-502.300513016761
42,4849,395591,-319.0761006125291
42,4850,395650,-433.7847660811832
42,4851,395727,-786.5989707623312
42,4852,395802,-519.2645167492394
42,4853,395883,-405.0734379539398
42,4854,395935,-463.2172225340941
42,4855,396021,-971.3413666102919
42,4856,396081,-435.1456260114473
42,4857,396144,-575.4413997857407
42,4858,396218,-487.0321891927422
42,4859,396269,-315.91415107674504
42,4860,396324,-382.19960493618174
42,4861,396395,-464.3586287440693
42,4862,396455,-424.140860804315
42,4863,396537,-871.2767382971831
42,4864,396618,-706.0594802231882
42,4865,396688,-618.7940498273261
42,4866,396750,-459.37776063428447
42,4867,396808,-445.0143947075565
42,4868,396860,-372.15908899037964
42,4869,396945,-747.4274241248243
42,4870,397010,-467.9470622166389
42,4871,397079,-477.48908599608126
42,4872,397157,-698.266248544086
42,4873,397241,-805.2847099653221
42,4874,397291,-337.0660553491971
42,4875,397348,-381.70943047611786
42,4876,397428,-409.0133386062517
42,4877,397508,-860.3304148209623
42,4878,397561,-392.84569364459304
42,4879,397613,-338.1147184113371
42,4880,397668,-422.6614466942009
42,4881,397724,-455.40239096334005
42,4882,397800,-442.2704802506063
42,4883,397865,-581.8700613691054
42,4884,397964,-818.7786410266916
42,4885,398048,-780.9957716238664
42,4886,398132,-824.9695245400778
42,4887,398194,-566.1845794600233
42,4888,398269,-577.2469798768548
42,4889,398354,-881.7108036123325
42,4890,398408,-481.1974110200633
42,4891,398470,-552.0348686498338
42,4892,398531,-436.30563923804283
42,4893,398588,-537.1140393889391
42,4894,398650,-555.7392975977946
42,4895,398727,-803.7647182340723
42,4896,398807,-780.7624809884358
42,4897,398863,-449.82666843438625
42,4898,398947,-873.2445210802861
42,4899,399012,-601.4579279398363
42,4900,399069,-488.31307891275947
42,4901,399134,-529.6471830261949
42,4902,399222,-969.1016634724257
42,4903,399311,-365.89891788389355
42,4904,399374,-565.2603286319916
42,4905,399431,-522.8013888727268
42,4906,399493,-553.3607144540671
42,4907,399550,-380.82908195205806
42,4908,399604,-440.91733194541564
42,4909,399666,-501.0667553517684
42,4910,399753,-738.800031810619
42,4911,399829,-461.08915058202956
42,4912,399912,-769.1463340926466
42,4913,399980,-568.6259087595141
42,4914,400042,-500.9070492244671
42,4915,400104,-528.9369776533074
42,4916,400185,-799.1042667265453
42,4917,400237,-418.13943201548136
42,4918,400292,-509.47785121157267
42,4919,400367,-674.8878970188581
42,4920,400421,-494.8402237489735
42,4921,400473,-454.94709744142745
42,4922,400523,-410.0970238624234
42,4923,400577,-461.9763063083791
42,4924,400662,-775.4291502544609
42,4925,400732,-524.8747506167006
42,4926,400789,-388.84552022678855
42,4927,400877,-941.7197690150052
42,4928,400932,-466.8264719369734
42,4929,400986,-452.6349949723623
42,4930,401043,-325.2339930815075
42,4931,401126,-771.2447556820949
42,4932,401195,-493.3266216987862
42,4933,401251,-429.5047010228171
42,4934,401304,-445.1224667468494
42,4935,401365,-564.0410557653357
42,4936,401415,-355.8030263237004
42,4937,401482,-561.1943895376776
42,4938,401548,-537.0210606111991
42,4939,401632,-983.6092543874529
42,4940,401713,-854.4980878269735
42,4941,401764,-396.3570145137417
42,4942,401839,-504.08817075365243
42,4943,401913,-742.1359240889419
42,4944,401987,-579.1354270642435
42,4945,402054,-640.1385233549415
42,4946,402142,-349.1827688671766
42,4947,402214,-590.4371090996265
42,4948,402292,-730.0762012456497
42,4949,402370,-503.2142664308517
42,4950,402453,-833.6335432612766
42,4951,402526,-569.1388779203942
42,4952,402588,-536.3002622883121
42,4953,402646,-506.15697140863415
42,4954,402707,-528.3539834029878
42,4955,402775,-594.6657470572346
42,4956,402846,-570.4998767851419
42,4957,402936,-646.208496186835
42,4958,403016,-671.2149275186191
42,4959,403096,-746.1261755851606
42,4960,403177,-780.7833779877941
42,4961,403229,-363.92007637887673
42,4962,403290,-439.1812919036104
42,4963,403349,-436.93885122288964
42,4964,403421,-710.9892993335475
42,4965,403475,-474.14121603145463
42,4966,403531,-465.2523372586816
42,4967,403586,-388.4352081831936
42,4968,403641,-485.41152092606814
42,4969,403694,-436.2990756621995
42,4970,403774,-664.7077459622949
42,4971,403823,-401.7528707235622
42,4972,403890,-557.9515373626086
42,4973,403952,-539.2796976551622
42,4974,404011,-432.3542375378126
42,4975,404100,-662.3239676530075
42,4976,404180,-695.1875003476754
42,4977,404252,-521.1032612436812
42,4978,404307,-441.9549533893482
42,4979,404386,-838.5376307862686
42,4980,404439,-326.7941445060897
42,4981,404497,-470.554838811172
42,4982,404554,-514.555668276353
42,4983,404627,-742.1826044195606
42,4984,404689,-570.9106723668027
42,4985,404757,-651.8926249309293
42,4986,404829,-591.5865656080003
42,4987,404903,-420.68437603622544
42,4988,404976,-487.17802216731206
42,4989,405043,-599.2746282815904
42,4990,405093,-400.9860957853074
42,4991,405176,-879.1661872045961
42,4992,405242,-500.3918699438697
42,4993,405321,-478.45925789511705
42,4994,405384,-485.20172498786724
42,4995,405467,-811.38087659503
42,4996,405531,-487.431504990337
42,4997,405609,-649.0992751963367
42,4998,405670,-535.0278439605054
42,4999,405737,-493.6353125616872
42,5000,405814,-630.3223228118443
42,5001,405910,-624.806730621211
42,5002,405965,-486.38567671635906
42,5003,406030,-466.47027402014794
42,5004,406081,-364.9139400900411
42,5005,406143,-553.8307106322476
42,5006,406203,-459.2946089448134
42,5007,406274,-626.4895259364594
42,5008,406338,-540.6687367932818
42,5009,406419,-683.2095155022279
42,5010,406521,-701.3517790096885
42,5011,406580,-469.2644883684189
42,5012,406639,-475.7246762258788
42,5013,406712,-694.1829420649864
42,5014,406786,-527.4084643350849
42,5015,406841,-367.88950538981754
42,5016,406910,-577.8517574050726
42,5017,406968,-505.10166113816973
42,5018,407050,-744.3613744714545
42,5019,407129,-828.0324708989887
42,5020,407212,-765.7048080852932
42,5021,407276,-571.654483080174
42,5022,407326,-374.6730596252724
42,5023,407390,-501.3441901822267
42,5024,407444,-426.6853162610239
42,5025,407523,-658.0762036205906
42,5026,407605,-800.6112549764613
42,5027,407698,-653.8751258134323
42,5028,407754,-422.9884168128523
42,5029,407818,-534.4753596108758
42,5030,407900,-769.2576831422941
42,5031,407986,-971.19620128648
42,5032,408061,-732.5505286149923
42,5033,408133,-544.8911054368407
42,5034,408191,-402.4412639701792
42,5035,408243,-340.20253764381835
42,5036,408315,-696.8193773647727
42,5037,408377,-502.96026812162603
42,5038,408455,-749.1849732408108
42,5039,408511,-445.140399298928
42,5040,408584,-697.9473321329878
42,5041,408638,-380.3538130206162
42,5042,408699,-543.2133834862118
42,5043,408790,-431.93118071066056
42,5044,408850,-536.5158457723151
42,5045,408909,-422.19979369679913
42,5046,408995,-783.258649709107
42,5047,409097,-872.8223112739015
42,5048,409152,-477.8162111751421
42,5049,409219,-604.3015905146453
42,5050,409299,-767.3825330023668
42,5051,409356,-352.15812276703883
42,5052,409430,-500.0468905741634
42,5053,409492,-519.2341208652583
42,5054,409547,-384.58621055053493
42,5055,409631,-954.8595244432468
42,5056,409714,-766.1866415667844
42,5057,409782,-605.1094232158177
42,5058,409842,-412.75907859308796
42,5059,409892,-402.45229590035973
42,5060,409979,-942.3542066350374
42,5061,410041,-546.7633387638679
42,5062,410103,-486.4567947280795
42,5063,410163,-586.0879808802415
42,5064,410233,-521.746177295119
42,5065,410284,-394.4034469612126
42,5066,410362,-708.7271916336379
42,5067,410427,-613.3282420882765
42,5068,410495,-503.3678713541642
42,5069,410554,-459.0126969075424
42,5070,410612,-426.6935881124987
42,5071,410678,-571.5867994670466
42,5072,410744,-488.1254642446489
42,5073,410820,-629.7751642589394
42,5074,410905,-728.7456110232989
42,5075,410987,-716.5515094660906
42,5076,411069,-728.9320912870804
42,5077,411150,-808.3847890864611
42,5078,411221,-558.6482372823117
42,5079,411275,-473.1862179671431
42,5080,411332,-514.2072373546462
42,5081,411413,-844.6559827693458
42,5082,411471,-524.9404410483194
42,5083,411544,-451.249411246768
42,5084,411601,-514.5312347857588
42,5085,411675,-508.51542167719015
42,5086,411761,-933.5327461603267
42,5087,411823,-535.1241472875718
42,5088,411897,-541.7195822251094
42,5089,411955,-491.9713925922249
42,5090,412018,-534.8382193302164
42,5091,412098,-719.933958083832
42,5092,412178,-870.9021955312338
42,5093,412256,-681.9867552944902
42,5094,412310,-488.61378565772566
42,5095,412389,-670.3223549627419
42,5096,412449,-572.6054628074619
42,5097,412499,-318.29499284158146
42,5098,412557,-494.0166520476055
42,5099,412620,-542.7323139010608
42,5100,412700,-728.462864690214
42,5101,412785,-875.00375325595
42,5102,412843,-499.77861617132936
42,5103,412935,-327.58377494686954
42,5104,412996,-478.55805767888086
42,5105,413080,-666.9931378251342
42,5106,413148,-448.20076785217003
42,5107,413201,-422.04337739135315
42,5108,413280,-733.5581774337782
42,5109,413341,-449.3352974758608
42,5110,413400,-462.4147035145216
42,5111,413478,-438.51807155817403
42,5112,413551,-634.7940378182516
42,5113,413604,-404.822934943068
42,5114,413667,-471.2445880929959
42,5115,413741,-592.3601148070468
42,5116,413828,-785.388389840757
42,5117,413885,-399.08584303349147
42,5118,413958,-472.1711638401882
42,5119,414025,-628.8712186571541
42,5120,414087,-545.0431410367557
42,5121,414138,-341.68131500233864
42,5122,414193,-453.3084010234966
42,5123,414268,-484.56429116011736
42,5124,414333,-451.52089236650875
42,5125,414392,-433.79566011149507
42,5126,414475,-741.1546783220942
42,5127,414543,-515.145814252068
42,5128,414616,-509.6951698279141
42,5129,414691,-736.7184742133927
42,5130,414740,-402.90671360875524
42,5131,414828,-967.6400481469694
42,5132,414895,-471.31085213911143
42,5133,414950,-376.00973511498296
42,5134,415003,-410.1488438291995
42,5135,415083,-844.2746334471882
42,5136,415147,-480.4593822539638
42,5137,415266,-1020.2665785625536
42,5138,415322,-378.8647287521199
42,5139,415373,-326.66238113527186
42,5140,415433,-489.41747633778755
42,5141,415509,-744.1974291007101
42,5142,415583,-742.5888683200162
42,5143,415644,-446.1694886521083
42,5144,415719,-735.0389313461189
42,5145,415776,-403.9479737981434
42,5146,415831,-495.37490043297225
42,5147,415884,-453.90524030137124
42,5148,415944,-439.3001327688449
42,5149,416028,-679.842084839228
42,5150,416097,-617.9921003729718
42,5151,416172,-687.18810482327
42,5152,416240,-509.68559318828636
42,5153,416316,-800.5934654787278
42,5154,416379,-520.1458401335408
42,5155,416437,-487.112416325802
42,5156,416493,-493.76365515055096
42,5157,416555,-487.71069674829516
42,5158,416632,-685.7712291542307
42,5159,416705,-587.2602088722574
42,5160,416770,-557.7093774157577
42,5161,416825,-434.6857072787884
42,5162,416881,-478.4199411825729
42,5163,416939,-468.33653079091744
42,5164,416998,-384.6498080670014
42,5165,417089,-1052.574859085388
42,5166,417163,-692.0739732268775
42,5167,417229,-477.1892081662249
42,5168,417313,-731.8177796384714
42,5169,417380,-518.0854565314653
42,5170,417471,-996.9011952927185
42,5171,417535,-510.36030971481085
42,5172,417610,-564.2531968601743
42,5173,417673,-468.5057821860558
42,5174,417730,-473.09612056088184
42,5175,417782,-363.88919252063846
42,5176,417842,-513.1762557263526
42,5177,417897,-426.56343400791746
42,5178,417958,-562.2000032660023
42,5179,418044,-845.3290707117138
42,5180,418128,-835.6345911663499
42,5181,418186,-477.6913726531412
42,5182,418253,-538.9076887094039
42,5183,418317,-471.829156501871
42,5184,418373,-450.50562429955943
42,5185,418452,-671.5050489387481
42,5186,418538,-881.7592014632178
42,5187,418623,-993.2643901966339
42,5188,418683,-494.1741186781644
42,5189,418744,-519.191012707892
42,5190,418818,-505.88909212363444
42,5191,418884,-525.4031810862994
42,5192,418936,-359.4863365778396
42,5193,419001,-420.34017703620043
42,5194,419070,-505.20824856156537
42,5195,419144,-715.7188583383077
42,5196,419203,-422.43406517247087
42,5197,419283,-836.7571202652692
42,5198,419356,-679.766151810505
42,5199,419414,-401.30061061597473
42,5200,419466,-373.22731571149353
42,5201,419540,-590.0301623195046
42,5202,419624,-727.1782694045011
42,5203,419697,-648.1230591385403
42,5204,419757,-526.5015917539887
42,5205,419822,-544.3376850901741
42,5206,419874,-402.5552533812174
42,5207,419953,-819.0852992712065
42,5208,420018,-606.9035574821157
42,5209,420096,-632.8795419181993
42,5210,420172,-752.4392179044656
42,5211,420223,-334.95715189322175
42,5212,420278,-388.62642649455694
42,5213,420359,-871.2507745759807
42,5214,420434,-722.7771507364615
42,5215,420519,-937.8145338519464
42,5216,420572,-333.9559773091292
42,5217,420628,-385.2181678198656
42,5218,420714,-769.8504902219344
42,5219,420782,-597.9407588460897
42,5220,420870,-1058.6736130102724
42,5221,420926,-416.5416795229826
42,5222,420994,-522.8783667793602
42,5223,421079,-713.0736266427722
42,5224,421141,-465.5651764056549
42,5225,421198,-515.0926906146208
42,5226,421277,-732.9494095383701
42,5227,421346,-678.6043018821023
42,5228,421423,-529.3098018886351
42,5229,421501,-632.0289659865048
42,5230,421584,-701.944058921805
42,5231,421656,-530.1756038213517
42,5232,421721,-516.8753138682569
42,5233,421773,-340.6668279541317
42,5234,421834,-450.7265513301035
42,5235,421918,-770.8030345302701
42,5236,421993,-587.0843241221274
42,5237,422058,-466.7501270597229
42,5238,422105,-387.5649923885329
42,5239,422167,-450.82116387189154
42,5240,422219,-342.231776859878
42,5241,422298,-773.366383736485
42,5242,422370,-441.9678302196037
42,5243,422449,-695.7094024531673
42,5244,422503,-432.0925061244764
42,5245,422559,-393.90413386495754
42,5246,422617,-472.7305664627744
42,5247,422694,-759.9234899631728
42,5248,422758,-500.81637560128826
42,5249,422820,-514.3218847656912
42,5250,422889,-576.6634743073579
42,5251,422974,-371.1798724306985
42,5252,423025,-334.00253769149884
42,5253,423079,-412.22101532429787
42,5254,423131,-335.61925868017534
42,5255,423215,-378.8532675382031
42,5256,423267,-469.8064193704586
42,5257,423353,-769.9426930699674
42,5258,423404,-410.5679220286827
42,5259,423455,-402.42732841870475
42,5260,423517,-557.8128495988768
42,5261,423595,-804.9546226697678
42,5262,423651,-488.1349726866959
42,5263,423703,-459.15589170454314
42,5264,423764,-529.2841529075799
42,5265,423836,-467.69203249419127
42,5266,423917,-681.5545683634856
42,5267,423994,-562.9097112158295
42,5268,424053,-554.0442626258007
42,5269,424108,-496.0169294626716
42,5270,424181,-516.027866702528
42,5271,424256,-675.8093998194761
42,5272,424340,-760.2214873763314
42,5273,424415,-790.6255247977042
42,5274,424476,-528.2342509589062
42,5275,424526,-335.6696591225536
42,5276,424587,-414.4665018041637
42,5277,424641,-460.1320562196634
42,5278,424707,-580.3635635788114
42,5279,424756,-406.4453770594599
42,5280,424810,-454.012074422848
42,5281,424897,-895.1769198272528
42,5282,424949,-426.87648270059714
42,5283,425010,-523.1049976392043
42,5284,425097,-989.4738665162434
42,5285,425170,-473.9123871371569
42,5286,425248,-842.9711448255603
42,5287,425305,-485.0654736898365
42,5288,425371,-564.6757992988523
42,5289,425427,-330.9789656203891
42,5290,425492,-507.8115541421156
42,5291,425546,-347.7277356765455
42,5292,425600,-403.1432725672592
42,5293,425655,-487.78575702817056
42,5294,425710,-351.87692112935963
42,5295,425794,-713.5976123105379
42,5296,425870,-495.1807206560451
42,5297,425925,-500.4570145320039
42,5298,425978,-408.56555623286164
42,5299,426035,-451.97607359439485
42,5300,426112,-620.17802293677
42,5301,426197,-732.567969013665
42,5302,426262,-497.07342699243117
42,5303,426330,-630.5053403092955
42,5304,426414,-913.0948950445825
42,5305,426470,-472.74426808808664
42,5306,426521,-339.7334349665506
42,5307,426586,-589.3144095928451
42,5308,426651,-566.449434598534
42,5309,426717,-549.1224754172355
42,5310,426778,-440.52197280457966
42,5311,426848,-617.7786960077473
42,5312,426909,-550.6534767935664
42,5313,426962,-358.55502415777335
42,5314,427020,-429.7523356099757
42,5315,427104,-679.3150671977513
42,5316,427166,-579.7919214656946
42,5317,427219,-434.9499570282478
42,5318,427305,-790.3604286248508
42,5319,427381,-735.4814429466769
42,5320,427439,-382.00707005070126
42,5321,427500,-420.9210390653369
42,5322,427575,-531.2403039669102
42,5323,427641,-550.8644135559447
42,5324,427701,-416.5680022405033
42,5325,427781,-833.7716043202691
42,5326,427839,-522.8690864026393
42,5327,427905,-500.85438471103805
42,5328,427985,-762.4828482969572
42,5329,428036,-373.1824858717516
42,5330,428097,-468.1062172299401
42,5331,428178,-751.2489214700137
42,5332,428243,-502.5988017642973
42,5333,428323,-806.7250217476687
42,5334,428400,-465.542247544726
42,5335,428466,-488.0528859397158
42,5336,428538,-549.2706587773083
42,5337,428614,-599.69783574131
42,5338,428690,-463.66850889487944
42,5339,428758,-519.7701013664122
42,5340,428816,-404.14660131402485
42,5341,428867,-339.7782835330246
42,5342,428936,-622.5840175203649
42,5343,428998,-555.2635804250807
42,5344,429053,-463.26332097062055
42,5345,429135,-735.9704817327971
42,5346,429192,-477.6919910655735
42,5347,429249,-354.84804857990355
42,5348,429321,-517.057748574321
42,5349,429394,-703.9440442131795
42,5350,429449,-519.0903831579778
42,5351,429533,-735.8181802912428
42,5352,429593,-517.6930349690294
42,5353,429744,-1220.3922830468991
42,5354,429797,-386.08291375742044
42,5355,429862,-557.0721119297164
42,5356,429929,-519.070512575141
42,5357,429990,-538.3399393360698
42,5358,430069,-440.6067311759007
42,5359,430126,-385.02132815505223
42,5360,430181,-451.92239547340984
42,5361,430233,-447.01718713091395
42,5362,430296,-553.8685173155852
42,5363,430347,-425.1454961457512
42,5364,430423,-638.16926452017
42,5365,430501,-775.611327668434
42,5366,430558,-469.3002632736702
42,5367,430646,-584.3263020368277
42,5368,430720,-454.9137978193663
42,5369,430822,-387.7011158746077
42,5370,430899,-701.3045326866794
42,5371,430950,-300.4128804714202
42,5372,431019,-550.8031295486383
42,5373,431071,-380.29211272389176
42,5374,431125,-441.77232359418923
42,5375,431194,-551.5620150232204
42,5376,431271,-523.898813981964
42,5377,431330,-555.3230330181246
42,5378,431417,-865.3875101769937
42,5379,431502,-780.4774761584466
42,5380,431565,-507.38666552449934
42,5381,431645,-704.9956406323449
42,5382,431708,-580.2750814235758
42,5383,431771,-574.262366754843
42,5384,431837,-591.2294650007132
42,5385,431893,-494.2333996063364
42,5386,431984,-577.6967677232824
42,5387,432052,-535.0030689572268
42,5388,432105,-366.8577231572198
42,5389,432156,-375.0329545065808
42,5390,432226,-500.87913823864676
42,5391,432309,-789.8861759914444
42,5392,432370,-509.130455180215
42,5393,432442,-564.3791036319503
42,5394,432526,-780.572105835494
42,5395,432595,-556.1930932156747
42,5396,432654,-501.9887296106002
42,5397,432709,-418.16979133098874
42,5398,432764,-422.383395109983
42,5399,432825,-448.6709031496618
42,5400,432881,-479.1691280281061
42,5401,432939,-490.8096721963505
42,5402,432992,-439.5992863720207
42,5403,433046,-430.8504112918846
42,5404,433123,-670.6984824746288
42,5405,433198,-437.2933813003053
42,5406,433262,-607.9227373748856
42,5407,433316,-464.84799645841457
42,5408,433379,-515.5140036587645
42,5409,433446,-581.9550723638386
42,5410,433528,-752.5288678989892
42,5411,433589,-524.0609844870237
42,5412,433672,-703.0885872877084
42,5413,433727,-485.79953359383825
42,5414,433800,-456.73000000179627
42,5415,433874,-714.3346586098754
42,5416,433932,-433.80294196431896
42,5417,433985,-330.4569194236633
42,5418,434045,-540.5014653405284
42,5419,434124,-811.5351339668888
42,5420,434206,-758.6042743943534
42,5421,434257,-323.2884810850465
42,5422,434326,-548.6579671227283
42,5423,434383,-485.98807475385445
42,5424,434438,-342.36585113583305
42,5425,434500,-560.354192506405
42,5426,434563,-542.9444231143937
42,5427,434621,-515.0994522416474
42,5428,434690,-528.6575116142146
42,5429,434763,-649.6238245140779
42,5430,434822,-482.89876885504134
42,5431,434892,-563.4096730236116
42,5432,434958,-493.4103331503453
42,5433,435016,-418.1538947129534
42,5434,435091,-533.8493835030878
42,5435,435164,-653.4115502587133
42,5436,435221,-435.36061936500835
42,5437,435286,-493.65531159523175
42,5438,435337,-428.1669645292398
42,5439,435402,-445.6869741222303
42,5440,435473,-492.3683698724842
42,5441,435550,-724.5667078171064
42,5442,435625,-429.83743216364553
42,5443,435677,-400.5507651001947
42,5444,435727,-376.4855120991947
42,5445,435777,-411.8327627538457
42,5446,435858,-830.2966635211764
42,5447,435919,-479.9319657104313
42,5448,435977,-426.6218466516001
42,5449,436042,-464.63491138087693
42,5450,436111,-494.36970335195036
42,5451,436166,-435.08329788604607
42,5452,436231,-423.2249937154817
42,5453,436284,-468.75541980823374
42,5454,436348,-595.8300606939247
42,5455,436418,-556.9781467091601
42,5456,436479,-462.46826759922334
42,5457,436529,-397.4050407540379
42,5458,436590,-569.558158408257
42,5459,436672,-834.8533320905252
42,5460,436753,-864.5029909190407
42,5461,436829,-786.5770717313437
42,5462,436901,-522.5564017230766
42,5463,436973,-563.3575865370973
42,5464,437045,-501.1741295374719
42,5465,437120,-644.6923493709344
42,5466,437179,-456.9971363496143
42,5467,437233,-464.0481245013205
42,5468,437314,-654.7656632133757
42,5469,437390,-506.7924441718701
42,5470,437448,-540.0692415582229
42,5471,437520,-552.7658431488586
42,5472,437607,-980.0024938525346
42,5473,437667,-476.20099367477127
42,5474,437731,-533.3627448977745
42,5475,437799,-643.2100412168458
42,5476,437859,-486.60888082078645
42,5477,437916,-495.28844048385673
42,5478,437969,-453.51069825717286
42,5479,438056,-981.4092217562606
42,5480,438139,-761.555702308096
42,5481,438191,-379.9265342992691
42,5482,438256,-492.29115989066094
42,5483,438306,-352.27019944594
42,5484,438379,-485.7395846819685
42,5485,438451,-501.53722923993087
42,5486,438507,-391.3363101764625
42,5487,438584,-469.61501971347684
42,5488,438646,-475.87071847378274
42,5489,438724,-741.9235176418551
42,5490,438809,-909.8024422746339
42,5491,438887,-695.7376548536341
42,5492,438939,-432.1210029027007
42,5493,438993,-356.5183808616598
42,5494,439052,-412.7682767738988
42,5495,439102,-303.5124593144367
42,5496,439188,-854.8326279068831
42,5497,439258,-514.1905646567918
42,5498,439309,-455.5084641913012
42,5499,439394,-807.31069526843
42,5500,439453,-441.9178931873841
42,5501,439514,-538.495361662981
42,5502,439575,-506.0812868268342
42,5503,439626,-402.73202653131347
42,5504,439683,-407.5232814856457
42,5505,439739,-393.26825117986186
42,5506,439806,-641.0385620630789
42,5507,439889,-709.7595106904228
42,5508,439975,-826.626594044614
42,5509,440050,-636.5005314349047
42,5510,440119,-582.4000360898704
42,5511,440198,-683.1642518895067
42,5512,440261,-488.51546000831974
42,5513,440318,-516.1937298962131
42,5514,440379,-528.170163516924
42,5515,440433,-389.8894493971898
42,5516,440496,-591.6281585014227
42,5517,440554,-402.79151863984004
42,5518,440634,-764.2713887403821
42,5519,440689,-437.13750518019566
42,5520,440763,-556.9245642230817
42,5521,440816,-364.96445928325073
42,5522,440878,-555.2305048802316
42,5523,440970,-1058.3485304021972
42,5524,441046,-812.0957655798558
42,5525,441124,-717.1376481843732
42,5526,441206,-429.00407710010336
42,5527,441285,-466.58271278338793
42,5528,441343,-407.5441946620938
42,5529,441396,-362.66870768054315
42,5530,441452,-473.2516764420581
42,5531,441503,-392.33008133515216
42,5532,441576,-527.3697823815303
42,5533,441623,-382.5686593348418
42,5534,441693,-550.7345762766935
42,5535,441784,-459.40770201702696
42,5536,441864,-740.9342288938934
42,5537,441924,-530.5276596691117
42,5538,442007,-725.9357980250244
42,5539,442080,-461.59512747524775
42,5540,442141,-469.71555264210525
42,5541,442206,-587.8967817662913
42,5542,442325,-988.9436629144905
42,5543,442375,-329.3415514216145
42,5544,442450,-708.8108108648186
42,5545,442534,-854.2191065069651
42,5546,442585,-413.48117649920255
42,5547,442636,-431.1263637208608
42,5548,442690,-431.2848318887278
42,5549,442743,-439.90634935507615
42,5550,442822,-654.0127204757529
42,5551,442885,-601.4421771958293
42,5552,442954,-540.5774706734504
42,5553,443010,-459.9603639065473
42,5554,443062,-335.30165170404564
42,5555,443128,-488.8829995497572
42,5556,443202,-536.7904531485831
42,5557,443276,-634.5974670945631
42,5558,443330,-352.2431186039159
42,5559,443404,-762.1265376071658
42,5560,443484,-704.1014114428153
42,5561,443539,-494.692143936665
42,5562,443614,-785.1098139038406
42,5563,443672,-429.6965482561446
42,5564,443742,-446.8413272230446
42,5565,443806,-490.84567779771646
42,5566,443863,-484.96456972786643
42,5567,443933,-562.31356497345
42,5568,443987,-355.6731612064017
42,5569,444058,-549.6653772604062
42,5570,444112,-356.8947161611287
42,5571,444165,-445.90524582148254
42,5572,444235,-500.570646077108
42,5573,444313,-385.1569760643914
42,5574,444386,-578.9525165616042
42,5575,444469,-820.8065079405297
42,5576,444533,-521.9823097040219
42,5577,444606,-649.464040451203
42,5578,444656,-359.30341210374365
42,5579,444738,-888.9701918159632
42,5580,444798,-452.21166730943594
42,5581,444873,-581.2597457351064
42,5582,444951,-629.2219457841785
42,5583,445030,-759.9462747030877
42,5584,445106,-637.9878509976792
42,5585,445164,-437.6818594660251
42,5586,445248,-738.4377841898835
42,5587,445328,-871.1323570074577
42,5588,445396,-453.4284367240699
42,5589,445460,-592.8289604492461
42,5590,445528,-517.689311338182
42,5591,445585,-419.7005873615953
42,5592,445653,-652.8686030298742
42,5593,445705,-446.92943013842034
42,5594,445784,-706.5413609676633
42,5595,445848,-476.62773646852577
42,5596,445937,-1019.0618695178681
42,5597,445995,-395.0260588942306
42,5598,446080,-877.2908097913433
42,5599,446134,-423.13512422269145
42,5600,446215,-760.0375258160478
42,5601,446290,-785.2888092971048
42,5602,446358,-639.7669412287232
42,5603,446425,-564.9194078452553
42,5604,446492,-558.6132651551951
42,5605,446603,-598.1713612981195
42,5606,446685,-478.7517476299852
42,5607,446752,-501.6958426289668
42,5608,446825,-580.0857745870437
42,5609,446876,-327.2959113471055
42,5610,446959,-811.8806309692712
42,5611,447017,-386.13000500256203
42,5612,447071,-431.53061178036216
42,5613,447126,-498.4902453329513
42,5614,447211,-796.2363627128892
42,5615,447281,-718.2990044483646
42,5616,447336,-410.67516376311676
42,5617,447416,-827.2540689971095
42,5618,447477,-420.4482183650248
42,5619,447537,-515.9107968563799
42,5620,447597,-437.5354226838352
42,5621,447670,-495.89347974566635
42,5622,447737,-520.9407058322734
42,5623,447795,-420.0241734008426
42,5624,447867,-557.4429045988772
42,5625,447941,-782.1162387954073
42,5626,448002,-478.4665700403384
42,5627,448054,-294.3455193914684
42,5628,448108,-365.49059533693355
42,5629,448190,-751.8566761947451
42,5630,448248,-324.3521366087405
42,5631,448316,-552.3067403264315
42,5632,448367,-389.3913352980828
42,5633,448434,-515.798835484444
42,5634,448498,-511.90266737943034
42,5635,448560,-527.0540853015647
42,5636,448617,-493.19228366719955
42,5637,448679,-552.6925936251655
42,5638,448734,-467.44075239403395
42,5639,448808,-447.5639437972029
42,5640,448888,-841.6482086957737
42,5641,448954,-555.4202006478688
42,5642,449013,-417.1528612357228
42,5643,449075,-544.6007528823873
42,5644,449159,-788.9024149988009
42,5645,449233,-681.1415557053335
42,5646,449312,-781.2671907635687
42,5647,449370,-392.7068682583712
42,5648,449431,-462.5773658841644
42,5649,449487,-428.5423641477663
42,5650,449548,-466.89146694995645
42,5651,449599,-428.1216452774415
42,5652,449659,-440.5809026488988
42,5653,449715,-423.6910963791914
42,5654,449798,-736.2298840118801
42,5655,449862,-504.37020335722127
42,5656,449929,-631.0180340821937
42,5657,449998,-515.5467069016134
42,5658,450057,-508.25867825856443
42,5659,450120,-591.5983222548228
42,5660,450196,-677.5209288864502
42,5661,450262,-578.3355425250322
42,5662,450326,-510.3985776144399
42,5663,450407,-851.3228228045475
42,5664,450459,-416.48331073444945
42,5665,450521,-467.4872146798379
42,5666,450570,-408.9073497800493
42,5667,450622,-458.254441279554
42,5668,450698,-711.864761710505
42,5669,450764,-503.74489339785805
42,5670,450833,-499.9119395403386
42,5671,450893,-425.5162927378109
42,5672,450956,-586.1238791653054
42,5673,451010,-379.7797119805161
42,5674,451076,-514.1100612198487
42,5675,451131,-350.12557858073774
42,5676,451217,-722.2617796446243
42,5677,451277,-505.8664927184348
42,5678,451336,-536.2244656615097
42,5679,451397,-530.4757617989497
42,5680,451470,-457.49845121778503
42,5681,451522,-410.7152379445488
42,5682,451612,-1069.183906759454
42,5683,451673,-567.3982084130093
42,5684,451734,-530.1073468250036
42,5685,451815,-663.9196515378019
42,5686,451876,-574.2139884094231
42,5687,451926,-325.676472894316
42,5688,451982,-475.10789726796907
42,5689,452052,-628.5603096095316
42,5690,452136,-819.6444577208549
42,5691,452201,-523.3653234690512
42,5692,452264,-458.58902392958487
42,5693,452342,-461.7713137947636
42,5694,452402,-518.95572818149
42,5695,452464,-424.64920758396346
42,5696,452523,-533.1073662539702
42,5697,452577,-430.3510396837761
42,5698,452645,-527.22518259056
42,5699,452709,-585.133496914938
42,5700,452761,-345.4491148036415
42,5701,452838,-654.8803185143086
42,5702,452924,-716.0445028070343
42,5703,452994,-586.6855801531188
42,5704,453048,-374.9525632818819
42,5705,453110,-557.0986868064683
42,5706,453186,-571.2418285644029
42,5707,453272,-742.8995088962226
42,5708,453338,-539.8145244177424
42,5709,453419,-762.1393767200279
42,5710,453471,-383.11436694761346
42,5711,453530,-466.5462409781404
42,5712,453607,-684.9252356338318
42,5713,453665,-516.113099696422
42,5714,453732,-486.9735360898928
42,5715,453813,-743.1301798282379
42,5716,453871,-493.9275209842199
42,5717,453944,-499.52560956728144
42,5718,454017,-491.1559633648011
42,5719,454075,-404.3674450339889
42,5720,454150,-519.514524576251
42,5721,454209,-536.5268159950165
42,5722,454291,-710.1090958671964
42,5723,454358,-538.3273785886087
42,5724,454438,-691.367654354819
42,5725,454503,-471.95269974609994
42,5726,454594,-969.2078135884975
42,5727,454678,-711.1650984135719
42,5728,454761,-727.5236201939011
42,5729,454840,-745.5488373955844
42,5730,454896,-432.9545617166723
42,5731,454973,-722.7459701846832
42,5732,455027,-476.9295623661053
42,5733,455082,-458.739984372976
42,5734,455143,-523.5445721030114
42,5735,455226,-674.9015461846684
42,5736,455309,-861.1956884748473
42,5737,455358,-404.0957933005035
42,5738,455438,-710.0360871523175
42,5739,455524,-740.7804115349015
42,5740,455605,-788.5671732840318
42,5741,455668,-478.0568566748799
42,5742,455735,-601.8351492037248
42,5743,455809,-486.65714392841267
42,5744,455892,-685.1958096645303
42,5745,455977,-704.4196232599049
42,5746,456030,-466.78332491318054
42,5747,456100,-546.9291533735523
42,5748,456157,-456.7483462660593
42,5749,456212,-482.6270836095773
42,5750,456279,-471.6017360821098
42,5751,456341,-553.8495396296349
42,5752,456391,-343.03619343586047
42,5753,456483,-907.7765579813067
42,5754,456559,-617.6560045629326
42,5755,456626,-526.672159910559
42,5756,456683,-482.32195209094493
42,5757,456748,-602.7756448804357
42,5758,456801,-444.61748096939016
42,5759,456856,-449.1853123467285
42,5760,456913,-409.39901844705633
42,5761,456991,-738.2219234198262
42,5762,457061,-497.0973815556333
42,5763,457113,-381.9555856569946
42,5764,457171,-514.8643754484251
42,5765,457229,-392.6643183815366
42,5766,457316,-709.2676114319701
42,5767,457370,-457.558777686974
42,5768,457442,-714.5906165424192
42,5769,457506,-554.1399796803064
42,5770,457560,-454.8848462562793
42,5771,457641,-697.0616605276388
42,5772,457721,-867.3752905367297
42,5773,457792,-582.4664984610405
42,5774,457856,-607.6199006981982
42,5775,457926,-500.6575627390022
42,5776,458014,-846.0239727147637
42,5777,458075,-448.74253584510825
42,5778,458128,-366.56925122965356
42,5779,458191,-562.3464116539213
42,5780,458259,-524.3250608085652
42,5781,458314,-380.86414407461746
42,5782,458369,-489.54526611557355
42,5783,458482,-666.3594789543539
42,5784,458551,-599.7410459856048
42,5785,458613,-544.7670554944527
42,5786,458670,-452.59257905656693
42,5787,458740,-493.3295700647516
42,5788,458809,-534.0349393624226
42,5789,458883,-546.5326318770389
42,5790,458936,-381.4126790171797
42,5791,459017,-707.4126577737215
42,5792,459108,-363.28913852734513
42,5793,459169,-499.2985411510786
42,5794,459282,-605.726742644853
42,5795,459361,-675.222366820644
42,5796,459448,-905.7768526679175
42,5797,459505,-507.4022907264565
42,5798,459588,-937.848643895459
42,5799,459645,-476.07439430157547
42,5800,459697,-339.9677874511534
42,5801,459784,-848.9721467000049
42,5802,459871,-828.5753213362781
42,5803,459957,-896.708994127296
42,5804,460011,-466.0331176110677
42,5805,460071,-454.64118392427235
42,5806,460149,-643.7595293130971
42,5807,460210,-460.3513289278321
42,5808,460269,-377.3733533607523
42,5809,460344,-714.5865866704929
42,5810,460414,-576.0512370302891
42,5811,460467,-405.4991366796879
42,5812,460560,-1068.0371102654376
42,5813,460626,-626.1819086819015
42,5814,460684,-505.5840446284736
42,5815,460746,-481.42837796794396
42,5816,460822,-715.6531774130873
42,5817,460883,-490.6937783343832
42,5818,460964,-774.596781550169
42,5819,461032,-605.4943263446075
42,5820,461104,-500.33620778562624
42,5821,461187,-704.9381180998141
42,5822,461274,-769.7371642901313
42,5823,461333,-517.5026954714668
42,5824,461404,-688.975896752085
42,5825,461462,-511.4155890271061
42,5826,461519,-505.28551612119
42,5827,461595,-618.4165764803389
42,5828,461680,-964.3673091604884
42,5829,461761,-731.6200775013205
42,5830,461823,-508.03066327875786
42,5831,461901,-741.0660756941288
42,5832,461954,-351.13024730183383
42,5833,462018,-572.2902933117061
42,5834,462080,-478.49339899659196
42,5835,462157,-499.85049774314643
42,5836,462232,-665.4445135372754
42,5837,462312,-697.9808274343037
42,5838,462369,-453.81026299356495
42,5839,462448,-667.926764788055
42,5840,462528,-783.2149932398972
42,5841,462592,-497.4168185894908
42,5842,462649,-509.36763054002677
42,5843,462716,-540.6588075451241
42,5844,462792,-579.0718034622887
42,5845,462856,-514.2490557783256
42,5846,462915,-511.88330825236056
42,5847,462986,-570.3752322742595
42,5848,463056,-644.8674228660468
42,5849,463136,-753.2045022364722
42,5850,463192,-445.8845557353342
42,5851,463260,-582.3018826897916
42,5852,463326,-537.2202029439569
42,5853,463410,-598.3409438379956
42,5854,463498,-868.6361114163245
42,5855,463576,-519.8450952411301
42,5856,463632,-463.64671668378026
42,5857,463689,-509.617689577479
42,5858,463769,-681.8323576390026
42,5859,463882,-643.1393596360464
42,5860,463949,-567.583922857923
42,5861,464004,-459.743944170503
42,5862,464060,-493.8634296236945
42,5863,464116,-377.41892243137494
42,5864,464190,-605.4581587406792
42,5865,464266,-596.1917249517144
42,5866,464347,-788.0776188893162
42,5867,464405,-459.890625822514
42,5868,464484,-455.1073272129306
42,5869,464546,-537.1473614755744
42,5870,464631,-753.051902328612
42,5871,464699,-533.4254210410658
42,5872,464751,-333.50743004887767
42,5873,464806,-474.4659448433136
42,5874,464878,-686.8984795196549
42,5875,464953,-433.39000573114095
42,5876,465026,-752.7212677003487
42,5877,465167,-816.0059893432174
42,5878,465249,-808.3158897898987
42,5879,465305,-492.8093638006445
42,5880,465393,-813.1391637921605
42,5881,465468,-670.2175854454919
42,5882,465519,-388.98344663837446
42,5883,465568,-410.9709934350882
42,5884,465655,-823.4737618017818
42,5885,465706,-424.8302962871399
42,5886,465773,-619.8204499791256
42,5887,465824,-347.14334192556294
42,5888,465883,-516.9399117297539
42,5889,465939,-469.70678706956636
42,5890,466001,-548.9507499639838
42,5891,466064,-568.2357569822964
42,5892,466159,-696.1103594575926
42,5893,466218,-542.6632998649254
42,5894,466290,-666.2306109641112
42,5895,466345,-403.77683514469084
42,5896,466411,-464.120608963123
42,5897,466469,-514.8518810694704
42,5898,466527,-521.9046579964565
42,5899,466603,-475.0039006820974
42,5900,466670,-483.49977935122155
42,5901,466754,-874.1392926183612
42,5902,466839,-738.1331370248289
42,5903,466906,-502.51977343110315
42,5904,466965,-539.4795074998403
42,5905,467024,-434.3703089975375
42,5906,467074,-431.3079313789048
42,5907,467126,-368.18471052214227
42,5908,467182,-476.1087638910353
42,5909,467264,-694.4785249695478
42,5910,467323,-511.06980022062
42,5911,467397,-693.6654473332205
42,5912,467453,-394.65755774529686
42,5913,467525,-558.2157591122086
42,5914,467575,-297.15840319433914
42,5915,467645,-618.3449942508821
42,5916,467705,-549.9121937264971
42,5917,467782,-733.9861343855835
42,5918,467853,-585.4985869873941
42,5919,467915,-565.9209940022895
42,5920,467986,-532.7493534085394
42,5921,468091,-606.200464180554
42,5922,468147,-378.1348415078597
42,5923,468212,-545.0183076957255
42,5924,468275,-504.08343304036305
42,5925,468356,-465.60766805323044
42,5926,468440,-689.914683945384
42,5927,468504,-470.16452329013555
42,5928,468576,-515.2082554770994
42,5929,468647,-579.2312271030657
42,5930,468706,-440.67758919805857
42,5931,468771,-487.2024529840251
42,5932,468834,-467.9745290060539
42,5933,468895,-538.6576157114368
42,5934,468953,-530.6995183863405
42,5935,469014,-424.73103599166427
42,5936,469105,-1119.4739397225562
42,5937,469166,-522.2993852438167
42,5938,469219,-322.9491077750334
42,5939,469288,-511.05210438882534
42,5940,469356,-629.3539308289144
42,5941,469433,-769.7203153365793
42,5942,469485,-355.95076266780194
42,5943,469544,-480.29322616359565
42,5944,469623,-654.0191029165076
42,5945,469676,-465.9515847414808
42,5946,469750,-705.7468748681722
42,5947,469806,-350.9118631281863
42,5948,469858,-344.94029330133026
42,5949,469935,-823.1982347328458
42,5950,469985,-384.609670111477
42,5951,470072,-484.08439795264144
42,5952,470144,-659.8933546915514
42,5953,470228,-844.1728916904689
42,5954,470304,-526.8037896199062
42,5955,470370,-566.4437513883934
42,5956,470427,-479.84231959896454
42,5957,470488,-542.2680465000863
42,5958,470561,-715.4090159705879
42,5959,470615,-359.8470645973072
42,5960,470695,-683.2022227208814
42,5961,470758,-593.4570398588551
42,5962,470843,-803.3446956681303
42,5963,470897,-401.4721797224226
42,5964,470971,-441.33488943796976
42,5965,471056,-328.97300634362693
42,5966,471114,-439.1279068233664
42,5967,471188,-700.4213019963906
42,5968,471240,-315.57793110562164
42,5969,471320,-780.0494518184819
42,5970,471379,-404.4796558591054
42,5971,471437,-439.5454799365379
42,5972,471510,-613.2636150096095
42,5973,471568,-484.1713311069877
42,5974,471635,-493.3720096247152
42,5975,471713,-812.0170798883189
42,5976,471786,-542.7775006122962
42,5977,471857,-623.7955371698941
42,5978,471909,-403.25166790665077
42,5979,471971,-588.5428067601595
42,5980,472025,-434.75249122831644
42,5981,472087,-562.3527140879703
42,5982,472161,-716.0213097999125
42,5983,472243,-346.35797382538857
42,5984,472311,-500.25467304996175
42,5985,472388,-816.6208603843816
42,5986,472445,-429.36855825403774
42,5987,472495,-429.6128536423155
42,5988,472579,-796.6832006836254
42,5989,472663,-789.3718298762586
42,5990,472731,-545.0623740757659
42,5991,472790,-412.6139654949265
42,5992,472842,-434.0370409694838
42,5993,472906,-507.04474854010715
42,5994,472972,-589.9909122235922
42,5995,473050,-550.7665485311552
42,5996,473110,-444.24843613630827
42,5997,473166,-430.06657522023875
42,5998,473219,-408.9504703323926
42,5999,473278,-406.387605450884
42,6000,473357,-772.9800806779268
42,6001,473430,-723.4082624507749
42,6002,473507,-798.4491128242224
42,6003,473557,-410.49585693175874
42,6004,473652,-346.9574801419101
42,6005,473704,-322.1290821958354
42,6006,473770,-524.5668732769407
42,6007,473844,-514.7526051554684
42,6008,473917,-509.12834030849706
42,6009,473969,-460.50598658351976
42,6010,474043,-609.5580833775246
42,6011,474125,-419.39808097193475
42,6012,474186,-418.83452442268475
42,6013,474259,-579.0012117182598
42,6014,474338,-852.6929566134211
42,6015,474402,-525.0670155329802
42,6016,474458,-390.40247377676496
42,6017,474514,-422.8200891680884
42,6018,474576,-482.50255538083377
42,6019,474631,-379.1597233828779
42,6020,474712,-457.4690300988557
42,6021,474785,-591.1670244630332
42,6022,474857,-510.2958966034421
42,6023,474921,-601.0594582380273
42,6024,474975,-479.3679602094082
42,6025,475027,-372.324406339186
42,6026,475081,-435.18189741806015
42,6027,475141,-371.3008170284212
42,6028,475243,-421.4301426847003
42,6029,475309,-619.2007525150673
42,6030,475389,-889.8951274687688
42,6031,475442,-356.61794000126
42,6032,475527,-888.7123826217496
42,6033,475595,-589.8498692536067
42,6034,475668,-487.1930632829758
42,6035,475720,-419.99435625434654
42,6036,475794,-433.65486049824176
42,6037,475862,-573.8584762113393
42,6038,475925,-509.51943459500535
42,6039,475991,-467.5254496712097
42,6040,476046,-446.2835193797969
42,6041,476105,-460.3543938873304
42,6042,476165,-480.23805345217636
42,6043,476229,-517.4059920021693
42,6044,476283,-314.6414975645823
42,6045,476371,-799.0312312254083
42,6046,476431,-494.6398816860373
42,6047,476508,-466.9906796873222
42,6048,476578,-603.7361476186948
42,6049,476629,-322.60602580494697
42,6050,476691,-529.6076131655688
42,6051,476746,-394.3940012881028
42,6052,476833,-770.4738768526909
42,6053,476889,-402.5410771509124
42,6054,476977,-884.9751047458766
42,6055,477036,-523.4832822935263
42,6056,477093,-373.7197332999253
42,6057,477163,-543.5161497136113
42,6058,477230,-623.8039388946702
42,6059,477285,-462.6536714013154
42,6060,477345,-551.0010260109248
42,6061,477422,-755.8749889425374
42,6062,477492,-578.3582751014544
42,6063,477560,-572.3690345816118
42,6064,477629,-556.5200195862553
42,6065,477710,-738.6869968552993
42,6066,477786,-724.8753782461002
42,6067,477859,-580.5833332106085
42,6068,477946,-910.4186271680669
42,6069,478012,-445.41315576989837
42,6070,478084,-483.1946281985091
42,6071,478138,-455.04592673010137
42,6072,478198,-451.1564473100762
42,6073,478270,-485.36135744170286
42,6074,478322,-362.07295503656
42,6075,478401,-517.2577216752525
42,6076,478456,-360.38030804140516
42,6077,478538,-797.2825202120555
42,6078,478588,-336.34842964455413
42,6079,478643,-403.23212380299606
42,6080,478718,-670.9482720506819
42,6081,478781,-472.22827153831497
42,6082,478844,-575.4424926556641
42,6083,478914,-525.3555230626682
42,6084,478971,-507.26617556395
42,6085,479024,-427.0802049471275
42,6086,479087,-523.117962822732
42,6087,479172,-635.1646191180201
42,6088,479230,-411.75425547832197
42,6089,479315,-862.762415799587
42,6090,479368,-358.05829393798484
42,6091,479445,-607.7690622856252
42,6092,479501,-493.4824463024099
42,6093,479573,-489.1527030199089
42,6094,479641,-641.3059846940533
42,6095,479720,-766.5687059254684
42,6096,479784,-499.8353154513024
42,6097,479834,-418.3400330143994
42,6098,479894,-475.8937392723527
42,6099,479943,-372.5893425617413
42,6100,480017,-750.2392942385527
42,6101,480083,-510.2151113339906
42,6102,480147,-562.2095589613056
42,6103,480229,-750.923314274026
42,6104,480287,-532.7960773629318
42,6105,480351,-580.5784454857876
42,6106,480406,-417.57938217215576
42,6107,480463,-380.59879211126963
42,6108,480517,-458.0690037370559
42,6109,480597,-816.4732047011391
42,6110,480656,-462.04986071263903
42,6111,480706,-372.9002167452935
42,6112,480792,-841.9513179797794
42,6113,480847,-450.49346149336924
42,6114,480918,-490.48366858298584
42,6115,480972,-432.6735634538278
42,6116,481023,-412.053444718885
42,6117,481112,-1038.0579519171247
42,6118,481178,-606.9094386306983
42,6119,481232,-421.88527518868943
42,6120,481286,-471.8935851723166
42,6121,481338,-315.78090349058607
42,6122,481421,-424.2576975283905
42,6123,481482,-452.9567769959118
42,6124,481530,-367.9171030073973
42,6125,481609,-785.3732485321408
42,6126,481667,-371.2701159362977
42,6127,481744,-829.43128689445
42,6128,481826,-758.0428842880895
42,6129,481888,-467.2642398453449
42,6130,481956,-634.3115992516706
42,6131,482009,-429.3977245666116
42,6132,482066,-502.6406591254051
42,6133,482124,-552.5331497890462
42,6134,482184,-546.5343935682016
42,6135,482237,-458.29765740450557
42,6136,482310,-486.0161798650428
42,6137,482366,-368.26696931130596
42,6138,482447,-695.3607224016484
42,6139,482502,-403.24739954543725
42,6140,482575,-712.2945663971196
42,6141,482653,-691.3536961215668
42,6142,482746,-1088.4069135695354
42,6143,482800,-439.19724359933207
42,6144,482855,-486.41302984516153
42,6145,482906,-437.52940009476606
42,6146,482962,-475.97813489029005
42,6147,483050,-785.0147550931283
42,6148,483121,-676.4636890149542
42,6149,483180,-524.7319699453765
42,6150,483263,-879.183605040397
42,6151,483337,-514.6815462472815
42,6152,483396,-488.1239572312929
42,6153,483466,-582.8139350593515
42,6154,483545,-738.150124049766
42,6155,483630,-911.8564400568043
42,6156,483682,-338.1498616842325
42,6157,483757,-507.5249881292034
42,6158,483820,-599.3606392189494
42,6159,483874,-379.2065267453802
42,6160,483947,-436.5442692282844
42,6161,484003,-515.6098390628301
42,6162,484085,-668.9022584370467
42,6163,484138,-374.05343087746155
42,6164,484189,-331.7104333310751
42,6165,484253,-501.4551703513546
42,6166,484308,-389.18070400522777
42,6167,484378,-534.8110443094164
42,6168,484430,-388.515346997362
42,6169,484485,-322.73460419265325
42,6170,484552,-513.2852215923147
42,6171,484610,-471.60613914129755
42,6172,484685,-723.2962545580581
42,6173,484740,-371.9158526318456
42,6174,484799,-425.38484810882903
42,6175,484859,-427.20190876566414
42,6176,484915,-399.111108273469
42,6177,484970,-374.5491954356854
42,6178,485021,-414.7529975378186
42,6179,485081,-565.4276236418779
42,6180,485142,-441.3619924368464
42,6181,485222,-816.2964299977092
42,6182,485274,-421.3809534910448
42,6183,485326,-348.3583414556728
42,6184,485394,-497.4963883182047
42,6185,485451,-438.0532883911845
42,6186,485525,-679.6121735202752
42,6187,485601,-737.9336875415046
42,6188,485688,-773.3094159905319
42,6189,485744,-459.39011171124434
42,6190,485797,-457.9527293711834
42,6191,485863,-609.8489703840331
42,6192,485933,-579.9868775612615
42,6193,486011,-812.7994605887512
42,6194,486068,-517.0117323417176
42,6195,486143,-444.16847246990426
42,6196,486196,-443.83884320443804
42,6197,486258,-578.1592892270701
42,6198,486329,-523.4638660169635
42,6199,486387,-415.03365926465216
42,6200,486453,-537.4010872481182
42,6201,486514,-557.0154707350173
42,6202,486569,-386.165181863144
42,6203,486625,-451.60193975404337
42,6204,486684,-535.4483955274297
42,6205,486765,-824.8789317230047
42,6206,486839,-656.3861344749372
42,6207,486902,-557.3988727472972
42,6208,486991,-1005.94228232477
42,6209,487065,-683.2040549974082
42,6210,487121,-423.5856098354617
42,6211,487183,-567.0870729983626
42,6212,487234,-426.72818537426025
42,6213,487313,-663.7073086919537
42,6214,487381,-522.0493499635394
42,6215,487453,-578.1924925633098
42,6216,487515,-473.4684769463316
42,6217,487577,-517.1335253754723
42,6218,487627,-315.71617581034315
42,6219,487702,-739.8072305654796
42,6220,487784,-781.6920210822442
42,6221,487862,-456.94622608105897
42,6222,487926,-493.6598716209045
42,6223,487996,-494.95616652708804
42,6224,488089,-347.04348698200147
42,6225,488142,-444.2236820022883
42,6226,488225,-772.0945180456386
42,6227,488276,-338.7589289154058
42,6228,488333,-496.24609175195474
42,6229,488385,-325.35100251946477
42,6230,488463,-638.3710314085887
42,6231,488532,-528.519400510392
42,6232,488583,-397.96392382909806
42,6233,488675,-984.5576903006324
42,6234,488755,-791.4939123686087
42,6235,488831,-508.8236192367135
42,6236,488910,-841.7206963555844
42,6237,488994,-789.7151028452389
42,6238,489056,-480.31983678423006
42,6239,489128,-492.7762594249999
42,6240,489186,-517.767628101685
42,6241,489250,-563.2996474331246
42,6242,489320,-485.7365820519444
42,6243,489392,-590.5283056204609
42,6244,489449,-500.5828866230158
42,6245,489529,-866.7558507816309
42,6246,489601,-560.9046695587576
42,6247,489674,-514.2852859459605
42,6248,489760,-775.6607925161815
42,6249,489840,-787.9964806521232
42,6250,489918,-786.6426429879189
42,6251,489973,-494.2889822886718
42,6252,490067,-1061.548571997887
42,6253,490127,-534.5374848785066
42,6254,490193,-546.2403859977783
42,6255,490250,-394.9022031481641
42,6256,490310,-446.31114109004557
42,6257,490393,-906.5764354236399
42,6258,490470,-831.7663729630409
42,6259,490531,-563.2064912910537
42,6260,490613,-644.1839232555602
42,6261,490661,-398.7020978033559
42,6262,490742,-719.7557819668907
42,6263,490796,-327.1642556167687
42,6264,490856,-549.6579996248972
42,6265,490923,-532.1680528809284
42,6266,491046,-992.9192378131171
42,6267,491098,-285.98216151058074
42,6268,491149,-416.2677577814799
42,6269,491200,-310.3087554494807
42,6270,491253,-341.038050751116
42,6271,491305,-313.8370064255659
42,6272,491379,-550.769334198257
42,6273,491429,-324.8007750891699
42,6274,491491,-536.1078228377405
42,6275,491545,-442.66952894426333
42,6276,491611,-500.63056748840563
42,6277,491665,-458.1467161047277
42,6278,491724,-529.8660705489928
42,6279,491776,-330.26271833516546
42,6280,491826,-366.2754005007992
42,6281,491909,-694.0589726100301
42,6282,491985,-642.8556831747604
42,6283,492046,-525.3056466676401
42,6284,492130,-718.7231811817096
42,6285,492183,-448.95045996002654
42,6286,492273,-956.0779404804
42,6287,492351,-799.336652071167
42,6288,492401,-403.6945315922817
42,6289,492452,-316.8537642755684
42,6290,492517,-536.7206445104646
42,6291,492588,-541.9023520024857
42,6292,492648,-439.6448160250753
42,6293,492732,-789.3210201895572
42,6294,492808,-609.4512448192879
42,6295,492881,-623.866309457689
42,6296,492951,-528.6496885779909
42,6297,493007,-462.0215330292683
42,6298,493118,-623.3591319903451
42,6299,493186,-560.8058901859345
42,6300,493260,-746.4914792741819
42,6301,493343,-897.7179913132128
42,6302,493426,-706.4863425880535
42,6303,493477,-461.5793702369947
42,6304,493562,-968.9494528364221
42,6305,493651,-994.8348641642523
42,6306,493722,-599.9655477588256
42,6307,493796,-618.4737271914612
42,6308,493876,-814.1368891759553
42,6309,493941,-504.69458693955704
42,6310,493999,-432.1055387603291
42,6311,494056,-471.8857970758174
42,6312,494145,-929.341007242252
42,6313,494218,-563.7199601886634
42,6314,494304,-893.2024068789896
42,6315,494381,-784.3936008699467
42,6316,494457,-757.9451806348093
42,6317,494521,-614.016827321322
42,6318,494576,-507.04023200595964
42,6319,494658,-787.9345996365552
42,6320,494736,-794.0920695447693
42,6321,494799,-460.55749208729833
42,6322,494886,-1018.5955021667747
42,6323,494947,-408.41565938238404
42,6324,495026,-757.701675912293
42,6325,495105,-678.2668476535217
42,6326,495161,-412.1755507382815
42,6327,495214,-463.9709974159236
42,6328,495282,-483.4439457830285
42,6329,495362,-769.078763464766
42,6330,495423,-565.142621192379
42,6331,495480,-506.4750757801988
42,6332,495556,-748.8906016730512
42,6333,495643,-915.3164694156693
42,6334,495715,-715.1059678366456
42,6335,495786,-529.1391144818888
42,6336,495868,-811.1160683786306
42,6337,495932,-601.7051649431064
42,6338,496002,-576.6495030443324
42,6339,496068,-502.2599195844617
42,6340,496134,-549.5875177039607
42,6341,496217,-712.552867740327
42,6342,496272,-349.84509408998485
42,6343,496351,-698.2801538101122
42,6344,496456,-691.9117226351854
42,6345,496507,-323.2162095809953
42,6346,496568,-539.18630294794
42,6347,496624,-387.6924732697245
42,6348,496676,-401.96464902587405
42,6349,496736,-517.0485594035154
42,6350,496818,-800.8557861342663
42,6351,496925,-631.2992976355303
42,6352,497005,-821.5202500172522
42,6353,497061,-460.8611122358788
42,6354,497130,-621.4396634056163
42,6355,497188,-410.9841011628325
42,6356,497270,-412.83539302245686
42,6357,497322,-275.3083180894232
42,6358,497379,-414.7930774239615
42,6359,497459,-672.9702252763848
42,6360,497510,-396.85766189388215
42,6361,497592,-824.3528868050015
42,6362,497649,-362.03828292694567
42,6363,497730,-709.8828502370491
42,6364,497793,-478.3065149531185
42,6365,497843,-418.36337789953024
42,6366,497910,-616.0766779164164
42,6367,497989,-779.3700974923119
42,6368,498049,-430.82303372473046
42,6369,498099,-339.25662587154795
42,6370,498154,-451.3478159263665
42,6371,498212,-390.56108733983996
42,6372,498271,-440.4541378151983
42,6373,498354,-741.047264473785
42,6374,498437,-756.8408283542606
42,6375,498487,-412.0820581489947
42,6376,498541,-493.5323706948921
42,6377,498622,-828.9348946860298
42,6378,498697,-656.120630787929
42,6379,498782,-865.8967132030247
42,6380,498841,-577.7854149300554
42,6381,498915,-488.97779535006896
42,6382,498967,-381.2132541131094
42,6383,499018,-395.17974051314616
42,6384,499104,-753.5722248109582
42,6385,499167,-553.1568027255789
42,6386,499229,-486.52440724749613
42,6387,499286,-489.5225122857183
42,6388,499349,-563.2378716885485
42,6389,499421,-610.2965073575315
42,6390,499472,-400.7891052449638
42,6391,499557,-885.3459057672973
42,6392,499640,-705.3622589652649
42,6393,499709,-623.5783830423652
42,6394,499786,-734.9711812765389
42,6395,499845,-430.46743559575464
42,6396,499932,-979.6191350204019
42,6397,499993,-474.9734164502596
