seed,episode,total_steps,return
42,1,10,10.0
42,2,28,18.0
42,3,63,35.0
42,4,75,12.0
42,5,96,21.0
42,6,112,16.0
42,7,131,19.0
42,8,141,10.0
42,9,168,27.0
42,10,192,24.0
42,11,206,14.0
42,12,216,10.0
42,13,238,22.0
42,14,265,27.0
42,15,299,34.0
42,16,331,32.0
42,17,352,21.0
42,18,374,22.0
42,19,416,42.0
42,20,431,15.0
42,21,451,20.0
42,22,464,13.0
42,23,494,30.0
42,24,506,12.0
42,25,543,37.0
42,26,571,28.0
42,27,587,16.0
42,28,605,18.0
42,29,620,15.0
42,30,633,13.0
42,31,646,13.0
42,32,660,14.0
42,33,670,10.0
42,34,700,30.0
42,35,738,38.0
42,36,760,22.0
42,37,770,10.0
42,38,789,19.0
42,39,831,42.0
42,40,863,32.0
42,41,872,9.0
42,42,912,40.0
42,43,927,15.0
42,44,940,13.0
42,45,954,14.0
42,46,968,14.0
42,47,985,17.0
42,48,1006,21.0
42,49,1035,29.0
42,50,1055,20.0
42,51,1076,21.0
42,52,1096,20.0
42,53,1110,14.0
42,54,1158,48.0
42,55,1187,29.0
42,56,1204,17.0
42,57,1248,44.0
42,58,1272,24.0
42,59,1313,41.0
42,60,1330,17.0
42,61,1347,17.0
42,62,1369,22.0
42,63,1380,11.0
42,64,1392,12.0
42,65,1407,15.0
42,66,1419,12.0
42,67,1431,12.0
42,68,1454,23.0
42,69,1468,14.0
42,70,1478,10.0
42,71,1509,31.0
42,72,1519,10.0
42,73,1533,14.0
42,74,1587,54.0
42,75,1601,14.0
42,76,1621,20.0
42,77,1646,25.0
42,78,1670,24.0
42,79,1686,16.0
42,80,1725,39.0
42,81,1740,15.0
42,82,1754,14.0
42,83,1770,16.0
42,84,1804,34.0
42,85,1815,11.0
42,86,1833,18.0
42,87,1851,18.0
42,88,1865,14.0
42,89,1887,22.0
42,90,1906,19.0
42,91,1943,37.0
42,92,1953,10.0
42,93,1983,30.0
42,94,2006,23.0
42,95,2024,18.0
42,96,2035,11.0
42,97,2075,40.0
42,98,2096,21.0
42,99,2111,15.0
42,100,2120,9.0
42,101,2130,10.0
42,102,2142,12.0
42,103,2154,12.0
42,104,2173,19.0
42,105,2186,13.0
42,106,2202,16.0
42,107,2222,20.0
42,108,2244,22.0
42,109,2254,10.0
42,110,2277,23.0
42,111,2299,22.0
42,112,2321,22.0
42,113,2338,17.0
42,114,2362,24.0
42,115,2381,19.0
42,116,2401,20.0
42,117,2414,13.0
42,118,2425,11.0
42,119,2443,18.0
42,120,2480,37.0
42,121,2523,43.0
42,122,2547,24.0
42,123,2567,20.0
42,124,2592,25.0
42,125,2602,10.0
42,126,2612,10.0
42,127,2634,22.0
42,128,2658,24.0
42,129,2675,17.0
42,130,2689,14.0
42,131,2700,11.0
42,132,2731,31.0
42,133,2745,14.0
42,134,2761,16.0
42,135,2782,21.0
42,136,2807,25.0
42,137,2822,15.0
42,138,2856,34.0
42,139,2873,17.0
42,140,2889,16.0
42,141,2901,12.0
42,142,2921,20.0
42,143,2951,30.0
42,144,2980,29.0
42,145,2992,12.0
42,146,3005,13.0
42,147,3073,68.0
42,148,3124,51.0
42,149,3147,23.0
42,150,3184,37.0
42,151,3200,16.0
42,152,3232,32.0
42,153,3248,16.0
42,154,3279,31.0
42,155,3314,35.0
42,156,3324,10.0
42,157,3341,17.0
42,158,3351,10.0
42,159,3362,11.0
42,160,3375,13.0
42,161,3399,24.0
42,162,3432,33.0
42,163,3443,11.0
42,164,3479,36.0
42,165,3495,16.0
42,166,3514,19.0
42,167,3535,21.0
42,168,3557,22.0
42,169,3574,17.0
42,170,3596,22.0
42,171,3612,16.0
42,172,3636,24.0
42,173,3658,22.0
42,174,3670,12.0
42,175,3707,37.0
42,176,3731,24.0
42,177,3740,9.0
42,178,3754,14.0
42,179,3786,32.0
42,180,3816,30.0
42,181,3843,27.0
42,182,3877,34.0
42,183,3892,15.0
42,184,3908,16.0
42,185,3928,20.0
42,186,3941,13.0
42,187,3978,37.0
42,188,3996,18.0
42,189,4020,24.0
42,190,4043,23.0
42,191,4063,20.0
42,192,4073,10.0
42,193,4110,37.0
42,194,4126,16.0
42,195,4155,29.0
42,196,4172,17.0
42,197,4193,21.0
42,198,4206,13.0
42,199,4228,22.0
42,200,4254,26.0
42,201,4274,20.0
42,202,4285,11.0
42,203,4301,16.0
42,204,4316,15.0
42,205,4348,32.0
42,206,4362,14.0
42,207,4380,18.0
42,208,4414,34.0
42,209,4431,17.0
42,210,4446,15.0
42,211,4468,22.0
42,212,4479,11.0
42,213,4494,15.0
42,214,4504,10.0
42,215,4536,32.0
42,216,4567,31.0
42,217,4595,28.0
42,218,4616,21.0
42,219,4628,12.0
42,220,4647,19.0
42,221,4655,8.0
42,222,4666,11.0
42,223,4684,18.0
42,224,4695,11.0
42,225,4733,38.0
42,226,4751,18.0
42,227,4806,55.0
42,228,4822,16.0
42,229,4837,15.0
42,230,4863,26.0
42,231,4875,12.0
42,232,4892,17.0
42,233,4911,19.0
42,234,4934,23.0
42,235,4951,17.0
42,236,4965,14.0
42,237,4992,27.0
42,238,5007,15.0
42,239,5036,29.0
42,240,5053,17.0
42,241,5099,46.0
42,242,5121,22.0
42,243,5147,26.0
42,244,5164,17.0
42,245,5177,13.0
42,246,5234,57.0
42,247,5255,21.0
42,248,5269,14.0
42,249,5284,15.0
42,250,5313,29.0
42,251,5357,44.0
42,252,5377,20.0
42,253,5398,21.0
42,254,5409,11.0
42,255,5432,23.0
42,256,5459,27.0
42,257,5482,23.0
42,258,5499,17.0
42,259,5511,12.0
42,260,5543,32.0
42,261,5565,22.0
42,262,5594,29.0
42,263,5605,11.0
42,264,5622,17.0
42,265,5631,9.0
42,266,5648,17.0
42,267,5671,23.0
42,268,5706,35.0
42,269,5753,47.0
42,270,5778,25.0
42,271,5790,12.0
42,272,5803,13.0
42,273,5816,13.0
42,274,5842,26.0
42,275,5869,27.0
42,276,5892,23.0
42,277,5902,10.0
42,278,5929,27.0
42,279,5962,33.0
42,280,5990,28.0
42,281,6031,41.0
42,282,6044,13.0
42,283,6067,23.0
42,284,6083,16.0
42,285,6100,17.0
42,286,6114,14.0
42,287,6130,16.0
42,288,6151,21.0
42,289,6184,33.0
42,290,6203,19.0
42,291,6221,18.0
42,292,6243,22.0
42,293,6284,41.0
42,294,6310,26.0
42,295,6324,14.0
42,296,6358,34.0
42,297,6375,17.0
42,298,6388,13.0
42,299,6404,16.0
42,300,6431,27.0
42,301,6458,27.0
42,302,6483,25.0
42,303,6492,9.0
42,304,6503,11.0
42,305,6516,13.0
42,306,6532,16.0
42,307,6548,16.0
42,308,6575,27.0
42,309,6591,16.0
42,310,6602,11.0
42,311,6622,20.0
42,312,6635,13.0
42,313,6662,27.0
42,314,6726,64.0
42,315,6746,20.0
42,316,6762,16.0
42,317,6806,44.0
42,318,6859,53.0
42,319,6867,8.0
42,320,6906,39.0
42,321,6922,16.0
42,322,6940,18.0
42,323,6952,12.0
42,324,6982,30.0
42,325,7014,32.0
42,326,7032,18.0
42,327,7051,19.0
42,328,7076,25.0
42,329,7085,9.0
42,330,7097,12.0
42,331,7124,27.0
42,332,7135,11.0
42,333,7144,9.0
42,334,7160,16.0
42,335,7182,22.0
42,336,7204,22.0
42,337,7218,14.0
42,338,7233,15.0
42,339,7249,16.0
42,340,7287,38.0
42,341,7312,25.0
42,342,7359,47.0
42,343,7388,29.0
42,344,7413,25.0
42,345,7441,28.0
42,346,7459,18.0
42,347,7470,11.0
42,348,7498,28.0
42,349,7513,15.0
42,350,7528,15.0
42,351,7539,11.0
42,352,7553,14.0
42,353,7581,28.0
42,354,7592,11.0
42,355,7638,46.0
42,356,7653,15.0
42,357,7679,26.0
42,358,7703,24.0
42,359,7729,26.0
42,360,7744,15.0
42,361,7761,17.0
42,362,7789,28.0
42,363,7804,15.0
42,364,7823,19.0
42,365,7856,33.0
42,366,7867,11.0
42,367,7910,43.0
42,368,7946,36.0
42,369,7964,18.0
42,370,7988,24.0
42,371,8006,18.0
42,372,8018,12.0
42,373,8028,10.0
42,374,8048,20.0
42,375,8124,76.0
42,376,8150,26.0
42,377,8160,10.0
42,378,8170,10.0
42,379,8187,17.0
42,380,8201,14.0
42,381,8219,18.0
42,382,8246,27.0
42,383,8260,14.0
42,384,8284,24.0
42,385,8296,12.0
42,386,8314,18.0
42,387,8334,20.0
42,388,8360,26.0
42,389,8374,14.0
42,390,8389,15.0
42,391,8400,11.0
42,392,8411,11.0
42,393,8430,19.0
42,394,8449,19.0
42,395,8466,17.0
42,396,8475,9.0
42,397,8503,28.0
42,398,8513,10.0
42,399,8543,30.0
42,400,8590,47.0
42,401,8619,29.0
42,402,8632,13.0
42,403,8655,23.0
42,404,8666,11.0
42,405,8689,23.0
42,406,8725,36.0
42,407,8745,20.0
42,408,8759,14.0
42,409,8787,28.0
42,410,8797,10.0
42,411,8818,21.0
42,412,8852,34.0
42,413,8862,10.0
42,414,8893,31.0
42,415,8933,40.0
42,416,8950,17.0
42,417,9059,109.0
42,418,9070,11.0
42,419,9086,16.0
42,420,9128,42.0
42,421,9145,17.0
42,422,9164,19.0
42,423,9179,15.0
42,424,9195,16.0
42,425,9212,17.0
42,426,9245,33.0
42,427,9260,15.0
42,428,9283,23.0
42,429,9306,23.0
42,430,9322,16.0
42,431,9359,37.0
42,432,9369,10.0
42,433,9387,18.0
42,434,9413,26.0
42,435,9450,37.0
42,436,9460,10.0
42,437,9518,58.0
42,438,9541,23.0
42,439,9564,23.0
42,440,9576,12.0
42,441,9620,44.0
42,442,9647,27.0
42,443,9657,10.0
42,444,9685,28.0
42,445,9698,13.0
42,446,9712,14.0
42,447,9731,19.0
42,448,9745,14.0
42,449,9825,80.0
42,450,9858,33.0
42,451,9902,44.0
42,452,9939,37.0
42,453,9965,26.0
42,454,9981,16.0
42,455,10009,28.0
42,456,10028,19.0
42,457,10105,77.0
42,458,10115,10.0
42,459,10128,13.0
42,460,10142,14.0
42,461,10175,33.0
42,462,10190,15.0
42,463,10205,15.0
42,464,10214,9.0
42,465,10223,9.0
42,466,10232,9.0
42,467,10245,13.0
42,468,10281,36.0
42,469,10299,18.0
42,470,10311,12.0
42,471,10325,14.0
42,472,10342,17.0
42,473,10363,21.0
42,474,10373,10.0
42,475,10411,38.0
42,476,10433,22.0
42,477,10446,13.0
42,478,10458,12.0
42,479,10471,13.0
42,480,10482,11.0
42,481,10519,37.0
42,482,10548,29.0
42,483,10562,14.0
42,484,10596,34.0
42,485,10614,18.0
42,486,10636,22.0
42,487,10653,17.0
42,488,10666,13.0
42,489,10698,32.0
42,490,10722,24.0
42,491,10743,21.0
42,492,10771,28.0
42,493,10784,13.0
42,494,10800,16.0
42,495,10820,20.0
42,496,10859,39.0
42,497,10875,16.0
42,498,10895,20.0
42,499,10917,22.0
42,500,10929,12.0
42,501,10947,18.0
42,502,10959,12.0
42,503,10971,12.0
42,504,10989,18.0
42,505,11007,18.0
42,506,11033,26.0
42,507,11047,14.0
42,508,11066,19.0
42,509,11083,17.0
42,510,11107,24.0
42,511,11119,12.0
42,512,11129,10.0
42,513,11143,14.0
42,514,11163,20.0
42,515,11175,12.0
42,516,11193,18.0
42,517,11231,38.0
42,518,11253,22.0
42,519,11265,12.0
42,520,11276,11.0
42,521,11289,13.0
42,522,11304,15.0
42,523,11345,41.0
42,524,11388,43.0
42,525,11401,13.0
42,526,11415,14.0
42,527,11448,33.0
42,528,11459,11.0
42,529,11474,15.0
42,530,11490,16.0
42,531,11519,29.0
42,532,11529,10.0
42,533,11546,17.0
42,534,11559,13.0
42,535,11582,23.0
42,536,11606,24.0
42,537,11621,15.0
42,538,11641,20.0
42,539,11659,18.0
42,540,11683,24.0
42,541,11692,9.0
42,542,11708,16.0
42,543,11723,15.0
42,544,11737,14.0
42,545,11764,27.0
42,546,11784,20.0
42,547,11797,13.0
42,548,11813,16.0
42,549,11827,14.0
42,550,11856,29.0
42,551,11869,13.0
42,552,11900,31.0
42,553,11922,22.0
42,554,11942,20.0
42,555,11985,43.0
42,556,12023,38.0
42,557,12046,23.0
42,558,12067,21.0
42,559,12088,21.0
42,560,12103,15.0
42,561,12130,27.0
42,562,12146,16.0
42,563,12179,33.0
42,564,12207,28.0
42,565,12220,13.0
42,566,12230,10.0
42,567,12243,13.0
42,568,12267,24.0
42,569,12282,15.0
42,570,12329,47.0
42,571,12350,21.0
42,572,12361,11.0
42,573,12372,11.0
42,574,12392,20.0
42,575,12405,13.0
42,576,12418,13.0
42,577,12450,32.0
42,578,12458,8.0
42,579,12504,46.0
42,580,12525,21.0
42,581,12543,18.0
42,582,12557,14.0
42,583,12586,29.0
42,584,12605,19.0
42,585,12626,21.0
42,586,12646,20.0
42,587,12660,14.0
42,588,12690,30.0
42,589,12710,20.0
42,590,12728,18.0
42,591,12787,59.0
42,592,12802,15.0
42,593,12847,45.0
42,594,12883,36.0
42,595,12912,29.0
42,596,12943,31.0
42,597,12954,11.0
42,598,12969,15.0
42,599,12984,15.0
42,600,13001,17.0
42,601,13011,10.0
42,602,13026,15.0
42,603,13038,12.0
42,604,13064,26.0
42,605,13086,22.0
42,606,13121,35.0
42,607,13148,27.0
42,608,13168,20.0
42,609,13182,14.0
42,610,13192,10.0
42,611,13204,12.0
42,612,13216,12.0
42,613,13236,20.0
42,614,13255,19.0
42,615,13269,14.0
42,616,13279,10.0
42,617,13299,20.0
42,618,13334,35.0
42,619,13369,35.0
42,620,13409,40.0
42,621,13426,17.0
42,622,13449,23.0
42,623,13474,25.0
42,624,13504,30.0
42,625,13526,22.0
42,626,13563,37.0
42,627,13604,41.0
42,628,13624,20.0
42,629,13654,30.0
42,630,13677,23.0
42,631,13703,26.0
42,632,13721,18.0
42,633,13731,10.0
42,634,13742,11.0
42,635,13774,32.0
42,636,13804,30.0
42,637,13829,25.0
42,638,13866,37.0
42,639,13882,16.0
42,640,13906,24.0
42,641,13944,38.0
42,642,13969,25.0
42,643,13990,21.0
42,644,14005,15.0
42,645,14071,66.0
42,646,14096,25.0
42,647,14106,10.0
42,648,14127,21.0
42,649,14170,43.0
42,650,14190,20.0
42,651,14210,20.0
42,652,14220,10.0
42,653,14240,20.0
42,654,14249,9.0
42,655,14259,10.0
42,656,14273,14.0
42,657,14295,22.0
42,658,14312,17.0
42,659,14340,28.0
42,660,14360,20.0
42,661,14370,10.0
42,662,14391,21.0
42,663,14411,20.0
42,664,14428,17.0
42,665,14440,12.0
42,666,14460,20.0
42,667,14487,27.0
42,668,14511,24.0
42,669,14523,12.0
42,670,14540,17.0
42,671,14553,13.0
42,672,14580,27.0
42,673,14615,35.0
42,674,14662,47.0
42,675,14702,40.0
42,676,14768,66.0
42,677,14779,11.0
42,678,14804,25.0
42,679,14842,38.0
42,680,14881,39.0
42,681,14903,22.0
42,682,14917,14.0
42,683,14936,19.0
42,684,14961,25.0
42,685,14983,22.0
42,686,15016,33.0
42,687,15037,21.0
42,688,15076,39.0
42,689,15101,25.0
42,690,15129,28.0
42,691,15140,11.0
42,692,15161,21.0
42,693,15181,20.0
42,694,15191,10.0
42,695,15209,18.0
42,696,15223,14.0
42,697,15237,14.0
42,698,15250,13.0
42,699,15264,14.0
42,700,15277,13.0
42,701,15286,9.0
42,702,15299,13.0
42,703,15311,12.0
42,704,15351,40.0
42,705,15367,16.0
42,706,15389,22.0
42,707,15401,12.0
42,708,15418,17.0
42,709,15437,19.0
42,710,15458,21.0
42,711,15473,15.0
42,712,15488,15.0
42,713,15510,22.0
42,714,15538,28.0
42,715,15552,14.0
42,716,15583,31.0
42,717,15596,13.0
42,718,15625,29.0
42,719,15642,17.0
42,720,15660,18.0
42,721,15699,39.0
42,722,15715,16.0
42,723,15732,17.0
42,724,15749,17.0
42,725,15768,19.0
42,726,15788,20.0
42,727,15814,26.0
42,728,15834,20.0
42,729,15864,30.0
42,730,15876,12.0
42,731,15887,11.0
42,732,15924,37.0
42,733,15941,17.0
42,734,15975,34.0
42,735,15987,12.0
42,736,16001,14.0
42,737,16026,25.0
42,738,16037,11.0
42,739,16062,25.0
42,740,16078,16.0
42,741,16094,16.0
42,742,16117,23.0
42,743,16129,12.0
42,744,16142,13.0
42,745,16167,25.0
42,746,16205,38.0
42,747,16227,22.0
42,748,16247,20.0
42,749,16262,15.0
42,750,16275,13.0
42,751,16297,22.0
42,752,16338,41.0
42,753,16360,22.0
42,754,16372,12.0
42,755,16392,20.0
42,756,16413,21.0
42,757,16426,13.0
42,758,16443,17.0
42,759,16468,25.0
42,760,16497,29.0
42,761,16521,24.0
42,762,16537,16.0
42,763,16549,12.0
42,764,16564,15.0
42,765,16573,9.0
42,766,16587,14.0
42,767,16598,11.0
42,768,16626,28.0
42,769,16656,30.0
42,770,16672,16.0
42,771,16684,12.0
42,772,16733,49.0
42,773,16746,13.0
42,774,16757,11.0
42,775,16773,16.0
42,776,16812,39.0
42,777,16831,19.0
42,778,16868,37.0
42,779,16929,61.0
42,780,16954,25.0
42,781,16963,9.0
42,782,16986,23.0
42,783,16995,9.0
42,784,17019,24.0
42,785,17033,14.0
42,786,17047,14.0
42,787,17069,22.0
42,788,17091,22.0
42,789,17100,9.0
42,790,17121,21.0
42,791,17130,9.0
42,792,17152,22.0
42,793,17168,16.0
42,794,17222,54.0
42,795,17249,27.0
42,796,17271,22.0
42,797,17288,17.0
42,798,17297,9.0
42,799,17318,21.0
42,800,17367,49.0
42,801,17378,11.0
42,802,17395,17.0
42,803,17407,12.0
42,804,17446,39.0
42,805,17456,10.0
42,806,17472,16.0
42,807,17489,17.0
42,808,17503,14.0
42,809,17517,14.0
42,810,17533,16.0
42,811,17567,34.0
42,812,17579,12.0
42,813,17590,11.0
42,814,17605,15.0
42,815,17625,20.0
42,816,17638,13.0
42,817,17664,26.0
42,818,17688,24.0
42,819,17701,13.0
42,820,17721,20.0
42,821,17742,21.0
42,822,17765,23.0
42,823,17791,26.0
42,824,17805,14.0
42,825,17822,17.0
42,826,17842,20.0
42,827,17855,13.0
42,828,17889,34.0
42,829,17920,31.0
42,830,17929,9.0
42,831,17938,9.0
42,832,17951,13.0
42,833,17968,17.0
42,834,17979,11.0
42,835,17995,16.0
42,836,18035,40.0
42,837,18061,26.0
42,838,18070,9.0
42,839,18083,13.0
42,840,18106,23.0
42,841,18123,17.0
42,842,18135,12.0
42,843,18163,28.0
42,844,18177,14.0
42,845,18208,31.0
42,846,18220,12.0
42,847,18244,24.0
42,848,18287,43.0
42,849,18314,27.0
42,850,18328,14.0
42,851,18340,12.0
42,852,18359,19.0
42,853,18402,43.0
42,854,18421,19.0
42,855,18433,12.0
42,856,18518,85.0
42,857,18546,28.0
42,858,18566,20.0
42,859,18586,20.0
42,860,18604,18.0
42,861,18631,27.0
42,862,18654,23.0
42,863,18681,27.0
42,864,18696,15.0
42,865,18715,19.0
42,866,18738,23.0
42,867,18754,16.0
42,868,18775,21.0
42,869,18784,9.0
42,870,18829,45.0
42,871,18850,21.0
42,872,18866,16.0
42,873,18937,71.0
42,874,18984,47.0
42,875,19007,23.0
42,876,19016,9.0
42,877,19027,11.0
42,878,19040,13.0
42,879,19054,14.0
42,880,19065,11.0
42,881,19077,12.0
42,882,19095,18.0
42,883,19122,27.0
42,884,19138,16.0
42,885,19151,13.0
42,886,19214,63.0
42,887,19233,19.0
42,888,19244,11.0
42,889,19262,18.0
42,890,19276,14.0
42,891,19287,11.0
42,892,19298,11.0
42,893,19321,23.0
42,894,19378,57.0
42,895,19398,20.0
42,896,19428,30.0
42,897,19445,17.0
42,898,19468,23.0
42,899,19494,26.0
42,900,19506,12.0
42,901,19544,38.0
42,902,19562,18.0
42,903,19575,13.0
42,904,19593,18.0
42,905,19620,27.0
42,906,19646,26.0
42,907,19657,11.0
42,908,19673,16.0
42,909,19693,20.0
42,910,19702,9.0
42,911,19717,15.0
42,912,19730,13.0
42,913,19765,35.0
42,914,19794,29.0
42,915,19816,22.0
42,916,19842,26.0
42,917,19856,14.0
42,918,19876,20.0
42,919,19894,18.0
42,920,19916,22.0
42,921,19929,13.0
42,922,19952,23.0
42,923,19969,17.0
42,924,19984,15.0
42,925,19996,12.0
42,926,20015,19.0
42,927,20038,23.0
42,928,20065,27.0
42,929,20089,24.0
42,930,20099,10.0
42,931,20115,16.0
42,932,20132,17.0
42,933,20165,33.0
42,934,20185,20.0
42,935,20205,20.0
42,936,20223,18.0
42,937,20237,14.0
42,938,20256,19.0
42,939,20289,33.0
42,940,20298,9.0
42,941,20309,11.0
42,942,20321,12.0
42,943,20334,13.0
42,944,20367,33.0
42,945,20378,11.0
42,946,20405,27.0
42,947,20418,13.0
42,948,20430,12.0
42,949,20439,9.0
42,950,20450,11.0
42,951,20463,13.0
42,952,20483,20.0
42,953,20495,12.0
42,954,20528,33.0
42,955,20575,47.0
42,956,20598,23.0
42,957,20674,76.0
42,958,20711,37.0
42,959,20725,14.0
42,960,20807,82.0
42,961,20839,32.0
42,962,20908,69.0
42,963,20925,17.0
42,964,20976,51.0
42,965,20990,14.0
42,966,21012,22.0
42,967,21039,27.0
42,968,21066,27.0
42,969,21076,10.0
42,970,21089,13.0
42,971,21108,19.0
42,972,21138,30.0
42,973,21151,13.0
42,974,21170,19.0
42,975,21188,18.0
42,976,21234,46.0
42,977,21254,20.0
42,978,21266,12.0
42,979,21297,31.0
42,980,21310,13.0
42,981,21330,20.0
42,982,21349,19.0
42,983,21366,17.0
42,984,21380,14.0
42,985,21399,19.0
42,986,21416,17.0
42,987,21429,13.0
42,988,21446,17.0
42,989,21494,48.0
42,990,21504,10.0
42,991,21517,13.0
42,992,21540,23.0
42,993,21554,14.0
42,994,21583,29.0
42,995,21610,27.0
42,996,21630,20.0
42,997,21684,54.0
42,998,21707,23.0
42,999,21724,17.0
42,1000,21746,22.0
42,1001,21772,26.0
42,1002,21783,11.0
42,1003,21803,20.0
42,1004,21814,11.0
42,1005,21840,26.0
42,1006,21853,13.0
42,1007,21875,22.0
42,1008,21887,12.0
42,1009,21902,15.0
42,1010,21921,19.0
42,1011,21963,42.0
42,1012,21979,16.0
42,1013,21999,20.0
42,1014,22017,18.0
42,1015,22027,10.0
42,1016,22041,14.0
42,1017,22061,20.0
42,1018,22076,15.0
42,1019,22094,18.0
42,1020,22114,20.0
42,1021,22132,18.0
42,1022,22159,27.0
42,1023,22168,9.0
42,1024,22209,41.0
42,1025,22218,9.0
42,1026,22229,11.0
42,1027,22246,17.0
42,1028,22265,19.0
42,1029,22275,10.0
42,1030,22299,24.0
42,1031,22320,21.0
42,1032,22334,14.0
42,1033,22357,23.0
42,1034,22377,20.0
42,1035,22408,31.0
42,1036,22420,12.0
42,1037,22437,17.0
42,1038,22477,40.0
42,1039,22499,22.0
42,1040,22520,21.0
42,1041,22530,10.0
42,1042,22545,15.0
42,1043,22572,27.0
42,1044,22586,14.0
42,1045,22599,13.0
42,1046,22642,43.0
42,1047,22653,11.0
42,1048,22668,15.0
42,1049,22684,16.0
42,1050,22705,21.0
42,1051,22717,12.0
42,1052,22733,16.0
42,1053,22766,33.0
42,1054,22776,10.0
42,1055,22789,13.0
42,1056,22800,11.0
42,1057,22810,10.0
42,1058,22822,12.0
42,1059,22834,12.0
42,1060,22844,10.0
42,1061,22907,63.0
42,1062,22920,13.0
42,1063,22935,15.0
42,1064,22953,18.0
42,1065,23001,48.0
42,1066,23013,12.0
42,1067,23041,28.0
42,1068,23064,23.0
42,1069,23079,15.0
42,1070,23093,14.0
42,1071,23132,39.0
42,1072,23146,14.0
42,1073,23158,12.0
42,1074,23173,15.0
42,1075,23186,13.0
42,1076,23198,12.0
42,1077,23223,25.0
42,1078,23238,15.0
42,1079,23260,22.0
42,1080,23295,35.0
42,1081,23315,20.0
42,1082,23330,15.0
42,1083,23346,16.0
42,1084,23374,28.0
42,1085,23390,16.0
42,1086,23408,18.0
42,1087,23436,28.0
42,1088,23453,17.0
42,1089,23466,13.0
42,1090,23483,17.0
42,1091,23498,15.0
42,1092,23509,11.0
42,1093,23519,10.0
42,1094,23534,15.0
42,1095,23559,25.0
42,1096,23575,16.0
42,1097,23611,36.0
42,1098,23628,17.0
42,1099,23654,26.0
42,1100,23664,10.0
42,1101,23683,19.0
42,1102,23696,13.0
42,1103,23709,13.0
42,1104,23738,29.0
42,1105,23770,32.0
42,1106,23791,21.0
42,1107,23800,9.0
42,1108,23849,49.0
42,1109,23872,23.0
42,1110,23895,23.0
42,1111,23906,11.0
42,1112,23922,16.0
42,1113,23936,14.0
42,1114,23952,16.0
42,1115,23997,45.0
42,1116,24015,18.0
42,1117,24024,9.0
42,1118,24048,24.0
42,1119,24060,12.0
42,1120,24085,25.0
42,1121,24140,55.0
42,1122,24152,12.0
42,1123,24176,24.0
42,1124,24189,13.0
42,1125,24212,23.0
42,1126,24239,27.0
42,1127,24274,35.0
42,1128,24286,12.0
42,1129,24300,14.0
42,1130,24312,12.0
42,1131,24334,22.0
42,1132,24368,34.0
42,1133,24381,13.0
42,1134,24404,23.0
42,1135,24413,9.0
42,1136,24448,35.0
42,1137,24470,22.0
42,1138,24480,10.0
42,1139,24499,19.0
42,1140,24526,27.0
42,1141,24538,12.0
42,1142,24570,32.0
42,1143,24585,15.0
42,1144,24595,10.0
42,1145,24630,35.0
42,1146,24640,10.0
42,1147,24654,14.0
42,1148,24665,11.0
42,1149,24692,27.0
42,1150,24711,19.0
42,1151,24732,21.0
42,1152,24784,52.0
42,1153,24805,21.0
42,1154,24818,13.0
42,1155,24828,10.0
42,1156,24840,12.0
42,1157,24856,16.0
42,1158,24890,34.0
42,1159,24905,15.0
42,1160,24938,33.0
42,1161,24967,29.0
42,1162,24983,16.0
42,1163,24997,14.0
42,1164,25055,58.0
42,1165,25092,37.0
42,1166,25165,73.0
42,1167,25188,23.0
42,1168,25213,25.0
42,1169,25234,21.0
42,1170,25274,40.0
42,1171,25288,14.0
42,1172,25301,13.0
42,1173,25337,36.0
42,1174,25350,13.0
42,1175,25380,30.0
42,1176,25390,10.0
42,1177,25423,33.0
42,1178,25452,29.0
42,1179,25468,16.0
42,1180,25482,14.0
42,1181,25516,34.0
42,1182,25533,17.0
42,1183,25548,15.0
42,1184,25562,14.0
42,1185,25598,36.0
42,1186,25639,41.0
42,1187,25652,13.0
42,1188,25721,69.0
42,1189,25771,50.0
42,1190,25788,17.0
42,1191,25812,24.0
42,1192,25823,11.0
42,1193,25837,14.0
42,1194,25860,23.0
42,1195,25879,19.0
42,1196,25897,18.0
42,1197,25922,25.0
42,1198,25937,15.0
42,1199,25951,14.0
42,1200,25970,19.0
42,1201,25981,11.0
42,1202,25990,9.0
42,1203,26005,15.0
42,1204,26020,15.0
42,1205,26035,15.0
42,1206,26062,27.0
42,1207,26076,14.0
42,1208,26088,12.0
42,1209,26097,9.0
42,1210,26129,32.0
42,1211,26155,26.0
42,1212,26171,16.0
42,1213,26184,13.0
42,1214,26204,20.0
42,1215,26218,14.0
42,1216,26230,12.0
42,1217,26244,14.0
42,1218,26261,17.0
42,1219,26274,13.0
42,1220,26292,18.0
42,1221,26317,25.0
42,1222,26343,26.0
42,1223,26359,16.0
42,1224,26372,13.0
42,1225,26399,27.0
42,1226,26415,16.0
42,1227,26426,11.0
42,1228,26440,14.0
42,1229,26468,28.0
42,1230,26484,16.0
42,1231,26494,10.0
42,1232,26508,14.0
42,1233,26526,18.0
42,1234,26541,15.0
42,1235,26552,11.0
42,1236,26609,57.0
42,1237,26620,11.0
42,1238,26637,17.0
42,1239,26652,15.0
42,1240,26665,13.0
42,1241,26689,24.0
42,1242,26709,20.0
42,1243,26731,22.0
42,1244,26744,13.0
42,1245,26773,29.0
42,1246,26797,24.0
42,1247,26807,10.0
42,1248,26849,42.0
42,1249,26870,21.0
42,1250,26906,36.0
42,1251,26939,33.0
42,1252,26954,15.0
42,1253,26981,27.0
42,1254,27007,26.0
42,1255,27019,12.0
42,1256,27032,13.0
42,1257,27042,10.0
42,1258,27064,22.0
42,1259,27085,21.0
42,1260,27107,22.0
42,1261,27117,10.0
42,1262,27131,14.0
42,1263,27172,41.0
42,1264,27190,18.0
42,1265,27206,16.0
42,1266,27224,18.0
42,1267,27247,23.0
42,1268,27264,17.0
42,1269,27294,30.0
42,1270,27314,20.0
42,1271,27336,22.0
42,1272,27350,14.0
42,1273,27371,21.0
42,1274,27394,23.0
42,1275,27413,19.0
42,1276,27427,14.0
42,1277,27470,43.0
42,1278,27496,26.0
42,1279,27519,23.0
42,1280,27559,40.0
42,1281,27589,30.0
42,1282,27606,17.0
42,1283,27643,37.0
42,1284,27668,25.0
42,1285,27682,14.0
42,1286,27723,41.0
42,1287,27740,17.0
42,1288,27760,20.0
42,1289,27781,21.0
42,1290,27791,10.0
42,1291,27834,43.0
42,1292,27850,16.0
42,1293,27862,12.0
42,1294,27905,43.0
42,1295,27929,24.0
42,1296,27966,37.0
42,1297,28007,41.0
42,1298,28021,14.0
42,1299,28035,14.0
42,1300,28049,14.0
42,1301,28063,14.0
42,1302,28080,17.0
42,1303,28093,13.0
42,1304,28107,14.0
42,1305,28118,11.0
42,1306,28149,31.0
42,1307,28166,17.0
42,1308,28176,10.0
42,1309,28190,14.0
42,1310,28204,14.0
42,1311,28213,9.0
42,1312,28228,15.0
42,1313,28250,22.0
42,1314,28268,18.0
42,1315,28283,15.0
42,1316,28314,31.0
42,1317,28362,48.0
42,1318,28373,11.0
42,1319,28400,27.0
42,1320,28455,55.0
42,1321,28471,16.0
42,1322,28482,11.0
42,1323,28514,32.0
42,1324,28534,20.0
42,1325,28558,24.0
42,1326,28603,45.0
42,1327,28616,13.0
42,1328,28635,19.0
42,1329,28648,13.0
42,1330,28699,51.0
42,1331,28712,13.0
42,1332,28734,22.0
42,1333,28768,34.0
42,1334,28797,29.0
42,1335,28815,18.0
42,1336,28857,42.0
42,1337,28874,17.0
42,1338,28888,14.0
42,1339,28898,10.0
42,1340,28908,10.0
42,1341,28919,11.0
42,1342,28932,13.0
42,1343,28961,29.0
42,1344,28985,24.0
42,1345,29021,36.0
42,1346,29036,15.0
42,1347,29046,10.0
42,1348,29078,32.0
42,1349,29105,27.0
42,1350,29126,21.0
42,1351,29143,17.0
42,1352,29160,17.0
42,1353,29180,20.0
42,1354,29194,14.0
42,1355,29231,37.0
42,1356,29260,29.0
42,1357,29277,17.0
42,1358,29293,16.0
42,1359,29308,15.0
42,1360,29320,12.0
42,1361,29345,25.0
42,1362,29357,12.0
42,1363,29369,12.0
42,1364,29398,29.0
42,1365,29416,18.0
42,1366,29437,21.0
42,1367,29465,28.0
42,1368,29486,21.0
42,1369,29512,26.0
42,1370,29525,13.0
42,1371,29558,33.0
42,1372,29573,15.0
42,1373,29590,17.0
42,1374,29602,12.0
42,1375,29654,52.0
42,1376,29672,18.0
42,1377,29687,15.0
42,1378,29707,20.0
42,1379,29722,15.0
42,1380,29749,27.0
42,1381,29784,35.0
42,1382,29817,33.0
42,1383,29828,11.0
42,1384,29864,36.0
42,1385,29884,20.0
42,1386,29893,9.0
42,1387,29922,29.0
42,1388,29961,39.0
42,1389,29982,21.0
42,1390,29993,11.0
42,1391,30025,32.0
42,1392,30037,12.0
42,1393,30050,13.0
42,1394,30068,18.0
42,1395,30080,12.0
42,1396,30093,13.0
42,1397,30117,24.0
42,1398,30132,15.0
42,1399,30142,10.0
42,1400,30154,12.0
42,1401,30165,11.0
42,1402,30177,12.0
42,1403,30190,13.0
42,1404,30240,50.0
42,1405,30273,33.0
42,1406,30311,38.0
42,1407,30324,13.0
42,1408,30338,14.0
42,1409,30354,16.0
42,1410,30384,30.0
42,1411,30396,12.0
42,1412,30431,35.0
42,1413,30441,10.0
42,1414,30458,17.0
42,1415,30469,11.0
42,1416,30494,25.0
42,1417,30510,16.0
42,1418,30524,14.0
42,1419,30541,17.0
42,1420,30554,13.0
42,1421,30576,22.0
42,1422,30593,17.0
42,1423,30602,9.0
42,1424,30637,35.0
42,1425,30648,11.0
42,1426,30680,32.0
42,1427,30707,27.0
42,1428,30749,42.0
42,1429,30766,17.0
42,1430,30778,12.0
42,1431,30790,12.0
42,1432,30820,30.0
42,1433,30831,11.0
42,1434,30860,29.0
42,1435,30884,24.0
42,1436,30900,16.0
42,1437,30927,27.0
42,1438,30941,14.0
42,1439,30956,15.0
42,1440,30977,21.0
42,1441,30993,16.0
42,1442,31008,15.0
42,1443,31036,28.0
42,1444,31051,15.0
42,1445,31068,17.0
42,1446,31080,12.0
42,1447,31098,18.0
42,1448,31110,12.0
42,1449,31122,12.0
42,1450,31132,10.0
42,1451,31144,12.0
42,1452,31155,11.0
42,1453,31169,14.0
42,1454,31239,70.0
42,1455,31274,35.0
42,1456,31287,13.0
42,1457,31305,18.0
42,1458,31360,55.0
42,1459,31376,16.0
42,1460,31391,15.0
42,1461,31418,27.0
42,1462,31431,13.0
42,1463,31443,12.0
42,1464,31459,16.0
42,1465,31472,13.0
42,1466,31495,23.0
42,1467,31506,11.0
42,1468,31518,12.0
42,1469,31538,20.0
42,1470,31553,15.0
42,1471,31569,16.0
42,1472,31587,18.0
42,1473,31604,17.0
42,1474,31614,10.0
42,1475,31645,31.0
42,1476,31656,11.0
42,1477,31667,11.0
42,1478,31681,14.0
42,1479,31698,17.0
42,1480,31710,12.0
42,1481,31741,31.0
42,1482,31792,51.0
42,1483,31807,15.0
42,1484,31821,14.0
42,1485,31849,28.0
42,1486,31879,30.0
42,1487,31910,31.0
42,1488,31934,24.0
42,1489,31945,11.0
42,1490,31968,23.0
42,1491,31986,18.0
42,1492,31997,11.0
42,1493,32009,12.0
42,1494,32022,13.0
42,1495,32052,30.0
42,1496,32079,27.0
42,1497,32106,27.0
42,1498,32130,24.0
42,1499,32153,23.0
42,1500,32169,16.0
42,1501,32183,14.0
42,1502,32197,14.0
42,1503,32216,19.0
42,1504,32231,15.0
42,1505,32246,15.0
42,1506,32282,36.0
42,1507,32307,25.0
42,1508,32328,21.0
42,1509,32348,20.0
42,1510,32371,23.0
42,1511,32387,16.0
42,1512,32423,36.0
42,1513,32480,57.0
42,1514,32492,12.0
42,1515,32513,21.0
42,1516,32534,21.0
42,1517,32544,10.0
42,1518,32554,10.0
42,1519,32565,11.0
42,1520,32590,25.0
42,1521,32620,30.0
42,1522,32646,26.0
42,1523,32685,39.0
42,1524,32698,13.0
42,1525,32708,10.0
42,1526,32725,17.0
42,1527,32740,15.0
42,1528,32764,24.0
42,1529,32783,19.0
42,1530,32803,20.0
42,1531,32812,9.0
42,1532,32825,13.0
42,1533,32866,41.0
42,1534,32884,18.0
42,1535,32900,16.0
42,1536,32940,40.0
42,1537,32981,41.0
42,1538,33013,32.0
42,1539,33059,46.0
42,1540,33081,22.0
42,1541,33104,23.0
42,1542,33142,38.0
42,1543,33167,25.0
42,1544,33181,14.0
42,1545,33204,23.0
42,1546,33217,13.0
42,1547,33228,11.0
42,1548,33276,48.0
42,1549,33286,10.0
42,1550,33305,19.0
42,1551,33342,37.0
42,1552,33372,30.0
42,1553,33384,12.0
42,1554,33404,20.0
42,1555,33417,13.0
42,1556,33440,23.0
42,1557,33450,10.0
42,1558,33465,15.0
42,1559,33477,12.0
42,1560,33491,14.0
42,1561,33540,49.0
42,1562,33557,17.0
42,1563,33575,18.0
42,1564,33605,30.0
42,1565,33621,16.0
42,1566,33637,16.0
42,1567,33653,16.0
42,1568,33665,12.0
42,1569,33679,14.0
42,1570,33710,31.0
42,1571,33725,15.0
42,1572,33745,20.0
42,1573,33763,18.0
42,1574,33785,22.0
42,1575,33798,13.0
42,1576,33817,19.0
42,1577,33831,14.0
42,1578,33855,24.0
42,1579,33872,17.0
42,1580,33885,13.0
42,1581,33897,12.0
42,1582,33908,11.0
42,1583,33918,10.0
42,1584,33945,27.0
42,1585,33969,24.0
42,1586,33981,12.0
42,1587,34001,20.0
42,1588,34031,30.0
42,1589,34049,18.0
42,1590,34088,39.0
42,1591,34118,30.0
42,1592,34131,13.0
42,1593,34149,18.0
42,1594,34167,18.0
42,1595,34189,22.0
42,1596,34203,14.0
42,1597,34222,19.0
42,1598,34234,12.0
42,1599,34244,10.0
42,1600,34286,42.0
42,1601,34297,11.0
42,1602,34309,12.0
42,1603,34321,12.0
42,1604,34337,16.0
42,1605,34346,9.0
42,1606,34366,20.0
42,1607,34383,17.0
42,1608,34401,18.0
42,1609,34425,24.0
42,1610,34442,17.0
42,1611,34456,14.0
42,1612,34468,12.0
42,1613,34492,24.0
42,1614,34512,20.0
42,1615,34528,16.0
42,1616,34552,24.0
42,1617,34573,21.0
42,1618,34590,17.0
42,1619,34617,27.0
42,1620,34634,17.0
42,1621,34651,17.0
42,1622,34670,19.0
42,1623,34696,26.0
42,1624,34714,18.0
42,1625,34756,42.0
42,1626,34777,21.0
42,1627,34786,9.0
42,1628,34804,18.0
42,1629,34817,13.0
42,1630,34839,22.0
42,1631,34861,22.0
42,1632,34877,16.0
42,1633,34932,55.0
42,1634,34941,9.0
42,1635,34980,39.0
42,1636,35011,31.0
42,1637,35037,26.0
42,1638,35058,21.0
42,1639,35075,17.0
42,1640,35092,17.0
42,1641,35114,22.0
42,1642,35129,15.0
42,1643,35160,31.0
42,1644,35176,16.0
42,1645,35185,9.0
42,1646,35198,13.0
42,1647,35223,25.0
42,1648,35242,19.0
42,1649,35256,14.0
42,1650,35291,35.0
42,1651,35304,13.0
42,1652,35324,20.0
42,1653,35335,11.0
42,1654,35347,12.0
42,1655,35372,25.0
42,1656,35384,12.0
42,1657,35400,16.0
42,1658,35413,13.0
42,1659,35423,10.0
42,1660,35439,16.0
42,1661,35460,21.0
42,1662,35484,24.0
42,1663,35501,17.0
42,1664,35513,12.0
42,1665,35529,16.0
42,1666,35549,20.0
42,1667,35563,14.0
42,1668,35574,11.0
42,1669,35588,14.0
42,1670,35599,11.0
42,1671,35639,40.0
42,1672,35674,35.0
42,1673,35691,17.0
42,1674,35712,21.0
42,1675,35735,23.0
42,1676,35751,16.0
42,1677,35768,17.0
42,1678,35802,34.0
42,1679,35839,37.0
42,1680,35854,15.0
42,1681,35875,21.0
42,1682,35888,13.0
42,1683,35900,12.0
42,1684,35922,22.0
42,1685,35938,16.0
42,1686,35948,10.0
42,1687,35963,15.0
42,1688,35996,33.0
42,1689,36023,27.0
42,1690,36037,14.0
42,1691,36060,23.0
42,1692,36078,18.0
42,1693,36110,32.0
42,1694,36132,22.0
42,1695,36146,14.0
42,1696,36172,26.0
42,1697,36194,22.0
42,1698,36228,34.0
42,1699,36239,11.0
42,1700,36253,14.0
42,1701,36280,27.0
42,1702,36293,13.0
42,1703,36306,13.0
42,1704,36317,11.0
42,1705,36342,25.0
42,1706,36361,19.0
42,1707,36417,56.0
42,1708,36432,15.0
42,1709,36453,21.0
42,1710,36472,19.0
42,1711,36487,15.0
42,1712,36503,16.0
42,1713,36549,46.0
42,1714,36572,23.0
42,1715,36585,13.0
42,1716,36600,15.0
42,1717,36615,15.0
42,1718,36624,9.0
42,1719,36636,12.0
42,1720,36653,17.0
42,1721,36670,17.0
42,1722,36733,63.0
42,1723,36743,10.0
42,1724,36762,19.0
42,1725,36773,11.0
42,1726,36790,17.0
42,1727,36827,37.0
42,1728,36854,27.0
42,1729,36882,28.0
42,1730,36896,14.0
42,1731,36916,20.0
42,1732,36935,19.0
42,1733,36948,13.0
42,1734,36973,25.0
42,1735,37009,36.0
42,1736,37045,36.0
42,1737,37060,15.0
42,1738,37080,20.0
42,1739,37097,17.0
42,1740,37115,18.0
42,1741,37134,19.0
42,1742,37175,41.0
42,1743,37186,11.0
42,1744,37205,19.0
42,1745,37219,14.0
42,1746,37240,21.0
42,1747,37251,11.0
42,1748,37282,31.0
42,1749,37316,34.0
42,1750,37334,18.0
42,1751,37345,11.0
42,1752,37360,15.0
42,1753,37401,41.0
42,1754,37419,18.0
42,1755,37451,32.0
42,1756,37511,60.0
42,1757,37526,15.0
42,1758,37547,21.0
42,1759,37561,14.0
42,1760,37581,20.0
42,1761,37591,10.0
42,1762,37607,16.0
42,1763,37622,15.0
42,1764,37649,27.0
42,1765,37672,23.0
42,1766,37685,13.0
42,1767,37713,28.0
42,1768,37727,14.0
42,1769,37768,41.0
42,1770,37787,19.0
42,1771,37809,22.0
42,1772,37822,13.0
42,1773,37846,24.0
42,1774,37857,11.0
42,1775,37869,12.0
42,1776,37887,18.0
42,1777,37903,16.0
42,1778,37915,12.0
42,1779,37928,13.0
42,1780,37951,23.0
42,1781,37965,14.0
42,1782,37982,17.0
42,1783,37996,14.0
42,1784,38009,13.0
42,1785,38033,24.0
42,1786,38050,17.0
42,1787,38065,15.0
42,1788,38083,18.0
42,1789,38097,14.0
42,1790,38110,13.0
42,1791,38119,9.0
42,1792,38136,17.0
42,1793,38149,13.0
42,1794,38179,30.0
42,1795,38193,14.0
42,1796,38213,20.0
42,1797,38252,39.0
42,1798,38279,27.0
42,1799,38291,12.0
42,1800,38342,51.0
42,1801,38370,28.0
42,1802,38383,13.0
42,1803,38405,22.0
42,1804,38440,35.0
42,1805,38454,14.0
42,1806,38480,26.0
42,1807,38493,13.0
42,1808,38506,13.0
42,1809,38517,11.0
42,1810,38525,8.0
42,1811,38545,20.0
42,1812,38561,16.0
42,1813,38583,22.0
42,1814,38595,12.0
42,1815,38611,16.0
42,1816,38621,10.0
42,1817,38639,18.0
42,1818,38662,23.0
42,1819,38671,9.0
42,1820,38687,16.0
42,1821,38704,17.0
42,1822,38726,22.0
42,1823,38768,42.0
42,1824,38779,11.0
42,1825,38800,21.0
42,1826,38814,14.0
42,1827,38847,33.0
42,1828,38862,15.0
42,1829,38879,17.0
42,1830,38902,23.0
42,1831,38917,15.0
42,1832,38941,24.0
42,1833,38955,14.0
42,1834,38985,30.0
42,1835,39008,23.0
42,1836,39021,13.0
42,1837,39030,9.0
42,1838,39048,18.0
42,1839,39062,14.0
42,1840,39072,10.0
42,1841,39095,23.0
42,1842,39111,16.0
42,1843,39138,27.0
42,1844,39156,18.0
42,1845,39181,25.0
42,1846,39218,37.0
42,1847,39229,11.0
42,1848,39240,11.0
42,1849,39255,15.0
42,1850,39268,13.0
42,1851,39282,14.0
42,1852,39312,30.0
42,1853,39345,33.0
42,1854,39379,34.0
42,1855,39402,23.0
42,1856,39411,9.0
42,1857,39427,16.0
42,1858,39465,38.0
42,1859,39475,10.0
42,1860,39492,17.0
42,1861,39523,31.0
42,1862,39541,18.0
42,1863,39566,25.0
42,1864,39593,27.0
42,1865,39611,18.0
42,1866,39637,26.0
42,1867,39657,20.0
42,1868,39667,10.0
42,1869,39703,36.0
42,1870,39715,12.0
42,1871,39759,44.0
42,1872,39798,39.0
42,1873,39838,40.0
42,1874,39859,21.0
42,1875,39876,17.0
42,1876,39914,38.0
42,1877,39927,13.0
42,1878,39959,32.0
42,1879,39976,17.0
42,1880,39993,17.0
42,1881,40007,14.0
42,1882,40027,20.0
42,1883,40063,36.0
42,1884,40086,23.0
42,1885,40104,18.0
42,1886,40131,27.0
42,1887,40148,17.0
42,1888,40157,9.0
42,1889,40188,31.0
42,1890,40209,21.0
42,1891,40220,11.0
42,1892,40238,18.0
42,1893,40250,12.0
42,1894,40265,15.0
42,1895,40278,13.0
42,1896,40301,23.0
42,1897,40314,13.0
42,1898,40324,10.0
42,1899,40343,19.0
42,1900,40357,14.0
42,1901,40381,24.0
42,1902,40407,26.0
42,1903,40433,26.0
42,1904,40446,13.0
42,1905,40470,24.0
42,1906,40491,21.0
42,1907,40504,13.0
42,1908,40517,13.0
42,1909,40536,19.0
42,1910,40549,13.0
42,1911,40572,23.0
42,1912,40590,18.0
42,1913,40607,17.0
42,1914,40634,27.0
42,1915,40663,29.0
42,1916,40672,9.0
42,1917,40684,12.0
42,1918,40702,18.0
42,1919,40713,11.0
42,1920,40732,19.0
42,1921,40748,16.0
42,1922,40762,14.0
42,1923,40796,34.0
42,1924,40813,17.0
42,1925,40846,33.0
42,1926,40860,14.0
42,1927,40888,28.0
42,1928,40902,14.0
42,1929,40914,12.0
42,1930,40934,20.0
42,1931,40945,11.0
42,1932,40962,17.0
42,1933,40982,20.0
42,1934,40994,12.0
42,1935,41022,28.0
42,1936,41033,11.0
42,1937,41048,15.0
42,1938,41065,17.0
42,1939,41074,9.0
42,1940,41091,17.0
42,1941,41105,14.0
42,1942,41118,13.0
42,1943,41139,21.0
42,1944,41171,32.0
42,1945,41183,12.0
42,1946,41195,12.0
42,1947,41208,13.0
42,1948,41229,21.0
42,1949,41253,24.0
42,1950,41269,16.0
42,1951,41281,12.0
42,1952,41291,10.0
42,1953,41308,17.0
42,1954,41332,24.0
42,1955,41349,17.0
42,1956,41389,40.0
42,1957,41400,11.0
42,1958,41435,35.0
42,1959,41450,15.0
42,1960,41469,19.0
42,1961,41493,24.0
42,1962,41513,20.0
42,1963,41530,17.0
42,1964,41559,29.0
42,1965,41581,22.0
42,1966,41609,28.0
42,1967,41640,31.0
42,1968,41651,11.0
42,1969,41666,15.0
42,1970,41685,19.0
42,1971,41697,12.0
42,1972,41742,45.0
42,1973,41768,26.0
42,1974,41780,12.0
42,1975,41798,18.0
42,1976,41812,14.0
42,1977,41824,12.0
42,1978,41836,12.0
42,1979,41851,15.0
42,1980,41921,70.0
42,1981,41937,16.0
42,1982,42004,67.0
42,1983,42026,22.0
42,1984,42051,25.0
42,1985,42065,14.0
42,1986,42081,16.0
42,1987,42100,19.0
42,1988,42126,26.0
42,1989,42153,27.0
42,1990,42177,24.0
42,1991,42188,11.0
42,1992,42199,11.0
42,1993,42221,22.0
42,1994,42248,27.0
42,1995,42257,9.0
42,1996,42268,11.0
42,1997,42302,34.0
42,1998,42314,12.0
42,1999,42331,17.0
42,2000,42356,25.0
42,2001,42378,22.0
42,2002,42401,23.0
42,2003,42414,13.0
42,2004,42425,11.0
42,2005,42447,22.0
42,2006,42459,12.0
42,2007,42479,20.0
42,2008,42493,14.0
42,2009,42524,31.0
42,2010,42538,14.0
42,2011,42561,23.0
42,2012,42576,15.0
42,2013,42592,16.0
42,2014,42625,33.0
42,2015,42638,13.0
42,2016,42649,11.0
42,2017,42661,12.0
42,2018,42671,10.0
42,2019,42703,32.0
42,2020,42726,23.0
42,2021,42741,15.0
42,2022,42769,28.0
42,2023,42787,18.0
42,2024,42804,17.0
42,2025,42819,15.0
42,2026,42830,11.0
42,2027,42840,10.0
42,2028,42875,35.0
42,2029,42898,23.0
42,2030,42929,31.0
42,2031,42955,26.0
42,2032,42969,14.0
42,2033,42982,13.0
42,2034,43018,36.0
42,2035,43030,12.0
42,2036,43052,22.0
42,2037,43065,13.0
42,2038,43095,30.0
42,2039,43110,15.0
42,2040,43133,23.0
42,2041,43144,11.0
42,2042,43170,26.0
42,2043,43197,27.0
42,2044,43213,16.0
42,2045,43231,18.0
42,2046,43243,12.0
42,2047,43255,12.0
42,2048,43265,10.0
42,2049,43285,20.0
42,2050,43307,22.0
42,2051,43339,32.0
42,2052,43361,22.0
42,2053,43411,50.0
42,2054,43426,15.0
42,2055,43441,15.0
42,2056,43465,24.0
42,2057,43489,24.0
42,2058,43499,10.0
42,2059,43531,32.0
42,2060,43550,19.0
42,2061,43561,11.0
42,2062,43595,34.0
42,2063,43604,9.0
42,2064,43639,35.0
42,2065,43680,41.0
42,2066,43702,22.0
42,2067,43728,26.0
42,2068,43743,15.0
42,2069,43761,18.0
42,2070,43773,12.0
42,2071,43785,12.0
42,2072,43809,24.0
42,2073,43821,12.0
42,2074,43853,32.0
42,2075,43889,36.0
42,2076,43905,16.0
42,2077,43945,40.0
42,2078,43963,18.0
42,2079,43979,16.0
42,2080,43991,12.0
42,2081,44008,17.0
42,2082,44042,34.0
42,2083,44058,16.0
42,2084,44085,27.0
42,2085,44130,45.0
42,2086,44164,34.0
42,2087,44190,26.0
42,2088,44208,18.0
42,2089,44226,18.0
42,2090,44242,16.0
42,2091,44270,28.0
42,2092,44279,9.0
42,2093,44295,16.0
42,2094,44308,13.0
42,2095,44321,13.0
42,2096,44332,11.0
42,2097,44346,14.0
42,2098,44370,24.0
42,2099,44380,10.0
42,2100,44409,29.0
42,2101,44437,28.0
42,2102,44449,12.0
42,2103,44461,12.0
42,2104,44476,15.0
42,2105,44488,12.0
42,2106,44506,18.0
42,2107,44526,20.0
42,2108,44550,24.0
42,2109,44575,25.0
42,2110,44595,20.0
42,2111,44621,26.0
42,2112,44640,19.0
42,2113,44654,14.0
42,2114,44667,13.0
42,2115,44681,14.0
42,2116,44695,14.0
42,2117,44716,21.0
42,2118,44746,30.0
42,2119,44761,15.0
42,2120,44779,18.0
42,2121,44797,18.0
42,2122,44808,11.0
42,2123,44841,33.0
42,2124,44852,11.0
42,2125,44893,41.0
42,2126,44903,10.0
42,2127,44919,16.0
42,2128,44945,26.0
42,2129,44978,33.0
42,2130,45007,29.0
42,2131,45026,19.0
42,2132,45039,13.0
42,2133,45073,34.0
42,2134,45087,14.0
42,2135,45106,19.0
42,2136,45127,21.0
42,2137,45172,45.0
42,2138,45188,16.0
42,2139,45199,11.0
42,2140,45219,20.0
42,2141,45231,12.0
42,2142,45241,10.0
42,2143,45261,20.0
42,2144,45300,39.0
42,2145,45331,31.0
42,2146,45369,38.0
42,2147,45387,18.0
42,2148,45405,18.0
42,2149,45433,28.0
42,2150,45476,43.0
42,2151,45494,18.0
42,2152,45515,21.0
42,2153,45528,13.0
42,2154,45559,31.0
42,2155,45581,22.0
42,2156,45614,33.0
42,2157,45629,15.0
42,2158,45654,25.0
42,2159,45667,13.0
42,2160,45679,12.0
42,2161,45697,18.0
42,2162,45712,15.0
42,2163,45735,23.0
42,2164,45744,9.0
42,2165,45768,24.0
42,2166,45788,20.0
42,2167,45803,15.0
42,2168,45848,45.0
42,2169,45860,12.0
42,2170,45872,12.0
42,2171,45895,23.0
42,2172,45920,25.0
42,2173,45939,19.0
42,2174,45969,30.0
42,2175,45999,30.0
42,2176,46009,10.0
42,2177,46021,12.0
42,2178,46039,18.0
42,2179,46052,13.0
42,2180,46075,23.0
42,2181,46105,30.0
42,2182,46115,10.0
42,2183,46137,22.0
42,2184,46152,15.0
42,2185,46174,22.0
42,2186,46190,16.0
42,2187,46237,47.0
42,2188,46256,19.0
42,2189,46273,17.0
42,2190,46291,18.0
42,2191,46313,22.0
42,2192,46326,13.0
42,2193,46359,33.0
42,2194,46373,14.0
42,2195,46392,19.0
42,2196,46404,12.0
42,2197,46417,13.0
42,2198,46428,11.0
42,2199,46437,9.0
42,2200,46450,13.0
42,2201,46465,15.0
42,2202,46489,24.0
42,2203,46513,24.0
42,2204,46524,11.0
42,2205,46544,20.0
42,2206,46562,18.0
42,2207,46577,15.0
42,2208,46593,16.0
42,2209,46613,20.0
42,2210,46624,11.0
42,2211,46647,23.0
42,2212,46661,14.0
42,2213,46670,9.0
42,2214,46687,17.0
42,2215,46703,16.0
42,2216,46729,26.0
42,2217,46755,26.0
42,2218,46770,15.0
42,2219,46795,25.0
42,2220,46820,25.0
42,2221,46838,18.0
42,2222,46851,13.0
42,2223,46868,17.0
42,2224,46883,15.0
42,2225,46925,42.0
42,2226,46949,24.0
42,2227,46967,18.0
42,2228,46992,25.0
42,2229,47009,17.0
42,2230,47056,47.0
42,2231,47074,18.0
42,2232,47090,16.0
42,2233,47119,29.0
42,2234,47150,31.0
42,2235,47162,12.0
42,2236,47178,16.0
42,2237,47196,18.0
42,2238,47224,28.0
42,2239,47316,92.0
42,2240,47347,31.0
42,2241,47364,17.0
42,2242,47379,15.0
42,2243,47393,14.0
42,2244,47408,15.0
42,2245,47422,14.0
42,2246,47463,41.0
42,2247,47486,23.0
42,2248,47502,16.0
42,2249,47514,12.0
42,2250,47527,13.0
42,2251,47545,18.0
42,2252,47556,11.0
42,2253,47574,18.0
42,2254,47607,33.0
42,2255,47629,22.0
42,2256,47641,12.0
42,2257,47664,23.0
42,2258,47676,12.0
42,2259,47694,18.0
42,2260,47712,18.0
42,2261,47726,14.0
42,2262,47747,21.0
42,2263,47776,29.0
42,2264,47794,18.0
42,2265,47807,13.0
42,2266,47822,15.0
42,2267,47845,23.0
42,2268,47857,12.0
42,2269,47881,24.0
42,2270,47896,15.0
42,2271,47913,17.0
42,2272,47926,13.0
42,2273,47943,17.0
42,2274,47959,16.0
42,2275,47973,14.0
42,2276,47986,13.0
42,2277,48012,26.0
42,2278,48033,21.0
42,2279,48045,12.0
42,2280,48063,18.0
42,2281,48074,11.0
42,2282,48085,11.0
42,2283,48098,13.0
42,2284,48108,10.0
42,2285,48124,16.0
42,2286,48144,20.0
42,2287,48163,19.0
42,2288,48181,18.0
42,2289,48202,21.0
42,2290,48224,22.0
42,2291,48266,42.0
42,2292,48279,13.0
42,2293,48336,57.0
42,2294,48356,20.0
42,2295,48387,31.0
42,2296,48404,17.0
42,2297,48417,13.0
42,2298,48427,10.0
42,2299,48441,14.0
42,2300,48502,61.0
42,2301,48514,12.0
42,2302,48533,19.0
42,2303,48549,16.0
42,2304,48566,17.0
42,2305,48636,70.0
42,2306,48648,12.0
42,2307,48661,13.0
42,2308,48672,11.0
42,2309,48699,27.0
42,2310,48727,28.0
42,2311,48780,53.0
42,2312,48799,19.0
42,2313,48823,24.0
42,2314,48844,21.0
42,2315,48862,18.0
42,2316,48874,12.0
42,2317,48893,19.0
42,2318,48922,29.0
42,2319,48947,25.0
42,2320,48957,10.0
42,2321,48978,21.0
42,2322,49000,22.0
42,2323,49015,15.0
42,2324,49031,16.0
42,2325,49066,35.0
42,2326,49076,10.0
42,2327,49109,33.0
42,2328,49136,27.0
42,2329,49147,11.0
42,2330,49162,15.0
42,2331,49198,36.0
42,2332,49221,23.0
42,2333,49250,29.0
42,2334,49266,16.0
42,2335,49283,17.0
42,2336,49297,14.0
42,2337,49310,13.0
42,2338,49333,23.0
42,2339,49357,24.0
42,2340,49369,12.0
42,2341,49385,16.0
42,2342,49402,17.0
42,2343,49415,13.0
42,2344,49433,18.0
42,2345,49453,20.0
42,2346,49465,12.0
42,2347,49478,13.0
42,2348,49493,15.0
42,2349,49516,23.0
42,2350,49532,16.0
42,2351,49556,24.0
42,2352,49568,12.0
42,2353,49578,10.0
42,2354,49589,11.0
42,2355,49625,36.0
42,2356,49638,13.0
42,2357,49654,16.0
42,2358,49676,22.0
42,2359,49692,16.0
42,2360,49721,29.0
42,2361,49751,30.0
42,2362,49763,12.0
42,2363,49773,10.0
42,2364,49793,20.0
42,2365,49805,12.0
42,2366,49818,13.0
42,2367,49830,12.0
42,2368,49856,26.0
42,2369,49873,17.0
42,2370,49884,11.0
42,2371,49902,18.0
42,2372,49928,26.0
42,2373,49942,14.0
42,2374,49966,24.0
42,2375,50002,36.0
42,2376,50013,11.0
42,2377,50029,16.0
42,2378,50045,16.0
42,2379,50078,33.0
42,2380,50096,18.0
42,2381,50120,24.0
42,2382,50141,21.0
42,2383,50155,14.0
42,2384,50189,34.0
42,2385,50232,43.0
42,2386,50248,16.0
42,2387,50264,16.0
42,2388,50277,13.0
42,2389,50293,16.0
42,2390,50308,15.0
42,2391,50320,12.0
42,2392,50338,18.0
42,2393,50371,33.0
42,2394,50399,28.0
42,2395,50409,10.0
42,2396,50437,28.0
42,2397,50453,16.0
42,2398,50467,14.0
42,2399,50480,13.0
42,2400,50498,18.0
42,2401,50513,15.0
42,2402,50540,27.0
42,2403,50555,15.0
42,2404,50591,36.0
42,2405,50607,16.0
42,2406,50618,11.0
42,2407,50632,14.0
42,2408,50647,15.0
42,2409,50658,11.0
42,2410,50706,48.0
42,2411,50758,52.0
42,2412,50791,33.0
42,2413,50805,14.0
42,2414,50815,10.0
42,2415,50836,21.0
42,2416,50849,13.0
42,2417,50884,35.0
42,2418,50897,13.0
42,2419,50910,13.0
42,2420,50925,15.0
42,2421,50943,18.0
42,2422,50959,16.0
42,2423,50994,35.0
42,2424,51005,11.0
42,2425,51023,18.0
42,2426,51031,8.0
42,2427,51040,9.0
42,2428,51087,47.0
42,2429,51107,20.0
42,2430,51126,19.0
42,2431,51140,14.0
42,2432,51155,15.0
42,2433,51169,14.0
42,2434,51182,13.0
42,2435,51193,11.0
42,2436,51203,10.0
42,2437,51226,23.0
42,2438,51241,15.0
42,2439,51280,39.0
42,2440,51296,16.0
42,2441,51308,12.0
42,2442,51323,15.0
42,2443,51349,26.0
42,2444,51365,16.0
42,2445,51405,40.0
42,2446,51416,11.0
42,2447,51430,14.0
42,2448,51447,17.0
42,2449,51460,13.0
42,2450,51477,17.0
42,2451,51487,10.0
42,2452,51505,18.0
42,2453,51567,62.0
42,2454,51578,11.0
42,2455,51607,29.0
42,2456,51629,22.0
42,2457,51654,25.0
42,2458,51674,20.0
42,2459,51685,11.0
42,2460,51696,11.0
42,2461,51713,17.0
42,2462,51740,27.0
42,2463,51764,24.0
42,2464,51795,31.0
42,2465,51819,24.0
42,2466,51861,42.0
42,2467,51884,23.0
42,2468,51903,19.0
42,2469,51924,21.0
42,2470,51957,33.0
42,2471,51972,15.0
42,2472,51988,16.0
42,2473,52000,12.0
42,2474,52031,31.0
42,2475,52051,20.0
42,2476,52074,23.0
42,2477,52114,40.0
42,2478,52155,41.0
42,2479,52186,31.0
42,2480,52202,16.0
42,2481,52214,12.0
42,2482,52230,16.0
42,2483,52245,15.0
42,2484,52254,9.0
42,2485,52277,23.0
42,2486,52293,16.0
42,2487,52306,13.0
42,2488,52320,14.0
42,2489,52399,79.0
42,2490,52418,19.0
42,2491,52469,51.0
42,2492,52484,15.0
42,2493,52511,27.0
42,2494,52548,37.0
42,2495,52563,15.0
42,2496,52604,41.0
42,2497,52622,18.0
42,2498,52633,11.0
42,2499,52647,14.0
42,2500,52668,21.0
42,2501,52685,17.0
42,2502,52709,24.0
42,2503,52743,34.0
42,2504,52771,28.0
42,2505,52788,17.0
42,2506,52805,17.0
42,2507,52824,19.0
42,2508,52834,10.0
42,2509,52868,34.0
42,2510,52883,15.0
42,2511,52892,9.0
42,2512,52913,21.0
42,2513,52929,16.0
42,2514,52947,18.0
42,2515,52966,19.0
42,2516,52983,17.0
42,2517,52998,15.0
42,2518,53011,13.0
42,2519,53021,10.0
42,2520,53045,24.0
42,2521,53057,12.0
42,2522,53098,41.0
42,2523,53125,27.0
42,2524,53136,11.0
42,2525,53156,20.0
42,2526,53170,14.0
42,2527,53186,16.0
42,2528,53205,19.0
42,2529,53219,14.0
42,2530,53233,14.0
42,2531,53260,27.0
42,2532,53277,17.0
42,2533,53293,16.0
42,2534,53311,18.0
42,2535,53324,13.0
42,2536,53350,26.0
42,2537,53379,29.0
42,2538,53391,12.0
42,2539,53405,14.0
42,2540,53428,23.0
42,2541,53441,13.0
42,2542,53451,10.0
42,2543,53467,16.0
42,2544,53511,44.0
42,2545,53546,35.0
42,2546,53597,51.0
42,2547,53623,26.0
42,2548,53652,29.0
42,2549,53675,23.0
42,2550,53691,16.0
42,2551,53707,16.0
42,2552,53717,10.0
42,2553,53741,24.0
42,2554,53750,9.0
42,2555,53794,44.0
42,2556,53811,17.0
42,2557,53825,14.0
42,2558,53869,44.0
42,2559,53916,47.0
42,2560,53926,10.0
42,2561,53944,18.0
42,2562,53956,12.0
42,2563,53969,13.0
42,2564,54026,57.0
42,2565,54046,20.0
42,2566,54056,10.0
42,2567,54073,17.0
42,2568,54126,53.0
42,2569,54141,15.0
42,2570,54176,35.0
42,2571,54201,25.0
42,2572,54219,18.0
42,2573,54229,10.0
42,2574,54242,13.0
42,2575,54285,43.0
42,2576,54296,11.0
42,2577,54305,9.0
42,2578,54315,10.0
42,2579,54340,25.0
42,2580,54392,52.0
42,2581,54411,19.0
42,2582,54424,13.0
42,2583,54440,16.0
42,2584,54455,15.0
42,2585,54474,19.0
42,2586,54487,13.0
42,2587,54533,46.0
42,2588,54545,12.0
42,2589,54558,13.0
42,2590,54575,17.0
42,2591,54591,16.0
42,2592,54648,57.0
42,2593,54664,16.0
42,2594,54680,16.0
42,2595,54695,15.0
42,2596,54714,19.0
42,2597,54731,17.0
42,2598,54756,25.0
42,2599,54768,12.0
42,2600,54777,9.0
42,2601,54789,12.0
42,2602,54802,13.0
42,2603,54819,17.0
42,2604,54831,12.0
42,2605,54847,16.0
42,2606,54874,27.0
42,2607,54891,17.0
42,2608,54913,22.0
42,2609,54934,21.0
42,2610,54946,12.0
42,2611,54967,21.0
42,2612,54994,27.0
42,2613,55007,13.0
42,2614,55033,26.0
42,2615,55048,15.0
42,2616,55100,52.0
42,2617,55111,11.0
42,2618,55161,50.0
42,2619,55177,16.0
42,2620,55192,15.0
42,2621,55202,10.0
42,2622,55223,21.0
42,2623,55237,14.0
42,2624,55248,11.0
42,2625,55265,17.0
42,2626,55281,16.0
42,2627,55304,23.0
42,2628,55322,18.0
42,2629,55349,27.0
42,2630,55381,32.0
42,2631,55399,18.0
42,2632,55410,11.0
42,2633,55425,15.0
42,2634,55468,43.0
42,2635,55487,19.0
42,2636,55504,17.0
42,2637,55546,42.0
42,2638,55567,21.0
42,2639,55583,16.0
42,2640,55604,21.0
42,2641,55626,22.0
42,2642,55647,21.0
42,2643,55667,20.0
42,2644,55686,19.0
42,2645,55702,16.0
42,2646,55726,24.0
42,2647,55744,18.0
42,2648,55757,13.0
42,2649,55806,49.0
42,2650,55824,18.0
42,2651,55850,26.0
42,2652,55867,17.0
42,2653,55906,39.0
42,2654,55917,11.0
42,2655,55938,21.0
42,2656,55956,18.0
42,2657,55975,19.0
42,2658,55990,15.0
42,2659,56023,33.0
42,2660,56038,15.0
42,2661,56113,75.0
42,2662,56135,22.0
42,2663,56151,16.0
42,2664,56179,28.0
42,2665,56201,22.0
42,2666,56215,14.0
42,2667,56231,16.0
42,2668,56253,22.0
42,2669,56267,14.0
42,2670,56283,16.0
42,2671,56313,30.0
42,2672,56336,23.0
42,2673,56361,25.0
42,2674,56374,13.0
42,2675,56396,22.0
42,2676,56420,24.0
42,2677,56432,12.0
42,2678,56462,30.0
42,2679,56507,45.0
42,2680,56519,12.0
42,2681,56537,18.0
42,2682,56551,14.0
42,2683,56566,15.0
42,2684,56580,14.0
42,2685,56591,11.0
42,2686,56606,15.0
42,2687,56616,10.0
42,2688,56638,22.0
42,2689,56658,20.0
42,2690,56679,21.0
42,2691,56688,9.0
42,2692,56697,9.0
42,2693,56716,19.0
42,2694,56727,11.0
42,2695,56779,52.0
42,2696,56828,49.0
42,2697,56841,13.0
42,2698,56868,27.0
42,2699,56901,33.0
42,2700,56917,16.0
42,2701,56931,14.0
42,2702,56950,19.0
42,2703,56965,15.0
42,2704,56985,20.0
42,2705,56998,13.0
42,2706,57038,40.0
42,2707,57056,18.0
42,2708,57075,19.0
42,2709,57093,18.0
42,2710,57104,11.0
42,2711,57124,20.0
42,2712,57147,23.0
42,2713,57157,10.0
42,2714,57185,28.0
42,2715,57197,12.0
42,2716,57220,23.0
42,2717,57260,40.0
42,2718,57273,13.0
42,2719,57284,11.0
42,2720,57321,37.0
42,2721,57338,17.0
42,2722,57354,16.0
42,2723,57369,15.0
42,2724,57381,12.0
42,2725,57399,18.0
42,2726,57413,14.0
42,2727,57443,30.0
42,2728,57456,13.0
42,2729,57474,18.0
42,2730,57482,8.0
42,2731,57521,39.0
42,2732,57537,16.0
42,2733,57554,17.0
42,2734,57571,17.0
42,2735,57586,15.0
42,2736,57606,20.0
42,2737,57623,17.0
42,2738,57641,18.0
42,2739,57660,19.0
42,2740,57690,30.0
42,2741,57710,20.0
42,2742,57729,19.0
42,2743,57746,17.0
42,2744,57768,22.0
42,2745,57787,19.0
42,2746,57804,17.0
42,2747,57822,18.0
42,2748,57838,16.0
42,2749,57872,34.0
42,2750,57896,24.0
42,2751,57916,20.0
42,2752,57949,33.0
42,2753,57962,13.0
42,2754,57992,30.0
42,2755,58014,22.0
42,2756,58033,19.0
42,2757,58049,16.0
42,2758,58058,9.0
42,2759,58069,11.0
42,2760,58083,14.0
42,2761,58097,14.0
42,2762,58138,41.0
42,2763,58167,29.0
42,2764,58180,13.0
42,2765,58205,25.0
42,2766,58219,14.0
42,2767,58234,15.0
42,2768,58276,42.0
42,2769,58299,23.0
42,2770,58319,20.0
42,2771,58337,18.0
42,2772,58369,32.0
42,2773,58420,51.0
42,2774,58436,16.0
42,2775,58447,11.0
42,2776,58457,10.0
42,2777,58480,23.0
42,2778,58497,17.0
42,2779,58519,22.0
42,2780,58535,16.0
42,2781,58568,33.0
42,2782,58581,13.0
42,2783,58610,29.0
42,2784,58638,28.0
42,2785,58654,16.0
42,2786,58674,20.0
42,2787,58708,34.0
42,2788,58724,16.0
42,2789,58737,13.0
42,2790,58758,21.0
42,2791,58772,14.0
42,2792,58789,17.0
42,2793,58801,12.0
42,2794,58813,12.0
42,2795,58831,18.0
42,2796,58855,24.0
42,2797,58881,26.0
42,2798,58898,17.0
42,2799,58912,14.0
42,2800,58935,23.0
42,2801,58948,13.0
42,2802,58968,20.0
42,2803,58986,18.0
42,2804,59000,14.0
42,2805,59017,17.0
42,2806,59053,36.0
42,2807,59064,11.0
42,2808,59096,32.0
42,2809,59107,11.0
42,2810,59121,14.0
42,2811,59132,11.0
42,2812,59155,23.0
42,2813,59169,14.0
42,2814,59180,11.0
42,2815,59202,22.0
42,2816,59226,24.0
42,2817,59249,23.0
42,2818,59266,17.0
42,2819,59279,13.0
42,2820,59301,22.0
42,2821,59340,39.0
42,2822,59371,31.0
42,2823,59381,10.0
42,2824,59433,52.0
42,2825,59446,13.0
42,2826,59464,18.0
42,2827,59473,9.0
42,2828,59486,13.0
42,2829,59515,29.0
42,2830,59556,41.0
42,2831,59567,11.0
42,2832,59580,13.0
42,2833,59620,40.0
42,2834,59631,11.0
42,2835,59643,12.0
42,2836,59671,28.0
42,2837,59685,14.0
42,2838,59701,16.0
42,2839,59715,14.0
42,2840,59750,35.0
42,2841,59759,9.0
42,2842,59770,11.0
42,2843,59793,23.0
42,2844,59823,30.0
42,2845,59845,22.0
42,2846,59860,15.0
42,2847,59877,17.0
42,2848,59892,15.0
42,2849,59902,10.0
42,2850,59932,30.0
42,2851,59941,9.0
42,2852,59956,15.0
42,2853,59986,30.0
42,2854,59998,12.0
42,2855,60007,9.0
42,2856,60029,22.0
42,2857,60046,17.0
42,2858,60062,16.0
42,2859,60081,19.0
42,2860,60097,16.0
42,2861,60121,24.0
42,2862,60136,15.0
42,2863,60148,12.0
42,2864,60163,15.0
42,2865,60181,18.0
42,2866,60193,12.0
42,2867,60217,24.0
42,2868,60240,23.0
42,2869,60265,25.0
42,2870,60280,15.0
42,2871,60300,20.0
42,2872,60314,14.0
42,2873,60334,20.0
42,2874,60352,18.0
42,2875,60379,27.0
42,2876,60392,13.0
42,2877,60407,15.0
42,2878,60434,27.0
42,2879,60449,15.0
42,2880,60470,21.0
42,2881,60480,10.0
42,2882,60491,11.0
42,2883,60514,23.0
42,2884,60527,13.0
42,2885,60561,34.0
42,2886,60576,15.0
42,2887,60603,27.0
42,2888,60640,37.0
42,2889,60659,19.0
42,2890,60683,24.0
42,2891,60712,29.0
42,2892,60733,21.0
42,2893,60744,11.0
42,2894,60759,15.0
42,2895,60797,38.0
42,2896,60847,50.0
42,2897,60877,30.0
42,2898,60940,63.0
42,2899,60952,12.0
42,2900,60967,15.0
42,2901,60978,11.0
42,2902,60998,20.0
42,2903,61013,15.0
42,2904,61053,40.0
42,2905,61065,12.0
42,2906,61079,14.0
42,2907,61098,19.0
42,2908,61116,18.0
42,2909,61132,16.0
42,2910,61148,16.0
42,2911,61182,34.0
42,2912,61193,11.0
42,2913,61218,25.0
42,2914,61246,28.0
42,2915,61268,22.0
42,2916,61289,21.0
42,2917,61301,12.0
42,2918,61316,15.0
42,2919,61332,16.0
42,2920,61363,31.0
42,2921,61373,10.0
42,2922,61387,14.0
42,2923,61401,14.0
42,2924,61435,34.0
42,2925,61467,32.0
42,2926,61495,28.0
42,2927,61515,20.0
42,2928,61527,12.0
42,2929,61554,27.0
42,2930,61581,27.0
42,2931,61613,32.0
42,2932,61625,12.0
42,2933,61637,12.0
42,2934,61679,42.0
42,2935,61704,25.0
42,2936,61717,13.0
42,2937,61743,26.0
42,2938,61760,17.0
42,2939,61776,16.0
42,2940,61814,38.0
42,2941,61833,19.0
42,2942,61848,15.0
42,2943,61859,11.0
42,2944,61871,12.0
42,2945,61890,19.0
42,2946,61907,17.0
42,2947,61921,14.0
42,2948,61935,14.0
42,2949,61955,20.0
42,2950,61972,17.0
42,2951,61987,15.0
42,2952,62023,36.0
42,2953,62034,11.0
42,2954,62057,23.0
42,2955,62077,20.0
42,2956,62099,22.0
42,2957,62111,12.0
42,2958,62123,12.0
42,2959,62142,19.0
42,2960,62161,19.0
42,2961,62181,20.0
42,2962,62251,70.0
42,2963,62264,13.0
42,2964,62280,16.0
42,2965,62296,16.0
42,2966,62312,16.0
42,2967,62323,11.0
42,2968,62343,20.0
42,2969,62363,20.0
42,2970,62380,17.0
42,2971,62390,10.0
42,2972,62403,13.0
42,2973,62429,26.0
42,2974,62440,11.0
42,2975,62469,29.0
42,2976,62494,25.0
42,2977,62503,9.0
42,2978,62539,36.0
42,2979,62554,15.0
42,2980,62568,14.0
42,2981,62601,33.0
42,2982,62613,12.0
42,2983,62645,32.0
42,2984,62657,12.0
42,2985,62683,26.0
42,2986,62739,56.0
42,2987,62824,85.0
42,2988,62837,13.0
42,2989,62871,34.0
42,2990,62892,21.0
42,2991,62935,43.0
42,2992,62955,20.0
42,2993,62981,26.0
42,2994,63017,36.0
42,2995,63040,23.0
42,2996,63049,9.0
42,2997,63060,11.0
42,2998,63107,47.0
42,2999,63134,27.0
42,3000,63148,14.0
42,3001,63162,14.0
42,3002,63182,20.0
42,3003,63204,22.0
42,3004,63221,17.0
42,3005,63237,16.0
42,3006,63260,23.0
42,3007,63285,25.0
42,3008,63300,15.0
42,3009,63315,15.0
42,3010,63341,26.0
42,3011,63360,19.0
42,3012,63380,20.0
42,3013,63401,21.0
42,3014,63410,9.0
42,3015,63443,33.0
42,3016,63456,13.0
42,3017,63465,9.0
42,3018,63479,14.0
42,3019,63498,19.0
42,3020,63508,10.0
42,3021,63524,16.0
42,3022,63539,15.0
42,3023,63567,28.0
42,3024,63578,11.0
42,3025,63591,13.0
42,3026,63608,17.0
42,3027,63635,27.0
42,3028,63656,21.0
42,3029,63667,11.0
42,3030,63686,19.0
42,3031,63696,10.0
42,3032,63710,14.0
42,3033,63727,17.0
42,3034,63740,13.0
42,3035,63758,18.0
42,3036,63777,19.0
42,3037,63803,26.0
42,3038,63842,39.0
42,3039,63854,12.0
42,3040,63866,12.0
42,3041,63885,19.0
42,3042,63901,16.0
42,3043,63919,18.0
42,3044,63949,30.0
42,3045,63969,20.0
42,3046,63987,18.0
42,3047,64005,18.0
42,3048,64040,35.0
42,3049,64057,17.0
42,3050,64080,23.0
42,3051,64103,23.0
42,3052,64122,19.0
42,3053,64136,14.0
42,3054,64166,30.0
42,3055,64181,15.0
42,3056,64205,24.0
42,3057,64234,29.0
42,3058,64251,17.0
42,3059,64262,11.0
42,3060,64289,27.0
42,3061,64330,41.0
42,3062,64375,45.0
42,3063,64406,31.0
42,3064,64423,17.0
42,3065,64450,27.0
42,3066,64479,29.0
42,3067,64498,19.0
42,3068,64515,17.0
42,3069,64530,15.0
42,3070,64562,32.0
42,3071,64602,40.0
42,3072,64618,16.0
42,3073,64636,18.0
42,3074,64654,18.0
42,3075,64710,56.0
42,3076,64724,14.0
42,3077,64752,28.0
42,3078,64772,20.0
42,3079,64804,32.0
42,3080,64849,45.0
42,3081,64876,27.0
42,3082,64906,30.0
42,3083,64919,13.0
42,3084,64941,22.0
42,3085,64962,21.0
42,3086,64977,15.0
42,3087,64990,13.0
42,3088,65010,20.0
42,3089,65066,56.0
42,3090,65078,12.0
42,3091,65091,13.0
42,3092,65113,22.0
42,3093,65122,9.0
42,3094,65164,42.0
42,3095,65185,21.0
42,3096,65198,13.0
42,3097,65213,15.0
42,3098,65225,12.0
42,3099,65270,45.0
42,3100,65286,16.0
42,3101,65310,24.0
42,3102,65324,14.0
42,3103,65342,18.0
42,3104,65359,17.0
42,3105,65370,11.0
42,3106,65385,15.0
42,3107,65393,8.0
42,3108,65406,13.0
42,3109,65421,15.0
42,3110,65430,9.0
42,3111,65445,15.0
42,3112,65457,12.0
42,3113,65488,31.0
42,3114,65509,21.0
42,3115,65539,30.0
42,3116,65555,16.0
42,3117,65573,18.0
42,3118,65590,17.0
42,3119,65627,37.0
42,3120,65638,11.0
42,3121,65654,16.0
42,3122,65668,14.0
42,3123,65677,9.0
42,3124,65690,13.0
42,3125,65719,29.0
42,3126,65733,14.0
42,3127,65750,17.0
42,3128,65772,22.0
42,3129,65796,24.0
42,3130,65810,14.0
42,3131,65825,15.0
42,3132,65841,16.0
42,3133,65852,11.0
42,3134,65883,31.0
42,3135,65896,13.0
42,3136,65911,15.0
42,3137,65924,13.0
42,3138,65947,23.0
42,3139,65965,18.0
42,3140,65980,15.0
42,3141,65997,17.0
42,3142,66008,11.0
42,3143,66030,22.0
42,3144,66045,15.0
42,3145,66060,15.0
42,3146,66089,29.0
42,3147,66106,17.0
42,3148,66135,29.0
42,3149,66161,26.0
42,3150,66178,17.0
42,3151,66194,16.0
42,3152,66210,16.0
42,3153,66227,17.0
42,3154,66250,23.0
42,3155,66263,13.0
42,3156,66278,15.0
42,3157,66297,19.0
42,3158,66308,11.0
42,3159,66318,10.0
42,3160,66330,12.0
42,3161,66343,13.0
42,3162,66358,15.0
42,3163,66376,18.0
42,3164,66408,32.0
42,3165,66418,10.0
42,3166,66458,40.0
42,3167,66505,47.0
42,3168,66513,8.0
42,3169,66524,11.0
42,3170,66550,26.0
42,3171,66568,18.0
42,3172,66584,16.0
42,3173,66597,13.0
42,3174,66610,13.0
42,3175,66624,14.0
42,3176,66638,14.0
42,3177,66654,16.0
42,3178,66663,9.0
42,3179,66674,11.0
42,3180,66689,15.0
42,3181,66719,30.0
42,3182,66732,13.0
42,3183,66750,18.0
42,3184,66770,20.0
42,3185,66793,23.0
42,3186,66806,13.0
42,3187,66818,12.0
42,3188,66848,30.0
42,3189,66862,14.0
42,3190,66874,12.0
42,3191,66886,12.0
42,3192,66908,22.0
42,3193,66929,21.0
42,3194,66962,33.0
42,3195,66978,16.0
42,3196,67003,25.0
42,3197,67016,13.0
42,3198,67077,61.0
42,3199,67090,13.0
42,3200,67118,28.0
42,3201,67149,31.0
42,3202,67161,12.0
42,3203,67174,13.0
42,3204,67192,18.0
42,3205,67202,10.0
42,3206,67225,23.0
42,3207,67237,12.0
42,3208,67248,11.0
42,3209,67262,14.0
42,3210,67272,10.0
42,3211,67285,13.0
42,3212,67313,28.0
42,3213,67341,28.0
42,3214,67382,41.0
42,3215,67399,17.0
42,3216,67415,16.0
42,3217,67427,12.0
42,3218,67446,19.0
42,3219,67461,15.0
42,3220,67474,13.0
42,3221,67493,19.0
42,3222,67507,14.0
42,3223,67536,29.0
42,3224,67632,96.0
42,3225,67650,18.0
42,3226,67665,15.0
42,3227,67679,14.0
42,3228,67693,14.0
42,3229,67704,11.0
42,3230,67722,18.0
42,3231,67741,19.0
42,3232,67764,23.0
42,3233,67793,29.0
42,3234,67802,9.0
42,3235,67821,19.0
42,3236,67845,24.0
42,3237,67858,13.0
42,3238,67882,24.0
42,3239,67898,16.0
42,3240,67913,15.0
42,3241,67933,20.0
42,3242,67960,27.0
42,3243,67974,14.0
42,3244,67989,15.0
42,3245,68004,15.0
42,3246,68022,18.0
42,3247,68041,19.0
42,3248,68052,11.0
42,3249,68081,29.0
42,3250,68107,26.0
42,3251,68118,11.0
42,3252,68134,16.0
42,3253,68151,17.0
42,3254,68165,14.0
42,3255,68221,56.0
42,3256,68230,9.0
42,3257,68243,13.0
42,3258,68266,23.0
42,3259,68281,15.0
42,3260,68297,16.0
42,3261,68312,15.0
42,3262,68324,12.0
42,3263,68343,19.0
42,3264,68366,23.0
42,3265,68385,19.0
42,3266,68408,23.0
42,3267,68463,55.0
42,3268,68498,35.0
42,3269,68518,20.0
42,3270,68530,12.0
42,3271,68541,11.0
42,3272,68555,14.0
42,3273,68571,16.0
42,3274,68587,16.0
42,3275,68601,14.0
42,3276,68642,41.0
42,3277,68655,13.0
42,3278,68673,18.0
42,3279,68689,16.0
42,3280,68706,17.0
42,3281,68718,12.0
42,3282,68744,26.0
42,3283,68755,11.0
42,3284,68765,10.0
42,3285,68783,18.0
42,3286,68794,11.0
42,3287,68811,17.0
42,3288,68851,40.0
42,3289,68871,20.0
42,3290,68892,21.0
42,3291,68931,39.0
42,3292,68946,15.0
42,3293,68966,20.0
42,3294,68983,17.0
42,3295,68996,13.0
42,3296,69042,46.0
42,3297,69067,25.0
42,3298,69090,23.0
42,3299,69111,21.0
42,3300,69129,18.0
42,3301,69143,14.0
42,3302,69169,26.0
42,3303,69185,16.0
42,3304,69218,33.0
42,3305,69233,15.0
42,3306,69247,14.0
42,3307,69271,24.0
42,3308,69285,14.0
42,3309,69296,11.0
42,3310,69317,21.0
42,3311,69332,15.0
42,3312,69366,34.0
42,3313,69377,11.0
42,3314,69403,26.0
42,3315,69437,34.0
42,3316,69448,11.0
42,3317,69469,21.0
42,3318,69479,10.0
42,3319,69500,21.0
42,3320,69513,13.0
42,3321,69544,31.0
42,3322,69557,13.0
42,3323,69570,13.0
42,3324,69603,33.0
42,3325,69616,13.0
42,3326,69644,28.0
42,3327,69655,11.0
42,3328,69686,31.0
42,3329,69698,12.0
42,3330,69707,9.0
42,3331,69721,14.0
42,3332,69734,13.0
42,3333,69751,17.0
42,3334,69772,21.0
42,3335,69788,16.0
42,3336,69823,35.0
42,3337,69841,18.0
42,3338,69874,33.0
42,3339,69895,21.0
42,3340,69908,13.0
42,3341,69922,14.0
42,3342,69954,32.0
42,3343,69963,9.0
42,3344,69975,12.0
42,3345,69986,11.0
42,3346,70003,17.0
42,3347,70027,24.0
42,3348,70036,9.0
42,3349,70048,12.0
42,3350,70068,20.0
42,3351,70097,29.0
42,3352,70105,8.0
42,3353,70136,31.0
42,3354,70156,20.0
42,3355,70169,13.0
42,3356,70187,18.0
42,3357,70208,21.0
42,3358,70223,15.0
42,3359,70258,35.0
42,3360,70271,13.0
42,3361,70336,65.0
42,3362,70351,15.0
42,3363,70374,23.0
42,3364,70389,15.0
42,3365,70407,18.0
42,3366,70422,15.0
42,3367,70441,19.0
42,3368,70465,24.0
42,3369,70519,54.0
42,3370,70538,19.0
42,3371,70579,41.0
42,3372,70611,32.0
42,3373,70643,32.0
42,3374,70654,11.0
42,3375,70697,43.0
42,3376,70721,24.0
42,3377,70740,19.0
42,3378,70757,17.0
42,3379,70781,24.0
42,3380,70804,23.0
42,3381,70818,14.0
42,3382,70828,10.0
42,3383,70844,16.0
42,3384,70854,10.0
42,3385,70870,16.0
42,3386,70884,14.0
42,3387,70926,42.0
42,3388,70946,20.0
42,3389,70958,12.0
42,3390,70976,18.0
42,3391,70989,13.0
42,3392,70997,8.0
42,3393,71035,38.0
42,3394,71083,48.0
42,3395,71098,15.0
42,3396,71110,12.0
42,3397,71124,14.0
42,3398,71137,13.0
42,3399,71151,14.0
42,3400,71171,20.0
42,3401,71186,15.0
42,3402,71196,10.0
42,3403,71234,38.0
42,3404,71263,29.0
42,3405,71274,11.0
42,3406,71284,10.0
42,3407,71307,23.0
42,3408,71318,11.0
42,3409,71331,13.0
42,3410,71340,9.0
42,3411,71362,22.0
42,3412,71388,26.0
42,3413,71403,15.0
42,3414,71417,14.0
42,3415,71427,10.0
42,3416,71450,23.0
42,3417,71463,13.0
42,3418,71483,20.0
42,3419,71511,28.0
42,3420,71522,11.0
42,3421,71538,16.0
42,3422,71549,11.0
42,3423,71559,10.0
42,3424,71571,12.0
42,3425,71591,20.0
42,3426,71603,12.0
42,3427,71627,24.0
42,3428,71641,14.0
42,3429,71654,13.0
42,3430,71671,17.0
42,3431,71691,20.0
42,3432,71706,15.0
42,3433,71724,18.0
42,3434,71741,17.0
42,3435,71755,14.0
42,3436,71767,12.0
42,3437,71777,10.0
42,3438,71787,10.0
42,3439,71838,51.0
42,3440,71853,15.0
42,3441,71889,36.0
42,3442,71934,45.0
42,3443,71945,11.0
42,3444,71963,18.0
42,3445,71975,12.0
42,3446,71999,24.0
42,3447,72021,22.0
42,3448,72045,24.0
42,3449,72080,35.0
42,3450,72093,13.0
42,3451,72118,25.0
42,3452,72137,19.0
42,3453,72153,16.0
42,3454,72166,13.0
42,3455,72183,17.0
42,3456,72196,13.0
42,3457,72207,11.0
42,3458,72221,14.0
42,3459,72242,21.0
42,3460,72254,12.0
42,3461,72281,27.0
42,3462,72306,25.0
42,3463,72339,33.0
42,3464,72358,19.0
42,3465,72431,73.0
42,3466,72448,17.0
42,3467,72468,20.0
42,3468,72497,29.0
42,3469,72508,11.0
42,3470,72534,26.0
42,3471,72553,19.0
42,3472,72564,11.0
42,3473,72577,13.0
42,3474,72588,11.0
42,3475,72606,18.0
42,3476,72619,13.0
42,3477,72629,10.0
42,3478,72652,23.0
42,3479,72696,44.0
42,3480,72727,31.0
42,3481,72752,25.0
42,3482,72761,9.0
42,3483,72775,14.0
42,3484,72804,29.0
42,3485,72819,15.0
42,3486,72839,20.0
42,3487,72851,12.0
42,3488,72870,19.0
42,3489,72884,14.0
42,3490,72895,11.0
42,3491,72941,46.0
42,3492,72956,15.0
42,3493,72988,32.0
42,3494,73019,31.0
42,3495,73051,32.0
42,3496,73075,24.0
42,3497,73092,17.0
42,3498,73132,40.0
42,3499,73151,19.0
42,3500,73160,9.0
42,3501,73174,14.0
42,3502,73194,20.0
42,3503,73208,14.0
42,3504,73220,12.0
42,3505,73241,21.0
42,3506,73295,54.0
42,3507,73316,21.0
42,3508,73331,15.0
42,3509,73341,10.0
42,3510,73359,18.0
42,3511,73374,15.0
42,3512,73386,12.0
42,3513,73404,18.0
42,3514,73445,41.0
42,3515,73463,18.0
42,3516,73482,19.0
42,3517,73496,14.0
42,3518,73507,11.0
42,3519,73554,47.0
42,3520,73572,18.0
42,3521,73595,23.0
42,3522,73612,17.0
42,3523,73633,21.0
42,3524,73647,14.0
42,3525,73663,16.0
42,3526,73690,27.0
42,3527,73705,15.0
42,3528,73720,15.0
42,3529,73769,49.0
42,3530,73795,26.0
42,3531,73821,26.0
42,3532,73832,11.0
42,3533,73850,18.0
42,3534,73863,13.0
42,3535,73899,36.0
42,3536,73910,11.0
42,3537,73930,20.0
42,3538,73965,35.0
42,3539,73977,12.0
42,3540,73997,20.0
42,3541,74010,13.0
42,3542,74043,33.0
42,3543,74057,14.0
42,3544,74080,23.0
42,3545,74100,20.0
42,3546,74118,18.0
42,3547,74129,11.0
42,3548,74140,11.0
42,3549,74200,60.0
42,3550,74222,22.0
42,3551,74257,35.0
42,3552,74285,28.0
42,3553,74299,14.0
42,3554,74309,10.0
42,3555,74320,11.0
42,3556,74338,18.0
42,3557,74355,17.0
42,3558,74405,50.0
42,3559,74439,34.0
42,3560,74459,20.0
42,3561,74470,11.0
42,3562,74485,15.0
42,3563,74531,46.0
42,3564,74551,20.0
42,3565,74574,23.0
42,3566,74598,24.0
42,3567,74619,21.0
42,3568,74640,21.0
42,3569,74654,14.0
42,3570,74673,19.0
42,3571,74686,13.0
42,3572,74699,13.0
42,3573,74710,11.0
42,3574,74731,21.0
42,3575,74752,21.0
42,3576,74791,39.0
42,3577,74811,20.0
42,3578,74821,10.0
42,3579,74840,19.0
42,3580,74853,13.0
42,3581,74868,15.0
42,3582,74885,17.0
42,3583,74897,12.0
42,3584,74913,16.0
42,3585,74931,18.0
42,3586,74968,37.0
42,3587,74977,9.0
42,3588,74998,21.0
42,3589,75008,10.0
42,3590,75020,12.0
42,3591,75035,15.0
42,3592,75046,11.0
42,3593,75062,16.0
42,3594,75074,12.0
42,3595,75089,15.0
42,3596,75098,9.0
42,3597,75111,13.0
42,3598,75132,21.0
42,3599,75146,14.0
42,3600,75158,12.0
42,3601,75183,25.0
42,3602,75195,12.0
42,3603,75226,31.0
42,3604,75244,18.0
42,3605,75299,55.0
42,3606,75318,19.0
42,3607,75343,25.0
42,3608,75375,32.0
42,3609,75392,17.0
42,3610,75422,30.0
42,3611,75458,36.0
42,3612,75478,20.0
42,3613,75491,13.0
42,3614,75503,12.0
42,3615,75521,18.0
42,3616,75536,15.0
42,3617,75552,16.0
42,3618,75580,28.0
42,3619,75608,28.0
42,3620,75619,11.0
42,3621,75657,38.0
42,3622,75697,40.0
42,3623,75711,14.0
42,3624,75726,15.0
42,3625,75745,19.0
42,3626,75767,22.0
42,3627,75777,10.0
42,3628,75788,11.0
42,3629,75802,14.0
42,3630,75822,20.0
42,3631,75831,9.0
42,3632,75854,23.0
42,3633,75873,19.0
42,3634,75887,14.0
42,3635,75901,14.0
42,3636,75910,9.0
42,3637,75923,13.0
42,3638,75946,23.0
42,3639,75957,11.0
42,3640,75978,21.0
42,3641,76009,31.0
42,3642,76018,9.0
42,3643,76033,15.0
42,3644,76058,25.0
42,3645,76105,47.0
42,3646,76118,13.0
42,3647,76138,20.0
42,3648,76156,18.0
42,3649,76180,24.0
42,3650,76201,21.0
42,3651,76215,14.0
42,3652,76227,12.0
42,3653,76256,29.0
42,3654,76269,13.0
42,3655,76303,34.0
42,3656,76316,13.0
42,3657,76329,13.0
42,3658,76357,28.0
42,3659,76374,17.0
42,3660,76396,22.0
42,3661,76406,10.0
42,3662,76431,25.0
42,3663,76463,32.0
42,3664,76475,12.0
42,3665,76492,17.0
42,3666,76529,37.0
42,3667,76549,20.0
42,3668,76565,16.0
42,3669,76584,19.0
42,3670,76613,29.0
42,3671,76624,11.0
42,3672,76648,24.0
42,3673,76666,18.0
42,3674,76681,15.0
42,3675,76700,19.0
42,3676,76723,23.0
42,3677,76734,11.0
42,3678,76754,20.0
42,3679,76766,12.0
42,3680,76781,15.0
42,3681,76795,14.0
42,3682,76821,26.0
42,3683,76838,17.0
42,3684,76856,18.0
42,3685,76870,14.0
42,3686,76909,39.0
42,3687,76939,30.0
42,3688,76965,26.0
42,3689,76985,20.0
42,3690,77003,18.0
42,3691,77027,24.0
42,3692,77054,27.0
42,3693,77065,11.0
42,3694,77075,10.0
42,3695,77088,13.0
42,3696,77107,19.0
42,3697,77122,15.0
42,3698,77135,13.0
42,3699,77151,16.0
42,3700,77169,18.0
42,3701,77208,39.0
42,3702,77246,38.0
42,3703,77263,17.0
42,3704,77285,22.0
42,3705,77303,18.0
42,3706,77321,18.0
42,3707,77366,45.0
42,3708,77388,22.0
42,3709,77417,29.0
42,3710,77467,50.0
42,3711,77478,11.0
42,3712,77508,30.0
42,3713,77519,11.0
42,3714,77545,26.0
42,3715,77565,20.0
42,3716,77580,15.0
42,3717,77595,15.0
42,3718,77647,52.0
42,3719,77663,16.0
42,3720,77714,51.0
42,3721,77774,60.0
42,3722,77788,14.0
42,3723,77813,25.0
42,3724,77830,17.0
42,3725,77858,28.0
42,3726,77872,14.0
42,3727,77881,9.0
42,3728,77896,15.0
42,3729,77919,23.0
42,3730,77938,19.0
42,3731,77952,14.0
42,3732,77967,15.0
42,3733,77978,11.0
42,3734,78010,32.0
42,3735,78027,17.0
42,3736,78037,10.0
42,3737,78050,13.0
42,3738,78061,11.0
42,3739,78081,20.0
42,3740,78111,30.0
42,3741,78121,10.0
42,3742,78154,33.0
42,3743,78166,12.0
42,3744,78199,33.0
42,3745,78208,9.0
42,3746,78221,13.0
42,3747,78235,14.0
42,3748,78244,9.0
42,3749,78281,37.0
42,3750,78296,15.0
42,3751,78316,20.0
42,3752,78329,13.0
42,3753,78342,13.0
42,3754,78355,13.0
42,3755,78367,12.0
42,3756,78378,11.0
42,3757,78391,13.0
42,3758,78410,19.0
42,3759,78423,13.0
42,3760,78440,17.0
42,3761,78453,13.0
42,3762,78472,19.0
42,3763,78491,19.0
42,3764,78508,17.0
42,3765,78518,10.0
42,3766,78539,21.0
42,3767,78554,15.0
42,3768,78577,23.0
42,3769,78607,30.0
42,3770,78636,29.0
42,3771,78658,22.0
42,3772,78674,16.0
42,3773,78696,22.0
42,3774,78709,13.0
42,3775,78736,27.0
42,3776,78757,21.0
42,3777,78772,15.0
42,3778,78785,13.0
42,3779,78816,31.0
42,3780,78830,14.0
42,3781,78840,10.0
42,3782,78851,11.0
42,3783,78870,19.0
42,3784,78883,13.0
42,3785,78914,31.0
42,3786,78931,17.0
42,3787,78948,17.0
42,3788,78988,40.0
42,3789,79005,17.0
42,3790,79021,16.0
42,3791,79041,20.0
42,3792,79065,24.0
42,3793,79077,12.0
42,3794,79087,10.0
42,3795,79100,13.0
42,3796,79131,31.0
42,3797,79160,29.0
42,3798,79173,13.0
42,3799,79190,17.0
42,3800,79204,14.0
42,3801,79235,31.0
42,3802,79253,18.0
42,3803,79265,12.0
42,3804,79279,14.0
42,3805,79290,11.0
42,3806,79321,31.0
42,3807,79358,37.0
42,3808,79375,17.0
42,3809,79406,31.0
42,3810,79432,26.0
42,3811,79458,26.0
42,3812,79503,45.0
42,3813,79517,14.0
42,3814,79549,32.0
42,3815,79561,12.0
42,3816,79574,13.0
42,3817,79596,22.0
42,3818,79645,49.0
42,3819,79657,12.0
42,3820,79673,16.0
42,3821,79708,35.0
42,3822,79734,26.0
42,3823,79755,21.0
42,3824,79766,11.0
42,3825,79796,30.0
42,3826,79808,12.0
42,3827,79824,16.0
42,3828,79832,8.0
42,3829,79847,15.0
42,3830,79865,18.0
42,3831,79878,13.0
42,3832,79900,22.0
42,3833,79912,12.0
42,3834,79924,12.0
42,3835,79937,13.0
42,3836,79956,19.0
42,3837,79974,18.0
42,3838,79992,18.0
42,3839,80008,16.0
42,3840,80036,28.0
42,3841,80047,11.0
42,3842,80060,13.0
42,3843,80081,21.0
42,3844,80108,27.0
42,3845,80163,55.0
42,3846,80182,19.0
42,3847,80212,30.0
42,3848,80223,11.0
42,3849,80243,20.0
42,3850,80257,14.0
42,3851,80267,10.0
42,3852,80281,14.0
42,3853,80301,20.0
42,3854,80334,33.0
42,3855,80357,23.0
42,3856,80382,25.0
42,3857,80392,10.0
42,3858,80403,11.0
42,3859,80414,11.0
42,3860,80453,39.0
42,3861,80473,20.0
42,3862,80503,30.0
42,3863,80515,12.0
42,3864,80531,16.0
42,3865,80544,13.0
42,3866,80563,19.0
42,3867,80585,22.0
42,3868,80596,11.0
42,3869,80646,50.0
42,3870,80683,37.0
42,3871,80694,11.0
42,3872,80704,10.0
42,3873,80714,10.0
42,3874,80723,9.0
42,3875,80736,13.0
42,3876,80746,10.0
42,3877,80760,14.0
42,3878,80776,16.0
42,3879,80880,104.0
42,3880,80901,21.0
42,3881,80921,20.0
42,3882,80943,22.0
42,3883,80967,24.0
42,3884,80978,11.0
42,3885,81005,27.0
42,3886,81020,15.0
42,3887,81030,10.0
42,3888,81058,28.0
42,3889,81079,21.0
42,3890,81102,23.0
42,3891,81113,11.0
42,3892,81123,10.0
42,3893,81135,12.0
42,3894,81152,17.0
42,3895,81170,18.0
42,3896,81186,16.0
42,3897,81204,18.0
42,3898,81216,12.0
42,3899,81241,25.0
42,3900,81251,10.0
42,3901,81262,11.0
42,3902,81279,17.0
42,3903,81292,13.0
42,3904,81306,14.0
42,3905,81320,14.0
42,3906,81336,16.0
42,3907,81361,25.0
42,3908,81385,24.0
42,3909,81399,14.0
42,3910,81412,13.0
42,3911,81424,12.0
42,3912,81456,32.0
42,3913,81477,21.0
42,3914,81496,19.0
42,3915,81523,27.0
42,3916,81554,31.0
42,3917,81578,24.0
42,3918,81611,33.0
42,3919,81633,22.0
42,3920,81644,11.0
42,3921,81678,34.0
42,3922,81711,33.0
42,3923,81726,15.0
42,3924,81739,13.0
42,3925,81755,16.0
42,3926,81764,9.0
42,3927,81823,59.0
42,3928,81835,12.0
42,3929,81847,12.0
42,3930,81872,25.0
42,3931,81886,14.0
42,3932,81896,10.0
42,3933,81930,34.0
42,3934,81956,26.0
42,3935,81972,16.0
42,3936,82000,28.0
42,3937,82022,22.0
42,3938,82046,24.0
42,3939,82086,40.0
42,3940,82134,48.0
42,3941,82153,19.0
42,3942,82207,54.0
42,3943,82221,14.0
42,3944,82232,11.0
42,3945,82251,19.0
42,3946,82263,12.0
42,3947,82280,17.0
42,3948,82293,13.0
42,3949,82326,33.0
42,3950,82343,17.0
42,3951,82362,19.0
42,3952,82375,13.0
42,3953,82388,13.0
42,3954,82398,10.0
42,3955,82429,31.0
42,3956,82452,23.0
42,3957,82484,32.0
42,3958,82523,39.0
42,3959,82567,44.0
42,3960,82581,14.0
42,3961,82593,12.0
42,3962,82615,22.0
42,3963,82636,21.0
42,3964,82682,46.0
42,3965,82695,13.0
42,3966,82751,56.0
42,3967,82778,27.0
42,3968,82820,42.0
42,3969,82846,26.0
42,3970,82864,18.0
42,3971,82875,11.0
42,3972,82886,11.0
42,3973,82905,19.0
42,3974,82944,39.0
42,3975,82961,17.0
42,3976,82977,16.0
42,3977,82995,18.0
42,3978,83004,9.0
42,3979,83023,19.0
42,3980,83035,12.0
42,3981,83053,18.0
42,3982,83063,10.0
42,3983,83084,21.0
42,3984,83099,15.0
42,3985,83141,42.0
42,3986,83153,12.0
42,3987,83178,25.0
42,3988,83202,24.0
42,3989,83210,8.0
42,3990,83235,25.0
42,3991,83256,21.0
42,3992,83304,48.0
42,3993,83320,16.0
42,3994,83338,18.0
42,3995,83366,28.0
42,3996,83384,18.0
42,3997,83397,13.0
42,3998,83410,13.0
42,3999,83430,20.0
42,4000,83446,16.0
42,4001,83467,21.0
42,4002,83483,16.0
42,4003,83509,26.0
42,4004,83527,18.0
42,4005,83549,22.0
42,4006,83588,39.0
42,4007,83603,15.0
42,4008,83649,46.0
42,4009,83669,20.0
42,4010,83723,54.0
42,4011,83735,12.0
42,4012,83752,17.0
42,4013,83763,11.0
42,4014,83793,30.0
42,4015,83828,35.0
42,4016,83888,60.0
42,4017,83905,17.0
42,4018,83918,13.0
42,4019,83926,8.0
42,4020,83940,14.0
42,4021,83952,12.0
42,4022,83963,11.0
42,4023,83975,12.0
42,4024,83989,14.0
42,4025,84015,26.0
42,4026,84039,24.0
42,4027,84053,14.0
42,4028,84069,16.0
42,4029,84080,11.0
42,4030,84098,18.0
42,4031,84134,36.0
42,4032,84173,39.0
42,4033,84184,11.0
42,4034,84197,13.0
42,4035,84210,13.0
42,4036,84230,20.0
42,4037,84253,23.0
42,4038,84271,18.0
42,4039,84283,12.0
42,4040,84299,16.0
42,4041,84311,12.0
42,4042,84345,34.0
42,4043,84360,15.0
42,4044,84374,14.0
42,4045,84397,23.0
42,4046,84411,14.0
42,4047,84425,14.0
42,4048,84439,14.0
42,4049,84462,23.0
42,4050,84477,15.0
42,4051,84493,16.0
42,4052,84513,20.0
42,4053,84522,9.0
42,4054,84552,30.0
42,4055,84581,29.0
42,4056,84597,16.0
42,4057,84618,21.0
42,4058,84657,39.0
42,4059,84671,14.0
42,4060,84693,22.0
42,4061,84712,19.0
42,4062,84742,30.0
42,4063,84755,13.0
42,4064,84780,25.0
42,4065,84812,32.0
42,4066,84826,14.0
42,4067,84841,15.0
42,4068,84858,17.0
42,4069,84872,14.0
42,4070,84888,16.0
42,4071,84900,12.0
42,4072,84915,15.0
42,4073,84938,23.0
42,4074,84976,38.0
42,4075,84992,16.0
42,4076,85011,19.0
42,4077,85025,14.0
42,4078,85091,66.0
42,4079,85111,20.0
42,4080,85141,30.0
42,4081,85150,9.0
42,4082,85177,27.0
42,4083,85194,17.0
42,4084,85204,10.0
42,4085,85216,12.0
42,4086,85242,26.0
42,4087,85254,12.0
42,4088,85270,16.0
42,4089,85301,31.0
42,4090,85340,39.0
42,4091,85359,19.0
42,4092,85373,14.0
42,4093,85405,32.0
42,4094,85416,11.0
42,4095,85431,15.0
42,4096,85445,14.0
42,4097,85457,12.0
42,4098,85471,14.0
42,4099,85504,33.0
42,4100,85535,31.0
42,4101,85547,12.0
42,4102,85565,18.0
42,4103,85577,12.0
42,4104,85616,39.0
42,4105,85627,11.0
42,4106,85641,14.0
42,4107,85659,18.0
42,4108,85679,20.0
42,4109,85694,15.0
42,4110,85734,40.0
42,4111,85744,10.0
42,4112,85779,35.0
42,4113,85790,11.0
42,4114,85814,24.0
42,4115,85841,27.0
42,4116,85874,33.0
42,4117,85886,12.0
42,4118,85931,45.0
42,4119,85973,42.0
42,4120,85993,20.0
42,4121,86015,22.0
42,4122,86026,11.0
42,4123,86041,15.0
42,4124,86056,15.0
42,4125,86067,11.0
42,4126,86086,19.0
42,4127,86106,20.0
42,4128,86119,13.0
42,4129,86132,13.0
42,4130,86155,23.0
42,4131,86176,21.0
42,4132,86187,11.0
42,4133,86208,21.0
42,4134,86219,11.0
42,4135,86235,16.0
42,4136,86248,13.0
42,4137,86267,19.0
42,4138,86296,29.0
42,4139,86308,12.0
42,4140,86340,32.0
42,4141,86358,18.0
42,4142,86375,17.0
42,4143,86387,12.0
42,4144,86405,18.0
42,4145,86419,14.0
42,4146,86440,21.0
42,4147,86453,13.0
42,4148,86539,86.0
42,4149,86562,23.0
42,4150,86584,22.0
42,4151,86594,10.0
42,4152,86615,21.0
42,4153,86623,8.0
42,4154,86634,11.0
42,4155,86651,17.0
42,4156,86681,30.0
42,4157,86719,38.0
42,4158,86754,35.0
42,4159,86769,15.0
42,4160,86781,12.0
42,4161,86801,20.0
42,4162,86813,12.0
42,4163,86833,20.0
42,4164,86855,22.0
42,4165,86873,18.0
42,4166,86902,29.0
42,4167,86932,30.0
42,4168,86953,21.0
42,4169,86971,18.0
42,4170,87019,48.0
42,4171,87031,12.0
42,4172,87058,27.0
42,4173,87072,14.0
42,4174,87085,13.0
42,4175,87100,15.0
42,4176,87112,12.0
42,4177,87127,15.0
42,4178,87155,28.0
42,4179,87171,16.0
42,4180,87187,16.0
42,4181,87204,17.0
42,4182,87220,16.0
42,4183,87236,16.0
42,4184,87252,16.0
42,4185,87265,13.0
42,4186,87303,38.0
42,4187,87325,22.0
42,4188,87347,22.0
42,4189,87368,21.0
42,4190,87383,15.0
42,4191,87415,32.0
42,4192,87436,21.0
42,4193,87479,43.0
42,4194,87502,23.0
42,4195,87517,15.0
42,4196,87529,12.0
42,4197,87553,24.0
42,4198,87565,12.0
42,4199,87611,46.0
42,4200,87653,42.0
42,4201,87667,14.0
42,4202,87706,39.0
42,4203,87731,25.0
42,4204,87755,24.0
42,4205,87784,29.0
42,4206,87821,37.0
42,4207,87843,22.0
42,4208,87866,23.0
42,4209,87893,27.0
42,4210,87903,10.0
42,4211,87961,58.0
42,4212,87976,15.0
42,4213,87996,20.0
42,4214,88012,16.0
42,4215,88034,22.0
42,4216,88072,38.0
42,4217,88087,15.0
42,4218,88096,9.0
42,4219,88106,10.0
42,4220,88161,55.0
42,4221,88191,30.0
42,4222,88202,11.0
42,4223,88214,12.0
42,4224,88243,29.0
42,4225,88259,16.0
42,4226,88272,13.0
42,4227,88302,30.0
42,4228,88323,21.0
42,4229,88337,14.0
42,4230,88378,41.0
42,4231,88405,27.0
42,4232,88416,11.0
42,4233,88441,25.0
42,4234,88457,16.0
42,4235,88475,18.0
42,4236,88491,16.0
42,4237,88506,15.0
42,4238,88556,50.0
42,4239,88566,10.0
42,4240,88587,21.0
42,4241,88598,11.0
42,4242,88608,10.0
42,4243,88624,16.0
42,4244,88652,28.0
42,4245,88665,13.0
42,4246,88690,25.0
42,4247,88707,17.0
42,4248,88718,11.0
42,4249,88770,52.0
42,4250,88803,33.0
42,4251,88814,11.0
42,4252,88849,35.0
42,4253,88917,68.0
42,4254,88928,11.0
42,4255,88938,10.0
42,4256,88951,13.0
42,4257,88975,24.0
42,4258,89012,37.0
42,4259,89030,18.0
42,4260,89046,16.0
42,4261,89069,23.0
42,4262,89084,15.0
42,4263,89110,26.0
42,4264,89133,23.0
42,4265,89142,9.0
42,4266,89168,26.0
42,4267,89192,24.0
42,4268,89202,10.0
42,4269,89212,10.0
42,4270,89225,13.0
42,4271,89236,11.0
42,4272,89249,13.0
42,4273,89270,21.0
42,4274,89291,21.0
42,4275,89302,11.0
42,4276,89318,16.0
42,4277,89328,10.0
42,4278,89357,29.0
42,4279,89376,19.0
42,4280,89394,18.0
42,4281,89416,22.0
42,4282,89430,14.0
42,4283,89448,18.0
42,4284,89474,26.0
42,4285,89488,14.0
42,4286,89510,22.0
42,4287,89523,13.0
42,4288,89532,9.0
42,4289,89545,13.0
42,4290,89568,23.0
42,4291,89589,21.0
42,4292,89625,36.0
42,4293,89657,32.0
42,4294,89668,11.0
42,4295,89690,22.0
42,4296,89726,36.0
42,4297,89738,12.0
42,4298,89764,26.0
42,4299,89783,19.0
42,4300,89799,16.0
42,4301,89815,16.0
42,4302,89836,21.0
42,4303,89854,18.0
42,4304,89877,23.0
42,4305,89913,36.0
42,4306,89927,14.0
42,4307,89946,19.0
42,4308,89960,14.0
42,4309,89982,22.0
42,4310,89995,13.0
42,4311,90015,20.0
42,4312,90039,24.0
42,4313,90048,9.0
42,4314,90109,61.0
42,4315,90119,10.0
42,4316,90129,10.0
42,4317,90138,9.0
42,4318,90148,10.0
42,4319,90216,68.0
42,4320,90231,15.0
42,4321,90249,18.0
42,4322,90261,12.0
42,4323,90281,20.0
42,4324,90301,20.0
42,4325,90311,10.0
42,4326,90330,19.0
42,4327,90344,14.0
42,4328,90361,17.0
42,4329,90374,13.0
42,4330,90395,21.0
42,4331,90416,21.0
42,4332,90430,14.0
42,4333,90459,29.0
42,4334,90480,21.0
42,4335,90514,34.0
42,4336,90530,16.0
42,4337,90568,38.0
42,4338,90583,15.0
42,4339,90594,11.0
42,4340,90612,18.0
42,4341,90621,9.0
42,4342,90643,22.0
42,4343,90657,14.0
42,4344,90668,11.0
42,4345,90682,14.0
42,4346,90697,15.0
42,4347,90721,24.0
42,4348,90736,15.0
42,4349,90759,23.0
42,4350,90780,21.0
42,4351,90790,10.0
42,4352,90800,10.0
42,4353,90819,19.0
42,4354,90835,16.0
42,4355,90855,20.0
42,4356,90865,10.0
42,4357,90886,21.0
42,4358,90945,59.0
42,4359,90965,20.0
42,4360,90976,11.0
42,4361,90986,10.0
42,4362,90998,12.0
42,4363,91016,18.0
42,4364,91026,10.0
42,4365,91045,19.0
42,4366,91098,53.0
42,4367,91117,19.0
42,4368,91134,17.0
42,4369,91161,27.0
42,4370,91174,13.0
42,4371,91211,37.0
42,4372,91222,11.0
42,4373,91236,14.0
42,4374,91254,18.0
42,4375,91267,13.0
42,4376,91285,18.0
42,4377,91299,14.0
42,4378,91311,12.0
42,4379,91324,13.0
42,4380,91344,20.0
42,4381,91388,44.0
42,4382,91403,15.0
42,4383,91414,11.0
42,4384,91454,40.0
42,4385,91515,61.0
42,4386,91526,11.0
42,4387,91556,30.0
42,4388,91578,22.0
42,4389,91608,30.0
42,4390,91622,14.0
42,4391,91653,31.0
42,4392,91703,50.0
42,4393,91732,29.0
42,4394,91745,13.0
42,4395,91757,12.0
42,4396,91796,39.0
42,4397,91826,30.0
42,4398,91837,11.0
42,4399,91856,19.0
42,4400,91867,11.0
42,4401,91898,31.0
42,4402,91913,15.0
42,4403,91928,15.0
42,4404,91948,20.0
42,4405,91974,26.0
42,4406,91997,23.0
42,4407,92020,23.0
42,4408,92038,18.0
42,4409,92061,23.0
42,4410,92073,12.0
42,4411,92094,21.0
42,4412,92114,20.0
42,4413,92160,46.0
42,4414,92171,11.0
42,4415,92186,15.0
42,4416,92200,14.0
42,4417,92219,19.0
42,4418,92228,9.0
42,4419,92255,27.0
42,4420,92275,20.0
42,4421,92305,30.0
42,4422,92322,17.0
42,4423,92332,10.0
42,4424,92350,18.0
42,4425,92359,9.0
42,4426,92374,15.0
42,4427,92430,56.0
42,4428,92441,11.0
42,4429,92456,15.0
42,4430,92475,19.0
42,4431,92487,12.0
42,4432,92499,12.0
42,4433,92509,10.0
42,4434,92525,16.0
42,4435,92535,10.0
42,4436,92573,38.0
42,4437,92582,9.0
42,4438,92608,26.0
42,4439,92620,12.0
42,4440,92631,11.0
42,4441,92647,16.0
42,4442,92658,11.0
42,4443,92673,15.0
42,4444,92687,14.0
42,4445,92703,16.0
42,4446,92727,24.0
42,4447,92749,22.0
42,4448,92797,48.0
42,4449,92809,12.0
42,4450,92818,9.0
42,4451,92830,12.0
42,4452,92842,12.0
42,4453,92852,10.0
42,4454,92862,10.0
42,4455,92871,9.0
42,4456,92885,14.0
42,4457,92894,9.0
42,4458,92912,18.0
42,4459,92954,42.0
42,4460,92968,14.0
42,4461,92981,13.0
42,4462,93014,33.0
42,4463,93043,29.0
42,4464,93064,21.0
42,4465,93083,19.0
42,4466,93101,18.0
42,4467,93133,32.0
42,4468,93160,27.0
42,4469,93178,18.0
42,4470,93207,29.0
42,4471,93247,40.0
42,4472,93261,14.0
42,4473,93275,14.0
42,4474,93286,11.0
42,4475,93304,18.0
42,4476,93314,10.0
42,4477,93329,15.0
42,4478,93343,14.0
42,4479,93359,16.0
42,4480,93373,14.0
42,4481,93387,14.0
42,4482,93419,32.0
42,4483,93430,11.0
42,4484,93446,16.0
42,4485,93459,13.0
42,4486,93470,11.0
42,4487,93484,14.0
42,4488,93497,13.0
42,4489,93514,17.0
42,4490,93543,29.0
42,4491,93575,32.0
42,4492,93607,32.0
42,4493,93627,20.0
42,4494,93645,18.0
42,4495,93672,27.0
42,4496,93703,31.0
42,4497,93726,23.0
42,4498,93749,23.0
42,4499,93763,14.0
42,4500,93777,14.0
42,4501,93793,16.0
42,4502,93807,14.0
42,4503,93827,20.0
42,4504,93839,12.0
42,4505,93858,19.0
42,4506,93874,16.0
42,4507,93890,16.0
42,4508,93904,14.0
42,4509,93929,25.0
42,4510,93969,40.0
42,4511,93978,9.0
42,4512,94007,29.0
42,4513,94026,19.0
42,4514,94040,14.0
42,4515,94053,13.0
42,4516,94074,21.0
42,4517,94088,14.0
42,4518,94102,14.0
42,4519,94122,20.0
42,4520,94133,11.0
42,4521,94146,13.0
42,4522,94167,21.0
42,4523,94188,21.0
42,4524,94210,22.0
42,4525,94232,22.0
42,4526,94245,13.0
42,4527,94258,13.0
42,4528,94306,48.0
42,4529,94329,23.0
42,4530,94366,37.0
42,4531,94386,20.0
42,4532,94409,23.0
42,4533,94426,17.0
42,4534,94449,23.0
42,4535,94461,12.0
42,4536,94470,9.0
42,4537,94482,12.0
42,4538,94497,15.0
42,4539,94513,16.0
42,4540,94524,11.0
42,4541,94542,18.0
42,4542,94565,23.0
42,4543,94584,19.0
42,4544,94598,14.0
42,4545,94611,13.0
42,4546,94631,20.0
42,4547,94642,11.0
42,4548,94658,16.0
42,4549,94675,17.0
42,4550,94713,38.0
42,4551,94758,45.0
42,4552,94773,15.0
42,4553,94799,26.0
42,4554,94820,21.0
42,4555,94837,17.0
42,4556,94848,11.0
42,4557,94859,11.0
42,4558,94872,13.0
42,4559,94889,17.0
42,4560,94903,14.0
42,4561,94924,21.0
42,4562,94937,13.0
42,4563,94952,15.0
42,4564,94970,18.0
42,4565,94981,11.0
42,4566,95035,54.0
42,4567,95053,18.0
42,4568,95104,51.0
42,4569,95116,12.0
42,4570,95145,29.0
42,4571,95156,11.0
42,4572,95171,15.0
42,4573,95202,31.0
42,4574,95214,12.0
42,4575,95227,13.0
42,4576,95260,33.0
42,4577,95277,17.0
42,4578,95287,10.0
42,4579,95298,11.0
42,4580,95311,13.0
42,4581,95322,11.0
42,4582,95385,63.0
42,4583,95398,13.0
42,4584,95409,11.0
42,4585,95423,14.0
42,4586,95450,27.0
42,4587,95470,20.0
42,4588,95489,19.0
42,4589,95551,62.0
42,4590,95563,12.0
42,4591,95576,13.0
42,4592,95624,48.0
42,4593,95659,35.0
42,4594,95685,26.0
42,4595,95719,34.0
42,4596,95734,15.0
42,4597,95744,10.0
42,4598,95763,19.0
42,4599,95777,14.0
42,4600,95795,18.0
42,4601,95809,14.0
42,4602,95821,12.0
42,4603,95862,41.0
42,4604,95874,12.0
42,4605,95922,48.0
42,4606,95939,17.0
42,4607,95950,11.0
42,4608,95964,14.0
42,4609,95984,20.0
42,4610,96004,20.0
42,4611,96037,33.0
42,4612,96090,53.0
42,4613,96111,21.0
42,4614,96135,24.0
42,4615,96148,13.0
42,4616,96162,14.0
42,4617,96181,19.0
42,4618,96204,23.0
42,4619,96234,30.0
42,4620,96253,19.0
42,4621,96264,11.0
42,4622,96287,23.0
42,4623,96305,18.0
42,4624,96322,17.0
42,4625,96331,9.0
42,4626,96341,10.0
42,4627,96357,16.0
42,4628,96378,21.0
42,4629,96395,17.0
42,4630,96404,9.0
42,4631,96415,11.0
42,4632,96456,41.0
42,4633,96467,11.0
42,4634,96507,40.0
42,4635,96528,21.0
42,4636,96545,17.0
42,4637,96568,23.0
42,4638,96587,19.0
42,4639,96621,34.0
42,4640,96643,22.0
42,4641,96665,22.0
42,4642,96678,13.0
42,4643,96708,30.0
42,4644,96730,22.0
42,4645,96750,20.0
42,4646,96768,18.0
42,4647,96795,27.0
42,4648,96811,16.0
42,4649,96847,36.0
42,4650,96857,10.0
42,4651,96885,28.0
42,4652,96905,20.0
42,4653,96918,13.0
42,4654,96930,12.0
42,4655,96940,10.0
42,4656,96972,32.0
42,4657,96995,23.0
42,4658,97023,28.0
42,4659,97050,27.0
42,4660,97071,21.0
42,4661,97088,17.0
42,4662,97099,11.0
42,4663,97119,20.0
42,4664,97173,54.0
42,4665,97207,34.0
42,4666,97222,15.0
42,4667,97258,36.0
42,4668,97274,16.0
42,4669,97283,9.0
42,4670,97306,23.0
42,4671,97329,23.0
42,4672,97341,12.0
42,4673,97353,12.0
42,4674,97379,26.0
42,4675,97391,12.0
42,4676,97405,14.0
42,4677,97416,11.0
42,4678,97441,25.0
42,4679,97449,8.0
42,4680,97465,16.0
42,4681,97482,17.0
42,4682,97500,18.0
42,4683,97545,45.0
42,4684,97561,16.0
42,4685,97572,11.0
42,4686,97584,12.0
42,4687,97603,19.0
42,4688,97627,24.0
42,4689,97636,9.0
42,4690,97646,10.0
42,4691,97659,13.0
42,4692,97695,36.0
42,4693,97714,19.0
42,4694,97750,36.0
42,4695,97761,11.0
42,4696,97789,28.0
42,4697,97804,15.0
42,4698,97825,21.0
42,4699,97850,25.0
42,4700,97869,19.0
42,4701,97883,14.0
42,4702,97902,19.0
42,4703,97916,14.0
42,4704,97931,15.0
42,4705,97945,14.0
42,4706,97961,16.0
42,4707,97970,9.0
42,4708,97986,16.0
42,4709,97996,10.0
42,4710,98018,22.0
42,4711,98032,14.0
42,4712,98044,12.0
42,4713,98066,22.0
42,4714,98093,27.0
42,4715,98118,25.0
42,4716,98129,11.0
42,4717,98141,12.0
42,4718,98152,11.0
42,4719,98167,15.0
42,4720,98205,38.0
42,4721,98224,19.0
42,4722,98255,31.0
42,4723,98276,21.0
42,4724,98316,40.0
42,4725,98337,21.0
42,4726,98357,20.0
42,4727,98369,12.0
42,4728,98387,18.0
42,4729,98418,31.0
42,4730,98439,21.0
42,4731,98452,13.0
42,4732,98476,24.0
42,4733,98487,11.0
42,4734,98497,10.0
42,4735,98509,12.0
42,4736,98530,21.0
42,4737,98553,23.0
42,4738,98581,28.0
42,4739,98592,11.0
42,4740,98627,35.0
42,4741,98642,15.0
42,4742,98652,10.0
42,4743,98680,28.0
42,4744,98708,28.0
42,4745,98736,28.0
42,4746,98774,38.0
42,4747,98788,14.0
42,4748,98809,21.0
42,4749,98835,26.0
42,4750,98847,12.0
42,4751,98867,20.0
42,4752,98879,12.0
42,4753,98921,42.0
42,4754,98936,15.0
42,4755,98973,37.0
42,4756,99002,29.0
42,4757,99024,22.0
42,4758,99072,48.0
42,4759,99088,16.0
42,4760,99113,25.0
42,4761,99123,10.0
42,4762,99146,23.0
42,4763,99155,9.0
42,4764,99190,35.0
42,4765,99209,19.0
42,4766,99227,18.0
42,4767,99241,14.0
42,4768,99256,15.0
42,4769,99281,25.0
42,4770,99308,27.0
42,4771,99332,24.0
42,4772,99343,11.0
42,4773,99358,15.0
42,4774,99389,31.0
42,4775,99403,14.0
42,4776,99419,16.0
42,4777,99434,15.0
42,4778,99450,16.0
42,4779,99486,36.0
42,4780,99513,27.0
42,4781,99529,16.0
42,4782,99539,10.0
42,4783,99554,15.0
42,4784,99595,41.0
42,4785,99623,28.0
42,4786,99640,17.0
42,4787,99662,22.0
42,4788,99673,11.0
42,4789,99688,15.0
42,4790,99701,13.0
42,4791,99712,11.0
42,4792,99721,9.0
42,4793,99760,39.0
42,4794,99792,32.0
42,4795,99804,12.0
42,4796,99815,11.0
42,4797,99835,20.0
42,4798,99850,15.0
42,4799,99876,26.0
42,4800,99888,12.0
42,4801,99899,11.0
42,4802,99927,28.0
42,4803,99938,11.0
42,4804,99950,12.0
42,4805,99977,27.0
42,4806,100017,40.0
42,4807,100027,10.0
42,4808,100037,10.0
42,4809,100050,13.0
42,4810,100070,20.0
42,4811,100101,31.0
42,4812,100122,21.0
42,4813,100158,36.0
42,4814,100192,34.0
42,4815,100213,21.0
42,4816,100272,59.0
42,4817,100295,23.0
42,4818,100308,13.0
42,4819,100326,18.0
42,4820,100352,26.0
42,4821,100369,17.0
42,4822,100414,45.0
42,4823,100428,14.0
42,4824,100451,23.0
42,4825,100463,12.0
42,4826,100494,31.0
42,4827,100506,12.0
42,4828,100519,13.0
42,4829,100548,29.0
42,4830,100590,42.0
42,4831,100601,11.0
42,4832,100611,10.0
42,4833,100622,11.0
42,4834,100644,22.0
42,4835,100661,17.0
42,4836,100679,18.0
42,4837,100691,12.0
42,4838,100700,9.0
42,4839,100726,26.0
42,4840,100741,15.0
42,4841,100777,36.0
42,4842,100829,52.0
42,4843,100845,16.0
42,4844,100859,14.0
42,4845,100879,20.0
42,4846,100895,16.0
42,4847,100913,18.0
42,4848,100934,21.0
42,4849,101019,85.0
42,4850,101037,18.0
42,4851,101055,18.0
42,4852,101093,38.0
42,4853,101122,29.0
42,4854,101142,20.0
42,4855,101164,22.0
42,4856,101177,13.0
42,4857,101194,17.0
42,4858,101211,17.0
42,4859,101233,22.0
42,4860,101247,14.0
42,4861,101267,20.0
42,4862,101290,23.0
42,4863,101313,23.0
42,4864,101323,10.0
42,4865,101335,12.0
42,4866,101346,11.0
42,4867,101361,15.0
42,4868,101388,27.0
42,4869,101401,13.0
42,4870,101414,13.0
42,4871,101427,13.0
42,4872,101443,16.0
42,4873,101483,40.0
42,4874,101496,13.0
42,4875,101508,12.0
42,4876,101521,13.0
42,4877,101562,41.0
42,4878,101612,50.0
42,4879,101628,16.0
42,4880,101641,13.0
42,4881,101655,14.0
42,4882,101685,30.0
42,4883,101699,14.0
42,4884,101716,17.0
42,4885,101726,10.0
42,4886,101743,17.0
42,4887,101771,28.0
42,4888,101782,11.0
42,4889,101813,31.0
42,4890,101824,11.0
42,4891,101837,13.0
42,4892,101853,16.0
42,4893,101869,16.0
42,4894,101885,16.0
42,4895,101928,43.0
42,4896,101937,9.0
42,4897,101949,12.0
42,4898,101962,13.0
42,4899,102000,38.0
42,4900,102012,12.0
42,4901,102029,17.0
42,4902,102040,11.0
42,4903,102057,17.0
42,4904,102079,22.0
42,4905,102134,55.0
42,4906,102145,11.0
42,4907,102187,42.0
42,4908,102204,17.0
42,4909,102259,55.0
42,4910,102288,29.0
42,4911,102301,13.0
42,4912,102329,28.0
42,4913,102342,13.0
42,4914,102353,11.0
42,4915,102373,20.0
42,4916,102394,21.0
42,4917,102415,21.0
42,4918,102446,31.0
42,4919,102458,12.0
42,4920,102479,21.0
42,4921,102491,12.0
42,4922,102503,12.0
42,4923,102527,24.0
42,4924,102539,12.0
42,4925,102560,21.0
42,4926,102585,25.0
42,4927,102600,15.0
42,4928,102632,32.0
42,4929,102643,11.0
42,4930,102654,11.0
42,4931,102670,16.0
42,4932,102696,26.0
42,4933,102708,12.0
42,4934,102734,26.0
42,4935,102756,22.0
42,4936,102767,11.0
42,4937,102779,12.0
42,4938,102791,12.0
42,4939,102812,21.0
42,4940,102840,28.0
42,4941,102887,47.0
42,4942,102906,19.0
42,4943,102920,14.0
42,4944,102951,31.0
42,4945,102986,35.0
42,4946,103004,18.0
42,4947,103018,14.0
42,4948,103030,12.0
42,4949,103045,15.0
42,4950,103057,12.0
42,4951,103073,16.0
42,4952,103089,16.0
42,4953,103104,15.0
42,4954,103116,12.0
42,4955,103129,13.0
42,4956,103146,17.0
42,4957,103168,22.0
42,4958,103183,15.0
42,4959,103200,17.0
42,4960,103213,13.0
42,4961,103222,9.0
42,4962,103246,24.0
42,4963,103281,35.0
42,4964,103295,14.0
42,4965,103307,12.0
42,4966,103319,12.0
42,4967,103329,10.0
42,4968,103363,34.0
42,4969,103374,11.0
42,4970,103387,13.0
42,4971,103402,15.0
42,4972,103418,16.0
42,4973,103435,17.0
42,4974,103448,13.0
42,4975,103460,12.0
42,4976,103489,29.0
42,4977,103499,10.0
42,4978,103534,35.0
42,4979,103557,23.0
42,4980,103583,26.0
42,4981,103602,19.0
42,4982,103612,10.0
42,4983,103623,11.0
42,4984,103633,10.0
42,4985,103650,17.0
42,4986,103667,17.0
42,4987,103685,18.0
42,4988,103699,14.0
42,4989,103719,20.0
42,4990,103736,17.0
42,4991,103770,34.0
42,4992,103790,20.0
42,4993,103812,22.0
42,4994,103824,12.0
42,4995,103836,12.0
42,4996,103888,52.0
42,4997,103909,21.0
42,4998,103922,13.0
42,4999,103932,10.0
42,5000,103946,14.0
42,5001,103957,11.0
42,5002,103972,15.0
42,5003,103985,13.0
42,5004,103999,14.0
42,5005,104020,21.0
42,5006,104030,10.0
42,5007,104073,43.0
42,5008,104089,16.0
42,5009,104122,33.0
42,5010,104138,16.0
42,5011,104151,13.0
42,5012,104169,18.0
42,5013,104182,13.0
42,5014,104195,13.0
42,5015,104210,15.0
42,5016,104242,32.0
42,5017,104268,26.0
42,5018,104311,43.0
42,5019,104334,23.0
42,5020,104356,22.0
42,5021,104409,53.0
42,5022,104425,16.0
42,5023,104449,24.0
42,5024,104472,23.0
42,5025,104500,28.0
42,5026,104519,19.0
42,5027,104540,21.0
42,5028,104567,27.0
42,5029,104602,35.0
42,5030,104622,20.0
42,5031,104657,35.0
42,5032,104667,10.0
42,5033,104679,12.0
42,5034,104689,10.0
42,5035,104716,27.0
42,5036,104728,12.0
42,5037,104756,28.0
42,5038,104783,27.0
42,5039,104824,41.0
42,5040,104861,37.0
42,5041,104883,22.0
42,5042,104917,34.0
42,5043,104927,10.0
42,5044,104944,17.0
42,5045,104956,12.0
42,5046,104970,14.0
42,5047,105021,51.0
42,5048,105047,26.0
42,5049,105088,41.0
42,5050,105105,17.0
42,5051,105118,13.0
42,5052,105161,43.0
42,5053,105174,13.0
42,5054,105188,14.0
42,5055,105199,11.0
42,5056,105214,15.0
42,5057,105248,34.0
42,5058,105260,12.0
42,5059,105300,40.0
42,5060,105322,22.0
42,5061,105347,25.0
42,5062,105361,14.0
42,5063,105375,14.0
42,5064,105393,18.0
42,5065,105401,8.0
42,5066,105415,14.0
42,5067,105439,24.0
42,5068,105472,33.0
42,5069,105501,29.0
42,5070,105514,13.0
42,5071,105548,34.0
42,5072,105559,11.0
42,5073,105589,30.0
42,5074,105610,21.0
42,5075,105624,14.0
42,5076,105636,12.0
42,5077,105656,20.0
42,5078,105672,16.0
42,5079,105689,17.0
42,5080,105726,37.0
42,5081,105748,22.0
42,5082,105768,20.0
42,5083,105792,24.0
42,5084,105815,23.0
42,5085,105834,19.0
42,5086,105846,12.0
42,5087,105868,22.0
42,5088,105887,19.0
42,5089,105919,32.0
42,5090,105931,12.0
42,5091,105942,11.0
42,5092,105958,16.0
42,5093,105979,21.0
42,5094,105998,19.0
42,5095,106039,41.0
42,5096,106057,18.0
42,5097,106070,13.0
42,5098,106085,15.0
42,5099,106101,16.0
42,5100,106118,17.0
42,5101,106138,20.0
42,5102,106149,11.0
42,5103,106171,22.0
42,5104,106194,23.0
42,5105,106214,20.0
42,5106,106246,32.0
42,5107,106297,51.0
42,5108,106311,14.0
42,5109,106328,17.0
42,5110,106344,16.0
42,5111,106379,35.0
42,5112,106395,16.0
42,5113,106441,46.0
42,5114,106465,24.0
42,5115,106479,14.0
42,5116,106499,20.0
42,5117,106533,34.0
42,5118,106553,20.0
42,5119,106565,12.0
42,5120,106583,18.0
42,5121,106593,10.0
42,5122,106603,10.0
42,5123,106619,16.0
42,5124,106661,42.0
42,5125,106678,17.0
42,5126,106696,18.0
42,5127,106715,19.0
42,5128,106744,29.0
42,5129,106758,14.0
42,5130,106770,12.0
42,5131,106789,19.0
42,5132,106812,23.0
42,5133,106828,16.0
42,5134,106846,18.0
42,5135,106864,18.0
42,5136,106878,14.0
42,5137,106894,16.0
42,5138,106922,28.0
42,5139,106934,12.0
42,5140,106965,31.0
42,5141,106996,31.0
42,5142,107009,13.0
42,5143,107027,18.0
42,5144,107043,16.0
42,5145,107057,14.0
42,5146,107066,9.0
42,5147,107080,14.0
42,5148,107117,37.0
42,5149,107143,26.0
42,5150,107162,19.0
42,5151,107181,19.0
42,5152,107199,18.0
42,5153,107215,16.0
42,5154,107231,16.0
42,5155,107279,48.0
42,5156,107297,18.0
42,5157,107309,12.0
42,5158,107346,37.0
42,5159,107360,14.0
42,5160,107380,20.0
42,5161,107392,12.0
42,5162,107405,13.0
42,5163,107420,15.0
42,5164,107458,38.0
42,5165,107492,34.0
42,5166,107503,11.0
42,5167,107523,20.0
42,5168,107537,14.0
42,5169,107549,12.0
42,5170,107570,21.0
42,5171,107606,36.0
42,5172,107640,34.0
42,5173,107655,15.0
42,5174,107691,36.0
42,5175,107713,22.0
42,5176,107730,17.0
42,5177,107742,12.0
42,5178,107752,10.0
42,5179,107771,19.0
42,5180,107783,12.0
42,5181,107797,14.0
42,5182,107807,10.0
42,5183,107823,16.0
42,5184,107848,25.0
42,5185,107872,24.0
42,5186,107894,22.0
42,5187,107906,12.0
42,5188,107925,19.0
42,5189,107948,23.0
42,5190,107980,32.0
42,5191,107994,14.0
42,5192,108004,10.0
42,5193,108021,17.0
42,5194,108034,13.0
42,5195,108048,14.0
42,5196,108058,10.0
42,5197,108071,13.0
42,5198,108086,15.0
42,5199,108104,18.0
42,5200,108131,27.0
42,5201,108154,23.0
42,5202,108165,11.0
42,5203,108184,19.0
42,5204,108200,16.0
42,5205,108213,13.0
42,5206,108229,16.0
42,5207,108246,17.0
42,5208,108265,19.0
42,5209,108285,20.0
42,5210,108299,14.0
42,5211,108311,12.0
42,5212,108350,39.0
42,5213,108362,12.0
42,5214,108394,32.0
42,5215,108405,11.0
42,5216,108436,31.0
42,5217,108511,75.0
42,5218,108531,20.0
42,5219,108552,21.0
42,5220,108570,18.0
42,5221,108586,16.0
42,5222,108631,45.0
42,5223,108644,13.0
42,5224,108654,10.0
42,5225,108671,17.0
42,5226,108694,23.0
42,5227,108721,27.0
42,5228,108744,23.0
42,5229,108778,34.0
42,5230,108805,27.0
42,5231,108820,15.0
42,5232,108833,13.0
42,5233,108849,16.0
42,5234,108873,24.0
42,5235,108886,13.0
42,5236,108897,11.0
42,5237,108923,26.0
42,5238,108954,31.0
42,5239,108965,11.0
42,5240,108979,14.0
42,5241,108994,15.0
42,5242,109016,22.0
42,5243,109049,33.0
42,5244,109062,13.0
42,5245,109077,15.0
42,5246,109122,45.0
42,5247,109146,24.0
42,5248,109173,27.0
42,5249,109186,13.0
42,5250,109207,21.0
42,5251,109225,18.0
42,5252,109249,24.0
42,5253,109260,11.0
42,5254,109283,23.0
42,5255,109292,9.0
42,5256,109306,14.0
42,5257,109350,44.0
42,5258,109373,23.0
42,5259,109384,11.0
42,5260,109409,25.0
42,5261,109421,12.0
42,5262,109436,15.0
42,5263,109451,15.0
42,5264,109460,9.0
42,5265,109476,16.0
42,5266,109500,24.0
42,5267,109521,21.0
42,5268,109533,12.0
42,5269,109543,10.0
42,5270,109556,13.0
42,5271,109573,17.0
42,5272,109590,17.0
42,5273,109613,23.0
42,5274,109632,19.0
42,5275,109648,16.0
42,5276,109677,29.0
42,5277,109692,15.0
42,5278,109705,13.0
42,5279,109732,27.0
42,5280,109747,15.0
42,5281,109762,15.0
42,5282,109775,13.0
42,5283,109795,20.0
42,5284,109837,42.0
42,5285,109853,16.0
42,5286,109864,11.0
42,5287,109876,12.0
42,5288,109889,13.0
42,5289,109916,27.0
42,5290,109927,11.0
42,5291,109942,15.0
42,5292,109975,33.0
42,5293,109991,16.0
42,5294,110009,18.0
42,5295,110020,11.0
42,5296,110043,23.0
42,5297,110061,18.0
42,5298,110082,21.0
42,5299,110098,16.0
42,5300,110113,15.0
42,5301,110129,16.0
42,5302,110145,16.0
42,5303,110157,12.0
42,5304,110170,13.0
42,5305,110198,28.0
42,5306,110212,14.0
42,5307,110235,23.0
42,5308,110270,35.0
42,5309,110286,16.0
42,5310,110307,21.0
42,5311,110329,22.0
42,5312,110341,12.0
42,5313,110357,16.0
42,5314,110368,11.0
42,5315,110394,26.0
42,5316,110422,28.0
42,5317,110435,13.0
42,5318,110456,21.0
42,5319,110488,32.0
42,5320,110505,17.0
42,5321,110526,21.0
42,5322,110540,14.0
42,5323,110558,18.0
42,5324,110570,12.0
42,5325,110601,31.0
42,5326,110631,30.0
42,5327,110665,34.0
42,5328,110735,70.0
42,5329,110765,30.0
42,5330,110784,19.0
42,5331,110808,24.0
42,5332,110821,13.0
42,5333,110835,14.0
42,5334,110849,14.0
42,5335,110863,14.0
42,5336,110878,15.0
42,5337,110901,23.0
42,5338,110926,25.0
42,5339,110944,18.0
42,5340,110964,20.0
42,5341,110980,16.0
42,5342,110994,14.0
42,5343,111008,14.0
42,5344,111024,16.0
42,5345,111038,14.0
42,5346,111070,32.0
42,5347,111080,10.0
42,5348,111129,49.0
42,5349,111138,9.0
42,5350,111156,18.0
42,5351,111181,25.0
42,5352,111213,32.0
42,5353,111225,12.0
42,5354,111237,12.0
42,5355,111253,16.0
42,5356,111284,31.0
42,5357,111303,19.0
42,5358,111329,26.0
42,5359,111342,13.0
42,5360,111363,21.0
42,5361,111379,16.0
42,5362,111392,13.0
42,5363,111411,19.0
42,5364,111435,24.0
42,5365,111467,32.0
42,5366,111483,16.0
42,5367,111533,50.0
42,5368,111548,15.0
42,5369,111572,24.0
42,5370,111608,36.0
42,5371,111622,14.0
42,5372,111645,23.0
42,5373,111659,14.0
42,5374,111671,12.0
42,5375,111693,22.0
42,5376,111706,13.0
42,5377,111718,12.0
42,5378,111728,10.0
42,5379,111742,14.0
42,5380,111785,43.0
42,5381,111803,18.0
42,5382,111815,12.0
42,5383,111836,21.0
42,5384,111855,19.0
42,5385,111878,23.0
42,5386,111902,24.0
42,5387,111918,16.0
42,5388,111942,24.0
42,5389,111954,12.0
42,5390,111970,16.0
42,5391,111989,19.0
42,5392,112007,18.0
42,5393,112017,10.0
42,5394,112057,40.0
42,5395,112069,12.0
42,5396,112087,18.0
42,5397,112102,15.0
42,5398,112113,11.0
42,5399,112130,17.0
42,5400,112160,30.0
42,5401,112192,32.0
42,5402,112207,15.0
42,5403,112246,39.0
42,5404,112261,15.0
42,5405,112275,14.0
42,5406,112286,11.0
42,5407,112301,15.0
42,5408,112313,12.0
42,5409,112335,22.0
42,5410,112344,9.0
42,5411,112356,12.0
42,5412,112371,15.0
42,5413,112394,23.0
42,5414,112405,11.0
42,5415,112418,13.0
42,5416,112451,33.0
42,5417,112487,36.0
42,5418,112509,22.0
42,5419,112519,10.0
42,5420,112528,9.0
42,5421,112539,11.0
42,5422,112550,11.0
42,5423,112561,11.0
42,5424,112590,29.0
42,5425,112607,17.0
42,5426,112621,14.0
42,5427,112633,12.0
42,5428,112654,21.0
42,5429,112670,16.0
42,5430,112683,13.0
42,5431,112704,21.0
42,5432,112721,17.0
42,5433,112734,13.0
42,5434,112758,24.0
42,5435,112773,15.0
42,5436,112802,29.0
42,5437,112829,27.0
42,5438,112863,34.0
42,5439,112876,13.0
42,5440,112897,21.0
42,5441,112914,17.0
42,5442,112929,15.0
42,5443,112981,52.0
42,5444,113008,27.0
42,5445,113029,21.0
42,5446,113044,15.0
42,5447,113065,21.0
42,5448,113099,34.0
42,5449,113120,21.0
42,5450,113140,20.0
42,5451,113154,14.0
42,5452,113169,15.0
42,5453,113184,15.0
42,5454,113202,18.0
42,5455,113221,19.0
42,5456,113233,12.0
42,5457,113246,13.0
42,5458,113261,15.0
42,5459,113271,10.0
42,5460,113281,10.0
42,5461,113292,11.0
42,5462,113309,17.0
42,5463,113323,14.0
42,5464,113349,26.0
42,5465,113379,30.0
42,5466,113394,15.0
42,5467,113428,34.0
42,5468,113442,14.0
42,5469,113452,10.0
42,5470,113464,12.0
42,5471,113477,13.0
42,5472,113494,17.0
42,5473,113515,21.0
42,5474,113552,37.0
42,5475,113573,21.0
42,5476,113590,17.0
42,5477,113617,27.0
42,5478,113650,33.0
42,5479,113663,13.0
42,5480,113684,21.0
42,5481,113733,49.0
42,5482,113764,31.0
42,5483,113806,42.0
42,5484,113825,19.0
42,5485,113835,10.0
42,5486,113879,44.0
42,5487,113892,13.0
42,5488,113905,13.0
42,5489,113918,13.0
42,5490,113937,19.0
42,5491,113947,10.0
42,5492,113975,28.0
42,5493,113989,14.0
42,5494,114005,16.0
42,5495,114017,12.0
42,5496,114029,12.0
42,5497,114043,14.0
42,5498,114059,16.0
42,5499,114093,34.0
42,5500,114105,12.0
42,5501,114119,14.0
42,5502,114130,11.0
42,5503,114140,10.0
42,5504,114174,34.0
42,5505,114192,18.0
42,5506,114204,12.0
42,5507,114218,14.0
42,5508,114245,27.0
42,5509,114258,13.0
42,5510,114276,18.0
42,5511,114300,24.0
42,5512,114316,16.0
42,5513,114331,15.0
42,5514,114354,23.0
42,5515,114377,23.0
42,5516,114388,11.0
42,5517,114399,11.0
42,5518,114411,12.0
42,5519,114435,24.0
42,5520,114458,23.0
42,5521,114470,12.0
42,5522,114486,16.0
42,5523,114496,10.0
42,5524,114517,21.0
42,5525,114532,15.0
42,5526,114551,19.0
42,5527,114567,16.0
42,5528,114619,52.0
42,5529,114640,21.0
42,5530,114650,10.0
42,5531,114661,11.0
42,5532,114687,26.0
42,5533,114698,11.0
42,5534,114716,18.0
42,5535,114749,33.0
42,5536,114759,10.0
42,5537,114786,27.0
42,5538,114803,17.0
42,5539,114815,12.0
42,5540,114837,22.0
42,5541,114856,19.0
42,5542,114866,10.0
42,5543,114885,19.0
42,5544,114920,35.0
42,5545,114963,43.0
42,5546,114982,19.0
42,5547,115005,23.0
42,5548,115024,19.0
42,5549,115050,26.0
42,5550,115063,13.0
42,5551,115073,10.0
42,5552,115092,19.0
42,5553,115111,19.0
42,5554,115128,17.0
42,5555,115140,12.0
42,5556,115153,13.0
42,5557,115181,28.0
42,5558,115195,14.0
42,5559,115213,18.0
42,5560,115239,26.0
42,5561,115266,27.0
42,5562,115276,10.0
42,5563,115296,20.0
42,5564,115307,11.0
42,5565,115327,20.0
42,5566,115362,35.0
42,5567,115372,10.0
42,5568,115404,32.0
42,5569,115421,17.0
42,5570,115435,14.0
42,5571,115450,15.0
42,5572,115466,16.0
42,5573,115481,15.0
42,5574,115499,18.0
42,5575,115512,13.0
42,5576,115521,9.0
42,5577,115561,40.0
42,5578,115572,11.0
42,5579,115584,12.0
42,5580,115594,10.0
42,5581,115604,10.0
42,5582,115669,65.0
42,5583,115682,13.0
42,5584,115700,18.0
42,5585,115728,28.0
42,5586,115738,10.0
42,5587,115764,26.0
42,5588,115778,14.0
42,5589,115801,23.0
42,5590,115812,11.0
42,5591,115837,25.0
42,5592,115852,15.0
42,5593,115863,11.0
42,5594,115876,13.0
42,5595,115925,49.0
42,5596,115960,35.0
42,5597,115989,29.0
42,5598,116007,18.0
42,5599,116024,17.0
42,5600,116035,11.0
42,5601,116071,36.0
42,5602,116088,17.0
42,5603,116099,11.0
42,5604,116123,24.0
42,5605,116137,14.0
42,5606,116150,13.0
42,5607,116167,17.0
42,5608,116182,15.0
42,5609,116206,24.0
42,5610,116217,11.0
42,5611,116231,14.0
42,5612,116245,14.0
42,5613,116280,35.0
42,5614,116302,22.0
42,5615,116313,11.0
42,5616,116359,46.0
42,5617,116379,20.0
42,5618,116388,9.0
42,5619,116433,45.0
42,5620,116449,16.0
42,5621,116467,18.0
42,5622,116501,34.0
42,5623,116513,12.0
42,5624,116526,13.0
42,5625,116551,25.0
42,5626,116567,16.0
42,5627,116577,10.0
42,5628,116598,21.0
42,5629,116618,20.0
42,5630,116640,22.0
42,5631,116664,24.0
42,5632,116692,28.0
42,5633,116707,15.0
42,5634,116736,29.0
42,5635,116758,22.0
42,5636,116773,15.0
42,5637,116794,21.0
42,5638,116813,19.0
42,5639,116841,28.0
42,5640,116869,28.0
42,5641,116880,11.0
42,5642,116890,10.0
42,5643,116899,9.0
42,5644,116910,11.0
42,5645,116924,14.0
42,5646,116944,20.0
42,5647,116983,39.0
42,5648,116998,15.0
42,5649,117015,17.0
42,5650,117025,10.0
42,5651,117035,10.0
42,5652,117044,9.0
42,5653,117061,17.0
42,5654,117088,27.0
42,5655,117104,16.0
42,5656,117141,37.0
42,5657,117162,21.0
42,5658,117194,32.0
42,5659,117208,14.0
42,5660,117228,20.0
42,5661,117252,24.0
42,5662,117276,24.0
42,5663,117295,19.0
42,5664,117309,14.0
42,5665,117328,19.0
42,5666,117340,12.0
42,5667,117378,38.0
42,5668,117390,12.0
42,5669,117402,12.0
42,5670,117420,18.0
42,5671,117432,12.0
42,5672,117511,79.0
42,5673,117536,25.0
42,5674,117559,23.0
42,5675,117593,34.0
42,5676,117606,13.0
42,5677,117622,16.0
42,5678,117632,10.0
42,5679,117666,34.0
42,5680,117702,36.0
42,5681,117738,36.0
42,5682,117778,40.0
42,5683,117805,27.0
42,5684,117836,31.0
42,5685,117870,34.0
42,5686,117885,15.0
42,5687,117899,14.0
42,5688,117909,10.0
42,5689,117920,11.0
42,5690,117940,20.0
42,5691,117959,19.0
42,5692,117979,20.0
42,5693,117990,11.0
42,5694,118007,17.0
42,5695,118023,16.0
42,5696,118042,19.0
42,5697,118056,14.0
42,5698,118070,14.0
42,5699,118089,19.0
42,5700,118102,13.0
42,5701,118118,16.0
42,5702,118136,18.0
42,5703,118149,13.0
42,5704,118184,35.0
42,5705,118196,12.0
42,5706,118212,16.0
42,5707,118224,12.0
42,5708,118244,20.0
42,5709,118264,20.0
42,5710,118278,14.0
42,5711,118288,10.0
42,5712,118323,35.0
42,5713,118335,12.0
42,5714,118353,18.0
42,5715,118368,15.0
42,5716,118381,13.0
42,5717,118397,16.0
42,5718,118409,12.0
42,5719,118438,29.0
42,5720,118502,64.0
42,5721,118524,22.0
42,5722,118549,25.0
42,5723,118583,34.0
42,5724,118602,19.0
42,5725,118647,45.0
42,5726,118678,31.0
42,5727,118696,18.0
42,5728,118726,30.0
42,5729,118740,14.0
42,5730,118753,13.0
42,5731,118763,10.0
42,5732,118772,9.0
42,5733,118834,62.0
42,5734,118847,13.0
42,5735,118857,10.0
42,5736,118870,13.0
42,5737,118890,20.0
42,5738,118908,18.0
42,5739,118941,33.0
42,5740,118965,24.0
42,5741,118993,28.0
42,5742,119027,34.0
42,5743,119062,35.0
42,5744,119073,11.0
42,5745,119086,13.0
42,5746,119102,16.0
42,5747,119131,29.0
42,5748,119152,21.0
42,5749,119165,13.0
42,5750,119192,27.0
42,5751,119205,13.0
42,5752,119218,13.0
42,5753,119229,11.0
42,5754,119260,31.0
42,5755,119271,11.0
42,5756,119281,10.0
42,5757,119297,16.0
42,5758,119306,9.0
42,5759,119315,9.0
42,5760,119326,11.0
42,5761,119357,31.0
42,5762,119367,10.0
42,5763,119402,35.0
42,5764,119412,10.0
42,5765,119432,20.0
42,5766,119443,11.0
42,5767,119469,26.0
42,5768,119489,20.0
42,5769,119502,13.0
42,5770,119515,13.0
42,5771,119539,24.0
42,5772,119558,19.0
42,5773,119575,17.0
42,5774,119606,31.0
42,5775,119629,23.0
42,5776,119645,16.0
42,5777,119654,9.0
42,5778,119670,16.0
42,5779,119686,16.0
42,5780,119717,31.0
42,5781,119733,16.0
42,5782,119744,11.0
42,5783,119758,14.0
42,5784,119770,12.0
42,5785,119781,11.0
42,5786,119795,14.0
42,5787,119815,20.0
42,5788,119825,10.0
42,5789,119843,18.0
42,5790,119869,26.0
42,5791,119883,14.0
42,5792,119898,15.0
42,5793,119914,16.0
42,5794,119931,17.0
42,5795,119954,23.0
42,5796,119964,10.0
42,5797,119988,24.0
42,5798,120012,24.0
42,5799,120035,23.0
42,5800,120047,12.0
42,5801,120064,17.0
42,5802,120077,13.0
42,5803,120093,16.0
42,5804,120104,11.0
42,5805,120126,22.0
42,5806,120147,21.0
42,5807,120162,15.0
42,5808,120184,22.0
42,5809,120198,14.0
42,5810,120215,17.0
42,5811,120229,14.0
42,5812,120244,15.0
42,5813,120261,17.0
42,5814,120310,49.0
42,5815,120332,22.0
42,5816,120353,21.0
42,5817,120362,9.0
42,5818,120380,18.0
42,5819,120428,48.0
42,5820,120439,11.0
42,5821,120448,9.0
42,5822,120462,14.0
42,5823,120480,18.0
42,5824,120496,16.0
42,5825,120512,16.0
42,5826,120525,13.0
42,5827,120553,28.0
42,5828,120568,15.0
42,5829,120585,17.0
42,5830,120598,13.0
42,5831,120615,17.0
42,5832,120629,14.0
42,5833,120650,21.0
42,5834,120670,20.0
42,5835,120689,19.0
42,5836,120709,20.0
42,5837,120723,14.0
42,5838,120735,12.0
42,5839,120765,30.0
42,5840,120781,16.0
42,5841,120795,14.0
42,5842,120806,11.0
42,5843,120834,28.0
42,5844,120844,10.0
42,5845,120873,29.0
42,5846,120887,14.0
42,5847,120908,21.0
42,5848,120924,16.0
42,5849,120942,18.0
42,5850,120958,16.0
42,5851,120971,13.0
42,5852,120988,17.0
42,5853,120998,10.0
42,5854,121010,12.0
42,5855,121036,26.0
42,5856,121046,10.0
42,5857,121069,23.0
42,5858,121079,10.0
42,5859,121105,26.0
42,5860,121118,13.0
42,5861,121140,22.0
42,5862,121150,10.0
42,5863,121160,10.0
42,5864,121177,17.0
42,5865,121188,11.0
42,5866,121201,13.0
42,5867,121213,12.0
42,5868,121230,17.0
42,5869,121252,22.0
42,5870,121280,28.0
42,5871,121295,15.0
42,5872,121320,25.0
42,5873,121338,18.0
42,5874,121360,22.0
42,5875,121374,14.0
42,5876,121386,12.0
42,5877,121400,14.0
42,5878,121430,30.0
42,5879,121444,14.0
42,5880,121454,10.0
42,5881,121484,30.0
42,5882,121494,10.0
42,5883,121510,16.0
42,5884,121529,19.0
42,5885,121551,22.0
42,5886,121563,12.0
42,5887,121577,14.0
42,5888,121595,18.0
42,5889,121618,23.0
42,5890,121628,10.0
42,5891,121641,13.0
42,5892,121657,16.0
42,5893,121670,13.0
42,5894,121695,25.0
42,5895,121709,14.0
42,5896,121724,15.0
42,5897,121733,9.0
42,5898,121749,16.0
42,5899,121762,13.0
42,5900,121779,17.0
42,5901,121791,12.0
42,5902,121812,21.0
42,5903,121824,12.0
42,5904,121836,12.0
42,5905,121855,19.0
42,5906,121884,29.0
42,5907,121904,20.0
42,5908,121917,13.0
42,5909,121934,17.0
42,5910,121948,14.0
42,5911,121962,14.0
42,5912,121975,13.0
42,5913,121987,12.0
42,5914,122000,13.0
42,5915,122027,27.0
42,5916,122048,21.0
42,5917,122058,10.0
42,5918,122071,13.0
42,5919,122114,43.0
42,5920,122138,24.0
42,5921,122156,18.0
42,5922,122176,20.0
42,5923,122187,11.0
42,5924,122224,37.0
42,5925,122243,19.0
42,5926,122265,22.0
42,5927,122304,39.0
42,5928,122329,25.0
42,5929,122339,10.0
42,5930,122356,17.0
42,5931,122369,13.0
42,5932,122379,10.0
42,5933,122417,38.0
42,5934,122436,19.0
42,5935,122454,18.0
42,5936,122473,19.0
42,5937,122488,15.0
42,5938,122499,11.0
42,5939,122512,13.0
42,5940,122525,13.0
42,5941,122542,17.0
42,5942,122552,10.0
42,5943,122576,24.0
42,5944,122605,29.0
42,5945,122616,11.0
42,5946,122629,13.0
42,5947,122644,15.0
42,5948,122663,19.0
42,5949,122675,12.0
42,5950,122701,26.0
42,5951,122733,32.0
42,5952,122759,26.0
42,5953,122785,26.0
42,5954,122806,21.0
42,5955,122817,11.0
42,5956,122832,15.0
42,5957,122842,10.0
42,5958,122851,9.0
42,5959,122861,10.0
42,5960,122872,11.0
42,5961,122896,24.0
42,5962,122911,15.0
42,5963,122941,30.0
42,5964,122964,23.0
42,5965,122980,16.0
42,5966,122993,13.0
42,5967,123033,40.0
42,5968,123052,19.0
42,5969,123078,26.0
42,5970,123090,12.0
42,5971,123101,11.0
42,5972,123112,11.0
42,5973,123144,32.0
42,5974,123165,21.0
42,5975,123177,12.0
42,5976,123189,12.0
42,5977,123201,12.0
42,5978,123223,22.0
42,5979,123235,12.0
42,5980,123245,10.0
42,5981,123270,25.0
42,5982,123288,18.0
42,5983,123319,31.0
42,5984,123329,10.0
42,5985,123342,13.0
42,5986,123370,28.0
42,5987,123396,26.0
42,5988,123423,27.0
42,5989,123449,26.0
42,5990,123459,10.0
42,5991,123469,10.0
42,5992,123483,14.0
42,5993,123497,14.0
42,5994,123539,42.0
42,5995,123549,10.0
42,5996,123558,9.0
42,5997,123574,16.0
42,5998,123600,26.0
42,5999,123619,19.0
42,6000,123629,10.0
42,6001,123655,26.0
42,6002,123664,9.0
42,6003,123678,14.0
42,6004,123689,11.0
42,6005,123720,31.0
42,6006,123737,17.0
42,6007,123758,21.0
42,6008,123790,32.0
42,6009,123806,16.0
42,6010,123835,29.0
42,6011,123858,23.0
42,6012,123883,25.0
42,6013,123901,18.0
42,6014,123919,18.0
42,6015,123929,10.0
42,6016,123942,13.0
42,6017,123968,26.0
42,6018,123984,16.0
42,6019,123997,13.0
42,6020,124019,22.0
42,6021,124040,21.0
42,6022,124084,44.0
42,6023,124098,14.0
42,6024,124121,23.0
42,6025,124130,9.0
42,6026,124146,16.0
42,6027,124163,17.0
42,6028,124175,12.0
42,6029,124187,12.0
42,6030,124215,28.0
42,6031,124227,12.0
42,6032,124253,26.0
42,6033,124272,19.0
42,6034,124291,19.0
42,6035,124318,27.0
42,6036,124334,16.0
42,6037,124361,27.0
42,6038,124377,16.0
42,6039,124387,10.0
42,6040,124404,17.0
42,6041,124423,19.0
42,6042,124431,8.0
42,6043,124451,20.0
42,6044,124461,10.0
42,6045,124472,11.0
42,6046,124490,18.0
42,6047,124502,12.0
42,6048,124512,10.0
42,6049,124522,10.0
42,6050,124531,9.0
42,6051,124549,18.0
42,6052,124564,15.0
42,6053,124577,13.0
42,6054,124589,12.0
42,6055,124601,12.0
42,6056,124634,33.0
42,6057,124646,12.0
42,6058,124662,16.0
42,6059,124675,13.0
42,6060,124686,11.0
42,6061,124707,21.0
42,6062,124718,11.0
42,6063,124728,10.0
42,6064,124774,46.0
42,6065,124817,43.0
42,6066,124829,12.0
42,6067,124849,20.0
42,6068,124863,14.0
42,6069,124889,26.0
42,6070,124900,11.0
42,6071,124915,15.0
42,6072,124926,11.0
42,6073,124940,14.0
42,6074,124958,18.0
42,6075,124983,25.0
42,6076,124995,12.0
42,6077,125008,13.0
42,6078,125035,27.0
42,6079,125050,15.0
42,6080,125089,39.0
42,6081,125106,17.0
42,6082,125121,15.0
42,6083,125141,20.0
42,6084,125175,34.0
42,6085,125192,17.0
42,6086,125211,19.0
42,6087,125224,13.0
42,6088,125234,10.0
42,6089,125246,12.0
42,6090,125265,19.0
42,6091,125275,10.0
42,6092,125295,20.0
42,6093,125318,23.0
42,6094,125335,17.0
42,6095,125347,12.0
42,6096,125358,11.0
42,6097,125404,46.0
42,6098,125418,14.0
42,6099,125453,35.0
42,6100,125464,11.0
42,6101,125479,15.0
42,6102,125492,13.0
42,6103,125535,43.0
42,6104,125550,15.0
42,6105,125564,14.0
42,6106,125589,25.0
42,6107,125607,18.0
42,6108,125629,22.0
42,6109,125661,32.0
42,6110,125671,10.0
42,6111,125687,16.0
42,6112,125706,19.0
42,6113,125727,21.0
42,6114,125747,20.0
42,6115,125758,11.0
42,6116,125769,11.0
42,6117,125782,13.0
42,6118,125804,22.0
42,6119,125813,9.0
42,6120,125834,21.0
42,6121,125852,18.0
42,6122,125863,11.0
42,6123,125879,16.0
42,6124,125894,15.0
42,6125,125914,20.0
42,6126,125934,20.0
42,6127,125946,12.0
42,6128,125959,13.0
42,6129,125977,18.0
42,6130,125987,10.0
42,6131,126022,35.0
42,6132,126034,12.0
42,6133,126054,20.0
42,6134,126081,27.0
42,6135,126108,27.0
42,6136,126122,14.0
42,6137,126133,11.0
42,6138,126145,12.0
42,6139,126160,15.0
42,6140,126172,12.0
42,6141,126182,10.0
42,6142,126198,16.0
42,6143,126229,31.0
42,6144,126239,10.0
42,6145,126277,38.0
42,6146,126293,16.0
42,6147,126305,12.0
42,6148,126319,14.0
42,6149,126337,18.0
42,6150,126353,16.0
42,6151,126364,11.0
42,6152,126389,25.0
42,6153,126401,12.0
42,6154,126412,11.0
42,6155,126433,21.0
42,6156,126480,47.0
42,6157,126517,37.0
42,6158,126525,8.0
42,6159,126543,18.0
42,6160,126558,15.0
42,6161,126569,11.0
42,6162,126607,38.0
42,6163,126642,35.0
42,6164,126657,15.0
42,6165,126685,28.0
42,6166,126698,13.0
42,6167,126708,10.0
42,6168,126718,10.0
42,6169,126738,20.0
42,6170,126749,11.0
42,6171,126758,9.0
42,6172,126771,13.0
42,6173,126782,11.0
42,6174,126793,11.0
42,6175,126808,15.0
42,6176,126823,15.0
42,6177,126839,16.0
42,6178,126860,21.0
42,6179,126870,10.0
42,6180,126896,26.0
42,6181,126908,12.0
42,6182,126940,32.0
42,6183,126985,45.0
42,6184,127020,35.0
42,6185,127051,31.0
42,6186,127063,12.0
42,6187,127104,41.0
42,6188,127112,8.0
42,6189,127127,15.0
42,6190,127165,38.0
42,6191,127190,25.0
42,6192,127208,18.0
42,6193,127224,16.0
42,6194,127236,12.0
42,6195,127246,10.0
42,6196,127289,43.0
42,6197,127308,19.0
42,6198,127340,32.0
42,6199,127357,17.0
42,6200,127371,14.0
42,6201,127386,15.0
42,6202,127409,23.0
42,6203,127420,11.0
42,6204,127450,30.0
42,6205,127470,20.0
42,6206,127485,15.0
42,6207,127539,54.0
42,6208,127548,9.0
42,6209,127557,9.0
42,6210,127572,15.0
42,6211,127608,36.0
42,6212,127635,27.0
42,6213,127651,16.0
42,6214,127668,17.0
42,6215,127682,14.0
42,6216,127693,11.0
42,6217,127711,18.0
42,6218,127725,14.0
42,6219,127739,14.0
42,6220,127755,16.0
42,6221,127773,18.0
42,6222,127787,14.0
42,6223,127795,8.0
42,6224,127806,11.0
42,6225,127831,25.0
42,6226,127865,34.0
42,6227,127877,12.0
42,6228,127899,22.0
42,6229,127938,39.0
42,6230,127969,31.0
42,6231,127994,25.0
42,6232,128014,20.0
42,6233,128024,10.0
42,6234,128034,10.0
42,6235,128043,9.0
42,6236,128067,24.0
42,6237,128085,18.0
42,6238,128099,14.0
42,6239,128110,11.0
42,6240,128124,14.0
42,6241,128140,16.0
42,6242,128155,15.0
42,6243,128165,10.0
42,6244,128182,17.0
42,6245,128250,68.0
42,6246,128266,16.0
42,6247,128289,23.0
42,6248,128306,17.0
42,6249,128320,14.0
42,6250,128349,29.0
42,6251,128376,27.0
42,6252,128386,10.0
42,6253,128401,15.0
42,6254,128421,20.0
42,6255,128445,24.0
42,6256,128459,14.0
42,6257,128488,29.0
42,6258,128521,33.0
42,6259,128538,17.0
42,6260,128547,9.0
42,6261,128559,12.0
42,6262,128586,27.0
42,6263,128609,23.0
42,6264,128618,9.0
42,6265,128628,10.0
42,6266,128651,23.0
42,6267,128682,31.0
42,6268,128693,11.0
42,6269,128720,27.0
42,6270,128746,26.0
42,6271,128766,20.0
42,6272,128775,9.0
42,6273,128790,15.0
42,6274,128803,13.0
42,6275,128817,14.0
42,6276,128849,32.0
42,6277,128861,12.0
42,6278,128873,12.0
42,6279,128887,14.0
42,6280,128901,14.0
42,6281,128912,11.0
42,6282,128925,13.0
42,6283,128946,21.0
42,6284,128957,11.0
42,6285,128996,39.0
42,6286,129008,12.0
42,6287,129027,19.0
42,6288,129042,15.0
42,6289,129057,15.0
42,6290,129070,13.0
42,6291,129091,21.0
42,6292,129101,10.0
42,6293,129115,14.0
42,6294,129130,15.0
42,6295,129153,23.0
42,6296,129174,21.0
42,6297,129200,26.0
42,6298,129211,11.0
42,6299,129268,57.0
42,6300,129284,16.0
42,6301,129311,27.0
42,6302,129334,23.0
42,6303,129344,10.0
42,6304,129354,10.0
42,6305,129369,15.0
42,6306,129401,32.0
42,6307,129413,12.0
42,6308,129423,10.0
42,6309,129454,31.0
42,6310,129478,24.0
42,6311,129488,10.0
42,6312,129505,17.0
42,6313,129529,24.0
42,6314,129549,20.0
42,6315,129559,10.0
42,6316,129582,23.0
42,6317,129598,16.0
42,6318,129609,11.0
42,6319,129622,13.0
42,6320,129635,13.0
42,6321,129671,36.0
42,6322,129684,13.0
42,6323,129700,16.0
42,6324,129712,12.0
42,6325,129758,46.0
42,6326,129768,10.0
42,6327,129785,17.0
42,6328,129819,34.0
42,6329,129842,23.0
42,6330,129860,18.0
42,6331,129879,19.0
42,6332,129896,17.0
42,6333,129912,16.0
42,6334,129987,75.0
42,6335,130011,24.0
42,6336,130030,19.0
42,6337,130054,24.0
42,6338,130073,19.0
42,6339,130087,14.0
42,6340,130096,9.0
42,6341,130116,20.0
42,6342,130135,19.0
42,6343,130145,10.0
42,6344,130163,18.0
42,6345,130194,31.0
42,6346,130208,14.0
42,6347,130229,21.0
42,6348,130250,21.0
42,6349,130281,31.0
42,6350,130294,13.0
42,6351,130309,15.0
42,6352,130319,10.0
42,6353,130336,17.0
42,6354,130346,10.0
42,6355,130360,14.0
42,6356,130368,8.0
42,6357,130384,16.0
42,6358,130395,11.0
42,6359,130416,21.0
42,6360,130429,13.0
42,6361,130450,21.0
42,6362,130464,14.0
42,6363,130473,9.0
42,6364,130485,12.0
42,6365,130496,11.0
42,6366,130516,20.0
42,6367,130530,14.0
42,6368,130549,19.0
42,6369,130563,14.0
42,6370,130575,12.0
42,6371,130590,15.0
42,6372,130605,15.0
42,6373,130630,25.0
42,6374,130646,16.0
42,6375,130660,14.0
42,6376,130670,10.0
42,6377,130682,12.0
42,6378,130700,18.0
42,6379,130709,9.0
42,6380,130723,14.0
42,6381,130735,12.0
42,6382,130746,11.0
42,6383,130767,21.0
42,6384,130795,28.0
42,6385,130816,21.0
42,6386,130833,17.0
42,6387,130872,39.0
42,6388,130882,10.0
42,6389,130900,18.0
42,6390,130913,13.0
42,6391,130957,44.0
42,6392,130977,20.0
42,6393,130994,17.0
42,6394,131010,16.0
42,6395,131026,16.0
42,6396,131038,12.0
42,6397,131051,13.0
42,6398,131090,39.0
42,6399,131107,17.0
42,6400,131125,18.0
42,6401,131144,19.0
42,6402,131156,12.0
42,6403,131185,29.0
42,6404,131199,14.0
42,6405,131210,11.0
42,6406,131220,10.0
42,6407,131243,23.0
42,6408,131255,12.0
42,6409,131290,35.0
42,6410,131313,23.0
42,6411,131325,12.0
42,6412,131347,22.0
42,6413,131386,39.0
42,6414,131395,9.0
42,6415,131406,11.0
42,6416,131417,11.0
42,6417,131430,13.0
42,6418,131486,56.0
42,6419,131506,20.0
42,6420,131531,25.0
42,6421,131551,20.0
42,6422,131590,39.0
42,6423,131606,16.0
42,6424,131618,12.0
42,6425,131629,11.0
42,6426,131639,10.0
42,6427,131652,13.0
42,6428,131663,11.0
42,6429,131680,17.0
42,6430,131699,19.0
42,6431,131716,17.0
42,6432,131730,14.0
42,6433,131754,24.0
42,6434,131768,14.0
42,6435,131782,14.0
42,6436,131806,24.0
42,6437,131819,13.0
42,6438,131836,17.0
42,6439,131846,10.0
42,6440,131865,19.0
42,6441,131881,16.0
42,6442,131893,12.0
42,6443,131904,11.0
42,6444,131939,35.0
42,6445,131956,17.0
42,6446,131984,28.0
42,6447,131996,12.0
42,6448,132009,13.0
42,6449,132023,14.0
42,6450,132053,30.0
42,6451,132082,29.0
42,6452,132114,32.0
42,6453,132127,13.0
42,6454,132141,14.0
42,6455,132154,13.0
42,6456,132165,11.0
42,6457,132177,12.0
42,6458,132192,15.0
42,6459,132211,19.0
42,6460,132223,12.0
42,6461,132234,11.0
42,6462,132256,22.0
42,6463,132270,14.0
42,6464,132304,34.0
42,6465,132315,11.0
42,6466,132326,11.0
42,6467,132337,11.0
42,6468,132390,53.0
42,6469,132401,11.0
42,6470,132414,13.0
42,6471,132452,38.0
42,6472,132471,19.0
42,6473,132501,30.0
42,6474,132524,23.0
42,6475,132538,14.0
42,6476,132548,10.0
42,6477,132565,17.0
42,6478,132580,15.0
42,6479,132591,11.0
42,6480,132640,49.0
42,6481,132671,31.0
42,6482,132721,50.0
42,6483,132742,21.0
42,6484,132752,10.0
42,6485,132767,15.0
42,6486,132782,15.0
42,6487,132793,11.0
42,6488,132818,25.0
42,6489,132837,19.0
42,6490,132850,13.0
42,6491,132873,23.0
42,6492,132891,18.0
42,6493,132916,25.0
42,6494,132928,12.0
42,6495,132941,13.0
42,6496,132953,12.0
42,6497,132973,20.0
42,6498,132986,13.0
42,6499,133012,26.0
42,6500,133025,13.0
42,6501,133041,16.0
42,6502,133054,13.0
42,6503,133068,14.0
42,6504,133083,15.0
42,6505,133096,13.0
42,6506,133132,36.0
42,6507,133147,15.0
42,6508,133164,17.0
42,6509,133177,13.0
42,6510,133202,25.0
42,6511,133225,23.0
42,6512,133238,13.0
42,6513,133250,12.0
42,6514,133263,13.0
42,6515,133273,10.0
42,6516,133290,17.0
42,6517,133304,14.0
42,6518,133314,10.0
42,6519,133324,10.0
42,6520,133343,19.0
42,6521,133355,12.0
42,6522,133368,13.0
42,6523,133387,19.0
42,6524,133418,31.0
42,6525,133429,11.0
42,6526,133441,12.0
42,6527,133475,34.0
42,6528,133488,13.0
42,6529,133508,20.0
42,6530,133529,21.0
42,6531,133541,12.0
42,6532,133552,11.0
42,6533,133570,18.0
42,6534,133586,16.0
42,6535,133613,27.0
42,6536,133632,19.0
42,6537,133654,22.0
42,6538,133669,15.0
42,6539,133697,28.0
42,6540,133711,14.0
42,6541,133725,14.0
42,6542,133742,17.0
42,6543,133782,40.0
42,6544,133816,34.0
42,6545,133836,20.0
42,6546,133853,17.0
42,6547,133863,10.0
42,6548,133890,27.0
42,6549,133905,15.0
42,6550,133942,37.0
42,6551,133957,15.0
42,6552,133980,23.0
42,6553,134005,25.0
42,6554,134029,24.0
42,6555,134042,13.0
42,6556,134075,33.0
42,6557,134089,14.0
42,6558,134100,11.0
42,6559,134109,9.0
42,6560,134121,12.0
42,6561,134143,22.0
42,6562,134155,12.0
42,6563,134165,10.0
42,6564,134178,13.0
42,6565,134206,28.0
42,6566,134224,18.0
42,6567,134238,14.0
42,6568,134252,14.0
42,6569,134271,19.0
42,6570,134292,21.0
42,6571,134300,8.0
42,6572,134313,13.0
42,6573,134324,11.0
42,6574,134345,21.0
42,6575,134364,19.0
42,6576,134380,16.0
42,6577,134401,21.0
42,6578,134410,9.0
42,6579,134422,12.0
42,6580,134436,14.0
42,6581,134462,26.0
42,6582,134475,13.0
42,6583,134498,23.0
42,6584,134519,21.0
42,6585,134533,14.0
42,6586,134549,16.0
42,6587,134559,10.0
42,6588,134577,18.0
42,6589,134595,18.0
42,6590,134604,9.0
42,6591,134633,29.0
42,6592,134653,20.0
42,6593,134712,59.0
42,6594,134721,9.0
42,6595,134742,21.0
42,6596,134755,13.0
42,6597,134775,20.0
42,6598,134785,10.0
42,6599,134797,12.0
42,6600,134812,15.0
42,6601,134828,16.0
42,6602,134855,27.0
42,6603,134869,14.0
42,6604,134884,15.0
42,6605,134896,12.0
42,6606,134904,8.0
42,6607,134926,22.0
42,6608,134940,14.0
42,6609,134962,22.0
42,6610,134983,21.0
42,6611,135013,30.0
42,6612,135030,17.0
42,6613,135055,25.0
42,6614,135072,17.0
42,6615,135090,18.0
42,6616,135109,19.0
42,6617,135128,19.0
42,6618,135142,14.0
42,6619,135166,24.0
42,6620,135177,11.0
42,6621,135198,21.0
42,6622,135215,17.0
42,6623,135231,16.0
42,6624,135241,10.0
42,6625,135251,10.0
42,6626,135261,10.0
42,6627,135304,43.0
42,6628,135320,16.0
42,6629,135330,10.0
42,6630,135345,15.0
42,6631,135358,13.0
42,6632,135372,14.0
42,6633,135386,14.0
42,6634,135400,14.0
42,6635,135417,17.0
42,6636,135443,26.0
42,6637,135455,12.0
42,6638,135470,15.0
42,6639,135481,11.0
42,6640,135495,14.0
42,6641,135526,31.0
42,6642,135542,16.0
42,6643,135557,15.0
42,6644,135580,23.0
42,6645,135605,25.0
42,6646,135627,22.0
42,6647,135644,17.0
42,6648,135654,10.0
42,6649,135664,10.0
42,6650,135681,17.0
42,6651,135716,35.0
42,6652,135736,20.0
42,6653,135754,18.0
42,6654,135770,16.0
42,6655,135783,13.0
42,6656,135795,12.0
42,6657,135809,14.0
42,6658,135831,22.0
42,6659,135846,15.0
42,6660,135867,21.0
42,6661,135885,18.0
42,6662,135900,15.0
42,6663,135916,16.0
42,6664,135925,9.0
42,6665,135938,13.0
42,6666,135950,12.0
42,6667,135962,12.0
42,6668,135984,22.0
42,6669,135998,14.0
42,6670,136021,23.0
42,6671,136030,9.0
42,6672,136044,14.0
42,6673,136061,17.0
42,6674,136096,35.0
42,6675,136106,10.0
42,6676,136116,10.0
42,6677,136131,15.0
42,6678,136149,18.0
42,6679,136189,40.0
42,6680,136204,15.0
42,6681,136216,12.0
42,6682,136228,12.0
42,6683,136239,11.0
42,6684,136256,17.0
42,6685,136274,18.0
42,6686,136290,16.0
42,6687,136303,13.0
42,6688,136321,18.0
42,6689,136332,11.0
42,6690,136349,17.0
42,6691,136363,14.0
42,6692,136382,19.0
42,6693,136402,20.0
42,6694,136419,17.0
42,6695,136446,27.0
42,6696,136464,18.0
42,6697,136501,37.0
42,6698,136525,24.0
42,6699,136555,30.0
42,6700,136565,10.0
42,6701,136575,10.0
42,6702,136600,25.0
42,6703,136612,12.0
42,6704,136625,13.0
42,6705,136635,10.0
42,6706,136645,10.0
42,6707,136663,18.0
42,6708,136673,10.0
42,6709,136707,34.0
42,6710,136721,14.0
42,6711,136734,13.0
42,6712,136746,12.0
42,6713,136757,11.0
42,6714,136777,20.0
42,6715,136790,13.0
42,6716,136807,17.0
42,6717,136816,9.0
42,6718,136829,13.0
42,6719,136841,12.0
42,6720,136855,14.0
42,6721,136868,13.0
42,6722,136885,17.0
42,6723,136896,11.0
42,6724,136917,21.0
42,6725,136931,14.0
42,6726,136949,18.0
42,6727,136960,11.0
42,6728,136976,16.0
42,6729,136988,12.0
42,6730,136999,11.0
42,6731,137008,9.0
42,6732,137019,11.0
42,6733,137030,11.0
42,6734,137044,14.0
42,6735,137064,20.0
42,6736,137079,15.0
42,6737,137093,14.0
42,6738,137103,10.0
42,6739,137113,10.0
42,6740,137149,36.0
42,6741,137162,13.0
42,6742,137175,13.0
42,6743,137193,18.0
42,6744,137203,10.0
42,6745,137214,11.0
42,6746,137225,11.0
42,6747,137238,13.0
42,6748,137252,14.0
42,6749,137268,16.0
42,6750,137277,9.0
42,6751,137286,9.0
42,6752,137296,10.0
42,6753,137323,27.0
42,6754,137331,8.0
42,6755,137356,25.0
42,6756,137368,12.0
42,6757,137403,35.0
42,6758,137425,22.0
42,6759,137478,53.0
42,6760,137489,11.0
42,6761,137512,23.0
42,6762,137520,8.0
42,6763,137531,11.0
42,6764,137558,27.0
42,6765,137570,12.0
42,6766,137588,18.0
42,6767,137603,15.0
42,6768,137622,19.0
42,6769,137633,11.0
42,6770,137650,17.0
42,6771,137666,16.0
42,6772,137680,14.0
42,6773,137697,17.0
42,6774,137711,14.0
42,6775,137736,25.0
42,6776,137749,13.0
42,6777,137765,16.0
42,6778,137779,14.0
42,6779,137793,14.0
42,6780,137806,13.0
42,6781,137814,8.0
42,6782,137828,14.0
42,6783,137846,18.0
42,6784,137858,12.0
42,6785,137869,11.0
42,6786,137879,10.0
42,6787,137905,26.0
42,6788,137916,11.0
42,6789,137925,9.0
42,6790,137952,27.0
42,6791,137980,28.0
42,6792,137989,9.0
42,6793,138005,16.0
42,6794,138020,15.0
42,6795,138032,12.0
42,6796,138041,9.0
42,6797,138055,14.0
42,6798,138077,22.0
42,6799,138093,16.0
42,6800,138120,27.0
42,6801,138131,11.0
42,6802,138143,12.0
42,6803,138166,23.0
42,6804,138186,20.0
42,6805,138203,17.0
42,6806,138220,17.0
42,6807,138233,13.0
42,6808,138246,13.0
42,6809,138258,12.0
42,6810,138270,12.0
42,6811,138279,9.0
42,6812,138292,13.0
42,6813,138319,27.0
42,6814,138335,16.0
42,6815,138345,10.0
42,6816,138356,11.0
42,6817,138367,11.0
42,6818,138377,10.0
42,6819,138389,12.0
42,6820,138400,11.0
42,6821,138416,16.0
42,6822,138433,17.0
42,6823,138443,10.0
42,6824,138459,16.0
42,6825,138469,10.0
42,6826,138481,12.0
42,6827,138492,11.0
42,6828,138510,18.0
42,6829,138523,13.0
42,6830,138532,9.0
42,6831,138544,12.0
42,6832,138591,47.0
42,6833,138606,15.0
42,6834,138621,15.0
42,6835,138638,17.0
42,6836,138652,14.0
42,6837,138666,14.0
42,6838,138678,12.0
42,6839,138690,12.0
42,6840,138727,37.0
42,6841,138747,20.0
42,6842,138763,16.0
42,6843,138787,24.0
42,6844,138797,10.0
42,6845,138815,18.0
42,6846,138833,18.0
42,6847,138844,11.0
42,6848,138861,17.0
42,6849,138875,14.0
42,6850,138884,9.0
42,6851,138899,15.0
42,6852,138913,14.0
42,6853,138923,10.0
42,6854,138950,27.0
42,6855,138962,12.0
42,6856,138979,17.0
42,6857,139008,29.0
42,6858,139028,20.0
42,6859,139042,14.0
42,6860,139059,17.0
42,6861,139077,18.0
42,6862,139089,12.0
42,6863,139111,22.0
42,6864,139122,11.0
42,6865,139138,16.0
42,6866,139150,12.0
42,6867,139159,9.0
42,6868,139177,18.0
42,6869,139198,21.0
42,6870,139209,11.0
42,6871,139244,35.0
42,6872,139253,9.0
42,6873,139266,13.0
42,6874,139296,30.0
42,6875,139308,12.0
42,6876,139325,17.0
42,6877,139336,11.0
42,6878,139354,18.0
42,6879,139367,13.0
42,6880,139382,15.0
42,6881,139394,12.0
42,6882,139408,14.0
42,6883,139418,10.0
42,6884,139443,25.0
42,6885,139471,28.0
42,6886,139482,11.0
42,6887,139500,18.0
42,6888,139511,11.0
42,6889,139521,10.0
42,6890,139535,14.0
42,6891,139545,10.0
42,6892,139555,10.0
42,6893,139570,15.0
42,6894,139586,16.0
42,6895,139599,13.0
42,6896,139614,15.0
42,6897,139634,20.0
42,6898,139655,21.0
42,6899,139671,16.0
42,6900,139688,17.0
42,6901,139715,27.0
42,6902,139729,14.0
42,6903,139745,16.0
42,6904,139754,9.0
42,6905,139776,22.0
42,6906,139796,20.0
42,6907,139808,12.0
42,6908,139829,21.0
42,6909,139839,10.0
42,6910,139852,13.0
42,6911,139864,12.0
42,6912,139875,11.0
42,6913,139890,15.0
42,6914,139926,36.0
42,6915,139946,20.0
42,6916,139955,9.0
42,6917,139966,11.0
42,6918,139976,10.0
42,6919,139986,10.0
42,6920,140004,18.0
42,6921,140012,8.0
42,6922,140025,13.0
42,6923,140036,11.0
42,6924,140047,11.0
42,6925,140057,10.0
42,6926,140068,11.0
42,6927,140087,19.0
42,6928,140101,14.0
42,6929,140118,17.0
42,6930,140138,20.0
42,6931,140149,11.0
42,6932,140166,17.0
42,6933,140181,15.0
42,6934,140192,11.0
42,6935,140209,17.0
42,6936,140223,14.0
42,6937,140235,12.0
42,6938,140246,11.0
42,6939,140263,17.0
42,6940,140277,14.0
42,6941,140296,19.0
42,6942,140309,13.0
42,6943,140321,12.0
42,6944,140354,33.0
42,6945,140368,14.0
42,6946,140392,24.0
42,6947,140415,23.0
42,6948,140424,9.0
42,6949,140433,9.0
42,6950,140441,8.0
42,6951,140451,10.0
42,6952,140476,25.0
42,6953,140493,17.0
42,6954,140530,37.0
42,6955,140545,15.0
42,6956,140556,11.0
42,6957,140570,14.0
42,6958,140592,22.0
42,6959,140602,10.0
42,6960,140619,17.0
42,6961,140631,12.0
42,6962,140645,14.0
42,6963,140653,8.0
42,6964,140662,9.0
42,6965,140676,14.0
42,6966,140696,20.0
42,6967,140705,9.0
42,6968,140724,19.0
42,6969,140741,17.0
42,6970,140756,15.0
42,6971,140776,20.0
42,6972,140791,15.0
42,6973,140803,12.0
42,6974,140816,13.0
42,6975,140838,22.0
42,6976,140852,14.0
42,6977,140862,10.0
42,6978,140871,9.0
42,6979,140885,14.0
42,6980,140908,23.0
42,6981,140934,26.0
42,6982,140954,20.0
42,6983,140982,28.0
42,6984,140993,11.0
42,6985,141013,20.0
42,6986,141029,16.0
42,6987,141042,13.0
42,6988,141054,12.0
42,6989,141064,10.0
42,6990,141073,9.0
42,6991,141087,14.0
42,6992,141098,11.0
42,6993,141122,24.0
42,6994,141143,21.0
42,6995,141164,21.0
42,6996,141197,33.0
42,6997,141209,12.0
42,6998,141245,36.0
42,6999,141257,12.0
42,7000,141266,9.0
42,7001,141281,15.0
42,7002,141295,14.0
42,7003,141315,20.0
42,7004,141328,13.0
42,7005,141338,10.0
42,7006,141348,10.0
42,7007,141364,16.0
42,7008,141375,11.0
42,7009,141386,11.0
42,7010,141397,11.0
42,7011,141409,12.0
42,7012,141422,13.0
42,7013,141442,20.0
42,7014,141454,12.0
42,7015,141463,9.0
42,7016,141484,21.0
42,7017,141494,10.0
42,7018,141503,9.0
42,7019,141519,16.0
42,7020,141530,11.0
42,7021,141550,20.0
42,7022,141565,15.0
42,7023,141579,14.0
42,7024,141601,22.0
42,7025,141615,14.0
42,7026,141637,22.0
42,7027,141649,12.0
42,7028,141659,10.0
42,7029,141675,16.0
42,7030,141683,8.0
42,7031,141696,13.0
42,7032,141717,21.0
42,7033,141727,10.0
42,7034,141737,10.0
42,7035,141761,24.0
42,7036,141772,11.0
42,7037,141783,11.0
42,7038,141796,13.0
42,7039,141813,17.0
42,7040,141826,13.0
42,7041,141843,17.0
42,7042,141855,12.0
42,7043,141868,13.0
42,7044,141879,11.0
42,7045,141895,16.0
42,7046,141904,9.0
42,7047,141913,9.0
42,7048,141922,9.0
42,7049,141934,12.0
42,7050,141945,11.0
42,7051,141961,16.0
42,7052,141973,12.0
42,7053,141986,13.0
42,7054,141999,13.0
42,7055,142008,9.0
42,7056,142018,10.0
42,7057,142029,11.0
42,7058,142039,10.0
42,7059,142049,10.0
42,7060,142060,11.0
42,7061,142070,10.0
42,7062,142111,41.0
42,7063,142126,15.0
42,7064,142136,10.0
42,7065,142144,8.0
42,7066,142157,13.0
42,7067,142166,9.0
42,7068,142178,12.0
42,7069,142194,16.0
42,7070,142207,13.0
42,7071,142217,10.0
42,7072,142237,20.0
42,7073,142247,10.0
42,7074,142263,16.0
42,7075,142272,9.0
42,7076,142291,19.0
42,7077,142306,15.0
42,7078,142317,11.0
42,7079,142335,18.0
42,7080,142364,29.0
42,7081,142378,14.0
42,7082,142387,9.0
42,7083,142406,19.0
42,7084,142421,15.0
42,7085,142435,14.0
42,7086,142449,14.0
42,7087,142461,12.0
42,7088,142478,17.0
42,7089,142486,8.0
42,7090,142498,12.0
42,7091,142508,10.0
42,7092,142517,9.0
42,7093,142531,14.0
42,7094,142557,26.0
42,7095,142576,19.0
42,7096,142587,11.0
42,7097,142604,17.0
42,7098,142617,13.0
42,7099,142630,13.0
42,7100,142639,9.0
42,7101,142661,22.0
42,7102,142687,26.0
42,7103,142697,10.0
42,7104,142711,14.0
42,7105,142727,16.0
42,7106,142736,9.0
42,7107,142746,10.0
42,7108,142757,11.0
42,7109,142766,9.0
42,7110,142778,12.0
42,7111,142788,10.0
42,7112,142796,8.0
42,7113,142808,12.0
42,7114,142821,13.0
42,7115,142849,28.0
42,7116,142862,13.0
42,7117,142871,9.0
42,7118,142885,14.0
42,7119,142916,31.0
42,7120,142928,12.0
42,7121,142938,10.0
42,7122,142955,17.0
42,7123,142993,38.0
42,7124,143003,10.0
42,7125,143017,14.0
42,7126,143026,9.0
42,7127,143036,10.0
42,7128,143053,17.0
42,7129,143064,11.0
42,7130,143078,14.0
42,7131,143089,11.0
42,7132,143104,15.0
42,7133,143128,24.0
42,7134,143144,16.0
42,7135,143155,11.0
42,7136,143169,14.0
42,7137,143180,11.0
42,7138,143198,18.0
42,7139,143226,28.0
42,7140,143243,17.0
42,7141,143258,15.0
42,7142,143275,17.0
42,7143,143308,33.0
42,7144,143321,13.0
42,7145,143356,35.0
42,7146,143375,19.0
42,7147,143388,13.0
42,7148,143406,18.0
42,7149,143419,13.0
42,7150,143432,13.0
42,7151,143450,18.0
42,7152,143463,13.0
42,7153,143484,21.0
42,7154,143511,27.0
42,7155,143520,9.0
42,7156,143537,17.0
42,7157,143551,14.0
42,7158,143560,9.0
42,7159,143590,30.0
42,7160,143609,19.0
42,7161,143618,9.0
42,7162,143635,17.0
42,7163,143645,10.0
42,7164,143657,12.0
42,7165,143672,15.0
42,7166,143681,9.0
42,7167,143690,9.0
42,7168,143698,8.0
42,7169,143708,10.0
42,7170,143718,10.0
42,7171,143730,12.0
42,7172,143769,39.0
42,7173,143779,10.0
42,7174,143790,11.0
42,7175,143811,21.0
42,7176,143836,25.0
42,7177,143862,26.0
42,7178,143880,18.0
42,7179,143897,17.0
42,7180,143929,32.0
42,7181,143944,15.0
42,7182,143995,51.0
42,7183,144008,13.0
42,7184,144017,9.0
42,7185,144028,11.0
42,7186,144053,25.0
42,7187,144063,10.0
42,7188,144099,36.0
42,7189,144109,10.0
42,7190,144123,14.0
42,7191,144137,14.0
42,7192,144152,15.0
42,7193,144168,16.0
42,7194,144187,19.0
42,7195,144208,21.0
42,7196,144234,26.0
42,7197,144254,20.0
42,7198,144273,19.0
42,7199,144297,24.0
42,7200,144313,16.0
42,7201,144328,15.0
42,7202,144343,15.0
42,7203,144357,14.0
42,7204,144365,8.0
42,7205,144376,11.0
42,7206,144388,12.0
42,7207,144405,17.0
42,7208,144415,10.0
42,7209,144427,12.0
42,7210,144440,13.0
42,7211,144467,27.0
42,7212,144488,21.0
42,7213,144497,9.0
42,7214,144510,13.0
42,7215,144526,16.0
42,7216,144535,9.0
42,7217,144547,12.0
42,7218,144560,13.0
42,7219,144570,10.0
42,7220,144595,25.0
42,7221,144605,10.0
42,7222,144625,20.0
42,7223,144635,10.0
42,7224,144646,11.0
42,7225,144655,9.0
42,7226,144667,12.0
42,7227,144683,16.0
42,7228,144710,27.0
42,7229,144741,31.0
42,7230,144752,11.0
42,7231,144764,12.0
42,7232,144776,12.0
42,7233,144788,12.0
42,7234,144798,10.0
42,7235,144818,20.0
42,7236,144829,11.0
42,7237,144845,16.0
42,7238,144868,23.0
42,7239,144884,16.0
42,7240,144901,17.0
42,7241,144912,11.0
42,7242,144923,11.0
42,7243,144944,21.0
42,7244,144955,11.0
42,7245,144976,21.0
42,7246,145004,28.0
42,7247,145016,12.0
42,7248,145028,12.0
42,7249,145037,9.0
42,7250,145057,20.0
42,7251,145067,10.0
42,7252,145089,22.0
42,7253,145108,19.0
42,7254,145124,16.0
42,7255,145139,15.0
42,7256,145166,27.0
42,7257,145178,12.0
42,7258,145188,10.0
42,7259,145210,22.0
42,7260,145223,13.0
42,7261,145235,12.0
42,7262,145244,9.0
42,7263,145254,10.0
42,7264,145263,9.0
42,7265,145280,17.0
42,7266,145289,9.0
42,7267,145304,15.0
42,7268,145316,12.0
42,7269,145326,10.0
42,7270,145335,9.0
42,7271,145366,31.0
42,7272,145375,9.0
42,7273,145397,22.0
42,7274,145407,10.0
42,7275,145419,12.0
42,7276,145451,32.0
42,7277,145468,17.0
42,7278,145503,35.0
42,7279,145514,11.0
42,7280,145523,9.0
42,7281,145544,21.0
42,7282,145566,22.0
42,7283,145576,10.0
42,7284,145589,13.0
42,7285,145599,10.0
42,7286,145612,13.0
42,7287,145624,12.0
42,7288,145633,9.0
42,7289,145648,15.0
42,7290,145658,10.0
42,7291,145667,9.0
42,7292,145711,44.0
42,7293,145723,12.0
42,7294,145734,11.0
42,7295,145755,21.0
42,7296,145796,41.0
42,7297,145807,11.0
42,7298,145816,9.0
42,7299,145828,12.0
42,7300,145847,19.0
42,7301,145862,15.0
42,7302,145878,16.0
42,7303,145890,12.0
42,7304,145920,30.0
42,7305,145930,10.0
42,7306,145942,12.0
42,7307,145951,9.0
42,7308,145961,10.0
42,7309,145970,9.0
42,7310,145981,11.0
42,7311,145996,15.0
42,7312,146005,9.0
42,7313,146018,13.0
42,7314,146030,12.0
42,7315,146040,10.0
42,7316,146051,11.0
42,7317,146061,10.0
42,7318,146079,18.0
42,7319,146096,17.0
42,7320,146107,11.0
42,7321,146120,13.0
42,7322,146141,21.0
42,7323,146151,10.0
42,7324,146162,11.0
42,7325,146170,8.0
42,7326,146180,10.0
42,7327,146192,12.0
42,7328,146201,9.0
42,7329,146223,22.0
42,7330,146233,10.0
42,7331,146243,10.0
42,7332,146252,9.0
42,7333,146262,10.0
42,7334,146280,18.0
42,7335,146292,12.0
42,7336,146300,8.0
42,7337,146310,10.0
42,7338,146324,14.0
42,7339,146336,12.0
42,7340,146349,13.0
42,7341,146359,10.0
42,7342,146367,8.0
42,7343,146381,14.0
42,7344,146390,9.0
42,7345,146399,9.0
42,7346,146410,11.0
42,7347,146422,12.0
42,7348,146430,8.0
42,7349,146443,13.0
42,7350,146456,13.0
42,7351,146466,10.0
42,7352,146484,18.0
42,7353,146493,9.0
42,7354,146504,11.0
42,7355,146519,15.0
42,7356,146530,11.0
42,7357,146540,10.0
42,7358,146552,12.0
42,7359,146566,14.0
42,7360,146580,14.0
42,7361,146592,12.0
42,7362,146601,9.0
42,7363,146613,12.0
42,7364,146634,21.0
42,7365,146648,14.0
42,7366,146660,12.0
42,7367,146672,12.0
42,7368,146699,27.0
42,7369,146708,9.0
42,7370,146717,9.0
42,7371,146727,10.0
42,7372,146743,16.0
42,7373,146759,16.0
42,7374,146768,9.0
42,7375,146778,10.0
42,7376,146787,9.0
42,7377,146799,12.0
42,7378,146811,12.0
42,7379,146825,14.0
42,7380,146834,9.0
42,7381,146846,12.0
42,7382,146856,10.0
42,7383,146872,16.0
42,7384,146885,13.0
42,7385,146912,27.0
42,7386,146926,14.0
42,7387,146937,11.0
42,7388,146947,10.0
42,7389,146959,12.0
42,7390,146972,13.0
42,7391,146983,11.0
42,7392,146992,9.0
42,7393,147007,15.0
42,7394,147017,10.0
42,7395,147029,12.0
42,7396,147039,10.0
42,7397,147053,14.0
42,7398,147066,13.0
42,7399,147085,19.0
42,7400,147094,9.0
42,7401,147139,45.0
42,7402,147151,12.0
42,7403,147170,19.0
42,7404,147179,9.0
42,7405,147191,12.0
42,7406,147210,19.0
42,7407,147220,10.0
42,7408,147234,14.0
42,7409,147244,10.0
42,7410,147257,13.0
42,7411,147268,11.0
42,7412,147280,12.0
42,7413,147290,10.0
42,7414,147300,10.0
42,7415,147309,9.0
42,7416,147324,15.0
42,7417,147335,11.0
42,7418,147347,12.0
42,7419,147355,8.0
42,7420,147370,15.0
42,7421,147378,8.0
42,7422,147390,12.0
42,7423,147406,16.0
42,7424,147418,12.0
42,7425,147430,12.0
42,7426,147444,14.0
42,7427,147458,14.0
42,7428,147467,9.0
42,7429,147478,11.0
42,7430,147488,10.0
42,7431,147503,15.0
42,7432,147514,11.0
42,7433,147525,11.0
42,7434,147535,10.0
42,7435,147544,9.0
42,7436,147558,14.0
42,7437,147576,18.0
42,7438,147586,10.0
42,7439,147621,35.0
42,7440,147631,10.0
42,7441,147642,11.0
42,7442,147657,15.0
42,7443,147671,14.0
42,7444,147688,17.0
42,7445,147697,9.0
42,7446,147705,8.0
42,7447,147715,10.0
42,7448,147723,8.0
42,7449,147733,10.0
42,7450,147743,10.0
42,7451,147754,11.0
42,7452,147763,9.0
42,7453,147782,19.0
42,7454,147794,12.0
42,7455,147807,13.0
42,7456,147834,27.0
42,7457,147852,18.0
42,7458,147863,11.0
42,7459,147873,10.0
42,7460,147882,9.0
42,7461,147898,16.0
42,7462,147907,9.0
42,7463,147919,12.0
42,7464,147933,14.0
42,7465,147943,10.0
42,7466,147952,9.0
42,7467,147964,12.0
42,7468,147975,11.0
42,7469,147983,8.0
42,7470,147994,11.0
42,7471,148002,8.0
42,7472,148016,14.0
42,7473,148026,10.0
42,7474,148042,16.0
42,7475,148055,13.0
42,7476,148064,9.0
42,7477,148075,11.0
42,7478,148085,10.0
42,7479,148095,10.0
42,7480,148104,9.0
42,7481,148113,9.0
42,7482,148123,10.0
42,7483,148136,13.0
42,7484,148147,11.0
42,7485,148157,10.0
42,7486,148166,9.0
42,7487,148176,10.0
42,7488,148187,11.0
42,7489,148199,12.0
42,7490,148210,11.0
42,7491,148219,9.0
42,7492,148228,9.0
42,7493,148241,13.0
42,7494,148255,14.0
42,7495,148265,10.0
42,7496,148273,8.0
42,7497,148282,9.0
42,7498,148293,11.0
42,7499,148306,13.0
42,7500,148314,8.0
42,7501,148329,15.0
42,7502,148340,11.0
42,7503,148351,11.0
42,7504,148361,10.0
42,7505,148371,10.0
42,7506,148383,12.0
42,7507,148393,10.0
42,7508,148403,10.0
42,7509,148413,10.0
42,7510,148422,9.0
42,7511,148435,13.0
42,7512,148447,12.0
42,7513,148456,9.0
42,7514,148472,16.0
42,7515,148483,11.0
42,7516,148498,15.0
42,7517,148506,8.0
42,7518,148516,10.0
42,7519,148525,9.0
42,7520,148535,10.0
42,7521,148543,8.0
42,7522,148553,10.0
42,7523,148563,10.0
42,7524,148571,8.0
42,7525,148579,8.0
42,7526,148594,15.0
42,7527,148604,10.0
42,7528,148615,11.0
42,7529,148624,9.0
42,7530,148633,9.0
42,7531,148641,8.0
42,7532,148655,14.0
42,7533,148665,10.0
42,7534,148676,11.0
42,7535,148685,9.0
42,7536,148699,14.0
42,7537,148707,8.0
42,7538,148724,17.0
42,7539,148745,21.0
42,7540,148756,11.0
42,7541,148766,10.0
42,7542,148777,11.0
42,7543,148785,8.0
42,7544,148797,12.0
42,7545,148810,13.0
42,7546,148822,12.0
42,7547,148834,12.0
42,7548,148844,10.0
42,7549,148859,15.0
42,7550,148869,10.0
42,7551,148879,10.0
42,7552,148888,9.0
42,7553,148898,10.0
42,7554,148907,9.0
42,7555,148916,9.0
42,7556,148924,8.0
42,7557,148933,9.0
42,7558,148943,10.0
42,7559,148960,17.0
42,7560,148970,10.0
42,7561,148982,12.0
42,7562,148995,13.0
42,7563,149004,9.0
42,7564,149016,12.0
42,7565,149028,12.0
42,7566,149036,8.0
42,7567,149046,10.0
42,7568,149056,10.0
42,7569,149066,10.0
42,7570,149076,10.0
42,7571,149088,12.0
42,7572,149097,9.0
42,7573,149107,10.0
42,7574,149117,10.0
42,7575,149133,16.0
42,7576,149142,9.0
42,7577,149156,14.0
42,7578,149169,13.0
42,7579,149179,10.0
42,7580,149188,9.0
42,7581,149203,15.0
42,7582,149212,9.0
42,7583,149227,15.0
42,7584,149237,10.0
42,7585,149247,10.0
42,7586,149258,11.0
42,7587,149268,10.0
42,7588,149278,10.0
42,7589,149286,8.0
42,7590,149296,10.0
42,7591,149308,12.0
42,7592,149317,9.0
42,7593,149325,8.0
42,7594,149340,15.0
42,7595,149355,15.0
42,7596,149365,10.0
42,7597,149377,12.0
42,7598,149394,17.0
42,7599,149404,10.0
42,7600,149416,12.0
42,7601,149426,10.0
42,7602,149435,9.0
42,7603,149446,11.0
42,7604,149458,12.0
42,7605,149468,10.0
42,7606,149478,10.0
42,7607,149488,10.0
42,7608,149498,10.0
42,7609,149511,13.0
42,7610,149520,9.0
42,7611,149532,12.0
42,7612,149541,9.0
42,7613,149552,11.0
42,7614,149562,10.0
42,7615,149572,10.0
42,7616,149582,10.0
42,7617,149590,8.0
42,7618,149599,9.0
42,7619,149617,18.0
42,7620,149628,11.0
42,7621,149641,13.0
42,7622,149650,9.0
42,7623,149660,10.0
42,7624,149669,9.0
42,7625,149683,14.0
42,7626,149693,10.0
42,7627,149707,14.0
42,7628,149719,12.0
42,7629,149727,8.0
42,7630,149737,10.0
42,7631,149746,9.0
42,7632,149759,13.0
42,7633,149768,9.0
42,7634,149777,9.0
42,7635,149786,9.0
42,7636,149798,12.0
42,7637,149807,9.0
42,7638,149817,10.0
42,7639,149825,8.0
42,7640,149833,8.0
42,7641,149842,9.0
42,7642,149855,13.0
42,7643,149866,11.0
42,7644,149875,9.0
42,7645,149887,12.0
42,7646,149896,9.0
42,7647,149910,14.0
42,7648,149918,8.0
42,7649,149927,9.0
42,7650,149937,10.0
42,7651,149946,9.0
42,7652,149956,10.0
42,7653,149967,11.0
42,7654,149978,11.0
42,7655,149988,10.0
42,7656,149997,9.0
42,7657,150005,8.0
