seed,episode,total_steps,return
777,1,29,29.0
777,2,62,33.0
777,3,82,20.0
777,4,113,31.0
777,5,186,73.0
777,6,213,27.0
777,7,231,18.0
777,8,243,12.0
777,9,285,42.0
777,10,304,19.0
777,11,321,17.0
777,12,332,11.0
777,13,348,16.0
777,14,381,33.0
777,15,412,31.0
777,16,423,11.0
777,17,436,13.0
777,18,480,44.0
777,19,499,19.0
777,20,510,11.0
777,21,550,40.0
777,22,565,15.0
777,23,587,22.0
777,24,608,21.0
777,25,666,58.0
777,26,681,15.0
777,27,704,23.0
777,28,742,38.0
777,29,792,50.0
777,30,807,15.0
777,31,834,27.0
777,32,847,13.0
777,33,868,21.0
777,34,883,15.0
777,35,893,10.0
777,36,905,12.0
777,37,932,27.0
777,38,950,18.0
777,39,967,17.0
777,40,987,20.0
777,41,1000,13.0
777,42,1029,29.0
777,43,1050,21.0
777,44,1064,14.0
777,45,1080,16.0
777,46,1090,10.0
777,47,1103,13.0
777,48,1116,13.0
777,49,1133,17.0
777,50,1144,11.0
777,51,1182,38.0
777,52,1195,13.0
777,53,1213,18.0
777,54,1241,28.0
777,55,1259,18.0
777,56,1279,20.0
777,57,1295,16.0
777,58,1324,29.0
777,59,1349,25.0
777,60,1360,11.0
777,61,1427,67.0
777,62,1453,26.0
777,63,1468,15.0
777,64,1485,17.0
777,65,1499,14.0
777,66,1548,49.0
777,67,1567,19.0
777,68,1581,14.0
777,69,1631,50.0
777,70,1642,11.0
777,71,1681,39.0
777,72,1706,25.0
777,73,1720,14.0
777,74,1754,34.0
777,75,1767,13.0
777,76,1781,14.0
777,77,1800,19.0
777,78,1825,25.0
777,79,1835,10.0
777,80,1867,32.0
777,81,1879,12.0
777,82,1893,14.0
777,83,1917,24.0
777,84,1942,25.0
777,85,1963,21.0
777,86,1999,36.0
777,87,2015,16.0
777,88,2025,10.0
777,89,2038,13.0
777,90,2053,15.0
777,91,2074,21.0
777,92,2108,34.0
777,93,2119,11.0
777,94,2144,25.0
777,95,2157,13.0
777,96,2179,22.0
777,97,2192,13.0
777,98,2217,25.0
777,99,2272,55.0
777,100,2307,35.0
777,101,2340,33.0
777,102,2359,19.0
777,103,2384,25.0
777,104,2399,15.0
777,105,2417,18.0
777,106,2450,33.0
777,107,2467,17.0
777,108,2476,9.0
777,109,2513,37.0
777,110,2529,16.0
777,111,2571,42.0
777,112,2590,19.0
777,113,2619,29.0
777,114,2636,17.0
777,115,2656,20.0
777,116,2710,54.0
777,117,2734,24.0
777,118,2748,14.0
777,119,2757,9.0
777,120,2770,13.0
777,121,2789,19.0
777,122,2811,22.0
777,123,2860,49.0
777,124,2909,49.0
777,125,2922,13.0
777,126,2938,16.0
777,127,2993,55.0
777,128,3009,16.0
777,129,3031,22.0
777,130,3065,34.0
777,131,3096,31.0
777,132,3118,22.0
777,133,3133,15.0
777,134,3145,12.0
777,135,3154,9.0
777,136,3208,54.0
777,137,3223,15.0
777,138,3237,14.0
777,139,3263,26.0
777,140,3289,26.0
777,141,3319,30.0
777,142,3334,15.0
777,143,3356,22.0
777,144,3377,21.0
777,145,3444,67.0
777,146,3457,13.0
777,147,3467,10.0
777,148,3490,23.0
777,149,3517,27.0
777,150,3531,14.0
777,151,3602,71.0
777,152,3611,9.0
777,153,3677,66.0
777,154,3693,16.0
777,155,3713,20.0
777,156,3728,15.0
777,157,3748,20.0
777,158,3763,15.0
777,159,3841,78.0
777,160,3904,63.0
777,161,3947,43.0
777,162,3980,33.0
777,163,3999,19.0
777,164,4034,35.0
777,165,4116,82.0
777,166,4134,18.0
777,167,4148,14.0
777,168,4162,14.0
777,169,4188,26.0
777,170,4208,20.0
777,171,4222,14.0
777,172,4281,59.0
777,173,4293,12.0
777,174,4330,37.0
777,175,4339,9.0
777,176,4380,41.0
777,177,4413,33.0
777,178,4424,11.0
777,179,4442,18.0
777,180,4454,12.0
777,181,4472,18.0
777,182,4492,20.0
777,183,4513,21.0
777,184,4538,25.0
777,185,4564,26.0
777,186,4591,27.0
777,187,4620,29.0
777,188,4675,55.0
777,189,4722,47.0
777,190,4737,15.0
777,191,4762,25.0
777,192,4780,18.0
777,193,4798,18.0
777,194,4817,19.0
777,195,4829,12.0
777,196,4846,17.0
777,197,4862,16.0
777,198,4915,53.0
777,199,4926,11.0
777,200,4973,47.0
777,201,4987,14.0
777,202,5032,45.0
777,203,5057,25.0
777,204,5078,21.0
777,205,5094,16.0
777,206,5112,18.0
777,207,5122,10.0
777,208,5140,18.0
777,209,5154,14.0
777,210,5218,64.0
777,211,5235,17.0
777,212,5251,16.0
777,213,5271,20.0
777,214,5303,32.0
777,215,5329,26.0
777,216,5338,9.0
777,217,5356,18.0
777,218,5365,9.0
777,219,5378,13.0
777,220,5394,16.0
777,221,5423,29.0
777,222,5437,14.0
777,223,5470,33.0
777,224,5480,10.0
777,225,5497,17.0
777,226,5517,20.0
777,227,5542,25.0
777,228,5588,46.0
777,229,5605,17.0
777,230,5620,15.0
777,231,5632,12.0
777,232,5647,15.0
777,233,5662,15.0
777,234,5713,51.0
777,235,5729,16.0
777,236,5745,16.0
777,237,5760,15.0
777,238,5774,14.0
777,239,5809,35.0
777,240,5840,31.0
777,241,5853,13.0
777,242,5862,9.0
777,243,5877,15.0
777,244,5890,13.0
777,245,5906,16.0
777,246,5927,21.0
777,247,5938,11.0
777,248,5965,27.0
777,249,5991,26.0
777,250,6009,18.0
777,251,6023,14.0
777,252,6033,10.0
777,253,6102,69.0
777,254,6121,19.0
777,255,6134,13.0
777,256,6144,10.0
777,257,6153,9.0
777,258,6186,33.0
777,259,6234,48.0
777,260,6254,20.0
777,261,6269,15.0
777,262,6288,19.0
777,263,6313,25.0
777,264,6322,9.0
777,265,6353,31.0
777,266,6389,36.0
777,267,6434,45.0
777,268,6456,22.0
777,269,6475,19.0
777,270,6498,23.0
777,271,6561,63.0
777,272,6582,21.0
777,273,6606,24.0
777,274,6619,13.0
777,275,6658,39.0
777,276,6687,29.0
777,277,6715,28.0
777,278,6732,17.0
777,279,6750,18.0
777,280,6764,14.0
777,281,6788,24.0
777,282,6816,28.0
777,283,6830,14.0
777,284,6861,31.0
777,285,6883,22.0
777,286,6899,16.0
777,287,6938,39.0
777,288,6959,21.0
777,289,6970,11.0
777,290,6991,21.0
777,291,7006,15.0
777,292,7025,19.0
777,293,7071,46.0
777,294,7082,11.0
777,295,7097,15.0
777,296,7106,9.0
777,297,7120,14.0
777,298,7136,16.0
777,299,7160,24.0
777,300,7195,35.0
777,301,7214,19.0
777,302,7231,17.0
777,303,7246,15.0
777,304,7267,21.0
777,305,7283,16.0
777,306,7310,27.0
777,307,7321,11.0
777,308,7355,34.0
777,309,7373,18.0
777,310,7388,15.0
777,311,7403,15.0
777,312,7414,11.0
777,313,7440,26.0
777,314,7466,26.0
777,315,7477,11.0
777,316,7492,15.0
777,317,7504,12.0
777,318,7520,16.0
777,319,7558,38.0
777,320,7589,31.0
777,321,7625,36.0
777,322,7635,10.0
777,323,7662,27.0
777,324,7715,53.0
777,325,7744,29.0
777,326,7755,11.0
777,327,7788,33.0
777,328,7801,13.0
777,329,7824,23.0
777,330,7837,13.0
777,331,7863,26.0
777,332,7901,38.0
777,333,7935,34.0
777,334,7994,59.0
777,335,8046,52.0
777,336,8077,31.0
777,337,8119,42.0
777,338,8143,24.0
777,339,8199,56.0
777,340,8223,24.0
777,341,8276,53.0
777,342,8306,30.0
777,343,8335,29.0
777,344,8353,18.0
777,345,8378,25.0
777,346,8435,57.0
777,347,8447,12.0
777,348,8486,39.0
777,349,8497,11.0
777,350,8557,60.0
777,351,8580,23.0
777,352,8602,22.0
777,353,8619,17.0
777,354,8634,15.0
777,355,8653,19.0
777,356,8705,52.0
777,357,8724,19.0
777,358,8738,14.0
777,359,8751,13.0
777,360,8774,23.0
777,361,8790,16.0
777,362,8799,9.0
777,363,8817,18.0
777,364,8848,31.0
777,365,8860,12.0
777,366,8879,19.0
777,367,8906,27.0
777,368,8925,19.0
777,369,8939,14.0
777,370,8979,40.0
777,371,9011,32.0
777,372,9022,11.0
777,373,9045,23.0
777,374,9053,8.0
777,375,9065,12.0
777,376,9098,33.0
777,377,9114,16.0
777,378,9134,20.0
777,379,9148,14.0
777,380,9164,16.0
777,381,9188,24.0
777,382,9216,28.0
777,383,9235,19.0
777,384,9273,38.0
777,385,9286,13.0
777,386,9295,9.0
777,387,9320,25.0
777,388,9352,32.0
777,389,9371,19.0
777,390,9385,14.0
777,391,9398,13.0
777,392,9412,14.0
777,393,9426,14.0
777,394,9448,22.0
777,395,9464,16.0
777,396,9486,22.0
777,397,9528,42.0
777,398,9558,30.0
777,399,9570,12.0
777,400,9588,18.0
777,401,9606,18.0
777,402,9628,22.0
777,403,9678,50.0
777,404,9699,21.0
777,405,9741,42.0
777,406,9779,38.0
777,407,9791,12.0
777,408,9833,42.0
777,409,9864,31.0
777,410,9892,28.0
777,411,9913,21.0
777,412,9929,16.0
777,413,9939,10.0
777,414,9955,16.0
777,415,9966,11.0
777,416,9982,16.0
777,417,9996,14.0
777,418,10005,9.0
777,419,10030,25.0
777,420,10062,32.0
777,421,10124,62.0
777,422,10145,21.0
777,423,10161,16.0
777,424,10179,18.0
777,425,10227,48.0
777,426,10247,20.0
777,427,10273,26.0
777,428,10296,23.0
777,429,10319,23.0
777,430,10337,18.0
777,431,10347,10.0
777,432,10365,18.0
777,433,10377,12.0
777,434,10431,54.0
777,435,10450,19.0
777,436,10471,21.0
777,437,10503,32.0
777,438,10525,22.0
777,439,10541,16.0
777,440,10563,22.0
777,441,10575,12.0
777,442,10595,20.0
777,443,10614,19.0
777,444,10627,13.0
777,445,10657,30.0
777,446,10675,18.0
777,447,10706,31.0
777,448,10734,28.0
777,449,10748,14.0
777,450,10790,42.0
777,451,10805,15.0
777,452,10839,34.0
777,453,10852,13.0
777,454,10864,12.0
777,455,10885,21.0
777,456,10895,10.0
777,457,10917,22.0
777,458,10950,33.0
777,459,10960,10.0
777,460,10978,18.0
777,461,10987,9.0
777,462,11009,22.0
777,463,11019,10.0
777,464,11052,33.0
777,465,11065,13.0
777,466,11080,15.0
777,467,11095,15.0
777,468,11139,44.0
777,469,11172,33.0
777,470,11185,13.0
777,471,11201,16.0
777,472,11221,20.0
777,473,11248,27.0
777,474,11260,12.0
777,475,11287,27.0
777,476,11297,10.0
777,477,11307,10.0
777,478,11322,15.0
777,479,11335,13.0
777,480,11355,20.0
777,481,11396,41.0
777,482,11414,18.0
777,483,11432,18.0
777,484,11488,56.0
777,485,11507,19.0
777,486,11524,17.0
777,487,11548,24.0
777,488,11559,11.0
777,489,11583,24.0
777,490,11600,17.0
777,491,11610,10.0
777,492,11642,32.0
777,493,11658,16.0
777,494,11694,36.0
777,495,11706,12.0
777,496,11745,39.0
777,497,11778,33.0
777,498,11835,57.0
777,499,11848,13.0
777,500,11888,40.0
777,501,11900,12.0
777,502,11913,13.0
777,503,11944,31.0
777,504,11955,11.0
777,505,11987,32.0
777,506,12005,18.0
777,507,12014,9.0
777,508,12049,35.0
777,509,12077,28.0
777,510,12097,20.0
777,511,12130,33.0
777,512,12173,43.0
777,513,12198,25.0
777,514,12223,25.0
777,515,12289,66.0
777,516,12310,21.0
777,517,12326,16.0
777,518,12341,15.0
777,519,12366,25.0
777,520,12380,14.0
777,521,12410,30.0
777,522,12423,13.0
777,523,12465,42.0
777,524,12491,26.0
777,525,12500,9.0
777,526,12513,13.0
777,527,12546,33.0
777,528,12568,22.0
777,529,12582,14.0
777,530,12599,17.0
777,531,12622,23.0
777,532,12638,16.0
777,533,12657,19.0
777,534,12691,34.0
777,535,12709,18.0
777,536,12736,27.0
777,537,12759,23.0
777,538,12787,28.0
777,539,12806,19.0
777,540,12818,12.0
777,541,12835,17.0
777,542,12884,49.0
777,543,12896,12.0
777,544,12913,17.0
777,545,12959,46.0
777,546,12971,12.0
777,547,12983,12.0
777,548,13018,35.0
777,549,13036,18.0
777,550,13054,18.0
777,551,13094,40.0
777,552,13111,17.0
777,553,13129,18.0
777,554,13151,22.0
777,555,13163,12.0
777,556,13174,11.0
777,557,13200,26.0
777,558,13215,15.0
777,559,13234,19.0
777,560,13245,11.0
777,561,13275,30.0
777,562,13301,26.0
777,563,13345,44.0
777,564,13360,15.0
777,565,13376,16.0
777,566,13390,14.0
777,567,13406,16.0
777,568,13424,18.0
777,569,13444,20.0
777,570,13458,14.0
777,571,13476,18.0
777,572,13489,13.0
777,573,13505,16.0
777,574,13516,11.0
777,575,13539,23.0
777,576,13552,13.0
777,577,13591,39.0
777,578,13608,17.0
777,579,13639,31.0
777,580,13654,15.0
777,581,13685,31.0
777,582,13718,33.0
777,583,13739,21.0
777,584,13750,11.0
777,585,13763,13.0
777,586,13797,34.0
777,587,13808,11.0
777,588,13824,16.0
777,589,13834,10.0
777,590,13850,16.0
777,591,13870,20.0
777,592,13883,13.0
777,593,13897,14.0
777,594,13930,33.0
777,595,13987,57.0
777,596,14001,14.0
777,597,14015,14.0
777,598,14036,21.0
777,599,14063,27.0
777,600,14097,34.0
777,601,14108,11.0
777,602,14127,19.0
777,603,14141,14.0
777,604,14167,26.0
777,605,14198,31.0
777,606,14225,27.0
777,607,14236,11.0
777,608,14258,22.0
777,609,14284,26.0
777,610,14296,12.0
777,611,14306,10.0
777,612,14321,15.0
777,613,14339,18.0
777,614,14361,22.0
777,615,14417,56.0
777,616,14451,34.0
777,617,14468,17.0
777,618,14492,24.0
777,619,14510,18.0
777,620,14525,15.0
777,621,14545,20.0
777,622,14561,16.0
777,623,14575,14.0
777,624,14594,19.0
777,625,14633,39.0
777,626,14649,16.0
777,627,14658,9.0
777,628,14673,15.0
777,629,14694,21.0
777,630,14710,16.0
777,631,14728,18.0
777,632,14747,19.0
777,633,14757,10.0
777,634,14780,23.0
777,635,14795,15.0
777,636,14817,22.0
777,637,14839,22.0
777,638,14854,15.0
777,639,14877,23.0
777,640,14919,42.0
777,641,14962,43.0
777,642,14976,14.0
777,643,15000,24.0
777,644,15014,14.0
777,645,15028,14.0
777,646,15048,20.0
777,647,15084,36.0
777,648,15144,60.0
777,649,15168,24.0
777,650,15194,26.0
777,651,15223,29.0
777,652,15238,15.0
777,653,15249,11.0
777,654,15258,9.0
777,655,15271,13.0
777,656,15286,15.0
777,657,15299,13.0
777,658,15324,25.0
777,659,15335,11.0
777,660,15352,17.0
777,661,15372,20.0
777,662,15418,46.0
777,663,15454,36.0
777,664,15484,30.0
777,665,15498,14.0
777,666,15523,25.0
777,667,15542,19.0
777,668,15560,18.0
777,669,15574,14.0
777,670,15585,11.0
777,671,15596,11.0
777,672,15611,15.0
777,673,15632,21.0
777,674,15657,25.0
777,675,15676,19.0
777,676,15689,13.0
777,677,15730,41.0
777,678,15745,15.0
777,679,15767,22.0
777,680,15786,19.0
777,681,15806,20.0
777,682,15830,24.0
777,683,15845,15.0
777,684,15883,38.0
777,685,15898,15.0
777,686,15909,11.0
777,687,15930,21.0
777,688,15949,19.0
777,689,15962,13.0
777,690,15975,13.0
777,691,15994,19.0
777,692,16012,18.0
777,693,16045,33.0
777,694,16066,21.0
777,695,16079,13.0
777,696,16122,43.0
777,697,16144,22.0
777,698,16171,27.0
777,699,16208,37.0
777,700,16223,15.0
777,701,16233,10.0
777,702,16250,17.0
777,703,16273,23.0
777,704,16294,21.0
777,705,16304,10.0
777,706,16316,12.0
777,707,16342,26.0
777,708,16381,39.0
777,709,16420,39.0
777,710,16430,10.0
777,711,16445,15.0
777,712,16466,21.0
777,713,16507,41.0
777,714,16521,14.0
777,715,16531,10.0
777,716,16553,22.0
777,717,16568,15.0
777,718,16581,13.0
777,719,16598,17.0
777,720,16614,16.0
777,721,16631,17.0
777,722,16668,37.0
777,723,16686,18.0
777,724,16718,32.0
777,725,16755,37.0
777,726,16772,17.0
777,727,16792,20.0
777,728,16816,24.0
777,729,16838,22.0
777,730,16851,13.0
777,731,16877,26.0
777,732,16897,20.0
777,733,16911,14.0
777,734,16929,18.0
777,735,16941,12.0
777,736,16962,21.0
777,737,16988,26.0
777,738,17027,39.0
777,739,17075,48.0
777,740,17092,17.0
777,741,17118,26.0
777,742,17142,24.0
777,743,17155,13.0
777,744,17171,16.0
777,745,17210,39.0
777,746,17225,15.0
777,747,17240,15.0
777,748,17255,15.0
777,749,17275,20.0
777,750,17308,33.0
777,751,17323,15.0
777,752,17360,37.0
777,753,17369,9.0
777,754,17378,9.0
777,755,17391,13.0
777,756,17427,36.0
777,757,17505,78.0
777,758,17517,12.0
777,759,17535,18.0
777,760,17547,12.0
777,761,17563,16.0
777,762,17594,31.0
777,763,17619,25.0
777,764,17631,12.0
777,765,17656,25.0
777,766,17684,28.0
777,767,17701,17.0
777,768,17736,35.0
777,769,17747,11.0
777,770,17766,19.0
777,771,17794,28.0
777,772,17817,23.0
777,773,17852,35.0
777,774,17874,22.0
777,775,17924,50.0
777,776,17939,15.0
777,777,17966,27.0
777,778,17980,14.0
777,779,18014,34.0
777,780,18052,38.0
777,781,18070,18.0
777,782,18164,94.0
777,783,18197,33.0
777,784,18214,17.0
777,785,18230,16.0
777,786,18244,14.0
777,787,18260,16.0
777,788,18273,13.0
777,789,18296,23.0
777,790,18326,30.0
777,791,18343,17.0
777,792,18364,21.0
777,793,18387,23.0
777,794,18405,18.0
777,795,18418,13.0
777,796,18428,10.0
777,797,18454,26.0
777,798,18468,14.0
777,799,18534,66.0
777,800,18550,16.0
777,801,18569,19.0
777,802,18581,12.0
777,803,18600,19.0
777,804,18630,30.0
777,805,18664,34.0
777,806,18699,35.0
777,807,18729,30.0
777,808,18785,56.0
777,809,18800,15.0
777,810,18820,20.0
777,811,18843,23.0
777,812,18868,25.0
777,813,18885,17.0
777,814,18898,13.0
777,815,18911,13.0
777,816,18955,44.0
777,817,18971,16.0
777,818,18996,25.0
777,819,19022,26.0
777,820,19068,46.0
777,821,19089,21.0
777,822,19118,29.0
777,823,19136,18.0
777,824,19166,30.0
777,825,19197,31.0
777,826,19212,15.0
777,827,19232,20.0
777,828,19257,25.0
777,829,19277,20.0
777,830,19289,12.0
777,831,19302,13.0
777,832,19314,12.0
777,833,19345,31.0
777,834,19376,31.0
777,835,19387,11.0
777,836,19449,62.0
777,837,19460,11.0
777,838,19480,20.0
777,839,19495,15.0
777,840,19516,21.0
777,841,19531,15.0
777,842,19554,23.0
777,843,19591,37.0
777,844,19643,52.0
777,845,19664,21.0
777,846,19700,36.0
777,847,19714,14.0
777,848,19730,16.0
777,849,19749,19.0
777,850,19763,14.0
777,851,19783,20.0
777,852,19796,13.0
777,853,19815,19.0
777,854,19875,60.0
777,855,19892,17.0
777,856,19906,14.0
777,857,19942,36.0
777,858,19959,17.0
777,859,19979,20.0
777,860,19999,20.0
777,861,20011,12.0
777,862,20048,37.0
777,863,20063,15.0
777,864,20079,16.0
777,865,20103,24.0
777,866,20136,33.0
777,867,20154,18.0
777,868,20192,38.0
777,869,20212,20.0
777,870,20240,28.0
777,871,20254,14.0
777,872,20309,55.0
777,873,20338,29.0
777,874,20387,49.0
777,875,20403,16.0
777,876,20425,22.0
777,877,20438,13.0
777,878,20453,15.0
777,879,20466,13.0
777,880,20497,31.0
777,881,20523,26.0
777,882,20536,13.0
777,883,20545,9.0
777,884,20565,20.0
777,885,20590,25.0
777,886,20621,31.0
777,887,20636,15.0
777,888,20677,41.0
777,889,20727,50.0
777,890,20757,30.0
777,891,20775,18.0
777,892,20788,13.0
777,893,20797,9.0
777,894,20813,16.0
777,895,20882,69.0
777,896,20913,31.0
777,897,20928,15.0
777,898,20945,17.0
777,899,20961,16.0
777,900,20992,31.0
777,901,21004,12.0
777,902,21015,11.0
777,903,21025,10.0
777,904,21039,14.0
777,905,21054,15.0
777,906,21091,37.0
777,907,21106,15.0
777,908,21134,28.0
777,909,21145,11.0
777,910,21165,20.0
777,911,21181,16.0
777,912,21197,16.0
777,913,21220,23.0
777,914,21244,24.0
777,915,21262,18.0
777,916,21289,27.0
777,917,21302,13.0
777,918,21323,21.0
777,919,21334,11.0
777,920,21356,22.0
777,921,21379,23.0
777,922,21393,14.0
777,923,21413,20.0
777,924,21423,10.0
777,925,21449,26.0
777,926,21459,10.0
777,927,21485,26.0
777,928,21512,27.0
777,929,21527,15.0
777,930,21542,15.0
777,931,21558,16.0
777,932,21583,25.0
777,933,21595,12.0
777,934,21647,52.0
777,935,21669,22.0
777,936,21697,28.0
777,937,21720,23.0
777,938,21768,48.0
777,939,21787,19.0
777,940,21808,21.0
777,941,21827,19.0
777,942,21844,17.0
777,943,21858,14.0
777,944,21890,32.0
777,945,21910,20.0
777,946,21950,40.0
777,947,21968,18.0
777,948,22004,36.0
777,949,22034,30.0
777,950,22051,17.0
777,951,22074,23.0
777,952,22091,17.0
777,953,22106,15.0
777,954,22154,48.0
777,955,22223,69.0
777,956,22245,22.0
777,957,22291,46.0
777,958,22302,11.0
777,959,22314,12.0
777,960,22334,20.0
777,961,22354,20.0
777,962,22376,22.0
777,963,22399,23.0
777,964,22454,55.0
777,965,22471,17.0
777,966,22491,20.0
777,967,22505,14.0
777,968,22530,25.0
777,969,22546,16.0
777,970,22568,22.0
777,971,22613,45.0
777,972,22625,12.0
777,973,22635,10.0
777,974,22652,17.0
777,975,22702,50.0
777,976,22715,13.0
777,977,22732,17.0
777,978,22750,18.0
777,979,22763,13.0
777,980,22779,16.0
777,981,22800,21.0
777,982,22815,15.0
777,983,22828,13.0
777,984,22843,15.0
777,985,22878,35.0
777,986,22908,30.0
777,987,22934,26.0
777,988,22963,29.0
777,989,22975,12.0
777,990,22990,15.0
777,991,23002,12.0
777,992,23014,12.0
777,993,23026,12.0
777,994,23043,17.0
777,995,23059,16.0
777,996,23072,13.0
777,997,23088,16.0
777,998,23129,41.0
777,999,23163,34.0
777,1000,23171,8.0
777,1001,23184,13.0
777,1002,23204,20.0
777,1003,23219,15.0
777,1004,23236,17.0
777,1005,23251,15.0
777,1006,23265,14.0
777,1007,23297,32.0
777,1008,23341,44.0
777,1009,23355,14.0
777,1010,23367,12.0
777,1011,23384,17.0
777,1012,23410,26.0
777,1013,23459,49.0
777,1014,23491,32.0
777,1015,23508,17.0
777,1016,23531,23.0
777,1017,23563,32.0
777,1018,23575,12.0
777,1019,23597,22.0
777,1020,23637,40.0
777,1021,23654,17.0
777,1022,23667,13.0
777,1023,23707,40.0
777,1024,23725,18.0
777,1025,23757,32.0
777,1026,23782,25.0
777,1027,23799,17.0
777,1028,23814,15.0
777,1029,23832,18.0
777,1030,23866,34.0
777,1031,23889,23.0
777,1032,23930,41.0
777,1033,23952,22.0
777,1034,23964,12.0
777,1035,23976,12.0
777,1036,23990,14.0
777,1037,24059,69.0
777,1038,24071,12.0
777,1039,24125,54.0
777,1040,24140,15.0
777,1041,24160,20.0
777,1042,24186,26.0
777,1043,24212,26.0
777,1044,24226,14.0
777,1045,24245,19.0
777,1046,24260,15.0
777,1047,24272,12.0
777,1048,24305,33.0
777,1049,24327,22.0
777,1050,24346,19.0
777,1051,24378,32.0
777,1052,24396,18.0
777,1053,24476,80.0
777,1054,24488,12.0
777,1055,24523,35.0
777,1056,24535,12.0
777,1057,24578,43.0
777,1058,24624,46.0
777,1059,24656,32.0
777,1060,24701,45.0
777,1061,24726,25.0
777,1062,24739,13.0
777,1063,24783,44.0
777,1064,24795,12.0
777,1065,24825,30.0
777,1066,24844,19.0
777,1067,24862,18.0
777,1068,24875,13.0
777,1069,24921,46.0
777,1070,24959,38.0
777,1071,24975,16.0
777,1072,25000,25.0
777,1073,25012,12.0
777,1074,25055,43.0
777,1075,25165,110.0
777,1076,25178,13.0
777,1077,25215,37.0
777,1078,25252,37.0
777,1079,25290,38.0
777,1080,25309,19.0
777,1081,25324,15.0
777,1082,25348,24.0
777,1083,25397,49.0
777,1084,25416,19.0
777,1085,25428,12.0
777,1086,25446,18.0
777,1087,25459,13.0
777,1088,25475,16.0
777,1089,25490,15.0
777,1090,25515,25.0
777,1091,25544,29.0
777,1092,25563,19.0
777,1093,25587,24.0
777,1094,25596,9.0
777,1095,25610,14.0
777,1096,25631,21.0
777,1097,25655,24.0
777,1098,25706,51.0
777,1099,25721,15.0
777,1100,25739,18.0
777,1101,25756,17.0
777,1102,25787,31.0
777,1103,25808,21.0
777,1104,25838,30.0
777,1105,25862,24.0
777,1106,25883,21.0
777,1107,25896,13.0
777,1108,25908,12.0
777,1109,25940,32.0
777,1110,25961,21.0
777,1111,25982,21.0
777,1112,26071,89.0
777,1113,26097,26.0
777,1114,26112,15.0
777,1115,26143,31.0
777,1116,26175,32.0
777,1117,26208,33.0
777,1118,26225,17.0
777,1119,26243,18.0
777,1120,26277,34.0
777,1121,26301,24.0
777,1122,26316,15.0
777,1123,26327,11.0
777,1124,26337,10.0
777,1125,26353,16.0
777,1126,26372,19.0
777,1127,26389,17.0
777,1128,26399,10.0
777,1129,26424,25.0
777,1130,26436,12.0
777,1131,26474,38.0
777,1132,26498,24.0
777,1133,26538,40.0
777,1134,26555,17.0
777,1135,26587,32.0
777,1136,26605,18.0
777,1137,26657,52.0
777,1138,26678,21.0
777,1139,26701,23.0
777,1140,26717,16.0
777,1141,26738,21.0
777,1142,26753,15.0
777,1143,26766,13.0
777,1144,26790,24.0
777,1145,26818,28.0
777,1146,26829,11.0
777,1147,26869,40.0
777,1148,26886,17.0
777,1149,26904,18.0
777,1150,26914,10.0
777,1151,26930,16.0
777,1152,26956,26.0
777,1153,26990,34.0
777,1154,27012,22.0
777,1155,27031,19.0
777,1156,27062,31.0
777,1157,27090,28.0
777,1158,27157,67.0
777,1159,27188,31.0
777,1160,27210,22.0
777,1161,27228,18.0
777,1162,27252,24.0
777,1163,27264,12.0
777,1164,27302,38.0
777,1165,27351,49.0
777,1166,27360,9.0
777,1167,27374,14.0
777,1168,27399,25.0
777,1169,27432,33.0
777,1170,27451,19.0
777,1171,27495,44.0
777,1172,27531,36.0
777,1173,27545,14.0
777,1174,27565,20.0
777,1175,27582,17.0
777,1176,27601,19.0
777,1177,27625,24.0
777,1178,27640,15.0
777,1179,27658,18.0
777,1180,27676,18.0
777,1181,27696,20.0
777,1182,27712,16.0
777,1183,27754,42.0
777,1184,27772,18.0
777,1185,27818,46.0
777,1186,27831,13.0
777,1187,27845,14.0
777,1188,27880,35.0
777,1189,27902,22.0
777,1190,27933,31.0
777,1191,27959,26.0
777,1192,27994,35.0
777,1193,28015,21.0
777,1194,28031,16.0
777,1195,28052,21.0
777,1196,28071,19.0
777,1197,28082,11.0
777,1198,28100,18.0
777,1199,28122,22.0
777,1200,28154,32.0
777,1201,28179,25.0
777,1202,28221,42.0
777,1203,28277,56.0
777,1204,28307,30.0
777,1205,28320,13.0
777,1206,28347,27.0
777,1207,28374,27.0
777,1208,28390,16.0
777,1209,28408,18.0
777,1210,28424,16.0
777,1211,28435,11.0
777,1212,28451,16.0
777,1213,28487,36.0
777,1214,28541,54.0
777,1215,28551,10.0
777,1216,28572,21.0
777,1217,28589,17.0
777,1218,28643,54.0
777,1219,28661,18.0
777,1220,28673,12.0
777,1221,28697,24.0
777,1222,28726,29.0
777,1223,28756,30.0
777,1224,28795,39.0
777,1225,28832,37.0
777,1226,28852,20.0
777,1227,28863,11.0
777,1228,28894,31.0
777,1229,28932,38.0
777,1230,28951,19.0
777,1231,28965,14.0
777,1232,28987,22.0
777,1233,28998,11.0
777,1234,29032,34.0
777,1235,29078,46.0
777,1236,29089,11.0
777,1237,29106,17.0
777,1238,29115,9.0
777,1239,29135,20.0
777,1240,29154,19.0
777,1241,29165,11.0
777,1242,29195,30.0
777,1243,29209,14.0
777,1244,29223,14.0
777,1245,29234,11.0
777,1246,29252,18.0
777,1247,29263,11.0
777,1248,29297,34.0
777,1249,29317,20.0
777,1250,29356,39.0
777,1251,29367,11.0
777,1252,29390,23.0
777,1253,29416,26.0
777,1254,29458,42.0
777,1255,29474,16.0
777,1256,29497,23.0
777,1257,29512,15.0
777,1258,29531,19.0
777,1259,29575,44.0
777,1260,29596,21.0
777,1261,29608,12.0
777,1262,29648,40.0
777,1263,29677,29.0
777,1264,29697,20.0
777,1265,29713,16.0
777,1266,29741,28.0
777,1267,29753,12.0
777,1268,29805,52.0
777,1269,29860,55.0
777,1270,29874,14.0
777,1271,29890,16.0
777,1272,29910,20.0
777,1273,29934,24.0
777,1274,29951,17.0
777,1275,29968,17.0
777,1276,30017,49.0
777,1277,30083,66.0
777,1278,30099,16.0
777,1279,30113,14.0
777,1280,30130,17.0
777,1281,30221,91.0
777,1282,30241,20.0
777,1283,30266,25.0
777,1284,30300,34.0
777,1285,30315,15.0
777,1286,30344,29.0
777,1287,30358,14.0
777,1288,30382,24.0
777,1289,30393,11.0
777,1290,30452,59.0
777,1291,30462,10.0
777,1292,30493,31.0
777,1293,30522,29.0
777,1294,30537,15.0
777,1295,30565,28.0
777,1296,30576,11.0
777,1297,30593,17.0
777,1298,30635,42.0
777,1299,30650,15.0
777,1300,30683,33.0
777,1301,30694,11.0
777,1302,30708,14.0
777,1303,30733,25.0
777,1304,30751,18.0
777,1305,30769,18.0
777,1306,30790,21.0
777,1307,30811,21.0
777,1308,30827,16.0
777,1309,30854,27.0
777,1310,30879,25.0
777,1311,30894,15.0
777,1312,30907,13.0
777,1313,30947,40.0
777,1314,30982,35.0
777,1315,31021,39.0
777,1316,31038,17.0
777,1317,31055,17.0
777,1318,31073,18.0
777,1319,31101,28.0
777,1320,31131,30.0
777,1321,31147,16.0
777,1322,31160,13.0
777,1323,31175,15.0
777,1324,31189,14.0
777,1325,31204,15.0
777,1326,31224,20.0
777,1327,31232,8.0
777,1328,31280,48.0
777,1329,31300,20.0
777,1330,31324,24.0
777,1331,31345,21.0
777,1332,31395,50.0
777,1333,31415,20.0
777,1334,31459,44.0
777,1335,31480,21.0
777,1336,31506,26.0
777,1337,31573,67.0
777,1338,31586,13.0
777,1339,31631,45.0
777,1340,31653,22.0
777,1341,31672,19.0
777,1342,31689,17.0
777,1343,31717,28.0
777,1344,31739,22.0
777,1345,31771,32.0
777,1346,31784,13.0
777,1347,31814,30.0
777,1348,31832,18.0
777,1349,31870,38.0
777,1350,31895,25.0
777,1351,31913,18.0
777,1352,31946,33.0
777,1353,31961,15.0
777,1354,31988,27.0
777,1355,32009,21.0
777,1356,32029,20.0
777,1357,32051,22.0
777,1358,32066,15.0
777,1359,32093,27.0
777,1360,32110,17.0
777,1361,32124,14.0
777,1362,32136,12.0
777,1363,32172,36.0
777,1364,32185,13.0
777,1365,32212,27.0
777,1366,32224,12.0
777,1367,32240,16.0
777,1368,32283,43.0
777,1369,32312,29.0
777,1370,32333,21.0
777,1371,32352,19.0
777,1372,32374,22.0
777,1373,32405,31.0
777,1374,32424,19.0
777,1375,32446,22.0
777,1376,32463,17.0
777,1377,32481,18.0
777,1378,32497,16.0
777,1379,32507,10.0
777,1380,32528,21.0
777,1381,32557,29.0
777,1382,32583,26.0
777,1383,32598,15.0
777,1384,32614,16.0
777,1385,32640,26.0
777,1386,32663,23.0
777,1387,32675,12.0
777,1388,32685,10.0
777,1389,32708,23.0
777,1390,32728,20.0
777,1391,32749,21.0
777,1392,32768,19.0
777,1393,32779,11.0
777,1394,32800,21.0
777,1395,32828,28.0
777,1396,32847,19.0
777,1397,32867,20.0
777,1398,32893,26.0
777,1399,32923,30.0
777,1400,32964,41.0
777,1401,32980,16.0
777,1402,33018,38.0
777,1403,33033,15.0
777,1404,33053,20.0
777,1405,33076,23.0
777,1406,33118,42.0
777,1407,33155,37.0
777,1408,33176,21.0
777,1409,33191,15.0
777,1410,33217,26.0
777,1411,33245,28.0
777,1412,33279,34.0
777,1413,33299,20.0
777,1414,33311,12.0
777,1415,33331,20.0
777,1416,33380,49.0
777,1417,33403,23.0
777,1418,33422,19.0
777,1419,33454,32.0
777,1420,33495,41.0
777,1421,33507,12.0
777,1422,33525,18.0
777,1423,33576,51.0
777,1424,33594,18.0
777,1425,33608,14.0
777,1426,33631,23.0
777,1427,33643,12.0
777,1428,33669,26.0
777,1429,33679,10.0
777,1430,33713,34.0
777,1431,33731,18.0
777,1432,33773,42.0
777,1433,33794,21.0
777,1434,33811,17.0
777,1435,33833,22.0
777,1436,33852,19.0
777,1437,33873,21.0
777,1438,33901,28.0
777,1439,33916,15.0
777,1440,33943,27.0
777,1441,33993,50.0
777,1442,34004,11.0
777,1443,34019,15.0
777,1444,34040,21.0
777,1445,34051,11.0
777,1446,34072,21.0
777,1447,34090,18.0
777,1448,34105,15.0
777,1449,34148,43.0
777,1450,34174,26.0
777,1451,34194,20.0
777,1452,34213,19.0
777,1453,34257,44.0
777,1454,34274,17.0
777,1455,34287,13.0
777,1456,34303,16.0
777,1457,34314,11.0
777,1458,34333,19.0
777,1459,34393,60.0
777,1460,34429,36.0
777,1461,34445,16.0
777,1462,34478,33.0
777,1463,34491,13.0
777,1464,34513,22.0
777,1465,34540,27.0
777,1466,34555,15.0
777,1467,34581,26.0
777,1468,34598,17.0
777,1469,34622,24.0
777,1470,34660,38.0
777,1471,34677,17.0
777,1472,34696,19.0
777,1473,34771,75.0
777,1474,34801,30.0
777,1475,34817,16.0
777,1476,34844,27.0
777,1477,34858,14.0
777,1478,34885,27.0
777,1479,34903,18.0
777,1480,34929,26.0
777,1481,34944,15.0
777,1482,34961,17.0
777,1483,34972,11.0
777,1484,34984,12.0
777,1485,35013,29.0
777,1486,35070,57.0
777,1487,35089,19.0
777,1488,35104,15.0
777,1489,35117,13.0
777,1490,35130,13.0
777,1491,35145,15.0
777,1492,35160,15.0
777,1493,35199,39.0
777,1494,35221,22.0
777,1495,35241,20.0
777,1496,35323,82.0
777,1497,35343,20.0
777,1498,35364,21.0
777,1499,35377,13.0
777,1500,35387,10.0
777,1501,35406,19.0
777,1502,35449,43.0
777,1503,35463,14.0
777,1504,35490,27.0
777,1505,35505,15.0
777,1506,35545,40.0
777,1507,35596,51.0
777,1508,35627,31.0
777,1509,35642,15.0
777,1510,35654,12.0
777,1511,35670,16.0
777,1512,35684,14.0
777,1513,35718,34.0
777,1514,35730,12.0
777,1515,35745,15.0
777,1516,35770,25.0
777,1517,35780,10.0
777,1518,35810,30.0
777,1519,35828,18.0
777,1520,35838,10.0
777,1521,35857,19.0
777,1522,35875,18.0
777,1523,35901,26.0
777,1524,35915,14.0
777,1525,35936,21.0
777,1526,35952,16.0
777,1527,35970,18.0
777,1528,35983,13.0
777,1529,36018,35.0
777,1530,36053,35.0
777,1531,36065,12.0
777,1532,36087,22.0
777,1533,36119,32.0
777,1534,36132,13.0
777,1535,36160,28.0
777,1536,36186,26.0
777,1537,36222,36.0
777,1538,36312,90.0
777,1539,36342,30.0
777,1540,36357,15.0
777,1541,36386,29.0
777,1542,36405,19.0
777,1543,36466,61.0
777,1544,36478,12.0
777,1545,36496,18.0
777,1546,36523,27.0
777,1547,36536,13.0
777,1548,36558,22.0
777,1549,36602,44.0
777,1550,36617,15.0
777,1551,36636,19.0
777,1552,36652,16.0
777,1553,36666,14.0
777,1554,36683,17.0
777,1555,36703,20.0
777,1556,36741,38.0
777,1557,36754,13.0
777,1558,36783,29.0
777,1559,36814,31.0
777,1560,36827,13.0
777,1561,36849,22.0
777,1562,36877,28.0
777,1563,36887,10.0
777,1564,36897,10.0
777,1565,36912,15.0
777,1566,36931,19.0
777,1567,36952,21.0
777,1568,36963,11.0
777,1569,36999,36.0
777,1570,37025,26.0
777,1571,37104,79.0
777,1572,37132,28.0
777,1573,37197,65.0
777,1574,37233,36.0
777,1575,37253,20.0
777,1576,37268,15.0
777,1577,37279,11.0
777,1578,37291,12.0
777,1579,37315,24.0
777,1580,37333,18.0
777,1581,37346,13.0
777,1582,37380,34.0
777,1583,37398,18.0
777,1584,37411,13.0
777,1585,37425,14.0
777,1586,37438,13.0
777,1587,37459,21.0
777,1588,37518,59.0
777,1589,37542,24.0
777,1590,37578,36.0
777,1591,37600,22.0
777,1592,37638,38.0
777,1593,37654,16.0
777,1594,37669,15.0
777,1595,37739,70.0
777,1596,37760,21.0
777,1597,37785,25.0
777,1598,37795,10.0
777,1599,37811,16.0
777,1600,37833,22.0
777,1601,37854,21.0
777,1602,37867,13.0
777,1603,37882,15.0
777,1604,37892,10.0
777,1605,37914,22.0
777,1606,37939,25.0
777,1607,37973,34.0
777,1608,37987,14.0
777,1609,37999,12.0
777,1610,38047,48.0
777,1611,38058,11.0
777,1612,38100,42.0
777,1613,38114,14.0
777,1614,38132,18.0
777,1615,38191,59.0
777,1616,38211,20.0
777,1617,38226,15.0
777,1618,38252,26.0
777,1619,38277,25.0
777,1620,38307,30.0
777,1621,38328,21.0
777,1622,38349,21.0
777,1623,38361,12.0
777,1624,38393,32.0
777,1625,38405,12.0
777,1626,38431,26.0
777,1627,38444,13.0
777,1628,38475,31.0
777,1629,38494,19.0
777,1630,38507,13.0
777,1631,38526,19.0
777,1632,38541,15.0
777,1633,38567,26.0
777,1634,38592,25.0
777,1635,38604,12.0
777,1636,38638,34.0
777,1637,38649,11.0
777,1638,38661,12.0
777,1639,38726,65.0
777,1640,38743,17.0
777,1641,38757,14.0
777,1642,38768,11.0
777,1643,38784,16.0
777,1644,38802,18.0
777,1645,38823,21.0
777,1646,38842,19.0
777,1647,38874,32.0
777,1648,38920,46.0
777,1649,38952,32.0
777,1650,38976,24.0
777,1651,38993,17.0
777,1652,39037,44.0
777,1653,39051,14.0
777,1654,39085,34.0
777,1655,39106,21.0
777,1656,39132,26.0
777,1657,39147,15.0
777,1658,39173,26.0
777,1659,39218,45.0
777,1660,39242,24.0
777,1661,39264,22.0
777,1662,39288,24.0
777,1663,39302,14.0
777,1664,39312,10.0
777,1665,39334,22.0
777,1666,39382,48.0
777,1667,39394,12.0
777,1668,39418,24.0
777,1669,39445,27.0
777,1670,39457,12.0
777,1671,39475,18.0
777,1672,39500,25.0
777,1673,39536,36.0
777,1674,39561,25.0
777,1675,39584,23.0
777,1676,39614,30.0
777,1677,39627,13.0
777,1678,39639,12.0
777,1679,39681,42.0
777,1680,39704,23.0
777,1681,39724,20.0
777,1682,39758,34.0
777,1683,39780,22.0
777,1684,39836,56.0
777,1685,39853,17.0
777,1686,39879,26.0
777,1687,39898,19.0
777,1688,39911,13.0
777,1689,39933,22.0
777,1690,39996,63.0
777,1691,40009,13.0
777,1692,40023,14.0
777,1693,40038,15.0
777,1694,40075,37.0
777,1695,40095,20.0
777,1696,40127,32.0
777,1697,40147,20.0
777,1698,40165,18.0
777,1699,40181,16.0
777,1700,40225,44.0
777,1701,40248,23.0
777,1702,40289,41.0
777,1703,40312,23.0
777,1704,40331,19.0
777,1705,40349,18.0
777,1706,40358,9.0
777,1707,40387,29.0
777,1708,40399,12.0
777,1709,40444,45.0
777,1710,40460,16.0
777,1711,40476,16.0
777,1712,40498,22.0
777,1713,40554,56.0
777,1714,40572,18.0
777,1715,40613,41.0
777,1716,40630,17.0
777,1717,40657,27.0
777,1718,40682,25.0
777,1719,40700,18.0
777,1720,40725,25.0
777,1721,40751,26.0
777,1722,40783,32.0
777,1723,40821,38.0
777,1724,40834,13.0
777,1725,40847,13.0
777,1726,40875,28.0
777,1727,40890,15.0
777,1728,40907,17.0
777,1729,40956,49.0
777,1730,40967,11.0
777,1731,40986,19.0
777,1732,41010,24.0
777,1733,41032,22.0
777,1734,41052,20.0
777,1735,41075,23.0
777,1736,41113,38.0
777,1737,41147,34.0
777,1738,41191,44.0
777,1739,41210,19.0
777,1740,41230,20.0
777,1741,41243,13.0
777,1742,41263,20.0
777,1743,41275,12.0
777,1744,41309,34.0
777,1745,41352,43.0
777,1746,41370,18.0
777,1747,41382,12.0
777,1748,41420,38.0
777,1749,41433,13.0
777,1750,41465,32.0
777,1751,41484,19.0
777,1752,41499,15.0
777,1753,41514,15.0
777,1754,41537,23.0
777,1755,41561,24.0
777,1756,41571,10.0
777,1757,41620,49.0
777,1758,41649,29.0
777,1759,41665,16.0
777,1760,41701,36.0
777,1761,41715,14.0
777,1762,41727,12.0
777,1763,41740,13.0
777,1764,41772,32.0
777,1765,41784,12.0
777,1766,41826,42.0
777,1767,41840,14.0
777,1768,41856,16.0
777,1769,41872,16.0
777,1770,41912,40.0
777,1771,41923,11.0
777,1772,41952,29.0
777,1773,41991,39.0
777,1774,42023,32.0
777,1775,42033,10.0
777,1776,42045,12.0
777,1777,42062,17.0
777,1778,42093,31.0
777,1779,42118,25.0
777,1780,42162,44.0
777,1781,42202,40.0
777,1782,42219,17.0
777,1783,42288,69.0
777,1784,42302,14.0
777,1785,42331,29.0
777,1786,42348,17.0
777,1787,42367,19.0
777,1788,42432,65.0
777,1789,42454,22.0
777,1790,42483,29.0
777,1791,42525,42.0
777,1792,42549,24.0
777,1793,42631,82.0
777,1794,42646,15.0
777,1795,42673,27.0
777,1796,42686,13.0
777,1797,42701,15.0
777,1798,42720,19.0
777,1799,42741,21.0
777,1800,42761,20.0
777,1801,42777,16.0
777,1802,42802,25.0
777,1803,42842,40.0
777,1804,42864,22.0
777,1805,42894,30.0
777,1806,42914,20.0
777,1807,42945,31.0
777,1808,42983,38.0
777,1809,43031,48.0
777,1810,43058,27.0
777,1811,43081,23.0
777,1812,43098,17.0
777,1813,43111,13.0
777,1814,43150,39.0
777,1815,43168,18.0
777,1816,43189,21.0
777,1817,43227,38.0
777,1818,43269,42.0
777,1819,43283,14.0
777,1820,43333,50.0
777,1821,43358,25.0
777,1822,43383,25.0
777,1823,43406,23.0
777,1824,43425,19.0
777,1825,43455,30.0
777,1826,43486,31.0
777,1827,43528,42.0
777,1828,43543,15.0
777,1829,43555,12.0
777,1830,43579,24.0
777,1831,43596,17.0
777,1832,43614,18.0
777,1833,43648,34.0
777,1834,43672,24.0
777,1835,43716,44.0
777,1836,43731,15.0
777,1837,43762,31.0
777,1838,43785,23.0
777,1839,43808,23.0
777,1840,43825,17.0
777,1841,43836,11.0
777,1842,43863,27.0
777,1843,43888,25.0
777,1844,43906,18.0
777,1845,43917,11.0
777,1846,43956,39.0
777,1847,43966,10.0
777,1848,43987,21.0
777,1849,44034,47.0
777,1850,44068,34.0
777,1851,44113,45.0
777,1852,44150,37.0
777,1853,44167,17.0
777,1854,44185,18.0
777,1855,44207,22.0
777,1856,44223,16.0
777,1857,44245,22.0
777,1858,44264,19.0
777,1859,44284,20.0
777,1860,44314,30.0
777,1861,44344,30.0
777,1862,44356,12.0
777,1863,44368,12.0
777,1864,44396,28.0
777,1865,44419,23.0
777,1866,44438,19.0
777,1867,44466,28.0
777,1868,44504,38.0
777,1869,44563,59.0
777,1870,44575,12.0
777,1871,44591,16.0
777,1872,44609,18.0
777,1873,44641,32.0
777,1874,44658,17.0
777,1875,44724,66.0
777,1876,44741,17.0
777,1877,44762,21.0
777,1878,44788,26.0
777,1879,44808,20.0
777,1880,44828,20.0
777,1881,44867,39.0
777,1882,44884,17.0
777,1883,44908,24.0
777,1884,44927,19.0
777,1885,44967,40.0
777,1886,44987,20.0
777,1887,45006,19.0
777,1888,45034,28.0
777,1889,45056,22.0
777,1890,45078,22.0
777,1891,45097,19.0
777,1892,45124,27.0
777,1893,45139,15.0
777,1894,45170,31.0
777,1895,45222,52.0
777,1896,45234,12.0
777,1897,45263,29.0
777,1898,45287,24.0
777,1899,45325,38.0
777,1900,45344,19.0
777,1901,45353,9.0
777,1902,45376,23.0
777,1903,45406,30.0
777,1904,45442,36.0
777,1905,45457,15.0
777,1906,45496,39.0
777,1907,45527,31.0
777,1908,45536,9.0
777,1909,45558,22.0
777,1910,45618,60.0
777,1911,45630,12.0
777,1912,45654,24.0
777,1913,45673,19.0
777,1914,45695,22.0
777,1915,45724,29.0
777,1916,45759,35.0
777,1917,45787,28.0
777,1918,45832,45.0
777,1919,45848,16.0
777,1920,45870,22.0
777,1921,45909,39.0
777,1922,45921,12.0
777,1923,45937,16.0
777,1924,45956,19.0
777,1925,45974,18.0
777,1926,45995,21.0
777,1927,46010,15.0
777,1928,46032,22.0
777,1929,46060,28.0
777,1930,46084,24.0
777,1931,46121,37.0
777,1932,46165,44.0
777,1933,46182,17.0
777,1934,46201,19.0
777,1935,46222,21.0
777,1936,46233,11.0
777,1937,46246,13.0
777,1938,46285,39.0
777,1939,46330,45.0
777,1940,46350,20.0
777,1941,46365,15.0
777,1942,46382,17.0
777,1943,46403,21.0
777,1944,46414,11.0
777,1945,46445,31.0
777,1946,46463,18.0
777,1947,46478,15.0
777,1948,46494,16.0
777,1949,46515,21.0
777,1950,46579,64.0
777,1951,46606,27.0
777,1952,46633,27.0
777,1953,46643,10.0
777,1954,46699,56.0
777,1955,46717,18.0
777,1956,46739,22.0
777,1957,46758,19.0
777,1958,46779,21.0
777,1959,46798,19.0
777,1960,46824,26.0
777,1961,46842,18.0
777,1962,46883,41.0
777,1963,46909,26.0
777,1964,46933,24.0
777,1965,46998,65.0
777,1966,47012,14.0
777,1967,47031,19.0
777,1968,47057,26.0
777,1969,47070,13.0
777,1970,47108,38.0
777,1971,47130,22.0
777,1972,47144,14.0
777,1973,47156,12.0
777,1974,47174,18.0
777,1975,47205,31.0
777,1976,47224,19.0
777,1977,47257,33.0
777,1978,47271,14.0
777,1979,47291,20.0
777,1980,47304,13.0
777,1981,47328,24.0
777,1982,47341,13.0
777,1983,47357,16.0
777,1984,47390,33.0
777,1985,47415,25.0
777,1986,47431,16.0
777,1987,47445,14.0
777,1988,47492,47.0
777,1989,47540,48.0
777,1990,47555,15.0
777,1991,47597,42.0
777,1992,47609,12.0
777,1993,47624,15.0
777,1994,47653,29.0
777,1995,47677,24.0
777,1996,47690,13.0
777,1997,47715,25.0
777,1998,47750,35.0
777,1999,47769,19.0
777,2000,47817,48.0
777,2001,47835,18.0
777,2002,47846,11.0
777,2003,47869,23.0
777,2004,47891,22.0
777,2005,47908,17.0
777,2006,47985,77.0
777,2007,48038,53.0
777,2008,48058,20.0
777,2009,48090,32.0
777,2010,48099,9.0
777,2011,48133,34.0
777,2012,48158,25.0
777,2013,48228,70.0
777,2014,48243,15.0
777,2015,48268,25.0
777,2016,48280,12.0
777,2017,48308,28.0
777,2018,48322,14.0
777,2019,48342,20.0
777,2020,48373,31.0
777,2021,48388,15.0
777,2022,48407,19.0
777,2023,48454,47.0
777,2024,48475,21.0
777,2025,48512,37.0
777,2026,48523,11.0
777,2027,48537,14.0
777,2028,48550,13.0
777,2029,48582,32.0
777,2030,48598,16.0
777,2031,48608,10.0
777,2032,48630,22.0
777,2033,48647,17.0
777,2034,48663,16.0
777,2035,48678,15.0
777,2036,48699,21.0
777,2037,48717,18.0
777,2038,48740,23.0
777,2039,48755,15.0
777,2040,48769,14.0
777,2041,48791,22.0
777,2042,48806,15.0
777,2043,48866,60.0
777,2044,48875,9.0
777,2045,48919,44.0
777,2046,48934,15.0
777,2047,48954,20.0
777,2048,48990,36.0
777,2049,49001,11.0
777,2050,49024,23.0
777,2051,49050,26.0
777,2052,49072,22.0
777,2053,49137,65.0
777,2054,49147,10.0
777,2055,49163,16.0
777,2056,49187,24.0
777,2057,49207,20.0
777,2058,49223,16.0
777,2059,49279,56.0
777,2060,49299,20.0
777,2061,49316,17.0
777,2062,49344,28.0
777,2063,49356,12.0
777,2064,49377,21.0
777,2065,49421,44.0
777,2066,49434,13.0
777,2067,49447,13.0
777,2068,49477,30.0
777,2069,49502,25.0
777,2070,49533,31.0
777,2071,49558,25.0
777,2072,49567,9.0
777,2073,49584,17.0
777,2074,49609,25.0
777,2075,49633,24.0
777,2076,49666,33.0
777,2077,49701,35.0
777,2078,49713,12.0
777,2079,49729,16.0
777,2080,49761,32.0
777,2081,49784,23.0
777,2082,49797,13.0
777,2083,49813,16.0
777,2084,49833,20.0
777,2085,49860,27.0
777,2086,49912,52.0
777,2087,49926,14.0
777,2088,49936,10.0
777,2089,49957,21.0
777,2090,49989,32.0
777,2091,50012,23.0
777,2092,50042,30.0
777,2093,50080,38.0
777,2094,50118,38.0
777,2095,50130,12.0
777,2096,50140,10.0
777,2097,50156,16.0
777,2098,50176,20.0
777,2099,50195,19.0
777,2100,50215,20.0
777,2101,50232,17.0
777,2102,50271,39.0
777,2103,50284,13.0
777,2104,50318,34.0
777,2105,50338,20.0
777,2106,50362,24.0
777,2107,50379,17.0
777,2108,50398,19.0
777,2109,50422,24.0
777,2110,50462,40.0
777,2111,50476,14.0
777,2112,50519,43.0
777,2113,50531,12.0
777,2114,50545,14.0
777,2115,50607,62.0
777,2116,50641,34.0
777,2117,50685,44.0
777,2118,50704,19.0
777,2119,50727,23.0
777,2120,50742,15.0
777,2121,50759,17.0
777,2122,50787,28.0
777,2123,50831,44.0
777,2124,50843,12.0
777,2125,50871,28.0
777,2126,50889,18.0
777,2127,50914,25.0
777,2128,50934,20.0
777,2129,50950,16.0
777,2130,50960,10.0
777,2131,50977,17.0
777,2132,50993,16.0
777,2133,51024,31.0
777,2134,51073,49.0
777,2135,51092,19.0
777,2136,51118,26.0
777,2137,51136,18.0
777,2138,51161,25.0
777,2139,51195,34.0
777,2140,51206,11.0
777,2141,51232,26.0
777,2142,51256,24.0
777,2143,51271,15.0
777,2144,51310,39.0
777,2145,51331,21.0
777,2146,51361,30.0
777,2147,51385,24.0
777,2148,51398,13.0
777,2149,51415,17.0
777,2150,51429,14.0
777,2151,51457,28.0
777,2152,51485,28.0
777,2153,51524,39.0
777,2154,51551,27.0
777,2155,51590,39.0
777,2156,51620,30.0
777,2157,51635,15.0
777,2158,51645,10.0
777,2159,51712,67.0
777,2160,51766,54.0
777,2161,51781,15.0
777,2162,51796,15.0
777,2163,51806,10.0
777,2164,51851,45.0
777,2165,51869,18.0
777,2166,51889,20.0
777,2167,51907,18.0
777,2168,51918,11.0
777,2169,51932,14.0
777,2170,51992,60.0
777,2171,52017,25.0
777,2172,52038,21.0
777,2173,52056,18.0
777,2174,52086,30.0
777,2175,52102,16.0
777,2176,52118,16.0
777,2177,52135,17.0
777,2178,52165,30.0
777,2179,52181,16.0
777,2180,52214,33.0
777,2181,52244,30.0
777,2182,52305,61.0
777,2183,52344,39.0
777,2184,52387,43.0
777,2185,52402,15.0
777,2186,52428,26.0
777,2187,52447,19.0
777,2188,52464,17.0
777,2189,52485,21.0
777,2190,52505,20.0
777,2191,52518,13.0
777,2192,52539,21.0
777,2193,52574,35.0
777,2194,52594,20.0
777,2195,52639,45.0
777,2196,52654,15.0
777,2197,52668,14.0
777,2198,52696,28.0
777,2199,52734,38.0
777,2200,52754,20.0
777,2201,52786,32.0
777,2202,52815,29.0
777,2203,52838,23.0
777,2204,52852,14.0
777,2205,52884,32.0
777,2206,52927,43.0
777,2207,52942,15.0
777,2208,52961,19.0
777,2209,52983,22.0
777,2210,53002,19.0
777,2211,53015,13.0
777,2212,53038,23.0
777,2213,53049,11.0
777,2214,53061,12.0
777,2215,53114,53.0
777,2216,53135,21.0
777,2217,53165,30.0
777,2218,53180,15.0
777,2219,53213,33.0
777,2220,53248,35.0
777,2221,53258,10.0
777,2222,53287,29.0
777,2223,53311,24.0
777,2224,53356,45.0
777,2225,53373,17.0
777,2226,53395,22.0
777,2227,53449,54.0
777,2228,53460,11.0
777,2229,53481,21.0
777,2230,53510,29.0
777,2231,53529,19.0
777,2232,53593,64.0
777,2233,53628,35.0
777,2234,53660,32.0
777,2235,53709,49.0
777,2236,53729,20.0
777,2237,53758,29.0
777,2238,53800,42.0
777,2239,53836,36.0
777,2240,53852,16.0
777,2241,53909,57.0
777,2242,53937,28.0
777,2243,53953,16.0
777,2244,53983,30.0
777,2245,53993,10.0
777,2246,54027,34.0
777,2247,54043,16.0
777,2248,54058,15.0
777,2249,54101,43.0
777,2250,54122,21.0
777,2251,54134,12.0
777,2252,54161,27.0
777,2253,54217,56.0
777,2254,54321,104.0
777,2255,54331,10.0
777,2256,54359,28.0
777,2257,54382,23.0
777,2258,54407,25.0
777,2259,54435,28.0
777,2260,54474,39.0
777,2261,54493,19.0
777,2262,54582,89.0
777,2263,54598,16.0
777,2264,54623,25.0
777,2265,54653,30.0
777,2266,54671,18.0
777,2267,54682,11.0
777,2268,54719,37.0
777,2269,54747,28.0
777,2270,54765,18.0
777,2271,54803,38.0
777,2272,54823,20.0
777,2273,54843,20.0
777,2274,54883,40.0
777,2275,54896,13.0
777,2276,54914,18.0
777,2277,54925,11.0
777,2278,54945,20.0
777,2279,54958,13.0
777,2280,54981,23.0
777,2281,55017,36.0
777,2282,55034,17.0
777,2283,55048,14.0
777,2284,55062,14.0
777,2285,55080,18.0
777,2286,55102,22.0
777,2287,55113,11.0
777,2288,55139,26.0
777,2289,55158,19.0
777,2290,55202,44.0
777,2291,55228,26.0
777,2292,55258,30.0
777,2293,55301,43.0
777,2294,55313,12.0
777,2295,55356,43.0
777,2296,55369,13.0
777,2297,55380,11.0
777,2298,55393,13.0
777,2299,55407,14.0
777,2300,55447,40.0
777,2301,55524,77.0
777,2302,55563,39.0
777,2303,55592,29.0
777,2304,55605,13.0
777,2305,55624,19.0
777,2306,55686,62.0
777,2307,55722,36.0
777,2308,55777,55.0
777,2309,55796,19.0
777,2310,55829,33.0
777,2311,55884,55.0
777,2312,55934,50.0
777,2313,55962,28.0
777,2314,55995,33.0
777,2315,56009,14.0
777,2316,56021,12.0
777,2317,56077,56.0
777,2318,56114,37.0
777,2319,56164,50.0
777,2320,56182,18.0
777,2321,56198,16.0
777,2322,56230,32.0
777,2323,56261,31.0
777,2324,56278,17.0
777,2325,56326,48.0
777,2326,56346,20.0
777,2327,56372,26.0
777,2328,56386,14.0
777,2329,56400,14.0
777,2330,56435,35.0
777,2331,56456,21.0
777,2332,56475,19.0
777,2333,56556,81.0
777,2334,56571,15.0
777,2335,56588,17.0
777,2336,56610,22.0
777,2337,56629,19.0
777,2338,56670,41.0
777,2339,56684,14.0
777,2340,56715,31.0
777,2341,56761,46.0
777,2342,56785,24.0
777,2343,56810,25.0
777,2344,56832,22.0
777,2345,56882,50.0
777,2346,56918,36.0
777,2347,56957,39.0
777,2348,56978,21.0
777,2349,57001,23.0
777,2350,57049,48.0
777,2351,57109,60.0
777,2352,57120,11.0
777,2353,57135,15.0
777,2354,57168,33.0
777,2355,57185,17.0
777,2356,57221,36.0
777,2357,57241,20.0
777,2358,57253,12.0
777,2359,57287,34.0
777,2360,57315,28.0
777,2361,57333,18.0
777,2362,57349,16.0
777,2363,57368,19.0
777,2364,57399,31.0
777,2365,57417,18.0
777,2366,57439,22.0
777,2367,57464,25.0
777,2368,57477,13.0
777,2369,57498,21.0
777,2370,57516,18.0
777,2371,57549,33.0
777,2372,57563,14.0
777,2373,57579,16.0
777,2374,57629,50.0
777,2375,57644,15.0
777,2376,57664,20.0
777,2377,57734,70.0
777,2378,57774,40.0
777,2379,57799,25.0
777,2380,57818,19.0
777,2381,57842,24.0
777,2382,57858,16.0
777,2383,57869,11.0
777,2384,57891,22.0
777,2385,57917,26.0
777,2386,57940,23.0
777,2387,57956,16.0
777,2388,57973,17.0
777,2389,58005,32.0
777,2390,58031,26.0
777,2391,58053,22.0
777,2392,58094,41.0
777,2393,58133,39.0
777,2394,58157,24.0
777,2395,58186,29.0
777,2396,58255,69.0
777,2397,58269,14.0
777,2398,58294,25.0
777,2399,58306,12.0
777,2400,58322,16.0
777,2401,58348,26.0
777,2402,58362,14.0
777,2403,58405,43.0
777,2404,58417,12.0
777,2405,58440,23.0
777,2406,58469,29.0
777,2407,58483,14.0
777,2408,58510,27.0
777,2409,58542,32.0
777,2410,58587,45.0
777,2411,58611,24.0
777,2412,58633,22.0
777,2413,58697,64.0
777,2414,58707,10.0
777,2415,58738,31.0
777,2416,58751,13.0
777,2417,58767,16.0
777,2418,58811,44.0
777,2419,58825,14.0
777,2420,58846,21.0
777,2421,58866,20.0
777,2422,58878,12.0
777,2423,58906,28.0
777,2424,58939,33.0
777,2425,58958,19.0
777,2426,59003,45.0
777,2427,59024,21.0
777,2428,59046,22.0
777,2429,59069,23.0
777,2430,59082,13.0
777,2431,59109,27.0
777,2432,59134,25.0
777,2433,59162,28.0
777,2434,59235,73.0
777,2435,59269,34.0
777,2436,59286,17.0
777,2437,59311,25.0
777,2438,59333,22.0
777,2439,59343,10.0
777,2440,59365,22.0
777,2441,59382,17.0
777,2442,59465,83.0
777,2443,59480,15.0
777,2444,59498,18.0
777,2445,59530,32.0
777,2446,59547,17.0
777,2447,59598,51.0
777,2448,59680,82.0
777,2449,59694,14.0
777,2450,59711,17.0
777,2451,59737,26.0
777,2452,59751,14.0
777,2453,59781,30.0
777,2454,59802,21.0
777,2455,59833,31.0
777,2456,59855,22.0
777,2457,59891,36.0
777,2458,59907,16.0
777,2459,59928,21.0
777,2460,59945,17.0
777,2461,59963,18.0
777,2462,59981,18.0
777,2463,59995,14.0
777,2464,60010,15.0
777,2465,60049,39.0
777,2466,60068,19.0
777,2467,60094,26.0
777,2468,60122,28.0
777,2469,60149,27.0
777,2470,60163,14.0
777,2471,60275,112.0
777,2472,60291,16.0
777,2473,60301,10.0
777,2474,60343,42.0
777,2475,60362,19.0
777,2476,60380,18.0
777,2477,60397,17.0
777,2478,60415,18.0
777,2479,60431,16.0
777,2480,60452,21.0
777,2481,60499,47.0
777,2482,60513,14.0
777,2483,60525,12.0
777,2484,60555,30.0
777,2485,60567,12.0
777,2486,60603,36.0
777,2487,60612,9.0
777,2488,60635,23.0
777,2489,60666,31.0
777,2490,60693,27.0
777,2491,60726,33.0
777,2492,60749,23.0
777,2493,60771,22.0
777,2494,60783,12.0
777,2495,60793,10.0
777,2496,60811,18.0
777,2497,60836,25.0
777,2498,60913,77.0
777,2499,60928,15.0
777,2500,60952,24.0
777,2501,60997,45.0
777,2502,61010,13.0
777,2503,61027,17.0
777,2504,61062,35.0
777,2505,61078,16.0
777,2506,61097,19.0
777,2507,61145,48.0
777,2508,61168,23.0
777,2509,61204,36.0
777,2510,61243,39.0
777,2511,61271,28.0
777,2512,61296,25.0
777,2513,61319,23.0
777,2514,61334,15.0
777,2515,61374,40.0
777,2516,61399,25.0
777,2517,61414,15.0
777,2518,61444,30.0
777,2519,61484,40.0
777,2520,61522,38.0
777,2521,61540,18.0
777,2522,61567,27.0
777,2523,61604,37.0
777,2524,61618,14.0
777,2525,61634,16.0
777,2526,61654,20.0
777,2527,61672,18.0
777,2528,61707,35.0
777,2529,61749,42.0
777,2530,61764,15.0
777,2531,61813,49.0
777,2532,61870,57.0
777,2533,61895,25.0
777,2534,61908,13.0
777,2535,61935,27.0
777,2536,61969,34.0
777,2537,62010,41.0
777,2538,62022,12.0
777,2539,62034,12.0
777,2540,62050,16.0
777,2541,62075,25.0
777,2542,62094,19.0
777,2543,62142,48.0
777,2544,62168,26.0
777,2545,62188,20.0
777,2546,62205,17.0
777,2547,62226,21.0
777,2548,62245,19.0
777,2549,62266,21.0
777,2550,62277,11.0
777,2551,62304,27.0
777,2552,62317,13.0
777,2553,62332,15.0
777,2554,62357,25.0
777,2555,62372,15.0
777,2556,62405,33.0
777,2557,62437,32.0
777,2558,62462,25.0
777,2559,62477,15.0
777,2560,62488,11.0
777,2561,62547,59.0
777,2562,62558,11.0
777,2563,62601,43.0
777,2564,62628,27.0
777,2565,62649,21.0
777,2566,62666,17.0
777,2567,62691,25.0
777,2568,62719,28.0
777,2569,62729,10.0
777,2570,62801,72.0
777,2571,62828,27.0
777,2572,62852,24.0
777,2573,62894,42.0
777,2574,62919,25.0
777,2575,62939,20.0
777,2576,62958,19.0
777,2577,62980,22.0
777,2578,62993,13.0
777,2579,63010,17.0
777,2580,63055,45.0
777,2581,63075,20.0
777,2582,63090,15.0
777,2583,63100,10.0
777,2584,63113,13.0
777,2585,63164,51.0
777,2586,63179,15.0
777,2587,63193,14.0
777,2588,63218,25.0
777,2589,63246,28.0
777,2590,63276,30.0
777,2591,63293,17.0
777,2592,63314,21.0
777,2593,63348,34.0
777,2594,63373,25.0
777,2595,63422,49.0
777,2596,63448,26.0
777,2597,63457,9.0
777,2598,63502,45.0
777,2599,63519,17.0
777,2600,63530,11.0
777,2601,63547,17.0
777,2602,63562,15.0
777,2603,63593,31.0
777,2604,63651,58.0
777,2605,63686,35.0
777,2606,63708,22.0
777,2607,63726,18.0
777,2608,63741,15.0
777,2609,63758,17.0
777,2610,63774,16.0
777,2611,63789,15.0
777,2612,63822,33.0
777,2613,63835,13.0
777,2614,63874,39.0
777,2615,63906,32.0
777,2616,63926,20.0
777,2617,63943,17.0
777,2618,63956,13.0
777,2619,63971,15.0
777,2620,63996,25.0
777,2621,64011,15.0
777,2622,64037,26.0
777,2623,64064,27.0
777,2624,64084,20.0
777,2625,64104,20.0
777,2626,64124,20.0
777,2627,64138,14.0
777,2628,64156,18.0
777,2629,64187,31.0
777,2630,64262,75.0
777,2631,64288,26.0
777,2632,64312,24.0
777,2633,64332,20.0
777,2634,64355,23.0
777,2635,64367,12.0
777,2636,64391,24.0
777,2637,64428,37.0
777,2638,64451,23.0
777,2639,64481,30.0
777,2640,64491,10.0
777,2641,64514,23.0
777,2642,64536,22.0
777,2643,64572,36.0
777,2644,64586,14.0
777,2645,64600,14.0
777,2646,64623,23.0
777,2647,64726,103.0
777,2648,64768,42.0
777,2649,64779,11.0
777,2650,64813,34.0
777,2651,64826,13.0
777,2652,64861,35.0
777,2653,64885,24.0
777,2654,64912,27.0
777,2655,64927,15.0
777,2656,64945,18.0
777,2657,64962,17.0
777,2658,65008,46.0
777,2659,65038,30.0
777,2660,65073,35.0
777,2661,65122,49.0
777,2662,65154,32.0
777,2663,65182,28.0
777,2664,65231,49.0
777,2665,65247,16.0
777,2666,65269,22.0
777,2667,65321,52.0
777,2668,65337,16.0
777,2669,65364,27.0
777,2670,65376,12.0
777,2671,65397,21.0
777,2672,65427,30.0
777,2673,65446,19.0
777,2674,65458,12.0
777,2675,65470,12.0
777,2676,65495,25.0
777,2677,65508,13.0
777,2678,65522,14.0
777,2679,65543,21.0
777,2680,65605,62.0
777,2681,65625,20.0
777,2682,65641,16.0
777,2683,65650,9.0
777,2684,65667,17.0
777,2685,65684,17.0
777,2686,65714,30.0
777,2687,65733,19.0
777,2688,65750,17.0
777,2689,65767,17.0
777,2690,65775,8.0
777,2691,65794,19.0
777,2692,65858,64.0
777,2693,65876,18.0
777,2694,65902,26.0
777,2695,65922,20.0
777,2696,65940,18.0
777,2697,65956,16.0
777,2698,65969,13.0
777,2699,65991,22.0
777,2700,66048,57.0
777,2701,66062,14.0
777,2702,66105,43.0
777,2703,66159,54.0
777,2704,66171,12.0
777,2705,66187,16.0
777,2706,66213,26.0
777,2707,66224,11.0
777,2708,66251,27.0
777,2709,66295,44.0
777,2710,66308,13.0
777,2711,66340,32.0
777,2712,66359,19.0
777,2713,66377,18.0
777,2714,66446,69.0
777,2715,66512,66.0
777,2716,66529,17.0
777,2717,66555,26.0
777,2718,66572,17.0
777,2719,66611,39.0
777,2720,66638,27.0
777,2721,66688,50.0
777,2722,66704,16.0
777,2723,66752,48.0
777,2724,66780,28.0
777,2725,66802,22.0
777,2726,66862,60.0
777,2727,66883,21.0
777,2728,66911,28.0
777,2729,66950,39.0
777,2730,66963,13.0
777,2731,66984,21.0
777,2732,67001,17.0
777,2733,67019,18.0
777,2734,67078,59.0
777,2735,67103,25.0
777,2736,67137,34.0
777,2737,67169,32.0
777,2738,67178,9.0
777,2739,67200,22.0
777,2740,67253,53.0
777,2741,67300,47.0
777,2742,67322,22.0
777,2743,67343,21.0
777,2744,67358,15.0
777,2745,67408,50.0
777,2746,67421,13.0
777,2747,67449,28.0
777,2748,67474,25.0
777,2749,67515,41.0
777,2750,67528,13.0
777,2751,67569,41.0
777,2752,67592,23.0
777,2753,67614,22.0
777,2754,67643,29.0
777,2755,67659,16.0
777,2756,67675,16.0
777,2757,67716,41.0
777,2758,67743,27.0
777,2759,67805,62.0
777,2760,67818,13.0
777,2761,67843,25.0
777,2762,67896,53.0
777,2763,67907,11.0
777,2764,67993,86.0
777,2765,68039,46.0
777,2766,68061,22.0
777,2767,68086,25.0
777,2768,68117,31.0
777,2769,68156,39.0
777,2770,68176,20.0
777,2771,68208,32.0
777,2772,68242,34.0
777,2773,68268,26.0
777,2774,68329,61.0
777,2775,68354,25.0
777,2776,68369,15.0
777,2777,68405,36.0
777,2778,68422,17.0
777,2779,68446,24.0
777,2780,68479,33.0
777,2781,68497,18.0
777,2782,68551,54.0
777,2783,68606,55.0
777,2784,68620,14.0
777,2785,68657,37.0
777,2786,68728,71.0
777,2787,68746,18.0
777,2788,68761,15.0
777,2789,68792,31.0
777,2790,68804,12.0
777,2791,68828,24.0
777,2792,68877,49.0
777,2793,68890,13.0
777,2794,68911,21.0
777,2795,68933,22.0
777,2796,68997,64.0
777,2797,69010,13.0
777,2798,69037,27.0
777,2799,69067,30.0
777,2800,69078,11.0
777,2801,69106,28.0
777,2802,69138,32.0
777,2803,69205,67.0
777,2804,69243,38.0
777,2805,69276,33.0
777,2806,69308,32.0
777,2807,69333,25.0
777,2808,69352,19.0
777,2809,69385,33.0
777,2810,69405,20.0
777,2811,69437,32.0
777,2812,69465,28.0
777,2813,69482,17.0
777,2814,69502,20.0
777,2815,69524,22.0
777,2816,69541,17.0
777,2817,69556,15.0
777,2818,69584,28.0
777,2819,69605,21.0
777,2820,69671,66.0
777,2821,69691,20.0
777,2822,69709,18.0
777,2823,69739,30.0
777,2824,69752,13.0
777,2825,69773,21.0
777,2826,69796,23.0
777,2827,69837,41.0
777,2828,69855,18.0
777,2829,69882,27.0
777,2830,69898,16.0
777,2831,69927,29.0
777,2832,69956,29.0
777,2833,69970,14.0
777,2834,69985,15.0
777,2835,70014,29.0
777,2836,70039,25.0
777,2837,70061,22.0
777,2838,70100,39.0
777,2839,70116,16.0
777,2840,70168,52.0
777,2841,70188,20.0
777,2842,70253,65.0
777,2843,70268,15.0
777,2844,70279,11.0
777,2845,70303,24.0
777,2846,70328,25.0
777,2847,70340,12.0
777,2848,70361,21.0
777,2849,70416,55.0
777,2850,70425,9.0
777,2851,70439,14.0
777,2852,70529,90.0
777,2853,70549,20.0
777,2854,70562,13.0
777,2855,70578,16.0
777,2856,70605,27.0
777,2857,70651,46.0
777,2858,70714,63.0
777,2859,70726,12.0
777,2860,70743,17.0
777,2861,70755,12.0
777,2862,70788,33.0
777,2863,70802,14.0
777,2864,70823,21.0
777,2865,70842,19.0
777,2866,70859,17.0
777,2867,70868,9.0
777,2868,70888,20.0
777,2869,70919,31.0
777,2870,70939,20.0
777,2871,70959,20.0
777,2872,70987,28.0
777,2873,71015,28.0
777,2874,71055,40.0
777,2875,71071,16.0
777,2876,71091,20.0
777,2877,71116,25.0
777,2878,71130,14.0
777,2879,71161,31.0
777,2880,71223,62.0
777,2881,71283,60.0
777,2882,71305,22.0
777,2883,71316,11.0
777,2884,71330,14.0
777,2885,71342,12.0
777,2886,71386,44.0
777,2887,71415,29.0
777,2888,71468,53.0
777,2889,71482,14.0
777,2890,71502,20.0
777,2891,71525,23.0
777,2892,71556,31.0
777,2893,71571,15.0
777,2894,71594,23.0
777,2895,71610,16.0
777,2896,71655,45.0
777,2897,71677,22.0
777,2898,71688,11.0
777,2899,71703,15.0
777,2900,71742,39.0
777,2901,71786,44.0
777,2902,71805,19.0
777,2903,71820,15.0
777,2904,71842,22.0
777,2905,71862,20.0
777,2906,71908,46.0
777,2907,71920,12.0
777,2908,71941,21.0
777,2909,71956,15.0
777,2910,71971,15.0
777,2911,72027,56.0
777,2912,72095,68.0
777,2913,72110,15.0
777,2914,72123,13.0
777,2915,72143,20.0
777,2916,72161,18.0
777,2917,72203,42.0
777,2918,72226,23.0
777,2919,72244,18.0
777,2920,72262,18.0
777,2921,72284,22.0
777,2922,72346,62.0
777,2923,72376,30.0
777,2924,72408,32.0
777,2925,72423,15.0
777,2926,72482,59.0
777,2927,72493,11.0
777,2928,72510,17.0
777,2929,72539,29.0
777,2930,72571,32.0
777,2931,72584,13.0
777,2932,72607,23.0
777,2933,72631,24.0
777,2934,72661,30.0
777,2935,72691,30.0
777,2936,72706,15.0
777,2937,72725,19.0
777,2938,72760,35.0
777,2939,72783,23.0
777,2940,72805,22.0
777,2941,72843,38.0
777,2942,72888,45.0
777,2943,72926,38.0
777,2944,72966,40.0
777,2945,72975,9.0
777,2946,72989,14.0
777,2947,73003,14.0
777,2948,73022,19.0
777,2949,73051,29.0
777,2950,73064,13.0
777,2951,73147,83.0
777,2952,73159,12.0
777,2953,73171,12.0
777,2954,73183,12.0
777,2955,73198,15.0
777,2956,73207,9.0
777,2957,73223,16.0
777,2958,73238,15.0
777,2959,73255,17.0
777,2960,73273,18.0
777,2961,73291,18.0
777,2962,73312,21.0
777,2963,73328,16.0
777,2964,73343,15.0
777,2965,73364,21.0
777,2966,73423,59.0
777,2967,73438,15.0
777,2968,73456,18.0
777,2969,73492,36.0
777,2970,73512,20.0
777,2971,73528,16.0
777,2972,73545,17.0
777,2973,73557,12.0
777,2974,73612,55.0
777,2975,73659,47.0
777,2976,73677,18.0
777,2977,73724,47.0
777,2978,73742,18.0
777,2979,73760,18.0
777,2980,73788,28.0
777,2981,73815,27.0
777,2982,73862,47.0
777,2983,73924,62.0
777,2984,73952,28.0
777,2985,73992,40.0
777,2986,74011,19.0
777,2987,74036,25.0
777,2988,74068,32.0
777,2989,74087,19.0
777,2990,74119,32.0
777,2991,74137,18.0
777,2992,74154,17.0
777,2993,74174,20.0
777,2994,74189,15.0
777,2995,74225,36.0
777,2996,74238,13.0
777,2997,74299,61.0
777,2998,74324,25.0
777,2999,74376,52.0
777,3000,74419,43.0
777,3001,74443,24.0
777,3002,74465,22.0
777,3003,74545,80.0
777,3004,74634,89.0
777,3005,74662,28.0
777,3006,74690,28.0
777,3007,74719,29.0
777,3008,74731,12.0
777,3009,74758,27.0
777,3010,74817,59.0
777,3011,74828,11.0
777,3012,74864,36.0
777,3013,74893,29.0
777,3014,74904,11.0
777,3015,74917,13.0
777,3016,74939,22.0
777,3017,74957,18.0
777,3018,74978,21.0
777,3019,75015,37.0
777,3020,75027,12.0
777,3021,75048,21.0
777,3022,75080,32.0
777,3023,75096,16.0
777,3024,75108,12.0
777,3025,75126,18.0
777,3026,75152,26.0
777,3027,75183,31.0
777,3028,75200,17.0
777,3029,75224,24.0
777,3030,75247,23.0
777,3031,75300,53.0
777,3032,75320,20.0
777,3033,75340,20.0
777,3034,75379,39.0
777,3035,75414,35.0
777,3036,75442,28.0
777,3037,75453,11.0
777,3038,75484,31.0
777,3039,75516,32.0
777,3040,75542,26.0
777,3041,75572,30.0
777,3042,75584,12.0
777,3043,75640,56.0
777,3044,75657,17.0
777,3045,75674,17.0
777,3046,75693,19.0
777,3047,75728,35.0
777,3048,75757,29.0
777,3049,75792,35.0
777,3050,75802,10.0
777,3051,75829,27.0
777,3052,75846,17.0
777,3053,75869,23.0
777,3054,75891,22.0
777,3055,75922,31.0
777,3056,75977,55.0
777,3057,76013,36.0
777,3058,76035,22.0
777,3059,76058,23.0
777,3060,76082,24.0
777,3061,76106,24.0
777,3062,76143,37.0
777,3063,76173,30.0
777,3064,76200,27.0
777,3065,76228,28.0
777,3066,76252,24.0
777,3067,76265,13.0
777,3068,76277,12.0
777,3069,76293,16.0
777,3070,76320,27.0
777,3071,76339,19.0
777,3072,76353,14.0
777,3073,76387,34.0
777,3074,76428,41.0
777,3075,76440,12.0
777,3076,76504,64.0
777,3077,76550,46.0
777,3078,76564,14.0
777,3079,76581,17.0
777,3080,76619,38.0
777,3081,76654,35.0
777,3082,76682,28.0
777,3083,76696,14.0
777,3084,76731,35.0
777,3085,76760,29.0
777,3086,76772,12.0
777,3087,76784,12.0
777,3088,76802,18.0
777,3089,76820,18.0
777,3090,76884,64.0
777,3091,76910,26.0
777,3092,76940,30.0
777,3093,76965,25.0
777,3094,76999,34.0
777,3095,77064,65.0
777,3096,77077,13.0
777,3097,77107,30.0
777,3098,77129,22.0
777,3099,77160,31.0
777,3100,77175,15.0
777,3101,77192,17.0
777,3102,77238,46.0
777,3103,77260,22.0
777,3104,77300,40.0
777,3105,77351,51.0
777,3106,77370,19.0
777,3107,77388,18.0
777,3108,77405,17.0
777,3109,77422,17.0
777,3110,77433,11.0
777,3111,77485,52.0
777,3112,77509,24.0
777,3113,77524,15.0
777,3114,77538,14.0
777,3115,77558,20.0
777,3116,77588,30.0
777,3117,77598,10.0
777,3118,77648,50.0
777,3119,77674,26.0
777,3120,77695,21.0
777,3121,77715,20.0
777,3122,77741,26.0
777,3123,77772,31.0
777,3124,77813,41.0
777,3125,77829,16.0
777,3126,77854,25.0
777,3127,77868,14.0
777,3128,77893,25.0
777,3129,77904,11.0
777,3130,77935,31.0
777,3131,77946,11.0
777,3132,77970,24.0
777,3133,77987,17.0
777,3134,78021,34.0
777,3135,78094,73.0
777,3136,78152,58.0
777,3137,78161,9.0
777,3138,78175,14.0
777,3139,78230,55.0
777,3140,78294,64.0
777,3141,78343,49.0
777,3142,78364,21.0
777,3143,78392,28.0
777,3144,78405,13.0
777,3145,78418,13.0
777,3146,78443,25.0
777,3147,78470,27.0
777,3148,78495,25.0
777,3149,78524,29.0
777,3150,78538,14.0
777,3151,78574,36.0
777,3152,78592,18.0
777,3153,78614,22.0
777,3154,78642,28.0
777,3155,78651,9.0
777,3156,78674,23.0
777,3157,78694,20.0
777,3158,78719,25.0
777,3159,78785,66.0
777,3160,78825,40.0
777,3161,78838,13.0
777,3162,78864,26.0
777,3163,78903,39.0
777,3164,78928,25.0
777,3165,78944,16.0
777,3166,78972,28.0
777,3167,78985,13.0
777,3168,79013,28.0
777,3169,79029,16.0
777,3170,79071,42.0
777,3171,79100,29.0
777,3172,79116,16.0
777,3173,79142,26.0
777,3174,79162,20.0
777,3175,79188,26.0
777,3176,79203,15.0
777,3177,79241,38.0
777,3178,79258,17.0
777,3179,79276,18.0
777,3180,79311,35.0
777,3181,79381,70.0
777,3182,79395,14.0
777,3183,79418,23.0
777,3184,79463,45.0
777,3185,79473,10.0
777,3186,79505,32.0
777,3187,79556,51.0
777,3188,79613,57.0
777,3189,79636,23.0
777,3190,79676,40.0
777,3191,79699,23.0
777,3192,79718,19.0
777,3193,79732,14.0
777,3194,79799,67.0
777,3195,79842,43.0
777,3196,79858,16.0
777,3197,79871,13.0
777,3198,79910,39.0
777,3199,79932,22.0
777,3200,79957,25.0
777,3201,79983,26.0
777,3202,80019,36.0
777,3203,80034,15.0
777,3204,80051,17.0
777,3205,80087,36.0
777,3206,80111,24.0
777,3207,80172,61.0
777,3208,80203,31.0
777,3209,80215,12.0
777,3210,80254,39.0
777,3211,80264,10.0
777,3212,80281,17.0
777,3213,80307,26.0
777,3214,80322,15.0
777,3215,80361,39.0
777,3216,80434,73.0
777,3217,80484,50.0
777,3218,80521,37.0
777,3219,80546,25.0
777,3220,80570,24.0
777,3221,80618,48.0
777,3222,80636,18.0
777,3223,80660,24.0
777,3224,80682,22.0
777,3225,80702,20.0
777,3226,80727,25.0
777,3227,80761,34.0
777,3228,80780,19.0
777,3229,80804,24.0
777,3230,80831,27.0
777,3231,80858,27.0
777,3232,80910,52.0
777,3233,80926,16.0
777,3234,80971,45.0
777,3235,80993,22.0
777,3236,81010,17.0
777,3237,81058,48.0
777,3238,81098,40.0
777,3239,81115,17.0
777,3240,81148,33.0
777,3241,81164,16.0
777,3242,81209,45.0
777,3243,81249,40.0
777,3244,81282,33.0
777,3245,81298,16.0
777,3246,81330,32.0
777,3247,81351,21.0
777,3248,81378,27.0
777,3249,81411,33.0
777,3250,81435,24.0
777,3251,81468,33.0
777,3252,81492,24.0
777,3253,81535,43.0
777,3254,81561,26.0
777,3255,81577,16.0
777,3256,81599,22.0
777,3257,81622,23.0
777,3258,81640,18.0
777,3259,81685,45.0
777,3260,81709,24.0
777,3261,81720,11.0
777,3262,81747,27.0
777,3263,81774,27.0
777,3264,81806,32.0
777,3265,81831,25.0
777,3266,81851,20.0
777,3267,81885,34.0
777,3268,81929,44.0
777,3269,81990,61.0
777,3270,82050,60.0
777,3271,82061,11.0
777,3272,82099,38.0
777,3273,82145,46.0
777,3274,82176,31.0
777,3275,82223,47.0
777,3276,82264,41.0
777,3277,82281,17.0
777,3278,82314,33.0
777,3279,82357,43.0
777,3280,82369,12.0
777,3281,82399,30.0
777,3282,82474,75.0
777,3283,82533,59.0
777,3284,82571,38.0
777,3285,82600,29.0
777,3286,82636,36.0
777,3287,82669,33.0
777,3288,82698,29.0
777,3289,82717,19.0
777,3290,82756,39.0
777,3291,82798,42.0
777,3292,82817,19.0
777,3293,82832,15.0
777,3294,82874,42.0
777,3295,82884,10.0
777,3296,82894,10.0
777,3297,82928,34.0
777,3298,82943,15.0
777,3299,82972,29.0
777,3300,83004,32.0
777,3301,83022,18.0
777,3302,83048,26.0
777,3303,83107,59.0
777,3304,83127,20.0
777,3305,83160,33.0
777,3306,83201,41.0
777,3307,83225,24.0
777,3308,83257,32.0
777,3309,83279,22.0
777,3310,83302,23.0
777,3311,83318,16.0
777,3312,83339,21.0
777,3313,83416,77.0
777,3314,83435,19.0
777,3315,83459,24.0
777,3316,83479,20.0
777,3317,83494,15.0
777,3318,83511,17.0
777,3319,83525,14.0
777,3320,83557,32.0
777,3321,83573,16.0
777,3322,83586,13.0
777,3323,83703,117.0
777,3324,83800,97.0
777,3325,83818,18.0
777,3326,83842,24.0
777,3327,83874,32.0
777,3328,83895,21.0
777,3329,83950,55.0
777,3330,84000,50.0
777,3331,84023,23.0
777,3332,84037,14.0
777,3333,84052,15.0
777,3334,84079,27.0
777,3335,84102,23.0
777,3336,84153,51.0
777,3337,84190,37.0
777,3338,84215,25.0
777,3339,84246,31.0
777,3340,84265,19.0
777,3341,84281,16.0
777,3342,84312,31.0
777,3343,84363,51.0
777,3344,84376,13.0
777,3345,84401,25.0
777,3346,84415,14.0
777,3347,84428,13.0
777,3348,84515,87.0
777,3349,84557,42.0
777,3350,84582,25.0
777,3351,84605,23.0
777,3352,84663,58.0
777,3353,84707,44.0
777,3354,84747,40.0
777,3355,84765,18.0
777,3356,84782,17.0
777,3357,84810,28.0
777,3358,84851,41.0
777,3359,84893,42.0
777,3360,84917,24.0
777,3361,84955,38.0
777,3362,84969,14.0
777,3363,84990,21.0
777,3364,85017,27.0
777,3365,85031,14.0
777,3366,85053,22.0
777,3367,85081,28.0
777,3368,85112,31.0
777,3369,85159,47.0
777,3370,85169,10.0
777,3371,85181,12.0
777,3372,85206,25.0
777,3373,85238,32.0
777,3374,85254,16.0
777,3375,85306,52.0
777,3376,85342,36.0
777,3377,85351,9.0
777,3378,85383,32.0
777,3379,85403,20.0
777,3380,85424,21.0
777,3381,85447,23.0
777,3382,85473,26.0
777,3383,85496,23.0
777,3384,85545,49.0
777,3385,85555,10.0
777,3386,85594,39.0
777,3387,85613,19.0
777,3388,85631,18.0
777,3389,85675,44.0
777,3390,85695,20.0
777,3391,85742,47.0
777,3392,85772,30.0
777,3393,85809,37.0
777,3394,85825,16.0
777,3395,85843,18.0
777,3396,85863,20.0
777,3397,85904,41.0
777,3398,85915,11.0
777,3399,85943,28.0
777,3400,85954,11.0
777,3401,86001,47.0
777,3402,86080,79.0
777,3403,86138,58.0
777,3404,86152,14.0
777,3405,86179,27.0
777,3406,86206,27.0
777,3407,86248,42.0
777,3408,86294,46.0
777,3409,86332,38.0
777,3410,86346,14.0
777,3411,86384,38.0
777,3412,86406,22.0
777,3413,86451,45.0
777,3414,86495,44.0
777,3415,86517,22.0
777,3416,86538,21.0
777,3417,86599,61.0
777,3418,86632,33.0
777,3419,86667,35.0
777,3420,86682,15.0
777,3421,86699,17.0
777,3422,86734,35.0
777,3423,86770,36.0
777,3424,86800,30.0
777,3425,86846,46.0
777,3426,86909,63.0
777,3427,86940,31.0
777,3428,86979,39.0
777,3429,87001,22.0
777,3430,87030,29.0
777,3431,87055,25.0
777,3432,87097,42.0
777,3433,87163,66.0
777,3434,87204,41.0
777,3435,87225,21.0
777,3436,87263,38.0
777,3437,87351,88.0
777,3438,87383,32.0
777,3439,87397,14.0
777,3440,87440,43.0
777,3441,87496,56.0
777,3442,87519,23.0
777,3443,87536,17.0
777,3444,87551,15.0
777,3445,87570,19.0
777,3446,87585,15.0
777,3447,87610,25.0
777,3448,87630,20.0
777,3449,87657,27.0
777,3450,87724,67.0
777,3451,87758,34.0
777,3452,87774,16.0
777,3453,87794,20.0
777,3454,87831,37.0
777,3455,87862,31.0
777,3456,87893,31.0
777,3457,87907,14.0
777,3458,87942,35.0
777,3459,87962,20.0
777,3460,87977,15.0
777,3461,87994,17.0
777,3462,88020,26.0
777,3463,88049,29.0
777,3464,88066,17.0
777,3465,88088,22.0
777,3466,88106,18.0
777,3467,88147,41.0
777,3468,88196,49.0
777,3469,88218,22.0
777,3470,88247,29.0
777,3471,88260,13.0
777,3472,88319,59.0
777,3473,88364,45.0
777,3474,88411,47.0
777,3475,88426,15.0
777,3476,88470,44.0
777,3477,88491,21.0
777,3478,88507,16.0
777,3479,88521,14.0
777,3480,88561,40.0
777,3481,88609,48.0
777,3482,88626,17.0
777,3483,88636,10.0
777,3484,88655,19.0
777,3485,88727,72.0
777,3486,88749,22.0
777,3487,88770,21.0
777,3488,88795,25.0
777,3489,88865,70.0
777,3490,88923,58.0
777,3491,88999,76.0
777,3492,89031,32.0
777,3493,89070,39.0
777,3494,89082,12.0
777,3495,89092,10.0
777,3496,89113,21.0
777,3497,89126,13.0
777,3498,89146,20.0
777,3499,89171,25.0
777,3500,89220,49.0
777,3501,89251,31.0
777,3502,89274,23.0
777,3503,89292,18.0
777,3504,89320,28.0
777,3505,89343,23.0
777,3506,89397,54.0
777,3507,89440,43.0
777,3508,89483,43.0
777,3509,89539,56.0
777,3510,89590,51.0
777,3511,89610,20.0
777,3512,89634,24.0
777,3513,89652,18.0
777,3514,89686,34.0
777,3515,89721,35.0
777,3516,89743,22.0
777,3517,89755,12.0
777,3518,89780,25.0
777,3519,89794,14.0
777,3520,89821,27.0
777,3521,89845,24.0
777,3522,89871,26.0
777,3523,89934,63.0
777,3524,89978,44.0
777,3525,89999,21.0
777,3526,90013,14.0
777,3527,90024,11.0
777,3528,90095,71.0
777,3529,90135,40.0
777,3530,90161,26.0
777,3531,90178,17.0
777,3532,90199,21.0
777,3533,90210,11.0
777,3534,90233,23.0
777,3535,90269,36.0
777,3536,90315,46.0
777,3537,90334,19.0
777,3538,90347,13.0
777,3539,90365,18.0
777,3540,90388,23.0
777,3541,90405,17.0
777,3542,90429,24.0
777,3543,90455,26.0
777,3544,90493,38.0
777,3545,90508,15.0
777,3546,90536,28.0
777,3547,90568,32.0
777,3548,90599,31.0
777,3549,90637,38.0
777,3550,90655,18.0
777,3551,90680,25.0
777,3552,90731,51.0
777,3553,90770,39.0
777,3554,90805,35.0
777,3555,90818,13.0
777,3556,90835,17.0
777,3557,90851,16.0
777,3558,90866,15.0
777,3559,90883,17.0
777,3560,90899,16.0
777,3561,90927,28.0
777,3562,90955,28.0
777,3563,90969,14.0
777,3564,90989,20.0
777,3565,91040,51.0
777,3566,91064,24.0
777,3567,91085,21.0
777,3568,91105,20.0
777,3569,91178,73.0
777,3570,91205,27.0
777,3571,91224,19.0
777,3572,91244,20.0
777,3573,91283,39.0
777,3574,91316,33.0
777,3575,91329,13.0
777,3576,91350,21.0
777,3577,91376,26.0
777,3578,91402,26.0
777,3579,91433,31.0
777,3580,91444,11.0
777,3581,91486,42.0
777,3582,91511,25.0
777,3583,91525,14.0
777,3584,91572,47.0
777,3585,91590,18.0
777,3586,91602,12.0
777,3587,91617,15.0
777,3588,91650,33.0
777,3589,91676,26.0
777,3590,91690,14.0
777,3591,91702,12.0
777,3592,91777,75.0
777,3593,91792,15.0
777,3594,91831,39.0
777,3595,91852,21.0
777,3596,91892,40.0
777,3597,91906,14.0
777,3598,91934,28.0
777,3599,91954,20.0
777,3600,92026,72.0
777,3601,92042,16.0
777,3602,92082,40.0
777,3603,92131,49.0
777,3604,92147,16.0
777,3605,92166,19.0
777,3606,92183,17.0
777,3607,92200,17.0
777,3608,92263,63.0
777,3609,92291,28.0
777,3610,92317,26.0
777,3611,92390,73.0
777,3612,92448,58.0
777,3613,92466,18.0
777,3614,92522,56.0
777,3615,92542,20.0
777,3616,92558,16.0
777,3617,92580,22.0
777,3618,92609,29.0
777,3619,92631,22.0
777,3620,92715,84.0
777,3621,92736,21.0
777,3622,92768,32.0
777,3623,92784,16.0
777,3624,92812,28.0
777,3625,92859,47.0
777,3626,92933,74.0
777,3627,92945,12.0
777,3628,92977,32.0
777,3629,92999,22.0
777,3630,93049,50.0
777,3631,93069,20.0
777,3632,93091,22.0
777,3633,93111,20.0
777,3634,93138,27.0
777,3635,93169,31.0
777,3636,93205,36.0
777,3637,93224,19.0
777,3638,93248,24.0
777,3639,93264,16.0
777,3640,93277,13.0
777,3641,93311,34.0
777,3642,93356,45.0
777,3643,93378,22.0
777,3644,93400,22.0
777,3645,93445,45.0
777,3646,93466,21.0
777,3647,93480,14.0
777,3648,93504,24.0
777,3649,93520,16.0
777,3650,93533,13.0
777,3651,93551,18.0
777,3652,93585,34.0
777,3653,93639,54.0
777,3654,93669,30.0
777,3655,93688,19.0
777,3656,93712,24.0
777,3657,93729,17.0
777,3658,93749,20.0
777,3659,93775,26.0
777,3660,93789,14.0
777,3661,93828,39.0
777,3662,93851,23.0
777,3663,93900,49.0
777,3664,93946,46.0
777,3665,93963,17.0
777,3666,93983,20.0
777,3667,94038,55.0
777,3668,94055,17.0
777,3669,94080,25.0
777,3670,94099,19.0
777,3671,94135,36.0
777,3672,94165,30.0
777,3673,94179,14.0
777,3674,94214,35.0
777,3675,94242,28.0
777,3676,94279,37.0
777,3677,94296,17.0
777,3678,94318,22.0
777,3679,94362,44.0
777,3680,94391,29.0
777,3681,94421,30.0
777,3682,94466,45.0
777,3683,94476,10.0
777,3684,94506,30.0
777,3685,94539,33.0
777,3686,94553,14.0
777,3687,94611,58.0
777,3688,94636,25.0
777,3689,94648,12.0
777,3690,94664,16.0
777,3691,94677,13.0
777,3692,94690,13.0
777,3693,94728,38.0
777,3694,94756,28.0
777,3695,94805,49.0
777,3696,94949,144.0
777,3697,94981,32.0
777,3698,95021,40.0
777,3699,95053,32.0
777,3700,95070,17.0
777,3701,95095,25.0
777,3702,95108,13.0
777,3703,95154,46.0
777,3704,95174,20.0
777,3705,95194,20.0
777,3706,95223,29.0
777,3707,95249,26.0
777,3708,95272,23.0
777,3709,95318,46.0
777,3710,95354,36.0
777,3711,95388,34.0
777,3712,95431,43.0
777,3713,95451,20.0
777,3714,95471,20.0
777,3715,95492,21.0
777,3716,95526,34.0
777,3717,95571,45.0
777,3718,95677,106.0
777,3719,95692,15.0
777,3720,95732,40.0
777,3721,95748,16.0
777,3722,95766,18.0
777,3723,95793,27.0
777,3724,95844,51.0
777,3725,95861,17.0
777,3726,95916,55.0
777,3727,95947,31.0
777,3728,95983,36.0
777,3729,96038,55.0
777,3730,96077,39.0
777,3731,96092,15.0
777,3732,96106,14.0
777,3733,96123,17.0
777,3734,96151,28.0
777,3735,96250,99.0
777,3736,96341,91.0
777,3737,96360,19.0
777,3738,96385,25.0
777,3739,96415,30.0
777,3740,96437,22.0
777,3741,96483,46.0
777,3742,96495,12.0
777,3743,96524,29.0
777,3744,96540,16.0
777,3745,96581,41.0
777,3746,96611,30.0
777,3747,96641,30.0
777,3748,96661,20.0
777,3749,96677,16.0
777,3750,96743,66.0
777,3751,96755,12.0
777,3752,96765,10.0
777,3753,96837,72.0
777,3754,96850,13.0
777,3755,96863,13.0
777,3756,96874,11.0
777,3757,96913,39.0
777,3758,96946,33.0
777,3759,97040,94.0
777,3760,97071,31.0
777,3761,97114,43.0
777,3762,97147,33.0
777,3763,97163,16.0
777,3764,97178,15.0
777,3765,97223,45.0
777,3766,97272,49.0
777,3767,97343,71.0
777,3768,97381,38.0
777,3769,97458,77.0
777,3770,97494,36.0
777,3771,97520,26.0
777,3772,97553,33.0
777,3773,97569,16.0
777,3774,97624,55.0
777,3775,97649,25.0
777,3776,97681,32.0
777,3777,97718,37.0
777,3778,97754,36.0
777,3779,97816,62.0
777,3780,97894,78.0
777,3781,97911,17.0
777,3782,97996,85.0
777,3783,98017,21.0
777,3784,98039,22.0
777,3785,98123,84.0
777,3786,98147,24.0
777,3787,98183,36.0
777,3788,98221,38.0
777,3789,98241,20.0
777,3790,98257,16.0
777,3791,98290,33.0
777,3792,98316,26.0
777,3793,98354,38.0
777,3794,98408,54.0
777,3795,98448,40.0
777,3796,98478,30.0
777,3797,98555,77.0
777,3798,98611,56.0
777,3799,98675,64.0
777,3800,98711,36.0
777,3801,98724,13.0
777,3802,98754,30.0
777,3803,98776,22.0
777,3804,98798,22.0
777,3805,98810,12.0
777,3806,98825,15.0
777,3807,98844,19.0
777,3808,98869,25.0
777,3809,98906,37.0
777,3810,98928,22.0
777,3811,98973,45.0
777,3812,98997,24.0
777,3813,99022,25.0
777,3814,99063,41.0
777,3815,99116,53.0
777,3816,99180,64.0
777,3817,99258,78.0
777,3818,99279,21.0
777,3819,99296,17.0
777,3820,99331,35.0
777,3821,99389,58.0
777,3822,99428,39.0
777,3823,99502,74.0
777,3824,99540,38.0
777,3825,99557,17.0
777,3826,99591,34.0
777,3827,99629,38.0
777,3828,99647,18.0
777,3829,99669,22.0
777,3830,99693,24.0
777,3831,99722,29.0
777,3832,99745,23.0
777,3833,99826,81.0
777,3834,99860,34.0
777,3835,99912,52.0
777,3836,99949,37.0
777,3837,100059,110.0
777,3838,100079,20.0
777,3839,100102,23.0
777,3840,100114,12.0
777,3841,100156,42.0
777,3842,100168,12.0
777,3843,100212,44.0
777,3844,100266,54.0
777,3845,100284,18.0
777,3846,100296,12.0
777,3847,100314,18.0
777,3848,100335,21.0
777,3849,100372,37.0
777,3850,100472,100.0
777,3851,100492,20.0
777,3852,100509,17.0
777,3853,100533,24.0
777,3854,100602,69.0
777,3855,100622,20.0
777,3856,100647,25.0
777,3857,100658,11.0
777,3858,100723,65.0
777,3859,100764,41.0
777,3860,100793,29.0
777,3861,100810,17.0
777,3862,100820,10.0
777,3863,100857,37.0
777,3864,100910,53.0
777,3865,100934,24.0
777,3866,100950,16.0
777,3867,100987,37.0
777,3868,101007,20.0
777,3869,101072,65.0
777,3870,101103,31.0
777,3871,101135,32.0
777,3872,101166,31.0
777,3873,101210,44.0
777,3874,101232,22.0
777,3875,101290,58.0
777,3876,101317,27.0
777,3877,101337,20.0
777,3878,101362,25.0
777,3879,101396,34.0
777,3880,101436,40.0
777,3881,101463,27.0
777,3882,101503,40.0
777,3883,101554,51.0
777,3884,101570,16.0
777,3885,101599,29.0
777,3886,101641,42.0
777,3887,101670,29.0
777,3888,101680,10.0
777,3889,101726,46.0
777,3890,101763,37.0
777,3891,101820,57.0
777,3892,101868,48.0
777,3893,101921,53.0
777,3894,101972,51.0
777,3895,101986,14.0
777,3896,102045,59.0
777,3897,102077,32.0
777,3898,102118,41.0
777,3899,102229,111.0
777,3900,102261,32.0
777,3901,102280,19.0
777,3902,102305,25.0
777,3903,102328,23.0
777,3904,102349,21.0
777,3905,102426,77.0
777,3906,102482,56.0
777,3907,102512,30.0
777,3908,102563,51.0
777,3909,102575,12.0
777,3910,102592,17.0
777,3911,102678,86.0
777,3912,102693,15.0
777,3913,102745,52.0
777,3914,102760,15.0
777,3915,102781,21.0
777,3916,102802,21.0
777,3917,102825,23.0
777,3918,102877,52.0
777,3919,102908,31.0
777,3920,102934,26.0
777,3921,102971,37.0
777,3922,102985,14.0
777,3923,102996,11.0
777,3924,103010,14.0
777,3925,103025,15.0
777,3926,103040,15.0
777,3927,103128,88.0
777,3928,103150,22.0
777,3929,103171,21.0
777,3930,103185,14.0
777,3931,103201,16.0
777,3932,103215,14.0
777,3933,103227,12.0
777,3934,103303,76.0
777,3935,103340,37.0
777,3936,103381,41.0
777,3937,103426,45.0
777,3938,103445,19.0
777,3939,103507,62.0
777,3940,103520,13.0
777,3941,103533,13.0
777,3942,103560,27.0
777,3943,103666,106.0
777,3944,103680,14.0
777,3945,103693,13.0
777,3946,103709,16.0
777,3947,103723,14.0
777,3948,103742,19.0
777,3949,103753,11.0
777,3950,103766,13.0
777,3951,103792,26.0
777,3952,103809,17.0
777,3953,103826,17.0
777,3954,103845,19.0
777,3955,103858,13.0
777,3956,103902,44.0
777,3957,103948,46.0
777,3958,103975,27.0
777,3959,103990,15.0
777,3960,104008,18.0
777,3961,104028,20.0
777,3962,104068,40.0
777,3963,104132,64.0
777,3964,104167,35.0
777,3965,104186,19.0
777,3966,104205,19.0
777,3967,104230,25.0
777,3968,104248,18.0
777,3969,104272,24.0
777,3970,104354,82.0
777,3971,104378,24.0
777,3972,104440,62.0
777,3973,104489,49.0
777,3974,104512,23.0
777,3975,104537,25.0
777,3976,104556,19.0
777,3977,104574,18.0
777,3978,104620,46.0
777,3979,104656,36.0
777,3980,104674,18.0
777,3981,104696,22.0
777,3982,104798,102.0
777,3983,104823,25.0
777,3984,104853,30.0
777,3985,104888,35.0
777,3986,104899,11.0
777,3987,104917,18.0
777,3988,104936,19.0
777,3989,104949,13.0
777,3990,104990,41.0
777,3991,105017,27.0
777,3992,105036,19.0
777,3993,105124,88.0
777,3994,105174,50.0
777,3995,105194,20.0
777,3996,105224,30.0
777,3997,105248,24.0
777,3998,105310,62.0
777,3999,105342,32.0
777,4000,105365,23.0
777,4001,105378,13.0
777,4002,105405,27.0
777,4003,105448,43.0
777,4004,105469,21.0
777,4005,105506,37.0
777,4006,105543,37.0
777,4007,105565,22.0
777,4008,105582,17.0
777,4009,105608,26.0
777,4010,105660,52.0
777,4011,105693,33.0
777,4012,105723,30.0
777,4013,105741,18.0
777,4014,105754,13.0
777,4015,105774,20.0
777,4016,105801,27.0
777,4017,105847,46.0
777,4018,105929,82.0
777,4019,105946,17.0
777,4020,106007,61.0
777,4021,106148,141.0
777,4022,106175,27.0
777,4023,106195,20.0
777,4024,106224,29.0
777,4025,106257,33.0
777,4026,106281,24.0
777,4027,106338,57.0
777,4028,106361,23.0
777,4029,106417,56.0
777,4030,106430,13.0
777,4031,106504,74.0
777,4032,106517,13.0
777,4033,106573,56.0
777,4034,106592,19.0
777,4035,106650,58.0
777,4036,106699,49.0
777,4037,106732,33.0
777,4038,106758,26.0
777,4039,106801,43.0
777,4040,106833,32.0
777,4041,106886,53.0
777,4042,106919,33.0
777,4043,106988,69.0
777,4044,107005,17.0
777,4045,107057,52.0
777,4046,107067,10.0
777,4047,107085,18.0
777,4048,107099,14.0
777,4049,107114,15.0
777,4050,107132,18.0
777,4051,107198,66.0
777,4052,107231,33.0
777,4053,107248,17.0
777,4054,107267,19.0
777,4055,107284,17.0
777,4056,107294,10.0
777,4057,107326,32.0
777,4058,107359,33.0
777,4059,107405,46.0
777,4060,107438,33.0
777,4061,107461,23.0
777,4062,107497,36.0
777,4063,107520,23.0
777,4064,107555,35.0
777,4065,107597,42.0
777,4066,107631,34.0
777,4067,107647,16.0
777,4068,107680,33.0
777,4069,107738,58.0
777,4070,107755,17.0
777,4071,107779,24.0
777,4072,107796,17.0
777,4073,107837,41.0
777,4074,107854,17.0
777,4075,107888,34.0
777,4076,107920,32.0
777,4077,107946,26.0
777,4078,107964,18.0
777,4079,108011,47.0
777,4080,108037,26.0
777,4081,108054,17.0
777,4082,108116,62.0
777,4083,108145,29.0
777,4084,108196,51.0
777,4085,108242,46.0
777,4086,108277,35.0
777,4087,108354,77.0
777,4088,108389,35.0
777,4089,108475,86.0
777,4090,108499,24.0
777,4091,108578,79.0
777,4092,108612,34.0
777,4093,108651,39.0
777,4094,108720,69.0
777,4095,108769,49.0
777,4096,108788,19.0
777,4097,108866,78.0
777,4098,108890,24.0
777,4099,108918,28.0
777,4100,108943,25.0
777,4101,108975,32.0
777,4102,108991,16.0
777,4103,109007,16.0
777,4104,109038,31.0
777,4105,109059,21.0
777,4106,109093,34.0
777,4107,109159,66.0
777,4108,109185,26.0
777,4109,109224,39.0
777,4110,109265,41.0
777,4111,109301,36.0
777,4112,109315,14.0
777,4113,109336,21.0
777,4114,109354,18.0
777,4115,109410,56.0
777,4116,109442,32.0
777,4117,109458,16.0
777,4118,109506,48.0
777,4119,109540,34.0
777,4120,109565,25.0
777,4121,109589,24.0
777,4122,109647,58.0
777,4123,109673,26.0
777,4124,109702,29.0
777,4125,109719,17.0
777,4126,109762,43.0
777,4127,109788,26.0
777,4128,109827,39.0
777,4129,109857,30.0
777,4130,109882,25.0
777,4131,109897,15.0
777,4132,109922,25.0
777,4133,109933,11.0
777,4134,109956,23.0
777,4135,110009,53.0
777,4136,110023,14.0
777,4137,110042,19.0
777,4138,110076,34.0
777,4139,110114,38.0
777,4140,110208,94.0
777,4141,110256,48.0
777,4142,110314,58.0
777,4143,110347,33.0
777,4144,110364,17.0
777,4145,110416,52.0
777,4146,110454,38.0
777,4147,110479,25.0
777,4148,110497,18.0
777,4149,110542,45.0
777,4150,110559,17.0
777,4151,110582,23.0
777,4152,110595,13.0
777,4153,110614,19.0
777,4154,110654,40.0
777,4155,110670,16.0
777,4156,110692,22.0
777,4157,110704,12.0
777,4158,110768,64.0
777,4159,110784,16.0
777,4160,110839,55.0
777,4161,110860,21.0
777,4162,110904,44.0
777,4163,110963,59.0
777,4164,110982,19.0
777,4165,111067,85.0
777,4166,111099,32.0
777,4167,111132,33.0
777,4168,111179,47.0
777,4169,111190,11.0
777,4170,111202,12.0
777,4171,111288,86.0
777,4172,111318,30.0
777,4173,111355,37.0
777,4174,111364,9.0
777,4175,111417,53.0
777,4176,111443,26.0
777,4177,111458,15.0
777,4178,111489,31.0
777,4179,111519,30.0
777,4180,111550,31.0
777,4181,111581,31.0
777,4182,111606,25.0
777,4183,111660,54.0
777,4184,111686,26.0
777,4185,111718,32.0
777,4186,111730,12.0
777,4187,111755,25.0
777,4188,111780,25.0
777,4189,111818,38.0
777,4190,111929,111.0
777,4191,111956,27.0
777,4192,111980,24.0
777,4193,111998,18.0
777,4194,112023,25.0
777,4195,112074,51.0
777,4196,112092,18.0
777,4197,112127,35.0
777,4198,112140,13.0
777,4199,112171,31.0
777,4200,112209,38.0
777,4201,112228,19.0
777,4202,112276,48.0
777,4203,112306,30.0
777,4204,112324,18.0
777,4205,112335,11.0
777,4206,112363,28.0
777,4207,112392,29.0
777,4208,112408,16.0
777,4209,112432,24.0
777,4210,112458,26.0
777,4211,112490,32.0
777,4212,112505,15.0
777,4213,112575,70.0
777,4214,112629,54.0
777,4215,112666,37.0
777,4216,112719,53.0
777,4217,112730,11.0
777,4218,112756,26.0
777,4219,112789,33.0
777,4220,112832,43.0
777,4221,112884,52.0
777,4222,112956,72.0
777,4223,112983,27.0
777,4224,113015,32.0
777,4225,113039,24.0
777,4226,113091,52.0
777,4227,113113,22.0
777,4228,113128,15.0
777,4229,113155,27.0
777,4230,113208,53.0
777,4231,113239,31.0
777,4232,113325,86.0
777,4233,113342,17.0
777,4234,113381,39.0
777,4235,113438,57.0
777,4236,113466,28.0
777,4237,113484,18.0
777,4238,113532,48.0
777,4239,113553,21.0
777,4240,113595,42.0
777,4241,113621,26.0
777,4242,113637,16.0
777,4243,113658,21.0
777,4244,113682,24.0
777,4245,113713,31.0
777,4246,113739,26.0
777,4247,113792,53.0
777,4248,113802,10.0
777,4249,113825,23.0
777,4250,113866,41.0
777,4251,113878,12.0
777,4252,113900,22.0
777,4253,113927,27.0
777,4254,113964,37.0
777,4255,113982,18.0
777,4256,114026,44.0
777,4257,114061,35.0
777,4258,114075,14.0
777,4259,114145,70.0
777,4260,114164,19.0
777,4261,114178,14.0
777,4262,114233,55.0
777,4263,114246,13.0
777,4264,114267,21.0
777,4265,114323,56.0
777,4266,114361,38.0
777,4267,114438,77.0
777,4268,114450,12.0
777,4269,114467,17.0
777,4270,114497,30.0
777,4271,114556,59.0
777,4272,114610,54.0
777,4273,114625,15.0
777,4274,114654,29.0
777,4275,114681,27.0
777,4276,114699,18.0
777,4277,114755,56.0
777,4278,114785,30.0
777,4279,114813,28.0
777,4280,114858,45.0
777,4281,114888,30.0
777,4282,114908,20.0
777,4283,114972,64.0
777,4284,114987,15.0
777,4285,115007,20.0
777,4286,115025,18.0
777,4287,115048,23.0
777,4288,115074,26.0
777,4289,115089,15.0
777,4290,115107,18.0
777,4291,115136,29.0
777,4292,115161,25.0
777,4293,115182,21.0
777,4294,115213,31.0
777,4295,115238,25.0
777,4296,115291,53.0
777,4297,115323,32.0
777,4298,115381,58.0
777,4299,115402,21.0
777,4300,115425,23.0
777,4301,115440,15.0
777,4302,115454,14.0
777,4303,115534,80.0
777,4304,115563,29.0
777,4305,115684,121.0
777,4306,115731,47.0
777,4307,115754,23.0
777,4308,115791,37.0
777,4309,115811,20.0
777,4310,115844,33.0
777,4311,115867,23.0
777,4312,115911,44.0
777,4313,115969,58.0
777,4314,115994,25.0
777,4315,116027,33.0
777,4316,116052,25.0
777,4317,116078,26.0
777,4318,116114,36.0
777,4319,116137,23.0
777,4320,116155,18.0
777,4321,116174,19.0
777,4322,116185,11.0
777,4323,116205,20.0
777,4324,116230,25.0
777,4325,116281,51.0
777,4326,116333,52.0
777,4327,116363,30.0
777,4328,116392,29.0
777,4329,116422,30.0
777,4330,116456,34.0
777,4331,116472,16.0
777,4332,116488,16.0
777,4333,116649,161.0
777,4334,116681,32.0
777,4335,116698,17.0
777,4336,116710,12.0
777,4337,116722,12.0
777,4338,116755,33.0
777,4339,116828,73.0
777,4340,116849,21.0
777,4341,116937,88.0
777,4342,116954,17.0
777,4343,116973,19.0
777,4344,116985,12.0
777,4345,117036,51.0
777,4346,117061,25.0
777,4347,117089,28.0
777,4348,117117,28.0
777,4349,117130,13.0
777,4350,117172,42.0
777,4351,117260,88.0
777,4352,117282,22.0
777,4353,117314,32.0
777,4354,117331,17.0
777,4355,117378,47.0
777,4356,117393,15.0
777,4357,117421,28.0
777,4358,117454,33.0
777,4359,117468,14.0
777,4360,117484,16.0
777,4361,117495,11.0
777,4362,117538,43.0
777,4363,117553,15.0
777,4364,117623,70.0
777,4365,117667,44.0
777,4366,117679,12.0
777,4367,117708,29.0
777,4368,117756,48.0
777,4369,117808,52.0
777,4370,117824,16.0
777,4371,117843,19.0
777,4372,117870,27.0
777,4373,117938,68.0
777,4374,117954,16.0
777,4375,117982,28.0
777,4376,118014,32.0
777,4377,118033,19.0
777,4378,118057,24.0
777,4379,118098,41.0
777,4380,118111,13.0
777,4381,118183,72.0
777,4382,118222,39.0
777,4383,118244,22.0
777,4384,118261,17.0
777,4385,118293,32.0
777,4386,118367,74.0
777,4387,118388,21.0
777,4388,118420,32.0
777,4389,118457,37.0
777,4390,118486,29.0
777,4391,118500,14.0
777,4392,118544,44.0
777,4393,118559,15.0
777,4394,118577,18.0
777,4395,118586,9.0
777,4396,118609,23.0
777,4397,118626,17.0
777,4398,118641,15.0
777,4399,118675,34.0
777,4400,118717,42.0
777,4401,118754,37.0
777,4402,118780,26.0
777,4403,118819,39.0
777,4404,118897,78.0
777,4405,118920,23.0
777,4406,118936,16.0
777,4407,118988,52.0
777,4408,119020,32.0
777,4409,119050,30.0
777,4410,119068,18.0
777,4411,119097,29.0
777,4412,119128,31.0
777,4413,119165,37.0
777,4414,119212,47.0
777,4415,119280,68.0
777,4416,119302,22.0
777,4417,119360,58.0
777,4418,119392,32.0
777,4419,119418,26.0
777,4420,119444,26.0
777,4421,119460,16.0
777,4422,119548,88.0
777,4423,119567,19.0
777,4424,119605,38.0
777,4425,119627,22.0
777,4426,119679,52.0
777,4427,119710,31.0
777,4428,119726,16.0
777,4429,119747,21.0
777,4430,119780,33.0
777,4431,119817,37.0
777,4432,119835,18.0
777,4433,119860,25.0
777,4434,119894,34.0
777,4435,119907,13.0
777,4436,119932,25.0
777,4437,119972,40.0
777,4438,120000,28.0
777,4439,120028,28.0
777,4440,120053,25.0
777,4441,120078,25.0
777,4442,120100,22.0
777,4443,120127,27.0
777,4444,120183,56.0
777,4445,120211,28.0
777,4446,120242,31.0
777,4447,120332,90.0
777,4448,120370,38.0
777,4449,120429,59.0
777,4450,120468,39.0
777,4451,120485,17.0
777,4452,120560,75.0
777,4453,120590,30.0
777,4454,120621,31.0
777,4455,120657,36.0
777,4456,120670,13.0
777,4457,120701,31.0
777,4458,120729,28.0
777,4459,120759,30.0
777,4460,120793,34.0
777,4461,120824,31.0
777,4462,120881,57.0
777,4463,120928,47.0
777,4464,120964,36.0
777,4465,120991,27.0
777,4466,121010,19.0
777,4467,121028,18.0
777,4468,121097,69.0
777,4469,121160,63.0
777,4470,121177,17.0
777,4471,121191,14.0
777,4472,121214,23.0
777,4473,121254,40.0
777,4474,121288,34.0
777,4475,121313,25.0
777,4476,121363,50.0
777,4477,121394,31.0
777,4478,121429,35.0
777,4479,121470,41.0
777,4480,121497,27.0
777,4481,121556,59.0
777,4482,121569,13.0
777,4483,121611,42.0
777,4484,121639,28.0
777,4485,121674,35.0
777,4486,121751,77.0
777,4487,121773,22.0
777,4488,121797,24.0
777,4489,121852,55.0
777,4490,121871,19.0
777,4491,121886,15.0
777,4492,121930,44.0
777,4493,121947,17.0
777,4494,121980,33.0
777,4495,122037,57.0
777,4496,122075,38.0
777,4497,122117,42.0
777,4498,122140,23.0
777,4499,122202,62.0
777,4500,122236,34.0
777,4501,122290,54.0
777,4502,122319,29.0
777,4503,122330,11.0
777,4504,122363,33.0
777,4505,122400,37.0
777,4506,122429,29.0
777,4507,122458,29.0
777,4508,122523,65.0
777,4509,122653,130.0
777,4510,122684,31.0
777,4511,122708,24.0
777,4512,122725,17.0
777,4513,122806,81.0
777,4514,122839,33.0
777,4515,122864,25.0
777,4516,122888,24.0
777,4517,122967,79.0
777,4518,122996,29.0
777,4519,123019,23.0
777,4520,123040,21.0
777,4521,123054,14.0
777,4522,123072,18.0
777,4523,123112,40.0
777,4524,123138,26.0
777,4525,123174,36.0
777,4526,123186,12.0
777,4527,123201,15.0
777,4528,123257,56.0
777,4529,123284,27.0
777,4530,123317,33.0
777,4531,123336,19.0
777,4532,123363,27.0
777,4533,123403,40.0
777,4534,123427,24.0
777,4535,123462,35.0
777,4536,123501,39.0
777,4537,123523,22.0
777,4538,123546,23.0
777,4539,123571,25.0
777,4540,123599,28.0
777,4541,123618,19.0
777,4542,123636,18.0
777,4543,123685,49.0
777,4544,123702,17.0
777,4545,123743,41.0
777,4546,123768,25.0
777,4547,123824,56.0
777,4548,123863,39.0
777,4549,123916,53.0
777,4550,123928,12.0
777,4551,123960,32.0
777,4552,123991,31.0
777,4553,124031,40.0
777,4554,124047,16.0
777,4555,124069,22.0
777,4556,124126,57.0
777,4557,124166,40.0
777,4558,124188,22.0
777,4559,124256,68.0
777,4560,124303,47.0
777,4561,124329,26.0
777,4562,124346,17.0
777,4563,124362,16.0
777,4564,124424,62.0
777,4565,124493,69.0
777,4566,124529,36.0
777,4567,124586,57.0
777,4568,124621,35.0
777,4569,124639,18.0
777,4570,124673,34.0
777,4571,124751,78.0
777,4572,124772,21.0
777,4573,124792,20.0
777,4574,124829,37.0
777,4575,124856,27.0
777,4576,124919,63.0
777,4577,124969,50.0
777,4578,124987,18.0
777,4579,124998,11.0
777,4580,125018,20.0
777,4581,125046,28.0
777,4582,125100,54.0
777,4583,125119,19.0
777,4584,125180,61.0
777,4585,125221,41.0
777,4586,125299,78.0
777,4587,125309,10.0
777,4588,125330,21.0
777,4589,125390,60.0
777,4590,125421,31.0
777,4591,125442,21.0
777,4592,125467,25.0
777,4593,125535,68.0
777,4594,125568,33.0
777,4595,125597,29.0
777,4596,125612,15.0
777,4597,125674,62.0
777,4598,125703,29.0
777,4599,125747,44.0
777,4600,125770,23.0
777,4601,125876,106.0
777,4602,125899,23.0
777,4603,125912,13.0
777,4604,125976,64.0
777,4605,126000,24.0
777,4606,126014,14.0
777,4607,126042,28.0
777,4608,126069,27.0
777,4609,126096,27.0
777,4610,126126,30.0
777,4611,126144,18.0
777,4612,126175,31.0
777,4613,126202,27.0
777,4614,126275,73.0
777,4615,126298,23.0
777,4616,126311,13.0
777,4617,126341,30.0
777,4618,126362,21.0
777,4619,126377,15.0
777,4620,126416,39.0
777,4621,126435,19.0
777,4622,126449,14.0
777,4623,126460,11.0
777,4624,126515,55.0
777,4625,126534,19.0
777,4626,126555,21.0
777,4627,126581,26.0
777,4628,126606,25.0
777,4629,126638,32.0
777,4630,126661,23.0
777,4631,126733,72.0
777,4632,126768,35.0
777,4633,126798,30.0
777,4634,126835,37.0
777,4635,126853,18.0
777,4636,126873,20.0
777,4637,126934,61.0
777,4638,126953,19.0
777,4639,126998,45.0
777,4640,127037,39.0
777,4641,127070,33.0
777,4642,127137,67.0
777,4643,127170,33.0
777,4644,127188,18.0
777,4645,127203,15.0
777,4646,127289,86.0
777,4647,127316,27.0
777,4648,127342,26.0
777,4649,127379,37.0
777,4650,127395,16.0
777,4651,127422,27.0
777,4652,127454,32.0
777,4653,127482,28.0
777,4654,127519,37.0
777,4655,127533,14.0
777,4656,127607,74.0
777,4657,127636,29.0
777,4658,127722,86.0
777,4659,127792,70.0
777,4660,127820,28.0
777,4661,127849,29.0
777,4662,127934,85.0
777,4663,127950,16.0
777,4664,127968,18.0
777,4665,127990,22.0
777,4666,128075,85.0
777,4667,128097,22.0
777,4668,128137,40.0
777,4669,128157,20.0
777,4670,128179,22.0
777,4671,128231,52.0
777,4672,128262,31.0
777,4673,128284,22.0
777,4674,128299,15.0
777,4675,128310,11.0
777,4676,128337,27.0
777,4677,128365,28.0
777,4678,128420,55.0
777,4679,128449,29.0
777,4680,128468,19.0
777,4681,128482,14.0
777,4682,128501,19.0
777,4683,128528,27.0
777,4684,128544,16.0
777,4685,128570,26.0
777,4686,128595,25.0
777,4687,128621,26.0
777,4688,128641,20.0
777,4689,128721,80.0
777,4690,128794,73.0
777,4691,128835,41.0
777,4692,128848,13.0
777,4693,128912,64.0
777,4694,128924,12.0
777,4695,128966,42.0
777,4696,128983,17.0
777,4697,129033,50.0
777,4698,129061,28.0
777,4699,129080,19.0
777,4700,129098,18.0
777,4701,129144,46.0
777,4702,129171,27.0
777,4703,129195,24.0
777,4704,129221,26.0
777,4705,129249,28.0
777,4706,129272,23.0
777,4707,129301,29.0
777,4708,129334,33.0
777,4709,129353,19.0
777,4710,129368,15.0
777,4711,129386,18.0
777,4712,129418,32.0
777,4713,129467,49.0
777,4714,129522,55.0
777,4715,129542,20.0
777,4716,129595,53.0
777,4717,129642,47.0
777,4718,129663,21.0
777,4719,129678,15.0
777,4720,129714,36.0
777,4721,129742,28.0
777,4722,129758,16.0
777,4723,129786,28.0
777,4724,129823,37.0
777,4725,129888,65.0
777,4726,129916,28.0
777,4727,129957,41.0
777,4728,129974,17.0
777,4729,130022,48.0
777,4730,130046,24.0
777,4731,130092,46.0
777,4732,130126,34.0
777,4733,130156,30.0
777,4734,130202,46.0
777,4735,130232,30.0
777,4736,130279,47.0
777,4737,130358,79.0
777,4738,130441,83.0
777,4739,130456,15.0
777,4740,130503,47.0
777,4741,130516,13.0
777,4742,130541,25.0
777,4743,130610,69.0
777,4744,130639,29.0
777,4745,130687,48.0
777,4746,130747,60.0
777,4747,130760,13.0
777,4748,130796,36.0
777,4749,130807,11.0
777,4750,130829,22.0
777,4751,130921,92.0
777,4752,131009,88.0
777,4753,131021,12.0
777,4754,131034,13.0
777,4755,131063,29.0
777,4756,131081,18.0
777,4757,131096,15.0
777,4758,131139,43.0
777,4759,131208,69.0
777,4760,131234,26.0
777,4761,131251,17.0
777,4762,131281,30.0
777,4763,131394,113.0
777,4764,131426,32.0
777,4765,131456,30.0
777,4766,131512,56.0
777,4767,131553,41.0
777,4768,131594,41.0
777,4769,131637,43.0
777,4770,131671,34.0
777,4771,131699,28.0
777,4772,131728,29.0
777,4773,131764,36.0
777,4774,131804,40.0
777,4775,131835,31.0
777,4776,131879,44.0
777,4777,131920,41.0
777,4778,131941,21.0
777,4779,131965,24.0
777,4780,132037,72.0
777,4781,132061,24.0
777,4782,132097,36.0
777,4783,132119,22.0
777,4784,132128,9.0
777,4785,132184,56.0
777,4786,132216,32.0
777,4787,132259,43.0
777,4788,132277,18.0
777,4789,132312,35.0
777,4790,132334,22.0
777,4791,132374,40.0
777,4792,132396,22.0
777,4793,132436,40.0
777,4794,132449,13.0
777,4795,132486,37.0
777,4796,132587,101.0
777,4797,132628,41.0
777,4798,132671,43.0
777,4799,132695,24.0
777,4800,132729,34.0
777,4801,132778,49.0
777,4802,132810,32.0
777,4803,132836,26.0
777,4804,132854,18.0
777,4805,132880,26.0
777,4806,132915,35.0
777,4807,132932,17.0
777,4808,132950,18.0
777,4809,132967,17.0
777,4810,132992,25.0
777,4811,133018,26.0
777,4812,133082,64.0
777,4813,133138,56.0
777,4814,133159,21.0
777,4815,133192,33.0
777,4816,133206,14.0
777,4817,133244,38.0
777,4818,133284,40.0
777,4819,133315,31.0
777,4820,133351,36.0
777,4821,133396,45.0
777,4822,133413,17.0
777,4823,133453,40.0
777,4824,133515,62.0
777,4825,133532,17.0
777,4826,133623,91.0
777,4827,133706,83.0
777,4828,133797,91.0
777,4829,133820,23.0
777,4830,133918,98.0
777,4831,133929,11.0
777,4832,133981,52.0
777,4833,134018,37.0
777,4834,134049,31.0
777,4835,134065,16.0
777,4836,134112,47.0
777,4837,134130,18.0
777,4838,134178,48.0
777,4839,134228,50.0
777,4840,134243,15.0
777,4841,134280,37.0
777,4842,134331,51.0
777,4843,134360,29.0
777,4844,134375,15.0
777,4845,134419,44.0
777,4846,134456,37.0
777,4847,134468,12.0
777,4848,134504,36.0
777,4849,134546,42.0
777,4850,134635,89.0
777,4851,134652,17.0
777,4852,134677,25.0
777,4853,134708,31.0
777,4854,134750,42.0
777,4855,134798,48.0
777,4856,134830,32.0
777,4857,134870,40.0
777,4858,134902,32.0
777,4859,134923,21.0
777,4860,134938,15.0
777,4861,134969,31.0
777,4862,135002,33.0
777,4863,135022,20.0
777,4864,135053,31.0
777,4865,135085,32.0
777,4866,135124,39.0
777,4867,135183,59.0
777,4868,135222,39.0
777,4869,135259,37.0
777,4870,135281,22.0
777,4871,135302,21.0
777,4872,135319,17.0
777,4873,135365,46.0
777,4874,135467,102.0
777,4875,135495,28.0
777,4876,135520,25.0
777,4877,135553,33.0
777,4878,135592,39.0
777,4879,135610,18.0
777,4880,135630,20.0
777,4881,135641,11.0
777,4882,135669,28.0
777,4883,135704,35.0
777,4884,135757,53.0
777,4885,135774,17.0
777,4886,135796,22.0
777,4887,135808,12.0
777,4888,135834,26.0
777,4889,135882,48.0
777,4890,135905,23.0
777,4891,135983,78.0
777,4892,136003,20.0
777,4893,136036,33.0
777,4894,136054,18.0
777,4895,136076,22.0
777,4896,136104,28.0
777,4897,136145,41.0
777,4898,136169,24.0
777,4899,136200,31.0
777,4900,136264,64.0
777,4901,136391,127.0
777,4902,136405,14.0
777,4903,136421,16.0
777,4904,136485,64.0
777,4905,136559,74.0
777,4906,136590,31.0
777,4907,136608,18.0
777,4908,136667,59.0
777,4909,136684,17.0
777,4910,136751,67.0
777,4911,136795,44.0
777,4912,136821,26.0
777,4913,136836,15.0
777,4914,136854,18.0
777,4915,136876,22.0
777,4916,136897,21.0
777,4917,136995,98.0
777,4918,137016,21.0
777,4919,137041,25.0
777,4920,137070,29.0
777,4921,137112,42.0
777,4922,137171,59.0
777,4923,137206,35.0
777,4924,137224,18.0
777,4925,137271,47.0
777,4926,137328,57.0
777,4927,137396,68.0
777,4928,137444,48.0
777,4929,137464,20.0
777,4930,137537,73.0
777,4931,137561,24.0
777,4932,137594,33.0
777,4933,137608,14.0
777,4934,137673,65.0
777,4935,137720,47.0
777,4936,137746,26.0
777,4937,137779,33.0
777,4938,137836,57.0
777,4939,137861,25.0
777,4940,137891,30.0
777,4941,137949,58.0
777,4942,138019,70.0
777,4943,138045,26.0
777,4944,138100,55.0
777,4945,138128,28.0
777,4946,138154,26.0
777,4947,138187,33.0
777,4948,138241,54.0
777,4949,138293,52.0
777,4950,138308,15.0
777,4951,138345,37.0
777,4952,138391,46.0
777,4953,138407,16.0
777,4954,138451,44.0
777,4955,138501,50.0
777,4956,138529,28.0
777,4957,138553,24.0
777,4958,138627,74.0
777,4959,138650,23.0
777,4960,138689,39.0
777,4961,138708,19.0
777,4962,138737,29.0
777,4963,138753,16.0
777,4964,138787,34.0
777,4965,138838,51.0
777,4966,138866,28.0
777,4967,138882,16.0
777,4968,138894,12.0
777,4969,138924,30.0
777,4970,138942,18.0
777,4971,139033,91.0
777,4972,139047,14.0
777,4973,139080,33.0
777,4974,139127,47.0
777,4975,139182,55.0
777,4976,139203,21.0
777,4977,139224,21.0
777,4978,139268,44.0
777,4979,139287,19.0
777,4980,139298,11.0
777,4981,139379,81.0
777,4982,139439,60.0
777,4983,139465,26.0
777,4984,139499,34.0
777,4985,139526,27.0
777,4986,139562,36.0
777,4987,139586,24.0
777,4988,139600,14.0
777,4989,139637,37.0
777,4990,139677,40.0
777,4991,139707,30.0
777,4992,139816,109.0
777,4993,139848,32.0
777,4994,139875,27.0
777,4995,139924,49.0
777,4996,139978,54.0
777,4997,139995,17.0
777,4998,140008,13.0
777,4999,140093,85.0
777,5000,140113,20.0
777,5001,140249,136.0
777,5002,140335,86.0
777,5003,140347,12.0
777,5004,140367,20.0
777,5005,140386,19.0
777,5006,140445,59.0
777,5007,140465,20.0
777,5008,140490,25.0
777,5009,140508,18.0
777,5010,140525,17.0
777,5011,140544,19.0
777,5012,140600,56.0
777,5013,140610,10.0
777,5014,140687,77.0
777,5015,140746,59.0
777,5016,140773,27.0
777,5017,140815,42.0
777,5018,140833,18.0
777,5019,140850,17.0
777,5020,140879,29.0
777,5021,140932,53.0
777,5022,140948,16.0
777,5023,140963,15.0
777,5024,141006,43.0
777,5025,141033,27.0
777,5026,141045,12.0
777,5027,141167,122.0
777,5028,141184,17.0
777,5029,141218,34.0
777,5030,141248,30.0
777,5031,141293,45.0
777,5032,141329,36.0
777,5033,141373,44.0
777,5034,141444,71.0
777,5035,141462,18.0
777,5036,141477,15.0
777,5037,141505,28.0
777,5038,141534,29.0
777,5039,141558,24.0
777,5040,141584,26.0
777,5041,141611,27.0
777,5042,141627,16.0
777,5043,141650,23.0
777,5044,141674,24.0
777,5045,141728,54.0
777,5046,141746,18.0
777,5047,141770,24.0
777,5048,141789,19.0
777,5049,141866,77.0
777,5050,141898,32.0
777,5051,141913,15.0
777,5052,141926,13.0
777,5053,141959,33.0
777,5054,141989,30.0
777,5055,142025,36.0
777,5056,142047,22.0
777,5057,142089,42.0
777,5058,142118,29.0
777,5059,142139,21.0
777,5060,142168,29.0
777,5061,142257,89.0
777,5062,142279,22.0
777,5063,142310,31.0
777,5064,142350,40.0
777,5065,142435,85.0
777,5066,142462,27.0
777,5067,142521,59.0
777,5068,142549,28.0
777,5069,142609,60.0
777,5070,142625,16.0
777,5071,142660,35.0
777,5072,142685,25.0
777,5073,142705,20.0
777,5074,142763,58.0
777,5075,142808,45.0
777,5076,142847,39.0
777,5077,142886,39.0
777,5078,142956,70.0
777,5079,143014,58.0
777,5080,143070,56.0
777,5081,143092,22.0
777,5082,143108,16.0
777,5083,143141,33.0
777,5084,143162,21.0
777,5085,143188,26.0
777,5086,143202,14.0
777,5087,143302,100.0
777,5088,143372,70.0
777,5089,143454,82.0
777,5090,143476,22.0
777,5091,143491,15.0
777,5092,143506,15.0
777,5093,143521,15.0
777,5094,143539,18.0
777,5095,143562,23.0
777,5096,143572,10.0
777,5097,143599,27.0
777,5098,143622,23.0
777,5099,143649,27.0
777,5100,143697,48.0
777,5101,143747,50.0
777,5102,143802,55.0
777,5103,143814,12.0
777,5104,143837,23.0
777,5105,143947,110.0
777,5106,144011,64.0
777,5107,144037,26.0
777,5108,144061,24.0
777,5109,144095,34.0
777,5110,144133,38.0
777,5111,144170,37.0
777,5112,144185,15.0
777,5113,144232,47.0
777,5114,144274,42.0
777,5115,144301,27.0
777,5116,144331,30.0
777,5117,144343,12.0
777,5118,144368,25.0
777,5119,144386,18.0
777,5120,144449,63.0
777,5121,144484,35.0
777,5122,144546,62.0
777,5123,144568,22.0
777,5124,144581,13.0
777,5125,144625,44.0
777,5126,144693,68.0
777,5127,144833,140.0
777,5128,144853,20.0
777,5129,144887,34.0
777,5130,144936,49.0
777,5131,144949,13.0
777,5132,144985,36.0
777,5133,145027,42.0
777,5134,145047,20.0
777,5135,145083,36.0
777,5136,145151,68.0
777,5137,145172,21.0
777,5138,145282,110.0
777,5139,145355,73.0
777,5140,145397,42.0
777,5141,145439,42.0
777,5142,145525,86.0
777,5143,145550,25.0
777,5144,145597,47.0
777,5145,145662,65.0
777,5146,145720,58.0
777,5147,145786,66.0
777,5148,145809,23.0
777,5149,145837,28.0
777,5150,145848,11.0
777,5151,145863,15.0
777,5152,145893,30.0
777,5153,145912,19.0
777,5154,145958,46.0
777,5155,146022,64.0
777,5156,146061,39.0
777,5157,146106,45.0
777,5158,146129,23.0
777,5159,146209,80.0
777,5160,146249,40.0
777,5161,146279,30.0
777,5162,146310,31.0
777,5163,146338,28.0
777,5164,146407,69.0
777,5165,146446,39.0
777,5166,146467,21.0
777,5167,146482,15.0
777,5168,146524,42.0
777,5169,146545,21.0
777,5170,146583,38.0
777,5171,146612,29.0
777,5172,146637,25.0
777,5173,146677,40.0
777,5174,146708,31.0
777,5175,146740,32.0
777,5176,146753,13.0
777,5177,146802,49.0
777,5178,146813,11.0
777,5179,146866,53.0
777,5180,146894,28.0
777,5181,146911,17.0
777,5182,146980,69.0
777,5183,147150,170.0
777,5184,147191,41.0
777,5185,147248,57.0
777,5186,147272,24.0
777,5187,147300,28.0
777,5188,147312,12.0
777,5189,147377,65.0
777,5190,147408,31.0
777,5191,147433,25.0
777,5192,147525,92.0
777,5193,147565,40.0
777,5194,147645,80.0
777,5195,147665,20.0
777,5196,147726,61.0
777,5197,147765,39.0
777,5198,147780,15.0
777,5199,147816,36.0
777,5200,147853,37.0
777,5201,147880,27.0
777,5202,147898,18.0
777,5203,147940,42.0
777,5204,148015,75.0
777,5205,148038,23.0
777,5206,148079,41.0
777,5207,148097,18.0
777,5208,148180,83.0
777,5209,148193,13.0
777,5210,148239,46.0
777,5211,148255,16.0
777,5212,148274,19.0
777,5213,148310,36.0
777,5214,148353,43.0
777,5215,148407,54.0
777,5216,148446,39.0
777,5217,148461,15.0
777,5218,148483,22.0
777,5219,148529,46.0
777,5220,148570,41.0
777,5221,148643,73.0
777,5222,148703,60.0
777,5223,148717,14.0
777,5224,148732,15.0
777,5225,148781,49.0
777,5226,148821,40.0
777,5227,148864,43.0
777,5228,148881,17.0
777,5229,148916,35.0
777,5230,148960,44.0
777,5231,148984,24.0
777,5232,148997,13.0
777,5233,149014,17.0
777,5234,149038,24.0
777,5235,149078,40.0
777,5236,149103,25.0
777,5237,149119,16.0
777,5238,149133,14.0
777,5239,149163,30.0
777,5240,149195,32.0
777,5241,149228,33.0
777,5242,149250,22.0
777,5243,149287,37.0
777,5244,149337,50.0
777,5245,149384,47.0
777,5246,149439,55.0
777,5247,149466,27.0
777,5248,149508,42.0
777,5249,149523,15.0
777,5250,149583,60.0
777,5251,149600,17.0
777,5252,149665,65.0
777,5253,149690,25.0
777,5254,149707,17.0
777,5255,149755,48.0
777,5256,149810,55.0
777,5257,149833,23.0
777,5258,149853,20.0
777,5259,149877,24.0
777,5260,149899,22.0
777,5261,149930,31.0
777,5262,149980,50.0
777,5263,150016,36.0
