seed,episode,total_steps,return
123,1,70,-75.39625864635937
123,2,149,-217.35740525419982
123,3,252,-142.95540335893813
123,4,365,-169.48221414612027
123,5,452,-355.78891743096517
123,6,550,-119.60706680143748
123,7,659,-144.30109229622116
123,8,724,-224.32006856174306
123,9,792,-114.37363842094878
123,10,916,-140.14383417031348
123,11,1030,-222.8805720851389
123,12,1102,-70.08235748476356
123,13,1214,-397.8263741391478
123,14,1305,-145.36291314503924
123,15,1399,-216.78950163476202
123,16,1478,-167.64377612080463
123,17,1591,-273.1036264345719
123,18,1675,-137.4346955292852
123,19,1771,-361.8439885692304
123,20,1890,-229.59542085702745
123,21,1988,-348.659461577923
123,22,2069,-210.16229793413152
123,23,2173,-325.4587952054457
123,24,2253,-276.558023536376
123,25,2312,-189.15036157507492
123,26,2388,-297.4410455886252
123,27,2491,-146.5943020698954
123,28,2599,-204.16282669806316
123,29,2686,-128.29996189247086
123,30,2798,-180.81916196756242
123,31,2902,-333.9377444797842
123,32,2985,-329.3653021852491
123,33,3051,-90.15274397465315
123,34,3190,-222.59667075182142
123,35,3328,-55.79582853694728
123,36,3389,-91.36373378350781
123,37,3486,4.813159598500221
123,38,3631,-337.280011188491
123,39,3730,-134.29932380851713
123,40,3840,-429.1243753946286
123,41,3937,-126.09201666075285
123,42,4026,-393.56119581326215
123,43,4121,-64.16404342946078
123,44,4248,-339.4407433915156
123,45,4329,-83.5291297312343
123,46,4392,-79.39025568735003
123,47,4496,-127.2507235133702
123,48,4581,-176.78173545498743
123,49,4670,-125.6825481427318
123,50,4754,-97.65787153584428
123,51,4816,-71.31392805756686
123,52,4902,-251.49439508190648
123,53,4991,-433.73159942225215
123,54,5064,-224.94670221166106
123,55,5154,-305.90149090105933
123,56,5276,-399.86619293456357
123,57,5352,-97.16682447127221
123,58,5460,-450.69260988860856
123,59,5595,-369.41559948826193
123,60,5724,-258.2095270749313
123,61,5883,-318.51813592485865
123,62,5959,-165.86655179846642
123,63,6040,-108.05914832289774
123,64,6133,-95.0114775728152
123,65,6240,-378.86574862046393
123,66,6432,-228.62749469514435
123,67,6514,-221.00872211589092
123,68,6652,-83.45614437853571
123,69,6816,-166.7462953077553
123,70,6899,-18.4378754885698
123,71,7010,-399.83485832739797
123,72,7129,-242.84461264714477
123,73,7228,-235.55409278544911
123,74,7368,-279.26854217153755
123,75,7451,-367.9157911937503
123,76,7574,-313.40132840177284
123,77,7707,-165.0692544960552
123,78,7800,-327.9160691758194
123,79,7880,-147.17954140967376
123,80,7967,-75.96210398332859
123,81,8101,-414.98826587701427
123,82,8178,-126.300410816203
123,83,8304,-423.57044979919397
123,84,8379,-84.57814182261768
123,85,8485,-221.00878387649485
123,86,8565,-260.0422408922965
123,87,8643,-490.96139339089063
123,88,8742,-271.5160930461914
123,89,8857,-119.97228928502618
123,90,8962,-162.64443122647097
123,91,9058,-112.83579813621674
123,92,9145,-452.5759201192893
123,93,9258,-372.5050583696793
123,94,9407,-119.75221948994219
123,95,9511,-265.5146366489489
123,96,9675,-186.98991194714165
123,97,9798,-184.62654784139153
123,98,9885,-224.29676332544787
123,99,9959,-35.95585115923312
123,100,10052,-366.3737578907797
123,101,10145,-344.09489878061845
123,102,10272,-274.6458520048282
123,103,10376,-503.9311453738858
123,104,10469,-82.08367526205211
123,105,10571,-101.72461196384006
123,106,10651,-21.83045609208648
123,107,10797,-581.95095685621
123,108,10886,-198.045404482996
123,109,11019,-211.9742798496522
123,110,11127,-551.7230676513077
123,111,11238,-267.68426425948167
123,112,11343,-324.15556900205377
123,113,11420,-93.53539210706866
123,114,11523,-278.12806984257793
123,115,11608,-432.79739923871796
123,116,11736,-186.46047937050662
123,117,11823,-380.27573102818195
123,118,11910,-337.28661902433987
123,119,12071,-624.5944037579493
123,120,12206,-106.2390734725619
123,121,12385,-607.140278197915
123,122,12497,-534.3112145344965
123,123,12603,15.339798712741882
123,124,12699,-51.852197725921364
123,125,12879,-642.5427798370165
123,126,12986,-284.8143303492969
123,127,13080,-504.8606355254515
123,128,13169,-457.7637653520538
123,129,13234,-151.04630100862852
123,130,13351,-181.5427259475332
123,131,13496,-96.42791077487738
123,132,13584,-60.838251939226595
123,133,13690,-322.023009419802
123,134,13827,-628.7887865995533
123,135,13924,-229.32712256260166
123,136,13989,-52.50143469946774
123,137,14165,-725.0497414619423
123,138,14251,-279.8899394845265
123,139,14383,-600.8128043579088
123,140,14499,-290.39459751746824
123,141,14641,-571.7169484334204
123,142,14751,-462.7564563911752
123,143,14842,-236.92491466201466
123,144,14938,-197.8112459099682
123,145,15039,-470.1559926135726
123,146,15107,-364.4143674861066
123,147,15196,-512.0519388423359
123,148,15288,-504.95454359182503
123,149,15364,-389.5303967751508
123,150,15511,-696.8086743891478
123,151,15613,-632.893918001642
123,152,15695,-554.0407945893651
123,153,15886,-387.69528531593124
123,154,15983,-619.4472447752671
123,155,16115,-571.7814658230895
123,156,16249,-674.7286942048787
123,157,16348,-195.74217525697395
123,158,16461,-154.26600972708962
123,159,16601,-415.0729596472224
123,160,16692,-481.38052826683406
123,161,16795,-157.36632671236572
123,162,17000,-629.676192798477
123,163,17077,-568.6181447834927
123,164,17151,-89.22032918023139
123,165,17329,-702.9333858396785
123,166,17421,-185.44962763540627
123,167,17498,-565.4155599972509
123,168,17648,-485.0011629012713
123,169,17765,-382.0909617571374
123,170,17978,-499.5690372567223
123,171,18091,-341.18253301828923
123,172,18166,-443.6627585919376
123,173,18265,-694.5729139039651
123,174,18363,1.9471096448764342
123,175,18469,-27.95955491651594
123,176,18601,-467.89171700858964
123,177,18725,-353.9863621438549
123,178,18809,-491.56556804542714
123,179,18986,-561.3778228076292
123,180,19086,-371.8056809561193
123,181,19180,-284.9777787814398
123,182,19279,-400.2154375859655
123,183,19387,-319.4930233302464
123,184,19524,-398.77164688836314
123,185,19642,-417.90144105899134
123,186,19839,-631.8905008807895
123,187,19919,-413.9412759094257
123,188,20078,-480.71036010227226
123,189,20175,-484.5838180317631
123,190,20293,-491.9361178398328
123,191,20423,-806.7431686360349
123,192,20558,-722.4324975230337
123,193,20688,-300.6127594744031
123,194,20794,-591.0191223660785
123,195,20883,-587.709057004929
123,196,20972,-590.9374373401047
123,197,21084,-232.87595817802335
123,198,21212,-345.12238265200574
123,199,21335,-561.9117722402088
123,200,21540,-991.576203277677
123,201,21656,-598.0937606927523
123,202,21778,-662.6762818604088
123,203,21860,-442.7173840184019
123,204,22009,-993.2578652664533
123,205,22095,-415.4406887282879
123,206,22210,-336.28491848750576
123,207,22325,-256.76140948655166
123,208,22422,-578.096493213644
123,209,22513,-494.46709663465793
123,210,22655,-733.5708261523472
123,211,22798,-832.9942932401963
123,212,22890,-582.56074864129
123,213,23018,-573.1619545525116
123,214,23128,-378.5845263358704
123,215,23206,-426.0421258435154
123,216,23278,-478.51334748595434
123,217,23489,-1151.0032386795954
123,218,23590,-157.71130568226087
123,219,23686,-678.7538202537355
123,220,23776,-598.1076387436055
123,221,23876,-521.9195711660745
123,222,23977,-574.8465202468112
123,223,24086,-603.6255774235544
123,224,24260,-721.6549510433974
123,225,24411,-864.6909182836266
123,226,24539,-866.9522260482535
123,227,24694,-822.4648049894813
123,228,24792,-341.58346737102374
123,229,24874,-431.62217501866775
123,230,24959,-622.3155709379213
123,231,25055,-465.29874757769915
123,232,25199,-755.7233069145772
123,233,25285,-470.322410516609
123,234,25426,-261.2439091070274
123,235,25517,-589.053955509323
123,236,25633,-374.3691896313424
123,237,25758,-95.33541626465164
123,238,25837,-638.4317569944424
123,239,26008,-864.4193778147481
123,240,26137,-525.5959970707303
123,241,26354,-822.6388094103629
123,242,26529,-1132.3870066514692
123,243,26612,-463.48571448455795
123,244,26746,-696.6106774995558
123,245,26831,-593.9857291783264
123,246,26940,-653.4579283902357
123,247,27022,-420.0783242442799
123,248,27127,-392.49268367207236
123,249,27279,-729.2575121802947
123,250,27395,-719.1648108703012
123,251,27530,-480.1853895623936
123,252,27648,-633.496747823575
123,253,27881,-1647.8843590044012
123,254,27999,-800.6055650022762
123,255,28093,-551.8282274918231
123,256,28231,-73.69821576127872
123,257,28400,-772.687757351083
123,258,28550,-732.3187143644241
123,259,28660,-269.5834778190132
123,260,28878,-1125.6363498694657
123,261,29013,-746.92649470329
123,262,29149,-191.53611524687733
123,263,29262,-624.0878688921036
123,264,29408,-893.9540946069866
123,265,29499,-595.3135112272062
123,266,29578,-457.788980604213
123,267,29713,-610.8038804392924
123,268,29813,-668.3987464445889
123,269,29985,-971.8411683810283
123,270,30113,-647.5132661679644
123,271,30196,-350.12557913920443
123,272,30341,-603.7785141381755
123,273,30460,-817.6870082353031
123,274,30634,-1011.0217575333592
123,275,30756,-819.5136924536524
123,276,30937,-838.4840896090036
123,277,31074,-882.9632290804368
123,278,31144,-401.0662322336969
123,279,31234,-615.1265718990978
123,280,31320,-627.5597035598839
123,281,31445,-875.8964163625451
123,282,31546,-371.7193411766911
123,283,31703,-790.3894019354028
123,284,31843,-756.5995374213804
123,285,32055,-1123.359002128584
123,286,32170,-537.9353361881228
123,287,32339,-955.4801274899941
123,288,32407,-460.37687004709215
123,289,32483,-555.4633084403164
123,290,32574,-591.5674963917852
123,291,32713,-934.2187403230396
123,292,32790,-554.0830323331951
123,293,32948,-620.128816838629
123,294,33022,-497.1193039138199
123,295,33111,-385.7570910356306
123,296,33227,-685.2168875908326
123,297,33325,-572.4323151020565
123,298,33410,-589.2194387008088
123,299,33479,-538.5899527396288
123,300,33640,-845.8142975047625
123,301,33727,-547.6740944617761
123,302,33818,-699.9344158721977
123,303,33890,-445.9962637609686
123,304,33977,-549.6599227123891
123,305,34073,-491.4631120750543
123,306,34205,-692.1528401514068
123,307,34385,-891.9057890164555
123,308,34577,-1077.1250614443152
123,309,34705,-995.1788793523637
123,310,34822,-681.8441346288287
123,311,34898,-488.62585535258256
123,312,35002,-744.9434531921249
123,313,35105,-422.2321227842256
123,314,35257,-673.2792123275871
123,315,35405,-791.1415534343221
123,316,35529,-872.8526439310979
123,317,35691,-772.9878981484984
123,318,35888,-841.7316264762064
123,319,36013,-790.4732482891027
123,320,36085,-521.0835963921036
123,321,36203,-747.93247995624
123,322,36343,-720.9185996180312
123,323,36423,-520.2378288319408
123,324,36553,-619.6258149601767
123,325,36690,-875.0980228545906
123,326,36849,-987.3030590834211
123,327,36973,-703.6870338569818
123,328,37103,-857.014223503381
123,329,37199,-507.4206540232865
123,330,37278,-636.6283552400986
123,331,37356,-475.4213426284773
123,332,37476,-915.6296710149755
123,333,37575,-662.4157283476127
123,334,37684,-602.421781319429
123,335,37769,-534.7824793560671
123,336,37843,-588.1646858421825
123,337,38043,-937.426144835554
123,338,38120,-570.4855397201161
123,339,38236,-642.111103136998
123,340,38378,-877.5426091524951
123,341,38479,-659.213108117034
123,342,38557,-518.6250639244315
123,343,38672,-746.2467335311479
123,344,38759,-505.4229995751982
123,345,38878,-717.6319903389058
123,346,38958,-532.005301031313
123,347,39282,-2821.062363424582
123,348,39372,-601.2203465519267
123,349,39471,-726.4945033361614
123,350,39548,-383.35695981435174
123,351,39751,-682.0450880205814
123,352,39924,-989.7757402993483
123,353,40022,-692.0138607652691
123,354,40165,-800.1658071169712
123,355,40315,-1040.4136386347716
123,356,40397,-548.8592892038106
123,357,40508,-724.5726675164894
123,358,40601,-652.9268953236842
123,359,40698,-709.2975013910136
123,360,40817,-689.1033363372703
123,361,40904,-512.102830955468
123,362,40992,-533.6348991208056
123,363,41095,-214.18183841141115
123,364,41180,-651.4007195162974
123,365,41389,-1364.4339175075058
123,366,41529,-903.3110524389303
123,367,41654,-742.05049886355
123,368,41775,-508.7185681030705
123,369,41881,-688.9319646128458
123,370,41981,-280.8248108388407
123,371,42109,-865.0777707872974
123,372,42218,-555.5325010084184
123,373,42415,-1149.962162525483
123,374,42593,-811.7723221119493
123,375,42695,-808.836699988767
123,376,42766,-450.4722734600791
123,377,42938,-1128.611436688814
123,378,43046,-775.1450857882718
123,379,43144,-613.6432418610958
123,380,43244,-635.2984691300529
123,381,43412,-782.9261354835085
123,382,43627,-1670.6260818028898
123,383,43803,-1056.7872663621476
123,384,43995,-1029.0230096464343
123,385,44068,-508.2651414097766
123,386,44162,-499.59567801433906
123,387,44324,-1077.3221720196607
123,388,44438,-679.6418850221955
123,389,44531,-461.57240981911144
123,390,44655,-1027.5347592612388
123,391,44785,-1032.1801691947335
123,392,44864,-508.0570237676888
123,393,44942,-580.0619969293393
123,394,45027,-286.37111212905506
123,395,45164,-735.7362983101032
123,396,45295,-893.2362915311668
123,397,45440,-1096.1671283142841
123,398,45526,-453.9418123520916
123,399,45722,-1404.8705793792053
123,400,45810,-645.1538396448885
123,401,45884,-451.7442202627073
123,402,45982,-530.8436493533792
123,403,46058,-437.2183454026055
123,404,46130,-579.0235374565544
123,405,46231,-686.2659789784523
123,406,46315,-545.154883265202
123,407,46406,-526.9292208005636
123,408,46620,-1812.1028174529508
123,409,46704,-619.097056648665
123,410,46816,-640.8782651603293
123,411,46894,-580.2558706482689
123,412,47082,-1292.8512853689522
123,413,47186,-528.2479259316672
123,414,47266,-616.263301045586
123,415,47350,-633.8807588670711
123,416,47487,-891.5738570852976
123,417,47694,-1327.5940645986018
123,418,47837,-1051.5461752874035
123,419,47928,-558.9136304251992
123,420,48431,-6702.331161088636
123,421,48582,-798.2914018757216
123,422,48677,-633.4813375690898
123,423,48764,-395.22279978112084
123,424,48841,-481.92875331131546
123,425,48941,-643.3950242033819
123,426,49020,-368.8094154945682
123,427,49143,-817.2820139305111
123,428,49223,-370.62404239166835
123,429,49378,-935.3415010488027
123,430,49511,-633.2353639462336
123,431,49656,-705.1488087267677
123,432,49964,-2586.881833421489
123,433,50043,-650.6080877996562
123,434,50122,-561.2482567203647
123,435,50217,-539.7082796152301
123,436,50302,-592.2143536035799
123,437,50406,-789.8895295590323
123,438,50521,-773.5179766282935
123,439,50614,-628.1144057751172
123,440,50690,-468.24188768502694
123,441,50772,-459.8252284072688
123,442,50857,-521.3391199185146
123,443,50954,-578.1584412220974
123,444,51153,-1643.0888169141797
123,445,51360,-1700.1661286209828
123,446,51438,-578.8288576452214
123,447,51567,-465.2616121057086
123,448,51880,-2420.2020431674564
123,449,51953,-410.9943320617998
123,450,52052,-755.789060045289
123,451,52131,-556.9427546401688
123,452,52235,-700.0900422218754
123,453,52362,-947.407084890378
123,454,52492,-822.6555546714898
123,455,52694,-1326.7362321258645
123,456,52802,-397.49309234454387
123,457,52883,-600.7672471448986
123,458,52999,-577.1430300960375
123,459,53109,-742.9241952260746
123,460,53181,-547.8225338213283
123,461,53381,-1635.2869148388368
123,462,53775,-4623.9917718301895
123,463,53945,-1017.3529666152702
123,464,54024,-508.81693346257
123,465,54125,-651.3303446445683
123,466,54209,-629.2155628329023
123,467,54329,-837.6216710058849
123,468,54441,-686.9929274637154
123,469,54617,-1175.4840738254586
123,470,54710,-490.4110500675373
123,471,54793,-643.9527351583564
123,472,54898,-543.8099260418339
123,473,54977,-616.3329666367576
123,474,55060,-444.1889941867182
123,475,55147,-606.3056067357791
123,476,55434,-2385.411878723537
123,477,55681,-1722.1799624153164
123,478,55768,-334.1985915875758
123,479,55852,-629.7880383055116
123,480,56037,-1438.328013806725
123,481,56140,-744.3823942938758
123,482,56241,-737.129629527821
123,483,56345,-728.3373059874588
123,484,56472,-772.9333894786827
123,485,56596,-620.9662457567355
123,486,56677,-625.626398556785
123,487,56853,-1021.2107456940819
123,488,56951,-670.4406755267049
123,489,57045,-534.961390209651
123,490,57130,-422.4150552121481
123,491,57211,-533.1408962309196
123,492,57293,-579.2903926436219
123,493,57405,-569.4676749801715
123,494,57532,-708.3304194589062
123,495,57614,-486.66397253226853
123,496,57783,-889.3103129184226
123,497,57993,-1299.4344504190215
123,498,58118,-948.5704578152181
123,499,58209,-702.6653175852712
123,500,58343,-1017.4759940644232
123,501,58440,-405.6401860207186
123,502,58644,-1208.9300460562165
123,503,58728,-460.14891181626064
123,504,58834,-727.2270708471565
123,505,58935,-764.5259414058988
123,506,59019,-444.5707125049883
123,507,59150,-871.0272073428432
123,508,59244,-391.35642896526497
123,509,59333,-662.911243899451
123,510,59425,-539.7849840359884
123,511,59497,-570.3776719936775
123,512,59617,-793.4909448690603
123,513,59707,-564.8322327547123
123,514,59782,-561.5164291230135
123,515,59858,-501.3745455402314
123,516,59983,-780.8744462396229
123,517,60096,-709.7326779560933
123,518,60184,-400.9889204518068
123,519,60336,-1084.570704853697
123,520,60422,-602.3756902287748
123,521,60535,-628.656438003872
123,522,60774,-2161.625765432701
123,523,60875,-716.3798392531397
123,524,61013,-931.9201264804092
123,525,61231,-1972.1702842681686
123,526,61328,-462.2566951263731
123,527,61436,-777.9933576696391
123,528,61526,-562.0512114315757
123,529,61618,-693.8199597895085
123,530,61762,-1023.2483237381416
123,531,61856,-589.128859183475
123,532,61957,-556.4103141350561
123,533,62054,-535.56285033168
123,534,62201,-1091.8980339743666
123,535,62388,-1324.4586945606875
123,536,62524,-612.0101131890918
123,537,62597,-575.3548803489249
123,538,62740,-843.2330513149583
123,539,62825,-594.9079969283662
123,540,62978,-945.5834678007781
123,541,63130,-1082.0742292077705
123,542,63267,-750.0785571657669
123,543,63346,-494.43089846318856
123,544,63491,-1056.7535813975996
123,545,63644,-795.0185128504569
123,546,63728,-448.45976751605303
123,547,63841,-771.2684210364775
123,548,63961,-682.0918250668682
123,549,64103,-1042.1216771930565
123,550,64189,-620.2127302072607
123,551,64396,-1607.6740863287278
123,552,64490,-714.6305707289206
123,553,64569,-487.79702203695643
123,554,64663,-588.5435019831128
123,555,64752,-467.0069678238228
123,556,64903,-857.5156385426097
123,557,65047,-1027.9214495454135
123,558,65134,-620.2998269442726
123,559,65229,-720.3178357584828
123,560,65393,-952.5843788975136
123,561,65487,-501.3978470116869
123,562,65582,-459.23735287309125
123,563,65734,-1162.4596934308963
123,564,65807,-514.0055469735505
123,565,65910,-604.2038689981367
123,566,66030,-540.5210193209874
123,567,66114,-603.9533812719224
123,568,66192,-576.8478764375272
123,569,66270,-460.3747810521674
123,570,66346,-519.8736439279571
123,571,66489,-904.0083362099305
123,572,66572,-419.17362322485184
123,573,66731,-1143.3481160732806
123,574,66874,-677.8369193755309
123,575,66947,-437.2765892881689
123,576,67027,-619.2887018327874
123,577,67141,-652.9394040086258
123,578,67274,-809.9334875657647
123,579,67419,-885.5981927233901
123,580,67500,-412.3985026731474
123,581,67615,-528.1376962636261
123,582,67851,-1829.2777946771166
123,583,67935,-630.506519510593
123,584,68038,-791.5853000638155
123,585,68140,-699.4516545209159
123,586,68239,-444.9242671209787
123,587,68342,-638.0389724877846
123,588,68526,-1338.5843460713427
123,589,68707,-1194.7591426462993
123,590,68829,-633.3102178271097
123,591,68968,-1022.5555138635588
123,592,69053,-571.5283264785367
123,593,69151,-507.2331825507759
123,594,69264,-797.2791610432198
123,595,69468,-1573.4122187504659
123,596,69599,-599.6994781789167
123,597,69685,-556.390180348679
123,598,69990,-2687.7592218656737
123,599,70333,-3423.076025926895
123,600,70412,-397.20424068984977
123,601,70651,-1521.6825624018788
123,602,70727,-400.84990796651726
123,603,70809,-460.9813085259844
123,604,71039,-2120.74080386842
123,605,71137,-579.1639471750236
123,606,71242,-789.2053503151366
123,607,71430,-1126.8318768038991
123,608,71534,-675.7129803456936
123,609,71634,-639.0989525394828
123,610,71719,-399.50923049473624
123,611,71930,-1615.4138978422504
123,612,72098,-1039.5725766714613
123,613,72189,-766.4711375605765
123,614,72271,-607.6867646075208
123,615,72387,-750.8884176708913
123,616,72477,-648.9127867626079
123,617,72701,-2100.1242965334095
123,618,72776,-397.54319255323907
123,619,72953,-1439.7406833644352
123,620,73032,-598.4050732802867
123,621,73163,-880.19281895708
123,622,73250,-452.52487874580487
123,623,73432,-1309.0559620299182
123,624,73522,-462.61913963188067
123,625,73624,-485.2188260761977
123,626,73733,-533.5400232390919
123,627,73833,-467.6763323418187
123,628,74042,-1579.9742537920465
123,629,74157,-682.8799114659942
123,630,74303,-743.8801993953541
123,631,74452,-705.5986621030886
123,632,74559,-718.7889576207574
123,633,74635,-576.838789510201
123,634,74729,-708.1142430761702
123,635,74899,-1255.4702874083134
123,636,74977,-486.7735389343998
123,637,75418,-5171.889651211445
123,638,75515,-554.7943377959059
123,639,75710,-1566.4119985540772
123,640,75807,-613.7565230777071
123,641,75913,-550.3793826234732
123,642,76023,-573.0157333339102
123,643,76328,-2683.2432526924754
123,644,76519,-1227.3860906745983
123,645,76658,-947.653311189477
123,646,76745,-497.5528508895847
123,647,76847,-805.1091921336456
123,648,76973,-898.8026506147756
123,649,77050,-500.5471224795652
123,650,77124,-577.2897446135514
123,651,77197,-568.0685457807408
123,652,77280,-568.570197997622
123,653,77380,-572.8277325017038
123,654,77507,-717.2354560912705
123,655,77599,-678.1220192995238
123,656,77698,-652.5770442939231
123,657,77776,-535.584046514489
123,658,77870,-630.0232915860965
123,659,78006,-984.2605732183068
123,660,78169,-1333.3758958480291
123,661,78320,-1244.0630987152294
123,662,78473,-1260.6857956312772
123,663,78561,-502.7999657013078
123,664,78728,-1118.7599206313912
123,665,79078,-3546.2221342330904
123,666,79238,-1187.7108993174747
123,667,79346,-747.4447830012091
123,668,79441,-456.74960712625403
123,669,79522,-481.15379465301913
123,670,79606,-694.0980366079874
123,671,79696,-465.03540762614404
123,672,79819,-978.7935356365929
123,673,79933,-513.9442230327372
123,674,80050,-780.0197337626972
123,675,80123,-456.2262545101004
123,676,80280,-1237.0750298869264
123,677,80375,-663.9694358895756
123,678,80453,-582.2050572309968
123,679,80536,-483.7301064178749
123,680,80621,-380.7872944485025
123,681,80696,-609.2384750601932
123,682,80801,-641.6494261814252
123,683,80941,-1001.9040182999122
123,684,81027,-457.52604606102636
123,685,81174,-802.0115762656168
123,686,81266,-544.7511417921321
123,687,81390,-941.9811808673594
123,688,81465,-584.6760469354513
123,689,81565,-562.6444888291567
123,690,81676,-803.19454933
123,691,81768,-637.0751387055407
123,692,81850,-393.784445300729
123,693,82034,-1386.8287790533059
123,694,82308,-2536.0721186823816
123,695,82429,-680.5920542710832
123,696,82530,-532.3844526755149
123,697,82621,-594.6292404885172
123,698,82915,-1920.029530019884
123,699,82995,-509.1063306549716
123,700,83076,-612.3302947344109
123,701,83151,-496.2173342487721
123,702,83226,-587.9673264498085
123,703,83326,-795.0650245013765
123,704,83401,-406.8553787032044
123,705,83505,-542.5167537713814
123,706,83600,-509.2932892027091
123,707,83691,-581.4218604366517
123,708,83786,-428.0855640775239
123,709,83929,-926.0584931986815
123,710,84012,-661.419655247263
123,711,84247,-2063.725702432638
123,712,84325,-539.8061297775679
123,713,84432,-665.829473594442
123,714,84651,-1845.7783915182767
123,715,84772,-785.3889044517497
123,716,84919,-1170.5890045264337
123,717,85060,-982.9495296965548
123,718,85143,-434.4577125833726
123,719,85229,-585.8775971233343
123,720,85351,-679.7659395181694
123,721,85467,-866.9956719879596
123,722,85610,-837.5254084199426
123,723,85712,-797.2498565743763
123,724,85831,-874.8596846981553
123,725,85904,-563.6317636293725
123,726,85978,-602.4461644628179
123,727,86079,-499.215713362153
123,728,86228,-1018.002434446117
123,729,86330,-696.9177311550222
123,730,86489,-1337.2500458297218
123,731,86571,-499.20475605534995
123,732,86747,-1076.2021557287849
123,733,86829,-615.5977420961663
123,734,86978,-818.7083269753628
123,735,87057,-610.4458210299598
123,736,87179,-815.3948440450959
123,737,87391,-1351.7883170012287
123,738,87497,-549.332978432978
123,739,87662,-1194.2506128397765
123,740,87929,-2275.883276067557
123,741,88035,-498.2344980587642
123,742,88163,-862.4877483389837
123,743,88277,-557.5947535585515
123,744,88574,-2707.979916117198
123,745,88658,-549.4313727593881
123,746,88747,-487.0969069849133
123,747,88988,-1825.1033593924656
123,748,89092,-475.40323167045403
123,749,89183,-516.4316306997059
123,750,89271,-542.0695960566879
123,751,89390,-793.805264589351
123,752,89465,-516.8549320445107
123,753,89574,-763.3605107042652
123,754,89663,-619.8699069792486
123,755,89773,-612.5354400826344
123,756,89881,-689.1749974490592
123,757,90143,-1890.4341137446477
123,758,90232,-454.5178542499543
123,759,90477,-2295.3850005631066
123,760,90672,-1674.832040040726
123,761,90789,-612.7856705915103
123,762,90890,-699.4554586132716
123,763,91024,-1056.789734740693
123,764,91118,-568.9591409592713
123,765,91239,-658.7891726753923
123,766,91322,-578.2039287473867
123,767,91395,-543.3554476307838
123,768,91496,-554.6619608104647
123,769,91664,-984.7257838625978
123,770,92158,-6526.75548542871
123,771,92286,-753.5810212497138
123,772,92370,-552.8136773051046
123,773,92445,-562.9282764635591
123,774,92570,-734.5889595565412
123,775,92647,-457.4441416473807
123,776,92727,-403.84182846182176
123,777,92882,-978.7974804513134
123,778,92961,-580.0440002940004
123,779,93044,-562.756700100118
123,780,93144,-444.2299732530267
123,781,93223,-511.66741988116974
123,782,93301,-463.7984910062625
123,783,93381,-592.050010096566
123,784,93477,-712.2071396612215
123,785,93577,-465.64592185218265
123,786,93657,-456.5379972800162
123,787,93734,-428.90504201912677
123,788,93865,-889.766134062374
123,789,93971,-690.8192661567863
123,790,94103,-887.0187186225124
123,791,94235,-937.9558740129099
123,792,94325,-406.45609687423223
123,793,94525,-1135.1402182089685
123,794,94662,-903.7200347163515
123,795,94823,-996.6665419441767
123,796,94904,-410.91995033485216
123,797,95033,-901.1881377590141
123,798,95125,-633.4848833995511
123,799,95204,-530.2871204843493
123,800,95287,-612.298999099059
123,801,95387,-517.2194396311027
123,802,95471,-661.648036307865
123,803,95597,-584.4002410712972
123,804,95715,-710.9705211486012
123,805,95874,-881.540802304348
123,806,96093,-1621.0527499422733
123,807,96208,-894.3765502806012
123,808,96340,-679.9604792971047
123,809,96463,-649.275086327867
123,810,96551,-432.6684846935286
123,811,96737,-1048.0673483492405
123,812,96834,-486.214160015693
123,813,96967,-915.633578078534
123,814,97112,-865.743556572288
123,815,97217,-739.7043909629022
123,816,97309,-538.7354753776981
123,817,97384,-541.5473212673455
123,818,97467,-421.3845679474021
123,819,97722,-2090.662850830509
123,820,97816,-694.8713251409081
123,821,97971,-802.3322749061228
123,822,98063,-670.7454050658337
123,823,98158,-561.7419437534938
123,824,98247,-554.4410056825795
123,825,98378,-591.7717266464439
123,826,98466,-567.9730737882426
123,827,98545,-643.2223948091051
123,828,98685,-992.7505455867481
123,829,98839,-864.7259009598923
123,830,98939,-418.9989073940833
123,831,99075,-661.0293837613907
123,832,99250,-1254.7801950775063
123,833,99343,-721.662730079438
123,834,99416,-575.7469706045115
123,835,99517,-697.9481423493605
123,836,99643,-979.5200120171367
123,837,99742,-610.9911258194336
123,838,99846,-552.8773114265841
123,839,99951,-707.4248084254424
123,840,100056,-616.1420505517174
123,841,100310,-1993.2436896948554
123,842,100395,-593.6873125812474
123,843,100495,-552.5814692843844
123,844,100595,-527.6594369697577
123,845,100714,-592.3012343709354
123,846,100804,-605.4045699430155
123,847,100958,-1115.893373883394
123,848,101051,-699.2226203120949
123,849,101150,-663.5173814931696
123,850,101288,-990.1747933600501
123,851,101489,-1228.9619911991454
123,852,101651,-1238.0324771217859
123,853,101765,-539.4328114404138
123,854,101863,-663.2903422516167
123,855,101944,-510.0949741148806
123,856,102047,-647.3503204627234
123,857,102131,-636.8581710758959
123,858,102248,-644.6245353035087
123,859,102556,-2908.7624032861113
123,860,102643,-569.3075536254327
123,861,103034,-4818.656979330217
123,862,103122,-506.5812252245098
123,863,103210,-499.3091722045878
123,864,103349,-914.0569065999589
123,865,103427,-505.739640288898
123,866,103670,-1872.1756140440398
123,867,103753,-600.344059576312
123,868,103952,-1732.4794204487214
123,869,104093,-745.726273576269
123,870,104228,-545.2913567206774
123,871,104455,-1871.1487646023097
123,872,104549,-515.0593845277426
123,873,104650,-779.6362717667345
123,874,104856,-1436.1946052931376
123,875,105038,-1468.4666073978763
123,876,105188,-1098.596472918539
123,877,105513,-3117.3507985375227
123,878,105609,-705.5445381029914
123,879,105711,-474.9774960327422
123,880,106053,-3863.2676904600517
123,881,106158,-799.5331312495416
123,882,106233,-554.283625443036
123,883,106350,-731.6563773489893
123,884,106429,-479.01954935384265
123,885,106533,-602.2464075215024
123,886,106746,-1738.0694375147345
123,887,106848,-554.2685819309859
123,888,106926,-641.2046849242206
123,889,107222,-2879.5041774840456
123,890,107330,-764.5422895535779
123,891,107406,-522.0053330512385
123,892,107531,-757.7696234410058
123,893,107608,-626.0213990372761
123,894,107779,-1056.6950355840781
123,895,107865,-596.0663860910466
123,896,107949,-571.7280864041647
123,897,108058,-573.7412956042747
123,898,108130,-613.1025213488584
123,899,108385,-2571.5546158539078
123,900,108472,-660.8720400818928
123,901,108607,-746.0713808641419
123,902,108681,-505.03783097485166
123,903,108899,-1937.6238912994104
123,904,108975,-429.2702389548564
123,905,109131,-1267.0511081781642
123,906,109218,-575.6508875878977
123,907,109307,-603.827430278569
123,908,109413,-579.6681858134425
123,909,109533,-880.0241525348077
123,910,109606,-534.6264257327243
123,911,109703,-489.8303338927968
123,912,109837,-993.2055364122355
123,913,109931,-688.6924983004484
123,914,110047,-863.2449508113152
123,915,110130,-653.3136823824259
123,916,110217,-651.2716821412388
123,917,110301,-607.9314046530337
123,918,110382,-541.1354066606962
123,919,110478,-719.8816920375748
123,920,110567,-357.774013476196
123,921,110749,-1052.260242011726
123,922,110996,-2214.2657010062157
123,923,111071,-566.6993645605357
123,924,111214,-717.742802861452
123,925,111294,-452.69888726847637
123,926,111375,-646.6788404921399
123,927,111481,-498.8165387370588
123,928,111593,-783.0352106706188
123,929,111667,-583.197667871553
123,930,111762,-757.9803509094813
123,931,111916,-1014.3700352726016
123,932,111990,-448.1496980710884
123,933,112117,-929.2861071564477
123,934,112242,-571.1612862246748
123,935,112364,-809.9930682236613
123,936,112446,-501.2789025184624
123,937,112559,-807.1194060266521
123,938,112664,-738.6809510383284
123,939,112829,-1294.1838311087822
123,940,112930,-598.6936000241521
123,941,113032,-761.3686832329863
123,942,113132,-693.9538273051977
123,943,113228,-685.4478319151791
123,944,113369,-1083.109847476304
123,945,113596,-1411.9525788978026
123,946,113696,-730.4837062674853
123,947,113797,-615.7241858330932
123,948,113891,-666.2733101378834
123,949,113968,-427.669289360672
123,950,114061,-625.1129109885997
123,951,114141,-492.62242739687235
123,952,114233,-686.0571707358589
123,953,114350,-870.3232932449997
123,954,114723,-4248.359791920683
123,955,114941,-1615.4733492179626
123,956,115042,-522.2928157091684
123,957,115161,-705.7967446231183
123,958,115241,-400.54091011862545
123,959,115322,-595.4928622531417
123,960,115432,-657.5473596504452
123,961,115705,-2303.478234520183
123,962,115873,-932.7607342431363
123,963,115978,-665.3848900359095
123,964,116128,-920.8857641362182
123,965,116219,-741.3426899314352
123,966,116351,-945.43526482899
123,967,116426,-521.8858605664859
123,968,116569,-926.6485315885332
123,969,116775,-1479.4239938263931
123,970,116885,-697.4063453082003
123,971,117034,-1027.907911135756
123,972,117133,-574.9841390923356
123,973,117294,-1254.3387520653605
123,974,117381,-619.7312952249985
123,975,117623,-1441.9741759803883
123,976,117712,-550.6635395497221
123,977,117832,-902.3482890262333
123,978,117910,-464.62895787060665
123,979,118022,-601.2908362340927
123,980,118416,-4172.698852375875
123,981,118513,-710.7151265120077
123,982,118638,-853.0395905854132
123,983,118849,-1398.3738669683578
123,984,118930,-547.7235037443446
123,985,119074,-828.5032319854753
123,986,119163,-463.82390260893766
123,987,119329,-1035.508357135724
123,988,119473,-1074.0156387130496
123,989,119657,-1094.1234528020777
123,990,119957,-2227.6753722437484
123,991,120079,-788.3756439288046
123,992,120163,-515.3396672406429
123,993,120274,-499.1975365826441
123,994,120558,-2370.791649698577
123,995,120663,-675.9353874247471
123,996,120904,-1689.0847500766765
123,997,120977,-489.09336348674094
123,998,121233,-1840.963940908615
123,999,121344,-585.540378213065
123,1000,121448,-515.0674928809026
123,1001,121554,-603.8800122215712
123,1002,121779,-1381.1483785931591
123,1003,121863,-524.1413069259306
123,1004,121956,-642.7234326612756
123,1005,122038,-634.8106341259736
123,1006,122304,-2260.111411265962
123,1007,122383,-586.4291832302288
123,1008,122479,-438.470753296992
123,1009,122603,-681.2600373225467
123,1010,122723,-667.1577354565628
123,1011,122811,-626.5514897997151
123,1012,122906,-572.3758278619629
123,1013,123098,-1391.884521200834
123,1014,123211,-749.7956002638422
123,1015,123362,-747.9341559884199
123,1016,123558,-1252.1187979999327
123,1017,123644,-372.6113935977346
123,1018,123723,-578.1231088828122
123,1019,123805,-600.2559219285992
123,1020,123882,-606.0830736028934
123,1021,123957,-581.1446707555763
123,1022,124032,-485.95096597017704
123,1023,124114,-485.49127100083643
123,1024,124190,-519.0143377586229
123,1025,124278,-409.88532868540193
123,1026,124487,-1366.768913639279
123,1027,124600,-839.5214580738523
123,1028,124781,-1443.1867027940866
123,1029,124883,-694.5444482715882
123,1030,125139,-1823.3647838693232
123,1031,125497,-3967.3308417820735
123,1032,125608,-793.2127218648544
123,1033,125845,-1814.267904083438
123,1034,125919,-537.2684301860246
123,1035,126031,-510.603971810337
123,1036,126191,-1158.3189408729859
123,1037,126581,-4056.720100525368
123,1038,126744,-1183.2512540819012
123,1039,126848,-747.4978051581061
123,1040,126968,-584.5932426539691
123,1041,127114,-998.2645331711882
123,1042,127186,-573.9713773286553
123,1043,127265,-456.24962118233566
123,1044,127346,-615.3715935899297
123,1045,127453,-655.6742983701542
123,1046,127590,-900.6418556291442
123,1047,127669,-507.4574024962833
123,1048,127785,-870.5228063970018
123,1049,127861,-582.2487994921596
123,1050,128003,-786.391674395289
123,1051,128120,-901.154970875944
123,1052,128224,-703.4162952505121
123,1053,128351,-867.7087538328827
123,1054,128457,-611.5613445880477
123,1055,128702,-2233.6176742786315
123,1056,128782,-510.7124094844104
123,1057,128877,-695.0490407030524
123,1058,128964,-571.8308585000864
123,1059,129159,-1542.1210652644831
123,1060,129265,-597.4654667974849
123,1061,129470,-1756.259110424723
123,1062,129578,-567.5647104391983
123,1063,129668,-674.6505823772637
123,1064,129766,-704.9837353240142
123,1065,129849,-561.3577151874456
123,1066,129968,-802.562645322001
123,1067,130094,-789.662021499033
123,1068,130201,-713.3959928641303
123,1069,130358,-1215.1188885778424
123,1070,130434,-407.6432290522123
123,1071,130517,-444.08186809114665
123,1072,130653,-768.9945696508455
123,1073,130747,-506.9955559995453
123,1074,130913,-1175.990036087446
123,1075,131006,-646.0840127202231
123,1076,131088,-532.9920608468442
123,1077,131370,-2648.755636893237
123,1078,131453,-635.8612079466992
123,1079,131541,-542.6035511237251
123,1080,131681,-815.4583290198885
123,1081,131803,-811.6902824651771
123,1082,131879,-422.5364787307648
123,1083,131971,-467.04542172295663
123,1084,132109,-1080.1413100647778
123,1085,132272,-1173.1105112784824
123,1086,132348,-475.41653028755934
123,1087,132464,-896.5234326714667
123,1088,132552,-567.0640808710875
123,1089,132689,-992.0662839216897
123,1090,132770,-582.0171626070721
123,1091,132846,-459.28788110661156
123,1092,132941,-649.2737559553514
123,1093,133077,-914.0439871612365
123,1094,133162,-470.7155868253369
123,1095,133260,-534.1195271435749
123,1096,133344,-454.6857943219506
123,1097,133510,-926.8325033067464
123,1098,133583,-600.9184588299818
123,1099,133701,-603.6434176775722
123,1100,133782,-574.42699522175
123,1101,133855,-505.43534450216464
123,1102,133951,-513.8062881158997
123,1103,134033,-509.78545037027044
123,1104,134204,-1371.096261692233
123,1105,134346,-927.2822804971318
123,1106,134441,-695.1339027380708
123,1107,134520,-598.3141553428569
123,1108,134655,-795.1881416980178
123,1109,134768,-637.3652412854345
123,1110,134844,-575.7804734376992
123,1111,134933,-562.2293150563769
123,1112,135026,-648.465768668073
123,1113,135136,-673.2147333990167
123,1114,135258,-825.197684027055
123,1115,135344,-376.440544771627
123,1116,135509,-969.0837632191874
123,1117,135585,-423.07355570373596
123,1118,135658,-438.47901030371463
123,1119,135738,-374.1994737257302
123,1120,135815,-584.0740368497429
123,1121,135890,-572.6882901858997
123,1122,135971,-541.8231537295972
123,1123,136049,-475.6994816867964
123,1124,136348,-2903.281446091554
123,1125,136563,-1885.2133551502386
123,1126,136688,-876.407132226469
123,1127,136814,-708.5003509563152
123,1128,136957,-798.1427887548923
123,1129,137310,-3811.2726325603694
123,1130,137451,-933.2698133720128
123,1131,137528,-556.8383398187558
123,1132,137644,-811.1961831340656
123,1133,137729,-678.5336622769047
123,1134,137874,-1027.7988201891708
123,1135,137958,-500.6918582262822
123,1136,138151,-1115.5675775937893
123,1137,138227,-569.9293079437696
123,1138,138312,-347.95971872436684
123,1139,138438,-747.244564297446
123,1140,138554,-792.7330919428987
123,1141,138641,-441.46081857421547
123,1142,138722,-571.4863262012062
123,1143,138818,-556.3527069989954
123,1144,138911,-657.2872130019928
123,1145,139023,-547.8953898368321
123,1146,139104,-595.1608733599793
123,1147,139489,-3940.825097887625
123,1148,139566,-491.9566037650583
123,1149,139656,-563.7800464600391
123,1150,139745,-449.35592174948937
123,1151,139915,-1343.2318179904635
123,1152,140082,-1248.7190052202448
123,1153,140188,-775.9800377643302
123,1154,140379,-1594.4484025480922
123,1155,140600,-1509.7701677077664
123,1156,140686,-572.2835957293232
123,1157,140794,-574.9350255116383
123,1158,140879,-558.4865899493273
123,1159,140978,-698.7881145740454
123,1160,141078,-649.8899288611462
123,1161,141286,-1709.6901189971659
123,1162,141366,-633.0077720804786
123,1163,141464,-724.9806500682821
123,1164,141556,-626.5111897690751
123,1165,141650,-535.2141899627427
123,1166,141923,-2264.5810229835733
123,1167,142000,-529.3884392746255
123,1168,142121,-793.366939314209
123,1169,142460,-3784.5862624483734
123,1170,142621,-1287.7012726187816
123,1171,142933,-3148.958008216932
123,1172,143008,-493.4797645990383
123,1173,143330,-2797.249816003753
123,1174,143429,-508.6574405597156
123,1175,143505,-487.7456635810971
123,1176,143634,-622.5643055563804
123,1177,143775,-593.5908162225853
123,1178,143936,-1084.1955785425898
123,1179,144035,-618.02908316456
123,1180,144233,-1642.5721888594162
123,1181,144311,-579.5346897937068
123,1182,144409,-639.5122520686778
123,1183,144505,-559.6919001344208
123,1184,144741,-2077.9258484502243
123,1185,144822,-445.04844283528354
123,1186,145159,-3324.9577777948048
123,1187,145240,-521.2797016144928
123,1188,145315,-549.6198966508239
123,1189,145394,-605.9139140508867
123,1190,145466,-501.6983436731854
123,1191,145813,-3702.563762569379
123,1192,145886,-568.8596676161768
123,1193,146003,-619.5830357866762
123,1194,146108,-551.1842867257647
123,1195,146371,-2416.4279426415096
123,1196,146505,-825.8751075764891
123,1197,146758,-2380.8012313523145
123,1198,146850,-676.3326501251065
123,1199,146964,-651.3418424106286
123,1200,147091,-566.7903116433215
123,1201,147276,-1262.3431303001214
123,1202,147351,-568.1649837537725
123,1203,147425,-588.595339370763
123,1204,147534,-810.8753158857068
123,1205,147645,-559.0004749741908
123,1206,147755,-846.2184580618082
123,1207,147888,-789.0033579215427
123,1208,147974,-536.9033953737999
123,1209,148052,-387.13700192729885
123,1210,148141,-626.1332657825535
123,1211,148258,-611.6873008185171
123,1212,148368,-533.1219374503823
123,1213,148455,-572.705707232196
123,1214,148586,-834.8252763444073
123,1215,148679,-554.7633215949324
123,1216,148758,-541.2318478716113
123,1217,148871,-836.8854776582958
123,1218,148959,-451.61021035042813
123,1219,149039,-572.2614473200324
123,1220,149121,-559.7315339059667
123,1221,149211,-573.2488127395252
123,1222,149337,-773.4523319579671
123,1223,149452,-585.1064071759945
123,1224,149566,-750.0004777960875
123,1225,149736,-1107.606860319649
123,1226,149850,-647.2950257846621
123,1227,150020,-1290.7609626759763
123,1228,150099,-477.38758185424905
123,1229,150310,-1371.8830123284822
123,1230,150393,-565.482702248549
123,1231,150497,-715.0081568845799
123,1232,150643,-624.9620394912447
123,1233,150728,-502.40187325789395
123,1234,150821,-611.1787333287477
123,1235,150917,-549.2032455976899
123,1236,150993,-564.2101719101013
123,1237,151188,-1286.7346565504452
123,1238,151269,-547.4636875538365
123,1239,151427,-1174.7642852848867
123,1240,151505,-445.8505084894977
123,1241,151603,-526.0702224030524
123,1242,151997,-4705.289302554253
123,1243,152092,-656.1442159933414
123,1244,152198,-594.1118980035708
123,1245,152293,-575.8561759252814
123,1246,152394,-627.6549236354803
123,1247,152472,-472.88748991535414
123,1248,152578,-618.0244360856531
123,1249,152693,-812.1097587485353
123,1250,152905,-1818.6142713743145
123,1251,152984,-614.0453855467839
123,1252,153085,-560.0475349803951
123,1253,153162,-364.82799274749766
123,1254,153270,-781.4552612535346
123,1255,153358,-611.1116890498504
123,1256,153449,-680.9645400718119
123,1257,153617,-1232.954732874538
123,1258,153742,-814.2451070913567
123,1259,154009,-2539.8112260269313
123,1260,154086,-407.1889689140285
123,1261,154192,-576.6466096181625
123,1262,154269,-586.1121233177921
123,1263,154345,-636.4291432375798
123,1264,154421,-420.2929424485024
123,1265,154531,-589.696440456783
123,1266,154627,-522.2059619153242
123,1267,154743,-782.5350248925346
123,1268,154892,-875.2324019106995
123,1269,155034,-893.3622330168911
123,1270,155106,-486.21894274161065
123,1271,155188,-606.8005822523962
123,1272,155282,-461.62430496075217
123,1273,155595,-2442.954015011139
123,1274,155793,-1517.268311700989
123,1275,155913,-594.163146089029
123,1276,156071,-952.1162032243742
123,1277,156153,-585.8260928924348
123,1278,156341,-1556.557809648534
123,1279,156473,-996.2956808789688
123,1280,156549,-583.4140852646287
123,1281,156656,-525.9104844661383
123,1282,156805,-1236.1041304982534
123,1283,157028,-1943.2825419433511
123,1284,157107,-546.8703472209631
123,1285,157187,-578.4777822212055
123,1286,157416,-1502.1497684996752
123,1287,157518,-718.918964913265
123,1288,157612,-713.1256159349005
123,1289,157686,-553.6045594318475
123,1290,157766,-562.2046288001375
123,1291,157877,-803.5263864152369
123,1292,157953,-519.2178454130726
123,1293,158043,-375.2396731893413
123,1294,158137,-562.3517590664569
123,1295,158274,-784.5025684392957
123,1296,158361,-623.5816553403246
123,1297,158440,-520.0693999373952
123,1298,158515,-552.988357798681
123,1299,158658,-1117.7241250347893
123,1300,158751,-734.838153524925
123,1301,158856,-496.7716726745159
123,1302,158935,-600.6784032359441
123,1303,159048,-580.997281836916
123,1304,159145,-427.3784503462737
123,1305,159244,-595.9487857853258
123,1306,159324,-583.1760606866155
123,1307,159492,-1322.6804393832383
123,1308,159587,-421.0563989444668
123,1309,159807,-1843.7303678910787
123,1310,160004,-1341.6034400401884
123,1311,160076,-532.6086008777978
123,1312,160151,-575.0863048328481
123,1313,160403,-2345.3881492727455
123,1314,160486,-496.93168222200063
123,1315,160700,-1200.5321427852684
123,1316,160908,-1568.7000523732152
123,1317,161046,-838.6238140016596
123,1318,161142,-728.0767365764282
123,1319,161222,-524.5123730348284
123,1320,161357,-974.3033942987057
123,1321,161561,-1804.8516763520497
123,1322,161642,-533.3470780221771
123,1323,161720,-583.3743998672203
123,1324,161810,-435.019306143621
123,1325,162052,-1656.2141354434268
123,1326,162166,-665.8385178747652
123,1327,162520,-3513.6232710307563
123,1328,162668,-910.5076401663847
123,1329,162847,-1217.9717789076933
123,1330,162929,-631.8660517174958
123,1331,163003,-590.8538768035443
123,1332,163079,-437.2699987807737
123,1333,163191,-646.1047667262568
123,1334,163298,-756.0208172464739
123,1335,163435,-922.084124129961
123,1336,163555,-782.1646558590994
123,1337,163651,-743.3941417308862
123,1338,163964,-2486.7244829262663
123,1339,164051,-701.9547608523278
123,1340,164135,-593.8885448905673
123,1341,164256,-897.1847961907492
123,1342,164351,-703.3118742521285
123,1343,164433,-619.792091201277
123,1344,164653,-1472.5508052185746
123,1345,164791,-1013.6701296835894
123,1346,164946,-1024.4909750319475
123,1347,165489,-8068.037931904977
123,1348,165597,-751.1317446154168
123,1349,165670,-547.4538395413433
123,1350,165858,-1441.261756548517
123,1351,165951,-561.6510028464602
123,1352,166035,-585.1536329028742
123,1353,166181,-822.1617816347629
123,1354,166299,-880.7823870071239
123,1355,166409,-507.1951367330667
123,1356,166520,-716.8113107857886
123,1357,166661,-959.9102358126096
123,1358,166781,-505.9255438375207
123,1359,166870,-492.3759361399243
123,1360,167103,-2205.6567744928398
123,1361,167267,-1122.540921130414
123,1362,167367,-651.6462008622672
123,1363,167688,-3510.8068019411
123,1364,167850,-1091.7779320145173
123,1365,168071,-2035.0146297213173
123,1366,168151,-579.2352685422742
123,1367,168259,-589.778612068435
123,1368,168334,-555.0697796279974
123,1369,168454,-719.9723941604
123,1370,168550,-584.9407335365264
123,1371,168786,-1724.8662954995327
123,1372,168894,-493.0483673031827
123,1373,168974,-596.6694141052751
123,1374,169221,-2130.3722515450117
123,1375,169333,-831.3182667396072
123,1376,169425,-530.0754273518583
123,1377,169512,-620.556428758275
123,1378,169620,-640.724490856429
123,1379,169782,-1180.8218208521544
123,1380,169868,-536.1128105600633
123,1381,170240,-3813.5442444509426
123,1382,170342,-769.0552417528088
123,1383,170444,-695.1472254191453
123,1384,170531,-484.1861885014091
123,1385,170649,-639.2567782549587
123,1386,170725,-413.1047160748885
123,1387,170801,-549.1562847970208
123,1388,170902,-550.5021984037837
123,1389,170979,-562.7108754946877
123,1390,171092,-829.6994879642925
123,1391,171228,-1033.5415985494014
123,1392,171344,-556.6182092291997
123,1393,171423,-456.2853295597091
123,1394,171607,-1460.6021452442594
123,1395,171702,-636.3375800316808
123,1396,171835,-875.6122447671338
123,1397,172076,-1615.4981380151014
123,1398,172338,-2196.516091860141
123,1399,172427,-468.1578900193778
123,1400,172552,-943.412635845558
123,1401,172626,-488.62377758896275
123,1402,172701,-379.6951667740226
123,1403,172779,-401.9550273083085
123,1404,172871,-534.7858392739848
123,1405,172955,-575.613078966908
123,1406,173059,-560.9427876770528
123,1407,173150,-454.1820672934421
123,1408,173318,-1205.0250965864793
123,1409,173502,-1335.1683292036546
123,1410,173583,-575.5762413087948
123,1411,173714,-949.893073860418
123,1412,173801,-597.1942643397082
123,1413,173979,-1105.0792509186092
123,1414,174086,-687.2172422380959
123,1415,174250,-1257.9586424853658
123,1416,174551,-3176.0198672608576
123,1417,174641,-568.9921576061133
123,1418,174713,-536.3186918002432
123,1419,174787,-402.70389564875944
123,1420,174887,-547.512031306461
123,1421,174964,-637.7345106615297
123,1422,175039,-376.55987345086186
123,1423,175131,-570.2006732158068
123,1424,175209,-645.0706824625702
123,1425,175395,-1149.4952720297617
123,1426,175480,-597.3010980397205
123,1427,175612,-999.4287425422516
123,1428,175705,-697.9154580710758
123,1429,175782,-562.6812048751885
123,1430,175861,-655.9813270065688
123,1431,175992,-824.6841574124651
123,1432,176092,-690.904980067952
123,1433,176166,-486.07493976161874
123,1434,176282,-705.9959574074876
123,1435,176397,-650.9513727806684
123,1436,176508,-686.4160050046721
123,1437,176601,-576.7306716810342
123,1438,176691,-484.5043577376606
123,1439,176788,-542.6798741128127
123,1440,176879,-417.87241081136716
123,1441,176994,-786.1888200765306
123,1442,177196,-1688.6878643984624
123,1443,177270,-413.11632033529435
123,1444,177390,-751.2293141589412
123,1445,177478,-689.4560962481523
123,1446,177581,-628.0450488490179
123,1447,177713,-797.4755166478664
123,1448,177926,-1365.3403745736407
123,1449,178024,-511.02645672350616
123,1450,178104,-535.1663481518669
123,1451,178191,-332.23586570418416
123,1452,178277,-534.8225696590923
123,1453,178351,-617.0313072228
123,1454,178499,-1025.3236605531818
123,1455,178581,-617.9939488880314
123,1456,178664,-609.787372410463
123,1457,178751,-655.8735393500647
123,1458,178839,-470.079252098239
123,1459,178922,-504.3000027376594
123,1460,179007,-512.262096495357
123,1461,179216,-1675.0759917952962
123,1462,179310,-547.2872316085068
123,1463,179425,-833.8541158622553
123,1464,179514,-516.8160927402882
123,1465,179693,-1485.1074667087091
123,1466,179783,-540.7588227388644
123,1467,179981,-1291.5555564443835
123,1468,180065,-491.33916603517946
123,1469,180321,-2500.1776135147784
123,1470,180416,-694.0072952703777
123,1471,180494,-527.1828596266205
123,1472,180586,-499.4652340871884
123,1473,180687,-621.2626127178312
123,1474,180857,-1187.7370038326621
123,1475,180934,-508.95299031547586
123,1476,181010,-450.85454281530104
123,1477,181094,-524.1182462542499
123,1478,181223,-1000.1814250405549
123,1479,181429,-1349.5113716095263
123,1480,181528,-412.47558457212176
123,1481,181616,-570.0851331784232
123,1482,181692,-536.7632950471655
123,1483,181903,-1620.8047117268727
123,1484,181980,-460.1865265928489
123,1485,182067,-368.86238179491227
123,1486,182319,-1999.6735385910088
123,1487,182403,-697.5237980369808
123,1488,182564,-897.3390159921846
123,1489,182765,-1173.6688327827073
123,1490,182879,-665.2237092240302
123,1491,182965,-396.38791671636284
123,1492,183049,-588.7087448131037
123,1493,183132,-394.7383480410704
123,1494,183251,-814.662813583004
123,1495,183333,-567.177679486188
123,1496,183675,-3619.963260630862
123,1497,183762,-573.3503608449897
123,1498,183974,-1740.5972560481205
123,1499,184055,-565.8571803010684
123,1500,184191,-913.0540647693725
123,1501,184321,-893.6715557316012
123,1502,184631,-3101.8227977437255
123,1503,184726,-607.5866247296824
123,1504,184816,-715.939886052249
123,1505,184920,-616.0340131982517
123,1506,185025,-622.3265846670616
123,1507,185180,-797.1273530488394
123,1508,185260,-426.7212855689252
123,1509,185367,-560.9758149846634
123,1510,185452,-427.72466494012093
123,1511,185569,-665.6372030624742
123,1512,185696,-927.8636930520079
123,1513,185873,-1196.920908482443
123,1514,186004,-838.2613484829246
123,1515,186084,-446.9074756540578
123,1516,186304,-1665.523451769976
123,1517,186379,-593.710689661096
123,1518,186622,-1769.9859969411493
123,1519,186698,-589.0284666355574
123,1520,186828,-805.8854211412254
123,1521,186930,-672.7027548372901
123,1522,187012,-603.8123156052238
123,1523,187131,-676.6000525780753
123,1524,187269,-745.7402913010384
123,1525,187425,-765.6503051890095
123,1526,187503,-617.8499740208808
123,1527,187618,-556.7114293328632
123,1528,187720,-567.5006484692542
123,1529,187856,-1142.2307026486742
123,1530,188070,-2075.980282522238
123,1531,188156,-358.70410328542215
123,1532,188294,-935.5825818554126
123,1533,188382,-561.1381030376549
123,1534,188545,-871.154547738134
123,1535,188620,-562.0079077460618
123,1536,188727,-695.941277823743
123,1537,188850,-655.31620535057
123,1538,188961,-493.6197979591873
123,1539,189131,-1106.0584856664668
123,1540,189231,-718.1391841433305
123,1541,189343,-666.1852723199758
123,1542,189570,-1533.9743859043142
123,1543,189666,-474.0724161085452
123,1544,189738,-490.5432509603628
123,1545,189825,-481.2035011138283
123,1546,189923,-658.5268771872019
123,1547,190042,-808.76278278414
123,1548,190239,-1264.7624919191996
123,1549,190342,-583.3866668582612
123,1550,190418,-476.6604954710959
123,1551,190599,-1525.9837179117303
123,1552,190784,-1053.3670652601993
123,1553,191069,-2751.5907410847444
123,1554,191199,-847.5446512568149
123,1555,191331,-658.4877582158886
123,1556,191434,-745.751689843483
123,1557,191526,-598.5818380278156
123,1558,191637,-669.7592447353181
123,1559,191845,-1632.5486695321044
123,1560,191951,-555.4521494081773
123,1561,192078,-779.4758415378367
123,1562,192201,-780.219819853168
123,1563,192315,-578.0436632403054
123,1564,192391,-533.3781474427415
123,1565,192643,-1783.8438037214537
123,1566,192719,-595.878702758788
123,1567,193026,-2791.6661014058163
123,1568,193120,-642.0263708373203
123,1569,193217,-701.809134655711
123,1570,193793,-8963.000844190497
123,1571,193891,-559.465489819049
123,1572,193977,-623.6110987803056
123,1573,194199,-1737.9753701389425
123,1574,194270,-520.8213920308585
123,1575,194410,-1121.1166021245824
123,1576,194510,-646.3528397589425
123,1577,194620,-827.5733465988106
123,1578,194735,-842.5693059321849
123,1579,194963,-1608.6322480397353
123,1580,195049,-488.9216992827847
123,1581,195126,-476.9925650627708
123,1582,195282,-788.0108894613842
123,1583,195372,-597.5884852980291
123,1584,195446,-487.30866800195406
123,1585,195609,-848.4807424244796
123,1586,195720,-434.24714684149285
123,1587,195855,-891.3006542185269
123,1588,196011,-1051.331420331769
123,1589,196122,-847.0190328792045
123,1590,196216,-578.1922176514271
123,1591,196319,-595.067452290963
123,1592,196428,-535.3709803933623
123,1593,196611,-1136.4875322531473
123,1594,196689,-458.09274239030833
123,1595,196781,-639.3866085881532
123,1596,196905,-918.7942446276
123,1597,196989,-422.5864521316895
123,1598,197137,-926.5326562642463
123,1599,197259,-845.6087239338299
123,1600,197384,-627.7972026091658
123,1601,197502,-730.6382381762694
123,1602,197596,-685.3420442052255
123,1603,197776,-1183.873059470707
123,1604,197874,-813.8114102137133
123,1605,198249,-4530.745216112102
123,1606,198398,-783.1571108177079
123,1607,198508,-705.7927669727043
123,1608,198626,-595.4119279586425
123,1609,198708,-556.3630532472926
123,1610,198783,-650.4569557253836
123,1611,198874,-663.0430234639934
123,1612,199012,-719.4432247781647
123,1613,199103,-540.7673940641731
123,1614,199183,-417.64534362905016
123,1615,199278,-737.6388070732627
123,1616,199368,-702.1934609570931
123,1617,199474,-653.5895496097203
123,1618,199569,-685.0846155728317
123,1619,199643,-457.95716291703206
123,1620,199818,-943.7564802293133
123,1621,199923,-593.4186647778695
123,1622,200022,-485.2014145570162
123,1623,200095,-576.0846271957553
123,1624,200217,-902.5725629077624
123,1625,200315,-708.4217251024244
123,1626,200464,-1176.7481167451265
123,1627,200539,-515.8541618660098
123,1628,200633,-522.9343493668302
123,1629,200768,-834.3364292034873
123,1630,200870,-677.3074185526581
123,1631,200959,-650.4815336879255
123,1632,201047,-619.8018262787723
123,1633,201135,-480.71640703232373
123,1634,201264,-677.2686037964899
123,1635,201358,-430.6009103233776
123,1636,201458,-595.316936066494
123,1637,201539,-601.7365903919433
123,1638,201692,-1178.1761935360819
123,1639,201772,-553.2216714981156
123,1640,201944,-1159.8804423941592
123,1641,202035,-635.0239271023847
123,1642,202299,-1870.5861189960203
123,1643,202422,-983.2123596299103
123,1644,202621,-1335.3779127163143
123,1645,202711,-659.1650683318171
123,1646,202788,-460.3463281161231
123,1647,203086,-2398.81723916379
123,1648,203162,-582.1207227597952
123,1649,203249,-570.6092240066292
123,1650,203358,-474.128740827382
123,1651,203450,-667.1607416108131
123,1652,203524,-578.9766296394687
123,1653,203637,-769.54524755703
123,1654,203876,-2124.573831773954
123,1655,204322,-5523.977879503327
123,1656,204406,-387.9132040730507
123,1657,204530,-853.3022009562009
123,1658,204676,-1211.632853515934
123,1659,204846,-1409.445645390788
123,1660,204945,-649.6814954926026
123,1661,205073,-762.3100238640452
123,1662,205196,-817.6286740159464
123,1663,205321,-846.8638604941036
123,1664,205525,-1430.8992110832535
123,1665,205661,-906.4303653481176
123,1666,205856,-1345.3650774062228
123,1667,206022,-979.9929620338213
123,1668,206110,-481.46300751823145
123,1669,206197,-632.7368679591705
123,1670,206279,-595.2230622987479
123,1671,206353,-527.891864870131
123,1672,206471,-800.6142982825763
123,1673,206548,-548.2829206353465
123,1674,206645,-585.305327965294
123,1675,206750,-706.7518966167974
123,1676,206906,-1108.0346813169826
123,1677,207031,-821.4769505813031
123,1678,207134,-697.7983087014427
123,1679,207308,-1021.2308706629125
123,1680,207431,-673.058677037364
123,1681,207548,-640.7882504677477
123,1682,207631,-589.6195322371242
123,1683,207778,-1140.9880608506257
123,1684,207867,-526.9416755582918
123,1685,208145,-2572.405028757017
123,1686,208232,-590.4446143627704
123,1687,208585,-3863.0452087848116
123,1688,208687,-601.6108282931502
123,1689,208778,-452.1836076548885
123,1690,208866,-642.184903376481
123,1691,208962,-545.1259390111709
123,1692,209136,-1059.3589355129516
123,1693,209233,-580.1463025967471
123,1694,209389,-1310.4234378231445
123,1695,209539,-929.1866708293052
123,1696,209668,-924.5033155560593
123,1697,209744,-594.4619099646682
123,1698,209931,-1186.0887369724546
123,1699,210249,-2701.7276437701535
123,1700,210367,-732.592314386363
123,1701,210442,-588.2883282539294
123,1702,210528,-553.8308993126846
123,1703,210797,-2596.546925816212
123,1704,210899,-480.6482075353862
123,1705,211012,-610.083553329147
123,1706,211088,-513.2914411995271
123,1707,211203,-665.8004707785186
123,1708,211288,-523.5812935238342
123,1709,211396,-840.8721664731002
123,1710,211532,-990.6972089699375
123,1711,211632,-438.5904610166425
123,1712,211780,-1078.4069964841372
123,1713,211893,-840.1928698283921
123,1714,211991,-667.6686355501841
123,1715,212110,-930.829369954977
123,1716,212223,-839.6927500170551
123,1717,212404,-1330.3279930945741
123,1718,212646,-1915.9150028861195
123,1719,212742,-584.1992958804806
123,1720,212914,-1265.4646390810224
123,1721,213024,-794.7187757024402
123,1722,213135,-576.5934226000454
123,1723,213214,-424.46326709207636
123,1724,213288,-450.0164889530841
123,1725,213389,-766.388405639456
123,1726,213466,-461.48092486034477
123,1727,213556,-563.2500911239006
123,1728,213645,-617.7329670318933
123,1729,213818,-1070.2872929513146
123,1730,213947,-646.5536859304876
123,1731,214077,-886.1221980065936
123,1732,214159,-649.1961894308525
123,1733,214258,-712.6663712532238
123,1734,214420,-1163.6385845370764
123,1735,214505,-555.7732992487711
123,1736,214699,-1656.5323895757122
123,1737,214791,-507.3784689349189
123,1738,214884,-513.3720764178713
123,1739,214997,-608.5481832078735
123,1740,215092,-627.2655970156721
123,1741,215344,-2007.706318334042
123,1742,215421,-417.3976162396225
123,1743,215495,-530.2846334612884
123,1744,215588,-531.314365246546
123,1745,215684,-641.3032247187435
123,1746,215773,-676.0691773763963
123,1747,215940,-1214.4366779736997
123,1748,216107,-1082.6221891485905
123,1749,216204,-655.0943277922797
123,1750,216289,-669.2289202623604
123,1751,216454,-839.851061985069
123,1752,216561,-588.3763294484204
123,1753,216658,-705.4693193075126
123,1754,216739,-576.359066098704
123,1755,216822,-443.06463845696635
123,1756,216905,-475.89780617140104
123,1757,216996,-544.9643095936096
123,1758,217089,-667.308376688445
123,1759,217179,-608.2936119158567
123,1760,217301,-884.7131117886354
123,1761,217458,-859.0971877554215
123,1762,217610,-1171.8491527203953
123,1763,217799,-1519.263141737083
123,1764,218143,-3134.04769306365
123,1765,218231,-388.2724478834396
123,1766,218312,-504.5555607271397
123,1767,218410,-694.8099453371033
123,1768,218504,-687.5364589675893
123,1769,218592,-639.8614977350544
123,1770,218808,-1424.765517925242
123,1771,218958,-1097.6676208742522
123,1772,219070,-561.8903724745888
123,1773,219152,-550.8530121437063
123,1774,219244,-619.943914314878
123,1775,219387,-919.0587123175342
123,1776,219506,-584.6393762078985
123,1777,219597,-640.534835268113
123,1778,220062,-5991.5050970538905
123,1779,220174,-721.522484637629
123,1780,220319,-1011.0537507974357
123,1781,220397,-592.5577979952329
123,1782,220481,-647.7751118748698
123,1783,220579,-589.9897026906251
123,1784,220665,-620.9704329556611
123,1785,220740,-506.99961441822137
123,1786,220819,-689.6701666880829
123,1787,220922,-630.0540913362952
123,1788,221034,-823.0813311566249
123,1789,221110,-457.7740613023614
123,1790,221244,-1035.4975953411372
123,1791,221320,-548.6168471890921
123,1792,221413,-512.6366693307141
123,1793,221506,-543.6472044987705
123,1794,221603,-789.6770539508461
123,1795,221685,-345.4975386646507
123,1796,221787,-664.9926745497235
123,1797,221898,-652.8238518216159
123,1798,221995,-493.9636460877903
123,1799,222198,-1562.9627115904275
123,1800,222333,-933.0308645983671
123,1801,222496,-832.1314101081784
123,1802,222579,-470.14233691387443
123,1803,222667,-626.2792131368094
123,1804,222816,-1086.8442452254058
123,1805,222940,-753.5381588323294
123,1806,223047,-492.2055978773176
123,1807,223147,-702.4599840372044
123,1808,223220,-557.5638495969426
123,1809,223304,-611.6475682561743
123,1810,223566,-2573.425877568359
123,1811,223643,-374.29017244449227
123,1812,223759,-779.6235072333523
123,1813,223876,-661.4988059392306
123,1814,224018,-1058.0975120140597
123,1815,224092,-596.2978360490126
123,1816,224179,-610.0650557902816
123,1817,224289,-772.9322715470965
123,1818,224523,-1816.1878545819393
123,1819,224691,-929.6081972350017
123,1820,224867,-979.916250609274
123,1821,224950,-665.5802778246724
123,1822,225057,-539.073422188291
123,1823,225134,-600.478394387171
123,1824,225329,-1215.6895395011463
123,1825,225400,-480.5835899614247
123,1826,225480,-539.4052638173741
123,1827,225560,-584.2394117652545
123,1828,225638,-546.1622767537546
123,1829,225714,-544.2843351677984
123,1830,225798,-495.61171907359164
123,1831,225887,-455.14038632458636
123,1832,225978,-478.8681671958153
123,1833,226053,-555.7962761615481
123,1834,226156,-708.8448471537122
123,1835,226310,-897.4919882995226
123,1836,226455,-782.9132143508584
123,1837,226546,-471.50745352483057
123,1838,226668,-906.1666769105028
123,1839,226903,-1680.0925014633358
123,1840,226981,-548.0021818140972
123,1841,227198,-1668.262589887891
123,1842,227273,-605.0453533198984
123,1843,227459,-1216.1353158001439
123,1844,227681,-1417.5457051415478
123,1845,227826,-1033.1344692215707
123,1846,227909,-648.8217705628414
123,1847,228027,-630.9047594375927
123,1848,228167,-1071.7766542902768
123,1849,228247,-634.7165060304238
123,1850,228385,-829.3219172784954
123,1851,228484,-609.973303176743
123,1852,228585,-642.7211598227001
123,1853,228720,-866.6287584662479
123,1854,228892,-989.8376395406851
123,1855,229084,-1289.422559250214
123,1856,229156,-440.35310165650964
123,1857,229227,-565.59246289586
123,1858,229545,-2778.1726421786607
123,1859,229662,-624.454161008593
123,1860,229747,-541.7949482719727
123,1861,229849,-657.9956111328088
123,1862,229933,-419.2661304949608
123,1863,230110,-1316.7769410026804
123,1864,230196,-533.6128845852477
123,1865,230336,-859.5607712822318
123,1866,230410,-586.5429959931797
123,1867,230702,-2653.5772816445783
123,1868,230785,-496.95135796031747
123,1869,230987,-1387.1281479745421
123,1870,231071,-548.0870689036987
123,1871,231253,-1345.5222903043316
123,1872,231373,-909.4879629674732
123,1873,231482,-670.2610048550885
123,1874,231638,-1036.170112976824
123,1875,231710,-487.965522094832
123,1876,231806,-600.962115618146
123,1877,231900,-595.2794142398662
123,1878,232004,-707.9867727048983
123,1879,232083,-586.289896299028
123,1880,232170,-530.0611545765996
123,1881,232278,-633.3873263794733
123,1882,232556,-2101.73393085565
123,1883,232760,-1660.4618759982893
123,1884,232856,-710.4446076466772
123,1885,232934,-605.6864986917317
123,1886,233040,-792.9517781358842
123,1887,233155,-896.1116479949128
123,1888,233250,-715.3359464097127
123,1889,233327,-472.728164497933
123,1890,233529,-1367.9046337271495
123,1891,233652,-852.9260900192071
123,1892,233731,-482.97982546692094
123,1893,233804,-522.5345691413161
123,1894,233931,-647.2062701024175
123,1895,234060,-938.4329010250842
123,1896,234172,-819.5792809240904
123,1897,234315,-981.5034610293922
123,1898,234566,-2510.7098104870906
123,1899,234649,-437.05702218530826
123,1900,234784,-825.0222827297396
123,1901,234870,-633.5328894156379
123,1902,234958,-485.18274235142763
123,1903,235042,-504.9486087496195
123,1904,235165,-885.7100769746514
123,1905,235246,-443.81540284356004
123,1906,235327,-550.5400397932315
123,1907,235451,-660.6748837506215
123,1908,235562,-601.2295916490725
123,1909,235651,-644.6180735763891
123,1910,235729,-543.7835135991761
123,1911,235801,-460.8752650642657
123,1912,235971,-1038.8277314675033
123,1913,236066,-665.1586861517341
123,1914,236163,-660.7472218619691
123,1915,236281,-741.9697177770602
123,1916,236368,-555.3513689698575
123,1917,236528,-1294.334043084817
123,1918,236669,-919.1773422845087
123,1919,236797,-716.0750138434706
123,1920,236875,-492.54361094791733
123,1921,236983,-536.5493710958654
123,1922,237150,-945.2847483258188
123,1923,237278,-895.6452451693749
123,1924,237427,-810.7575486887781
123,1925,237514,-350.4698153231572
123,1926,237653,-1117.045714056768
123,1927,237746,-561.3834904439126
123,1928,237870,-895.0697126139082
123,1929,237993,-983.9942892448182
123,1930,238123,-928.1521508008549
123,1931,238368,-2068.5716066364944
123,1932,238457,-644.4900198751976
123,1933,238598,-751.0832850853201
123,1934,238731,-687.3990256300121
123,1935,238803,-479.1986189873956
123,1936,239185,-4279.919765960389
123,1937,239278,-720.2980805180329
123,1938,239359,-709.3611184076188
123,1939,239465,-749.0678600832529
123,1940,239554,-583.0808950989465
123,1941,239655,-765.7799700389559
123,1942,239776,-761.9894475506957
123,1943,239851,-505.1683603121258
123,1944,239965,-706.4563734997021
123,1945,240039,-526.3627478057317
123,1946,240197,-954.6215614603836
123,1947,240274,-523.1708063656145
123,1948,240350,-507.4347174888994
123,1949,240448,-442.56423412334397
123,1950,240536,-382.1381025763732
123,1951,240701,-1106.6924355411552
123,1952,240794,-585.8879021231492
123,1953,240877,-556.2330640873272
123,1954,240978,-640.0430696236576
123,1955,241149,-1260.756625704908
123,1956,241246,-626.1631290493466
123,1957,241412,-1033.1861854295016
123,1958,241522,-631.9597768374128
123,1959,241600,-564.7489565255703
123,1960,241739,-957.1268256385727
123,1961,241821,-557.554829167049
123,1962,241956,-835.2979028743952
123,1963,242087,-942.640826697563
123,1964,242189,-668.6765473770888
123,1965,242291,-782.6290194070863
123,1966,242377,-462.4858363177213
123,1967,242451,-469.8852282268969
123,1968,242649,-1314.1723478144181
123,1969,242729,-600.8224808070355
123,1970,242805,-522.0488316655478
123,1971,242884,-357.93642380573175
123,1972,242958,-496.05676081010716
123,1973,243054,-649.1007720103014
123,1974,243162,-472.02805123254865
123,1975,243302,-911.1736645171671
123,1976,243424,-839.8631992565166
123,1977,243515,-613.1539735624434
123,1978,243609,-538.5045093307767
123,1979,243697,-543.7065563642288
123,1980,243783,-574.247029830666
123,1981,243990,-1740.7337443961312
123,1982,244127,-810.5765277910173
123,1983,244212,-457.6954246497237
123,1984,244539,-3293.175019888854
123,1985,244623,-556.592358651639
123,1986,244712,-711.8602752946416
123,1987,244810,-486.9171527903228
123,1988,244903,-554.6162373529811
123,1989,245093,-1326.4951714299862
123,1990,245228,-821.1476627196132
123,1991,245316,-505.78101628643685
123,1992,245542,-1463.823650132127
123,1993,245620,-491.65274915144965
123,1994,245759,-927.7129310551344
123,1995,245845,-528.2373981554392
123,1996,245946,-759.4976154432667
123,1997,246033,-503.89434389225954
123,1998,246107,-581.2321413880154
123,1999,246226,-856.7429637934961
123,2000,246358,-663.42000146303
123,2001,246435,-557.0223321164469
123,2002,246532,-459.3549049213466
123,2003,246709,-1128.357055314267
123,2004,246785,-573.0957230508241
123,2005,246901,-863.5022795077639
123,2006,247041,-1019.9396593593651
123,2007,247118,-515.8257423847305
123,2008,247358,-1894.3842149502163
123,2009,247437,-607.4465937120398
123,2010,247588,-1083.2373267739838
123,2011,247678,-569.2735571062215
123,2012,247823,-856.1948184814097
123,2013,247983,-946.599312922923
123,2014,248068,-608.2284571254817
123,2015,248341,-2330.3167195611386
123,2016,248470,-590.5865888310325
123,2017,248553,-472.39852157896996
123,2018,248637,-622.51197483635
123,2019,248795,-836.2900978078328
123,2020,248947,-1259.660731069506
123,2021,249035,-505.7606045334641
123,2022,249158,-804.0891831792214
123,2023,249284,-918.6312560414043
123,2024,249371,-576.5040924987042
123,2025,249446,-536.6741691515765
123,2026,249613,-1382.5223658254088
123,2027,249695,-575.4178443851522
123,2028,249816,-638.7964327760391
123,2029,249899,-647.6557209757527
123,2030,250008,-573.8688129188788
123,2031,250133,-781.6037722573685
123,2032,250214,-530.3503067388233
123,2033,250305,-666.0121925549824
123,2034,250382,-517.8284729493131
123,2035,250559,-978.7022669870905
123,2036,250661,-538.2638825112613
123,2037,250738,-512.4734007854128
123,2038,250849,-676.9555820697329
123,2039,251073,-1833.0052201837202
123,2040,251153,-477.98133610246373
123,2041,251233,-537.0483244683345
123,2042,251346,-535.8942784303018
123,2043,251473,-948.5791575499785
123,2044,251592,-875.2921362208614
123,2045,251674,-398.6361851847499
123,2046,251802,-744.3538692381267
123,2047,251875,-414.67700457652967
123,2048,252048,-988.0484417155227
123,2049,252191,-982.1256194442323
123,2050,252278,-484.9711101958905
123,2051,252377,-596.487522619568
123,2052,252508,-926.88065772406
123,2053,252602,-660.5221630627497
123,2054,252705,-585.5128685214104
123,2055,252790,-668.9424518261585
123,2056,252908,-620.482537253118
123,2057,252984,-473.34780554220174
123,2058,253149,-940.3466112510896
123,2059,253292,-965.3394588060706
123,2060,253563,-2339.6321689217157
123,2061,253656,-500.14883145672707
123,2062,253786,-878.2749898558684
123,2063,254133,-3296.0711662086337
123,2064,254265,-692.6468330567752
123,2065,254357,-666.1061609144467
123,2066,254532,-1390.340137146235
123,2067,254630,-649.0445432339129
123,2068,254714,-494.72949065806864
123,2069,254995,-2337.7343806558447
123,2070,255177,-1113.1421483556292
123,2071,255314,-1033.7287671705894
123,2072,255395,-431.70476158050275
123,2073,255518,-884.1085653271232
123,2074,255591,-612.4524637736926
123,2075,255701,-640.7081737978609
123,2076,255807,-750.2089490324253
123,2077,255882,-552.3304820825144
123,2078,255988,-480.88771370279443
123,2079,256114,-634.1003736915178
123,2080,256191,-453.09580966192897
123,2081,256265,-602.8622938157234
123,2082,256359,-528.9938918609993
123,2083,256433,-417.01515014027717
123,2084,256525,-709.8394649202448
123,2085,256601,-427.1454714162333
123,2086,256681,-556.4390361991486
123,2087,256784,-495.44804994387556
123,2088,256875,-504.77299393784494
123,2089,256974,-646.3326552252257
123,2090,257056,-559.8237237913706
123,2091,257163,-723.0191119756944
123,2092,257276,-489.3061076191827
123,2093,257361,-420.04236922355386
123,2094,257530,-1226.4006649907037
123,2095,257613,-326.82658302387875
123,2096,257751,-779.8280825682873
123,2097,257957,-1714.4185801807932
123,2098,258125,-905.5584772801254
123,2099,258210,-666.3783573055655
123,2100,258287,-567.8235153460248
123,2101,258381,-690.1307752039896
123,2102,258468,-503.4816681880055
123,2103,258600,-923.1593207902578
123,2104,258680,-587.0087238724586
123,2105,258810,-1044.8433141507112
123,2106,259073,-2286.440200405882
123,2107,259196,-729.2910095563674
123,2108,259270,-509.9470862496398
123,2109,259357,-710.0484864914945
123,2110,259687,-3389.3650918435987
123,2111,259862,-972.3777619178337
123,2112,259981,-689.41962441815
123,2113,260058,-549.6268968929271
123,2114,260191,-997.0133787991731
123,2115,260271,-562.1986134796578
123,2116,260375,-699.195942793517
123,2117,260460,-634.0869245779858
123,2118,260633,-1166.2912827296288
123,2119,260854,-1798.8830916441525
123,2120,260931,-596.7032087565208
123,2121,261010,-380.3950538848187
123,2122,261139,-760.6983384298122
123,2123,261223,-638.4895480058348
123,2124,261300,-621.8938636922549
123,2125,261377,-433.4313817188764
123,2126,261528,-1170.2147002443733
123,2127,261702,-1372.852320286163
123,2128,261799,-720.3001490209291
123,2129,261889,-504.9620413639747
123,2130,262045,-1173.95522291764
123,2131,262178,-1017.8256262587621
123,2132,262303,-556.7552529594581
123,2133,262428,-894.1745090944925
123,2134,262524,-644.9449433768501
123,2135,262673,-1112.5015861439063
123,2136,262811,-1086.4269426030887
123,2137,262907,-586.9204992139652
123,2138,263026,-727.1490395665916
123,2139,263133,-829.9888722209497
123,2140,263249,-662.8634904524816
123,2141,263373,-822.0445026143836
123,2142,263806,-4984.458350964102
123,2143,263900,-444.56612079322025
123,2144,264079,-1431.695961948789
123,2145,264168,-633.1136055366906
123,2146,264342,-1123.7116065903297
123,2147,264439,-586.6563510077251
123,2148,264570,-835.783711176846
123,2149,264702,-825.8943840360739
123,2150,264908,-1762.340237977036
123,2151,265022,-757.5911265182855
123,2152,265142,-1003.6459290018405
123,2153,265216,-505.03861617141143
123,2154,265341,-718.599001331842
123,2155,265430,-670.0525395491834
123,2156,265538,-767.8539400115382
123,2157,265641,-639.4373361354872
123,2158,265737,-584.3581557457072
123,2159,265876,-670.7788713499687
123,2160,266006,-1046.2500235956902
123,2161,266084,-537.3861931116347
123,2162,266220,-959.7300796735129
123,2163,266524,-2454.7715424538183
123,2164,266604,-510.22506207502795
123,2165,266702,-649.7409417835954
123,2166,266879,-1239.1123684064687
123,2167,267020,-957.6680882843078
123,2168,267160,-804.1863808492525
123,2169,267329,-1152.4751915640277
123,2170,267499,-893.0728361893982
123,2171,267589,-386.912922839777
123,2172,267689,-567.784546422452
123,2173,267785,-691.3051421037105
123,2174,267863,-494.4964319503889
123,2175,268075,-1475.5984423858874
123,2176,268159,-471.34531832807954
123,2177,268306,-1185.7820518785913
123,2178,268480,-1308.0413729182005
123,2179,268668,-1517.4184303076138
123,2180,268815,-995.6720974147988
123,2181,269045,-1849.4353910998148
123,2182,269160,-868.8062474048363
123,2183,269316,-787.7725228794766
123,2184,269441,-553.4743495698197
123,2185,269532,-619.742181428366
123,2186,269628,-513.6458346493816
123,2187,269725,-754.5114139300669
123,2188,269802,-524.807155064742
123,2189,269879,-564.6306612164948
123,2190,269974,-744.0976347609491
123,2191,270123,-865.7126124371204
123,2192,270258,-621.487993269842
123,2193,270342,-497.71039446786494
123,2194,270419,-542.2248426109053
123,2195,270512,-530.592962441401
123,2196,270677,-978.4426084980623
123,2197,270767,-556.0122991700366
123,2198,270862,-492.7924265081207
123,2199,270995,-836.1419215639844
123,2200,271175,-1506.0445275392437
123,2201,271295,-856.0097841510315
123,2202,271378,-536.4047344561284
123,2203,271462,-622.1514882228784
123,2204,271563,-683.6661630816527
123,2205,271642,-499.77229895369106
123,2206,271714,-460.8820921487731
123,2207,271803,-569.8779713274257
123,2208,271890,-638.3809477578857
123,2209,272045,-825.5366976120993
123,2210,272137,-572.0317740514643
123,2211,272212,-579.178498046351
123,2212,272307,-491.34706994209347
123,2213,272400,-665.9388704994317
123,2214,272530,-937.6421301554525
123,2215,272614,-566.4044233725202
123,2216,272730,-731.5750310579558
123,2217,272937,-1676.3185280678629
123,2218,273015,-573.4485634087173
123,2219,273134,-647.8545494427143
123,2220,273272,-1038.0442717432684
123,2221,273457,-1493.414284890856
123,2222,273543,-597.0497178091402
123,2223,273620,-522.0645942261922
123,2224,273695,-589.228331430679
123,2225,273772,-421.321490349922
123,2226,274011,-2247.3311810279774
123,2227,274170,-1306.212552579804
123,2228,274405,-2000.7245705066807
123,2229,274487,-588.5965461326625
123,2230,274647,-1264.9090270267595
123,2231,274763,-836.582049578568
123,2232,274860,-569.7570548346089
123,2233,275027,-987.8387351108646
123,2234,275115,-456.41547124670313
123,2235,275199,-518.5272326448633
123,2236,275309,-710.972438677271
123,2237,275459,-1320.4456234603638
123,2238,275647,-1680.3717601004487
123,2239,275816,-1402.5375082592286
123,2240,275963,-1035.2568199083428
123,2241,276042,-455.9614570274467
123,2242,276124,-516.8870078439913
123,2243,276214,-518.6074036180273
123,2244,276306,-734.8248540348117
123,2245,276456,-812.7121162412783
123,2246,276569,-727.4639118702944
123,2247,276677,-676.7198368742513
123,2248,276772,-682.9824925385273
123,2249,276955,-1226.4190361406058
123,2250,277031,-530.4340113868416
123,2251,277165,-614.3454610458642
123,2252,277254,-740.4809682834743
123,2253,277439,-1099.4593240147897
123,2254,277562,-836.7505330540379
123,2255,277654,-682.4272777012236
123,2256,277847,-1678.5448813987878
123,2257,277997,-871.9717384899687
123,2258,278138,-1178.7007455344592
123,2259,278304,-1331.33877706885
123,2260,278443,-840.7325899493371
123,2261,278539,-585.4634419253263
123,2262,278632,-677.6657022263144
123,2263,278708,-571.3589976289617
123,2264,278956,-2223.915274751245
123,2265,279067,-554.3809239242246
123,2266,279159,-538.997038837568
123,2267,279258,-596.7601172150419
123,2268,279342,-557.724381292421
123,2269,279426,-525.6400775544558
123,2270,279502,-431.2644751244109
123,2271,279633,-681.549992516507
123,2272,279854,-1823.002969564011
123,2273,279979,-937.6017762712543
123,2274,280256,-2260.164736663021
123,2275,280346,-490.0595027098112
123,2276,280425,-585.2261444228163
123,2277,280502,-487.31175284780704
123,2278,280579,-428.30007782623767
123,2279,280749,-960.672865528236
123,2280,280909,-741.737191691589
123,2281,281035,-907.0384640230598
123,2282,281125,-555.4656579575171
123,2283,281228,-623.6055653820885
123,2284,281305,-620.4765163234716
123,2285,281412,-520.63006310177
123,2286,281496,-612.4107636951935
123,2287,281590,-690.6009060830869
123,2288,281670,-612.128614854084
123,2289,281748,-583.9450715157486
123,2290,281945,-1360.6817728278743
123,2291,282050,-896.6892243122369
123,2292,282214,-1163.2420794169273
123,2293,282408,-1539.010051934986
123,2294,282530,-604.4553794443278
123,2295,282606,-463.8631681949471
123,2296,282691,-662.5799391208977
123,2297,282789,-697.8589263181995
123,2298,282935,-1102.966747764943
123,2299,283010,-502.17305841986223
123,2300,283087,-542.3185596131658
123,2301,283179,-633.2523405786211
123,2302,283257,-488.05202805780164
123,2303,283374,-689.3843668629119
123,2304,283455,-405.77680102930503
123,2305,283568,-584.2361950563923
123,2306,283723,-712.6437465092739
123,2307,283867,-928.7305916988162
123,2308,284077,-1271.2988701356533
123,2309,284267,-1689.392309934665
123,2310,284397,-791.1657098102464
123,2311,284512,-829.8887760800467
123,2312,284634,-597.7436649980266
123,2313,284716,-360.45444141761476
123,2314,284907,-1301.9925329064451
123,2315,285056,-795.3811006995295
123,2316,285168,-745.0842658101086
123,2317,285256,-379.30151746271355
123,2318,285335,-596.5753439380306
123,2319,285417,-425.2180798878784
123,2320,285560,-893.7047867629483
123,2321,285656,-600.6182492946168
123,2322,285739,-595.9026430522574
123,2323,285817,-532.2905301799315
123,2324,286073,-2468.224472685398
123,2325,286204,-741.6042587528341
123,2326,286278,-435.29288802599694
123,2327,286452,-1111.2460989666724
123,2328,286528,-587.7752414901208
123,2329,286606,-653.7064229345901
123,2330,286746,-959.4695401050247
123,2331,286860,-815.225549246122
123,2332,286943,-480.14653683508794
123,2333,287017,-499.53157742091344
123,2334,287165,-858.6127421502483
123,2335,287243,-543.2238334780697
123,2336,287329,-522.1219351182908
123,2337,287418,-629.8535939819948
123,2338,287523,-788.2436649977421
123,2339,287679,-1029.610347800368
123,2340,287808,-623.2459590754643
123,2341,287920,-601.2107510996481
123,2342,288168,-2017.5903936894526
123,2343,288248,-465.04035917184945
123,2344,288519,-2295.6264397621303
123,2345,288619,-466.98006585715984
123,2346,288703,-575.5272582346738
123,2347,288816,-833.0316441959872
123,2348,288949,-1061.2663160090406
123,2349,289056,-747.4514061042896
123,2350,289133,-429.40157960576494
123,2351,289249,-811.5283588729778
123,2352,289362,-803.3683432994809
123,2353,289439,-601.0581663672218
123,2354,289556,-587.4688748894573
123,2355,289631,-623.3947539196008
123,2356,289720,-476.9905955485018
123,2357,289807,-533.1286296878496
123,2358,289901,-625.8614506268289
123,2359,290096,-1315.6143126940854
123,2360,290180,-461.86112980696157
123,2361,290308,-621.112442440665
123,2362,290627,-2428.812548754925
123,2363,290833,-1773.5519790979351
123,2364,290906,-583.6216797438738
123,2365,291277,-3328.8284350988197
123,2366,291391,-608.9403594503895
123,2367,291485,-647.4221862698588
123,2368,291626,-920.3530838122464
123,2369,291713,-508.7267203783121
123,2370,291957,-2152.336137603505
123,2371,292044,-676.5526036862287
123,2372,292161,-772.9835442842237
123,2373,292286,-821.6336258622136
123,2374,292375,-531.6729338213758
123,2375,292478,-778.6823811243996
123,2376,292649,-1257.310511224685
123,2377,292843,-1453.7330934460153
123,2378,292937,-525.4895522371827
123,2379,293022,-546.7869357812588
123,2380,293169,-1058.710038202862
123,2381,293247,-622.6966179179817
123,2382,293334,-509.0232636633015
123,2383,293417,-634.1440717005647
123,2384,293523,-823.6333875470793
123,2385,293775,-2109.1555677376805
123,2386,293946,-1064.2806519568692
123,2387,294051,-726.0504204009594
123,2388,294167,-924.5084175912732
123,2389,294303,-895.9597280648229
123,2390,294539,-1771.1672209996543
123,2391,294626,-474.5910041533012
123,2392,294701,-408.882712707174
123,2393,294994,-2987.531434089326
123,2394,295109,-802.8148001589178
123,2395,295287,-1159.5605204892786
123,2396,295412,-979.7386098763694
123,2397,295527,-721.3914633461594
123,2398,295601,-520.3612910533569
123,2399,295682,-587.3652471682954
123,2400,295907,-1897.3056727637536
123,2401,296187,-2127.8734125809206
123,2402,296294,-691.0077478598571
123,2403,296377,-680.3296481781629
123,2404,296462,-644.1756906341541
123,2405,296580,-685.0324341711922
123,2406,296686,-625.8190145981625
123,2407,296768,-514.0323339481731
123,2408,296845,-436.4946587367469
123,2409,296929,-690.8986032453357
123,2410,297032,-694.7575868079972
123,2411,297145,-621.7757550200993
123,2412,297243,-498.5507597374462
123,2413,297417,-1304.3555319846503
123,2414,297509,-550.1136944936989
123,2415,297669,-1201.4619629619567
123,2416,297812,-994.2329499061634
123,2417,298026,-1307.9637313969931
123,2418,298109,-590.9473143661953
123,2419,298347,-2215.818490416959
123,2420,298482,-934.7464331353411
123,2421,298575,-622.655535588571
123,2422,298668,-598.9794927824369
123,2423,298773,-661.7798904338803
123,2424,298874,-662.5669204439693
123,2425,298948,-514.2033078120342
123,2426,299059,-801.8503328635645
123,2427,299154,-476.7036216524144
123,2428,299297,-1094.5337496374343
123,2429,299477,-1032.8182120489168
123,2430,299570,-583.1333809009169
123,2431,299806,-2260.851032233539
123,2432,299988,-1179.0471834538844
123,2433,300066,-439.1133743965963
123,2434,300137,-545.7902944822697
123,2435,300371,-2046.384294257211
123,2436,300449,-469.8682692727689
123,2437,300547,-489.50625484023567
123,2438,300693,-856.5612670758427
123,2439,300859,-1241.194574017657
123,2440,301001,-919.859712233397
123,2441,301133,-671.4895945946432
123,2442,301211,-509.19373158694685
123,2443,301366,-1269.252570889978
123,2444,301472,-592.8590409416493
123,2445,301697,-1849.2655337318638
123,2446,301802,-523.6385111710553
123,2447,301903,-519.1438594713234
123,2448,301985,-645.0457547002886
123,2449,302176,-1473.2568566369505
123,2450,302254,-567.2211302636406
123,2451,302361,-790.2726968643912
123,2452,302442,-470.57254776731037
123,2453,302531,-480.0519938120581
123,2454,302625,-506.8811111706536
123,2455,302775,-788.4640849063604
123,2456,302862,-509.48658905565617
123,2457,302940,-474.61687101177506
123,2458,303023,-473.05745056971665
123,2459,303117,-526.9764643342612
123,2460,303236,-785.9691800150816
123,2461,303505,-2152.223360809316
123,2462,303637,-737.0826378317269
123,2463,303833,-1637.7189063664932
123,2464,303908,-442.76175726959366
123,2465,304036,-904.6064825983508
123,2466,304134,-400.4474663378029
123,2467,304213,-463.4331072957387
123,2468,304310,-576.3940377223462
123,2469,304391,-527.6467114247173
123,2470,304474,-486.4256537968219
123,2471,304552,-603.769115747777
123,2472,304668,-932.594005796665
123,2473,304782,-786.1680075358098
123,2474,304861,-466.78874882533825
123,2475,304948,-607.1530274043628
123,2476,305024,-588.5513685969008
123,2477,305151,-762.2104972963665
123,2478,305336,-1468.680510806092
123,2479,305445,-506.70936987647633
123,2480,305523,-404.3661099740193
123,2481,305623,-626.2823191838377
123,2482,305892,-2071.552818326566
123,2483,305967,-497.57082977457094
123,2484,306107,-894.6799327004923
123,2485,306207,-490.56886737980966
123,2486,306347,-1117.2730841450525
123,2487,306474,-957.3040682992158
123,2488,306776,-3066.5298989149965
123,2489,306950,-1005.3091579583954
123,2490,307090,-924.6263107068542
123,2491,307336,-1923.4818036103165
123,2492,307418,-558.1119416623312
123,2493,307526,-708.0038694135853
123,2494,307633,-797.0495691734659
123,2495,307759,-809.6845632167912
123,2496,307848,-661.4842602023775
123,2497,308005,-1154.058102080692
123,2498,308087,-387.5330528924151
123,2499,308199,-636.5197386436605
123,2500,308307,-830.6310807284917
123,2501,308435,-697.6920933238931
123,2502,308530,-654.1082647484145
123,2503,308612,-629.1931122135363
123,2504,308689,-374.251358472052
123,2505,308769,-455.1984726715453
123,2506,309096,-2904.264431575643
123,2507,309180,-447.9432859822636
123,2508,309295,-574.6606324471595
123,2509,309368,-479.4869373718287
123,2510,309455,-547.4702375792403
123,2511,309667,-1424.6102389279736
123,2512,309797,-852.0384565374701
123,2513,309903,-776.9283995587897
123,2514,310019,-699.7251630921446
123,2515,310157,-761.1948378813861
123,2516,310306,-834.1598191120174
123,2517,310381,-490.0138916224995
123,2518,310458,-529.6985557080661
123,2519,310597,-828.7227577226986
123,2520,310758,-1195.0528246152703
123,2521,310889,-746.7576239349114
123,2522,311053,-1127.0574832479322
123,2523,311187,-797.6774714101953
123,2524,311407,-1827.9258902796785
123,2525,311510,-766.2458854452158
123,2526,311588,-379.3455347853719
123,2527,311726,-952.3872431020282
123,2528,311852,-862.0657107840128
123,2529,312090,-1953.3621992075157
123,2530,312171,-630.9674763363065
123,2531,312259,-647.7831679204585
123,2532,312372,-569.317678860789
123,2533,312592,-1814.1635951661276
123,2534,312742,-1093.8346950051669
123,2535,312817,-490.2126331596207
123,2536,312898,-483.28067682202305
123,2537,313024,-748.9542988841728
123,2538,313107,-586.1962495953949
123,2539,313199,-668.6363214461977
123,2540,313284,-652.132803387151
123,2541,313395,-608.9034535459118
123,2542,313540,-971.656928386804
123,2543,313656,-749.6538488415915
123,2544,313848,-1552.0717279774951
123,2545,313986,-730.5278088688666
123,2546,314076,-509.39611108084546
123,2547,314232,-820.8157921378294
123,2548,314309,-479.9163448364767
123,2549,314475,-1192.2922197556713
123,2550,314625,-1044.5320235657136
123,2551,314827,-1683.5165442133248
123,2552,315071,-2258.7242872358233
123,2553,315203,-692.7464698136565
123,2554,315334,-877.6072664161736
123,2555,315456,-634.7344230059153
123,2556,315535,-486.1332079217907
123,2557,315610,-484.33319172972125
123,2558,315722,-550.5923276357962
123,2559,315802,-565.292993484962
123,2560,315882,-676.4907917892665
123,2561,316099,-1493.6104859603392
123,2562,316282,-1126.6951366395404
123,2563,316390,-662.470996492369
123,2564,316464,-325.1873918524825
123,2565,316541,-402.01865545042875
123,2566,316825,-2540.629633949363
123,2567,316936,-785.4188227667354
123,2568,317096,-995.3923656697547
123,2569,317175,-586.3584674751464
123,2570,317312,-723.1487267800019
123,2571,317390,-444.007647818035
123,2572,317605,-1362.0151922154387
123,2573,317730,-656.0072680765194
123,2574,317956,-1762.0003331561804
123,2575,318065,-595.4402818055576
123,2576,318234,-1037.218592302858
123,2577,318313,-378.68602173893055
123,2578,318389,-468.47338907150163
123,2579,318581,-1472.2167811131696
123,2580,318686,-573.7540672302914
123,2581,318771,-642.3683269134833
123,2582,318870,-596.7550467590947
123,2583,319056,-1547.8857778652864
123,2584,319229,-1057.3405152556861
123,2585,319313,-625.4305518998531
123,2586,319388,-503.62872427360236
123,2587,319468,-612.0293628794731
123,2588,319582,-755.4247325690171
123,2589,319693,-590.8696693993261
123,2590,319828,-977.5678208989225
123,2591,319944,-842.4969961259873
123,2592,320111,-1374.1564819250375
123,2593,320185,-458.69561555714205
123,2594,320272,-609.0852301935738
123,2595,320347,-466.55003545286104
123,2596,320444,-588.2233400626139
123,2597,320539,-785.700082516285
123,2598,320657,-834.3349139102596
123,2599,320758,-528.3647492295488
123,2600,320859,-431.5709423019586
123,2601,320968,-701.0233332388873
123,2602,321182,-1930.0772873112383
123,2603,321379,-1318.3847610986754
123,2604,321553,-1267.5770501019545
123,2605,321637,-429.103219695005
123,2606,321740,-746.8655442503493
123,2607,321812,-507.83459257931145
123,2608,321974,-911.8375309673709
123,2609,322060,-523.7375560913857
123,2610,322158,-712.0037081355484
123,2611,322302,-880.599795036766
123,2612,322394,-400.0105931120791
123,2613,322508,-691.0393840985688
123,2614,322812,-2472.6117386233177
123,2615,322896,-697.6511932954517
123,2616,323031,-919.5584651385059
123,2617,323265,-1879.2901770860221
123,2618,323366,-536.1153764446833
123,2619,323503,-1063.832554254772
123,2620,323619,-761.5480263414594
123,2621,323698,-624.7440000468969
123,2622,323776,-415.026703973538
123,2623,323867,-666.0428771607509
123,2624,323971,-516.6470136882062
123,2625,324052,-594.8732690867963
123,2626,324149,-711.5329450883704
123,2627,324226,-528.423252365983
123,2628,324346,-594.151676885395
123,2629,324438,-538.5736585936951
123,2630,324768,-3305.091054026825
123,2631,324847,-498.72603831718686
123,2632,324927,-449.8805494759017
123,2633,325014,-574.1123930065626
123,2634,325090,-566.4475288613853
123,2635,325171,-519.6475466536463
123,2636,325269,-478.44743596877976
123,2637,325363,-401.4935094474808
123,2638,325443,-434.8685894992455
123,2639,325533,-482.9227578018978
123,2640,325614,-417.39184780218085
123,2641,325698,-662.8547590278134
123,2642,325789,-605.6307975750706
123,2643,325872,-422.3468539778648
123,2644,325964,-472.192332797387
123,2645,326076,-701.8468441231768
123,2646,326353,-2353.6896329598444
123,2647,326506,-1052.9803176323855
123,2648,326581,-432.7382848384457
123,2649,326668,-597.043458974919
123,2650,326786,-853.6008551740294
123,2651,326865,-553.6942461108409
123,2652,326972,-649.4792132860997
123,2653,327090,-875.9407403515197
123,2654,327424,-3432.05252111017
123,2655,327499,-493.61473250010357
123,2656,327664,-1255.0757913297807
123,2657,327773,-533.6424634761162
123,2658,327890,-748.9845011913739
123,2659,328022,-949.2309343739155
123,2660,328170,-1164.0931002112293
123,2661,328248,-429.15368782615144
123,2662,328340,-592.094246963081
123,2663,328413,-535.477093652881
123,2664,328489,-637.2099774154792
123,2665,328611,-689.7919101525181
123,2666,328754,-927.9618259350375
123,2667,328883,-963.3334358524457
123,2668,329018,-1038.7185287079874
123,2669,329181,-1190.5912653660941
123,2670,329295,-785.7100490887387
123,2671,329440,-942.5841287639506
123,2672,329519,-444.02472082516493
123,2673,329619,-641.9518426092329
123,2674,329724,-512.9400705981307
123,2675,329952,-1632.4007664253797
123,2676,330137,-1128.127382708584
123,2677,330249,-795.7721897170248
123,2678,330325,-473.63078605473845
123,2679,330432,-777.550268780146
123,2680,330580,-1153.2865594452333
123,2681,330654,-500.8376770461384
123,2682,330853,-1190.9017567718097
123,2683,330967,-828.4150091946087
123,2684,331110,-747.9532471408937
123,2685,331310,-1223.0641311091435
123,2686,331431,-667.1850018343396
123,2687,331522,-484.2052732756374
123,2688,331649,-761.7792946529895
123,2689,331879,-1982.2725563921354
123,2690,331954,-440.60388201596413
123,2691,332054,-617.9950778537913
123,2692,332186,-1075.5102248852318
123,2693,332284,-428.667208337881
123,2694,332406,-758.8194178469914
123,2695,332556,-878.743214243856
123,2696,332643,-626.1564766581224
123,2697,332862,-1969.9872019642316
123,2698,332941,-571.7359562436451
123,2699,333051,-614.3731351482539
123,2700,333178,-842.8533683935652
123,2701,333292,-704.6635122808774
123,2702,333373,-598.8886580237986
123,2703,333482,-495.5942105989873
123,2704,333613,-960.6955641658802
123,2705,333718,-719.3749201460175
123,2706,333806,-624.0468411277559
123,2707,333897,-595.1615480189778
123,2708,334012,-610.6073936723164
123,2709,334133,-653.8474262267605
123,2710,334219,-528.3996479609592
123,2711,334335,-715.08782821867
123,2712,334420,-537.2470573181824
123,2713,334668,-2190.372885470342
123,2714,334771,-687.7465150156227
123,2715,334875,-715.7091628358907
123,2716,334953,-571.8485840043279
123,2717,335224,-2267.486333936325
123,2718,335297,-526.3332646468302
123,2719,335370,-615.1733809273796
123,2720,335447,-542.6330186659594
123,2721,335624,-1339.419939327781
123,2722,335732,-617.5853319676739
123,2723,335808,-391.6236186776604
123,2724,335889,-587.193575248101
123,2725,335987,-629.4979408195634
123,2726,336175,-1571.1036603566583
123,2727,336283,-588.90485525436
123,2728,336388,-710.0524272365
123,2729,336609,-1919.5904300221116
123,2730,336687,-596.758897304547
123,2731,336761,-546.9224980394965
123,2732,336889,-868.6176504611307
123,2733,337063,-1454.6078799289792
123,2734,337151,-527.9301902577749
123,2735,337258,-623.7654344542931
123,2736,337334,-449.72093711092964
123,2737,337480,-878.1602251119559
123,2738,337584,-724.6751742229817
123,2739,337666,-506.6550233156256
123,2740,337768,-541.1126685402959
123,2741,338113,-3465.2564066040622
123,2742,338191,-452.99928807562384
123,2743,338324,-813.6069556858973
123,2744,338428,-766.9821842527837
123,2745,338516,-626.9561339895521
123,2746,338595,-407.9402973149425
123,2747,338797,-1600.1872814742057
123,2748,338881,-514.9251851741271
123,2749,339013,-684.7973070424592
123,2750,339105,-553.433958228205
123,2751,339329,-1724.769315502584
123,2752,339642,-3329.1378575271556
123,2753,339718,-463.7851814694503
123,2754,339844,-857.988890649789
123,2755,339930,-614.6386306090095
123,2756,340012,-525.8836531259965
123,2757,340096,-302.89176653151196
123,2758,340235,-954.8990903680342
123,2759,340389,-1191.2024549245662
123,2760,340469,-589.8599837863599
123,2761,340549,-564.8784599135054
123,2762,340638,-584.932967719084
123,2763,340768,-1067.4148092219725
123,2764,340884,-626.1039922957007
123,2765,341010,-616.4583992795579
123,2766,341108,-491.4200009438279
123,2767,341216,-683.872291920416
123,2768,341312,-732.0446343509402
123,2769,341484,-1138.4364053551883
123,2770,341569,-656.760741528297
123,2771,341667,-677.1917602531078
123,2772,341771,-794.7718099877902
123,2773,341853,-628.8445957390752
123,2774,341939,-625.0262417242565
123,2775,342025,-629.2702905488812
123,2776,342194,-1084.259657407364
123,2777,342302,-591.6384513649392
123,2778,342451,-946.0580451910919
123,2779,342546,-530.8310711236115
123,2780,342828,-2740.2040059093915
123,2781,342906,-523.3232843413181
123,2782,343038,-1037.527036920632
123,2783,343179,-670.5615869187897
123,2784,343261,-597.939364298215
123,2785,343632,-4021.3629311767977
123,2786,343735,-797.1359009124761
123,2787,343815,-419.87271266476085
123,2788,344027,-1890.416399543742
123,2789,344345,-3442.172889267454
123,2790,344436,-459.59380264597866
123,2791,344616,-1372.2228190895994
123,2792,344719,-583.281956188376
123,2793,344835,-628.2544366451074
123,2794,344924,-574.0648605394542
123,2795,345077,-1124.729433900528
123,2796,345188,-588.1556051145747
123,2797,345282,-640.3697966596145
123,2798,345365,-536.8401820547277
123,2799,345525,-944.7399362673407
123,2800,345729,-1610.3119726322952
123,2801,345837,-599.4898071901914
123,2802,345933,-589.3198441933541
123,2803,346007,-531.3075984151452
123,2804,346131,-927.5310949891716
123,2805,346261,-797.7147299770363
123,2806,346354,-557.6157191860923
123,2807,346439,-642.1345362312326
123,2808,346536,-650.9673721444095
123,2809,346621,-427.3089388649388
123,2810,346830,-1472.65840332752
123,2811,346906,-630.170483319562
123,2812,346989,-420.6598347297479
123,2813,347106,-562.6558961595892
123,2814,347238,-609.6135007812115
123,2815,347343,-744.4183039612201
123,2816,347417,-518.4782211079948
123,2817,347493,-509.38901765037633
123,2818,347615,-660.5700375875228
123,2819,347739,-836.4623455589456
123,2820,347968,-1621.2842066418345
123,2821,348066,-666.9487096857621
123,2822,348149,-582.6277730186916
123,2823,348412,-2136.5997489568085
123,2824,348591,-1007.2566377424603
123,2825,348714,-882.0363932088903
123,2826,348799,-492.11565924357205
123,2827,348908,-684.1633825011949
123,2828,348990,-517.9951312349978
123,2829,349076,-486.42635863200223
123,2830,349162,-604.365331577411
123,2831,349244,-628.3635903755128
123,2832,349367,-578.7977859958613
123,2833,349466,-607.0994769887999
123,2834,349597,-974.737669019638
123,2835,349723,-950.0633174668226
123,2836,349916,-1504.332795316428
123,2837,350005,-530.4413353364552
123,2838,350202,-1568.441346186943
123,2839,350330,-660.6152752130457
123,2840,350411,-646.3801709374395
123,2841,350495,-597.4324247651082
123,2842,350603,-690.8199243174274
123,2843,350765,-1198.1156075540734
123,2844,350847,-556.0504715780685
123,2845,350926,-623.5745309435273
123,2846,351024,-459.2284169730284
123,2847,351105,-604.0890857681804
123,2848,351239,-626.282467623801
123,2849,351358,-715.8977677779287
123,2850,351447,-592.6853909445779
123,2851,351620,-1359.8652617348448
123,2852,351699,-445.7676943674602
123,2853,351859,-1134.6027402143666
123,2854,351952,-613.5012423967531
123,2855,352052,-560.4451836407651
123,2856,352222,-1180.1124784311992
123,2857,352376,-915.4058903792336
123,2858,352474,-804.9293559785443
123,2859,352613,-837.1121667313191
123,2860,352749,-1125.7616887463917
123,2861,352825,-506.81195420430004
123,2862,352923,-564.8802966535583
123,2863,353013,-588.3628145014727
123,2864,353094,-622.9843658746444
123,2865,353216,-868.2911316897776
123,2866,353320,-566.0204956821347
123,2867,353468,-1216.9613103125125
123,2868,353703,-1702.9828417143365
123,2869,353901,-1032.7178601205953
123,2870,354083,-1311.9083323195582
123,2871,354193,-449.05741039827507
123,2872,354268,-509.81238842142403
123,2873,354382,-867.8081045341571
123,2874,354467,-519.7575943094621
123,2875,354545,-403.7267748523832
123,2876,354785,-2264.354168148589
123,2877,354931,-956.1220017906307
123,2878,355013,-347.4320940973447
123,2879,355093,-558.7271019279234
123,2880,355211,-823.2022513579772
123,2881,355327,-730.3349720902554
123,2882,355484,-1143.569726645159
123,2883,355578,-571.8812268308851
123,2884,355730,-1115.636297571833
123,2885,355814,-494.68132515142185
123,2886,355998,-1065.410031274646
123,2887,356097,-691.8496910471556
123,2888,356254,-1252.0696701695047
123,2889,356388,-725.8236830104594
123,2890,356469,-649.2717182401474
123,2891,356611,-970.4458220382211
123,2892,356710,-447.6174137665874
123,2893,356870,-1236.5543672340234
123,2894,356951,-623.6116985365112
123,2895,357065,-779.8437678350728
123,2896,357168,-675.3317943596052
123,2897,357255,-553.3558206709763
123,2898,357357,-683.0788833656981
123,2899,357437,-631.5198265646756
123,2900,357518,-533.9234537545269
123,2901,357593,-425.811699893128
123,2902,357697,-576.6639188589414
123,2903,357772,-423.77416288313407
123,2904,357869,-595.7008820319138
123,2905,357944,-446.0987005713884
123,2906,358064,-807.6785854891649
123,2907,358217,-1086.6630203212248
123,2908,358536,-3382.956953772515
123,2909,358643,-663.6594219062453
123,2910,358752,-718.0681834348588
123,2911,358840,-546.4180913854979
123,2912,359050,-1668.877362381407
123,2913,359293,-1806.2146805032467
123,2914,359458,-1301.715798469609
123,2915,359558,-551.2091098807862
123,2916,359695,-983.2937284722756
123,2917,359814,-538.5184372875686
123,2918,359963,-1048.3120704045941
123,2919,360053,-420.70242910670135
123,2920,360129,-490.29919161506245
123,2921,360518,-4695.755655361914
123,2922,360872,-3591.987952486531
123,2923,360993,-741.7964909272774
123,2924,361140,-720.0638990756036
123,2925,361278,-725.2053400262428
123,2926,361394,-587.1929690530087
123,2927,361469,-549.4864891012298
123,2928,361637,-915.1698405372782
123,2929,361722,-609.8231351709771
123,2930,361812,-548.6650065684523
123,2931,361902,-535.1881879494106
123,2932,361988,-478.975810777648
123,2933,362125,-774.5357223922408
123,2934,362208,-516.2704644988455
123,2935,362298,-712.7799067409314
123,2936,362379,-639.0818067966197
123,2937,362631,-2095.3447398927437
123,2938,362721,-482.5135975879066
123,2939,362817,-768.8286041105314
123,2940,363064,-2222.4925289364437
123,2941,363260,-1587.4427163592072
123,2942,363347,-552.7004404849811
123,2943,363465,-776.3123682831888
123,2944,363591,-720.153155954283
123,2945,363671,-550.347313667237
123,2946,364001,-3409.6651757966656
123,2947,364158,-1111.798581357168
123,2948,364379,-1586.6859842132233
123,2949,364459,-407.6695638992719
123,2950,364561,-608.8837723499258
123,2951,364642,-463.54976666451364
123,2952,364727,-591.9706401341209
123,2953,364836,-699.4132270445631
123,2954,364949,-707.0561325349573
123,2955,365056,-642.7961832084361
123,2956,365263,-1524.0218834775437
123,2957,365373,-715.4325710847216
123,2958,365460,-631.6329068639957
123,2959,365547,-494.19706530892364
123,2960,365654,-743.2534414007552
123,2961,365732,-551.7226120741893
123,2962,365820,-589.7267637864218
123,2963,365954,-723.7519563452086
123,2964,366057,-584.8393255675409
123,2965,366142,-465.2754581560165
123,2966,366223,-419.2776881946994
123,2967,366301,-547.1514466297701
123,2968,366383,-416.96198281328344
123,2969,366461,-517.9154895690803
123,2970,366540,-521.2458630456407
123,2971,366617,-585.7290924617577
123,2972,366755,-764.2693698853858
123,2973,366904,-762.9551601033443
123,2974,366993,-560.2727442870425
123,2975,367124,-952.5461350193641
123,2976,367269,-1093.5767057648957
123,2977,367366,-560.7951938169307
123,2978,367452,-567.7485571284827
123,2979,367527,-495.03945825289475
123,2980,367610,-437.4820936528861
123,2981,367716,-711.9766880548912
123,2982,367792,-403.99218464869574
123,2983,367957,-1212.2819484463819
123,2984,368034,-627.2706667073916
123,2985,368231,-1587.5680915334704
123,2986,368310,-570.6825500468829
123,2987,368608,-2540.3357907278178
123,2988,368729,-661.1550444462831
123,2989,368805,-417.6923826239407
123,2990,368896,-641.6158738548025
123,2991,368970,-385.7304981745459
123,2992,369049,-344.1283269964718
123,2993,369134,-483.6399814419689
123,2994,369253,-698.8772969864799
123,2995,369339,-395.29880283756364
123,2996,369481,-862.2430095438328
123,2997,369557,-405.07330236729734
123,2998,369643,-618.0310799926488
123,2999,369729,-653.1056438379654
123,3000,369934,-1510.780291511723
123,3001,370021,-615.2320974953865
123,3002,370105,-494.3135534374254
123,3003,370259,-997.8945988468657
123,3004,370484,-1527.2285242281007
123,3005,370704,-1749.1946934373825
123,3006,370784,-499.4766815600528
123,3007,370997,-1584.943596879952
123,3008,371096,-604.7214355043564
123,3009,371298,-1569.3026904024136
123,3010,371449,-1004.6162620788589
123,3011,371578,-719.4679712646039
123,3012,371652,-601.809497463461
123,3013,371787,-833.5468211987821
123,3014,371864,-558.042936446363
123,3015,371939,-382.3672553129016
123,3016,372127,-1312.5572374902247
123,3017,372198,-546.2251091105845
123,3018,372277,-436.26356050012276
123,3019,372460,-1265.0754701611284
123,3020,372716,-2097.1958244949055
123,3021,372811,-504.1660152838148
123,3022,372953,-893.7146446958137
123,3023,373050,-584.4978739205478
123,3024,373183,-919.0933342264534
123,3025,373405,-1520.2300354386603
123,3026,373511,-521.1280047244524
123,3027,373616,-637.0627655560469
123,3028,373772,-837.5110920164553
123,3029,373861,-649.4865071520347
123,3030,373942,-500.4540254754579
123,3031,374040,-553.7171823610356
123,3032,374122,-603.1582812334238
123,3033,374209,-684.7113200174396
123,3034,374330,-819.6568749438263
123,3035,374464,-654.1995591643501
123,3036,374547,-459.532625492075
123,3037,374653,-541.2162149738397
123,3038,374756,-838.6866415629344
123,3039,374892,-1051.672460051052
123,3040,374984,-632.204981251314
123,3041,375087,-706.1518253986372
123,3042,375172,-541.8230082266542
123,3043,375274,-696.2527260136657
123,3044,375398,-846.770274107026
123,3045,375538,-692.6369884823996
123,3046,375636,-674.6445635593503
123,3047,375807,-997.327615227641
123,3048,375923,-775.288760121312
123,3049,376048,-766.4472866073842
123,3050,376121,-485.5957422969076
123,3051,376345,-1630.6221881564802
123,3052,376485,-800.5799458022467
123,3053,376641,-890.8768503043996
123,3054,376719,-507.4643629980547
123,3055,376860,-934.4360060361072
123,3056,376962,-688.9949760174305
123,3057,377046,-487.8659570139126
123,3058,377127,-489.04042127403073
123,3059,377269,-1114.4959890455448
123,3060,377358,-672.132070833745
123,3061,377452,-634.9019029691058
123,3062,377566,-675.2199485436289
123,3063,377640,-602.3056183194567
123,3064,377803,-1027.0479110741085
123,3065,377900,-711.5927707729832
123,3066,377983,-583.6265360729386
123,3067,378248,-2514.5059700824663
123,3068,378347,-691.1036504802511
123,3069,378452,-652.2807588247658
123,3070,378609,-823.5276963218246
123,3071,378684,-454.8556454825439
123,3072,378769,-472.31995456397266
123,3073,378959,-1134.9698531878914
123,3074,379044,-502.8280629108657
123,3075,379133,-675.5084669584827
123,3076,379251,-493.71536261835126
123,3077,379327,-593.2226045602245
123,3078,379427,-684.412438298832
123,3079,379540,-722.9840147246166
123,3080,379621,-577.721645371695
123,3081,379705,-651.9282136663624
123,3082,379833,-775.733860645091
123,3083,379973,-958.7851484886537
123,3084,380214,-1905.7099179382317
123,3085,380294,-475.2320138582451
123,3086,380562,-2406.8618115699273
123,3087,380673,-474.9831258377207
123,3088,380863,-1064.8698170734574
123,3089,380963,-595.0592129337181
123,3090,381041,-393.02968143342565
123,3091,381137,-673.5349288771082
123,3092,381354,-1646.643349577878
123,3093,381426,-537.1093743074739
123,3094,381530,-581.2944197554543
123,3095,381625,-539.4394402494235
123,3096,381705,-413.497047729804
123,3097,381885,-1194.9337221329617
123,3098,381963,-532.4237665008286
123,3099,382158,-1514.5853950689786
123,3100,382241,-426.16884821673955
123,3101,382367,-765.2993612424073
123,3102,382469,-623.9245705402038
123,3103,382655,-1154.7714117890175
123,3104,382738,-513.7757905747328
123,3105,382858,-815.1363055693844
123,3106,382938,-610.059515819697
123,3107,383018,-533.635838295251
123,3108,383140,-906.8099946931076
123,3109,383269,-922.210448447733
123,3110,383348,-603.9042483345553
123,3111,383466,-542.4342092926865
123,3112,383565,-638.9886467070794
123,3113,383655,-456.9184909329255
123,3114,383762,-758.1479311441349
123,3115,383847,-592.8708901026247
123,3116,383945,-673.8061647577204
123,3117,384144,-1220.882894328485
123,3118,384255,-855.5288921307748
123,3119,384361,-465.37554122962996
123,3120,384494,-737.4247437039741
123,3121,384805,-2752.8409608215097
123,3122,384882,-670.1254275436886
123,3123,384974,-660.8484790982408
123,3124,385083,-670.3173028598809
123,3125,385184,-451.0538777089821
123,3126,385322,-805.147328821176
123,3127,385452,-772.8096395210791
123,3128,385528,-497.80555433809417
123,3129,385604,-500.7606850419154
123,3130,385679,-496.51821239159483
123,3131,385787,-735.09293565339
123,3132,385859,-462.78410319614613
123,3133,385933,-491.6197413031606
123,3134,386051,-748.1053276349294
123,3135,386146,-619.2514700268573
123,3136,386227,-451.38702844282585
123,3137,386361,-631.82242108524
123,3138,386452,-484.7283963348027
123,3139,386534,-592.4334759183506
123,3140,386779,-2020.4819956024091
123,3141,386870,-589.4644125962857
123,3142,387007,-980.7321519362683
123,3143,387118,-670.5791104266775
123,3144,387317,-1086.0372295731277
123,3145,387567,-1745.4612633327554
123,3146,387655,-603.8635845928256
123,3147,387741,-419.93284241656283
123,3148,387820,-543.6366724116257
123,3149,387952,-992.0178396973862
123,3150,388039,-370.2224397728719
123,3151,388178,-1075.5740392915968
123,3152,388274,-684.9805828835347
123,3153,388400,-1054.1346568073413
123,3154,388511,-752.86039640982
123,3155,388622,-791.2133128055054
123,3156,388723,-667.5469667755184
123,3157,388812,-536.7577108741211
123,3158,388991,-1142.5527593895406
123,3159,389070,-522.2392287392865
123,3160,389170,-529.242940242098
123,3161,389265,-495.6490371133542
123,3162,389399,-890.6725896731311
123,3163,389507,-697.2630002928994
123,3164,389708,-1459.6771842882008
123,3165,389828,-678.3602510302601
123,3166,389904,-528.6744140356257
123,3167,390004,-536.4567912049806
123,3168,390143,-883.6190030932796
123,3169,390234,-677.4270591712103
123,3170,390317,-383.9289386904318
123,3171,390425,-851.3478568463455
123,3172,390575,-904.0024332488317
123,3173,390671,-726.672429194389
123,3174,390779,-599.8196830702503
123,3175,390937,-910.3045119896474
123,3176,391174,-1727.053053479986
123,3177,391310,-800.3967794308269
123,3178,391560,-2359.934923536094
123,3179,391639,-643.400710201167
123,3180,391810,-935.7277239703775
123,3181,391994,-1484.716798213466
123,3182,392145,-1016.7752185205755
123,3183,392396,-1717.990628247443
123,3184,392514,-870.7938558780456
123,3185,392673,-1161.5194919080689
123,3186,392794,-815.3046810417954
123,3187,392967,-1079.2239130825044
123,3188,393063,-606.4807396123725
123,3189,393236,-1479.284705717544
123,3190,393330,-556.7486906041306
123,3191,393679,-3717.037679236573
123,3192,393782,-447.15164006834914
123,3193,393867,-557.4534998215178
123,3194,393980,-751.657467840023
123,3195,394092,-745.469763154196
123,3196,394181,-460.66594176388884
123,3197,394263,-496.2266193010114
123,3198,394337,-401.9788986220096
123,3199,394495,-1022.6258157065956
123,3200,394579,-600.8280074930166
123,3201,394690,-739.0925819304024
123,3202,394774,-521.5025797049009
123,3203,394883,-753.2353908207647
123,3204,395101,-1860.4458355921502
123,3205,395264,-1299.593022023812
123,3206,395527,-2218.981982915783
123,3207,395682,-1152.9179041559696
123,3208,395772,-546.2316778942854
123,3209,395853,-482.2471731310569
123,3210,395935,-563.2484077989859
123,3211,396020,-534.2121373001162
123,3212,396159,-1090.1381359465731
123,3213,396251,-561.6383719907354
123,3214,396354,-571.419233557381
123,3215,396446,-574.4485111667905
123,3216,396612,-1238.601312195498
123,3217,396705,-637.185780861997
123,3218,396791,-570.3095817143078
123,3219,396950,-1318.664633628929
123,3220,397092,-859.7525470502117
123,3221,397185,-584.8340300056193
123,3222,397265,-634.7858836175409
123,3223,397387,-732.4660713421766
123,3224,397664,-2072.8979368902246
123,3225,397778,-698.7922903276153
123,3226,397912,-820.8220646220772
123,3227,398051,-1145.0239150879613
123,3228,398124,-492.9236008442348
123,3229,398222,-585.7633963681585
123,3230,398308,-576.5541712869535
123,3231,398386,-516.9698397621612
123,3232,398472,-598.7620954354581
123,3233,398683,-1545.6373090305235
123,3234,398786,-805.0924559751122
123,3235,398907,-749.8524540883377
123,3236,398983,-543.6012305049883
123,3237,399185,-1642.6257429163616
123,3238,399392,-1415.3181711371772
123,3239,399467,-503.56081948503635
123,3240,399568,-703.3091930747959
123,3241,399641,-542.829318307182
123,3242,399717,-432.8374357622263
123,3243,399819,-465.4845875011785
123,3244,399944,-829.7212373807758
123,3245,400053,-654.8617598304371
123,3246,400229,-1428.7850695372535
123,3247,400320,-612.4765068540685
123,3248,400434,-713.0457182855741
123,3249,400525,-646.6023896887787
123,3250,400605,-462.63486227807016
123,3251,400722,-820.1981056240699
123,3252,400940,-1502.7339945755143
123,3253,401093,-1057.74187512332
123,3254,401317,-1956.837581258877
123,3255,401404,-494.47360886285094
123,3256,401502,-522.5063808424633
123,3257,401784,-2704.01553144323
123,3258,401856,-544.1036553821582
123,3259,401928,-397.0147430183953
123,3260,402055,-637.2546061379217
123,3261,402174,-738.3202915135091
123,3262,402296,-617.405062547774
123,3263,402418,-880.6358497098249
123,3264,402574,-1044.0810708888507
123,3265,402783,-1714.530461371415
123,3266,402897,-852.2635296271822
123,3267,402973,-559.2308447761278
123,3268,403069,-684.7333997417402
123,3269,403216,-720.7101403914056
123,3270,403511,-2735.265543976011
123,3271,403590,-592.8352801984977
123,3272,403704,-826.3837397081387
123,3273,403803,-621.0301096801882
123,3274,403895,-622.4595500412091
123,3275,403990,-592.2657001452095
123,3276,404121,-620.6673216485332
123,3277,404255,-885.618689009808
123,3278,404346,-738.8681538203975
123,3279,404435,-502.7117164690423
123,3280,404554,-926.4859716620698
123,3281,404635,-352.6321665783655
123,3282,404787,-936.9502441564663
123,3283,404887,-634.3327773362979
123,3284,404988,-569.9942659923361
123,3285,405398,-4520.015642678064
123,3286,405488,-510.6855955299681
123,3287,405604,-607.7408900024868
123,3288,405733,-565.3807505209465
123,3289,405904,-1383.4632454220398
123,3290,405992,-612.3012831921067
123,3291,406076,-651.4107454908307
123,3292,406170,-535.6699704606036
123,3293,406270,-658.0979843865988
123,3294,406364,-590.6723639238112
123,3295,406446,-396.6594236997134
123,3296,406548,-538.6981137414302
123,3297,406733,-1505.0467743113181
123,3298,406890,-1198.8589660853067
123,3299,406975,-614.5036746119648
123,3300,407100,-933.9990185007337
123,3301,407184,-555.4047822551418
123,3302,407283,-648.0082536712545
123,3303,407380,-528.1022067532551
123,3304,407646,-2373.8915643181
123,3305,407784,-1039.5855129314614
123,3306,408036,-2281.986067820969
123,3307,408165,-767.5329074660345
123,3308,408292,-845.956296969364
123,3309,408440,-774.911468416201
123,3310,408529,-509.28747170408224
123,3311,408678,-1199.7825728316477
123,3312,408761,-558.3298905231459
123,3313,408874,-749.2868493191394
123,3314,409018,-864.942328210919
123,3315,409393,-3684.914122797413
123,3316,409468,-454.665717775286
123,3317,409711,-1811.0464852762616
123,3318,409793,-584.3492896095161
123,3319,409878,-531.3063032332504
123,3320,409957,-610.7264820368744
123,3321,410055,-352.9802759202389
123,3322,410159,-643.8160956374248
123,3323,410363,-1401.7765891918903
123,3324,410594,-1962.0618563996647
123,3325,410682,-554.9238608702415
123,3326,410756,-493.7747865540547
123,3327,411119,-4322.053467066338
123,3328,411202,-524.3062625764276
123,3329,411288,-451.4011560843197
123,3330,411431,-1027.741760330562
123,3331,411511,-474.52275961558036
123,3332,411586,-494.21257093418785
123,3333,411776,-1351.3398714470684
123,3334,411886,-786.6309433126683
123,3335,412194,-2554.5612632416855
123,3336,412266,-627.754702906184
123,3337,412350,-576.069104209641
123,3338,412438,-477.07935586530004
123,3339,412527,-763.7417315693687
123,3340,412631,-602.5967809692295
123,3341,412752,-793.3060737154751
123,3342,413055,-3132.0356031886477
123,3343,413152,-708.6244923858256
123,3344,413228,-517.1012764462796
123,3345,413329,-652.4630994373529
123,3346,413449,-707.6166572496107
123,3347,413630,-1506.041478618609
123,3348,413722,-489.0640227941305
123,3349,413898,-1075.8059259227512
123,3350,413978,-555.3237565372519
123,3351,414068,-500.2865896353906
123,3352,414241,-904.2150257847493
123,3353,414343,-695.6327172007574
123,3354,414506,-995.9843820817089
123,3355,414628,-887.5563253336051
123,3356,414708,-429.89766329990954
123,3357,414991,-2768.585995904735
123,3358,415173,-1285.6905642584286
123,3359,415290,-896.0231696193883
123,3360,415573,-2325.4897967905895
123,3361,415648,-529.9466500880994
123,3362,415818,-1202.935164632979
123,3363,415924,-674.1363311839156
123,3364,416001,-534.5288568513736
123,3365,416136,-868.9737224612409
123,3366,416355,-1416.7082024233885
123,3367,416526,-1325.3231699358876
123,3368,416641,-585.6941201281527
123,3369,416732,-458.81018574853766
123,3370,416866,-991.3751690097743
123,3371,416967,-679.1080551902627
123,3372,417045,-517.340987642719
123,3373,417154,-707.063426486281
123,3374,417249,-542.3630605025048
123,3375,417324,-594.2062634576911
123,3376,417431,-751.3852283583044
123,3377,417516,-680.802694895513
123,3378,417741,-1890.9797358195574
123,3379,417817,-385.800166133593
123,3380,417908,-500.0435803745439
123,3381,417990,-506.27959982689964
123,3382,418163,-948.1471760125211
123,3383,418279,-651.5863843147217
123,3384,418362,-560.7921884897796
123,3385,418615,-2464.150674155557
123,3386,418770,-964.9480423636832
123,3387,418880,-786.1476326799548
123,3388,419023,-895.8488920229466
123,3389,419108,-447.88057431125293
123,3390,419197,-393.2337372388504
123,3391,419382,-1314.0495275954493
123,3392,419497,-755.4515431965966
123,3393,419629,-837.5129672651817
123,3394,419754,-702.5256738706163
123,3395,419847,-690.2439880717874
123,3396,419926,-547.8580873933964
123,3397,420020,-728.2573770792858
123,3398,420096,-451.5032608154119
123,3399,420210,-829.4147763781884
123,3400,420297,-563.8307087340065
123,3401,420386,-506.91449641615
123,3402,420487,-828.2030315128349
123,3403,420590,-750.1399321413106
123,3404,420678,-434.386394049308
123,3405,420787,-744.8951304831736
123,3406,420890,-645.6545755868453
123,3407,421024,-823.6961007807167
123,3408,421124,-405.31568788001044
123,3409,421202,-521.4547125846018
123,3410,421321,-869.3029902097752
123,3411,421404,-632.9671903352762
123,3412,421638,-2171.4769136192385
123,3413,421821,-1443.6182281556705
123,3414,421912,-441.9100545821534
123,3415,422014,-481.28583275050687
123,3416,422137,-903.1140484701825
123,3417,422238,-689.3800033202309
123,3418,422314,-407.1719991718574
123,3419,422399,-617.5714087999979
123,3420,422682,-2439.9705169172967
123,3421,422888,-1738.735969882887
123,3422,422997,-802.2651624592073
123,3423,423139,-1000.8277943746516
123,3424,423272,-1057.607322173451
123,3425,423459,-1255.0519317983128
123,3426,423538,-407.2900482838747
123,3427,423668,-951.4647894634188
123,3428,423902,-2215.145316682612
123,3429,424062,-1256.3263875912096
123,3430,424152,-534.3675238556027
123,3431,424267,-833.2224412029387
123,3432,424349,-628.0448476150867
123,3433,424426,-573.8841459217751
123,3434,424524,-636.7780658908854
123,3435,424608,-465.8508089120586
123,3436,424688,-493.55729338297925
123,3437,424767,-527.9820401562208
123,3438,424853,-465.18215837454756
123,3439,424948,-615.4147130167211
123,3440,425026,-429.8846851677489
123,3441,425117,-464.36559519683965
123,3442,425209,-441.77209072834097
123,3443,425289,-634.126043077171
123,3444,425380,-590.0881552290691
123,3445,425604,-1767.288550762925
123,3446,425747,-796.4214201371
123,3447,425957,-1660.983085379238
123,3448,426042,-654.4173369876596
123,3449,426242,-1650.94116713881
123,3450,426422,-1466.6607369076644
123,3451,426537,-640.0969005232998
123,3452,426638,-727.3706667079007
123,3453,426721,-339.4722211074025
123,3454,426807,-653.4450378175999
123,3455,426927,-702.6981886422102
123,3456,427073,-781.6980335422323
123,3457,427196,-876.2112557142373
123,3458,427283,-547.3169892997369
123,3459,427400,-855.5796195710943
123,3460,427481,-603.660702467871
123,3461,427646,-948.7244165109736
123,3462,427750,-651.1483618963457
123,3463,427824,-531.5732497549113
123,3464,427932,-823.0714727249511
123,3465,428013,-473.43518306698803
123,3466,428105,-594.8976951099694
123,3467,428212,-532.7087797087615
123,3468,428286,-569.7779440618954
123,3469,428365,-515.5359376007516
123,3470,428534,-1076.325060279667
123,3471,428696,-1172.6941538144433
123,3472,428858,-963.0521926323219
123,3473,429128,-2269.8852184256925
123,3474,429213,-527.5076165450116
123,3475,429314,-720.8814195810361
123,3476,429429,-669.4221259884924
123,3477,429506,-440.34506740511233
123,3478,429590,-444.95265328599686
123,3479,429901,-2593.6810862143266
123,3480,430017,-792.3720604050909
123,3481,430097,-632.8730015704745
123,3482,430222,-930.6543096091197
123,3483,430350,-996.4494284709879
123,3484,430445,-718.1071592573129
123,3485,430543,-495.4652619287509
123,3486,430702,-866.9965665824456
123,3487,430924,-1474.979542896755
123,3488,431059,-1011.2294959943712
123,3489,431208,-819.4483536326364
123,3490,431289,-613.5855822176868
123,3491,431363,-533.6641873524986
123,3492,431508,-1059.2002221591833
123,3493,431614,-713.3692546897237
123,3494,431691,-445.8507995831936
123,3495,432099,-4659.362259544689
123,3496,432205,-754.451495798438
123,3497,432379,-1122.154173485424
123,3498,432453,-485.6937933447789
123,3499,432535,-583.9855521937118
123,3500,432791,-2233.8398953392048
123,3501,432928,-698.8596546928335
123,3502,433003,-494.5213190741474
123,3503,433079,-419.18713412614125
123,3504,433169,-451.64933733568887
123,3505,433343,-1285.6818816824473
123,3506,433463,-821.5803971492602
123,3507,433680,-1381.9483145583474
123,3508,433760,-613.2146771058491
123,3509,433881,-720.2244843002765
123,3510,433983,-505.11415508786814
123,3511,434070,-629.7399566962537
123,3512,434286,-1561.9131913454235
123,3513,434392,-812.1924465359174
123,3514,434492,-743.6754346106765
123,3515,434604,-746.0760861094611
123,3516,434704,-480.20792927117293
123,3517,434825,-891.4348708080119
123,3518,435020,-1287.7390974303732
123,3519,435126,-726.6945115499027
123,3520,435259,-936.4596435655548
123,3521,435388,-827.558292688639
123,3522,435612,-2058.751474462433
123,3523,435691,-367.56388088331397
123,3524,435782,-616.7228362072055
123,3525,435892,-525.5746717891186
123,3526,436047,-843.7080328235752
123,3527,436162,-570.4455442083267
123,3528,436246,-604.2612465133085
123,3529,436358,-826.598053549242
123,3530,436533,-1159.6201836652883
123,3531,436643,-680.2917293299726
123,3532,436726,-575.4132061075672
123,3533,436813,-566.9593812672756
123,3534,437003,-1497.5766124606848
123,3535,437098,-685.4512176879589
123,3536,437177,-540.7391020948592
123,3537,437307,-914.7446973983884
123,3538,437460,-1241.6434740525913
123,3539,437615,-930.8489615753873
123,3540,437720,-859.6509832637197
123,3541,437827,-650.0904514952498
123,3542,437912,-665.6469014841538
123,3543,437994,-606.8963210072425
123,3544,438079,-608.6736707520515
123,3545,438160,-529.7659188291711
123,3546,438431,-2388.208514542408
123,3547,438552,-669.5040917430059
123,3548,438633,-472.5494904096884
123,3549,438837,-1270.5147290405923
123,3550,439037,-1686.8478310554929
123,3551,439130,-604.6890293570812
123,3552,439270,-1051.5986307015141
123,3553,439453,-1507.148865529819
123,3554,439638,-1433.550906871486
123,3555,439766,-761.1212988347683
123,3556,439948,-1407.677504742282
123,3557,440045,-763.8125924245861
123,3558,440131,-640.77085416261
123,3559,440203,-614.3473946577757
123,3560,440282,-545.3878134771867
123,3561,440392,-557.3189364803399
123,3562,440479,-482.6098462525638
123,3563,440590,-783.55764066695
123,3564,440709,-851.3248103343169
123,3565,440895,-1480.207458367523
123,3566,440980,-418.98395147087274
123,3567,441110,-693.3333403843548
123,3568,441184,-432.9624572646338
123,3569,441425,-2091.2348381922748
123,3570,441506,-438.0794658670929
123,3571,441612,-738.6564455391916
123,3572,441715,-839.1641622722562
123,3573,441788,-457.4601631618978
123,3574,441969,-1426.9935781649997
123,3575,442065,-719.072591842168
123,3576,442141,-627.2018584224267
123,3577,442218,-503.5804968716772
123,3578,442300,-518.1348853656268
123,3579,442379,-569.8835688913839
123,3580,442470,-540.1323774495511
123,3581,442572,-747.3612752528517
123,3582,442659,-564.140739982166
123,3583,442881,-1426.0549545379843
123,3584,442976,-641.3023906162451
123,3585,443063,-532.970390344072
123,3586,443188,-586.8117344093982
123,3587,443289,-720.4577433345848
123,3588,443381,-620.138942677469
123,3589,443495,-813.4248811308942
123,3590,443584,-648.7734668583862
123,3591,443683,-682.1080907418291
123,3592,443766,-387.8203077745714
123,3593,443893,-567.6363170084322
123,3594,444043,-1106.2187476899776
123,3595,444120,-561.6340629710799
123,3596,444222,-703.6123606703851
123,3597,444426,-1168.5938514854777
123,3598,444765,-3767.439312579297
123,3599,444896,-623.9536422066345
123,3600,444990,-668.4743302009465
123,3601,445071,-371.1625594023871
123,3602,445252,-1322.697870049803
123,3603,445350,-732.341524252579
123,3604,445477,-639.2619855444631
123,3605,445569,-657.3401156048393
123,3606,445640,-615.3881544017726
123,3607,446007,-3756.5504587508426
123,3608,446089,-428.9877266285541
123,3609,446176,-431.1439868904439
123,3610,446353,-1211.4069929244126
123,3611,446446,-495.2065045985135
123,3612,446526,-585.0021237862911
123,3613,446624,-545.083239404328
123,3614,446750,-699.2520900534422
123,3615,447010,-2179.895370507908
123,3616,447094,-617.71020267182
123,3617,447186,-607.5315734258661
123,3618,447281,-550.7537941914431
123,3619,447445,-1281.1727323300784
123,3620,447542,-740.2316070983721
123,3621,447671,-771.8652777000614
123,3622,447828,-886.2146211807878
123,3623,447957,-799.1817461992391
123,3624,448203,-2105.8780071186893
123,3625,448365,-1261.3755869528404
123,3626,448468,-680.4646382819689
123,3627,448554,-504.17334253879807
123,3628,448629,-409.0577823133078
123,3629,448778,-895.9914772255784
123,3630,448972,-1404.1558930041074
123,3631,449060,-460.1876637817449
123,3632,449168,-776.712832086738
123,3633,449563,-4543.566085797004
123,3634,449748,-1238.1502011976854
123,3635,449824,-508.64323854900033
123,3636,449915,-502.48438536389125
123,3637,450009,-434.87794764918493
123,3638,450166,-1002.2630671306176
123,3639,450267,-588.3754241411408
123,3640,450352,-455.78277765879335
123,3641,450431,-543.1732619593615
123,3642,450544,-561.3969230006703
123,3643,450626,-389.50267336265927
123,3644,450703,-568.8426854226769
123,3645,450777,-579.1858287100349
123,3646,450925,-754.0485022606941
123,3647,451062,-647.2438832462956
123,3648,451219,-821.421435685152
123,3649,451420,-1328.8724497610817
123,3650,451559,-1081.860602308545
123,3651,451670,-643.019809257849
123,3652,451954,-2429.078917657526
123,3653,452057,-419.614915878336
123,3654,452193,-793.6179683602203
123,3655,452394,-1241.837544804335
123,3656,452494,-484.6615294261073
123,3657,452577,-399.8988735190412
123,3658,452751,-1156.495779542975
123,3659,452911,-1045.311534483087
123,3660,452992,-455.0128042583466
123,3661,453074,-552.6308651509436
123,3662,453174,-577.0514287677386
123,3663,453278,-493.9952540842529
123,3664,453378,-720.4778307801062
123,3665,453576,-1357.1678663160783
123,3666,453730,-1042.010158105124
123,3667,453827,-529.1337304510952
123,3668,453958,-710.2629662369792
123,3669,454106,-1029.0911903915976
123,3670,454189,-424.20279788712287
123,3671,454274,-536.1619042854009
123,3672,454492,-2002.9902353876826
123,3673,454603,-642.5606748363356
123,3674,454679,-470.15394271313187
123,3675,454762,-601.7129797010905
123,3676,454870,-729.5181739644403
123,3677,454965,-472.88561248646846
123,3678,455082,-606.4844735308128
123,3679,455306,-1867.4224014432898
123,3680,455414,-640.8950984852513
123,3681,455493,-548.9513358498623
123,3682,455605,-697.5351056677612
123,3683,455679,-370.87240358180185
123,3684,455913,-1458.735619075261
123,3685,456075,-988.4553256100189
123,3686,456170,-569.1126658749265
123,3687,456305,-916.748445433774
123,3688,456380,-597.9674506599188
123,3689,456731,-3590.3237654684863
123,3690,456806,-561.4816365996352
123,3691,456965,-880.9208138675136
123,3692,457120,-1113.6807960671658
123,3693,457213,-519.8362427473062
123,3694,457428,-1216.474746070587
123,3695,457588,-1252.1661805541146
123,3696,457680,-415.52855652676635
123,3697,457768,-552.6947035424533
123,3698,457864,-571.592654163176
123,3699,458096,-1459.8091904753956
123,3700,458197,-662.994836550835
123,3701,458373,-1319.4504707610656
123,3702,458453,-515.2045368427364
123,3703,458535,-473.14565483397547
123,3704,458609,-396.64778056579286
123,3705,458718,-519.6301119277423
123,3706,458854,-985.9152357091673
123,3707,459153,-2631.4614447864137
123,3708,459255,-583.8119131024596
123,3709,459391,-843.1449042933496
123,3710,459522,-943.6871049665904
123,3711,459630,-758.6725964502043
123,3712,459737,-597.3353388619394
123,3713,459861,-883.727257483788
123,3714,459982,-768.1625032381991
123,3715,460194,-1878.7726627255943
123,3716,460270,-450.72664160184286
123,3717,460365,-474.21249561092344
123,3718,460472,-558.2643928619625
123,3719,460548,-510.33925843017335
123,3720,460655,-558.3738384711812
123,3721,460821,-1362.5284701314001
123,3722,460933,-760.5363986057406
123,3723,461053,-755.8421707791287
123,3724,461231,-1282.3526442113236
123,3725,461322,-513.0748643111638
123,3726,461466,-1009.334628157946
123,3727,461556,-441.02500135513407
123,3728,461684,-938.9053247659742
123,3729,461757,-593.5191718951995
123,3730,461850,-754.7284016939891
123,3731,461973,-778.8747462580972
123,3732,462057,-509.59496522715557
123,3733,462177,-849.7291872433262
123,3734,462390,-1707.8785430817175
123,3735,462478,-445.3022828013428
123,3736,462573,-555.5091092783159
123,3737,462711,-944.1845374338442
123,3738,462786,-520.659640731132
123,3739,462862,-551.8401221994307
123,3740,462983,-899.8954460325806
123,3741,463138,-1064.5935687702147
123,3742,463231,-706.9311815512053
123,3743,463348,-804.7275620628799
123,3744,463425,-533.6371612640064
123,3745,463580,-986.3381602315926
123,3746,463701,-554.7685982825578
123,3747,463796,-709.3247353387047
123,3748,463880,-584.3982351652191
123,3749,464061,-1419.6608929249116
123,3750,464141,-415.0689400248354
123,3751,464311,-1215.1451497482958
123,3752,464452,-747.7769129552687
123,3753,464555,-497.20959451827935
123,3754,464639,-483.700186113044
123,3755,464798,-881.5329163759383
123,3756,464900,-740.9870084313432
123,3757,465005,-706.0150717934765
123,3758,465120,-522.5826216388014
123,3759,465309,-1390.8987317785175
123,3760,465391,-543.9326128096188
123,3761,465494,-678.1369314465866
123,3762,465610,-723.3033412777003
123,3763,465824,-1794.767144339639
123,3764,465948,-769.2650739341004
123,3765,466025,-549.6045295204422
123,3766,466113,-620.4204521505684
123,3767,466212,-706.5204361463084
123,3768,466294,-617.6773384620119
123,3769,466463,-1095.817638751372
123,3770,466644,-1244.7378078503928
123,3771,466746,-688.0083351353353
123,3772,466827,-526.4245451386755
123,3773,466988,-1088.5847971636056
123,3774,467131,-891.0821382508216
123,3775,467215,-493.82228421026053
123,3776,467289,-444.22041841934686
123,3777,467384,-480.38491154656964
123,3778,467460,-627.0560031680792
123,3779,467600,-746.9964426518453
123,3780,467852,-2254.9720768714715
123,3781,467974,-737.5483482708213
123,3782,468214,-1921.2525093445013
123,3783,468287,-417.00821255363826
123,3784,468366,-557.2908905086222
123,3785,468452,-464.80918886693536
123,3786,468550,-715.2602192379045
123,3787,468627,-454.3895944645068
123,3788,468706,-377.99648098917294
123,3789,468800,-684.3384190255624
123,3790,468876,-596.9651827053162
123,3791,468985,-578.7648548288411
123,3792,469165,-1427.4841631004856
123,3793,469293,-735.2748326228312
123,3794,469406,-558.2865983173194
123,3795,469483,-603.4877447592286
123,3796,469568,-715.885235293691
123,3797,469655,-634.7781664458664
123,3798,469815,-1033.0417852708606
123,3799,469994,-879.1353295837426
123,3800,470129,-806.9784344576394
123,3801,470237,-706.9263562979945
123,3802,470463,-1798.4603949439686
123,3803,470643,-1315.4236854594576
123,3804,470801,-1228.9726057071352
123,3805,470886,-684.0568168967621
123,3806,470971,-614.1651702008867
123,3807,471105,-725.8269787543369
123,3808,471200,-529.0452533865887
123,3809,471278,-518.8828028371242
123,3810,471384,-631.493701131551
123,3811,471464,-438.4531000889846
123,3812,471584,-760.7584938313553
123,3813,471660,-487.3760479443448
123,3814,471741,-488.6700215762811
123,3815,471872,-834.5460107840053
123,3816,472019,-801.6232870356337
123,3817,472167,-1160.5181688322473
123,3818,472303,-912.1661616685706
123,3819,472398,-638.3701902277332
123,3820,472537,-799.4567110460523
123,3821,472660,-773.935219613223
123,3822,472745,-738.3738864702027
123,3823,472882,-875.3923245596326
123,3824,473049,-990.5570987251978
123,3825,473163,-787.7403098301247
123,3826,473242,-485.8914297232595
123,3827,473476,-1893.7616464607752
123,3828,473553,-503.96364042495003
123,3829,473762,-1299.683933824168
123,3830,473906,-991.6232567355239
123,3831,474117,-1805.0369439481155
123,3832,474276,-876.0549138081474
123,3833,474436,-1046.9138683541441
123,3834,474537,-539.3810406988064
123,3835,474614,-436.8259669107933
123,3836,474708,-690.4961483986544
123,3837,474800,-676.363509399622
123,3838,474919,-883.7970431277602
123,3839,475033,-809.0758001685582
123,3840,475128,-644.0106765615195
123,3841,475214,-670.797210898854
123,3842,475313,-711.2105870454104
123,3843,475423,-634.935760441265
123,3844,475613,-1390.6907535074022
123,3845,475743,-611.4869523120886
123,3846,475816,-414.34221096189344
123,3847,475906,-633.8700639611427
123,3848,476031,-943.3967118278259
123,3849,476112,-524.6203681996259
123,3850,476342,-1960.1854120028624
123,3851,476417,-421.7887280893705
123,3852,476506,-486.4072643217721
123,3853,476608,-532.0546035128135
123,3854,476781,-1149.5911444092492
123,3855,477025,-2035.2175475375493
123,3856,477112,-511.754971560651
123,3857,477224,-739.5953197167148
123,3858,477353,-822.2960327206416
123,3859,477453,-727.6552038795659
123,3860,477637,-1268.8460358500445
123,3861,477751,-592.1623956139442
123,3862,477858,-758.3198223094944
123,3863,478096,-1591.5891747138378
123,3864,478302,-1451.7235253519457
123,3865,478453,-1108.6132644007425
123,3866,478562,-757.8557338533403
123,3867,478648,-574.1389132701217
123,3868,478747,-704.2896589952757
123,3869,478853,-590.4279398032006
123,3870,479098,-2095.115647646844
123,3871,479268,-1295.955801137164
123,3872,479346,-623.5085758809764
123,3873,479429,-403.0568924346977
123,3874,479511,-487.7157637294175
123,3875,479777,-2551.303096469387
123,3876,479917,-627.210359601674
123,3877,479990,-474.84062975380215
123,3878,480096,-798.807652216812
123,3879,480258,-920.123597462915
123,3880,480351,-448.53143510690404
123,3881,480455,-548.1265723237152
123,3882,480552,-631.138815541125
123,3883,480646,-523.469721884643
123,3884,480759,-744.9478679384415
123,3885,480850,-632.3362529015319
123,3886,480946,-562.120848985769
123,3887,481036,-463.6255423383519
123,3888,481187,-925.3290069118777
123,3889,481296,-675.5449750808697
123,3890,481379,-584.559604727619
123,3891,481475,-611.0844280528902
123,3892,481628,-1023.5105291143343
123,3893,481821,-1439.2100032604944
123,3894,481964,-1107.0062086566088
123,3895,482050,-493.48484530474883
123,3896,482142,-623.2126253404998
123,3897,482285,-1003.3782178026573
123,3898,482435,-798.5833284966463
123,3899,482553,-921.7573646309871
123,3900,482631,-485.65952533278875
123,3901,482714,-468.5900361483077
123,3902,482895,-1231.9409075203937
123,3903,483034,-832.5625231841855
123,3904,483189,-969.2977285214477
123,3905,483272,-679.0115605050071
123,3906,483473,-1253.8843296539867
123,3907,483732,-2346.575375909801
123,3908,483869,-603.9327845984499
123,3909,483962,-627.1013743906602
123,3910,484050,-449.2015371957548
123,3911,484157,-750.86090749096
123,3912,484256,-508.32728881442625
123,3913,484433,-1199.417807862702
123,3914,484571,-741.1971406699439
123,3915,484647,-414.51509376014326
123,3916,484748,-821.5246045748006
123,3917,484880,-1018.8146166577885
123,3918,484971,-560.1831819212732
123,3919,485079,-721.9595517492955
123,3920,485176,-612.7466838731447
123,3921,485281,-652.0781983683136
123,3922,485492,-1375.7454042118597
123,3923,485672,-1323.3280617131418
123,3924,485914,-2020.7037191703262
123,3925,486032,-650.8840051394242
123,3926,486116,-543.0378082726263
123,3927,486232,-706.1766495181631
123,3928,486481,-2220.2795458882642
123,3929,486556,-521.7919974230552
123,3930,486735,-1117.9045677729569
123,3931,486850,-883.2589792877831
123,3932,486933,-550.9267832028515
123,3933,487045,-607.6404125545396
123,3934,487176,-759.6210098658386
123,3935,487260,-518.8888879569524
123,3936,487374,-732.2791363422172
123,3937,487481,-726.4296751476359
123,3938,487607,-669.8767176488548
123,3939,487683,-436.60035459874416
123,3940,487907,-1952.8086528355057
123,3941,487986,-569.5245123697212
123,3942,488088,-544.574571748819
123,3943,488239,-976.0841785423187
123,3944,488356,-760.5393657362532
123,3945,488445,-404.0660411852471
123,3946,488531,-644.2982729643405
123,3947,488613,-524.0675815651394
123,3948,488709,-478.93858170243516
123,3949,488822,-626.5963799028474
123,3950,488943,-782.4073459626587
123,3951,489068,-767.9119003083665
123,3952,489260,-1770.0097772765187
123,3953,489377,-597.1758963971968
123,3954,489450,-490.4308209104691
123,3955,489639,-1009.0946500626576
123,3956,489722,-664.303733969095
123,3957,489807,-493.5474104380061
123,3958,489899,-611.5585312247642
123,3959,490034,-737.6416754761744
123,3960,490116,-516.1092806799987
123,3961,490279,-1265.0483950731193
123,3962,490355,-583.3069959192651
123,3963,490573,-1585.0096456439692
123,3964,490656,-499.97263842591593
123,3965,490755,-538.9097815475898
123,3966,490850,-636.6150941276011
123,3967,490948,-492.5175523664951
123,3968,491023,-498.00060087474947
123,3969,491099,-459.72827088463725
123,3970,491216,-717.0275955830784
123,3971,491356,-730.5955784233502
123,3972,491577,-2016.1545151100024
123,3973,491680,-711.0921428818206
123,3974,491772,-668.5489690012905
123,3975,491897,-850.5871407219018
123,3976,491977,-621.469409963246
123,3977,492077,-714.3303585762341
123,3978,492420,-3687.853845160112
123,3979,492519,-782.762375240485
123,3980,492601,-432.6860706625202
123,3981,492697,-543.0516619898199
123,3982,492817,-961.6957324073098
123,3983,493025,-1265.9191114236803
123,3984,493138,-822.4463574301524
123,3985,493284,-1011.1685675955439
123,3986,493363,-584.2217793219522
123,3987,493454,-496.0513975223996
123,3988,493593,-987.9122257514816
123,3989,493697,-719.8160854120531
123,3990,493849,-1226.159798827274
123,3991,493946,-702.8079148706615
123,3992,494066,-659.0090057384516
123,3993,494153,-588.3821935223048
123,3994,494234,-572.1769465100649
123,3995,494328,-538.3974429273097
123,3996,494483,-911.7161088895224
123,3997,494691,-1496.0556555297321
123,3998,494787,-654.8110768403957
123,3999,494871,-502.47415289406223
123,4000,494970,-579.5342166855735
123,4001,495110,-763.736069084886
123,4002,495192,-533.9294085736999
123,4003,495369,-1100.5744129216382
123,4004,495484,-736.4564559930992
123,4005,495567,-494.76521878463785
123,4006,495758,-1108.4132183833128
123,4007,495884,-924.2886037337213
123,4008,496007,-831.6652102507309
123,4009,496137,-917.9782320007703
123,4010,496259,-589.3396789749164
123,4011,496452,-1424.4930335328584
123,4012,496529,-523.5948872720222
123,4013,496613,-546.8928321161281
123,4014,496730,-793.441359699541
123,4015,496804,-644.8645231889926
123,4016,496878,-404.44777644095734
123,4017,496961,-449.4090930876012
123,4018,497040,-571.6141033747967
123,4019,497141,-674.3836377627493
123,4020,497238,-625.0802687806693
123,4021,497319,-620.983152095162
123,4022,497403,-678.1183902301784
123,4023,497541,-646.5194061705043
123,4024,497624,-438.95226127954413
123,4025,497731,-707.6834752969337
123,4026,497919,-1365.707118387647
123,4027,498028,-552.9425728298927
123,4028,498101,-467.82372685152296
123,4029,498292,-1455.296409481097
123,4030,498371,-497.8161086469319
123,4031,498486,-526.3344154756012
123,4032,498560,-618.3236349756344
123,4033,498636,-526.0761618167062
123,4034,498893,-1628.5670552565505
123,4035,499064,-1276.1581223237836
123,4036,499153,-501.6772716237922
123,4037,499232,-496.80237797027087
123,4038,499304,-541.0063252730399
123,4039,499391,-572.2104280796285
123,4040,499538,-1038.9030258002783
123,4041,499673,-983.317397659256
123,4042,499815,-1096.7628811017394
123,4043,499900,-386.7171379352807
123,4044,500001,-741.1103889234818
