seed,episode,total_steps,return
42,1,117,-202.6622534426204
42,2,195,-106.93091941532997
42,3,291,-386.2655204813356
42,4,377,-103.99455223558925
42,5,444,-79.61299900714188
42,6,550,-506.75854039800834
42,7,637,-270.79544256876557
42,8,757,-423.37247513093786
42,9,829,-209.2851668285583
42,10,917,-372.3330848903421
42,11,980,-92.77789948773412
42,12,1080,-144.5874618794763
42,13,1154,-89.55087554555675
42,14,1232,-242.98245697465677
42,15,1300,-91.73286217001363
42,16,1395,-398.76969530594266
42,17,1469,-244.35918943970424
42,18,1558,-220.46648704713706
42,19,1680,-126.25144614683424
42,20,1778,-122.77555226734972
42,21,1852,-98.07124645766096
42,22,1938,-81.82104041371613
42,23,1997,-135.55105588295945
42,24,2095,-398.74692065024925
42,25,2186,-402.2031143137771
42,26,2292,-324.3403543837169
42,27,2389,-241.50825348253994
42,28,2504,-338.66521233217514
42,29,2569,-54.33047956772635
42,30,2672,-154.33899218586777
42,31,2762,-105.51790508981772
42,32,2886,-143.62622983838116
42,33,3009,-52.76893421685311
42,34,3086,-350.9041896055559
42,35,3160,-75.91760055227738
42,36,3246,-85.41644802015652
42,37,3355,-245.8819163924078
42,38,3417,-205.57704864122573
42,39,3489,-98.58275122613476
42,40,3634,-531.8327711969266
42,41,3691,-296.9248216720854
42,42,3764,-125.08031364351265
42,43,3840,-82.44739536100832
42,44,3945,-218.0794656334304
42,45,4023,-88.60526676661412
42,46,4090,-108.81128973554695
42,47,4162,-139.57225015394118
42,48,4239,-180.15971930011455
42,49,4344,-285.1669074504896
42,50,4447,-353.8182964398495
42,51,4539,-53.90887463781419
42,52,4642,-178.1635467594392
42,53,4709,-208.2639097771115
42,54,4823,-100.08027391116363
42,55,4911,-130.40534972397097
42,56,5029,-184.86930928663986
42,57,5133,-187.31264911719174
42,58,5211,-147.16400065564721
42,59,5316,-228.05625812474813
42,60,5403,24.376589248715902
42,61,5500,-230.1815195837897
42,62,5630,-418.1357178145896
42,63,5732,-174.13587810230473
42,64,5825,46.84003460148645
42,65,5906,-153.49487335021365
42,66,5983,-315.5745676950404
42,67,6049,-96.885848618828
42,68,6117,-78.73343913853611
42,69,6222,-263.06200420990274
42,70,6303,-145.95740223920257
42,71,6405,-292.097677219035
42,72,6470,-85.96442827376484
42,73,6539,-84.87468184619317
42,74,6612,-98.32107714155515
42,75,6721,-174.95455921652632
42,76,6822,-275.26434395548665
42,77,6905,-131.1821389229232
42,78,7000,-113.03467025262225
42,79,7072,-165.51232993584907
42,80,7171,-334.7890048789227
42,81,7234,-84.98286701425924
42,82,7313,28.02499744392071
42,83,7386,-88.57836576374781
42,84,7502,-131.16056565807355
42,85,7603,-184.46042952441087
42,86,7687,-236.0045370017462
42,87,7797,-153.81334490935438
42,88,7889,-173.9650757476228
42,89,7956,-109.89049296931226
42,90,8024,-79.07049433417288
42,91,8158,-138.04856797942568
42,92,8265,-309.9664242641576
42,93,8340,-97.72782080027758
42,94,8435,-373.6819494401377
42,95,8533,-229.150900874765
42,96,8621,-290.56674857171964
42,97,8701,-92.67291927658408
42,98,8828,-147.58132168602972
42,99,8910,-142.5135663481194
42,100,9014,-221.0778508783362
42,101,9111,-254.02249887736824
42,102,9209,-308.91094870101415
42,103,9272,-141.4135821034248
42,104,9364,-129.01045158144694
42,105,9459,-302.27256562244895
42,106,9517,-87.79650799096748
42,107,9607,-94.6300746229786
42,108,9698,-328.8889874667723
42,109,9797,-305.25152462510806
42,110,9882,-118.45335191140964
42,111,9989,-312.1528026011923
42,112,10126,-0.47680900218453814
42,113,10204,-109.23953775554088
42,114,10277,-274.1557198461157
42,115,10386,-336.62254678614806
42,116,10494,-133.54927204152256
42,117,10559,-84.56171078497745
42,118,10646,-248.9587557617208
42,119,10738,-120.58942023708487
42,120,10823,-348.8574562031109
42,121,10945,-112.40802727633385
42,122,11028,-141.15508158046376
42,123,11117,-341.2572936116893
42,124,11206,-81.1655226229547
42,125,11321,-121.29035814711368
42,126,11387,-104.00568653569037
42,127,11470,-118.92826041040733
42,128,11548,-115.24277940958359
42,129,11615,-237.99976962261536
42,130,11697,-127.48077467228742
42,131,11773,-212.436378411385
42,132,11836,-123.88964412118703
42,133,11913,-288.6622425115861
42,134,12007,-417.7044276262612
42,135,12071,-100.78280611915868
42,136,12163,-147.89667574383427
42,137,12296,-143.4628954010737
42,138,12377,-133.87145136951818
42,139,12493,-109.06366001828259
42,140,12624,-47.80201619449587
42,141,12728,-516.0782526969409
42,142,12820,-430.5733017120018
42,143,12883,-85.11614940202332
42,144,12964,-277.52621293611065
42,145,13065,-403.5001047834374
42,146,13172,-270.4129371713662
42,147,13319,-114.94396838961245
42,148,13402,-170.83530014829375
42,149,13510,-203.7437155674258
42,150,13648,-306.4690191258542
42,151,13724,-65.998372275247
42,152,13820,-429.151621184561
42,153,13912,-76.31540740676321
42,154,14005,-381.19884701337946
42,155,14107,-126.64401097437835
42,156,14168,-219.94897291615067
42,157,14279,-133.36427725990262
42,158,14396,-280.66870768120566
42,159,14493,-301.0813399103476
42,160,14565,-209.26608388210883
42,161,14636,-117.99378475693364
42,162,14729,-435.2403277161374
42,163,14794,-201.89853865452403
42,164,14910,-124.56676185535366
42,165,14968,-78.44539126504219
42,166,15076,-9.05646483312296
42,167,15151,-241.8373091271361
42,168,15229,-115.1096285734806
42,169,15333,-249.18053017577225
42,170,15447,-454.30478181630235
42,171,15540,-133.5056510620168
42,172,15616,-88.9920739322377
42,173,15705,-321.6532446006202
42,174,15799,-165.9103471426451
42,175,15923,-167.3911582609009
42,176,16021,-237.9360643349174
42,177,16144,-115.07280938187205
42,178,16290,-161.81600272807816
42,179,16358,-104.64911977987309
42,180,16432,-121.21918403435072
42,181,16498,-71.59362633959917
42,182,16582,-430.43433175606896
42,183,16666,-221.98691197815918
42,184,16761,-288.807711719579
42,185,16833,-107.69364368020075
42,186,16911,-78.8846090782035
42,187,16975,-111.8987567433273
42,188,17117,-316.4168883335415
42,189,17197,-97.1323077028586
42,190,17265,-129.75284733947598
42,191,17372,-154.2338933588671
42,192,17450,-94.936901477003
42,193,17546,-314.89471461220876
42,194,17623,-7.52175697136407
42,195,17685,-156.24355071542678
42,196,17759,-131.57569379652665
42,197,17840,-452.04796018050166
42,198,17942,-197.55049877531653
42,199,18030,-253.50484681011363
42,200,18155,-221.01749512778224
42,201,18280,-249.5289253974548
42,202,18389,-95.56312475374851
42,203,18548,-162.96147028749425
42,204,18614,-123.81888425230358
42,205,18679,-127.02938469306255
42,206,18774,-405.2173100520164
42,207,18836,-57.98202562312132
42,208,18923,-154.75620880790393
42,209,19025,-439.71233177691033
42,210,19085,-61.02012637276519
42,211,19176,-450.0910520298851
42,212,19277,-118.10614440007635
42,213,19343,-69.92450130091848
42,214,19419,-83.27221600139623
42,215,19549,-57.24609152145728
42,216,19652,-264.0262548110595
42,217,19709,-221.72730431091952
42,218,19827,-409.9501599272274
42,219,19933,-444.46666756653445
42,220,20041,-101.7585671261912
42,221,20140,-123.07558897628478
42,222,20251,-110.84677806852054
42,223,20338,-172.3773888835428
42,224,20400,-77.58463364348218
42,225,20492,-462.08939547749634
42,226,20591,-290.3493642495636
42,227,20653,-95.3824665676842
42,228,20784,-213.99107780134847
42,229,20854,-90.33146022924673
42,230,20926,-120.75794412895489
42,231,21019,-329.1090992331676
42,232,21129,-263.3997073969292
42,233,21255,1.252294097057785
42,234,21365,-97.09755829867744
42,235,21458,-188.97010919210408
42,236,21546,-124.16322261744287
42,237,21628,-256.4709403466728
42,238,21703,-201.99053491941052
42,239,21796,-363.37696003599706
42,240,21879,-151.5362132264304
42,241,21980,-126.87715555608435
42,242,22056,-75.58474905954138
42,243,22174,-276.7175869586961
42,244,22289,-262.4887693434696
42,245,22357,-84.62791197342487
42,246,22467,-311.3289753132647
42,247,22543,-189.2625620212359
42,248,22634,-410.2674898669462
42,249,22710,-395.3993065248516
42,250,22786,-116.87007907757106
42,251,22906,-394.5448269327262
42,252,23008,-311.80579905816376
42,253,23093,-44.58102410598277
42,254,23227,-205.1058366956059
42,255,23297,-106.75892586070661
42,256,23361,-83.14631555308225
42,257,23437,-129.17079147943377
42,258,23526,-229.29636904984054
42,259,23619,-406.2186302736536
42,260,23718,-298.53491865654547
42,261,23785,-69.90034591408232
42,262,23900,-39.771334929078215
42,263,23964,-104.81774028220458
42,264,24024,-100.83791482275332
42,265,24093,-87.74848302676584
42,266,24155,-72.10316052679917
42,267,24240,-449.20700528300193
42,268,24335,-410.4551409268179
42,269,24410,-208.17106313111265
42,270,24490,-48.837526357434285
42,271,24571,-88.16169526487245
42,272,24684,-598.0310004289322
42,273,24806,-419.12639928185285
42,274,24875,-150.88597467096244
42,275,24995,-182.05504397894504
42,276,25089,-114.03273558530972
42,277,25173,-136.23441588788273
42,278,25233,-237.97811169156844
42,279,25301,-200.64002839298763
42,280,25385,-181.99039569943778
42,281,25466,-262.95874170123614
42,282,25559,-114.82784592765087
42,283,25660,-107.01216429189333
42,284,25729,-126.63666595628447
42,285,25829,-192.88376965479853
42,286,25952,-307.85739843119654
42,287,26036,-340.27253095601304
42,288,26141,-416.66411214152106
42,289,26228,-98.55730000121595
42,290,26317,-256.839856175284
42,291,26404,-136.02375394765585
42,292,26505,-78.97350974150905
42,293,26613,-111.27879674634991
42,294,26702,-156.59981894232533
42,295,26794,-111.56642421917132
42,296,26866,-218.82571672879973
42,297,26953,-354.2003805026445
42,298,27059,-435.9543452645551
42,299,27136,-319.9762109428485
42,300,27256,-142.573807671218
42,301,27359,-76.8253551967126
42,302,27422,-247.98161606352784
42,303,27508,-118.69775977808035
42,304,27586,-113.10427761499014
42,305,27682,-205.58219210033891
42,306,27777,-427.9872474947968
42,307,27882,-130.31636632248
42,308,27972,-303.26785051265665
42,309,28048,-127.57463858326875
42,310,28125,-111.2059043465442
42,311,28232,-181.28785127808635
42,312,28309,-330.18547602689756
42,313,28402,-204.3695791524527
42,314,28478,-77.80353079050357
42,315,28543,-107.37831521725252
42,316,28665,-196.01136508373227
42,317,28749,-111.65299455729945
42,318,28804,-199.94441425853404
42,319,28917,-224.8280793611176
42,320,29020,-107.95275899176684
42,321,29089,-109.36136125506427
42,322,29162,-221.79304554468473
42,323,29277,-135.79207886829863
42,324,29387,-251.9873970411162
42,325,29480,-157.1824029415967
42,326,29565,-99.86024688398481
42,327,29646,-96.85389201461969
42,328,29708,-134.32263620483835
42,329,29780,-65.4185216277966
42,330,29898,-108.85792539550121
42,331,29997,-219.45128828646432
42,332,30070,-86.25168006179103
42,333,30137,-149.05707805469694
42,334,30242,-264.73141129461584
42,335,30352,3.017615186580528
42,336,30461,-138.03705956560523
42,337,30530,-200.72895731437382
42,338,30607,-217.77815689487988
42,339,30682,-127.91200918363629
42,340,30759,-128.22404341591437
42,341,30844,-240.41919319278932
42,342,30939,-358.7944356733253
42,343,31012,-180.97780183429643
42,344,31103,-114.39862280601014
42,345,31215,-347.50744480360885
42,346,31326,-241.60811949144818
42,347,31395,-198.55624443627437
42,348,31490,-84.57689402702627
42,349,31576,-133.7627742099121
42,350,31674,-269.87682714668983
42,351,31743,-126.91831071002552
42,352,31816,-366.0770000231505
42,353,31873,-77.19174684890702
42,354,31972,-149.48412261662332
42,355,32058,-157.97023100292878
42,356,32152,-95.39331127552212
42,357,32221,-121.13754510550348
42,358,32311,-104.56721659469895
42,359,32369,-124.73698925960596
42,360,32487,-224.910585117444
42,361,32601,-198.12072183154484
42,362,32712,-249.16463463850624
42,363,32818,-199.55347272398427
42,364,32905,-124.0897082384008
42,365,32995,-128.7885791733825
42,366,33080,-352.68628729171184
42,367,33156,-52.92647063719896
42,368,33242,-333.96883950770984
42,369,33302,-85.73434715481142
42,370,33398,-327.8761112621048
42,371,33507,-162.58312471414797
42,372,33617,-73.92714446104515
42,373,33716,-316.55894780637595
42,374,33786,-178.4335419936249
42,375,33875,-415.18761800270363
42,376,33976,-278.4243177812645
42,377,34073,-217.5303015811076
42,378,34150,-106.7179556658611
42,379,34251,-106.27344303141463
42,380,34354,-214.00129495495534
42,381,34427,-144.3624283044632
42,382,34505,-62.77733534845929
42,383,34641,-385.2617196730523
42,384,34727,-100.1792367109465
42,385,34835,-373.9220172476588
42,386,34906,-91.12574121613547
42,387,34986,-105.46972398978814
42,388,35060,-255.5513637851952
42,389,35151,-474.1979048535376
42,390,35270,-515.1867792257981
42,391,35349,-147.12769418957282
42,392,35428,-158.11199429619302
42,393,35526,-448.1873168520989
42,394,35599,-119.60352266702009
42,395,35687,-147.60943811200792
42,396,35765,-235.9227199029675
42,397,35902,-271.63418827308305
42,398,35977,-428.6643262967537
42,399,36065,-356.3448340540126
42,400,36169,-276.30639813422
42,401,36254,-130.42235909349657
42,402,36353,-435.6077226767225
42,403,36472,-171.22552019062368
42,404,36550,-149.48745711442857
42,405,36621,-105.74610976250074
42,406,36732,-296.35253145604895
42,407,36839,-316.43061881409085
42,408,36906,-221.6224659134937
42,409,37002,-199.00094538014028
42,410,37070,-60.60695781101322
42,411,37186,-18.432868535737825
42,412,37268,-330.52553530326827
42,413,37414,-343.99410427082046
42,414,37493,-136.49484865229758
42,415,37569,-93.3683043047741
42,416,37636,-71.71846978789988
42,417,37727,-257.6772344034039
42,418,37793,-67.638130923981
42,419,37901,-196.28673173214713
42,420,37960,-113.23213671929975
42,421,38041,-144.3873750485307
42,422,38162,-312.52294762408144
42,423,38223,-141.99169556875023
42,424,38304,-119.3388640866301
42,425,38386,-103.07665018895166
42,426,38474,-100.8486921097506
42,427,38578,-410.95987086468296
42,428,38668,-322.506133731626
42,429,38775,-122.92836214862685
42,430,38874,-128.44620102774843
42,431,38945,-123.70149057636183
42,432,39002,-82.06916485336625
42,433,39089,-407.9902169730183
42,434,39191,-122.48555753979383
42,435,39265,-126.89172518188093
42,436,39370,-103.98030615955288
42,437,39454,-324.5770001065123
42,438,39564,-108.75597063661894
42,439,39669,-279.2467661033545
42,440,39788,-298.0363188285703
42,441,39903,-306.1788603375294
42,442,39974,-136.04315851561566
42,443,40049,-44.20942099325411
42,444,40114,-285.3180630256961
42,445,40227,-160.78342244367474
42,446,40310,-184.13875757354623
42,447,40414,-145.77980242237004
42,448,40503,-97.92571737209995
42,449,40564,-89.7818413207629
42,450,40672,-119.1530047800132
42,451,40747,-198.23862341562156
42,452,40859,-117.09397234438015
42,453,40943,-320.8535480119763
42,454,41015,-166.3795070183471
42,455,41072,-150.4570728699047
42,456,41213,-107.88886287537339
42,457,41277,-385.2679191825301
42,458,41364,-22.246324459076945
42,459,41457,-159.3811820176159
42,460,41541,-157.31130191949012
42,461,41612,-166.88787293928021
42,462,41675,-247.5467051872203
42,463,41764,-147.03908631470046
42,464,41831,-86.46018681405593
42,465,41909,-214.68733560880912
42,466,41989,-294.7346517684466
42,467,42060,26.23411674603885
42,468,42179,-227.74779587230972
42,469,42279,-253.71519450433843
42,470,42354,-331.92606513466853
42,471,42516,-429.6949928306323
42,472,42623,-249.56479666127933
42,473,42716,-289.8433103289906
42,474,42823,-141.89725399039799
42,475,42884,-252.5672610652858
42,476,42963,-486.8062322898911
42,477,43063,-210.54826154209712
42,478,43171,-97.13408320449979
42,479,43240,-138.15077090240987
42,480,43323,-217.43542528137263
42,481,43443,-223.73677930296287
42,482,43533,-251.14644618624482
42,483,43628,-174.87531709133503
42,484,43709,-36.287942345515106
42,485,43843,-243.84636140603803
42,486,43959,-248.4608981968829
42,487,44040,-236.6443421443581
42,488,44106,-123.8597411246493
42,489,44222,-64.04497368663736
42,490,44326,-401.60788715632305
42,491,44403,-59.10596211856162
42,492,44498,-338.3250083766578
42,493,44605,-17.079641071569384
42,494,44689,-159.49439090815045
42,495,44804,-211.0708133128183
42,496,44902,-257.47060179986806
42,497,45000,-183.0860812403797
42,498,45067,-60.3459615403654
42,499,45175,-222.6077203876525
42,500,45268,-305.2201940371982
42,501,45349,-96.19831429959146
42,502,45414,-55.03130404271476
42,503,45511,-465.92538478167546
42,504,45569,-98.44579906337219
42,505,45636,-104.88660912254034
42,506,45759,-575.8396601792867
42,507,45821,-169.74160247268523
42,508,45954,-262.83680259052744
42,509,46009,-156.25485910279508
42,510,46076,-82.68937104007348
42,511,46139,-109.33762811096429
42,512,46205,-97.84745591150174
42,513,46291,-129.04205299833686
42,514,46429,-340.851882444254
42,515,46527,-273.36665610537267
42,516,46615,-472.86535178300113
42,517,46707,-239.52015720524884
42,518,46837,-120.82562378098592
42,519,46951,-271.46449928545496
42,520,47056,-268.22570846228814
42,521,47127,-319.8134010327757
42,522,47204,-181.72172400170064
42,523,47282,-154.99716480615373
42,524,47353,-136.2385512112854
42,525,47470,-65.56141746566885
42,526,47593,-175.41886151340827
42,527,47718,-313.5094194424739
42,528,47775,-135.2166267788856
42,529,47853,-165.03223944134032
42,530,47917,-108.85600810704025
42,531,48032,-217.3284836438032
42,532,48139,-215.34090217054995
42,533,48247,-493.3235807515168
42,534,48388,-203.4701717566567
42,535,48465,-109.94032291347439
42,536,48541,-71.79417886337993
42,537,48615,-293.94616671633474
42,538,48720,-386.4985823200444
42,539,48789,-109.48369553350052
42,540,48901,-271.13501658345126
42,541,48988,-402.9389239804522
42,542,49085,-119.1998906159186
42,543,49193,-468.60460349679494
42,544,49273,-118.36350745103064
42,545,49375,-181.2582158177235
42,546,49454,-134.67560621549077
42,547,49565,-135.0225307371097
42,548,49664,-263.730022085767
42,549,49762,-264.5875225359846
42,550,49843,-130.54806366743577
42,551,49932,-394.2411412474069
42,552,50031,-413.360640631149
42,553,50104,-144.76596328051522
42,554,50205,-253.22069270753664
42,555,50294,14.872940331705195
42,556,50391,-378.62568192057137
42,557,50453,-101.47164938015867
42,558,50512,-115.70698978723532
42,559,50579,-87.0670638505527
42,560,50674,-353.0776418234133
42,561,50768,-126.9369052450927
42,562,50887,-319.658563261524
42,563,50973,-73.14666428873652
42,564,51081,-191.00144934236374
42,565,51161,-109.01311531649893
42,566,51233,-105.90423644751549
42,567,51331,-158.15828933528917
42,568,51396,-128.01709255455717
42,569,51511,-331.07419118786834
42,570,51586,-99.86740960310185
42,571,51648,-155.57990362279062
42,572,51725,-102.98857172543414
42,573,51818,-421.8711590662998
42,574,51889,-121.01252617693868
42,575,51958,-110.31071721446722
42,576,52024,-114.91383228769836
42,577,52099,-97.7020933222565
42,578,52165,-74.77428101375514
42,579,52293,-269.8734491473082
42,580,52409,-345.47858635418686
42,581,52516,-115.7696875953536
42,582,52584,-86.82439769712394
42,583,52652,-82.91953026402616
42,584,52724,-196.80860278089625
42,585,52848,-99.90888922663152
42,586,52955,-240.2426453454016
42,587,53032,-299.060878596839
42,588,53128,-116.75181986579067
42,589,53191,-100.64955976241257
42,590,53288,-145.32698014572583
42,591,53369,-188.22294525167416
42,592,53463,-424.9908757147308
42,593,53558,-36.405429567940175
42,594,53651,-116.22965864745353
42,595,53742,-370.36128405183166
42,596,53826,-394.70209596792904
42,597,53912,-251.4355862099201
42,598,53990,-157.6732633817595
42,599,54057,-104.80655053455222
42,600,54139,-54.40624264711626
42,601,54236,-401.368092053584
42,602,54320,-331.9494774705055
42,603,54434,-97.91494268735045
42,604,54526,-344.9895528122187
42,605,54624,-145.70279498534427
42,606,54751,-437.856399170482
42,607,54815,-120.91665315600915
42,608,54940,-307.7599939051992
42,609,55031,-166.01818263089336
42,610,55129,-115.97932554286565
42,611,55231,-58.690793163590484
42,612,55310,-167.11999660828792
42,613,55382,-206.37687960682234
42,614,55449,-344.71308696178426
42,615,55556,-281.13334737792115
42,616,55650,-325.2480034389305
42,617,55721,-82.61809089341781
42,618,55810,-446.39082500434273
42,619,55892,-113.83771081593117
42,620,55985,-141.04390551857685
42,621,56061,-360.5296237862594
42,622,56154,-283.6854702906811
42,623,56218,-64.43524030520223
42,624,56302,-203.41383685592547
42,625,56439,-448.5881378851052
42,626,56503,-105.99472553548289
42,627,56572,-243.89733149522624
42,628,56687,-276.3282667602631
42,629,56765,-84.72624534490895
42,630,56866,-109.88629352952641
42,631,56967,-481.2592981821668
42,632,57065,-327.17489050008703
42,633,57183,-144.78597796180978
42,634,57285,-155.15398345852645
42,635,57371,-218.25098709600826
42,636,57478,-302.19377707304176
42,637,57550,-113.15164830655283
42,638,57666,-296.69033571095986
42,639,57782,-262.1943290158116
42,640,57903,-254.689787149311
42,641,57971,-88.92927951122502
42,642,58047,-283.53231652573663
42,643,58120,-133.46997084388312
42,644,58233,-67.61658380145174
42,645,58313,-332.1005962513737
42,646,58404,-243.64553529519446
42,647,58463,-116.10002929615595
42,648,58562,-144.85623909608546
42,649,58650,-388.30917099841326
42,650,58716,-112.39771618209517
42,651,58816,-159.8851707771512
42,652,58903,-94.86010555352769
42,653,58972,-109.42665222329373
42,654,59074,-137.8126519470259
42,655,59142,-348.6983355658343
42,656,59221,-523.6717062990285
42,657,59307,-456.0915467527377
42,658,59389,-129.7046601329056
42,659,59460,-162.09739587835867
42,660,59581,-199.5071660864616
42,661,59646,-130.73339673399283
42,662,59710,-75.22322755826356
42,663,59787,-86.12920081572452
42,664,59902,-296.43509685042494
42,665,60013,-161.02503609590224
42,666,60114,-111.35458350190541
42,667,60177,-111.27802003743288
42,668,60262,-121.64263401893359
42,669,60353,-120.88821941550059
42,670,60445,-157.76105402078184
42,671,60509,-102.95086884369243
42,672,60605,-120.06265618019157
42,673,60687,-237.97418389269092
42,674,60765,-327.86710761893545
42,675,60860,-508.6628662757043
42,676,60983,-126.04656846777623
42,677,61052,-80.92411019267666
42,678,61146,-365.4215445422985
42,679,61229,-84.51416387052434
42,680,61308,-207.64855773886708
42,681,61372,-165.23770915845864
42,682,61440,-100.0948423392608
42,683,61522,36.82642644410487
42,684,61591,-199.63592214562658
42,685,61710,-314.40522558077714
42,686,61779,-104.16919727908956
42,687,61906,-140.9294777707202
42,688,61971,-210.8586551921522
42,689,62085,-164.8960508406477
42,690,62156,-176.26219595042255
42,691,62220,-95.62837517905916
42,692,62316,-103.7290375498982
42,693,62399,-100.0057080361053
42,694,62509,-230.73105339623802
42,695,62605,-402.1818866373486
42,696,62687,-102.80821527161898
42,697,62784,-224.7813833736936
42,698,62904,-162.08755629029218
42,699,62969,-102.48948355352476
42,700,63073,-186.45595874100303
42,701,63177,-253.7700389956248
42,702,63292,-257.65340417357527
42,703,63371,-270.6954943706139
42,704,63466,-362.7883040609504
42,705,63538,-112.46946696653004
42,706,63597,-90.53234485723434
42,707,63662,-116.25297709891888
42,708,63720,-215.21121647030657
42,709,63812,-212.24210479280185
42,710,63885,-94.09227165182986
42,711,63947,-87.78005560147868
42,712,64012,-102.14777901593673
42,713,64118,-144.91512614225294
42,714,64225,-168.31174441043717
42,715,64311,-367.7179856353052
42,716,64398,-130.1827007521357
42,717,64464,-161.62609864277886
42,718,64545,-135.06293381172563
42,719,64617,-124.45734476386332
42,720,64719,-135.96087506731038
42,721,64807,-123.48962699893649
42,722,64873,-89.32166774873052
42,723,64945,-95.64735731986373
42,724,65027,-68.04320712191077
42,725,65109,-126.07600068339815
42,726,65193,-69.80686865554108
42,727,65271,-59.04250652814658
42,728,65419,-88.15843435450832
42,729,65520,-334.7576529779739
42,730,65598,-163.52489755364132
42,731,65694,-329.1778488496451
42,732,65805,-155.00910077551185
42,733,65891,-366.8598184526995
42,734,65976,-209.18433326068657
42,735,66054,-140.19152456732618
42,736,66159,-434.52472383949606
42,737,66250,-525.2210494020665
42,738,66341,-309.64232060175823
42,739,66467,-200.34505190275485
42,740,66588,-85.37069673011268
42,741,66706,-79.18925700197747
42,742,66823,-616.8458829683464
42,743,66969,-18.774884238936153
42,744,67073,-582.0808368072974
42,745,67152,-151.14462017469697
42,746,67230,-154.99752735818274
42,747,67339,-70.65369196639655
42,748,67431,-148.49814694403358
42,749,67496,-95.55462229868215
42,750,67565,-116.11759085704631
42,751,67688,-250.9182849977602
42,752,67763,-83.68688365363754
42,753,67878,-271.31508990670545
42,754,67940,-142.345967356834
42,755,68017,-194.42269301463728
42,756,68076,-178.37250836267907
42,757,68198,-130.17060013438123
42,758,68302,-186.3563717323246
42,759,68412,-257.749127597325
42,760,68481,-284.08235806993605
42,761,68551,-152.94733391945357
42,762,68645,-331.87199482991366
42,763,68730,-85.84611579074675
42,764,68845,-124.4388182469767
42,765,68914,-181.43381320338946
42,766,68990,-103.695486860428
42,767,69067,-152.46271299706757
42,768,69171,-161.8422005728331
42,769,69290,-160.41136613065558
42,770,69376,-106.57112301352592
42,771,69501,-97.83472117583281
42,772,69614,-344.52891979312494
42,773,69678,-128.55308947504534
42,774,69798,-21.32589516903242
42,775,69900,-162.77679468914897
42,776,69976,-86.87995949100453
42,777,70045,-127.46001069187227
42,778,70145,-371.6997391893998
42,779,70212,-60.82007357646535
42,780,70295,-244.86457867972035
42,781,70396,-358.6132402144092
42,782,70486,-285.15143320646536
42,783,70569,-437.0028477075534
42,784,70672,-100.34116585075151
42,785,70746,-191.40951895092581
42,786,70817,-82.98025777919105
42,787,70894,-271.69425374537866
42,788,70974,-271.32880870318974
42,789,71054,-305.2667372093182
42,790,71125,-73.80844392426155
42,791,71249,-145.06064766336277
42,792,71369,-587.926231513481
42,793,71454,-370.4561155370041
42,794,71547,-128.61991222158784
42,795,71674,-77.49468521982902
42,796,71765,-91.91932940216884
42,797,71879,-42.9787966602489
42,798,71997,-298.7457130448794
42,799,72073,-309.94803611554755
42,800,72176,-225.3126023996562
42,801,72244,-74.46086248446937
42,802,72363,-93.53178549860364
42,803,72443,-104.48142889147604
42,804,72542,-85.15008111917224
42,805,72647,-259.4288518161531
42,806,72738,-408.48550398397634
42,807,72856,-97.61895049209063
42,808,72937,-193.98318534418405
42,809,73059,-114.55191243992049
42,810,73152,-137.35287505528805
42,811,73277,-150.54738462616405
42,812,73357,-243.23795320298308
42,813,73433,-118.2159684682544
42,814,73539,-241.51414903206071
42,815,73601,-100.4244843462308
42,816,73728,-119.19445072560158
42,817,73810,-117.07613579263196
42,818,73877,-114.16490446131368
42,819,73966,-156.89667554636372
42,820,74055,-104.16291790565538
42,821,74131,-195.28261353451578
42,822,74190,-203.29173604814628
42,823,74294,-15.444777794722242
42,824,74356,-94.47840153116411
42,825,74442,-46.823555283131824
42,826,74552,-132.28795500325737
42,827,74630,-348.7400652534242
42,828,74703,-95.009105365279
42,829,74775,-113.41057712469718
42,830,74858,-103.4860168096525
42,831,74934,-399.39011914403085
42,832,75037,-368.70799268868547
42,833,75102,-100.14959367757353
42,834,75220,-303.0112465070326
42,835,75338,-110.14204618162418
42,836,75404,-87.02144264724227
42,837,75475,-124.47416093946467
42,838,75553,-81.6067109438809
42,839,75615,-50.44293156549416
42,840,75737,-487.7192869754462
42,841,75851,-404.38042238889875
42,842,75929,-100.62338870685599
42,843,76043,-99.99403458044094
42,844,76164,-138.05876355423817
42,845,76284,-215.71795190940253
42,846,76370,-108.99450833696311
42,847,76465,-406.93727239230043
42,848,76573,-177.98195669238422
42,849,76651,-246.90993633289582
42,850,76723,-101.68445699385492
42,851,76842,-105.00843596686623
42,852,76941,-139.47175706991268
42,853,77037,-111.62690349858458
42,854,77119,-427.110559328799
42,855,77199,-100.41618960468799
42,856,77282,-125.19338126506786
42,857,77367,-267.0633265968672
42,858,77469,-18.405539230592495
42,859,77564,-299.64373242668694
42,860,77660,-83.70723370476264
42,861,77728,-66.03097522318626
42,862,77819,-419.2439120746502
42,863,77899,-281.0133947008108
42,864,77990,-378.6490048785553
42,865,78101,-492.2815429176065
42,866,78167,-102.55591468384738
42,867,78240,-88.65107926708195
42,868,78306,-124.922163483047
42,869,78397,-278.68326561990295
42,870,78497,1.8866992666185922
42,871,78595,-151.35569131739229
42,872,78711,-117.91499727617497
42,873,78782,-89.78389028094723
42,874,78841,-94.02630764193933
42,875,78935,-73.26932319718674
42,876,79012,-74.3341697119935
42,877,79076,-227.3085910037248
42,878,79158,-157.40343429249597
42,879,79242,-37.77242921897745
42,880,79333,-229.6386988687953
42,881,79437,-132.88879981584626
42,882,79504,-106.42378803805354
42,883,79611,-99.14707648490831
42,884,79684,-85.95296563419696
42,885,79764,-195.43706494616907
42,886,79826,-124.1567925228277
42,887,79908,-137.87979103756288
42,888,80033,-306.98830665805497
42,889,80097,-101.26045442242484
42,890,80166,-94.8236960336001
42,891,80242,-373.1855121508351
42,892,80302,-77.78329377604716
42,893,80364,-82.72451799685587
42,894,80458,-283.5888694522163
42,895,80536,-47.76747149640698
42,896,80641,-103.56530323675082
42,897,80718,-125.49840463579753
42,898,80821,-199.36010041230736
42,899,80889,-109.84374166047587
42,900,80975,-200.04858657817573
42,901,81102,-101.02945066460579
42,902,81167,-122.61161002064458
42,903,81279,10.70975689671674
42,904,81358,-89.71565457166767
42,905,81443,-149.29159395041097
42,906,81505,-94.98434248710281
42,907,81592,-161.13202070920113
42,908,81706,-327.45324888118284
42,909,81821,-40.23069562955017
42,910,81906,-150.15576051937518
42,911,81973,-137.66398426692612
42,912,82040,-94.07007455681811
42,913,82118,-144.67158516204046
42,914,82232,-270.38868198768836
42,915,82335,-133.48075683995003
42,916,82447,-271.1064912025231
42,917,82551,-124.92979115037424
42,918,82633,-361.3140355478087
42,919,82697,-73.39836664945165
42,920,82810,-347.626466939831
42,921,82897,-160.7813443192603
42,922,82982,-164.06668914992485
42,923,83080,-168.87106094419147
42,924,83151,-111.10452278503129
42,925,83217,-119.57907674845471
42,926,83293,-67.2324092539387
42,927,83382,-466.4926451520929
42,928,83499,-101.8307930864895
42,929,83618,-140.7881889000047
42,930,83727,-159.06802555571028
42,931,83816,-286.77371921155964
42,932,83887,-80.90673759139656
42,933,84015,-145.01360615920152
42,934,84086,-117.01765311185227
42,935,84183,-124.13175947586355
42,936,84247,-87.45934475637492
42,937,84338,-123.71337987525526
42,938,84435,-409.4337100874335
42,939,84511,-98.36580476686687
42,940,84584,-137.2797800786972
42,941,84670,-418.6228897755293
42,942,84808,-133.82440963371994
42,943,84877,-110.28195604752466
42,944,84945,-349.6182106974811
42,945,85041,-110.76419464384995
42,946,85133,-260.49396264279164
42,947,85238,-105.71710852516912
42,948,85338,-368.78049040885384
42,949,85500,-477.34353245059026
42,950,85584,-318.61887312178953
42,951,85644,-108.64165226265837
42,952,85740,-94.57166455168023
42,953,85814,-126.56231961389227
42,954,85943,-258.9626388985698
42,955,86011,-129.22459892653467
42,956,86120,-363.0465318451312
42,957,86219,-134.19945647036133
42,958,86332,-341.4310446100974
42,959,86440,-436.24921544769677
42,960,86513,-177.90905758558827
42,961,86649,-204.41618166501436
42,962,86762,-432.66819542366596
42,963,86857,-179.13246452910164
42,964,86954,-135.07943646755683
42,965,87048,-254.99262490281905
42,966,87151,-281.0571049544623
42,967,87269,-371.94380485347466
42,968,87353,-284.75301560254377
42,969,87447,-319.71468831603613
42,970,87557,-168.16215459023533
42,971,87682,-30.146911306065775
42,972,87780,-141.10973901658542
42,973,87870,-296.0703642334446
42,974,87982,-242.34723175285012
42,975,88067,-111.06519646505421
42,976,88164,-161.27520301476432
42,977,88263,-273.59297190535636
42,978,88331,-93.1760871030716
42,979,88426,-329.2343619418876
42,980,88544,-122.1892668040809
42,981,88640,-351.4107669958621
42,982,88725,-211.22346081473364
42,983,88806,-150.66062111519847
42,984,88925,-51.090838805285635
42,985,88987,-133.61340023708024
42,986,89100,-81.21138492624732
42,987,89202,-334.6887766858605
42,988,89298,-241.3348128990368
42,989,89363,-68.73492043705956
42,990,89479,-221.62881604551805
42,991,89565,-356.2821568775099
42,992,89640,-217.94257289839078
42,993,89754,-316.00070394243755
42,994,89839,-89.49450026019143
42,995,89940,-308.9694797356255
42,996,90060,-249.46949805246624
42,997,90161,-373.14847718404263
42,998,90263,-135.87374061267826
42,999,90341,-23.67783408763701
42,1000,90456,-258.11963826503415
42,1001,90520,-112.02390960197584
42,1002,90593,-102.39481915131348
42,1003,90705,-44.60161885005981
42,1004,90802,-255.61358098371718
42,1005,90870,-116.91202680917448
42,1006,90934,-83.99332053879682
42,1007,91046,-264.0436982347378
42,1008,91118,-85.13173133519186
42,1009,91214,-267.18474112833997
42,1010,91329,-152.04134238373786
42,1011,91435,-270.9925069867153
42,1012,91541,-312.9426356960181
42,1013,91630,-181.57076804805212
42,1014,91745,-147.37486769802027
42,1015,91818,-87.12230178366131
42,1016,91951,-231.44760447197186
42,1017,92023,-123.88752317218362
42,1018,92153,-362.85348836102656
42,1019,92237,-114.13581748147607
42,1020,92371,-115.70987348257664
42,1021,92454,-83.05669147459568
42,1022,92555,-300.89141017868724
42,1023,92657,-299.58206622948217
42,1024,92747,-260.76438648308266
42,1025,92856,-291.55132223630017
42,1026,92929,-88.6182389728246
42,1027,93022,-232.82467670028714
42,1028,93121,-130.904971730558
42,1029,93244,-167.28059050699756
42,1030,93321,-358.3300130919322
42,1031,93418,-368.277526752173
42,1032,93493,-360.19401466368487
42,1033,93597,-88.5798936448311
42,1034,93702,-88.45554860436233
42,1035,93807,-361.6613735480616
42,1036,93889,-103.10901642252173
42,1037,93952,-101.66397003781981
42,1038,94021,-107.74552160231147
42,1039,94084,-250.61882267876732
42,1040,94159,-83.78021521575093
42,1041,94244,-94.59279157260643
42,1042,94331,-71.89636747916413
42,1043,94393,-99.97261555940082
42,1044,94490,-131.14061548122112
42,1045,94572,-119.47391844900567
42,1046,94684,-97.14293562768202
42,1047,94783,-96.6692149295771
42,1048,94880,-150.05337398968908
42,1049,94977,-117.40752256559401
42,1050,95065,-91.28830113728065
42,1051,95145,-89.1385857093229
42,1052,95233,-89.2323883627262
42,1053,95332,-253.4236068691837
42,1054,95467,-123.58039968021569
42,1055,95555,-253.0131702538542
42,1056,95629,-56.660203801031805
42,1057,95704,-97.03989542316025
42,1058,95821,-419.47115005513774
42,1059,95882,-172.90239538839666
42,1060,95947,-115.89407333488106
42,1061,96045,-113.06293349837964
42,1062,96167,-417.48474113062144
42,1063,96280,-112.7537810442985
42,1064,96347,-92.04168361125258
42,1065,96417,-211.43425359130816
42,1066,96501,-144.4593142422092
42,1067,96576,-105.27918887461647
42,1068,96651,-104.01836144476552
42,1069,96758,-116.24044931484553
42,1070,96827,-85.373760558789
42,1071,96886,-74.71778716619438
42,1072,96998,-286.2620213428319
42,1073,97081,-350.29711525678965
42,1074,97174,-346.2639843287319
42,1075,97245,-117.18795060376127
42,1076,97352,-382.67374273412986
42,1077,97415,-81.26726937846567
42,1078,97510,-245.56756380509393
42,1079,97579,-176.3409942728162
42,1080,97648,-172.18753259459743
42,1081,97722,-115.16772234437727
42,1082,97808,-100.42208931186032
42,1083,97878,-36.39157982423173
42,1084,97966,-289.80122981419265
42,1085,98071,-225.78192080645627
42,1086,98187,-211.70452025518676
42,1087,98282,-81.76223557386086
42,1088,98392,-127.61301821391693
42,1089,98469,-95.17370056179173
42,1090,98543,-113.59884747966547
42,1091,98620,-116.22285111557497
42,1092,98740,-176.02947283550466
42,1093,98820,-188.7952138189678
42,1094,98906,-139.17880182516058
42,1095,99003,-318.5440115777554
42,1096,99072,-58.73748903198425
42,1097,99144,-113.53827340016535
42,1098,99217,-78.21337640455843
42,1099,99340,-239.63096913469823
42,1100,99420,-175.90465627986669
42,1101,99518,-284.3735837479509
42,1102,99633,-189.9102780109899
42,1103,99710,-203.00668939936736
42,1104,99789,-118.41772706438661
42,1105,99875,-420.96287783281105
42,1106,99932,-192.383161075499
42,1107,99997,-74.20125481456684
42,1108,100125,-272.7230929480745
42,1109,100208,-250.92053738063868
42,1110,100298,-221.51007948825975
42,1111,100380,-359.05229846868264
42,1112,100479,-172.31035016042836
42,1113,100602,-301.76593458280263
42,1114,100680,-111.28774768013687
42,1115,100775,-141.52016281537507
42,1116,100843,-119.85147772697368
42,1117,100954,-124.19315510882296
42,1118,101029,-139.17029933334675
42,1119,101124,-120.95739892833916
42,1120,101243,-39.578805908218584
42,1121,101307,-102.33141446971723
42,1122,101414,-220.1555546643336
42,1123,101519,-128.5536852886607
42,1124,101598,-129.3844006162999
42,1125,101692,-564.2311963667131
42,1126,101769,-166.53985727078768
42,1127,101861,-121.22258959061391
42,1128,101936,-186.79089249849375
42,1129,102043,-99.04427411849406
42,1130,102163,-182.30723403104093
42,1131,102244,-81.82271507190055
42,1132,102379,44.09950895056477
42,1133,102486,-311.7972597046662
42,1134,102595,-112.44077840019096
42,1135,102689,-438.46206692332225
42,1136,102812,-368.05986795575797
42,1137,102889,-148.48781427695005
42,1138,103003,-367.7567028536556
42,1139,103089,-86.38585524950432
42,1140,103189,-201.40247719392798
42,1141,103260,-106.70783264520732
42,1142,103404,-102.79208532111325
42,1143,103480,-144.15920895340093
42,1144,103581,-447.5851249379717
42,1145,103689,-406.14644919850986
42,1146,103781,-318.41368312698023
42,1147,103866,-115.80844844911513
42,1148,103952,-63.71990438124531
42,1149,104039,-113.61903135701947
42,1150,104177,-49.10232602402978
42,1151,104240,-212.15546452425167
42,1152,104303,-78.5341067878953
42,1153,104373,-67.17179672289242
42,1154,104448,-63.656574673963476
42,1155,104547,-150.65151156144074
42,1156,104648,-212.49558715632776
42,1157,104744,-331.1262818137545
42,1158,104867,-383.50643683250604
42,1159,104974,-338.95858472999714
42,1160,105078,-257.20459040155805
42,1161,105160,-130.28099069409154
42,1162,105275,-215.1304059410345
42,1163,105344,-239.64073983987012
42,1164,105410,-71.5156036855806
42,1165,105518,-429.928429429174
42,1166,105643,-197.34121478710398
42,1167,105714,-309.8450967893997
42,1168,105840,-325.7237172871568
42,1169,105952,-115.60700340230443
42,1170,106073,-219.8432064452711
42,1171,106174,-392.7156888348092
42,1172,106249,-106.81545699537052
42,1173,106333,-106.20661609734157
42,1174,106476,-191.23425687205943
42,1175,106557,-76.21004462735226
42,1176,106620,-7.129984634261163
42,1177,106689,-102.60260214652914
42,1178,106757,-113.84980372896652
42,1179,106858,-343.5020982457409
42,1180,106925,-164.49626415170715
42,1181,107055,-302.93137156966645
42,1182,107145,-139.01164362689394
42,1183,107211,-213.60704826428204
42,1184,107285,-189.1694148993102
42,1185,107429,-114.5360069705973
42,1186,107508,-183.1753826670266
42,1187,107607,-462.21342670620555
42,1188,107726,-161.45545869684736
42,1189,107805,-89.91174101734511
42,1190,107903,-389.42359718062716
42,1191,107997,-197.0501306426151
42,1192,108077,-157.46842893437264
42,1193,108191,-197.50012930878964
42,1194,108271,-82.59682849731144
42,1195,108360,-92.71746078889122
42,1196,108438,-134.49194088795386
42,1197,108517,-89.96601396174059
42,1198,108595,-321.7064714695572
42,1199,108676,-207.45318803455487
42,1200,108756,-176.45403883164303
42,1201,108848,-356.59002718037505
42,1202,108920,-297.9132745134026
42,1203,109000,-328.63943487429225
42,1204,109088,-172.0558187963408
42,1205,109199,-272.08745664005653
42,1206,109304,-200.5370131985897
42,1207,109411,-427.4937117788365
42,1208,109495,-438.4444609502408
42,1209,109587,-120.27433653704529
42,1210,109679,-122.70440826042002
42,1211,109771,-110.76024289466233
42,1212,109864,-311.04642382379467
42,1213,109994,-292.7169098057542
42,1214,110116,-248.53746041771555
42,1215,110209,-93.90882592652716
42,1216,110315,-187.13935121404057
42,1217,110405,-305.49421900405787
42,1218,110492,-178.33869625869357
42,1219,110562,-160.01219859006582
42,1220,110638,-94.24137479537383
42,1221,110732,-147.95526361805628
42,1222,110801,-115.84891194187063
42,1223,110898,-279.8471745723582
42,1224,110976,-127.60428284075182
42,1225,111082,-376.3576409893732
42,1226,111150,-142.62931141659163
42,1227,111250,-130.1552114149573
42,1228,111326,-121.01044872692626
42,1229,111416,-335.6664455100395
42,1230,111512,-428.7999893613321
42,1231,111602,-263.5199277654434
42,1232,111714,-293.21858019363196
42,1233,111820,-318.6675787061847
42,1234,111923,-272.75161340014427
42,1235,112040,-157.6205907341301
42,1236,112106,-106.51528043692468
42,1237,112206,-141.92780100111372
42,1238,112266,-141.16471881880346
42,1239,112355,-165.68650340876076
42,1240,112469,-119.49869437575964
42,1241,112596,-176.7484790311468
42,1242,112729,-422.1501778803861
42,1243,112833,-275.3686822984076
42,1244,112953,-181.2978926371241
42,1245,113032,-224.77383197077734
42,1246,113104,-66.9376823288346
42,1247,113192,-121.88704599968324
42,1248,113272,-369.556436145304
42,1249,113377,-129.0572022666645
42,1250,113500,-268.90134503461434
42,1251,113613,-53.492308989769406
42,1252,113719,-113.24195644751407
42,1253,113823,-168.53553560175496
42,1254,113894,-69.49103096127159
42,1255,113974,-91.811153846723
42,1256,114058,-133.00088999981787
42,1257,114118,-65.2567352077619
42,1258,114187,-66.7814398463249
42,1259,114283,-94.37485202257524
42,1260,114370,-240.27148449960922
42,1261,114492,-176.73851241466366
42,1262,114601,-212.85912795230144
42,1263,114717,-316.13862223453697
42,1264,114803,-218.76596432920306
42,1265,114943,-398.184132771272
42,1266,115015,-227.75295684067342
42,1267,115107,-136.5851188161003
42,1268,115188,-166.1364227512624
42,1269,115280,-271.41394724174387
42,1270,115388,-248.85048297304104
42,1271,115478,-348.4749168946703
42,1272,115586,-126.19552070024307
42,1273,115675,-224.30175626821793
42,1274,115737,-88.77500529407936
42,1275,115809,-131.0750683608818
42,1276,115902,-112.44630251911381
42,1277,116010,-201.25549747324504
42,1278,116128,-42.35338434128323
42,1279,116244,-384.0444221066025
42,1280,116321,-115.72475782589868
42,1281,116385,-46.83290205830694
42,1282,116467,-86.1582557352025
42,1283,116574,-246.75527001394232
42,1284,116663,-328.40115755359795
42,1285,116782,-280.66614113582824
42,1286,116858,-86.69579241722279
42,1287,116985,-196.93838203766293
42,1288,117066,-109.34794329552648
42,1289,117159,-295.53501146497
42,1290,117228,-273.8295214685319
42,1291,117331,-305.372089983494
42,1292,117395,-63.514675072705856
42,1293,117467,-212.97399840605698
42,1294,117550,-146.57243796211438
42,1295,117640,-140.6192456648064
42,1296,117723,-98.77648362888971
42,1297,117821,-88.23958442586442
42,1298,117915,-147.6777682231725
42,1299,117983,-189.74432129181952
42,1300,118085,-139.06131432785114
42,1301,118166,-222.74269774310582
42,1302,118246,-104.56183066168006
42,1303,118352,-245.66709607618856
42,1304,118426,-230.34735285297967
42,1305,118519,-511.52716069547137
42,1306,118599,-144.59007197292644
42,1307,118663,-122.37596301415638
42,1308,118766,-118.337712831223
42,1309,118850,-293.0136167647221
42,1310,118918,-64.86882128209646
42,1311,119014,-324.29263294247687
42,1312,119117,-216.93231193961583
42,1313,119181,-174.7677468786588
42,1314,119244,-89.29709257161738
42,1315,119324,-336.10325469122415
42,1316,119405,-167.52487749601988
42,1317,119518,-137.64490325365523
42,1318,119589,-146.6525684240234
42,1319,119687,-334.410350760348
42,1320,119803,-89.72864751883115
42,1321,119871,-67.80603416288741
42,1322,119939,-115.74631868470512
42,1323,120043,-430.21506003023603
42,1324,120158,-204.43664908885856
42,1325,120238,-148.47984431634413
42,1326,120319,-97.01448376722192
42,1327,120399,-133.71175099205365
42,1328,120478,-125.43405035749026
42,1329,120568,-111.08637864441464
42,1330,120674,-388.5941192374587
42,1331,120793,-85.87333876657353
42,1332,120883,-463.5610733561883
42,1333,120959,-94.97341569391577
42,1334,121020,-95.31057802139694
42,1335,121169,-189.89248696219323
42,1336,121265,-441.8142372978975
42,1337,121393,-128.3973449043072
42,1338,121478,-248.4939494582341
42,1339,121579,-403.7636331703983
42,1340,121688,-166.07102156727422
42,1341,121754,-166.81853995034706
42,1342,121837,-130.2742708358007
42,1343,121935,-190.02645038569858
42,1344,122039,-348.44268507754896
42,1345,122100,-72.38881148424385
42,1346,122170,-100.55921172553003
42,1347,122236,-187.65193664492244
42,1348,122326,-247.89679144134337
42,1349,122410,-88.19883838459718
42,1350,122502,-153.09189186078703
42,1351,122591,-249.90154958942676
42,1352,122679,-97.44096208860672
42,1353,122738,-164.78628956012142
42,1354,122806,-36.519439227522746
42,1355,122900,-236.76141892340954
42,1356,122977,-124.83787262100711
42,1357,123043,-111.86735462125688
42,1358,123165,-335.25551464868636
42,1359,123302,-304.9125448791218
42,1360,123416,-253.82190252964108
42,1361,123520,-139.5719153444392
42,1362,123609,-196.7233036646507
42,1363,123715,-194.30708363444987
42,1364,123812,-125.16829991770022
42,1365,123904,-308.3262065122948
42,1366,124004,-281.83562200042354
42,1367,124070,-74.10978482251355
42,1368,124182,-120.99500685760874
42,1369,124291,-385.1057394486608
42,1370,124395,-150.73659043278636
42,1371,124483,-183.16940943769612
42,1372,124580,-166.0679926365554
42,1373,124654,-462.25454149067815
42,1374,124721,-94.2295867107293
42,1375,124787,-86.99120961410112
42,1376,124856,-70.60895066260153
42,1377,124957,-334.76375653637956
42,1378,125059,-177.76280591298945
42,1379,125157,-282.8189913465581
42,1380,125292,-60.36437001027752
42,1381,125415,-182.92860989278205
42,1382,125478,-127.59009074737594
42,1383,125580,-322.254208660255
42,1384,125641,-226.33400783004106
42,1385,125708,-115.00273584708926
42,1386,125773,-136.042513677098
42,1387,125876,-304.33835422871914
42,1388,126015,-183.02549415649446
42,1389,126076,-87.17041784246581
42,1390,126171,-95.28375511810425
42,1391,126253,-85.75713392480147
42,1392,126346,-298.1499981961025
42,1393,126452,-242.09146370963603
42,1394,126575,-376.82819031700126
42,1395,126648,-307.5186027872247
42,1396,126714,-161.42784136194516
42,1397,126808,-174.5562497582865
42,1398,126879,-64.51655985874046
42,1399,126991,-235.09345148625098
42,1400,127092,-249.81355805469065
42,1401,127199,-115.5193268701921
42,1402,127293,-116.48693433959329
42,1403,127385,-159.31214747391857
42,1404,127469,-366.23640962354756
42,1405,127529,-152.58372857497363
42,1406,127599,-113.53569919037068
42,1407,127720,-201.0523437393977
42,1408,127787,-125.16212707152766
42,1409,127873,-129.0953802155492
42,1410,127950,-189.27922755878168
42,1411,128072,-165.75467781391816
42,1412,128187,-175.56939098728307
42,1413,128258,-98.91890148283417
42,1414,128333,-134.55927003674194
42,1415,128418,-100.75406692206646
42,1416,128538,-427.8565137445512
42,1417,128645,-112.16477648398532
42,1418,128764,-297.65406563077283
42,1419,128834,-110.96257550315367
42,1420,128937,-406.68280799204524
42,1421,129042,-257.1299133613982
42,1422,129161,-380.4312201368959
42,1423,129262,-117.85608742608747
42,1424,129364,-130.54243873580157
42,1425,129435,-103.0558061611618
42,1426,129544,-219.64868041628975
42,1427,129643,-377.8854989734768
42,1428,129765,-125.69002641270843
42,1429,129856,-256.33126521847635
42,1430,129960,-194.98286256238768
42,1431,130045,-138.74441068828378
42,1432,130120,-180.66446787858683
42,1433,130204,-125.88264786497852
42,1434,130286,-122.94676848744142
42,1435,130415,-379.92733254958574
42,1436,130475,-86.48072405111697
42,1437,130578,-432.9354090897699
42,1438,130664,-254.16310877326495
42,1439,130723,-101.01960925660933
42,1440,130790,-67.02930939068432
42,1441,130904,-299.2097630456933
42,1442,131002,-101.6530552886851
42,1443,131117,-164.84331420731547
42,1444,131247,-88.41543316495586
42,1445,131332,-137.0430556303072
42,1446,131455,-171.0779486602861
42,1447,131562,-248.35477177423675
42,1448,131638,-74.66362216312355
42,1449,131743,-404.1640288830256
42,1450,131829,-333.5638009068749
42,1451,131914,-206.18696610342045
42,1452,132007,-172.59708331543828
42,1453,132080,-125.56170348054445
42,1454,132181,-111.06632699746301
42,1455,132266,-180.9491103474238
42,1456,132376,-107.32746472343521
42,1457,132445,-131.90042726099523
42,1458,132552,-156.59435805428444
42,1459,132632,-111.71946742299949
42,1460,132730,-58.25209856181663
42,1461,132805,-47.41447610824337
42,1462,132872,-87.64220131923565
42,1463,132988,-98.30589065848493
42,1464,133076,-331.2315536877681
42,1465,133140,-133.22021490517056
42,1466,133214,-93.30545186790255
42,1467,133290,-122.5584048990642
42,1468,133402,-3.5701288395346467
42,1469,133466,-123.30818231644234
42,1470,133572,-275.6433774807696
42,1471,133686,-133.01111995279672
42,1472,133823,-367.34636692941064
42,1473,133892,-86.09948676967824
42,1474,133985,-369.89015944001716
42,1475,134096,-139.92874866499886
42,1476,134209,-373.0272781712128
42,1477,134303,-430.21293595898044
42,1478,134375,-81.53350685070119
42,1479,134467,-134.67792752478098
42,1480,134535,-137.90085413929262
42,1481,134637,-269.17718203473487
42,1482,134702,-115.78916090146814
42,1483,134768,-271.6393330969885
42,1484,134836,-253.84173263602685
42,1485,134908,-95.50373105940068
42,1486,135010,-267.75572407189514
42,1487,135084,-230.2503940515779
42,1488,135163,-57.9055558321691
42,1489,135261,-72.74526248105835
42,1490,135353,-87.4473545188248
42,1491,135456,-149.02302339243494
42,1492,135570,-110.00567548967194
42,1493,135682,-217.8214105669176
42,1494,135753,-119.41683221527867
42,1495,135853,-275.41988542294825
42,1496,135970,-99.13861528285022
42,1497,136084,-95.70606958660001
42,1498,136194,-324.576987717529
42,1499,136291,-312.5517381547595
42,1500,136359,-192.63230463851585
42,1501,136447,-94.00061979842661
42,1502,136541,-402.1377441955242
42,1503,136610,-220.44030236173322
42,1504,136683,-132.37355833850182
42,1505,136798,-281.0381809176942
42,1506,136865,-84.70132953498975
42,1507,136959,-413.1949320044631
42,1508,137065,-241.11372180513612
42,1509,137162,-496.0752284125143
42,1510,137260,-355.0484279540486
42,1511,137378,-158.30168735498376
42,1512,137468,-123.15902375609042
42,1513,137597,-186.35667379666975
42,1514,137680,-132.4123727399671
42,1515,137764,-153.82988872022662
42,1516,137851,-188.0194002818003
42,1517,137928,-128.2551003417665
42,1518,138057,-68.11178525589085
42,1519,138119,-125.01449296742094
42,1520,138185,-118.51542322945876
42,1521,138243,-92.67570204813109
42,1522,138349,-155.30488556171247
42,1523,138476,-259.73983332511125
42,1524,138560,-288.14555422128
42,1525,138659,-219.06780804852542
42,1526,138783,-134.00116869831248
42,1527,138881,-18.57999020829999
42,1528,138964,-115.59557468428149
42,1529,139037,-90.92347198087907
42,1530,139125,-354.7637777203918
42,1531,139197,-190.46021191293772
42,1532,139272,-5.8482599378907025
42,1533,139384,-243.6138749158382
42,1534,139495,-302.59818679895557
42,1535,139595,-127.58620208879083
42,1536,139698,-395.4571982845964
42,1537,139802,-315.78308207030057
42,1538,139904,-354.1249252440555
42,1539,139986,13.440798233708591
42,1540,140097,-29.334875449361903
42,1541,140178,-121.24875386264951
42,1542,140270,-125.22506715219062
42,1543,140353,-186.33548013432429
42,1544,140476,-112.553782472408
42,1545,140575,-377.08140155574694
42,1546,140711,-3.47351883663589
42,1547,140780,-120.84966829317976
42,1548,140852,-194.12593001520446
42,1549,140939,6.701971262390913
42,1550,141092,-55.66244560401314
42,1551,141184,-373.16038727175896
42,1552,141263,-444.96936460728415
42,1553,141336,-127.0202514851685
42,1554,141421,-305.32651662205535
42,1555,141536,-25.57551690930157
42,1556,141628,-348.8778508974233
42,1557,141711,-419.1517285153196
42,1558,141805,-433.0797590665342
42,1559,141979,17.51786149779467
42,1560,142047,-88.3070918084131
42,1561,142111,-56.144414314013034
42,1562,142185,-220.92837348570072
42,1563,142270,-105.6048929104748
42,1564,142396,-86.73966178655748
42,1565,142475,-93.95106858100812
42,1566,142547,-143.5671513518899
42,1567,142626,-74.2448217727023
42,1568,142761,-195.58292570647816
42,1569,142817,-103.72602137664025
42,1570,142875,-87.40884477275381
42,1571,142956,-111.27276205610501
42,1572,143025,-236.21919586583167
42,1573,143127,-250.24232039172824
42,1574,143184,-119.66232444513724
42,1575,143268,-216.116156351138
42,1576,143358,-341.59860775581797
42,1577,143450,-90.07764419307934
42,1578,143545,-33.32687189711005
42,1579,143651,-134.33508928160586
42,1580,143751,-314.64759709168726
42,1581,143868,-168.31296528179183
42,1582,143979,-91.90121220312724
42,1583,144097,-352.64907210578866
42,1584,144181,-101.54954653846416
42,1585,144303,-188.32749256694655
42,1586,144375,-100.94341506101573
42,1587,144465,-268.34439589075134
42,1588,144529,-107.26071033154025
42,1589,144604,-227.8589471695322
42,1590,144672,-101.56686385367311
42,1591,144742,-109.13092111960657
42,1592,144822,-87.36401613604428
42,1593,144926,-325.65381096938063
42,1594,145013,-132.08216041922685
42,1595,145093,-96.48009537349844
42,1596,145157,-218.21859086702545
42,1597,145241,-124.0942395799868
42,1598,145336,-369.33907025183026
42,1599,145412,-109.17660877524811
42,1600,145504,-311.6679160747313
42,1601,145582,-93.76675574324398
42,1602,145677,-313.7705472812721
42,1603,145779,-341.13012014453125
42,1604,145854,-197.1955327852907
42,1605,145927,-83.7681600614837
42,1606,145986,-91.8364835781166
42,1607,146086,-315.1265833366591
42,1608,146154,-65.05565143735937
42,1609,146242,-91.38769471901757
42,1610,146371,-379.05564654341435
42,1611,146512,-250.72009699843323
42,1612,146576,-40.11409856607267
42,1613,146684,-116.07345346503288
42,1614,146780,-139.38308825729428
42,1615,146869,-313.1602152528527
42,1616,146964,-255.6606916661363
42,1617,147057,-131.51566717741773
42,1618,147117,-70.32942171378588
42,1619,147193,-265.17855927797746
42,1620,147289,-244.860784887408
42,1621,147378,-121.55732192244085
42,1622,147464,-152.81254294481948
42,1623,147523,-96.47722248914057
42,1624,147591,-86.81472349230434
42,1625,147670,-241.16232158037255
42,1626,147742,-329.22282288502504
42,1627,147823,-99.17052292485616
42,1628,147946,-210.2628679316102
42,1629,148024,-110.87475002658621
42,1630,148103,-68.13842716634497
42,1631,148179,-98.85454019286169
42,1632,148286,-251.92184155649167
42,1633,148359,-120.3494615474763
42,1634,148477,-184.71459322688804
42,1635,148566,-222.3042730757685
42,1636,148641,-143.1561531060638
42,1637,148758,-86.92969986195706
42,1638,148852,-149.64771100819303
42,1639,148937,-212.5603336908003
42,1640,149031,-87.51254850866789
42,1641,149103,-166.3028773791135
42,1642,149177,-116.49708091774384
42,1643,149266,-122.66600312291658
42,1644,149385,-141.52322730541408
42,1645,149481,-223.86376505009912
42,1646,149555,-264.3640451402832
42,1647,149667,-169.17291534002106
42,1648,149735,-73.31064966742036
42,1649,149831,-298.0367849172708
42,1650,149928,-467.8615934294849
42,1651,150004,-158.45773996529985
42,1652,150092,-236.79845387448702
42,1653,150185,-449.8738044292833
42,1654,150270,-97.33264226453274
42,1655,150340,-33.576665977022415
42,1656,150456,-442.40736195083866
42,1657,150553,-135.3142133445648
42,1658,150690,-138.54354794523397
42,1659,150799,-170.85694865693245
42,1660,150869,-111.44993828735731
42,1661,150951,-150.53373015401564
42,1662,151051,18.848246837202907
42,1663,151128,-52.67971518086786
42,1664,151217,-131.79496194174988
42,1665,151300,-231.43038846199323
42,1666,151365,-98.97373270816406
42,1667,151423,-77.23816520108036
42,1668,151537,-99.63431964400597
42,1669,151617,-137.1122035474937
42,1670,151744,-264.908259965034
42,1671,151812,-56.489157790339846
42,1672,151874,-121.33204332758844
42,1673,151942,-70.66720766243276
42,1674,152007,-90.3999854821082
42,1675,152075,-110.50583108189149
42,1676,152189,-233.9898892501121
42,1677,152306,-147.8162948066137
42,1678,152371,-114.74775129798044
42,1679,152450,-172.25236940883778
42,1680,152556,-109.96832683717693
42,1681,152615,-84.29416625855515
42,1682,152713,-218.81356671710148
42,1683,152835,-146.98044664822538
42,1684,152917,-118.43604104299288
42,1685,153038,-365.86975726885373
42,1686,153139,-91.95737238885697
42,1687,153215,-107.80732109229032
42,1688,153326,-215.3795802038053
42,1689,153387,-69.28538072930641
42,1690,153487,-370.7317847051751
42,1691,153577,-350.42648279130583
42,1692,153680,-240.9116268503047
42,1693,153746,-95.76125336134105
42,1694,153840,-340.7743228826058
42,1695,153909,-140.53661145051538
42,1696,154021,-206.01469560325364
42,1697,154156,-189.0943822185555
42,1698,154230,-112.46366084703624
42,1699,154331,-129.64959455565756
42,1700,154416,-363.38947864485885
42,1701,154477,-103.58224903904033
42,1702,154543,-85.22960121895329
42,1703,154632,-489.82534288840367
42,1704,154738,-188.90300890125883
42,1705,154847,-92.33677576647226
42,1706,154954,-92.87903651918595
42,1707,155063,-20.287312769831956
42,1708,155157,-358.10048354718
42,1709,155233,-93.5918311698
42,1710,155344,-133.75731581526298
42,1711,155466,-165.51960111157047
42,1712,155539,-200.454806670423
42,1713,155645,-129.70580557609009
42,1714,155718,-111.73721346904841
42,1715,155796,-241.11215739103807
42,1716,155860,-120.52236872092209
42,1717,155955,13.253295817018568
42,1718,156088,-181.06819341611583
42,1719,156210,-321.5861442978676
42,1720,156304,-298.9097606399913
42,1721,156388,-96.4735282700284
42,1722,156473,-185.3973948350138
42,1723,156540,-87.58596546233093
42,1724,156689,-207.18043288463673
42,1725,156760,-76.62357443618521
42,1726,156834,-118.32127183086732
42,1727,156903,-171.8792658333351
42,1728,156965,-74.22597870088215
42,1729,157059,-145.57820628743787
42,1730,157167,-183.20659171882477
42,1731,157231,-203.54023250180353
42,1732,157369,-106.0725510868184
42,1733,157469,-270.0565104963664
42,1734,157560,-123.11999156414646
42,1735,157647,-95.31531390118266
42,1736,157734,-174.93556482395064
42,1737,157798,-82.55262684642241
42,1738,157884,-113.34126311287869
42,1739,158021,-37.72445808412614
42,1740,158142,-103.72459081866313
42,1741,158235,-122.11235767624257
42,1742,158324,-29.55408421088174
42,1743,158416,-128.40155889615914
42,1744,158551,-105.50945653338572
42,1745,158636,-96.02965307174257
42,1746,158715,-98.52825279901958
42,1747,158809,-196.22125571718036
42,1748,158875,-106.55570649341922
42,1749,158949,-336.8414797803259
42,1750,159039,-144.81858564871652
42,1751,159136,-376.5347707377901
42,1752,159234,-263.51595105107066
42,1753,159334,-279.97208744825195
42,1754,159426,-402.0187104029257
42,1755,159526,-424.4840762216674
42,1756,159624,-67.95048390580475
42,1757,159710,-123.00504787749996
42,1758,159817,-141.96302780289903
42,1759,159916,-90.81671058080319
42,1760,159989,-166.27574251462653
42,1761,160061,-190.18833520522594
42,1762,160136,-282.6797610389473
42,1763,160240,-420.0230944732721
42,1764,160347,-355.66602972121314
42,1765,160429,-104.390732356782
42,1766,160514,-139.7058258225032
42,1767,160603,-138.08410844487253
42,1768,160719,-72.59200490086832
42,1769,160796,-200.18918010547452
42,1770,160877,-358.57788918023084
42,1771,160979,-274.8770101621371
42,1772,161063,-155.37489225668156
42,1773,161153,-74.65324931107776
42,1774,161231,-253.0591707083339
42,1775,161364,-57.93883032701967
42,1776,161452,-398.0071500634823
42,1777,161552,-143.4457352727683
42,1778,161650,-238.6230184262223
42,1779,161728,-81.16698203815704
42,1780,161788,-61.59894363039096
42,1781,161880,-91.41126731009774
42,1782,161971,-360.8448122495613
42,1783,162070,-321.1379048048628
42,1784,162186,-42.933654164842395
42,1785,162262,-4.44536636481034
42,1786,162334,-115.16349117654589
42,1787,162400,-53.31574068302098
42,1788,162466,-79.36233266284418
42,1789,162543,-222.60229827877407
42,1790,162658,-101.3717755402692
42,1791,162770,-73.68347593319022
42,1792,162828,-97.60266706369012
42,1793,162941,-280.0263520345091
42,1794,163052,-102.93661346232336
42,1795,163142,-114.40836658131882
42,1796,163260,-378.38970664088487
42,1797,163361,-107.1075710327317
42,1798,163455,-152.49571933543956
42,1799,163529,-111.86809670955111
42,1800,163601,-171.8229587768716
42,1801,163737,-40.28508483981619
42,1802,163876,-117.90433624991122
42,1803,163957,-82.37668100277833
42,1804,164027,-89.4852895491552
42,1805,164098,-258.16760353914344
42,1806,164227,-314.14559895021193
42,1807,164306,-95.34936754774182
42,1808,164395,-93.58531388695677
42,1809,164509,-147.54157779674102
42,1810,164592,-133.93774072711898
42,1811,164652,-69.07407023447861
42,1812,164751,-127.12353205237369
42,1813,164852,-364.92583819368224
42,1814,164960,-350.6684348252468
42,1815,165064,-203.20548621611795
42,1816,165174,-169.58857012002522
42,1817,165277,-504.8440819607021
42,1818,165360,-122.24321057382039
42,1819,165431,-352.10422915518814
42,1820,165506,-81.84117003424115
42,1821,165610,-395.2303158041853
42,1822,165678,-101.9891056852012
42,1823,165739,-222.95042790193435
42,1824,165833,-312.20950409816544
42,1825,165899,-72.97219351246704
42,1826,165993,-92.70659921281698
42,1827,166122,-273.68511673358756
42,1828,166223,-134.50775910114712
42,1829,166307,-112.4996651326887
42,1830,166415,-7.735090750068466
42,1831,166513,-471.19334534664455
42,1832,166578,-87.05913764753788
42,1833,166645,-75.54911590860729
42,1834,166749,-364.5205147662545
42,1835,166838,-114.65813832176424
42,1836,166911,-348.3534938134599
42,1837,166986,-200.11009205027693
42,1838,167081,-249.49121977498763
42,1839,167188,-355.22532799905787
42,1840,167264,-82.93543224349399
42,1841,167382,-384.6273342368033
42,1842,167460,-108.11980605973118
42,1843,167573,-387.16732857236275
42,1844,167687,-189.72619825992362
42,1845,167753,-129.75387640050047
42,1846,167815,-172.51895696253834
42,1847,167931,-139.10259159067488
42,1848,168041,-156.36671429111863
42,1849,168159,-498.2494295041824
42,1850,168276,-227.86834529700292
42,1851,168360,3.909397347417837
42,1852,168466,-187.51164022256606
42,1853,168527,-75.69803226895414
42,1854,168619,-245.95576074605108
42,1855,168697,-212.09408700896336
42,1856,168796,-325.8880142383541
42,1857,168875,-91.88143247231227
42,1858,168959,-399.4900847712604
42,1859,169043,-113.22698934165405
42,1860,169130,-121.62368634007899
42,1861,169227,-192.62444925606908
42,1862,169345,-200.09526456351844
42,1863,169466,-145.9289020793695
42,1864,169549,-115.4596031082664
42,1865,169642,-255.3421538371382
42,1866,169723,-155.80696081428982
42,1867,169832,-267.25862304580846
42,1868,169911,-226.68516109715745
42,1869,170010,-100.58589498480725
42,1870,170099,-262.46745495732057
42,1871,170203,-258.9458334975493
42,1872,170303,-178.47438950850864
42,1873,170374,-121.40217754930558
42,1874,170453,-141.6131327539381
42,1875,170581,-319.8424781290094
42,1876,170651,-302.2123378420748
42,1877,170748,-178.34685704978153
42,1878,170828,-106.83772217287009
42,1879,170886,-72.25794655367437
42,1880,170978,-125.75781833278046
42,1881,171084,-211.12822603682932
42,1882,171146,-68.35164851064893
42,1883,171222,-155.9406219337622
42,1884,171326,-345.4952711322011
42,1885,171429,-264.10665954885405
42,1886,171516,-121.70244759791625
42,1887,171580,-109.71450883702498
42,1888,171692,-279.7646398560699
42,1889,171774,-394.3525975778269
42,1890,171910,-269.0237531633716
42,1891,172042,-519.7927607381491
42,1892,172104,-191.86782137999052
42,1893,172212,-485.04279055572067
42,1894,172304,-127.68278042008552
42,1895,172409,-217.70124171505674
42,1896,172499,-380.0406969425511
42,1897,172608,-338.6979641719099
42,1898,172694,-113.57429507920742
42,1899,172766,-90.70907474583278
42,1900,172838,-115.3963999156095
42,1901,172895,-88.73158057818723
42,1902,173016,-378.8235853264186
42,1903,173105,-260.78332992012275
42,1904,173197,-395.35720323651935
42,1905,173265,-75.62453037696329
42,1906,173351,-345.2321293816543
42,1907,173425,-292.43532074862765
42,1908,173523,-327.39326475962935
42,1909,173610,-396.6984998438169
42,1910,173727,-170.37354640903976
42,1911,173804,-114.10781795552802
42,1912,173892,-116.89192670649838
42,1913,173961,-94.9524966677489
42,1914,174053,-317.11193490471703
42,1915,174139,-199.2578767355211
42,1916,174199,-107.58278713348741
42,1917,174261,-209.66842702062783
42,1918,174330,-170.3464887652691
42,1919,174428,-231.20800201176232
42,1920,174501,-104.17672052528745
42,1921,174592,-380.8744541356762
42,1922,174678,-155.2702439806297
42,1923,174782,-241.6348630189558
42,1924,174854,-115.28066480611062
42,1925,174916,-186.92888603007827
42,1926,175016,-265.1681538838857
42,1927,175122,-333.5643568440282
42,1928,175196,-141.1453319032508
42,1929,175345,-95.2281883978736
42,1930,175449,-307.7944336849804
42,1931,175519,-61.52820065330501
42,1932,175615,-160.58982409338333
42,1933,175700,-216.6862832132281
42,1934,175783,-93.29441644613239
42,1935,175852,-123.25303923427114
42,1936,175916,-107.89757051171573
42,1937,175988,-98.16423389539568
42,1938,176082,-257.29704725510965
42,1939,176151,-72.50836871206684
42,1940,176231,-84.17561324237363
42,1941,176313,-232.38588610276065
42,1942,176391,-146.07079776744226
42,1943,176452,-192.8131210468374
42,1944,176565,-103.72857640023554
42,1945,176662,-354.46256340378915
42,1946,176764,-329.6686956411319
42,1947,176866,-266.2250426320485
42,1948,176951,-180.61073292263018
42,1949,177054,-412.8765396398979
42,1950,177112,-178.2295300966885
42,1951,177204,-181.48196204232985
42,1952,177318,-199.93401933371882
42,1953,177431,-381.885009022859
42,1954,177532,-115.00238532452083
42,1955,177640,-136.53922685536745
42,1956,177723,-142.94695576470139
42,1957,177800,-160.26652280942002
42,1958,177872,-164.82217654257144
42,1959,177976,-87.94503365297197
42,1960,178075,-350.16884894578703
42,1961,178156,-97.42689855255406
42,1962,178221,-109.38638987581223
42,1963,178288,-79.99796518008174
42,1964,178402,-252.91279714317102
42,1965,178506,-361.6299826728665
42,1966,178600,-393.0359958592771
42,1967,178723,-145.45910516525697
42,1968,178843,-323.1771041972644
42,1969,178955,-406.11412466834327
42,1970,179035,-144.35725359225412
42,1971,179105,-82.11699745319616
42,1972,179192,-188.08618601844665
42,1973,179282,42.36562137230061
42,1974,179373,-202.06232467694258
42,1975,179447,-83.42650866583911
42,1976,179547,-372.3515454343913
42,1977,179666,-338.9515154669572
42,1978,179774,-96.57662505179948
42,1979,179887,-413.486650059179
42,1980,179958,-164.0116584381412
42,1981,180043,-53.4919910709852
42,1982,180164,-128.27407235929016
42,1983,180256,-309.8895646618811
42,1984,180320,-126.33586559124647
42,1985,180415,-91.89316761335533
42,1986,180476,-171.1651462643241
42,1987,180574,-348.7872212191635
42,1988,180635,-116.02040119729824
42,1989,180715,-163.91752489037162
42,1990,180833,-74.2654603078805
42,1991,180937,-151.0133573502708
42,1992,181016,-97.32514408514866
42,1993,181109,-75.00031404694833
42,1994,181218,-199.6220573377215
42,1995,181327,-332.33087742554926
42,1996,181415,-71.49830528826482
42,1997,181487,-106.5126369131143
42,1998,181604,-348.73543939201227
42,1999,181688,-123.78042660239328
42,2000,181787,-244.60036974267302
42,2001,181870,-249.38054509752672
42,2002,181948,-337.6109459752377
42,2003,182016,-67.76412098733256
42,2004,182099,-105.99008911832124
42,2005,182157,-98.50281621560724
42,2006,182221,-117.8619948928425
42,2007,182341,-90.60439643323693
42,2008,182428,-159.42447993317066
42,2009,182531,-471.2923976542135
42,2010,182645,-333.6126338929925
42,2011,182749,-95.55377520865825
42,2012,182874,-196.32446172558167
42,2013,182971,-316.53713900463674
42,2014,183041,-115.44463392829323
42,2015,183114,-79.73152444722942
42,2016,183191,-307.25914464724985
42,2017,183274,-325.33551986133045
42,2018,183393,-115.07738274092004
42,2019,183530,-151.3034080971153
42,2020,183644,-384.6307845406243
42,2021,183732,-270.429708485718
42,2022,183844,-134.2848140048821
42,2023,183949,-340.293632783886
42,2024,184033,-90.86194638775066
42,2025,184117,-87.32172203769044
42,2026,184210,-153.96126618061277
42,2027,184279,-108.01278045777771
42,2028,184375,-231.21883390888013
42,2029,184461,-334.94989923188336
42,2030,184530,-133.7005332467048
42,2031,184596,-122.41744436849072
42,2032,184690,-103.08275857365979
42,2033,184763,-173.58514738708797
42,2034,184844,-97.78684180982715
42,2035,184955,-131.46013617788083
42,2036,185032,-129.1369715201083
42,2037,185111,-138.28118573114972
42,2038,185188,-105.05231929893381
42,2039,185291,-96.62800351996543
42,2040,185401,-291.25560012342896
42,2041,185506,-345.2628216186083
42,2042,185592,-306.43275207153613
42,2043,185677,-366.6571377536066
42,2044,185793,-7.700645908359135
42,2045,185923,-123.72564467574327
42,2046,186047,-295.12824934262346
42,2047,186101,-146.01548661211316
42,2048,186176,-120.54956957699406
42,2049,186239,-82.35552207468459
42,2050,186354,-131.1436950642786
42,2051,186448,-132.0495633501434
42,2052,186527,-193.85563854725564
42,2053,186612,-282.72729770171196
42,2054,186716,-292.1384654535813
42,2055,186789,-72.65370029850664
42,2056,186880,-106.889581883831
42,2057,187009,-244.75050028839567
42,2058,187099,-55.3970479191984
42,2059,187169,-84.46933790358574
42,2060,187242,-131.19535368295504
42,2061,187334,-266.41871277068304
42,2062,187436,-86.46588570992785
42,2063,187531,43.4265080726413
42,2064,187602,-86.75547391826737
42,2065,187705,-125.02816830485126
42,2066,187814,-138.77382687745805
42,2067,187924,-201.0608226138487
42,2068,187986,-207.16617778238046
42,2069,188056,-172.2321576433102
42,2070,188134,-149.81902025494406
42,2071,188244,-344.78466741948546
42,2072,188322,-198.28624246635297
42,2073,188391,-66.4178014230409
42,2074,188473,-79.67962319034874
42,2075,188568,-96.90808319523059
42,2076,188659,-403.2439349004092
42,2077,188757,-346.34406448572065
42,2078,188847,-164.622115345007
42,2079,188982,-233.22972370390116
42,2080,189108,-274.9196725265774
42,2081,189181,-85.69090952634379
42,2082,189274,-178.08526704350774
42,2083,189338,-138.70605576991392
42,2084,189423,-99.77049286228906
42,2085,189529,-130.61519993381884
42,2086,189626,-101.03218837304678
42,2087,189731,-205.47787284084097
42,2088,189822,-189.4054383995469
42,2089,189914,-219.68314916708826
42,2090,190018,-368.6758032855149
42,2091,190177,-256.2215598452825
42,2092,190261,-127.04537904939957
42,2093,190336,-119.28062854933691
42,2094,190413,-83.99345174385414
42,2095,190514,-436.2383909740486
42,2096,190597,-96.6443936120568
42,2097,190661,-267.8521463531648
42,2098,190727,-153.57941059888773
42,2099,190852,-199.89991423909714
42,2100,190920,-77.48953784703005
42,2101,191059,4.863573355723673
42,2102,191151,-296.7950103129954
42,2103,191243,-96.02521954719178
42,2104,191349,-19.23685857319262
42,2105,191445,-144.93697892677093
42,2106,191522,-273.0350838208144
42,2107,191663,-426.96746013410484
42,2108,191739,-110.81418577302611
42,2109,191825,-117.91877756197891
42,2110,191947,-300.6904351713524
42,2111,192017,-116.46350371060383
42,2112,192104,-114.56637654816487
42,2113,192177,-83.32267631002614
42,2114,192287,-258.98925897631074
42,2115,192396,-342.07536568576086
42,2116,192454,-118.39338265468781
42,2117,192523,-84.82489936605873
42,2118,192605,-450.7309688346265
42,2119,192717,-429.85531252154766
42,2120,192816,-109.50971147082899
42,2121,192889,-225.81742642540144
42,2122,192976,-132.1448614142584
42,2123,193038,-201.13069975681375
42,2124,193174,-107.77799796439116
42,2125,193338,-140.2582490903224
42,2126,193400,-207.74805476699754
42,2127,193507,-312.8389502283983
42,2128,193581,-183.49606827485718
42,2129,193649,-196.5054942628532
42,2130,193757,-107.86957799300096
42,2131,193822,-89.46127395415141
42,2132,193914,9.406483233495067
42,2133,194022,-241.16917026048
42,2134,194127,-351.53399268809005
42,2135,194193,-77.57321443202213
42,2136,194304,-121.65156135174867
42,2137,194376,-86.04333991460433
42,2138,194456,-265.15956790402004
42,2139,194532,-124.49620591913431
42,2140,194647,-372.8093247653338
42,2141,194740,-102.61716402317866
42,2142,194815,-82.92801693107263
42,2143,194914,-332.6304104079211
42,2144,194989,-81.03980805022442
42,2145,195069,-189.87309113620387
42,2146,195174,-118.76612610497679
42,2147,195286,-106.3517044569776
42,2148,195383,-204.61798054502617
42,2149,195454,-152.5200836408241
42,2150,195529,-133.1524291993246
42,2151,195594,-125.98624727176869
42,2152,195715,-99.46668772093203
42,2153,195781,-259.03015219083056
42,2154,195920,-428.78471124210694
42,2155,196020,-243.92766158003636
42,2156,196129,-365.2202564524308
42,2157,196225,-385.26636826709307
42,2158,196316,-444.2316668256439
42,2159,196376,-100.41511403975602
42,2160,196446,-57.724283927310914
42,2161,196514,-83.9216072489973
42,2162,196655,-147.34118983144538
42,2163,196737,-352.61539668160435
42,2164,196803,-12.062581724948885
42,2165,196914,-337.7280147514626
42,2166,196978,-201.17887855919224
42,2167,197090,-271.4583776397962
42,2168,197156,-241.06752815874256
42,2169,197231,-192.04285119039184
42,2170,197315,-320.32360029781887
42,2171,197423,-217.55602717965374
42,2172,197514,-363.19695082647127
42,2173,197583,-93.18355751720104
42,2174,197650,-179.45624021904987
42,2175,197749,-392.69948455763557
42,2176,197826,-171.54233162012986
42,2177,197901,-132.76288953238608
42,2178,198000,-358.1848061953155
42,2179,198093,-75.94835575389142
42,2180,198185,-97.36362843594024
42,2181,198278,-212.17291707805015
42,2182,198361,-82.9216459087901
42,2183,198430,-124.20771558141726
42,2184,198523,-109.16584320082895
42,2185,198636,-162.14241625950672
42,2186,198758,-153.2544556111764
42,2187,198843,-353.505261282926
42,2188,198922,-115.66601756782785
42,2189,199008,-87.13489134871733
42,2190,199111,-475.48768524058164
42,2191,199202,-175.38121037436565
42,2192,199279,-218.1377801201181
42,2193,199379,-357.7940741711286
42,2194,199465,-125.99177371848631
42,2195,199594,-319.7552544840872
42,2196,199699,-256.45011349205924
42,2197,199793,-138.77626564480673
42,2198,199896,-453.990535450788
42,2199,200002,-22.57398304433734
42,2200,200112,-364.9269883246087
42,2201,200208,-369.5994607854913
42,2202,200282,-85.13750545045644
42,2203,200341,-79.98940327316174
42,2204,200447,-181.8641629903085
42,2205,200548,-198.6479790766492
42,2206,200611,-103.51291784686983
42,2207,200738,-272.90593532563673
42,2208,200857,-426.84470900945814
42,2209,200961,-402.4362850519756
42,2210,201049,-98.85386045082137
42,2211,201144,-94.65244656724221
42,2212,201250,-394.1266175567037
42,2213,201322,-72.88468659062676
42,2214,201466,-376.58289331059797
42,2215,201573,-297.38570417392935
42,2216,201682,-130.19121124864165
42,2217,201820,-62.549647394393105
42,2218,201893,-91.38444905138299
42,2219,201964,-121.58951814753387
42,2220,202069,-138.68653778368545
42,2221,202140,-128.33810707532714
42,2222,202237,-89.08496132985296
42,2223,202304,-123.48035353530368
42,2224,202369,-90.2204913565156
42,2225,202485,-104.22927587357425
42,2226,202579,-341.24687463939017
42,2227,202648,-108.92323951696702
42,2228,202743,-215.28736929823526
42,2229,202841,-67.29112889653747
42,2230,202916,-171.13191188970444
42,2231,203051,-48.32909612706395
42,2232,203140,-83.72070437299496
42,2233,203252,-359.8268530555024
42,2234,203332,-163.99136925601985
42,2235,203409,-110.13376213731088
42,2236,203515,-268.741116891005
42,2237,203616,-105.56901534121846
42,2238,203694,-259.19597589972494
42,2239,203773,-108.20245832539709
42,2240,203841,-118.23382856998819
42,2241,203957,-278.47609747288215
42,2242,204039,-417.25320203269274
42,2243,204144,-190.23577907406295
42,2244,204205,-76.52958789231029
42,2245,204279,-156.24068545555912
42,2246,204376,-112.25760409950054
42,2247,204457,-101.02103555815793
42,2248,204558,-380.0141990287245
42,2249,204653,-87.69162847700235
42,2250,204729,-98.32410375883197
42,2251,204796,-83.1124512939346
42,2252,204858,-3.1518584402078034
42,2253,204941,-292.83470872813166
42,2254,205079,-259.30347279837684
42,2255,205173,-223.95874308727525
42,2256,205243,-255.5722246503898
42,2257,205316,-163.7341012008152
42,2258,205426,-339.0693433654434
42,2259,205541,-127.9065624465832
42,2260,205634,-113.6079481035723
42,2261,205737,-202.85309138761
42,2262,205839,-138.63660274803007
42,2263,205953,-356.85905144360254
42,2264,206013,-55.30719328766574
42,2265,206074,-76.38057709364787
42,2266,206192,-80.37219514080488
42,2267,206259,-124.14248134505574
42,2268,206387,-208.73297606888087
42,2269,206483,-192.5635122749983
42,2270,206572,-385.5477200688319
42,2271,206689,-27.060382699533946
42,2272,206763,-111.15762466843618
42,2273,206824,-77.71711527601192
42,2274,206893,-214.45605386992438
42,2275,206996,-258.1080560217358
42,2276,207066,-193.35405358993881
42,2277,207136,-103.16452779301932
42,2278,207210,-74.73363304647005
42,2279,207278,-63.556387930705526
42,2280,207364,-107.65922755170355
42,2281,207488,-30.78883307239478
42,2282,207593,-242.81640824640834
42,2283,207676,-108.23312700090179
42,2284,207790,-426.458853123153
42,2285,207875,-101.03118843018538
42,2286,207978,-37.766276995467734
42,2287,208042,-184.03419583598577
42,2288,208133,-137.61575686115214
42,2289,208223,-271.2084156532185
42,2290,208284,-100.42905107074182
42,2291,208382,-402.6182855176111
42,2292,208497,-128.81762798531767
42,2293,208566,-87.39008430462002
42,2294,208670,-201.9878754439062
42,2295,208785,-134.06483743417314
42,2296,208853,-107.92630548274724
42,2297,208934,-238.98983804600385
42,2298,209042,-356.1444340995789
42,2299,209126,-445.96575728107825
42,2300,209200,-120.1739515426836
42,2301,209333,-425.8107644180343
42,2302,209447,-127.57934370564882
42,2303,209553,-104.64445994489776
42,2304,209630,-230.26556218461596
42,2305,209727,-291.002329875682
42,2306,209782,-259.0024987559032
42,2307,209892,-613.3883416694015
42,2308,210005,-268.23526026170794
42,2309,210103,-95.69908070657192
42,2310,210208,-116.37026153513558
42,2311,210329,-75.26214931094441
42,2312,210433,-407.1301288437151
42,2313,210507,-175.48213022557331
42,2314,210580,-103.05931918424548
42,2315,210656,-264.3364088072843
42,2316,210742,-244.15436915426622
42,2317,210828,-120.95745602384204
42,2318,210955,-120.27686050926923
42,2319,211103,-254.03943424205204
42,2320,211216,-109.16158500405814
42,2321,211302,-69.37801761424365
42,2322,211370,-267.3403377986284
42,2323,211462,-335.2765111273454
42,2324,211530,-132.7611713278812
42,2325,211650,-368.1661087913545
42,2326,211723,-72.53361658990352
42,2327,211826,-117.77956969904594
42,2328,211912,-233.3122756467518
42,2329,212010,-430.34645129461217
42,2330,212114,-76.78890221173982
42,2331,212206,-259.0505058049474
42,2332,212289,29.515464742196542
42,2333,212428,-153.1644004360215
42,2334,212499,-63.66090531003898
42,2335,212615,-241.70714164703872
42,2336,212736,-104.01143548500137
42,2337,212862,-96.06610104878244
42,2338,212944,-10.610288852753172
42,2339,213079,-255.69569665444575
42,2340,213195,-138.96899896691644
42,2341,213264,-92.69340126498238
42,2342,213386,-26.534923389441232
42,2343,213493,-270.9447927947186
42,2344,213596,-271.6144983724205
42,2345,213678,-192.34472313048406
42,2346,213746,-74.94665348406994
42,2347,213818,-106.03678176555428
42,2348,213903,-180.92794602384788
42,2349,214007,-359.69358669590594
42,2350,214102,-113.55422420701439
42,2351,214173,-111.33459518047565
42,2352,214242,-103.61397775708049
42,2353,214356,-154.46933731111076
42,2354,214456,-328.5435185132799
42,2355,214541,-131.17514077527778
42,2356,214628,-232.70725972824715
42,2357,214718,-125.48084637958975
42,2358,214822,-292.8556541279681
42,2359,214879,-80.64159977583913
42,2360,214946,-72.27356763437267
42,2361,215006,-152.32566076361604
42,2362,215130,-64.81971335659298
42,2363,215231,-264.37628982549984
42,2364,215325,-247.53912291849133
42,2365,215434,-292.1265929599085
42,2366,215509,-74.89930795807449
42,2367,215600,-101.45467103542146
42,2368,215696,-153.92704473287006
42,2369,215797,-135.04802244011785
42,2370,215885,-342.9563369744694
42,2371,215957,-187.7611479423166
42,2372,216072,-443.78427281582594
42,2373,216155,-113.49425882792036
42,2374,216275,-101.1858174316573
42,2375,216348,-109.11994762385879
42,2376,216434,-191.77496547229347
42,2377,216546,-401.4284781560092
42,2378,216641,-132.30678849995775
42,2379,216739,-119.6614412738859
42,2380,216813,-84.92511038062017
42,2381,216908,-371.5763659469054
42,2382,216999,-183.56016994768123
42,2383,217060,-183.98589041024798
42,2384,217148,-236.50620138666744
42,2385,217207,-138.31650633323017
42,2386,217278,-156.67628848829548
42,2387,217338,-69.77610530787085
42,2388,217436,-167.70329602357776
42,2389,217502,-121.51384977887312
42,2390,217621,-66.89987771647947
42,2391,217699,-132.42374196880178
42,2392,217799,-156.1574223579543
42,2393,217871,-107.28718513939457
42,2394,217938,-162.94636668134513
42,2395,218020,-47.168524299382014
42,2396,218098,-110.33667529700419
42,2397,218189,-205.90694954485468
42,2398,218248,-99.89697322882725
42,2399,218340,-481.18742990384
42,2400,218428,-226.07192081337422
42,2401,218505,-128.47916176585244
42,2402,218593,-203.9611290108502
42,2403,218692,-317.27001827892366
42,2404,218789,-206.2677655682506
42,2405,218882,-69.45629767941847
42,2406,218952,-204.19725239166593
42,2407,219012,-212.91082997976622
42,2408,219071,-132.89952755932015
42,2409,219162,-364.02585017462485
42,2410,219275,-300.3465319938328
42,2411,219372,-294.49577656964885
42,2412,219489,39.47702995922347
42,2413,219553,-170.9808364459247
42,2414,219630,-379.7412061153502
42,2415,219704,-78.23218288867358
42,2416,219815,-100.17682472143467
42,2417,219897,-106.80307242863367
42,2418,220002,-354.2122572110686
42,2419,220110,-107.62731959508838
42,2420,220218,-82.47838140345195
42,2421,220296,-35.567048474907054
42,2422,220357,-145.02564540289552
42,2423,220433,-130.7736642131988
42,2424,220522,-302.6505320157272
42,2425,220590,-110.42672924410851
42,2426,220667,-280.7513175616524
42,2427,220776,-128.25002253489865
42,2428,220882,-197.0924925164017
42,2429,221024,-175.22082306924176
42,2430,221132,-141.90847478817858
42,2431,221195,-129.9139446463851
42,2432,221317,-81.0805290427769
42,2433,221418,-385.03248691347943
42,2434,221526,-156.09362848888193
42,2435,221595,-119.97096601127261
42,2436,221709,-320.63760382512936
42,2437,221776,-138.57223771735613
42,2438,221856,-40.743959378732995
42,2439,221944,-92.46128344864874
42,2440,222027,-225.2149045685137
42,2441,222088,-98.1012567232951
42,2442,222158,-47.10635144721596
42,2443,222226,-72.09654001065638
42,2444,222325,-344.3640082479627
42,2445,222435,-170.01090416577236
42,2446,222495,-49.014305071576345
42,2447,222560,-114.42659925082752
42,2448,222672,-117.8909338995027
42,2449,222750,-140.72202810266248
42,2450,222832,-230.76813965097188
42,2451,222925,-168.7738901163487
42,2452,223027,-470.9465534128844
42,2453,223116,-328.61023081597324
42,2454,223206,-123.39784049841123
42,2455,223290,-147.4695837368776
42,2456,223386,-34.42117291977128
42,2457,223475,-261.4340108047695
42,2458,223562,-97.75611174169198
42,2459,223635,-85.89249379753302
42,2460,223716,-305.09412941267055
42,2461,223811,-123.78117857164183
42,2462,223914,-348.3626173403743
42,2463,223990,-146.78719290948527
42,2464,224082,-298.8465162285599
42,2465,224217,-223.92239458598175
42,2466,224301,-400.6336281656016
42,2467,224378,-297.33144569543117
42,2468,224483,-229.54359666856527
42,2469,224603,-414.5792020177318
42,2470,224677,-127.36417739861992
42,2471,224747,-127.77177846949876
42,2472,224836,6.143572824279033
42,2473,224911,-118.74933559661491
42,2474,225038,-85.15238268553449
42,2475,225128,-116.21691642038704
42,2476,225213,-294.1487859765216
42,2477,225340,-173.1841876442555
42,2478,225415,-108.83340925538582
42,2479,225495,-167.40605882632485
42,2480,225593,-114.32441024172562
42,2481,225686,-233.4373739238447
42,2482,225748,-91.30833307948352
42,2483,225857,-177.94417618628603
42,2484,225963,-95.84022108469983
42,2485,226070,-422.858573454806
42,2486,226158,-126.63575688961171
42,2487,226280,-153.0176870946416
42,2488,226359,-177.9637171098443
42,2489,226441,-2.848095028928313
42,2490,226539,-471.430681336552
42,2491,226645,-144.6637673486821
42,2492,226720,-47.99676887910428
42,2493,226783,-62.74868755501621
42,2494,226887,-203.7585707718116
42,2495,226996,-527.8819570600643
42,2496,227130,-9.338731436693976
42,2497,227263,-148.5611489271746
42,2498,227328,-57.87339999483795
42,2499,227418,-275.2743549669931
42,2500,227523,-123.68976454993792
42,2501,227633,-333.6599766757756
42,2502,227734,-399.1081749748598
42,2503,227832,-114.34100405194849
42,2504,227925,-203.2110785308389
42,2505,228029,-358.4158556738818
42,2506,228113,-161.6210583534463
42,2507,228227,-139.85264352036333
42,2508,228289,-94.55811913181299
42,2509,228410,-231.75373503866106
42,2510,228471,-81.52019804260163
42,2511,228576,-280.525716633912
42,2512,228692,-518.8367271817253
42,2513,228784,-94.32014034965499
42,2514,228849,-74.4633260589633
42,2515,228934,-380.56258507523233
42,2516,229065,-110.38650527694129
42,2517,229133,-214.9424960897159
42,2518,229209,-149.0889213602192
42,2519,229292,-463.32591988447405
42,2520,229403,-262.5797642622622
42,2521,229513,-8.318622340191098
42,2522,229588,-92.89521455789354
42,2523,229707,-43.298825251982684
42,2524,229819,-355.1441163427836
42,2525,229890,-110.76645234173498
42,2526,230001,-306.7300583469457
42,2527,230069,-71.15345675287594
42,2528,230147,-183.188307128838
42,2529,230251,-325.4182975827451
42,2530,230338,-159.6772255642694
42,2531,230438,-457.4105176371397
42,2532,230550,-131.040853707459
42,2533,230621,-91.43707689738903
42,2534,230686,-107.93040959061084
42,2535,230770,-123.83789010281954
42,2536,230854,-368.4072588519633
42,2537,230957,-175.29060983525983
42,2538,231019,-85.62778876031113
42,2539,231105,-38.740518226744584
42,2540,231196,-396.47662878793636
42,2541,231281,-219.99408319042215
42,2542,231343,-115.6490430241838
42,2543,231432,-270.3346952786343
42,2544,231558,-123.34642710269854
42,2545,231627,-145.58391742034985
42,2546,231757,-263.3727704971932
42,2547,231819,-106.90470653421892
42,2548,231888,-135.8855958213964
42,2549,231958,-98.67543529146837
42,2550,232062,-114.52356684399557
42,2551,232129,-208.147717035996
42,2552,232247,-217.52191436217686
42,2553,232373,-384.7560802570587
42,2554,232456,-149.29326301135757
42,2555,232528,-263.90427213862233
42,2556,232616,-249.34659507119844
42,2557,232714,-168.13055211626659
42,2558,232800,-134.5873836585598
42,2559,232906,-324.24924227877534
42,2560,232979,-73.53941596400755
42,2561,233048,-90.3962767548073
42,2562,233123,-246.91860653116456
42,2563,233188,-39.653006867823336
42,2564,233280,-330.8991428193855
42,2565,233378,-20.864755288047164
42,2566,233459,-280.6409469681554
42,2567,233585,-1.602111938988628
42,2568,233727,-122.87020136400398
42,2569,233848,-152.07076808814102
42,2570,233915,-182.3537615749405
42,2571,234014,-100.19046013938112
42,2572,234093,-241.0291489913995
42,2573,234196,-306.0770391705265
42,2574,234277,-103.85723949383483
42,2575,234386,-446.68048144735894
42,2576,234483,-104.08246692959885
42,2577,234608,-197.0540506827839
42,2578,234716,-518.4704153805694
42,2579,234804,-477.3792072762018
42,2580,234878,-125.17637412464502
42,2581,235019,-214.780858673919
42,2582,235101,-208.6814466565518
42,2583,235200,-98.17663770756653
42,2584,235368,-263.33390885255005
42,2585,235426,-166.8005189668198
42,2586,235485,-221.77141480210048
42,2587,235560,-152.79163486257676
42,2588,235624,-142.65432021444286
42,2589,235694,-206.10676085966992
42,2590,235776,-83.79147889095714
42,2591,235857,-269.1631566616189
42,2592,235943,-310.4653281027522
42,2593,236057,-124.73394976954793
42,2594,236187,-150.69476994275618
42,2595,236285,-89.08521963547223
42,2596,236367,-102.85464618004683
42,2597,236433,-94.93876750961472
42,2598,236516,-99.92223195836125
42,2599,236611,-207.32020189463404
42,2600,236691,-125.55815284792277
42,2601,236784,-138.99499153621008
42,2602,236854,-92.3171805277977
42,2603,236928,-91.7312167364332
42,2604,237008,-205.59381876674246
42,2605,237130,-203.4381040329689
42,2606,237235,-113.35927465105516
42,2607,237300,-117.78133718892161
42,2608,237421,-123.43909822871561
42,2609,237521,-125.030674483761
42,2610,237631,-281.1455686658122
42,2611,237735,-291.2428702041335
42,2612,237830,-133.84501754870425
42,2613,237900,-138.94091541612522
42,2614,237995,-331.4429431105225
42,2615,238097,-84.06195400672453
42,2616,238174,-142.69546617092223
42,2617,238261,-225.86150951679966
42,2618,238338,-109.02688612054541
42,2619,238428,-115.81836359064346
42,2620,238530,-87.56395649621376
42,2621,238639,-141.40248274158012
42,2622,238719,-109.87043548071179
42,2623,238828,-138.2465246895715
42,2624,238925,-125.38096934844896
42,2625,239042,-194.0916509844988
42,2626,239112,-103.84410642907721
42,2627,239206,5.3405560521085675
42,2628,239283,-124.0683009703165
42,2629,239361,-150.8000286268123
42,2630,239448,-160.05802995834367
42,2631,239567,-124.64968592858523
42,2632,239686,-147.75840187276594
42,2633,239794,-342.7026394961324
42,2634,239873,-108.1630432483731
42,2635,239964,-129.7620032281171
42,2636,240043,-35.49953342235155
42,2637,240119,-184.0717481506898
42,2638,240200,-134.52841409461024
42,2639,240256,-107.69228457662473
42,2640,240358,-315.53666371147824
42,2641,240501,-155.12447534440338
42,2642,240577,-107.99407176218214
42,2643,240653,-86.04724228294545
42,2644,240736,-185.34274421179072
42,2645,240806,-127.58170806707241
42,2646,240869,-75.95005570373533
42,2647,240948,-70.35727463989039
42,2648,241076,-141.054603293428
42,2649,241177,-93.50784000339
42,2650,241279,-277.98858489437987
42,2651,241367,-123.29935673083767
42,2652,241435,-132.59184548314167
42,2653,241503,-74.98341406179343
42,2654,241574,-146.51411498152487
42,2655,241651,-348.41080351969094
42,2656,241744,-11.034119356142511
42,2657,241823,-126.49343837576762
42,2658,241894,-103.28808613924286
42,2659,241980,-386.0920455995665
42,2660,242098,-135.01003303725605
42,2661,242164,-116.9728932303631
42,2662,242264,-373.2695280444263
42,2663,242353,-103.27950708762668
42,2664,242465,-101.37540036299418
42,2665,242544,-116.80370324555196
42,2666,242642,-134.96645982376913
42,2667,242731,-294.1125575969288
42,2668,242839,-327.5608688270909
42,2669,242954,-142.4829723091868
42,2670,243022,-87.28010707465108
42,2671,243130,-280.7862112158308
42,2672,243246,-365.25204209524134
42,2673,243413,-95.2729924647442
42,2674,243494,-117.37207333430945
42,2675,243600,-480.3977474888229
42,2676,243677,-108.60865079973051
42,2677,243778,-434.5088016476925
42,2678,243895,-271.9893486789002
42,2679,244000,-182.99861299074894
42,2680,244072,-89.44135204179756
42,2681,244136,-160.20866774809366
42,2682,244228,-111.59737035087693
42,2683,244372,-288.6120438481187
42,2684,244462,50.76330032596721
42,2685,244550,-416.7922860175796
42,2686,244623,22.35258170475403
42,2687,244731,-165.5635659433906
42,2688,244815,-99.17079371992912
42,2689,244889,-94.35676180214233
42,2690,244978,-225.90143440590677
42,2691,245072,-226.60991254928615
42,2692,245157,-93.77012287562665
42,2693,245225,-244.35756217098069
42,2694,245311,-267.5985766513659
42,2695,245383,-87.95546409210004
42,2696,245513,-16.67737776093631
42,2697,245594,-106.06621034746459
42,2698,245720,-360.4043437579943
42,2699,245817,-86.86126767456271
42,2700,245934,-267.65461442302797
42,2701,246024,-94.17377378731598
42,2702,246136,-345.43570920811715
42,2703,246206,-190.20632107988078
42,2704,246305,-193.15825808158087
42,2705,246394,-135.56100780942887
42,2706,246508,-343.35454457071717
42,2707,246613,-369.5702729511215
42,2708,246705,-313.32295068860367
42,2709,246783,-106.87414600567791
42,2710,246868,-115.34367203302499
42,2711,246984,-366.94600816349816
42,2712,247076,-338.75097380137595
42,2713,247145,-177.12524293876814
42,2714,247244,-175.2254319785672
42,2715,247331,-379.68275429621764
42,2716,247418,-163.9695129848481
42,2717,247487,-17.533679265001666
42,2718,247553,-60.81728280566746
42,2719,247629,-303.30981085281724
42,2720,247721,-180.30015411690124
42,2721,247779,-59.93056455721437
42,2722,247902,-366.51164836763127
42,2723,247995,-313.12493806422026
42,2724,248083,-366.7556427143189
42,2725,248150,-23.896155741979058
42,2726,248242,-257.1097061103972
42,2727,248314,-148.87598407532144
42,2728,248395,-148.10063201384122
42,2729,248466,-172.65075746493022
42,2730,248551,-172.01374456681992
42,2731,248658,-343.2080062237292
42,2732,248756,-98.95030936780805
42,2733,248827,-226.20568509767875
42,2734,248941,-159.88519401903466
42,2735,249037,-119.18454426253966
42,2736,249111,-265.9705886513872
42,2737,249218,-433.4420226214582
42,2738,249284,-70.46442202377504
42,2739,249368,-396.68065415075756
42,2740,249456,-137.71626382749693
42,2741,249579,-206.2490239902619
42,2742,249641,-195.52125733505284
42,2743,249723,-80.29839027776282
42,2744,249815,-242.62747003094566
42,2745,249912,-114.78778251755747
42,2746,249988,-116.16457151645415
42,2747,250076,-249.71488304911145
42,2748,250179,-251.67357137787485
42,2749,250287,-150.7962625992158
42,2750,250385,-30.124373211726635
42,2751,250506,-227.27836770424216
42,2752,250591,-82.38113800424651
42,2753,250663,-154.9986967443415
42,2754,250756,-139.45864401973142
42,2755,250818,-104.6694319314864
42,2756,250891,-157.3977619930526
42,2757,250963,-71.7122015123955
42,2758,251086,-6.240552558555677
42,2759,251158,-112.26235557908275
42,2760,251282,-124.03237411694796
42,2761,251416,-181.4177231213276
42,2762,251504,-194.88758465727528
42,2763,251574,-84.4635657466828
42,2764,251684,-520.5101697952578
42,2765,251749,-69.69755944560936
42,2766,251810,-159.49439116883627
42,2767,251893,-167.66416371597805
42,2768,251963,-98.17269153413979
42,2769,252034,-139.3094750020993
42,2770,252151,-288.2685628605779
42,2771,252221,-181.9193300765483
42,2772,252301,-132.343430789407
42,2773,252423,-83.08239080285333
42,2774,252489,-84.65204965747607
42,2775,252587,-336.5472368372035
42,2776,252667,-103.58994831648525
42,2777,252788,-207.00131482576586
42,2778,252939,-363.97740474647907
42,2779,253033,-225.9627450910633
42,2780,253106,-87.81052811342958
42,2781,253223,-122.20784560839704
42,2782,253297,-169.35981297113915
42,2783,253397,-346.55198722068695
42,2784,253464,-226.79051297455013
42,2785,253589,-450.2371268916886
42,2786,253679,-343.8603986935185
42,2787,253783,-294.0011027916763
42,2788,253877,-388.22992060467465
42,2789,253956,-105.7271679651775
42,2790,254018,-68.84821956934078
42,2791,254108,-359.1019771672829
42,2792,254181,-100.28026533244635
42,2793,254264,-217.53696187014066
42,2794,254407,-346.34649881323674
42,2795,254512,-159.77999858520104
42,2796,254629,-127.87976579604646
42,2797,254725,-385.99740376156626
42,2798,254797,-88.36191270397836
42,2799,254886,-476.6861911629303
42,2800,254987,-298.69284570806684
42,2801,255069,-155.62409371943622
42,2802,255195,-45.558722800647516
42,2803,255266,-175.0812664718841
42,2804,255355,-287.2369250530354
42,2805,255453,-285.05138878113365
42,2806,255559,-50.839462737666736
42,2807,255700,-331.27797913836844
42,2808,255766,-63.28845560344076
42,2809,255860,-305.79337515048996
42,2810,255977,-330.19468120936455
42,2811,256060,-446.8698431120032
42,2812,256154,-395.77903382057065
42,2813,256245,-215.44691606134919
42,2814,256380,-228.28852269534568
42,2815,256454,-95.76668816000063
42,2816,256525,-160.88816391068443
42,2817,256604,-194.9021566062599
42,2818,256698,-183.28914643423505
42,2819,256798,-96.3121441948416
42,2820,256882,-111.35514632652695
42,2821,256956,-127.59499362880716
42,2822,257044,-165.60958060758043
42,2823,257114,-282.77641301399615
42,2824,257205,-6.267099470277998
42,2825,257363,-242.28515191392444
42,2826,257450,-251.00646085471513
42,2827,257542,-323.786776200766
42,2828,257634,-93.28614979102092
42,2829,257714,-369.8559462474484
42,2830,257775,-110.27817113722641
42,2831,257856,-136.79337864668798
42,2832,257939,-187.60001290299647
42,2833,258040,-130.61112590613743
42,2834,258130,-192.2179986315518
42,2835,258223,-119.88638866157615
42,2836,258311,-244.70344402926156
42,2837,258382,-314.33303662111825
42,2838,258440,-163.5396133757422
42,2839,258524,-187.02447193994465
42,2840,258626,-254.53666305823384
42,2841,258723,-310.47651984542705
42,2842,258813,-384.7076665631982
42,2843,258921,-268.4261116920899
42,2844,259080,-356.18016907930047
42,2845,259156,-137.7599869548522
42,2846,259223,-98.8638013151564
42,2847,259290,-27.462575581354443
42,2848,259368,-111.54041010918155
42,2849,259473,-520.4765409824662
42,2850,259547,-134.90514208472763
42,2851,259645,-493.80023196012627
42,2852,259740,-253.88860269352782
42,2853,259852,-66.40539063364596
42,2854,259945,-216.40265992073256
42,2855,260044,-593.367191093017
42,2856,260153,-460.3567058775004
42,2857,260222,-181.73389730782816
42,2858,260300,-112.467184990521
42,2859,260370,-120.54020980536849
42,2860,260441,-84.10917927673776
42,2861,260550,-349.721226518922
42,2862,260633,-423.1555387621709
42,2863,260761,-380.78159420558904
42,2864,260826,-77.73165238152953
42,2865,260939,-169.5784962252818
42,2866,261026,-92.26994127320646
42,2867,261140,-270.4010095352213
42,2868,261207,-296.8752805490532
42,2869,261350,-462.8151951396046
42,2870,261467,-348.9423056583223
42,2871,261541,-92.9498584561386
42,2872,261636,-124.9232163297664
42,2873,261718,-161.13861676097946
42,2874,261797,-84.58401777747125
42,2875,261885,-200.7379823549329
42,2876,262008,-86.98270100493086
42,2877,262092,-87.93219853538076
42,2878,262216,-194.06896742151918
42,2879,262325,-86.3859970255316
42,2880,262408,-103.17249457479787
42,2881,262505,-76.96362832450174
42,2882,262574,-179.36876601514635
42,2883,262663,-110.6015742693347
42,2884,262759,-135.37010461031122
42,2885,262865,-108.54699255130288
42,2886,262963,-344.9410856363635
42,2887,263051,-156.59973953910762
42,2888,263147,-409.86072053869924
42,2889,263262,-393.7733024179021
42,2890,263329,-126.5908141428435
42,2891,263406,-127.28394152982848
42,2892,263510,-315.05856279854936
42,2893,263589,-121.31717617866184
42,2894,263661,-98.36084505157025
42,2895,263721,-67.4500647774228
42,2896,263827,-178.87744337468416
42,2897,263922,-298.4691665509938
42,2898,264019,-235.13476583699074
42,2899,264085,-69.75853244983134
42,2900,264206,-223.7102101657294
42,2901,264295,-111.99787380848592
42,2902,264406,-134.14621232018885
42,2903,264509,-278.003018584498
42,2904,264596,-117.69911316923489
42,2905,264658,-124.97097494005592
42,2906,264776,-128.2773604785991
42,2907,264871,-211.87857553777576
42,2908,264972,-273.4898233033784
42,2909,265084,-418.3027315473782
42,2910,265190,-272.76362727146306
42,2911,265322,-29.661006131213185
42,2912,265438,-350.74680460956915
42,2913,265511,-92.67466247476614
42,2914,265610,-352.2530636785117
42,2915,265733,-391.226594312476
42,2916,265845,-407.4116501169551
42,2917,265948,-109.09671899950133
42,2918,266030,-161.6140677702818
42,2919,266130,-134.36591861320062
42,2920,266199,-93.5112306395799
42,2921,266301,-334.96974983125506
42,2922,266406,-405.7102932033919
42,2923,266487,-107.85260277923351
42,2924,266595,-277.283593417413
42,2925,266694,-186.4368254016096
42,2926,266788,-455.671085567732
42,2927,266844,-97.98954824959071
42,2928,266939,-235.24618124639224
42,2929,267013,-78.41270453848843
42,2930,267098,-163.63175670980496
42,2931,267186,-244.02782040589
42,2932,267301,-276.5582073560338
42,2933,267372,-169.6381434130251
42,2934,267452,-136.93261048183064
42,2935,267534,-253.5786100000312
42,2936,267615,-231.27331983128803
42,2937,267698,-100.29699773241136
42,2938,267779,-109.25200055981796
42,2939,267908,-361.2145869296778
42,2940,267986,-130.47530546385957
42,2941,268092,-110.75181586858857
42,2942,268188,-275.84012434370436
42,2943,268284,-204.6016073739284
42,2944,268404,-147.4202086200533
42,2945,268522,-150.9099447454863
42,2946,268637,-85.50156369836937
42,2947,268710,-74.65266852913153
42,2948,268854,-204.15714390455364
42,2949,268922,-68.1700999622012
42,2950,268992,-154.94353993332115
42,2951,269090,-139.00893036547438
42,2952,269151,-111.31560207047838
42,2953,269252,-327.3165940406849
42,2954,269363,-408.1526658703954
42,2955,269435,-309.4697103301893
42,2956,269495,-109.65904340682312
42,2957,269612,-279.34155236083086
42,2958,269706,-126.62185379737872
42,2959,269770,-76.81891203117706
42,2960,269869,-412.11284815898676
42,2961,269991,-109.52230541092058
42,2962,270094,-392.8746848687248
42,2963,270195,-143.92680110754418
42,2964,270268,-101.91330609781754
42,2965,270363,-147.5565381179466
42,2966,270445,-105.13415053868913
42,2967,270524,-108.17806338574715
42,2968,270640,-150.37453757884174
42,2969,270771,-129.94318624977197
42,2970,270839,-111.71333168358561
42,2971,270951,-124.689609278883
42,2972,271056,-64.28187440897004
42,2973,271115,-87.80219375506539
42,2974,271236,-307.83422714258325
42,2975,271332,-309.13871797967147
42,2976,271431,-279.5807098313408
42,2977,271521,-155.10045983366695
42,2978,271633,-472.9084685705306
42,2979,271713,-121.98303758254451
42,2980,271843,-167.88200839557942
42,2981,271925,-133.1287429341376
42,2982,272000,-146.03222908250936
42,2983,272073,-81.48559233445604
42,2984,272157,-242.92636032426014
42,2985,272273,-370.5955164735359
42,2986,272345,-122.21218295884124
42,2987,272447,-129.30988584218642
42,2988,272556,-80.4403014885265
42,2989,272653,-136.5635590144504
42,2990,272775,-148.43588172843067
42,2991,272874,-145.2534025294995
42,2992,272962,-208.0341535358207
42,2993,273041,-136.71516630164422
42,2994,273134,-239.9834127105437
42,2995,273249,-135.08397499529454
42,2996,273312,-148.01434933467232
42,2997,273410,-269.33623169097734
42,2998,273476,-73.25436596305467
42,2999,273581,-199.5464246728314
42,3000,273646,-93.0373323900102
42,3001,273726,-414.11891202636264
42,3002,273840,-227.07568120043422
42,3003,273926,-63.85038009264967
42,3004,274020,-389.19047820557796
42,3005,274079,-96.01504043895868
42,3006,274144,-69.14223696104435
42,3007,274220,-80.53804495728843
42,3008,274310,-353.2217902941077
42,3009,274383,-86.6838105912113
42,3010,274479,-379.48301798454935
42,3011,274545,-78.33007169221443
42,3012,274621,-240.54006514028555
42,3013,274690,-78.89723779099582
42,3014,274762,-100.74878902523662
42,3015,274834,-147.86833610264569
42,3016,274945,-185.95053169649856
42,3017,275048,-338.05047222035967
42,3018,275139,-194.5245270490747
42,3019,275210,-89.75404768491428
42,3020,275321,-308.10954281758825
42,3021,275446,-62.71300642489763
42,3022,275574,-121.24893063667892
42,3023,275656,-395.7261413854486
42,3024,275757,-235.5739165108461
42,3025,275832,-69.17269592454925
42,3026,275916,-103.5909667487418
42,3027,276007,-69.129065947614
42,3028,276106,-61.47565700844149
42,3029,276180,-78.85493997147088
42,3030,276242,-68.41186713259938
42,3031,276314,-97.53990686060128
42,3032,276415,-145.1473727572496
42,3033,276495,-106.08515246352599
42,3034,276574,-296.43388527972775
42,3035,276668,-306.1840037570031
42,3036,276783,-252.78050141507217
42,3037,276883,-121.71837241481335
42,3038,276972,-138.15034500189162
42,3039,277076,-339.4824572686249
42,3040,277167,-390.75560132556325
42,3041,277268,-110.10540460263405
42,3042,277351,-453.2220461132192
42,3043,277458,-154.40948160842305
42,3044,277521,-100.65744697800801
42,3045,277616,-17.542477403505075
42,3046,277688,-243.7804350804337
42,3047,277748,-149.14152161013934
42,3048,277839,-197.5942714418701
42,3049,277904,-151.81613286989366
42,3050,277985,-99.14129230727342
42,3051,278068,-118.02772202609103
42,3052,278180,-142.76088749593652
42,3053,278269,-83.84477731818136
42,3054,278356,-321.68828617931814
42,3055,278448,-96.15949454027262
42,3056,278553,-120.63185716884684
42,3057,278657,-368.53397771525044
42,3058,278736,-92.9697060118927
42,3059,278810,-147.7629317019505
42,3060,278905,-183.07784144946135
42,3061,278980,48.28910938247972
42,3062,279079,-477.24485008417093
42,3063,279145,-124.25984761701795
42,3064,279247,-273.3368975723407
42,3065,279337,-419.12296129712485
42,3066,279435,-114.00904895883049
42,3067,279538,-62.12535332365022
42,3068,279609,-164.44730338534671
42,3069,279694,-205.3421079898792
42,3070,279772,-105.73208886539442
42,3071,279856,-163.17450955374895
42,3072,279925,-90.72388263713717
42,3073,280925,78.74565939158211
42,3074,281010,-147.3148561371174
42,3075,281088,-175.18317078101467
42,3076,281156,-84.73990265098848
42,3077,281255,-43.975504859371526
42,3078,281318,-240.28531440024705
42,3079,281425,-275.5228861333002
42,3080,281548,-265.7201234273216
42,3081,281634,-110.05111294096642
42,3082,281746,-213.98580422759727
42,3083,281820,-97.36514763473689
42,3084,281942,-176.68675040360165
42,3085,282035,-24.87245250395813
42,3086,282120,-101.50819954805766
42,3087,282221,-145.7303930291449
42,3088,282321,-156.31167174250555
42,3089,282401,-109.88518733066412
42,3090,282486,-145.55691737809138
42,3091,282567,-104.05534820817925
42,3092,282652,-102.32822505598844
42,3093,282754,-316.7949973683635
42,3094,282839,-320.518615956217
42,3095,282926,-311.11067243187927
42,3096,282985,-209.84084174651147
42,3097,283090,-154.43807001759313
42,3098,283186,-183.8362112712321
42,3099,283257,-173.29998286085208
42,3100,283344,-98.99394255262874
42,3101,283432,-91.16272467295595
42,3102,283496,-118.53662538440682
42,3103,283580,-83.81082415559382
42,3104,283675,-144.68316053183102
42,3105,283763,-326.65122491519753
42,3106,283835,-88.14734690453041
42,3107,283906,-79.18946326664839
42,3108,284007,-119.47493436781703
42,3109,284069,-69.11578406055744
42,3110,284151,-308.895385513233
42,3111,284235,-95.59074372797512
42,3112,284319,-352.0291968831807
42,3113,284418,-394.2641679978754
42,3114,284545,-248.3510611222685
42,3115,284659,-136.39956710351078
42,3116,284723,-94.96140822494152
42,3117,284802,-82.52447350919847
42,3118,284871,-103.1159531989252
42,3119,284988,-232.11421208975614
42,3120,285116,-208.4585028114803
42,3121,285215,-166.88157021396194
42,3122,285318,-121.74976975622457
42,3123,285412,-109.34972823182603
42,3124,285547,-193.6702802023027
42,3125,285649,-51.354839731842006
42,3126,285715,-85.08894472234546
42,3127,285836,-404.9132303864231
42,3128,285902,-88.6575638532975
42,3129,285983,-111.35017666815911
42,3130,286097,-20.674341328817334
42,3131,286176,-209.32518444258386
42,3132,286247,-257.51559750459364
42,3133,286338,26.641382487264252
42,3134,286400,-119.44619459459477
42,3135,286481,17.128658662377404
42,3136,286565,-91.792073444732
42,3137,286665,-112.1275023363274
42,3138,286739,-183.92321674243613
42,3139,286827,-106.85395338186689
42,3140,286954,-100.9633895743365
42,3141,287056,-409.50466071145206
42,3142,287128,-89.92872440347514
42,3143,287206,-93.89276343933939
42,3144,287310,-195.20477195446878
42,3145,287388,-78.07658244163444
42,3146,287514,-138.2459817003721
42,3147,287618,-206.60040953494263
42,3148,287732,30.27685124658848
42,3149,287846,-260.2358127793802
42,3150,287944,-320.9005044154594
42,3151,288013,-82.93286908221911
42,3152,288085,-163.67099746070159
42,3153,288153,-94.39906836335574
42,3154,288229,-88.29185897507625
42,3155,288324,-243.2686692899188
42,3156,288434,-174.88149129742476
42,3157,288506,-103.25471827657108
42,3158,288599,-529.1279832218743
42,3159,288675,-141.0075281760259
42,3160,288809,-142.19137014054405
42,3161,288892,-229.80497858918497
42,3162,288993,-327.7439046670546
42,3163,289993,29.751543253804396
42,3164,290122,17.84320593353823
42,3165,290229,-366.4177107152517
42,3166,290299,-69.00165788608079
42,3167,290413,-114.62134161578494
42,3168,290480,-115.62740274093376
42,3169,290551,-60.46015671951449
42,3170,290638,-189.01463985674695
42,3171,290728,-304.95709246803085
42,3172,290822,-164.59655384205615
42,3173,290899,-133.69824804980766
42,3174,290987,-355.85151423260095
42,3175,291060,-158.44020122708793
42,3176,291128,-115.78118309589674
42,3177,291196,-320.4126401102458
42,3178,291273,-109.30525490093203
42,3179,291367,-200.62085736839484
42,3180,291468,-77.71434272568443
42,3181,291525,-125.1728202804171
42,3182,291607,-105.82540187602736
42,3183,291703,-335.32749787857085
42,3184,291763,-57.10135677358091
42,3185,291853,-198.48393769350497
42,3186,291955,-106.16490949844497
42,3187,292074,-162.90202792557835
42,3188,292159,-11.25939443271804
42,3189,292281,-98.92628406226149
42,3190,292402,-207.1261778262314
42,3191,292500,-261.7549971026584
42,3192,292562,-181.929119929342
42,3193,292638,-104.16261816013976
42,3194,292720,-215.91105100191686
42,3195,292822,-96.8771078319551
42,3196,292924,-302.2546326454113
42,3197,293049,-310.83442738958945
42,3198,293113,-142.38693161966273
42,3199,293233,-117.58580774618348
42,3200,293291,-129.69336174505128
42,3201,293380,-97.04375185424914
42,3202,293469,-83.90313026281541
42,3203,293587,-222.7317867590947
42,3204,293701,-600.0350660872463
42,3205,293813,-125.60766540098162
42,3206,293876,-287.5170796366766
42,3207,293956,-97.88023507947116
42,3208,294028,-58.88105506603435
42,3209,294100,-94.31401980714023
42,3210,294175,-358.34124348874303
42,3211,294267,-183.72553368267023
42,3212,294381,-186.0234660381154
42,3213,294449,-117.3055240230839
42,3214,294542,-155.97651718577634
42,3215,294670,-337.64765267487576
42,3216,294767,-221.49578562890093
42,3217,294827,-183.92349871646903
42,3218,294890,-109.37870789381095
42,3219,294966,-58.287311871085045
42,3220,295089,-208.20778958437893
42,3221,295181,-85.54375857020563
42,3222,295266,-97.61075400669444
42,3223,295363,-371.5012213420522
42,3224,295432,-144.24314813581418
42,3225,295515,-414.68477996733
42,3226,295585,-81.35376601249702
42,3227,295680,-396.52766898177236
42,3228,295737,-75.98287390670228
42,3229,295850,-240.29193778321738
42,3230,295948,-104.76282150311732
42,3231,296008,-73.76876879799698
42,3232,296111,-171.03153414120817
42,3233,296265,-196.97325679476046
42,3234,296392,-442.49197319308286
42,3235,296493,-317.66650082087745
42,3236,296606,-334.60866140003793
42,3237,296716,-243.2482711607821
42,3238,296792,-202.35592107876798
42,3239,296860,-104.75038054056424
42,3240,296937,-308.5362435157359
42,3241,297004,-108.16131568266528
42,3242,297078,-120.06412808049488
42,3243,297165,-179.80895756050558
42,3244,297249,-314.92442260114854
42,3245,297329,-85.18995672000808
42,3246,297402,-124.68316863509669
42,3247,297498,-215.9258882101674
42,3248,297565,-77.06427115628556
42,3249,297667,-149.5792494903655
42,3250,297781,-316.4952749326094
42,3251,297850,-191.56586793214584
42,3252,297963,-111.84807904561936
42,3253,298058,-123.00118892547508
42,3254,298210,-179.33255993439235
42,3255,298290,-74.47733860887647
42,3256,298366,-66.131706792397
42,3257,298442,-103.13273771878664
42,3258,298511,-75.01501728249197
42,3259,298634,-105.5341763001917
42,3260,298739,-149.62673845473168
42,3261,298807,-80.26613994129583
42,3262,298925,-114.87134149163113
42,3263,299010,-185.86783110542592
42,3264,299075,-80.82297936199777
42,3265,299188,-436.53013517414183
42,3266,299292,-489.8951520678499
42,3267,299419,-263.55917137221417
42,3268,299480,-212.16650127342018
42,3269,299588,-114.72630710720303
42,3270,299710,-105.8563336350797
42,3271,299819,-574.841093482799
42,3272,299918,-34.470953747180076
42,3273,300000,-100.91578195290319
42,3274,300088,-138.01491954670894
42,3275,300182,-203.53175924276098
42,3276,300273,-221.21446513077848
42,3277,300332,-117.1213889779172
42,3278,300417,-253.80743162059204
42,3279,300482,-141.54931479317486
42,3280,300569,-181.30379342139994
42,3281,300665,-174.5805629481548
42,3282,300774,-277.5940932726563
42,3283,300869,-398.0124796547517
42,3284,300964,-83.05231683126536
42,3285,301070,-105.19532159552855
42,3286,301209,-140.30649626951413
42,3287,301300,-118.64717626735197
42,3288,301440,-515.3531371631241
42,3289,301534,-132.1223692906063
42,3290,301598,-102.02332675653793
42,3291,301692,-353.73565803605914
42,3292,301777,-117.49225075259645
42,3293,301881,-251.57939430339962
42,3294,301952,-99.50007818901035
42,3295,302043,-108.04944262049875
42,3296,302165,-251.0151943204238
42,3297,302281,-99.1473582523638
42,3298,302365,-115.10975748662597
42,3299,302457,-285.4776831026886
42,3300,302588,-159.3022353997971
42,3301,302661,-80.23583122978201
42,3302,302764,-364.49989972608785
42,3303,302865,-343.5671718827808
42,3304,302939,-95.60267471640466
42,3305,302995,-64.64862785886208
42,3306,303078,-125.14338817228702
42,3307,303160,-154.8996129968504
42,3308,303298,-255.45924129975322
42,3309,303382,-124.0739286692411
42,3310,303485,-370.9018093107964
42,3311,303597,-168.46154522490104
42,3312,303690,-294.69213414813737
42,3313,303790,-166.8730186664336
42,3314,303875,-293.1886051498697
42,3315,304013,-170.62074934906025
42,3316,304103,-90.62957290901684
42,3317,304197,-332.0421273713181
42,3318,304321,-264.5008985129552
42,3319,304398,-164.47263472835408
42,3320,304465,-230.5011029278629
42,3321,304570,-213.11826122764177
42,3322,304659,-378.003322798561
42,3323,304724,-154.16540992171272
42,3324,304793,-75.99424339735765
42,3325,304942,-395.06557814540406
42,3326,305056,-384.8240462789006
42,3327,305171,-341.4595429806499
42,3328,305265,-136.5744069076964
42,3329,305384,-135.3053005454761
42,3330,305469,-96.20091478044935
42,3331,305538,-244.78740817917023
42,3332,305650,-201.13484839713772
42,3333,305720,-136.3544470617847
42,3334,305811,-118.25284697608859
42,3335,305942,-233.1326552181294
42,3336,306012,-203.7724667775344
42,3337,306076,-93.06160280905496
42,3338,306176,-102.3892358512538
42,3339,306261,-405.87888829243474
42,3340,306329,-233.92762971660474
42,3341,306390,-112.59727351630788
42,3342,306482,-112.54402873068642
42,3343,306561,-17.821368684108393
42,3344,306679,-368.0547993156714
42,3345,306760,-190.6412602330662
42,3346,306850,-111.0784741268365
42,3347,306967,-326.4275140741996
42,3348,307064,-158.50536129332824
42,3349,307182,-223.92262025837238
42,3350,307251,-71.26941798247125
42,3351,307356,-135.6720932569763
42,3352,307460,-121.24854159725965
42,3353,307613,-308.2859568456786
42,3354,307697,-230.98228331620194
42,3355,307767,-123.9557699721145
42,3356,307857,-373.38635407153987
42,3357,307922,-67.5206502460623
42,3358,308012,-261.70699888726466
42,3359,308164,-168.2998949134493
42,3360,308234,-180.97680794023336
42,3361,308354,-229.59785911424723
42,3362,308415,-209.0422808129008
42,3363,308483,-82.85583528411324
42,3364,308561,-112.98038843656983
42,3365,308650,-208.4784818452962
42,3366,308730,-78.8401643479945
42,3367,308810,-162.55105091129258
42,3368,308903,1.4221358367220063
42,3369,308972,-72.59495251555029
42,3370,309099,-382.61172680072593
42,3371,309209,-234.28530735443428
42,3372,309331,-264.2351782672929
42,3373,309409,-125.2096031462939
42,3374,309503,-120.90455660028084
42,3375,309587,-350.31646082451863
42,3376,309679,-193.64459468398854
42,3377,309750,-195.95406123244396
42,3378,309884,-167.0110069992848
42,3379,310001,-134.65914808887007
42,3380,310105,-203.58858562766335
42,3381,310204,-98.7694940156596
42,3382,310292,-167.78324612592422
42,3383,310414,-309.38469948401473
42,3384,310478,-99.09538623281988
42,3385,310557,-144.27742079861986
42,3386,310669,-130.24518003736515
42,3387,310779,-117.30128467987551
42,3388,310860,-142.46117160892072
42,3389,310960,-124.52436576333969
42,3390,311042,-386.7624100561223
42,3391,311134,-316.142203291618
42,3392,311269,-272.1859823892556
42,3393,311380,-257.0664800485289
42,3394,311490,-155.4603572805886
42,3395,311571,-146.05372741758987
42,3396,311641,-39.894383697204425
42,3397,311718,-167.9849160295258
42,3398,311802,-127.47521694221886
42,3399,311910,-209.88972554845418
42,3400,311978,-83.50692224876525
42,3401,312077,-350.8828729798712
42,3402,312142,-136.25446037445914
42,3403,312216,-105.70216181603769
42,3404,312307,-82.77933422284764
42,3405,312421,-461.55567674641594
42,3406,312516,-101.87438325442251
42,3407,312611,-213.4807059701181
42,3408,312756,-106.1365160927134
42,3409,312845,-440.83734048812937
42,3410,312917,-75.34277350302801
42,3411,313054,-161.31977774429396
42,3412,313126,-233.49152800198704
42,3413,313215,-225.44092908326894
42,3414,313310,-290.2631237857735
42,3415,313434,-399.1336720218396
42,3416,314434,43.226505324484116
42,3417,314528,-387.0950477990381
42,3418,314613,-236.55322244494803
42,3419,314685,-83.27039331612835
42,3420,314828,-230.1417978468339
42,3421,314904,-121.23018409695794
42,3422,314999,-114.58310205298787
42,3423,315096,-104.62310921668082
42,3424,315191,-321.20331982087225
42,3425,315280,-289.60335234561467
42,3426,315366,-108.61914482029175
42,3427,315444,-150.92412196337023
42,3428,315556,-238.7387893664498
42,3429,315618,-77.6098978001055
42,3430,315696,-83.58256395924838
42,3431,315795,-112.82874860727206
42,3432,315864,-150.26009081798796
42,3433,315948,-348.6086712716449
42,3434,316059,-456.24303185676195
42,3435,316144,-202.75907145970297
42,3436,316251,-56.30264801020495
42,3437,316314,-84.66890930823047
42,3438,316426,-223.09129087358775
42,3439,316514,-127.28002964634727
42,3440,316626,-67.29104149434087
42,3441,316699,-134.82881097481723
42,3442,316812,-164.11057488751743
42,3443,316911,-385.29698324403216
42,3444,317000,-210.69531103287306
42,3445,317113,-116.57231666894306
42,3446,317217,-99.82628078669883
42,3447,317286,-46.786579552037445
42,3448,317404,-116.46312517550793
42,3449,317471,-118.85979596600706
42,3450,317529,-161.45282764459913
42,3451,317669,-405.3215347520368
42,3452,317774,-120.45045631664682
42,3453,317847,-61.496789185462546
42,3454,317961,-432.68097452058
42,3455,318050,-120.34892241929778
42,3456,318152,-231.94292943850465
42,3457,318243,-125.65583677450093
42,3458,318356,-331.44425358928027
42,3459,318478,-87.04020884048572
42,3460,318532,-82.02088189961611
42,3461,318618,-141.31084130735655
42,3462,318688,-148.5462636838455
42,3463,318748,-72.65916631028205
42,3464,318823,-62.19017431959539
42,3465,318903,-131.22033510653884
42,3466,319017,-103.54556665097226
42,3467,319095,-112.51780377670559
42,3468,319210,-441.1202025830606
42,3469,319299,-113.31481588086231
42,3470,319379,-107.07101612181452
42,3471,319444,-139.44294744581435
42,3472,319514,-259.7205834113426
42,3473,319619,-335.6292666773417
42,3474,319702,-99.88292934857205
42,3475,319798,-209.20831496838946
42,3476,319914,-302.4607084708956
42,3477,320004,-241.58938933221367
42,3478,320139,-166.16507499363865
42,3479,320210,-212.75287267004205
42,3480,320345,-198.1340973482537
42,3481,320445,-118.76680592252178
42,3482,320505,-131.88574272121946
42,3483,320621,-260.27505223516414
42,3484,320728,-77.03026516603312
42,3485,320793,-117.9659103817319
42,3486,320893,-172.86548505265654
42,3487,320987,-147.4987775614117
42,3488,321060,-108.78986304002304
42,3489,321121,-150.2612625823873
42,3490,321210,-355.3414277986167
42,3491,321315,-104.43671287497801
42,3492,321424,-472.76865815802466
42,3493,321539,-114.54219059406888
42,3494,321666,-123.11168912445535
42,3495,321739,-103.24352666085895
42,3496,321809,-157.718885944746
42,3497,321897,-68.58919806564663
42,3498,322022,-139.30878434282874
42,3499,322087,-184.230612338215
42,3500,322176,-379.9280923310584
42,3501,322266,-133.27148260814715
42,3502,322388,-319.4275058179977
42,3503,322515,-348.72201064151113
42,3504,322625,-219.7491259078536
42,3505,322795,-359.18735135349715
42,3506,322854,-103.98764917271896
42,3507,322917,-95.50560421341196
42,3508,323031,-249.7049037743102
42,3509,323136,-94.66060642647797
42,3510,323242,-341.50235131025397
42,3511,323323,-107.05539864678636
42,3512,323447,-138.4165826324486
42,3513,323556,-444.3213102324689
42,3514,323673,-159.7313764182669
42,3515,323750,-353.9348666862294
42,3516,323823,-76.06561462410366
42,3517,323894,-213.32949840999203
42,3518,323988,-148.1980240017324
42,3519,324063,-129.95985131916657
42,3520,324160,-139.09223152629517
42,3521,324227,-141.28319162607423
42,3522,324295,-121.24573821329541
42,3523,324364,-60.45782595912326
42,3524,324485,-191.0430638995561
42,3525,324560,-100.53974552824667
42,3526,324645,-176.76161823031023
42,3527,324724,-241.78943314750023
42,3528,324813,-92.5675287848492
42,3529,324932,-500.64236047560706
42,3530,325047,-89.70641994933554
42,3531,325155,-86.7969951171052
42,3532,325223,-190.86717537235137
42,3533,325353,-345.2099335411785
42,3534,325412,-121.12518016357762
42,3535,325509,-411.4958442880718
42,3536,325592,-199.7431410898729
42,3537,325670,-187.94784941682764
42,3538,325794,-108.73027681678687
42,3539,325865,-229.45123325105678
42,3540,325979,-359.53400291438817
42,3541,326067,-254.50836228687126
42,3542,326137,-101.46356205642628
42,3543,326235,-151.1679590739579
42,3544,326316,-275.431792951684
42,3545,326465,-226.3534938382681
42,3546,326543,-266.1729832708821
42,3547,326618,-122.49548775328581
42,3548,326681,-119.33135631344228
42,3549,326800,-145.8328957993434
42,3550,326882,-162.53471926705527
42,3551,326968,-249.02739120910877
42,3552,327067,-424.75336274044395
42,3553,327132,-106.21973586459309
42,3554,327212,-61.6324115447662
42,3555,327288,-89.7018564228067
42,3556,327419,-152.56859072646736
42,3557,327513,-291.5014155148247
42,3558,327613,32.563850417879166
42,3559,327681,-160.9396321735672
42,3560,327756,-30.039954646960126
42,3561,327871,-131.02774913964294
42,3562,327973,-108.30352453880852
42,3563,328081,-490.4312344428962
42,3564,328198,-95.85913953650876
42,3565,328306,-399.98066421482264
42,3566,328388,-368.6366450470956
42,3567,328468,-93.82251714400975
42,3568,328539,-51.88024041433215
42,3569,328630,-141.45646332058158
42,3570,328701,-165.04505125769472
42,3571,328798,-426.3912240458459
42,3572,328889,-355.30533223568546
42,3573,329010,-328.228131808313
42,3574,329118,-147.04394049237771
42,3575,329175,-189.9137359538301
42,3576,329262,-114.71683199715338
42,3577,329359,-164.52394185054177
42,3578,329454,-86.66152977721092
42,3579,329546,-341.5091599736115
42,3580,329640,-438.6597136360824
42,3581,329734,-306.2849616251658
42,3582,329802,-112.2576183282125
42,3583,329886,-345.5412666476735
42,3584,329963,-88.7742873229635
42,3585,330021,-77.10272492325386
42,3586,330135,-83.58542608408675
42,3587,330238,-275.8740814824156
42,3588,330327,-408.34089108493447
42,3589,330425,-285.274456496813
42,3590,330522,-137.34408189720753
42,3591,330585,-61.70633382891688
42,3592,330674,-137.90948461888382
42,3593,330745,-149.60553009370565
42,3594,330863,-479.5998356445014
42,3595,330978,-307.89176489139714
42,3596,331062,-52.310425721447366
42,3597,331126,-220.23182110362183
42,3598,331243,-243.63280590164885
42,3599,331306,-84.4213294827442
42,3600,331414,-385.28669708542606
42,3601,331517,-189.25704042023077
42,3602,331615,-116.98678324274093
42,3603,331751,-103.75472637310945
42,3604,331821,-170.4897227824285
42,3605,331924,-321.83825298196587
42,3606,331996,-82.05655266010544
42,3607,332064,-76.84186970574177
42,3608,332127,-93.26619047405198
42,3609,332245,-194.54461304570378
42,3610,332344,-146.74715438149485
42,3611,332419,-132.45300277919475
42,3612,332514,-23.715246789896398
42,3613,332580,-112.69956988127853
42,3614,332665,-151.22579293524944
42,3615,332776,-130.00025146369433
42,3616,332873,-384.56982388157843
42,3617,332968,-258.38603727622404
42,3618,333068,-253.35746661518615
42,3619,333192,-110.6109747210478
42,3620,333284,-112.01597491518416
42,3621,333393,-147.48156288920026
42,3622,333486,-183.06148881395634
42,3623,333595,-108.5069126958679
42,3624,333692,-404.11708523980303
42,3625,333827,-197.5969768678741
42,3626,333930,-153.85680200773987
42,3627,334026,-96.20381920882075
42,3628,334104,-94.13660076289462
42,3629,334194,-248.89286233737448
42,3630,334268,-5.755563296612152
42,3631,334387,-95.8081882508557
42,3632,334473,-410.14153754741864
42,3633,334582,-134.02077644839062
42,3634,334712,-274.82332355458664
42,3635,334828,-252.015922350389
42,3636,334906,-256.0389693982813
42,3637,335012,-184.61398799276193
42,3638,335137,-393.08777614881234
42,3639,335236,-392.4337862565723
42,3640,335325,-424.7160807175036
42,3641,335416,-338.137399202819
42,3642,335486,-97.00690360384974
42,3643,335592,-256.3585564280006
42,3644,335689,-140.42250418294785
42,3645,335785,4.369930240985639
42,3646,335909,-61.2454244838874
42,3647,335975,-167.47322920116312
42,3648,336060,-131.5665628001662
42,3649,336126,-99.60640498065011
42,3650,336221,-427.391630335773
42,3651,336290,-216.97717001254358
42,3652,336389,-115.34847728787179
42,3653,336517,-130.9211723360805
42,3654,336593,-202.99113995310785
42,3655,336718,-387.1903746833642
42,3656,336843,-316.05965642929436
42,3657,336930,-430.66407322596837
42,3658,337000,-121.8454641947753
42,3659,337083,-274.58558128114225
42,3660,337180,-212.88067116281766
42,3661,337279,-365.4765743239253
42,3662,337410,-379.7857067491342
42,3663,337512,-287.6576461365381
42,3664,337580,-76.17651946762595
42,3665,337693,-215.00244567537456
42,3666,337794,-334.2554209527384
42,3667,337856,-103.28123957077027
42,3668,337962,-291.01991631544786
42,3669,338059,-140.44663337649337
42,3670,338151,-110.92180403423578
42,3671,338265,-355.8028564624342
42,3672,338350,-122.10393774090664
42,3673,338425,-84.98755798692126
42,3674,338493,-86.62002031965227
42,3675,338618,-108.1177054903333
42,3676,338724,-197.34527786556856
42,3677,338840,-323.91370766694996
42,3678,338898,-98.74203766432099
42,3679,339013,-482.6196356037025
42,3680,339071,-99.14461843725269
42,3681,339186,-80.08775669307114
42,3682,339254,-168.81697448673742
42,3683,339348,-300.71218693831224
42,3684,339482,-86.14758198150776
42,3685,339548,-117.53275414806288
42,3686,339657,-288.3602918158782
42,3687,339748,-278.3384768610623
42,3688,339829,-166.96742035233672
42,3689,339892,-99.29497932695251
42,3690,339950,-104.26789949730562
42,3691,340036,-140.58390449530594
42,3692,340114,-128.62536486331635
42,3693,340205,-331.805481618322
42,3694,340275,-192.4068918179746
42,3695,340354,-130.2908981624525
42,3696,340432,-116.87171949239479
42,3697,340539,-228.89016940714066
42,3698,340634,-123.21657532101156
42,3699,340698,-60.55149136539795
42,3700,340804,-93.00220327610108
42,3701,340925,-137.69107441504306
42,3702,341016,-266.90187257609887
42,3703,341097,-78.73529430818695
42,3704,341196,-198.85451838710176
42,3705,341285,-247.73879925993214
42,3706,341387,-138.00696733273818
42,3707,341479,-322.4123788534305
42,3708,341563,-216.407818234029
42,3709,341628,-199.1772047626026
42,3710,341703,-97.21816574470249
42,3711,341806,-135.900726353989
42,3712,341870,-149.32347814430932
42,3713,341979,-150.70741023260018
42,3714,342067,-207.2527963795552
42,3715,342150,16.25176666608344
42,3716,342272,-259.2226617795325
42,3717,342347,-103.36434525429956
42,3718,342408,-102.03195008389395
42,3719,342501,-55.7817312478622
42,3720,342575,-379.6564995894485
42,3721,342645,-50.09081481758992
42,3722,342730,-107.50359791153676
42,3723,342797,-131.23197487106174
42,3724,342883,-79.69886957263925
42,3725,342973,-145.77178962953914
42,3726,343084,-154.98691403652555
42,3727,343149,-51.94101623992323
42,3728,343220,-86.3143243875623
42,3729,343293,-96.01052174701348
42,3730,343367,-81.6637580090217
42,3731,343472,-313.179109361948
42,3732,343555,-93.51393676469266
42,3733,343644,-159.49526412322732
42,3734,343705,-125.88504551565036
42,3735,343779,-110.17630947967831
42,3736,343849,-92.13791168735203
42,3737,343934,-300.02424416125507
42,3738,343997,-184.37693646801716
42,3739,344103,37.13448768055139
42,3740,344202,-142.86696329464232
42,3741,344282,-206.97623238081448
42,3742,344359,-108.42281404999571
42,3743,344429,-20.43339139238512
42,3744,344489,-140.58613132099407
42,3745,344593,-226.22064135619337
42,3746,344667,-132.42644539123387
42,3747,344761,-75.3812393314665
42,3748,344827,-188.70773032866634
42,3749,344902,42.4913547346934
42,3750,344992,-262.1917175319246
42,3751,345051,-54.934362098315496
42,3752,345130,-222.23333622746904
42,3753,345248,-372.74442673941974
42,3754,345316,-79.21393566783664
42,3755,345384,-208.47514507500813
42,3756,345487,-85.27381613169345
42,3757,345592,-101.10883878325684
42,3758,345675,-223.45783289564918
42,3759,345743,-103.12092308107803
42,3760,345838,-312.0187572037586
42,3761,345942,-341.95229240933406
42,3762,346038,-382.04821704670366
42,3763,346124,-151.07809973013087
42,3764,346188,-134.4543409468713
42,3765,346252,-178.72953780675414
42,3766,346342,40.34953019319744
42,3767,346412,-241.06403325786818
42,3768,346499,-169.3115750839532
42,3769,346607,-228.11314946170788
42,3770,346691,-246.69820781951964
42,3771,346781,-95.18181023995471
42,3772,346847,-117.62711300211369
42,3773,346968,-174.84519055166112
42,3774,347061,-30.148091181032285
42,3775,347123,-131.59321734112663
42,3776,347242,-116.82678675152832
42,3777,347299,-181.76187150613657
42,3778,347363,-81.25988373722613
42,3779,347440,-100.82581342064296
42,3780,347508,-261.1252056843185
42,3781,347627,-228.2557255045537
42,3782,347733,-101.20956746197172
42,3783,347821,-81.98411817483108
42,3784,347900,-158.6062942892329
42,3785,347964,-193.31799617180388
42,3786,348040,4.880272402144229
42,3787,348176,-144.72105888836433
42,3788,348250,-94.16131738898311
42,3789,348339,-338.5536363934413
42,3790,348432,-99.59725066504203
42,3791,348543,-145.12032834760532
42,3792,348650,-444.92016190185615
42,3793,348731,-225.34468101987923
42,3794,348840,-98.74509930325156
42,3795,348944,-461.8871827830641
42,3796,349054,-98.67119326357569
42,3797,349141,-373.6276566626404
42,3798,349211,-92.99557214537042
42,3799,349292,-168.8334885909852
42,3800,349391,-127.1248426672212
42,3801,349456,-313.75649272904514
42,3802,349563,-96.83810521200017
42,3803,349672,-364.9577061356654
42,3804,349769,-99.61125372926782
42,3805,349854,-136.97354781943585
42,3806,349939,-248.1326376653576
42,3807,350042,-377.60511205370796
42,3808,350106,-205.6341336723275
42,3809,350231,-227.9497381404321
42,3810,350337,-191.70817164265065
42,3811,350449,-372.84225355992834
42,3812,350545,-100.56979842817225
42,3813,350624,-282.3625597528687
42,3814,350724,-194.89542245942022
42,3815,350830,-169.05421764650092
42,3816,350898,-67.69565547293698
42,3817,350984,-354.0002523923637
42,3818,351091,-110.01153387630013
42,3819,351177,-396.09943656792865
42,3820,351287,-167.41480351540423
42,3821,351396,-498.29060261072124
42,3822,351512,-365.01568424730175
42,3823,351617,-145.4746842395537
42,3824,351696,-174.3119098476306
42,3825,351788,-436.8299610225315
42,3826,351864,-160.891231588763
42,3827,351933,-133.61654581395274
42,3828,352040,-220.8078428776733
42,3829,352129,-294.1020209042905
42,3830,352236,-125.99185751015739
42,3831,352295,-119.66852508871212
42,3832,352390,-133.06631717480556
42,3833,352479,-112.84443850024329
42,3834,352543,-100.3541303155516
42,3835,352619,-158.47562509490393
42,3836,352687,-174.6310947696344
42,3837,352799,-384.3258832361847
42,3838,352898,-144.66728299572404
42,3839,352970,-117.50572341153469
42,3840,353083,-306.42255713719135
42,3841,353191,-159.54052821004547
42,3842,353315,-26.22073494842934
42,3843,353387,-264.5852997324723
42,3844,353470,-98.66754326886529
42,3845,353557,-113.88937606257134
42,3846,353672,-175.3872642294017
42,3847,353758,-155.72540646943816
42,3848,353871,-436.0183532883821
42,3849,353964,-457.94114521558544
42,3850,354046,-246.7059243561941
42,3851,354143,-110.19837800986465
42,3852,354226,-186.83749240850096
42,3853,354316,-181.2940275016571
42,3854,354421,-417.26087451691313
42,3855,354494,-124.34493822671786
42,3856,354561,-92.64478366638177
42,3857,354630,-131.39900140936396
42,3858,354698,-191.79372792193132
42,3859,354805,-304.67277463387495
42,3860,354877,-95.89292125412875
42,3861,354967,-118.9984940932294
42,3862,355061,-127.25888343174947
42,3863,355154,-105.1882909507053
42,3864,355217,-182.3626570118738
42,3865,355314,-342.1424027756002
42,3866,355380,-63.29700934113315
42,3867,355488,-130.2780966326256
42,3868,355557,-193.7896261415275
42,3869,355618,-136.00907982175366
42,3870,355714,-120.22215233797178
42,3871,355811,-445.8063933301874
42,3872,355894,-113.59387969623675
42,3873,356007,-140.2027944179011
42,3874,356073,-74.01470845186611
42,3875,356140,-73.19341861394538
42,3876,356229,-327.5427784055507
42,3877,356353,-98.08485593131194
42,3878,356452,-428.31631553543406
42,3879,356532,-173.93280350415665
42,3880,356598,-114.81756983264532
42,3881,356694,-113.56689090381956
42,3882,356811,-111.00066400610753
42,3883,356896,-111.54929385972221
42,3884,356970,-109.89376645854094
42,3885,357065,-147.8935491685137
42,3886,357178,-283.6298888050952
42,3887,357268,-106.71543994544334
42,3888,357334,-51.655815949171085
42,3889,357399,-110.47161711257033
42,3890,357477,-225.72887112364293
42,3891,357573,-414.8751064822624
42,3892,357652,-347.50897224339326
42,3893,357736,-246.73158343853967
42,3894,357842,-501.8930123468217
42,3895,357917,-173.8563448710533
42,3896,358011,-122.02392956757986
42,3897,358081,-68.92303609307038
42,3898,358205,-67.41742912316886
42,3899,358319,-342.9286183092592
42,3900,358421,-227.26717962761094
42,3901,358497,-111.69581235970965
42,3902,358575,-50.8050218301353
42,3903,358702,-188.40891853358252
42,3904,358802,-280.928139648099
42,3905,358884,-91.72480613959023
42,3906,358972,-104.193088639586
42,3907,359040,-176.52011092924081
42,3908,359130,-279.9506003865739
42,3909,359204,-156.08351421506765
42,3910,359271,-70.16074960024424
42,3911,359382,-131.15879920235562
42,3912,359529,-231.79149467653656
42,3913,359614,-93.6774586213672
42,3914,359689,-134.7223389496669
42,3915,359769,-96.88038191087458
42,3916,359832,-248.4048740780103
42,3917,359947,-143.81016719265529
42,3918,360047,-140.0406794341253
42,3919,360154,-82.79200962073175
42,3920,360249,-220.99212708431352
42,3921,360345,-117.85469376386419
42,3922,360451,-446.5530288069267
42,3923,360557,-448.4353321233471
42,3924,360661,-412.4897482874901
42,3925,360765,-212.68737132828394
42,3926,360839,-88.07617184921799
42,3927,360898,30.915043483359966
42,3928,361030,-93.83790756901368
42,3929,361144,-84.9191156075591
42,3930,361236,-196.32754742834697
42,3931,361344,-126.87977782613771
42,3932,361404,-83.40468767059363
42,3933,361479,-311.92586127427865
42,3934,361549,-67.43709513690294
42,3935,361631,-97.62904961927705
42,3936,361725,-112.13905258721365
42,3937,361808,-212.05951437221836
42,3938,361905,-218.37899865337968
42,3939,361997,-55.22018715357562
42,3940,362107,-280.94245757770636
42,3941,362199,-75.96274326961239
42,3942,362295,30.70421821742974
42,3943,362389,-231.64013520331557
42,3944,362450,-103.99407085121665
42,3945,362555,-339.1804061586482
42,3946,362679,-85.94757666698767
42,3947,362768,-338.07189056404377
42,3948,362864,-360.1172594290613
42,3949,362942,-318.4359438888299
42,3950,363016,-89.23700413893269
42,3951,363101,-67.98430449230273
42,3952,363183,-141.43771108100697
42,3953,363293,-123.11090082778027
42,3954,363373,-278.71063717161917
42,3955,363481,-189.55827617335694
42,3956,363582,-214.08567504336443
42,3957,363654,-75.01613945033445
42,3958,363740,-127.5056475078816
42,3959,363847,-243.12786364149508
42,3960,363912,-99.23582304478997
42,3961,363989,-130.8594676409664
42,3962,364054,-60.455679426096154
42,3963,364136,-327.4244048612602
42,3964,364209,-90.01116229440173
42,3965,364301,-142.4348902826666
42,3966,364382,-226.17903927679896
42,3967,364459,-107.90649107214452
42,3968,364530,-120.10860779149655
42,3969,364614,-61.20878582947947
42,3970,364714,-292.47314779853093
42,3971,364806,-171.23667961649124
42,3972,364895,-146.15359724534864
42,3973,364977,-136.389905255032
42,3974,365070,-133.06813180870705
42,3975,365187,-192.88925085235098
42,3976,365268,-224.4444863672555
42,3977,365350,-123.28328398582457
42,3978,365471,-92.28324430177983
42,3979,365549,-115.02061894261176
42,3980,365674,-169.98387850012182
42,3981,365750,-168.14386691475931
42,3982,365826,-187.1661783758278
42,3983,365921,-290.0980198155907
42,3984,365999,-122.55595025130691
42,3985,366088,-103.08649154108087
42,3986,366203,-398.12138612196287
42,3987,366275,-59.42440454102867
42,3988,366421,-169.01567371803134
42,3989,366484,-134.47556513438047
42,3990,366607,-143.34181856329863
42,3991,366682,-165.81786400101822
42,3992,366776,-109.3568338409872
42,3993,366852,-90.42882100706304
42,3994,366934,-102.77131046472951
42,3995,367010,-136.883587791553
42,3996,367081,-199.8691019417136
42,3997,367172,-348.3686056472506
42,3998,367296,-128.38246903628254
42,3999,367384,-136.9630935756949
42,4000,367476,-131.49786433045807
42,4001,367590,-262.4529620979832
42,4002,367682,-145.7828230160862
42,4003,367749,-145.01299208621288
42,4004,367851,-302.49034682970876
42,4005,367934,-125.88653557881054
42,4006,368052,-101.05580677203264
42,4007,368142,-153.12682078514797
42,4008,368218,-199.24695026218131
42,4009,368336,-318.02526598309214
42,4010,368429,-198.35456496889122
42,4011,368506,-115.1924571476826
42,4012,368604,-158.26630797554748
42,4013,368718,-148.11866565827933
42,4014,368783,-203.00976422678502
42,4015,368869,-118.72287892669021
42,4016,368951,-82.02836519482148
42,4017,369048,-203.84990720356515
42,4018,369163,-134.14224120386152
42,4019,369237,-178.41663244136572
42,4020,369302,-118.9161215667859
42,4021,369399,-292.4086147988779
42,4022,369513,-103.61713085515889
42,4023,369592,-124.0940313924939
42,4024,369689,-125.0268002900685
42,4025,369795,-135.6735544803064
42,4026,369855,-88.72954023600366
42,4027,369966,-156.43949192852315
42,4028,370059,-117.70803591796924
42,4029,370122,-132.6783841625264
42,4030,370202,-97.77986206900577
42,4031,370281,-126.02620871359257
42,4032,370358,-278.8838307593523
42,4033,370500,-272.727781175599
42,4034,370575,-125.50445229069271
42,4035,370654,-468.0220356849053
42,4036,370714,-112.39746771925789
42,4037,370840,-152.2316371855224
42,4038,370919,-145.57239306266194
42,4039,371053,-68.23752871979752
42,4040,371124,-93.44716921052022
42,4041,371233,9.970150171383395
42,4042,371367,-289.556346141085
42,4043,371461,-354.8470432087944
42,4044,371536,-127.33561402899414
42,4045,371609,-263.5349743553218
42,4046,371688,-113.47211816856834
42,4047,371808,-123.14549362540403
42,4048,371882,-134.00029470154402
42,4049,371976,-92.22423663814847
42,4050,372067,-336.47481455063223
42,4051,372158,-105.63289103154179
42,4052,372230,-98.35168958496149
42,4053,372351,-115.18180519325966
42,4054,372433,-147.49580233725618
42,4055,372526,-351.58368794667297
42,4056,372614,-126.87104928118703
42,4057,372705,-446.75704317051424
42,4058,372794,-112.55458833502826
42,4059,372937,-99.08044255415277
42,4060,373068,-303.20375750180256
42,4061,373137,-147.8265585313323
42,4062,373229,-38.30378144984921
42,4063,373365,-40.366500253298895
42,4064,373444,-80.72920156765704
42,4065,373547,-200.7589725476756
42,4066,373650,-116.19387429634136
42,4067,373753,-288.6603364629357
42,4068,373827,-122.04106532503937
42,4069,373927,-324.16665227074066
42,4070,374043,-330.76592267039985
42,4071,374148,-162.9409939489567
42,4072,374253,-126.65158421000596
42,4073,374327,-91.46262810538026
42,4074,374423,-156.29851137550207
42,4075,374513,-119.76450837652585
42,4076,374589,-372.89099740732127
42,4077,374659,-73.31397449750918
42,4078,374728,-132.5456286831381
42,4079,374830,-109.89716132361156
42,4080,374902,-356.70345577837924
42,4081,374977,-114.43965519202011
42,4082,375055,-72.85595724999409
42,4083,375154,-220.43147641752813
42,4084,375230,-114.23860632543433
42,4085,375355,-192.57693033154965
42,4086,375435,-280.41101031323205
42,4087,375501,-101.00949037562756
42,4088,375614,-118.2578071881251
42,4089,375711,-109.4458726203642
42,4090,375804,-135.3159080187282
42,4091,375870,-192.77855792092708
42,4092,375966,-132.09499882026677
42,4093,376054,-443.10657445022423
42,4094,376125,-164.00737116212505
42,4095,376215,-72.63701917929754
42,4096,376308,-328.2053807325542
42,4097,376363,-207.19880010934855
42,4098,376427,-165.69061540830222
42,4099,376529,-340.6341531594858
42,4100,376628,-143.404972023491
42,4101,376725,-379.6954830209213
42,4102,376843,-162.03602141595297
42,4103,376963,-375.82612904388367
42,4104,377037,-112.93933143847352
42,4105,377141,-229.29835916494582
42,4106,377234,-96.69999556667476
42,4107,377347,-130.57461743588163
42,4108,377418,-90.0518368884649
42,4109,377492,-285.6478687021255
42,4110,377618,-151.99884793865579
42,4111,377715,-33.3448849480981
42,4112,377781,-103.26218028888324
42,4113,377875,-434.4326622954997
42,4114,377986,-115.45449163348094
42,4115,378047,-67.49602376745082
42,4116,378130,-106.81255401275055
42,4117,378211,-180.9175280095133
42,4118,378292,-228.68463641171456
42,4119,378388,-336.14613221826426
42,4120,378502,-419.86116385400186
42,4121,378589,-143.28790078130686
42,4122,378709,-305.46505752450395
42,4123,378844,-95.303990394426
42,4124,378918,-102.71565882899466
42,4125,379037,-135.37743969408717
42,4126,379122,-237.59619058921498
42,4127,379193,-151.89776897096573
42,4128,379257,-107.40985632152523
42,4129,379379,-170.74247334959364
42,4130,379468,-122.36703611219251
42,4131,379542,39.04025956316988
42,4132,379638,-116.97794759278392
42,4133,379714,-78.3375106004941
42,4134,379831,-273.9075911195648
42,4135,379966,-132.83539668181152
42,4136,380058,-83.62040498301712
42,4137,380123,-59.05943227565294
42,4138,380241,-215.2963336925667
42,4139,380306,-77.01212437909781
42,4140,380389,-117.68894091743962
42,4141,380456,-85.39339650151884
42,4142,380574,-108.89566865653603
42,4143,380664,-103.03593644906955
42,4144,380765,-350.5230444037501
42,4145,380884,-69.83360415575679
42,4146,380959,-90.01724669954211
42,4147,381030,-205.87080569308193
42,4148,381123,-163.70311156841274
42,4149,381247,-85.91294240592279
42,4150,381358,-140.6911874438303
42,4151,381420,-97.58913842405273
42,4152,381540,-177.92396130962123
42,4153,381638,-190.55413246579224
42,4154,381781,-98.71919751105298
42,4155,381872,-153.05505080871635
42,4156,382013,-157.48974478192096
42,4157,382114,-298.96637983083224
42,4158,382195,-90.4890625015035
42,4159,382295,-315.5638094164377
42,4160,382380,-143.9909338068919
42,4161,382449,-86.72514679500233
42,4162,382573,-250.35877025156984
42,4163,382653,-111.89544692016244
42,4164,382722,-105.31350364213412
42,4165,382824,-364.7803041025037
42,4166,382932,-499.6025230771963
42,4167,382997,-79.0942129961241
42,4168,383109,-97.46728139557717
42,4169,383170,-155.86444984168475
42,4170,383264,-216.3019473063863
42,4171,383329,-94.1388880748451
42,4172,383404,-104.82953601691219
42,4173,383530,-330.086497426582
42,4174,383613,-72.55094459971605
42,4175,383672,-89.05205489750377
42,4176,383807,-166.59195270669846
42,4177,383876,-124.22254868101793
42,4178,383943,-89.06612590572884
42,4179,384055,-130.3781256250411
42,4180,384144,-67.35402948720429
42,4181,384227,-364.5299934311664
42,4182,384345,-347.99875587656004
42,4183,384475,-291.97915371822467
42,4184,384594,-385.7313686223196
42,4185,384674,-87.91913871572139
42,4186,384767,-176.9568141071321
42,4187,384878,-86.40645714690082
42,4188,384941,-121.4796288944107
42,4189,385007,-61.06370906076133
42,4190,385104,-230.40519307361458
42,4191,385173,-176.8710263449626
42,4192,385240,-108.71857815571953
42,4193,385310,-36.290940027870334
42,4194,385375,-41.38966090207052
42,4195,385488,-99.34095466978599
42,4196,385590,-533.5894408244321
42,4197,385704,-136.4712009999859
42,4198,385802,-247.76690209194288
42,4199,385898,-281.5158240507377
42,4200,386007,-207.50186830535537
42,4201,386100,-128.78103123245438
42,4202,386171,-176.32902650857932
42,4203,386241,-55.36040213567219
42,4204,386340,-102.08810504214644
42,4205,386403,-159.24576668803263
42,4206,386464,-134.85081322457572
42,4207,386532,-86.02897570530524
42,4208,386670,-9.846966253688151
42,4209,386795,-215.90668996450847
42,4210,386898,-178.78712792206971
42,4211,386979,-113.00457118577765
42,4212,387080,-116.01175925726102
42,4213,387152,-130.86021529484583
42,4214,387268,-244.05877946672308
42,4215,387367,-170.25372233985792
42,4216,387484,-83.22130290716085
42,4217,387556,-133.33084947342667
42,4218,387659,-129.1175991355705
42,4219,387760,-189.33958942858925
42,4220,387872,-294.8330542820411
42,4221,387968,-307.36143669107844
42,4222,388055,-320.92150372982644
42,4223,388169,-131.30386381545844
42,4224,388268,-225.31925890894547
42,4225,388379,-162.27708172385465
42,4226,388460,-113.54381612566075
42,4227,388528,-234.01435059840585
42,4228,388642,-300.72337584771003
42,4229,388766,-86.49569008113107
42,4230,388867,-231.42323037329348
42,4231,388948,-111.83320380864083
42,4232,389050,-301.5184030411664
42,4233,389140,-261.1458890822306
42,4234,389220,-372.01116213305266
42,4235,389310,-109.07497286898683
42,4236,389383,-103.79445855880765
42,4237,389468,-112.15872944793827
42,4238,389686,-177.36989679454484
42,4239,389773,-82.6076271562527
42,4240,389846,-111.2736442037679
42,4241,389916,-79.35068623321224
42,4242,389989,-73.41046794990028
42,4243,390095,-132.89230521350095
42,4244,390209,-265.165191647647
42,4245,390265,-151.00295472521833
42,4246,390356,-215.73967150712704
42,4247,390468,-173.5362739086649
42,4248,390532,-183.3313463443624
42,4249,390593,-157.2941988263728
42,4250,390664,-88.95003864695657
42,4251,390766,-148.86921455355258
42,4252,390882,-108.129902346872
42,4253,390989,-135.20600745551562
42,4254,391086,-127.80808201669393
42,4255,391175,-159.05137939636455
42,4256,391315,-461.74377484100523
42,4257,391392,-243.93676729216608
42,4258,391462,-169.61155197625914
42,4259,391537,-73.24352698427921
42,4260,391651,-289.2942246278102
42,4261,391724,-116.5184915771292
42,4262,391811,-149.21914943087313
42,4263,391901,-209.82939946011226
42,4264,392020,-511.71660606089233
42,4265,392077,-112.216880589657
42,4266,392233,22.84394160664681
42,4267,392302,-185.32896647853647
42,4268,392400,-102.76732311537981
42,4269,392468,10.42786600349595
42,4270,392586,-104.80888537112007
42,4271,392660,-37.61151230985878
42,4272,392772,-428.75119652049375
42,4273,392881,-229.95882984454755
42,4274,392942,-357.7817806742791
42,4275,393037,-207.05489075751365
42,4276,393143,-122.24762137104833
42,4277,393244,-162.9374883521063
42,4278,393318,-158.93047102955728
42,4279,393402,-258.1003301815365
42,4280,393471,-133.9332030617976
42,4281,393565,-338.198262516983
42,4282,393655,-118.85971310257344
42,4283,393724,-89.92720378922077
42,4284,393796,-201.14547919271968
42,4285,393872,-188.80220736688878
42,4286,393977,-99.10877969852557
42,4287,394051,-193.99750801566842
42,4288,394148,-234.83199132415257
42,4289,394251,-150.75989434940652
42,4290,394373,-153.16014349375348
42,4291,394474,-380.61552276390603
42,4292,394605,-232.73646814208297
42,4293,394668,-187.22240687281368
42,4294,394741,-229.49947316764275
42,4295,394831,-324.16670557975266
42,4296,394914,-266.50598427712407
42,4297,395036,-314.4386744214732
42,4298,395134,-68.70960877155903
42,4299,395211,-124.92295103594958
42,4300,395285,-95.16331477016664
42,4301,395364,-110.99577179007706
42,4302,395453,-339.7288643870962
42,4303,395537,-98.15050405120607
42,4304,395610,-111.26986535779542
42,4305,395742,-168.85637016356242
42,4306,395851,-405.93956401031755
42,4307,395955,-206.7539957545037
42,4308,396045,-332.9889065866711
42,4309,396148,-42.518553256386625
42,4310,396287,-175.85452085281437
42,4311,396409,-182.1370613888303
42,4312,396541,-86.03174083680615
42,4313,396610,-137.1161155064928
42,4314,396700,-54.81667959961927
42,4315,396774,-155.02512911102167
42,4316,396910,-276.972636559187
42,4317,397007,-115.27435552470551
42,4318,397111,-200.79378853951772
42,4319,397218,-172.2455238214377
42,4320,397283,-84.43899703325008
42,4321,397346,-99.930769234729
42,4322,397417,-114.06836461504608
42,4323,397481,-23.214455675055788
42,4324,397593,-221.24308388836255
42,4325,397678,-146.73255806014575
42,4326,397766,-384.40136528245523
42,4327,397846,-125.78133901819334
42,4328,397912,-7.930639073972003
42,4329,398013,-103.64396999510575
42,4330,398110,-73.69334860110308
42,4331,398229,-250.41285925707737
42,4332,398326,-522.3493071124449
42,4333,398422,-427.4742430704047
42,4334,398515,-344.6073508756776
42,4335,398612,-145.72193536852402
42,4336,398719,-348.5638362024033
42,4337,398791,-229.24993345245028
42,4338,398893,-172.05716014596655
42,4339,399043,-152.55643840380822
42,4340,399118,-239.54136945979252
42,4341,399211,-191.52346478917025
42,4342,399312,-334.3284262797452
42,4343,399373,-97.2530593948626
42,4344,399456,-183.36267714165356
42,4345,399619,-387.71749078749235
42,4346,399732,-80.3001197508691
42,4347,399800,-139.68310306056028
42,4348,399915,-365.24070253257094
42,4349,400019,-350.58632222839316
42,4350,400122,-346.8173971303022
42,4351,400216,-382.9676136569972
42,4352,400325,-123.46584157665255
42,4353,400396,-122.18230681133684
42,4354,400477,42.07841701439125
42,4355,400544,-191.60193269464014
42,4356,400667,-140.72152889134915
42,4357,400743,-112.60288142010909
42,4358,400829,-149.7506747986426
42,4359,400936,-403.6589635483799
42,4360,401053,-282.62933721608704
42,4361,401134,-153.29753563139383
42,4362,401236,-136.48347687435302
42,4363,401364,-234.55015856640156
42,4364,401460,-89.63505023527222
42,4365,401562,-165.79537878502654
42,4366,401639,-149.7368495860872
42,4367,401714,-62.281555258271624
42,4368,401777,-136.80065712440745
42,4369,401901,-233.32052249019205
42,4370,401976,-107.83589278737784
42,4371,402037,-139.71343831338186
42,4372,402135,-213.29004758709831
42,4373,402213,-212.60143066267165
42,4374,402287,-71.11742495529643
42,4375,402393,-116.35328052624298
42,4376,402502,-256.5914125281062
42,4377,402598,-327.12085016100104
42,4378,402669,-64.05857147518111
42,4379,402730,-96.56460545237077
42,4380,402851,-321.26802446589204
42,4381,402915,-237.4955630923759
42,4382,403017,-194.75248817979644
42,4383,403081,-103.72248470796671
42,4384,403176,-222.8727912816249
42,4385,403274,-292.02589317352505
42,4386,403342,-141.03536305888295
42,4387,403440,-15.878211089897974
42,4388,403523,-87.47473991401844
42,4389,403627,-263.04069628968136
42,4390,403699,-108.02569408762953
42,4391,403776,-189.3362506447468
42,4392,403891,-217.20526521928872
42,4393,403998,-107.37801155218686
42,4394,404082,-137.2231055717773
42,4395,404171,-170.89035847517988
42,4396,404328,-250.3499802912083
42,4397,404405,-225.43796678537518
42,4398,404485,-117.06609551005715
42,4399,404614,-12.524469530974187
42,4400,404736,-178.88507776037352
42,4401,404823,-353.0573915491947
42,4402,404908,-325.9840013357507
42,4403,404986,-197.77777724605443
42,4404,405090,-138.9213845262239
42,4405,405149,-74.76931782547268
42,4406,405208,-110.17643149699049
42,4407,405322,-150.07945459743155
42,4408,405426,-142.40975077294613
42,4409,405515,-186.1545153509731
42,4410,405576,-96.26199557933533
42,4411,405659,-97.98050426413704
42,4412,405764,-425.88946291665263
42,4413,405863,-351.9037536568883
42,4414,405923,-85.36251393057896
42,4415,406019,-136.77594491720353
42,4416,406101,-90.07849130802776
42,4417,406178,-136.14808542000236
42,4418,406245,-107.65211916328909
42,4419,406332,-155.87368685192928
42,4420,406437,-148.03427549136978
42,4421,406500,-80.6730079769755
42,4422,406616,-218.06426668207075
42,4423,406687,-121.31442276432222
42,4424,406792,-256.7542154828599
42,4425,406885,-186.61842455456622
42,4426,406956,-130.05039472778577
42,4427,407034,-86.17112494627453
42,4428,407149,-152.7384747094568
42,4429,407228,-405.6884798917417
42,4430,407318,-391.3669846976184
42,4431,407398,-131.03491785489746
42,4432,407477,-213.93201989553208
42,4433,407590,-249.07986670900067
42,4434,407693,-282.5361147004266
42,4435,407799,-55.43746197545836
42,4436,407895,-101.41412385427148
42,4437,407958,-109.31710760511004
42,4438,408085,-237.211352536239
42,4439,408147,-140.52724309528003
42,4440,408210,-101.69919091820498
42,4441,408285,-198.36563430501292
42,4442,408367,-266.97897512190866
42,4443,408489,-257.29539230863946
42,4444,408550,-74.33436421160971
42,4445,408654,-299.9699614678177
42,4446,408717,-81.51499874221469
42,4447,408781,-70.34715533441302
42,4448,408846,-170.43565355425298
42,4449,408948,-189.50408286512203
42,4450,409020,-109.65221762305238
42,4451,409121,-250.1270999872561
42,4452,409222,-292.6004680772322
42,4453,409299,-108.70023993586676
42,4454,409402,-303.1392199635345
42,4455,409502,-110.24180491177711
42,4456,409592,-123.1120944723999
42,4457,409682,-307.43353293457375
42,4458,409744,-83.15279432307838
42,4459,409843,-179.5776162220356
42,4460,409946,-154.52547777059317
42,4461,410021,-456.4952264642675
42,4462,410113,-157.04371845817013
42,4463,410195,-108.94756610483603
42,4464,410277,-78.10843519773525
42,4465,410345,-57.94034115072185
42,4466,410413,-78.60631235656447
42,4467,410474,-63.215416166110586
42,4468,410569,-236.13636376806167
42,4469,410637,-118.73779042340449
42,4470,410720,-159.5934353781022
42,4471,410802,-226.01392807944444
42,4472,410875,-89.14737004197002
42,4473,410978,-407.6409302820366
42,4474,411077,-495.06502177282545
42,4475,411150,-82.39899475814786
42,4476,411256,-250.0650939910752
42,4477,411329,-197.82679456549113
42,4478,411390,-125.01747910398542
42,4479,411520,-443.8594266681273
42,4480,411608,-202.04128710970332
42,4481,411683,-133.58436907300347
42,4482,411750,-84.12180168635768
42,4483,411847,-282.8435920383921
42,4484,411910,-180.92192758849785
42,4485,411988,-147.1577957455656
42,4486,412053,-83.71181401705728
42,4487,412160,-328.6320463257972
42,4488,412233,-73.0495071485566
42,4489,412311,-84.46238971225641
42,4490,412414,-232.85376058218736
42,4491,412504,-288.45701821977576
42,4492,412599,-112.00427915510929
42,4493,412682,-214.74462982401653
42,4494,412762,-137.9649440751326
42,4495,412868,-131.48722437319907
42,4496,412969,-214.16125263442902
42,4497,413061,-124.73102389469727
42,4498,413146,-220.85710730032554
42,4499,413256,-161.42240060628237
42,4500,413325,-97.86990714241277
42,4501,413393,-57.60890977723812
42,4502,413504,-80.76347707371076
42,4503,413579,-100.79299710199277
42,4504,413640,-180.69353473912562
42,4505,413721,-63.27863629595574
42,4506,413864,-102.26900925096902
42,4507,413934,-98.70232200006826
42,4508,414022,-201.80131304459658
42,4509,414113,-121.20902848996977
42,4510,414188,-85.88232767785907
42,4511,414299,-249.733253218127
42,4512,414425,-340.364063145549
42,4513,414567,-0.15918165211607516
42,4514,414657,-283.2093905095426
42,4515,414731,-88.41292950246263
42,4516,414817,-317.1817864183316
42,4517,414954,-184.58065504411803
42,4518,415083,-249.884569833381
42,4519,415176,-443.8675337378047
42,4520,415270,-144.50416478825827
42,4521,415331,-63.5059591783701
42,4522,415426,-118.68407491235104
42,4523,415531,-73.52336244995604
42,4524,415652,-191.66240267603695
42,4525,415773,-93.99731019232776
42,4526,415865,-141.79437489614315
42,4527,415935,-144.7868388370269
42,4528,416024,-100.38227465666496
42,4529,416140,-335.4559524124741
42,4530,416219,-175.65013770626842
42,4531,416297,-370.70855488937224
42,4532,416417,-141.88345020452016
42,4533,416490,-115.01842025174483
42,4534,416601,-371.29217283765297
42,4535,416681,-116.19538912630277
42,4536,416774,-142.85660074174808
42,4537,416847,-60.33562797943009
42,4538,416924,-339.63068358925705
42,4539,417017,-204.16321270264558
42,4540,417111,-161.54197616722303
42,4541,417202,-147.16912999528108
42,4542,417284,-128.83295581877724
42,4543,417386,-357.15262790308157
42,4544,417473,-175.71708644471903
42,4545,417574,-266.21153350103503
42,4546,417687,-229.68349251074065
42,4547,417766,-200.78065504075397
42,4548,417823,-131.0656036626396
42,4549,417889,-81.97878738613724
42,4550,417988,-455.0637732800306
42,4551,418065,-278.03606729052774
42,4552,418172,-211.68303869639684
42,4553,418281,-403.2568050037336
42,4554,418344,-85.9097131812974
42,4555,418437,-442.9695101397907
42,4556,418526,-13.090275551201145
42,4557,418598,-140.87911960018587
42,4558,418655,-99.71484432553083
42,4559,418729,-66.309114739321
42,4560,418815,-162.80794253333258
42,4561,418930,-216.2023762847263
42,4562,419004,-125.89486722835153
42,4563,419115,-279.9842769494817
42,4564,419220,-359.9327289121852
42,4565,419285,-123.525636385148
42,4566,419385,-273.9538488938545
42,4567,419470,-418.9042055895216
42,4568,419587,-143.90861921863083
42,4569,419645,-110.45196257981185
42,4570,419725,-99.9929688192669
42,4571,419791,-147.82706771707063
42,4572,419863,-156.9421574042945
42,4573,419946,-249.1171128434316
42,4574,420012,-90.6161314597236
42,4575,420140,-84.27386814614059
42,4576,420240,-118.65085408656573
42,4577,420307,-136.84238816750502
42,4578,420404,-294.0145340807942
42,4579,420467,-132.7498443644797
42,4580,420542,-135.46658615555685
42,4581,420648,-75.0485198348832
42,4582,420726,-82.52898800148338
42,4583,420824,-217.51180732285013
42,4584,420962,-66.12242487204679
42,4585,421059,-253.062651089798
42,4586,421168,-125.12882652225457
42,4587,421264,-491.026356407571
42,4588,421348,-178.0562418019901
42,4589,421472,-248.2192859653856
42,4590,421571,-387.24000556312444
42,4591,421690,-427.48359531476234
42,4592,421789,-178.64031495026467
42,4593,421869,-71.84395724502424
42,4594,421952,-95.92514358792037
42,4595,422016,-105.48095680900005
42,4596,422091,-120.71277109451519
42,4597,422194,-120.0091425724571
42,4598,422291,-287.2805550575572
42,4599,422409,-419.6833559417841
42,4600,422540,-94.16441503010337
42,4601,422609,-295.48673572023165
42,4602,422685,-101.90023620171621
42,4603,422769,-322.55301343784726
42,4604,422867,-129.26168946910286
42,4605,422988,-11.05065551869933
42,4606,423063,-261.1044277995103
42,4607,423121,-114.29868024203347
42,4608,423194,-64.16673286895241
42,4609,423265,-102.92353957654636
42,4610,423337,-105.75502871125906
42,4611,423410,-75.77682023876508
42,4612,423500,-339.47289917230484
42,4613,423596,-115.90981822434384
42,4614,423669,-66.61258383416191
42,4615,423764,-139.51830402159467
42,4616,423866,-232.06256137165516
42,4617,423959,-391.55141535041673
42,4618,424065,-286.26171309163027
42,4619,424148,-74.9216400324441
42,4620,424238,-349.5953900152482
42,4621,424305,-82.2592996099785
42,4622,424415,-39.22786069229892
42,4623,424537,-350.5308483266674
42,4624,424648,-164.55822986287842
42,4625,424722,-86.78657567445299
42,4626,424798,-179.63792494519743
42,4627,424905,-128.73128724639915
42,4628,424983,-92.21998585327277
42,4629,425121,-104.90515120539447
42,4630,425198,-121.7133252180563
42,4631,425295,-131.48115442278498
42,4632,425394,-462.4924269398734
42,4633,425473,-106.83167467572014
42,4634,425545,-297.43734466878254
42,4635,425638,-275.738586758666
42,4636,425734,-262.66588434319755
42,4637,425810,-86.97180950436503
42,4638,425901,-130.8306377625151
42,4639,425971,-108.30375702914351
42,4640,426051,-54.34139948831419
42,4641,426152,-264.5928808661335
42,4642,426223,-75.70572739643518
42,4643,426343,-162.75732446854272
42,4644,426415,-72.25057760349176
42,4645,426504,-161.2396857148225
42,4646,426577,-327.06364996258424
42,4647,426642,-124.06104145010708
42,4648,426713,27.43069742036647
42,4649,426797,-192.24789339648476
42,4650,426894,-428.9524057718979
42,4651,426973,-78.56506097074937
42,4652,427066,-334.0790977433405
42,4653,427145,-132.85805389723066
42,4654,427227,-120.8115950986596
42,4655,427385,-146.94031981656303
42,4656,427466,-442.11868129122314
42,4657,427547,-70.09464295042218
42,4658,427656,-160.26590763269823
42,4659,427740,-268.1332731589298
42,4660,427859,-274.8395260816802
42,4661,427930,-82.65823208440926
42,4662,428015,-148.67212972672706
42,4663,428116,-380.6980409300382
42,4664,428217,-131.7901032365667
42,4665,428291,-99.01663303695528
42,4666,428393,-444.86212342260956
42,4667,428466,-119.40602917587792
42,4668,428530,-103.37045768762876
42,4669,428633,-169.1571643770073
42,4670,428738,-10.798343776305742
42,4671,428853,-225.21162434072994
42,4672,428947,-362.9779901424021
42,4673,429015,-114.0729510091293
42,4674,429081,-97.22916798974201
42,4675,429177,-517.1304112556379
42,4676,429258,-148.1786101298652
42,4677,429369,-310.5036561325572
42,4678,429442,-125.92278184498338
42,4679,429530,-88.88598927476968
42,4680,429626,-101.21133646015414
42,4681,429694,-83.32353547596344
42,4682,429761,-80.22286912050919
42,4683,429839,-75.60259520675048
42,4684,429963,-481.99950088038446
42,4685,430050,-100.56473295619234
42,4686,430172,-123.48783597411266
42,4687,430275,-248.39506093195348
42,4688,430395,-258.89047883021425
42,4689,430468,-77.3880960556107
42,4690,430556,-313.9717150538751
42,4691,430624,-169.52377056292585
42,4692,430714,-238.90892072611712
42,4693,430836,-307.06673384758864
42,4694,430951,-131.61450312738762
42,4695,431044,-163.69603905186273
42,4696,431110,-161.44224873768167
42,4697,431184,-139.373854629048
42,4698,431244,-165.2035801810306
42,4699,431361,-102.90534661542132
42,4700,431423,-87.32347427436474
42,4701,431535,-161.80928248762416
42,4702,431596,-233.13610681581616
42,4703,431663,-205.48912630550814
42,4704,431817,-97.47401204972891
42,4705,431895,-266.0202785510809
42,4706,432008,-214.4603867599339
42,4707,432113,-380.193571242693
42,4708,432205,-158.63301765617285
42,4709,432333,-214.98395509588806
42,4710,432403,-87.5074076115312
42,4711,432464,-106.40855224449729
42,4712,432556,-214.87544555399887
42,4713,432662,-117.3368543622478
42,4714,432750,-427.8307787920258
42,4715,432844,-445.88414090431775
42,4716,432912,-114.6416222556254
42,4717,432967,-154.3232898845881
42,4718,433071,-381.8855274219535
42,4719,433149,-151.90641345868414
42,4720,433262,-182.01351947453492
42,4721,433326,-114.67009394847318
42,4722,433411,-465.90939367517143
42,4723,433491,-118.28340170998179
42,4724,433597,-208.0962121391094
42,4725,433703,-523.8066269493708
42,4726,433821,-377.7892883914095
42,4727,433894,-83.4670077343821
42,4728,433970,-133.75588338913263
42,4729,434034,-106.37521498151717
42,4730,434143,-98.66107557848991
42,4731,434240,-107.89348751641984
42,4732,434345,-453.4784114443188
42,4733,434447,-220.41121889307092
42,4734,434517,-90.45235854397833
42,4735,434590,-101.7916639691415
42,4736,434654,-155.9026077844491
42,4737,434729,-192.12339805781318
42,4738,434792,-54.135703920253135
42,4739,434912,-177.29747276588373
42,4740,435007,-214.85745369912306
42,4741,435139,-237.13054869708492
42,4742,435214,-361.91411819966027
42,4743,435356,-64.9153789067991
42,4744,435428,-75.53506552860921
42,4745,435499,-103.36966994967932
42,4746,435568,-96.81854569603372
42,4747,435633,-93.65713677070497
42,4748,435722,-124.26650744346338
42,4749,435795,-117.12229879763271
42,4750,435897,-227.9878135516921
42,4751,435990,-181.50652057517064
42,4752,436095,-506.50173728773643
42,4753,436171,-359.10096404445375
42,4754,436269,-114.11595895664222
42,4755,436364,-123.7939809879438
42,4756,436434,-87.01148219348268
42,4757,436532,-451.9298263637813
42,4758,436599,-159.46564435834932
42,4759,436735,-92.65205860323785
42,4760,436806,-237.0416581356795
42,4761,436922,-130.71417029581605
42,4762,437028,-553.1197157998399
42,4763,437113,-200.92190058660051
42,4764,437207,-130.64566262911387
42,4765,437276,-57.26535074089394
42,4766,437376,-144.00534816763218
42,4767,437482,-133.60980173357504
42,4768,437622,-163.34552718413343
42,4769,437690,-147.71951863571377
42,4770,437793,-387.2190721696895
42,4771,437897,-209.31719256618322
42,4772,438001,-131.06990138807686
42,4773,438074,-129.67520501206974
42,4774,438202,-159.80022625382725
42,4775,438303,-125.4182058674993
42,4776,438384,-179.09684199172935
42,4777,438487,-276.49548609489517
42,4778,438608,-108.5727618366865
42,4779,438704,-106.44981769124175
42,4780,438800,-70.07641463390529
42,4781,438902,-124.78471717254249
42,4782,438977,-114.14035708610766
42,4783,439060,-129.72623560068985
42,4784,439159,-403.5623511797784
42,4785,439273,-305.63612566954566
42,4786,439344,-168.5270453488866
42,4787,439427,-136.1456639289009
42,4788,439538,-95.80020165206943
42,4789,439620,-123.62518677887306
42,4790,439695,-254.88049807891724
42,4791,439762,-99.67462924728169
42,4792,439880,-47.36434564662561
42,4793,439972,-319.77641231690836
42,4794,440035,-59.38830278020355
42,4795,440111,-105.53119021679414
42,4796,440175,-20.41339218972783
42,4797,440238,-99.37961838580604
42,4798,440327,-101.70384578382466
42,4799,440418,-93.30920999653321
42,4800,440502,-104.57513686478802
42,4801,440579,-114.93964462746403
42,4802,440702,-322.0511159471374
42,4803,440773,-75.62824920682486
42,4804,440845,-132.94889158905994
42,4805,440915,-146.7922435499477
42,4806,440997,-357.173288093753
42,4807,441095,-119.44192687609868
42,4808,441189,-137.0046829539375
42,4809,441257,-93.18151244581438
42,4810,441387,-91.40833289911778
42,4811,441470,-122.24302087573403
42,4812,441561,-152.14943282810532
42,4813,441703,-419.97697470772135
42,4814,441798,-96.25985217263637
42,4815,441899,-209.08324092565204
42,4816,441990,-220.16961069542782
42,4817,442115,-179.0384906038646
42,4818,442189,-363.29256387369594
42,4819,442311,-196.61527483720704
42,4820,442410,-200.80951486174772
42,4821,442505,-212.4530140052783
42,4822,442595,-154.1032155089484
42,4823,442700,-143.74991954626262
42,4824,442763,-53.91921171129265
42,4825,442858,-99.58269728162719
42,4826,442926,-136.22100456249007
42,4827,443038,-221.43271624546338
42,4828,443133,-377.4866783413219
42,4829,443205,-152.56920933330332
42,4830,443316,-184.08746357423382
42,4831,443406,-330.69616315576434
42,4832,443483,-250.50707537114556
42,4833,443607,-114.46735857358611
42,4834,443725,-330.25941285835563
42,4835,443808,-296.20789682381167
42,4836,443876,-97.82131436590065
42,4837,443953,-142.61352036679222
42,4838,444026,-186.63218968084811
42,4839,444093,-85.63912273482295
42,4840,444182,-287.7670393635359
42,4841,444282,-318.4294060758039
42,4842,444353,-99.85797456349779
42,4843,444413,-80.41568816298548
42,4844,444474,-180.55987735216314
42,4845,444540,-76.76308914527185
42,4846,444626,-96.64068323776496
42,4847,444730,-246.9763658218728
42,4848,444826,-475.5007044348934
42,4849,444884,-137.05533968599536
42,4850,444963,-203.9699682938935
42,4851,445089,-226.09361282157067
42,4852,445183,-124.85779012136818
42,4853,445288,-144.90917164233167
42,4854,445362,-98.8631100023292
42,4855,445472,-439.2570695823822
42,4856,445549,-210.9995909341058
42,4857,445626,-380.18078738035837
42,4858,445737,-217.3094043002058
42,4859,445801,-94.37052420733548
42,4860,445863,-62.02737588036468
42,4861,445958,-140.69782559869745
42,4862,446053,-120.14531377202621
42,4863,446165,-381.4041663864806
42,4864,446269,-183.77538542070494
42,4865,446360,-132.66824210197518
42,4866,446444,-116.92596212354816
42,4867,446520,-61.8281681868288
42,4868,446586,-98.15882080784806
42,4869,446706,-128.1444167094964
42,4870,446791,-236.1783324294975
42,4871,446870,-274.8586314951133
42,4872,446975,-353.4593586771527
42,4873,447108,-153.69537592837992
42,4874,447172,-97.25643115647475
42,4875,447242,-125.25142440404927
42,4876,447343,-269.6679920469536
42,4877,447433,-444.2990809155074
42,4878,447505,-102.82805839772595
42,4879,447571,-131.21863308414726
42,4880,447648,-128.86768825809423
42,4881,447716,-95.73778621711938
42,4882,447835,-209.36509565229744
42,4883,447917,-223.82234968079217
42,4884,448050,-202.8800585341761
42,4885,448182,14.660352089970232
42,4886,448309,-308.3697706728244
42,4887,448390,-128.74828520673273
42,4888,448482,-120.02337024464381
42,4889,448596,-153.12006936857034
42,4890,448667,-216.0381843846402
42,4891,448747,-140.16877225337564
42,4892,448820,-87.9532973634661
42,4893,448890,-154.3254731401401
42,4894,448978,-190.7937566596721
42,4895,449084,-233.12949643534355
42,4896,449204,-151.86469121859278
42,4897,449294,-8.4288812187377
42,4898,449455,-122.68095093615923
42,4899,449547,-394.6545045725976
42,4900,449624,-105.39153857149661
42,4901,449743,-477.3461385201216
42,4902,449851,-236.1301488464486
42,4903,449946,-79.81069812054801
42,4904,450040,-500.80871160485646
42,4905,450114,-241.51269928323674
42,4906,450220,-156.09122669320425
42,4907,450320,-56.00653934131938
42,4908,450394,-74.3194856590511
42,4909,450484,-243.78904162025094
42,4910,450590,-248.8864635227346
42,4911,450680,-361.03002128045574
42,4912,450803,-61.322002633291845
42,4913,450895,-285.6218790723351
42,4914,450982,-283.4825987603322
42,4915,451070,-249.6204390542982
42,4916,451179,-449.5154455236281
42,4917,451271,-25.141505107840175
42,4918,451339,-87.90942412523283
42,4919,451449,-174.2737707378909
42,4920,451520,-93.98821509746534
42,4921,451586,-101.26913181724431
42,4922,451648,-91.74373619507784
42,4923,451714,-161.27207333925722
42,4924,451837,-159.37157229480653
42,4925,451928,-139.43325364197162
42,4926,452021,-318.1539049633975
42,4927,452157,42.08206934438596
42,4928,452224,-71.05131664528781
42,4929,452295,-97.72975954275282
42,4930,452407,-163.95658462574045
42,4931,452536,-259.2053948982341
42,4932,452656,-10.198547078458219
42,4933,452727,-118.49900488092867
42,4934,452791,-95.13070305064633
42,4935,452883,8.88643944119336
42,4936,452944,-53.277340347894814
42,4937,453039,-105.7724297680304
42,4938,453146,-115.80375320603191
42,4939,453255,-174.6300585543065
42,4940,453353,-368.4142525864438
42,4941,453431,-257.94810955764916
42,4942,453527,-112.18909287153863
42,4943,453621,-330.13746853427403
42,4944,453734,-622.0295628655075
42,4945,453834,-221.0610865624772
42,4946,453946,-465.5550547035465
42,4947,454040,-125.38098024313463
42,4948,454143,-107.11146144020037
42,4949,454267,-343.9102310451492
42,4950,454394,-269.6753374444792
42,4951,454483,-141.701820637432
42,4952,454563,-277.062572734837
42,4953,454625,-136.0144895540027
42,4954,454726,-232.99661027347065
42,4955,454814,-274.36718495835356
42,4956,454912,-135.61157057539955
42,4957,455029,-358.4542730636539
42,4958,455154,-317.2076658125858
42,4959,455261,-103.7974177991884
42,4960,455374,-546.1564970601288
42,4961,455447,-61.47549721866208
42,4962,455541,-334.95922076102795
42,4963,455630,-121.09282917549217
42,4964,455730,-235.50733861344827
42,4965,455803,-139.8151785918579
42,4966,455885,-86.60810690252593
42,4967,455952,-168.96755533036054
42,4968,456021,-103.91612611015742
42,4969,456105,-210.48313169977658
42,4970,456224,-63.15485189338232
42,4971,456301,-259.8093789408679
42,4972,456404,-153.95353974953375
42,4973,456494,-109.55487535854738
42,4974,456567,-144.38705199682218
42,4975,456682,-120.67979190750798
42,4976,456787,-135.4196476441625
42,4977,456919,-309.7612520154173
42,4978,456989,-87.91999448770072
42,4979,457099,-145.37816337681286
42,4980,457165,-144.95841480143844
42,4981,457244,-108.8580185985259
42,4982,457321,-88.7816232449792
42,4983,457420,-145.53781229891547
42,4984,457509,-68.96349132039813
42,4985,457625,-371.83061478296503
42,4986,457717,-140.75751662803154
42,4987,457808,-94.04468789865027
42,4988,457904,-234.1559502805974
42,4989,458001,-123.61276946262751
42,4990,458061,-259.8610864217402
42,4991,458162,-397.2341456826848
42,4992,458254,-212.59237929449088
42,4993,458366,-259.4374355785649
42,4994,458457,-114.9933303419493
42,4995,458580,-247.18116213265375
42,4996,458663,-117.73067868822923
42,4997,458751,-387.96242592693415
42,4998,458827,-209.57740635755172
42,4999,458906,-166.00958024131126
42,5000,459028,-126.6053065302338
42,5001,459142,-96.47594626968642
42,5002,459209,-156.94168988437153
42,5003,459311,-105.08049646999196
42,5004,459377,-81.12495894227453
42,5005,459458,-92.77647767099481
42,5006,459537,-119.05574083377189
42,5007,459635,-65.86221910193406
42,5008,459720,-83.75781809741859
42,5009,459839,-256.477663605595
42,5010,459938,-298.60350605071744
42,5011,460014,-77.52362384852134
42,5012,460095,-88.0119257560916
42,5013,460201,-119.18750642166232
42,5014,460299,-147.52422085789047
42,5015,460369,-309.0338340917956
42,5016,460481,-207.9165580259336
42,5017,460563,-103.65689677865373
42,5018,460702,-99.0462162866394
42,5019,460807,-443.05984336641563
42,5020,460930,-119.39444908384732
42,5021,461016,-128.2867589045226
42,5022,461081,-109.9508259902941
42,5023,461190,-354.5081661816743
42,5024,461254,-74.61294843478319
42,5025,461363,-166.94941526999742
42,5026,461471,-208.45058910964894
42,5027,461564,-442.97562514520797
42,5028,461642,-102.89421883041753
42,5029,461724,-152.67354463358808
42,5030,461853,-433.09594896110525
42,5031,461950,-440.8283736782904
42,5032,462053,-137.83459072061336
42,5033,462160,-155.3650548492717
42,5034,462246,-310.802188019245
42,5035,462312,-63.02656409390314
42,5036,462419,-145.82447494236845
42,5037,462499,-109.96331005511077
42,5038,462595,-134.89749231057453
42,5039,462664,-157.1425456362158
42,5040,462775,-196.60836639684982
42,5041,462849,-12.198663013953706
42,5042,462925,-210.1525553362712
42,5043,463054,-191.52203269506265
42,5044,463132,-156.9231797931812
42,5045,463207,-110.78045612918143
42,5046,463307,-260.5933398109636
42,5047,463466,-28.29470451116174
42,5048,463535,-104.83130833353937
42,5049,463635,-136.93625371056336
42,5050,463764,-409.1754876626751
42,5051,463833,-232.49251709724663
42,5052,463933,-208.25609356750687
42,5053,464017,-100.79336072429962
42,5054,464092,-102.43983918248841
42,5055,464204,-299.3243017336835
42,5056,464325,-80.7773606440379
42,5057,464414,-120.6549278003847
42,5058,464500,-129.00933165420662
42,5059,464569,-59.98062603853608
42,5060,464723,-118.21895996610435
42,5061,464802,-128.67280047964516
42,5062,464879,-167.71302680577844
42,5063,464978,-338.35753149842174
42,5064,465079,-133.01477593292535
42,5065,465155,-134.52106038537252
42,5066,465269,-136.92546771128326
42,5067,465352,-125.3467298979879
42,5068,465447,-142.61551493957273
42,5069,465518,-87.22806752493963
42,5070,465594,-181.22497865577049
42,5071,465688,-114.51682077225489
42,5072,465770,-124.43417266271358
42,5073,465866,-441.53590346477745
42,5074,465971,-320.54105231270887
42,5075,466093,-389.2902382823471
42,5076,466212,-164.82910456503322
42,5077,466324,-166.80458887863892
42,5078,466431,-191.00446298431729
42,5079,466495,-156.71310240389874
42,5080,466571,11.141367101849696
42,5081,466680,-398.9433084788547
42,5082,466760,-204.30059046761093
42,5083,466884,-31.96943052677655
42,5084,466961,-26.60313407502987
42,5085,467066,-451.9441075631456
42,5086,467199,-400.26546384264896
42,5087,467277,-135.45179594827798
42,5088,467367,-151.47622698945702
42,5089,467439,-129.57706008463256
42,5090,467534,-102.44858130111514
42,5091,467656,-314.5399743001528
42,5092,467760,-180.77461551492067
42,5093,467887,-160.7905267892986
42,5094,467956,-172.29195586348902
42,5095,468090,-99.22630243592644
42,5096,468166,-216.78167284973674
42,5097,468229,-75.52973489017442
42,5098,468301,-188.60558466770536
42,5099,468397,12.309980761725086
42,5100,468509,-39.771324117386115
42,5101,468646,-95.90707106229623
42,5102,468718,-132.97589075525264
42,5103,468815,-194.32543011197743
42,5104,468900,-125.09351101010638
42,5105,469021,-154.90138857937566
42,5106,469119,-112.57853896701248
42,5107,469187,-61.416936413437895
42,5108,469322,-135.70386294216075
42,5109,469398,-267.44397361869943
42,5110,469476,-97.17345198408512
42,5111,469585,-193.5524457950433
42,5112,469707,-351.33440244457796
42,5113,469774,-106.88740720624925
42,5114,469847,-371.50881989528807
42,5115,469942,-397.66604282349215
42,5116,470093,-144.63364139981695
42,5117,470159,-102.741856346651
42,5118,470260,-86.96101116763744
42,5119,470364,-245.50233371883033
42,5120,470444,-121.47867346041565
42,5121,470504,-81.81278960567349
42,5122,470577,-129.32000121164222
42,5123,470669,-341.83677155704805
42,5124,470743,-242.16378874836454
42,5125,470818,-79.457009631234
42,5126,470918,-363.94281208343773
42,5127,471037,-479.6762127239723
42,5128,471131,-120.98557851066653
42,5129,471232,-348.5524105484805
42,5130,471300,-225.9343421835042
42,5131,471433,-6.844425665470652
42,5132,471512,-236.78911581703525
42,5133,471576,-105.0110903978884
42,5134,471640,-94.44150862187657
42,5135,471737,-356.46076749989015
42,5136,471815,-120.43152299546959
42,5137,471916,-481.2930508158265
42,5138,471982,-70.36857373279727
42,5139,472043,-112.33724730319092
42,5140,472132,-89.31094307894074
42,5141,472256,-353.87926509519536
42,5142,472347,-335.59734352181204
42,5143,472432,-184.86054247955386
42,5144,472546,-452.3183366265264
42,5145,472623,-128.42859834453452
42,5146,472687,-95.68309831933459
42,5147,472761,-87.21290577219729
42,5148,472833,-330.9031996796057
42,5149,472943,-323.9184059120772
42,5150,473029,-173.42845226504684
42,5151,473122,-147.41965472955843
42,5152,473212,-285.4234050540069
42,5153,473303,-453.17550772071445
42,5154,473389,-115.42220752163651
42,5155,473468,-125.68289823627374
42,5156,473550,-225.83877383057532
42,5157,473622,-350.668931427094
42,5158,473721,-96.13637680012395
42,5159,473836,-224.3664883402006
42,5160,473913,-143.55065682720243
42,5161,473983,-120.38143146916515
42,5162,474062,-83.57865042538671
42,5163,474145,-111.74135922808362
42,5164,474224,-169.02800305463776
42,5165,474333,-142.38046774554311
42,5166,474442,-136.6714497614507
42,5167,474530,-144.0121324451528
42,5168,474652,-174.98460647049308
42,5169,474734,-138.57697936402587
42,5170,474864,-300.7883725476488
42,5171,474946,-234.29572782680717
42,5172,475040,-464.75735653463875
42,5173,475142,-325.6843793394513
42,5174,475226,-4.892161973678853
42,5175,475293,-75.99676686198671
42,5176,475368,-297.51454926438976
42,5177,475438,-92.7546298613208
42,5178,475518,-187.9278632650558
42,5179,475633,-457.22733311369194
42,5180,475742,-316.6973530151462
42,5181,475829,-74.4948856301636
42,5182,475916,-121.60962957863539
42,5183,475989,-168.05867988651073
42,5184,476067,-116.14898796029266
42,5185,476170,-293.0937271865996
42,5186,476309,-341.27238256057376
42,5187,476402,-344.4534665314451
42,5188,476504,-165.68321786663796
42,5189,476585,-86.17100240220005
42,5190,476702,-116.12996924982224
42,5191,476790,-149.55598429254061
42,5192,476852,-57.85319892380333
42,5193,476935,-274.11637710786147
42,5194,477022,-209.3320713982452
42,5195,477131,-185.05180556562829
42,5196,477208,-116.84342951848012
42,5197,477311,-363.23495765795127
42,5198,477422,-297.6836896010318
42,5199,477505,-116.07504839198239
42,5200,477571,-80.57433274937634
42,5201,477691,-341.52853149984236
42,5202,477817,-215.90886094075108
42,5203,477919,-105.64132577090814
42,5204,478029,-346.41901688281024
42,5205,478130,-123.24859332218301
42,5206,478195,-88.33250665202382
42,5207,478312,-214.02001476333743
42,5208,478396,-110.82918254626298
42,5209,478512,-126.51524899209258
42,5210,478617,-207.43711239857384
42,5211,478683,-92.87601699273661
42,5212,478751,-78.14455957692267
42,5213,478861,-281.7125224910688
42,5214,478971,-136.49643068465917
42,5215,479078,-304.0395746083548
42,5216,479150,-87.3403213413974
42,5217,479248,-484.3862127644345
42,5218,479366,-398.2428660384264
42,5219,479466,-298.9514902065541
42,5220,479562,-248.63753227758463
42,5221,479645,-129.18793579843344
42,5222,479736,-177.23695803507457
42,5223,479839,-205.13162761495488
42,5224,479925,-125.77659249002055
42,5225,480018,-152.27941414626542
42,5226,480132,-85.197221172088
42,5227,480227,-341.32635629791207
42,5228,480331,-196.3426672413662
42,5229,480441,-162.94676873499048
42,5230,480581,-220.68630971277594
42,5231,480689,-131.699319806938
42,5232,480765,-132.20154389643994
42,5233,480832,-100.72162414637998
42,5234,480926,-261.23504165861965
42,5235,481062,-296.65683458899167
42,5236,481158,-372.9002173183879
42,5237,481241,-410.5929836905456
42,5238,481296,-144.66688001912684
42,5239,481385,-8.511529242881693
42,5240,481462,-176.79404804644577
42,5241,481579,-366.47513688451244
42,5242,481671,-113.14183469994983
42,5243,481781,-92.88096657130238
42,5244,481856,-234.72092669217722
42,5245,481928,-150.56973599225205
42,5246,481999,-104.77196411134365
42,5247,482111,-276.5304464292164
42,5248,482206,-0.7211288736112635
42,5249,482300,-77.47562851255071
42,5250,482400,-253.37039127446258
42,5251,482492,-127.85931917572488
42,5252,482558,-42.36446737284144
42,5253,482630,-93.19406547714404
42,5254,482701,-173.2859546748058
42,5255,482825,-125.3453897246916
42,5256,482891,-122.63296693950116
42,5257,483005,-198.94739758103174
42,5258,483066,-95.06739008850322
42,5259,483131,-224.80831359120646
42,5260,483215,-266.1654656370855
42,5261,483326,-264.0624116721657
42,5262,483402,-289.57357891059894
42,5263,483466,-244.21142935985495
42,5264,483552,-104.54543549765908
42,5265,483658,-120.62288964552451
42,5266,483774,-263.5488875007554
42,5267,483883,-171.40242217825545
42,5268,483961,-356.4249341231522
42,5269,484039,-218.5740188300222
42,5270,484146,-114.48048085328885
42,5271,484247,-158.28341214697633
42,5272,484372,-364.0058780025746
42,5273,484470,-329.3816742664694
42,5274,484559,-178.473236074363
42,5275,484621,-90.81697743428128
42,5276,484757,-177.66728543458728
42,5277,484826,-136.43696845548976
42,5278,484951,-158.37487900409653
42,5279,485015,-78.00502830665411
42,5280,485082,-85.8678879401487
42,5281,485216,-349.9251101394584
42,5282,485284,-136.5804670400566
42,5283,485379,-105.43043083133372
42,5284,485470,-371.38106735096494
42,5285,485571,-484.36509554768134
42,5286,485692,-177.05414828160252
42,5287,485763,-147.1078777327005
42,5288,485849,-147.73007350973134
42,5289,485934,-325.76749486470635
42,5290,486024,-344.4919238215541
42,5291,486091,-77.06156208679968
42,5292,486167,-89.60500936865675
42,5293,486240,-144.88515137948548
42,5294,486309,-197.3325209199307
42,5295,486410,-207.57679576888222
42,5296,486503,-133.0154846796603
42,5297,486572,-379.9186066996281
42,5298,486645,-75.58052097631207
42,5299,486718,-103.64464229966613
42,5300,486813,-276.2115101393132
42,5301,486908,-339.3006856003492
42,5302,487026,-129.32101637707652
42,5303,487135,-143.5852582959651
42,5304,487241,-464.92975645438275
42,5305,487320,-109.44846026256641
42,5306,487387,-99.99168319677503
42,5307,487484,-89.36772287497683
42,5308,487559,-116.10469120266994
42,5309,487642,-136.95210651852508
42,5310,487736,-298.51115439478986
42,5311,487853,-384.8689141957591
42,5312,487944,-320.9087988517595
42,5313,488019,-55.87903298015365
42,5314,488092,-57.345203416476465
42,5315,488183,-161.07149491827198
42,5316,488257,-249.92321582123685
42,5317,488324,-95.74258918947093
42,5318,488441,-305.13219875479086
42,5319,488548,-264.9840146174994
42,5320,488632,-105.30465924113392
42,5321,488736,-394.6465516625428
42,5322,488857,-118.10759371076833
42,5323,488963,-248.70665130918331
42,5324,489048,-99.14451205575368
42,5325,489154,-361.955074535829
42,5326,489221,-187.91035339019754
42,5327,489310,-376.49345701862745
42,5328,489436,-254.96194964187808
42,5329,489502,-123.5210185742308
42,5330,489587,-82.87837389889734
42,5331,489706,-262.20125092495124
42,5332,489788,-144.43898928990535
42,5333,489910,-162.91706726512888
42,5334,490012,-52.430094002130836
42,5335,490090,-112.11706702723295
42,5336,490182,-481.2629017690616
42,5337,490297,-141.9345947491121
42,5338,490408,-403.0274691099958
42,5339,490513,-258.80130976893633
42,5340,490597,-127.0606495942252
42,5341,490659,-71.94033146357641
42,5342,490759,-223.30870365633157
42,5343,490850,-169.59646301327047
42,5344,490915,-132.31938359841533
42,5345,491025,-363.87383006277855
42,5346,491097,-104.07215910797439
42,5347,491168,-103.35809623352623
42,5348,491278,-174.66767911259052
42,5349,491381,-137.20443762677834
42,5350,491452,-159.83580321278896
42,5351,491577,-325.23531110691357
42,5352,491660,-151.66852049156768
42,5353,491789,-174.86404830714605
42,5354,491863,-86.2987406952219
42,5355,491953,-100.57385392570158
42,5356,492041,-155.53867282777938
42,5357,492132,-118.41439166327667
42,5358,492243,-251.6052265744773
42,5359,492338,-1.0078959623134267
42,5360,492414,-65.6781424874975
42,5361,492477,-105.92282711221331
42,5362,492570,-119.76476582674883
42,5363,492636,5.418278600469364
42,5364,492741,-73.01914306132146
42,5365,492859,-380.71839366594116
42,5366,492932,-84.36178741127051
42,5367,493044,-139.44206783810498
42,5368,493142,-244.91315151133455
42,5369,493256,-343.02706636144075
42,5370,493375,-30.045803738288456
42,5371,493442,-55.595531257644566
42,5372,493533,-93.22491239520754
42,5373,493597,-65.9530580893454
42,5374,493660,-73.81058232720204
42,5375,493756,-85.26466444241223
42,5376,493858,-121.13084743462574
42,5377,493951,-270.00430358995084
42,5378,494070,-185.82777060834985
42,5379,494261,-261.6750572211415
42,5380,494352,-173.39339462763567
42,5381,494469,-417.05935447735794
42,5382,494552,-93.94257468847702
42,5383,494635,-390.03005618223324
42,5384,494720,-118.51987089647207
42,5385,494808,-328.7653341283291
42,5386,494921,-118.50584090722583
42,5387,495015,-157.74590624013632
42,5388,495089,-82.74268676728116
42,5389,495158,-36.76454749838223
42,5390,495252,-144.74299642316333
42,5391,495389,-299.30011070142723
42,5392,495473,-289.0423116789639
42,5393,495573,-115.71128111924781
42,5394,495708,-141.9674714156389
42,5395,495813,-183.88142691616457
42,5396,495899,-86.8865025091348
42,5397,495967,-100.89660044621861
42,5398,496039,-91.6792323429374
42,5399,496108,-287.4511309937844
42,5400,496186,-80.8464452340329
42,5401,496257,-108.57808823796753
42,5402,496331,-168.0791159452861
42,5403,496412,-132.977260249033
42,5404,496527,-140.3302609431363
42,5405,496639,-153.75772386726288
42,5406,496742,-433.054461502926
42,5407,496811,-189.73328429907423
42,5408,496911,-382.36553021139764
42,5409,497002,-134.29472752568546
42,5410,497123,-282.0240166113418
42,5411,497201,-88.39004594978343
42,5412,497305,-264.6610486057956
42,5413,497383,-78.58075213521329
42,5414,497479,-256.85483505361054
42,5415,497586,-277.33179922743466
42,5416,497677,-393.0993607926243
42,5417,497744,-141.29346505050867
42,5418,497813,-86.69713555195229
42,5419,497939,-208.42658540654799
42,5420,498039,-194.43621432270913
42,5421,498100,-115.18523186143962
42,5422,498182,-411.87612327340804
42,5423,498254,-94.51981398767705
42,5424,498331,-89.37960327767016
42,5425,498418,-234.67964312350534
42,5426,498493,-138.93415551521153
42,5427,498567,-112.7665080175924
42,5428,498664,-34.79003787297458
42,5429,498764,-143.94031632379907
42,5430,498834,-107.27298418153508
42,5431,498922,-128.5545738757637
42,5432,499000,-275.9776224817592
42,5433,499069,-94.69787317903372
42,5434,499177,-197.46218767297893
42,5435,499283,-81.0172521597085
42,5436,499362,-76.54526687226237
42,5437,499466,-214.13098327732973
42,5438,499524,-132.33404486708935
42,5439,499609,-241.53296896475626
42,5440,499708,-323.81791623262103
42,5441,499821,-243.4705440345063
42,5442,499916,-151.51361444338283
42,5443,499981,-84.86434297026535
42,5444,500050,-42.223185361042646
