seed,episode,total_steps,return
777,1,145,-391.9509902044953
777,2,291,-278.8833487923391
777,3,404,-215.97148585113007
777,4,501,-276.70871341047655
777,5,649,-273.4666355876152
777,6,803,-321.32215723073557
777,7,957,-303.31535357691575
777,8,1115,-229.1245306748212
777,9,1193,-144.55884257742008
777,10,1303,-92.92319494559665
777,11,1394,-109.7959942915646
777,12,1527,-296.0320302400811
777,13,1651,-122.12512066109883
777,14,1725,-58.763891979823725
777,15,1854,-63.37336347320914
777,16,2084,-246.59732123743325
777,17,2176,-64.41750870124307
777,18,2354,-356.23133901342237
777,19,2422,-127.94863905597518
777,20,2542,-213.69112899820095
777,21,2632,-148.5380109531465
777,22,2938,-103.37349637952495
777,23,3084,-105.21835935003458
777,24,3342,-525.074715744096
777,25,3446,-20.59603629224165
777,26,3529,-257.90507922432505
777,27,3657,-234.06006597464258
777,28,3754,-61.057291728832425
777,29,3902,-483.4031304370284
777,30,4050,-141.9652846191019
777,31,4186,-283.7004085870416
777,32,4329,-288.41709880684994
777,33,4511,-381.6228954775138
777,34,4716,-465.97951326800694
777,35,4913,-379.30529988219354
777,36,5075,-268.40936603499756
777,37,5241,-595.4817369147349
777,38,5328,-247.88955571994734
777,39,5586,-469.25937674866003
777,40,5759,-300.52845563427235
777,41,5884,-447.6059395625374
777,42,6070,-357.10601961675206
777,43,6238,-340.5688054747648
777,44,6342,-274.6723295426455
777,45,6489,-352.37884777530763
777,46,6648,-489.0623019324829
777,47,6786,-535.042208484811
777,48,6935,-536.0617309406514
777,49,7180,-829.0774230301554
777,50,7306,-157.92579413691303
777,51,7621,-216.7304809511491
777,52,7777,-631.3546035014375
777,53,7975,-307.9151392906384
777,54,8061,-281.3183406497918
777,55,8312,-529.343728433038
777,56,8399,-402.0818410574724
777,57,8601,-548.7457534742432
777,58,8747,-326.78859739982784
777,59,9003,-111.3470405582683
777,60,9155,-358.4619776826412
777,61,9294,-326.1805807281703
777,62,9496,-746.1932743111577
777,63,9703,-358.4968417332198
777,64,9838,-289.6469049113168
777,65,10051,-369.6310377984441
777,66,10225,-123.83964248735315
777,67,10469,-467.4565398040768
777,68,10639,-662.7692487186174
777,69,10849,-492.9192698484494
777,70,11044,-493.44497097983026
777,71,11207,-347.51894259273854
777,72,11384,-572.7956701032577
777,73,11523,-301.25956681988794
777,74,11677,-377.05895519650863
777,75,11857,-229.73827206647834
777,76,12122,-670.6010071126409
777,77,12226,-369.99243024685313
777,78,12379,-52.424272824486934
777,79,12547,-317.14625402374713
777,80,12720,-257.69686371570674
777,81,12889,-564.6202711454451
777,82,13088,-249.07301231027492
777,83,13210,-290.8226264969119
777,84,13323,-243.79019659931063
777,85,13537,-128.87972726166495
777,86,13882,-261.62596620361865
777,87,13996,-3.660878664810781
777,88,14144,-338.8745575717936
777,89,14257,8.176061235645733
777,90,14413,-279.74256461951313
777,91,14580,-338.6865382754378
777,92,14724,-110.7893566815622
777,93,14911,-269.1966197296812
777,94,15081,-380.00344744812503
777,95,15190,-206.60972368957738
777,96,15330,-324.70458628712584
777,97,15555,-352.5200148265694
777,98,15665,-277.73527452813795
777,99,15851,-253.46204879592312
777,100,15995,-606.8384243597482
777,101,16213,-487.9382152003132
777,102,16345,-312.84967578946106
777,103,16508,-275.2893995920471
777,104,16638,-284.8168345323261
777,105,16905,-823.5108775622466
777,106,17059,-562.2921821186856
777,107,17365,-544.8584664531759
777,108,17623,-368.2381981158587
777,109,17971,-836.2431197348735
777,110,18231,-522.6599416124313
777,111,18413,-220.38865044233114
777,112,18651,-449.316258420281
777,113,18878,-462.8656872329493
777,114,19036,-309.154482696793
777,115,19352,-447.5616149823334
777,116,19546,-513.0131584823542
777,117,19747,-304.99924127932917
777,118,19916,-352.68559955296826
777,119,20048,-301.91403338142266
777,120,20211,-307.8592221053202
777,121,20417,-224.81822477048865
777,122,20540,-300.5753899156651
777,123,20710,-334.58379708942675
777,124,20899,-358.5175008755125
777,125,21028,-223.9965892789147
777,126,21124,-21.39679491410891
777,127,21266,-261.5594252627069
777,128,21423,-189.99477160944005
777,129,21624,-488.10018889273
777,130,21768,-359.6886598935047
777,131,21896,-78.45324100272222
777,132,22179,-210.53846400872044
777,133,22296,-320.3244435240146
777,134,22642,-556.8488518403956
777,135,22806,-348.2284691772103
777,136,22922,-443.75423793256476
777,137,23045,-467.6823237688222
777,138,23144,-171.53171907886156
777,139,23263,-247.22546831343354
777,140,23390,-330.25444991183053
777,141,23500,-422.1574954547451
777,142,23603,-162.58883050625727
777,143,23723,-373.6146871081413
777,144,23859,-381.1655965594127
777,145,24057,-218.80639798867261
777,146,24206,-363.5337240603036
777,147,24328,-20.01829135271643
777,148,24487,-410.1827899790916
777,149,24603,-306.89539322515304
777,150,24871,-691.794944951532
777,151,25002,-232.40797444163223
777,152,25121,-284.95998521069293
777,153,25363,-408.9342660481305
777,154,25496,-325.377088744008
777,155,25665,-240.80694276664568
777,156,25811,-400.76779812399576
777,157,26153,-269.6328253064562
777,158,26277,-313.7268838614732
777,159,26405,-304.5985602872938
777,160,26522,-287.28392202086377
777,161,26694,-347.62149497258537
777,162,26955,-314.08217909731053
777,163,27120,-458.5010147181652
777,164,27244,-266.00527909423863
777,165,27389,-558.0873184773529
777,166,27546,-513.9266264354562
777,167,27661,-265.2104439868628
777,168,27797,-488.8542670006067
777,169,27924,-223.10208320237624
777,170,28054,-345.760969148585
777,171,28163,-262.70068509024753
777,172,28317,-368.01398770816417
777,173,28461,-479.8068147977485
777,174,28632,-420.7754108248052
777,175,28776,-198.54379632412056
777,176,28878,-79.14188395011588
777,177,29002,-286.48607095989615
777,178,29147,-220.61597764676466
777,179,29300,-449.2388231439558
777,180,29418,-569.4345615515629
777,181,29512,-400.85830855638477
777,182,29614,-451.5807925158303
777,183,29711,-362.29417535193534
777,184,29807,-222.1640723619309
777,185,29919,-299.79768715669684
777,186,30051,-383.35378878966094
777,187,30195,-340.93342058867125
777,188,30359,-245.0300061901204
777,189,30591,-294.964070373632
777,190,30715,-196.27465094276863
777,191,30809,10.014368921741323
777,192,30961,-337.54965210655934
777,193,31158,-250.1538078959534
777,194,31373,-155.45549209658486
777,195,31600,-35.43981187311
777,196,31826,-263.1357941523553
777,197,31933,-225.01910270714507
777,198,32124,-235.8045854919988
777,199,32326,-256.6191485802578
777,200,32478,-274.65396066187736
777,201,32565,-265.0253502752485
777,202,32734,-71.26836828815615
777,203,32837,-347.2746458102265
777,204,33053,-354.2787654132468
777,205,33193,-329.5736211107577
777,206,33343,-313.7274650821147
777,207,33466,-593.3223385611666
777,208,33624,-603.2671826993817
777,209,33725,-308.0343056711089
777,210,33836,-359.32495308732877
777,211,33917,-310.82489587727446
777,212,34050,-513.3000217971394
777,213,34144,-295.1071630427564
777,214,34599,-1007.1492993893969
777,215,34837,-510.5995775604798
777,216,34961,-23.37422488185568
777,217,35185,-509.58225070855667
777,218,35389,-263.9293946985009
777,219,35613,-394.2878348912175
777,220,35791,-368.5717915848253
777,221,36071,-815.0683827027757
777,222,36235,-440.3887367449459
777,223,36389,-345.2366981591651
777,224,36507,-337.70950658706954
777,225,36628,-174.0705512394133
777,226,36865,-865.2025871402739
777,227,37120,-613.2258434691121
777,228,37229,-322.5770049581155
777,229,37412,-248.85704784468447
777,230,37558,-368.77800698536026
777,231,37750,-74.78518692347772
777,232,37935,-224.83032423712461
777,233,38050,-172.85182565416758
777,234,38326,-278.0979611190767
777,235,38561,-356.2624409094137
777,236,38776,-317.46125598562594
777,237,38876,-188.62093705113716
777,238,39034,-441.59996215554935
777,239,39208,-334.89993153412905
777,240,39400,-159.78459795056838
777,241,39510,-216.41156906182718
777,242,39597,-361.7278828628956
777,243,39705,-80.59513481620257
777,244,39822,-152.44316023591074
777,245,39981,-266.8234382887372
777,246,40221,-100.20533523970475
777,247,40342,-56.812581517949916
777,248,40440,-278.1012418045638
777,249,40545,-478.76355699708614
777,250,40650,-83.39609107153731
777,251,40755,-634.6567929174868
777,252,40873,-287.55402746525056
777,253,41023,-336.6690850999763
777,254,41123,-106.5550137578424
777,255,41308,-695.4479522357708
777,256,41463,-456.1254461488269
777,257,41608,-575.4022706706864
777,258,41758,-612.93695005692
777,259,41914,-576.1321489040032
777,260,42051,-292.18292644300107
777,261,42142,-389.5356659731439
777,262,42242,-354.5968217148645
777,263,42380,-432.018002318542
777,264,42490,-208.74025958527517
777,265,42640,-257.05914135495226
777,266,43048,-259.5695108124244
777,267,43161,-69.29819550565927
777,268,43392,-580.2077553983606
777,269,43592,-245.95848873167802
777,270,43711,7.8301221231132985
777,271,43808,-69.16735714888111
777,272,43980,-294.62350923323265
777,273,44096,-301.89765825333643
777,274,44851,-209.95211226469604
777,275,45056,-71.72226702733795
777,276,45148,-453.5101145759055
777,277,45305,-269.15600743234234
777,278,45411,-408.30896351323076
777,279,45570,-393.9285491509967
777,280,45662,-297.2607296338757
777,281,45794,-317.28609747678547
777,282,45899,-304.6519553981145
777,283,45998,-373.5060188072144
777,284,46118,-407.53388405989557
777,285,46243,-522.534341566354
777,286,46359,-203.1728081566876
777,287,46490,-550.5259277237853
777,288,46616,-593.7134409942107
777,289,46734,-445.8228912851554
777,290,46884,-187.21052154455796
777,291,46970,-198.1372613771622
777,292,47103,-574.6642472752972
777,293,47199,-272.77617333481345
777,294,47287,-509.2389143224394
777,295,47365,-314.3625591161939
777,296,47504,-455.49144925081134
777,297,47589,-370.4089658873775
777,298,47696,-452.6075852410566
777,299,47819,-146.97391746004078
777,300,47978,-471.7984973642327
777,301,48082,-447.56716097322277
777,302,48183,4.078153925588467
777,303,48277,-250.78709517575203
777,304,48348,-70.22120241112287
777,305,48442,-139.27365903810346
777,306,48542,-63.93531691921784
777,307,48632,-118.09213871961525
777,308,48704,-54.86220016830889
777,309,48815,-234.21183021038826
777,310,48918,-534.6507515390423
777,311,49018,-323.3441527144114
777,312,49161,-396.34120695147635
777,313,49278,-219.80491526929322
777,314,49389,-443.1190158225768
777,315,49485,-130.17082159829698
777,316,49616,-237.34415792343898
777,317,49742,-212.83544693165248
777,318,49920,-109.81100472947205
777,319,50081,-556.5151900446851
777,320,50301,-482.32689153860537
777,321,50393,-59.96331588684337
777,322,50488,-433.16710960946966
777,323,50650,-479.9559204568537
777,324,50734,-182.99951789465842
777,325,50820,-87.8399051724263
777,326,51007,-148.19560867042816
777,327,51218,-578.3996449806024
777,328,51350,-391.1631185801801
777,329,51489,-238.572484802247
777,330,51622,-375.636477390197
777,331,51755,-161.33293796502076
777,332,51951,-298.3910717003948
777,333,52137,-385.90389652053585
777,334,52293,-585.9297022986289
777,335,52430,25.85590399578335
777,336,52512,-26.12930527342455
777,337,52648,-398.469337315048
777,338,52787,-274.6996378953667
777,339,52901,-225.91059442537647
777,340,53030,-280.14784537863653
777,341,53375,-542.3837164446002
777,342,53480,-308.41501848937537
777,343,53663,-467.37413497967293
777,344,53822,-279.96983309120117
777,345,53967,-395.123253415073
777,346,54072,-389.2844068657489
777,347,54261,-281.4877959551255
777,348,54343,-98.33809944494769
777,349,54505,-101.01029342343877
777,350,54604,-320.0984925672773
777,351,54826,-406.5808661532554
777,352,54995,-76.2762095080888
777,353,55161,-587.3725736974636
777,354,55322,-226.11617511224847
777,355,55478,-439.8025925529429
777,356,55632,-255.51542865533332
777,357,55855,-405.05054518910623
777,358,56001,-46.390511545418725
777,359,56122,-464.7383725228801
777,360,56315,-405.0077546475382
777,361,56414,-42.382812155937614
777,362,56516,-293.7258727885902
777,363,56602,-143.34317037428818
777,364,56683,-453.1917992264841
777,365,56836,-592.9264350981357
777,366,56942,-308.19822930776604
777,367,57023,-441.6547993883047
777,368,57147,-350.7404294894494
777,369,57285,-308.6907167450063
777,370,57447,-520.9844897285142
777,371,57535,-91.32610143665684
777,372,57630,-162.43747550243128
777,373,57754,-633.1153006253755
777,374,57892,-445.7058374136326
777,375,58039,-179.9486666134359
777,376,58148,-170.61733884192657
777,377,58281,-325.577995093557
777,378,58464,-535.9533666127279
777,379,58594,-314.64215844011227
777,380,58745,-166.14245830400486
777,381,58836,-387.6676114127639
777,382,59015,-409.3939033530147
777,383,59160,-314.41560331048834
777,384,59326,-120.51634154915813
777,385,59442,-273.92273271780084
777,386,59526,-13.97209252660221
777,387,59721,-202.25049841105928
777,388,59886,-309.3156682976378
777,389,59981,-182.48520716928357
777,390,60137,-401.4999699916583
777,391,60312,-119.21570986455654
777,392,60453,-401.0011198673965
777,393,60539,-321.23538641850837
777,394,60655,-309.8265599457907
777,395,60856,-439.19228110372086
777,396,61012,-385.66731862052126
777,397,61141,-445.05216611084404
777,398,61261,-275.698094479523
777,399,61509,-384.0650350818638
777,400,61631,-256.4534974310605
777,401,61857,-588.4372837215328
777,402,61944,-317.5009321172877
777,403,62131,-711.9474821666074
777,404,62275,-388.799030312191
777,405,62442,-389.2012412840352
777,406,62569,-209.7796895825827
777,407,62715,-348.95994714236707
777,408,62803,-117.37010767219698
777,409,62933,-243.2422356043825
777,410,63149,-388.41067555321234
777,411,63259,-181.0761969992702
777,412,63392,-411.52222000244217
777,413,63541,-38.94196860818115
777,414,63666,-344.5918331368938
777,415,63836,-87.47979786625335
777,416,63915,-342.5118237744633
777,417,63997,-87.06168536785368
777,418,64097,-78.60300971686002
777,419,64179,-66.25895014335842
777,420,64381,-159.29451985002214
777,421,64542,-321.1800361911212
777,422,64661,-250.38601571973774
777,423,64838,-252.94336729273599
777,424,64971,-454.4225978004095
777,425,65067,-233.62303787936727
777,426,65174,-81.49086733416547
777,427,65340,-393.79207300110875
777,428,65449,-337.8101218253041
777,429,65570,-199.62172382086808
777,430,65718,-543.1169416367452
777,431,65847,-519.9206340259235
777,432,65976,-302.0123966172114
777,433,66178,-92.91484510118374
777,434,66437,-128.56499830754478
777,435,66585,-600.8056431565699
777,436,66758,-495.80618060154745
777,437,66843,-362.83629960659164
777,438,66966,-399.77901322427687
777,439,67115,-621.6139889570795
777,440,67237,-281.59724221503313
777,441,67324,-61.633953639662465
777,442,67429,-78.0537567528072
777,443,67540,-490.4593038756154
777,444,67622,-405.51934123547716
777,445,67820,-443.8480009100036
777,446,67902,-408.33307111023834
777,447,67993,-312.77512542146167
777,448,68116,-437.00306785420406
777,449,68261,-328.99771975729226
777,450,68523,-796.4447211290126
777,451,68625,-496.5517479394134
777,452,68789,-599.2717517386058
777,453,68876,-348.9884126354349
777,454,68983,-209.56682042922404
777,455,69204,-444.5540448684478
777,456,69400,-372.77904533295435
777,457,69560,-440.0803267774448
777,458,69776,-665.8442629779904
777,459,69899,-13.337514822370053
777,460,70022,-534.4014171050796
777,461,70144,-349.86920361647043
777,462,70240,-331.5314098408493
777,463,70331,-205.09393355788006
777,464,70431,-131.69582850422424
777,465,70564,-148.9572903736966
777,466,70713,-541.37562359238
777,467,70847,-244.05550474189525
777,468,71000,-110.20876506254278
777,469,71151,-301.2748361008013
777,470,71346,-226.55141464842401
777,471,71493,-230.05663971458478
777,472,71688,-573.654017527209
777,473,71805,-228.11628319977714
777,474,71921,-70.91935206051443
777,475,72078,-360.4068362296253
777,476,72232,-291.76613704295175
777,477,72460,-404.0532172666911
777,478,72599,-716.1994186598176
777,479,72763,-560.8174848444376
777,480,72929,-122.23082201344371
777,481,73064,-334.1794135449393
777,482,73180,-42.5457230815883
777,483,73306,-213.33644042762634
777,484,73434,-271.62614989375345
777,485,73556,-262.58456788717893
777,486,73679,-497.34476627074076
777,487,73779,-244.21186534888506
777,488,73926,-267.2002874660058
777,489,74062,-310.92458549475214
777,490,74176,-231.6231848196363
777,491,74270,-18.014802800104277
777,492,74363,-342.67856404011377
777,493,74483,-185.5185262367072
777,494,74647,-379.7277262289604
777,495,74842,-302.0754842129769
777,496,75009,-265.03957992443793
777,497,75217,-333.71943064689384
777,498,75360,-332.0032630252021
777,499,75552,-396.9426577156256
777,500,75755,-495.72467056102374
777,501,75857,-170.4063997137539
777,502,76051,-204.09639899238132
777,503,76130,-17.19753073494499
777,504,76302,-260.8353226993195
777,505,76430,-273.3771604668132
777,506,76601,-405.0914112719127
777,507,76764,-319.4130256689679
777,508,76952,-611.2455923262596
777,509,77130,-188.12153845932988
777,510,77288,7.024392465097279
777,511,77394,-269.71794663275944
777,512,77524,-310.96291917799306
777,513,77654,-235.82711337879473
777,514,77783,-229.3338998011286
777,515,77916,-384.9028897185361
777,516,78117,-538.6811854134222
777,517,78357,-396.8430927412778
777,518,78514,-357.09073179846445
777,519,78597,-261.5665520303186
777,520,78752,-287.4300833179915
777,521,78842,-133.14839498896538
777,522,78948,-313.27627714611515
777,523,79052,-29.383121945839648
777,524,79227,-140.99154064103615
777,525,79352,-326.15750192010387
777,526,79635,-380.4800718968221
777,527,79788,-311.3959385489288
777,528,79923,-510.5544555858477
777,529,80013,-298.1178637907801
777,530,80205,-226.15288295205522
777,531,80345,-209.27612942638396
777,532,80515,-307.66294511978094
777,533,80638,-410.7619290167316
777,534,80812,-416.65358626642154
777,535,80893,-385.3232905723351
777,536,80994,-191.16621690002762
777,537,81298,-384.769344264222
777,538,81490,-364.55275223667263
777,539,81590,-32.349279246949436
777,540,81739,-153.6420164629546
777,541,81887,-263.67932866184935
777,542,82069,-353.42721405727684
777,543,82326,-345.7074362787224
777,544,82420,-338.78564643429524
777,545,82560,-199.24689128886388
777,546,82652,5.751908771768981
777,547,82790,-390.3760186310841
777,548,82939,-559.5634413571315
777,549,83101,-648.7797855022238
777,550,83212,-482.63243540449554
777,551,83332,-315.3878323928428
777,552,83493,-668.9412091130436
777,553,83620,-410.5724506011378
777,554,83759,-467.76635766394645
777,555,83846,-261.57702134268936
777,556,84011,-192.76171362650624
777,557,84112,-336.52016738319855
777,558,84279,-343.80935011334736
777,559,84423,-283.16295783301274
777,560,84598,-288.74450949364416
777,561,84724,-156.53629881574653
777,562,84894,-205.45089387495958
777,563,85062,-595.7475816027484
777,564,85188,-262.9898127707253
777,565,85315,-293.1262443651382
777,566,85468,-391.08020965016584
777,567,85614,-421.8384832573441
777,568,85920,-261.95339847364073
777,569,86022,-144.38522656447378
777,570,86169,-576.9226552086257
777,571,86296,-124.79724051830601
777,572,86397,-63.59335896408251
777,573,86594,-336.7150637972803
777,574,86704,-198.4437340760656
777,575,86812,-1.2076101717262304
777,576,86905,-303.83488783863356
777,577,87129,-225.73484726200815
777,578,87211,-174.47937880869458
777,579,87337,-6.739863624920602
777,580,87542,-385.9820797178554
777,581,87700,-86.18748539461956
777,582,87850,-381.8479511783236
777,583,88588,-381.2961832850044
777,584,88724,-605.144009422645
777,585,88898,-607.40329778304
777,586,88983,-309.54340546026515
777,587,89113,-172.27377820016153
777,588,89362,-609.6562789001712
777,589,89511,-268.5069520042173
777,590,89678,-278.3390460009161
777,591,89810,-359.83424334977457
777,592,89985,-315.787643723437
777,593,90119,-282.55246172193097
777,594,90334,-484.4318834976762
777,595,90572,-387.81647003756296
777,596,90783,-579.7363264514222
777,597,91053,-780.7148234332057
777,598,91201,-108.47583049066701
777,599,91286,-130.4450076546598
777,600,91620,-894.6235963586615
777,601,91833,-426.9477686271272
777,602,92051,-377.8873349352495
777,603,92224,-254.1004672992318
777,604,92419,-567.5400369234154
777,605,92674,-336.7979632517638
777,606,92776,-240.3287952853353
777,607,92972,-255.77568292392692
777,608,93072,-306.38355879026744
777,609,93179,-307.2991545301764
777,610,93255,-66.32977811589572
777,611,93388,-289.45107974070504
777,612,93590,-265.22651496152275
777,613,93722,-311.9216291235018
777,614,93901,-270.0635800882443
777,615,94034,-380.77678126845933
777,616,94174,-286.53045623231503
777,617,94500,-332.233027605493
777,618,94626,0.4758098874197003
777,619,94737,-382.01292024863477
777,620,95017,-411.27532335787333
777,621,95182,-345.2715007717328
777,622,95305,-324.3700135210628
777,623,95405,-293.8466252722404
777,624,95516,-541.9686995446659
777,625,95642,-415.67985844036247
777,626,95841,-360.49467495899586
777,627,96009,-237.35712532326406
777,628,96128,-555.7826116248796
777,629,96327,-426.99847214819806
777,630,96585,-852.2997526286739
777,631,96769,-432.6942889207567
777,632,96965,-186.2919167327782
777,633,97160,-446.2069463033223
777,634,97322,-624.3113512694584
777,635,97436,-295.80575053262663
777,636,97595,-392.4483528967851
777,637,97829,-416.0564760785512
777,638,97973,-474.0190837873614
777,639,98093,-330.06804900392063
777,640,98231,-193.7533229162106
777,641,98376,-67.91340109193419
777,642,98568,-329.26576979803076
777,643,98725,-282.41972958753195
777,644,98936,-323.9144765529941
777,645,99123,-588.6616165918188
777,646,99283,-465.32999057002814
777,647,99375,-335.75125498869915
777,648,99610,-355.3193219984581
777,649,99704,-223.9586432638228
777,650,99812,-184.66303991481715
777,651,99960,-279.6562104162351
777,652,100102,-419.58404638025104
777,653,100348,-169.47611348672666
777,654,100432,-238.420979582655
777,655,100544,-558.9678726551201
777,656,100663,-51.74837510035918
777,657,100861,-239.87033170505765
777,658,101020,-509.6103934771465
777,659,101247,-641.1852670247698
777,660,101414,-84.16625060912318
777,661,101533,-329.8867136008947
777,662,101948,-292.6909201146332
777,663,102110,-284.2750766158325
777,664,102340,-479.95574736121245
777,665,102489,-445.33639398525946
777,666,102761,-845.6689441565287
777,667,102989,-730.9949014837362
777,668,103133,-398.770778406095
777,669,103285,-384.41625109358847
777,670,103371,-135.7532928398596
777,671,103486,-166.50216913271808
777,672,103769,-499.4953828192284
777,673,103940,-135.98609068155565
777,674,104106,-329.543973501423
777,675,104306,-178.32305285294166
777,676,104539,-383.86851729767125
777,677,104752,-298.8102451777435
777,678,104901,-315.46405231548704
777,679,105057,-216.86821962585083
777,680,105231,-296.88714095184474
777,681,105441,-558.7354137210027
777,682,105728,-314.4909926741799
777,683,105977,-788.5392431483201
777,684,106119,-27.09771460751533
777,685,106335,-297.67868522619654
777,686,106474,-244.97819592574996
777,687,106660,-489.4136378248139
777,688,106825,-309.1665168226614
777,689,107012,-286.57309213302176
777,690,107153,-44.991290136498094
777,691,107373,-516.0430024479344
777,692,107495,-472.602515396244
777,693,107656,-286.273745661269
777,694,107819,-226.1911485049714
777,695,107974,-377.9466853397314
777,696,108148,-112.1252515995584
777,697,108275,-174.60698267273443
777,698,108411,-187.97687329679428
777,699,108517,3.4324282055483053
777,700,108706,-566.111723022445
777,701,108807,-253.29608150765418
777,702,108983,-339.0370152592681
777,703,109144,-80.50608006176921
777,704,109230,-59.5598912172063
777,705,109320,-39.81641179125981
777,706,109470,-385.9914210348239
777,707,109679,-240.3384037600048
777,708,109838,-185.35580552429974
777,709,110074,-206.70551295251443
777,710,110228,-461.0979480057899
777,711,110460,-425.1141377559003
777,712,110628,-263.7088424645273
777,713,110747,-373.7071021202334
777,714,110909,-428.54043906068915
777,715,111072,-318.2284877317662
777,716,111173,-312.68626560747725
777,717,111350,-270.42978404910343
777,718,111675,-170.96184295763186
777,719,111868,-348.04840539614736
777,720,112051,-500.5845052670393
777,721,112306,-133.08287224899817
777,722,112434,14.90510766842695
777,723,112583,-229.4668130657684
777,724,112777,-338.2515280943437
777,725,112942,-299.69604955794966
777,726,113054,-81.5794072124087
777,727,113181,16.272633219886487
777,728,113366,-372.29082674486733
777,729,113509,-322.13779303329943
777,730,113677,-55.970493751947174
777,731,113847,-109.8325328469035
777,732,113943,-251.57816532308777
777,733,114125,-582.1164825841763
777,734,114293,-231.04872853554937
777,735,114436,-347.52667168664004
777,736,114612,-387.34051314247193
777,737,114800,-476.64501149931897
777,738,114899,-5.731841253119967
777,739,115020,-262.93245422774555
777,740,115166,-414.1489462938144
777,741,115359,-364.46798245022825
777,742,115571,-461.45042135412217
777,743,115719,-250.8605248742152
777,744,115881,-286.00659260488345
777,745,116001,-171.0346642061058
777,746,116227,-563.9684113358051
777,747,116335,-152.02857656119016
777,748,116459,-284.2346926865161
777,749,116591,-89.56367833217875
777,750,116826,-530.7472539643347
777,751,117043,-413.72942519305263
777,752,117158,-499.64717932293024
777,753,117287,-531.1614301749414
777,754,117440,-310.96953573002526
777,755,117657,-313.51342754696157
777,756,117859,-411.42188316952667
777,757,118035,-548.1503358203381
777,758,118277,-547.2962646222472
777,759,118414,-179.5446809001053
777,760,118564,-576.0964875173503
777,761,118773,-350.54016470629597
777,762,119011,-539.6453164180807
777,763,119164,-140.7755537631953
777,764,119294,-271.8787811431612
777,765,119383,-151.9150496210797
777,766,119497,-329.14076967759013
777,767,119671,-283.5493922962119
777,768,119749,-171.02225111114748
777,769,119868,-284.1177738618604
777,770,120005,-184.37986062836742
777,771,120136,-271.6329124868833
777,772,120290,-142.11672113064205
777,773,120420,-285.42864678930493
777,774,120586,-225.85212265881512
777,775,120752,-360.956669145505
777,776,120975,-572.6022716088997
777,777,121284,-298.90482678154956
777,778,121443,-320.662095763038
777,779,121564,-371.0730505727747
777,780,121764,-79.25776220985011
777,781,121922,-39.0104988036467
777,782,122064,-168.04709084947535
777,783,122218,-170.65624165006014
777,784,122414,-167.80662104479677
777,785,122528,-299.849935768665
777,786,122639,28.55669619194464
777,787,122822,-412.9367932617366
777,788,123167,-755.4311537927085
777,789,123338,-50.3079338822114
777,790,123460,-242.6125522611544
777,791,123598,-397.80304659900963
777,792,123708,-316.2983356980754
777,793,123858,-438.061829459774
777,794,124040,-43.89560596752878
777,795,124156,-289.5788131892785
777,796,124340,-317.5611371399746
777,797,124478,-231.56588821317717
777,798,124629,-438.96118050053764
777,799,124822,-615.4718336014521
777,800,125006,-300.4795971017778
777,801,125231,-531.1803020454806
777,802,125478,-67.4119712208791
777,803,125692,-486.8300765909422
777,804,125869,-145.85535619678382
777,805,126039,-252.89190749660386
777,806,126197,-81.9338250126311
777,807,126435,-419.08928921740915
777,808,126577,-394.7367280956329
777,809,126793,-596.374908964612
777,810,126929,-331.0266665513858
777,811,127107,-369.107753844174
777,812,127225,1.164124027623643
777,813,127370,-95.59280183650122
777,814,127479,-132.5623694774407
777,815,127637,-417.94529141368184
777,816,127854,-180.025232172012
777,817,128042,-351.4706867235561
777,818,128156,-304.3638438443331
777,819,128305,-318.8152165179199
777,820,128433,-389.6983797477183
777,821,128574,-280.5263791753497
777,822,128691,-358.8415807205266
777,823,128876,-194.56630927849392
777,824,129053,-342.18235823823295
777,825,129164,-177.1351386805016
777,826,129252,-215.95235461505138
777,827,129706,-319.8178898225931
777,828,129852,-310.51391860908427
777,829,129981,-224.74301065491952
777,830,130078,-251.1448313529687
777,831,130184,-138.90220898750286
777,832,130325,-377.8231991202298
777,833,130528,-307.89007289674583
777,834,130601,-76.85387508620254
777,835,130681,-179.26982434982625
777,836,130810,-441.1973365232489
777,837,130906,-247.00027367976506
777,838,131055,-317.20468619879205
777,839,131132,-104.37537476570625
777,840,131259,-369.21527902313164
777,841,131406,-385.79808393499366
777,842,131496,-338.79889703330707
777,843,131701,-234.06829969478244
777,844,131834,-569.303347574738
777,845,131953,-363.4146629535868
777,846,132073,-423.73124755735915
777,847,132298,-245.36905927466944
777,848,132579,-336.8211596872273
777,849,132689,-342.1908961932306
777,850,132856,-323.17225055672407
777,851,132975,-18.089591602845687
777,852,133075,-161.5419396675603
777,853,133187,-229.24129262927926
777,854,133301,-267.92724671477885
777,855,133390,-34.41181167453371
777,856,133501,-18.03406658742263
777,857,133643,-308.7712751818189
777,858,133794,-295.57813991244217
777,859,133947,-205.20923823590454
777,860,134163,-291.9147249894197
777,861,134323,-308.77354595914426
777,862,134493,-266.8930892389693
777,863,134661,-472.4125178370685
777,864,134863,-358.8918650817331
777,865,135022,-330.9101453621178
777,866,135188,-349.55063227884136
777,867,135346,-343.4536378286003
777,868,135545,-364.19380744360546
777,869,135683,-156.96344808453742
777,870,135861,-344.5314006808692
777,871,135991,15.240488156988647
777,872,136137,-422.9130146637326
777,873,136240,-56.18571064745282
777,874,136364,17.142656506947176
777,875,136492,-355.0595730515188
777,876,136853,-734.0391364862679
777,877,136939,-260.43193660813847
777,878,137101,-303.8052387826607
777,879,137228,-506.9940984877741
777,880,137322,-216.80802041761882
777,881,137542,-338.2984007876336
777,882,137752,-501.03793228580264
777,883,138340,-318.57144881247893
777,884,138427,-179.07161228179172
777,885,138562,-227.54522900555241
777,886,138747,-269.75991359690136
777,887,138889,-28.608025872801136
777,888,138993,-528.7236371215465
777,889,139083,-208.789506779293
777,890,139194,-180.06540872277716
777,891,139316,-192.47524615978156
777,892,139511,-238.9397918980349
777,893,139673,-559.5125606338843
777,894,139803,-137.15983600515656
777,895,139952,-241.13101064866424
777,896,140090,-159.67045057153769
777,897,140388,-662.4347343604005
777,898,140500,-409.32129250385697
777,899,140675,-387.89329436696323
777,900,140922,-329.1775395007297
777,901,141151,-233.37601812097728
777,902,141278,-356.56677908180797
777,903,141473,-617.5966087184707
777,904,141589,-261.2584238072146
777,905,141868,-570.0907022705708
777,906,141982,-316.8555738859843
777,907,142101,-418.3152194543291
777,908,142232,-308.105569749079
777,909,142343,-17.178182636857656
777,910,142568,-577.7879320412708
777,911,142694,-339.63554377123916
777,912,142848,-463.8905300343187
777,913,142981,-233.25970268100622
777,914,143178,-553.2555603398354
777,915,143314,-413.792992867011
777,916,143555,-387.14372142761243
777,917,143681,-340.81870856208144
777,918,143840,-450.80938977365435
777,919,143989,-368.73562038188743
777,920,144116,-246.10552327681356
777,921,144365,-143.45374647802942
777,922,144522,-313.76354057760034
777,923,144706,-379.35888957276416
777,924,144840,-309.95262767027486
777,925,144963,-102.3116828248573
777,926,145088,-282.80297076755113
777,927,145191,-68.726659403946
777,928,145355,-162.38594662616265
777,929,145493,-77.43806504031997
777,930,145607,-212.68943672015814
777,931,145710,-16.133990744178774
777,932,145802,-231.62363919979637
777,933,145961,-266.64104222739945
777,934,146109,-184.50842751601294
777,935,146433,-171.16538718925653
777,936,146581,-17.550404670111064
777,937,146689,-258.9417675923096
777,938,146838,-166.26926197839737
777,939,147004,-50.76401743750009
777,940,147180,-181.89243555653883
777,941,147392,-574.5889826384594
777,942,147604,-663.0867290897604
777,943,147691,-81.25784195634103
777,944,147856,-306.34095541884983
777,945,148031,-551.6070938983663
777,946,148239,-337.0384649189641
777,947,148370,-382.8241612789875
777,948,148526,-468.9431382607489
777,949,148641,-450.24017080965996
777,950,148857,-840.6396420086871
777,951,149103,-501.58569227471884
777,952,149220,-322.4691442484914
777,953,149348,-421.37397829897577
777,954,149481,-63.337118133497
777,955,149676,-521.5788450508021
777,956,149825,-618.0368222438494
777,957,150022,-564.3080447804887
777,958,150127,-394.7323636331903
777,959,150260,-267.19879776952456
777,960,150445,-28.862229690833175
777,961,150619,-375.985981189802
777,962,150873,-631.7069620856214
777,963,150987,-97.14577305969699
777,964,151181,-661.681441173881
777,965,151293,-324.501815986746
777,966,151484,-124.30821620518194
777,967,151672,-251.4773763490688
777,968,151771,-354.93933202229914
777,969,151992,-384.2944347857239
777,970,152130,-340.4347222694622
777,971,152292,-359.434273790546
777,972,152552,-664.9316200199856
777,973,152683,-252.4778431870613
777,974,152802,-51.60190797968545
777,975,153039,-311.5463462000091
777,976,153182,-335.90668853337246
777,977,153388,-298.0212091247249
777,978,153598,-439.9958153122774
777,979,153726,-319.41543143684453
777,980,153871,-198.68307633177596
777,981,153976,29.596519835576657
777,982,154114,-75.10683935940528
777,983,154262,-353.96072173307016
777,984,154470,-410.2432166843871
777,985,154587,-302.01068609561935
777,986,154752,-210.47236490562454
777,987,154949,-203.87592759813043
777,988,155081,-250.77444007534277
777,989,155290,-503.3215803731167
777,990,155430,-28.776784508828115
777,991,155574,-461.2430721139672
777,992,155713,-69.79262821461613
777,993,155838,-70.53186146854222
777,994,156005,-321.727691317878
777,995,156145,-298.86871376447857
777,996,156248,-253.40037900846082
777,997,156424,-415.8271820799193
777,998,156597,-364.1912713076366
777,999,156770,-584.2993966457508
777,1000,156999,-450.5620028083094
777,1001,157259,-378.55419370936
777,1002,157356,-211.7807916102601
777,1003,157512,-351.4231076022802
777,1004,157704,-534.7584001110274
777,1005,157907,-311.69571107572824
777,1006,158057,-223.28054655638948
777,1007,158276,-15.039773045557965
777,1008,158405,-91.53028196959848
777,1009,158576,-349.6409054877555
777,1010,158697,-277.7385809595785
777,1011,158837,-153.5425475483432
777,1012,158984,-164.9151116828019
777,1013,159091,-62.45127194565817
777,1014,159179,1.9821492631432562
777,1015,159357,-515.5994658665302
777,1016,159518,-532.307773657244
777,1017,159679,-294.163459334507
777,1018,159964,-313.3653122621996
777,1019,160156,-693.4107756560725
777,1020,160334,-521.3154007174685
777,1021,160541,-497.952560038718
777,1022,160729,-480.39203475423204
777,1023,160898,-360.15202806584904
777,1024,161136,-311.64679185428935
777,1025,161287,-219.04223702532641
777,1026,161459,-48.076298846257885
777,1027,161589,-40.25582123028849
777,1028,161749,-89.65306170623015
777,1029,161959,-473.3032168837544
777,1030,162110,-294.45792318569704
777,1031,162287,-585.6647765071485
777,1032,162417,-315.65072017100397
777,1033,162562,-435.71767026054533
777,1034,162681,-445.9184851649516
777,1035,162769,-97.81601785485235
777,1036,162977,-593.7498297179523
777,1037,163156,-328.3838695232384
777,1038,163294,-371.1144626600025
777,1039,163413,-382.66019269823346
777,1040,163519,-525.1730804304295
777,1041,163626,-428.8679165884798
777,1042,163751,-224.6605569793213
777,1043,163873,-547.85227421433
777,1044,163982,-460.91666078142663
777,1045,164063,-255.07427082790383
777,1046,164158,-455.20997362656215
777,1047,164270,-559.4289389722296
777,1048,164383,-216.94494582229567
777,1049,164510,-245.62315803168343
777,1050,164600,-239.45655977749064
777,1051,164719,-35.87496819016181
777,1052,164795,-55.60766580010249
777,1053,164928,-196.6968229939952
777,1054,165047,-88.61648618546465
777,1055,165179,-263.2330598759669
777,1056,165361,-262.98583537616327
777,1057,165428,-41.010336423035106
777,1058,165576,-94.0769881913233
777,1059,165742,-43.602479924982866
777,1060,165902,-109.39377755827981
777,1061,166115,-515.2419004204063
777,1062,166259,-194.56934805579738
777,1063,166381,-459.53342158782687
777,1064,166491,-205.35958079536442
777,1065,166598,-193.82684573730376
777,1066,166720,-394.173359895726
777,1067,166900,-82.40450700779665
777,1068,167018,-269.4442376025081
777,1069,167110,-127.6225205233345
777,1070,167204,-117.09089858253742
777,1071,167355,-204.36865103762915
777,1072,167454,-212.20727709795278
777,1073,167635,-263.31839926453904
777,1074,167792,-129.16364659162318
777,1075,167934,-222.53901713081643
777,1076,168067,-19.11492277793056
777,1077,168289,-395.2619495913546
777,1078,168467,-665.710115487933
777,1079,168669,-682.2756834168414
777,1080,168877,-611.6023192906478
777,1081,169015,-518.2520356399659
777,1082,169266,-597.3651249749605
777,1083,169383,-403.74259859178267
777,1084,169557,-129.81732016610292
777,1085,169688,-274.25865408686656
777,1086,169849,-581.3052644957875
777,1087,169963,-364.4935723853376
777,1088,170092,-342.3323423732905
777,1089,170268,-525.1263296355261
777,1090,170380,-286.5375442409834
777,1091,170562,-430.1113704687218
777,1092,170766,-786.9334289247444
777,1093,171005,-595.7144997939283
777,1094,171233,-345.8650245079136
777,1095,171378,-296.2433917308589
777,1096,171601,-588.0940736934349
777,1097,171760,-243.52813190981536
777,1098,171905,-63.80684349605146
777,1099,172148,-389.3476731013305
777,1100,172271,-344.5036300738726
777,1101,172391,-168.76983802836284
777,1102,172514,-241.68617763115316
777,1103,172715,-245.4933395556768
777,1104,172898,-622.3134219448469
777,1105,173133,-314.5596956956922
777,1106,173444,-371.88978826467536
777,1107,173705,-502.46232628285685
777,1108,173980,-741.9346941082842
777,1109,174135,-279.265066013352
777,1110,174281,-64.89996311737431
777,1111,174374,-159.116295777065
777,1112,174516,-431.4281819595239
777,1113,174660,-343.5361436623449
777,1114,174825,-324.84991837816796
777,1115,175002,-506.9824967509285
777,1116,175127,-52.549828853152796
777,1117,175258,-285.18783516535086
777,1118,175346,-86.93187028483156
777,1119,175480,-214.51118871473093
777,1120,175649,-89.59190431027595
777,1121,175813,-426.0892806063334
777,1122,175884,-51.29312830803031
777,1123,176029,-128.61683318456173
777,1124,176183,-93.47174027218638
777,1125,176332,-225.83366399827275
777,1126,176520,-207.18970264116365
777,1127,176644,-238.1571111131222
777,1128,176777,-363.97603684218063
777,1129,176936,-226.31929645577327
777,1130,177078,-281.4456518518469
777,1131,177183,-344.5732483776836
777,1132,177320,-303.1514378980613
777,1133,177464,-222.35597040348475
777,1134,177594,-292.7534001499326
777,1135,177722,-73.08385660996788
777,1136,177967,-458.381773991747
777,1137,178107,-304.5056551738122
777,1138,178208,-55.40030050900068
777,1139,178338,-31.29892008243536
777,1140,178498,-358.61744347964213
777,1141,178613,-51.62500990702514
777,1142,178746,-319.3101099542995
777,1143,178876,-39.98939055511615
777,1144,178988,-228.95950788097664
777,1145,179208,-445.37149829149996
777,1146,179451,-325.54065972363026
777,1147,179569,-288.8573830422443
777,1148,179676,-280.28642454495343
777,1149,179802,-473.7118594147212
777,1150,180017,-407.4254268780586
777,1151,180239,-481.3087056988509
777,1152,180331,-24.073150868397462
777,1153,180521,-536.1207010762644
777,1154,180707,-414.9439512289593
777,1155,180900,-600.1050800512351
777,1156,181011,-402.650892862264
777,1157,181101,-171.32172447935534
777,1158,181245,-288.4965261216345
777,1159,181426,-368.6606338954829
777,1160,181721,-335.631831047886
777,1161,181881,-252.1379698029927
777,1162,182054,-427.5850912258101
777,1163,182267,-265.98344705328867
777,1164,182660,-323.37803725316917
777,1165,182777,-51.33003513231928
777,1166,182900,-226.24310612301224
777,1167,183069,-513.8005896260756
777,1168,183176,-84.20658542647553
777,1169,183325,-111.60682177310727
777,1170,183434,-68.2616489841797
777,1171,183541,-351.9198617013554
777,1172,183656,-98.5147545280109
777,1173,183767,-48.38245694470274
777,1174,183861,-355.0756282847763
777,1175,183981,-311.2915223217518
777,1176,184074,-329.5249191816795
777,1177,184178,-29.17542019916327
777,1178,184278,-102.32112500115618
777,1179,184401,-295.1933138802828
777,1180,184538,-113.74144388431209
777,1181,184645,-63.506528302302
777,1182,184721,-82.5565987786961
777,1183,184819,-247.88356511701912
777,1184,184983,-244.14939252532295
777,1185,185097,-159.1370926936756
777,1186,185221,-225.53931796891786
777,1187,185393,-119.4307143443668
777,1188,185529,-323.70807340977194
777,1189,185631,-100.5538532056646
777,1190,185731,-83.60665107169297
777,1191,185869,-330.5029885379239
777,1192,186019,-201.9260349605089
777,1193,186119,-112.04949916017132
777,1194,186343,-377.29933741812846
777,1195,186481,-366.3326697419089
777,1196,186585,-257.31045562158596
777,1197,186707,-360.07276309782446
777,1198,186862,-56.662034775623
777,1199,187018,-158.05018339106164
777,1200,187137,-44.51381902832355
777,1201,187224,-79.72016052568196
777,1202,187331,-243.29141688614294
777,1203,187473,-118.7102775276619
777,1204,188184,-408.0924748059105
777,1205,188327,-346.9482664482368
777,1206,188448,-265.90459528060603
777,1207,188611,-251.18006661050094
777,1208,188729,-157.9964690832321
777,1209,188906,-511.6386092660919
777,1210,189060,-237.80819273015885
777,1211,189218,-388.580404181953
777,1212,189335,-501.4046209899779
777,1213,189511,-382.67197348868336
777,1214,189653,-328.77022247475134
777,1215,189768,-260.2168711982769
777,1216,189926,-443.73498155664083
777,1217,190169,-575.8701287699148
777,1218,190382,-419.9590559834641
777,1219,190496,-453.8565742209711
777,1220,190705,-326.0220628316148
777,1221,190827,6.938485689061409
777,1222,190948,-332.7243154349657
777,1223,191052,-132.0066344543043
777,1224,191196,-357.7883731737849
777,1225,191299,-455.44676683919903
777,1226,191409,-342.55916123110995
777,1227,191527,-380.67859777269433
777,1228,191664,-189.30706229728352
777,1229,191929,-397.42729635037347
777,1230,192074,-481.54715052840874
777,1231,192225,-361.11259188225375
777,1232,192414,-456.76473739661543
777,1233,192593,-93.6568573584925
777,1234,192778,-565.242734157261
777,1235,192881,-181.33149391770746
777,1236,192978,-159.46661979030034
777,1237,193119,-263.63181810333083
777,1238,193228,-3.1732062127326373
777,1239,193333,-297.09267529381304
777,1240,193438,-197.2950524208647
777,1241,193579,-331.2981391143123
777,1242,193787,-245.0401575099
777,1243,194058,-73.25059617027254
777,1244,194199,-271.4814696950359
777,1245,194309,-340.2207433275109
777,1246,194568,-506.6272491086108
777,1247,194703,-330.6910311288991
777,1248,194818,-415.9828204239028
777,1249,194906,-68.23963052773706
777,1250,195065,-276.1628397101508
777,1251,195175,33.161278701884186
777,1252,195348,-509.14723791659776
777,1253,195462,-100.84301682106104
777,1254,195632,-21.094312639009388
777,1255,195834,-189.04149732385946
777,1256,195946,-351.5568435617571
777,1257,196052,-333.6136451587921
777,1258,196183,-0.34102830484594904
777,1259,196333,-198.02424018967733
777,1260,196496,-337.2108851749864
777,1261,196646,-403.9484491640668
777,1262,196790,-311.685368039229
777,1263,196970,-685.5668983826997
777,1264,197167,-403.5104424875396
777,1265,197344,-277.9580205022638
777,1266,197475,-158.30394147198353
777,1267,197631,-229.4661358256874
777,1268,197850,-51.93230286760279
777,1269,198059,-367.71804804558207
777,1270,198254,-340.1411078608504
777,1271,198378,-25.810250581079885
777,1272,198498,-387.64703015504136
777,1273,198704,-626.0404912244685
777,1274,198942,-639.12267551179
777,1275,199257,-835.1154086993001
777,1276,199391,-365.48934355886365
777,1277,199514,-339.7581187675303
777,1278,199637,-567.9693768107254
777,1279,199863,-354.27798660371127
777,1280,200080,-149.93470804630863
777,1281,200174,-330.74746450161797
777,1282,200339,-382.2536284448912
777,1283,200543,-474.31689389226545
777,1284,200729,-485.9487668795174
777,1285,200914,-496.2089908187776
777,1286,201040,-315.71447852209354
777,1287,201225,-417.38048154663744
777,1288,201383,-324.56028320148044
777,1289,201499,-252.57285898267386
777,1290,201627,-251.73413142090342
777,1291,201754,-65.01524990408812
777,1292,201845,-66.37819557814393
777,1293,201973,-350.5715251109487
777,1294,202069,-309.83644467229186
777,1295,202177,51.683437543360185
777,1296,202249,-224.15029402479075
777,1297,202365,-145.72807776943276
777,1298,202473,-74.09620073324754
777,1299,202610,-524.2496500432244
777,1300,202722,-350.0079787919707
777,1301,202844,-139.94154466683477
777,1302,202946,-66.09866166317221
777,1303,203090,1.6853143086639335
777,1304,203235,-123.17314106087467
777,1305,203353,-275.75159832377597
777,1306,203598,-469.5901866430378
777,1307,203722,-65.0476706814604
777,1308,203861,-220.14751770974448
777,1309,204063,-481.90542944351523
777,1310,204224,-180.1122963375413
777,1311,204391,-571.9567742367575
777,1312,204494,-16.053241214015827
777,1313,204604,-125.10833097854646
777,1314,204724,-3.3538349629737922
777,1315,204885,-549.6623353601383
777,1316,205012,-249.3153414262465
777,1317,205118,-341.3680632586113
777,1318,205242,-234.54042226496045
777,1319,205390,-350.95842318834286
777,1320,205503,-275.4565862663302
777,1321,205663,-262.00767266405785
777,1322,205885,-312.2049028606569
777,1323,206140,-276.4895327342351
777,1324,206245,-39.05648248552596
777,1325,206394,-60.92916558895699
777,1326,206530,-161.04757278094075
777,1327,206689,-400.0252784803741
777,1328,206832,-77.50981567939907
777,1329,206932,-70.96051354451183
777,1330,207122,-610.1072420970905
777,1331,207247,-317.5623374343236
777,1332,207425,-297.7922063514269
777,1333,207828,-267.68068706522973
777,1334,207985,-331.3241702577966
777,1335,208148,-436.3721452063482
777,1336,208333,-463.0660216424181
777,1337,208448,-195.00466461267283
777,1338,208606,-5.971011113363701
777,1339,208726,-249.63539306440654
777,1340,208925,-152.14616665651855
777,1341,209052,-148.9450610963235
777,1342,209302,-447.68443819103777
777,1343,209405,-270.25183319875714
777,1344,209547,-293.4509324887367
777,1345,209717,-439.3130972542529
777,1346,209843,-132.50164725482944
777,1347,209968,-212.84937840824537
777,1348,210059,-95.058175042914
777,1349,211059,-191.50128620836313
777,1350,211172,-398.21997269155577
777,1351,211348,-339.74110103799956
777,1352,211500,-355.72212045355695
777,1353,211591,-350.05561193348296
777,1354,211709,-84.84860282488009
777,1355,211834,-61.03493490503803
777,1356,212040,-228.85661248523508
777,1357,212154,-269.3128588538589
777,1358,212272,-158.31397565219748
777,1359,212387,-28.50861091899003
777,1360,212519,-258.9139106856113
777,1361,212629,-43.34786984191496
777,1362,212729,-109.62791796907186
777,1363,212848,-45.59695363953734
777,1364,212989,-330.1098587652468
777,1365,213136,-217.13538643157239
777,1366,213314,-371.70842985824953
777,1367,213435,-155.6982997675948
777,1368,213590,-352.5056362243646
777,1369,213786,-302.0206211237807
777,1370,213947,-307.1874122085747
777,1371,214046,-208.23912156660424
777,1372,214255,-327.2628258587361
777,1373,214388,-108.78645162126169
777,1374,214552,-139.7205846405568
777,1375,214722,-392.64284653519934
777,1376,214846,-124.2434792091832
777,1377,215056,-186.0145714981199
777,1378,215168,-78.27227114048205
777,1379,215318,-402.4324875764921
777,1380,215430,-285.3181153637028
777,1381,215611,-37.02903368092704
777,1382,216003,-381.4413070741556
777,1383,216138,-184.1843684575689
777,1384,216288,-293.73995178174215
777,1385,216464,-111.1070380479508
777,1386,216581,-256.52632687820534
777,1387,216700,-427.76163229305644
777,1388,216856,-249.7422372328902
777,1389,217031,-541.6644582433771
777,1390,217226,-697.1805394152422
777,1391,217317,-274.0975278866266
777,1392,217483,-544.2925548123312
777,1393,217574,-280.2559931886715
777,1394,217714,-274.6060046385694
777,1395,217876,-442.23187992521866
777,1396,217973,-249.00546047824628
777,1397,218256,-172.11911154381704
777,1398,218433,-451.95561723708016
777,1399,218560,-269.2930046819415
777,1400,218754,-301.25848893640614
777,1401,218886,-294.36543098169784
777,1402,219007,-91.28093397702938
777,1403,219107,-268.1607124053638
777,1404,219225,-61.81018660057866
777,1405,219377,-349.01610522591443
777,1406,219603,-83.22499266859849
777,1407,219707,-232.97335531999494
777,1408,219953,-137.74290098466133
777,1409,220129,-75.80742467407093
777,1410,220294,-63.81799254198968
777,1411,220431,-212.5063153959012
777,1412,220669,-373.5685375477314
777,1413,220843,-541.1759079038816
777,1414,221259,-320.87016212515914
777,1415,221423,-108.93390310628169
777,1416,221514,-67.49563739302238
777,1417,221659,-381.92889372581004
777,1418,221747,-278.2188493575403
777,1419,221932,-383.0090589663821
777,1420,222113,-548.6878901428678
777,1421,222265,-85.98444274544858
777,1422,222457,-194.7507559138539
777,1423,222565,-300.1374525916568
777,1424,222673,-29.043979555415405
777,1425,222797,59.21848590869672
777,1426,222889,-220.00135856305985
777,1427,223043,-268.8886401954039
777,1428,223137,-169.25397223437812
777,1429,223860,-295.29001540576564
777,1430,223987,-337.1113975382266
777,1431,224081,-243.78117527687385
777,1432,224231,-236.22005375971366
777,1433,224336,51.53908427299817
777,1434,224440,-266.2959265115535
777,1435,224596,-246.313064322655
777,1436,224717,-248.61135769429308
777,1437,224887,-64.07839031764456
777,1438,224971,-39.802743833439166
777,1439,225050,-196.89857236885626
777,1440,225204,-338.0726373374475
777,1441,225282,-250.7427779207061
777,1442,225400,-82.83521558017611
777,1443,225568,-340.11986213842147
777,1444,225730,-100.38096613936021
777,1445,225853,-215.90009942565297
777,1446,225972,-199.40684058704394
777,1447,226113,-281.57150149371137
777,1448,226225,-237.71367476503272
777,1449,226424,-503.45894315137764
777,1450,226542,-422.4030736033789
777,1451,226801,-705.376723902101
777,1452,226970,-638.7280408597699
777,1453,227138,-164.13065481101643
777,1454,227251,-348.9449360820977
777,1455,227434,-469.7618137622838
777,1456,227597,-324.5945355298115
777,1457,227737,-278.4465972581983
777,1458,227869,-196.4319450010916
777,1459,227991,-166.12840375251196
777,1460,228145,-364.20705186059297
777,1461,228272,-399.16934186376227
777,1462,228418,-369.3735013160043
777,1463,228566,-285.34682269735833
777,1464,228705,-103.58605182917887
777,1465,228860,-65.13525212710132
777,1466,228995,-201.5472492887148
777,1467,229100,-238.19334924827524
777,1468,229200,-63.83907069148357
777,1469,229356,-296.21139054576423
777,1470,229498,-144.300033524069
777,1471,229593,-251.68791337841694
777,1472,229764,-450.61905429662903
777,1473,230043,-253.1253431217771
777,1474,230216,-108.53232956333186
777,1475,230302,-57.734961043186644
777,1476,230495,-151.34223509191577
777,1477,230719,-75.97965189743269
777,1478,230811,-42.96568177640578
777,1479,230966,-284.2895053760038
777,1480,231119,-364.97943732161144
777,1481,231297,-345.87025019714713
777,1482,231484,-126.96890846892532
777,1483,231598,-327.65507446839
777,1484,231760,-45.45248336658645
777,1485,231913,-209.31296179864455
777,1486,232055,-148.91282823717117
777,1487,232228,-95.26925483901965
777,1488,232408,-52.87409151460538
777,1489,232539,-176.55542458747664
777,1490,232713,-476.0859060544397
777,1491,232863,-439.13035850721764
777,1492,233008,-221.6163307794473
777,1493,233127,-189.2242389228889
777,1494,233253,-151.62318969710597
777,1495,233443,-436.8235047133473
777,1496,233664,-771.7375835275374
777,1497,233825,-538.5963234937938
777,1498,234057,-323.1066373549673
777,1499,234184,-48.22510235607711
777,1500,234310,-313.241011354013
777,1501,234441,-405.81845740232956
777,1502,234612,-548.2557645080808
777,1503,234786,-519.290422649719
777,1504,234912,-333.51204325976744
777,1505,235097,-37.67160933889558
777,1506,235294,-212.90367801196157
777,1507,235419,-83.83426121998437
777,1508,235596,-230.52902434349366
777,1509,235720,-88.48278731939577
777,1510,235841,-40.86000816066643
777,1511,235989,-270.68831924992213
777,1512,236171,-93.57819214770284
777,1513,236341,-78.71979448051664
777,1514,236508,-291.1774061248945
777,1515,236684,-110.63707533475763
777,1516,237175,-344.9756879254462
777,1517,237282,-2.8701831301623884
777,1518,237424,-360.5888660612471
777,1519,237596,-453.1722684465877
777,1520,237687,-361.55363973933186
777,1521,237837,-341.9910326866325
777,1522,237939,-303.75764337452597
777,1523,238198,-149.9922848875221
777,1524,238421,-578.1641305004422
777,1525,238580,-417.0331192271657
777,1526,238756,-519.2957299084433
777,1527,238921,-507.7901095169589
777,1528,239183,-249.6576211115252
777,1529,239291,-11.920284031919394
777,1530,239393,-22.550769179726558
777,1531,239522,-206.6773962168421
777,1532,239643,-88.97715155838083
777,1533,239811,-414.74774614629797
777,1534,239931,-341.90930013334724
777,1535,240053,-62.77399316710566
777,1536,240215,-379.3517124362407
777,1537,240342,5.576416465517639
777,1538,240824,-284.9367996948341
777,1539,240936,-60.53198864050519
777,1540,241105,-241.66174742344182
777,1541,241231,-9.074116455291929
777,1542,241398,-268.8378757401359
777,1543,241507,-37.072420861340035
777,1544,241628,-83.53993817492632
777,1545,241811,-348.48228230851885
777,1546,242047,-421.5759385963688
777,1547,242216,-324.1943602080584
777,1548,242329,-278.84094475655866
777,1549,242482,-307.5377294525706
777,1550,242655,-522.6938738398385
777,1551,242769,-166.88480926034714
777,1552,242867,-292.9765446464696
777,1553,243171,-310.648035596908
777,1554,243337,-546.9005518703867
777,1555,243450,-71.32800648266792
777,1556,243582,-268.07753094905377
777,1557,243748,-348.6051300258624
777,1558,243871,-128.86554859014228
777,1559,244022,-551.207359450928
777,1560,244275,-538.3229459280253
777,1561,244414,-160.05319754885232
777,1562,244578,-304.4600164005007
777,1563,244741,-491.2481624093754
777,1564,244857,-349.9905109386559
777,1565,244975,-116.05977687431047
777,1566,245162,-427.93001619051097
777,1567,245288,-240.5882339629484
777,1568,245443,-378.86546849593225
777,1569,245553,-241.93200629582938
777,1570,245684,-109.30112228883021
777,1571,245763,-81.74331108451801
777,1572,245970,-296.758342502343
777,1573,246154,-219.81920684117117
777,1574,246319,-329.7109918475012
777,1575,246452,-188.7670406510773
777,1576,246621,-160.89691253736362
777,1577,246807,-498.1239070185387
777,1578,246944,-223.89628164426085
777,1579,247125,-4.96571707122304
777,1580,247242,-50.33643690240277
777,1581,247360,-69.94485268911542
777,1582,247518,-257.53219779287747
777,1583,247723,-464.2116546765276
777,1584,247983,-475.8070386866195
777,1585,248234,-390.7125310916854
777,1586,248429,-373.0754878286012
777,1587,248509,-224.04620407000488
777,1588,248619,-91.93614638510599
777,1589,248729,-42.008468169336226
777,1590,248905,-431.7439457653993
777,1591,249014,-99.33615231569544
777,1592,249194,-241.20408178242698
777,1593,249353,-348.2960320083305
777,1594,249470,-269.1779795039082
777,1595,249655,-268.0201328606437
777,1596,249759,-317.55778991906675
777,1597,249852,-62.08941269104289
777,1598,249998,-259.06631464777075
777,1599,250116,-41.97582206909803
777,1600,250276,-546.2249420721821
777,1601,250442,-385.81440689052926
777,1602,250651,-390.3555653131954
777,1603,250789,-269.6621168337165
777,1604,251018,-432.36205791676485
777,1605,251209,-402.8271564144669
777,1606,251344,-302.450825997583
777,1607,251470,-180.41231400170233
777,1608,251625,-372.3438137362027
777,1609,251742,-132.66954205829552
777,1610,251933,-358.37037600486514
777,1611,252037,-26.003997478182825
777,1612,252138,-142.8531266915212
777,1613,252255,-166.07230545699122
777,1614,252363,-143.27668368095553
777,1615,252466,-287.6682935734188
777,1616,252548,-286.9209273020763
777,1617,253001,-247.37963988960317
777,1618,253228,-90.95892066653622
777,1619,253413,-354.64008524406233
777,1620,253533,-77.89103914145889
777,1621,253640,-234.51638930506823
777,1622,253747,-279.04133357182855
777,1623,253841,-191.57001042288277
777,1624,253945,-135.4589484123186
777,1625,254076,-95.97033805332968
777,1626,254234,-220.83351099503508
777,1627,254476,-199.32878285575669
777,1628,254611,-321.8860283596084
777,1629,254749,-314.7500970145277
777,1630,254874,-318.86885271857295
777,1631,255037,-267.70865261523767
777,1632,255200,-538.2993987427508
777,1633,255374,-559.2480930475688
777,1634,255520,-346.2314201719836
777,1635,255682,-560.408036293069
777,1636,255874,-341.3705639529935
777,1637,256069,-597.4288546438888
777,1638,256271,-586.991987160703
777,1639,256438,-607.095947786868
777,1640,256593,-604.7309924779831
777,1641,256700,-298.0432947840316
777,1642,256849,-397.4977298453115
777,1643,256978,-307.7409414163294
777,1644,257202,-520.324739948561
777,1645,257325,-195.02578688051216
777,1646,257462,-192.24787893736703
777,1647,257618,-476.9086212727753
777,1648,257746,-103.41902711603406
777,1649,257871,-191.43531481159184
777,1650,257963,-150.23705215425764
777,1651,258083,-64.51870045951539
777,1652,258186,8.95728607515504
777,1653,258375,-338.89089229768996
777,1654,258499,-114.15315975372137
777,1655,258727,-269.29050983671954
777,1656,258925,-319.7895986431655
777,1657,259110,-458.4956550927621
777,1658,259243,-326.3104627498632
777,1659,259334,-200.5252664322498
777,1660,259497,-332.0474759998108
777,1661,259664,-283.44337830541167
777,1662,259837,-308.48804712442313
777,1663,259955,-306.2886732980668
777,1664,260079,-116.64157635579734
777,1665,260211,-128.7943103404678
777,1666,260362,-324.73681213154225
777,1667,260520,-414.1930247860839
777,1668,260670,-323.8235829190028
777,1669,260784,-392.79800662341006
777,1670,261012,-777.3521071682011
777,1671,261160,-266.9516883759601
777,1672,261265,-17.196730254673355
777,1673,261488,-316.1332767780272
777,1674,261630,-277.8219196481089
777,1675,261756,-301.6678253745502
777,1676,262085,-279.5948672085953
777,1677,262242,-511.93847543081665
777,1678,262340,-130.62629493684767
777,1679,262460,-57.54568332288609
777,1680,262598,-36.6525504455946
777,1681,262727,-119.72631129339224
777,1682,262838,-201.31951293430768
777,1683,262968,-43.61647602893994
777,1684,263132,-140.91343781348098
777,1685,263302,-266.05490203881504
777,1686,263435,-23.72785979480365
777,1687,263553,-74.75417455028253
777,1688,263668,-103.93529835478971
777,1689,263778,-78.81189327997242
777,1690,263899,-9.668504285702838
777,1691,264008,-133.81438403902246
777,1692,264136,-112.19237223918131
777,1693,264298,-371.43068331061977
777,1694,264466,-363.73255426924936
777,1695,264628,-344.96118748710865
777,1696,264712,-206.10435223540264
777,1697,264845,-393.2943553207075
777,1698,264994,-473.14091901359956
777,1699,265100,-434.37729149929623
777,1700,265215,-63.83409292026175
777,1701,265355,-82.59912866659846
777,1702,265466,-206.37753081795933
777,1703,265576,-174.97040122455294
777,1704,265686,-194.73658076692425
777,1705,265840,-271.6564739078624
777,1706,265960,-535.3572055596503
777,1707,266171,-278.9055143094124
777,1708,266322,-243.07932716677846
777,1709,266522,-502.74955713598683
777,1710,266661,-316.0418756379002
777,1711,266807,-257.7078961073239
777,1712,267001,-492.19765418351
777,1713,267180,-730.1952833278647
777,1714,267372,-570.6716812397733
777,1715,267490,-241.94187887094108
777,1716,267712,-477.1538235850339
777,1717,267895,-851.0437387328896
777,1718,268075,-553.7683927462851
777,1719,268241,-508.58903055313357
777,1720,268384,-343.82618803189655
777,1721,268561,-579.6524853772671
777,1722,268769,-469.2396179970934
777,1723,269010,-548.5688375296877
777,1724,269152,-344.6191319255631
777,1725,269262,-123.36020534038607
777,1726,269553,-374.4154034438132
777,1727,269712,-369.915181821093
777,1728,269837,-228.3341081152356
777,1729,269963,-180.71942279446745
777,1730,270126,-441.50704494088194
777,1731,270262,-220.03527136549877
777,1732,270392,-123.17387440238308
777,1733,270518,-172.4270602962111
777,1734,270651,-88.21022202952564
777,1735,270779,-181.2016774902987
777,1736,270907,21.1141061567899
777,1737,271014,-101.71454647585844
777,1738,271085,-78.28446616072159
777,1739,271248,-108.5104762352042
777,1740,271383,-217.7685898908261
777,1741,271517,-88.3769349152858
777,1742,271666,-262.6440595594181
777,1743,271772,-81.61877848533253
777,1744,271858,-169.3853490131292
777,1745,271969,-181.97270171095835
777,1746,272136,-332.89151619357614
777,1747,272254,-12.630823658180105
777,1748,272367,-149.42643589594005
777,1749,272495,-113.11591057079849
777,1750,272671,-183.59795218304706
777,1751,272844,-122.62536208539373
777,1752,272969,-142.80774451008503
777,1753,273062,-152.90148838255618
777,1754,273150,-225.50021749635465
777,1755,273315,-603.0860547311431
777,1756,273449,-196.17520358380906
777,1757,273618,-360.5885737265902
777,1758,273723,-50.03757501717188
777,1759,273930,-271.04494276868655
777,1760,274042,-276.649925824845
777,1761,274256,-332.85340148559044
777,1762,274403,-408.51222893583815
777,1763,274507,-239.27904114658884
777,1764,274624,-237.44192064557586
777,1765,274853,-290.1819661428373
777,1766,275000,-304.87713900858176
777,1767,275139,-289.98668484172185
777,1768,275305,-267.53003129635994
777,1769,275440,-61.83637240811383
777,1770,275567,-254.34088593074344
777,1771,275664,-324.7994201904461
777,1772,275817,-475.19158395467855
777,1773,275924,-26.355597406964236
777,1774,276104,-272.5249314380838
777,1775,276262,-0.4129174627697836
777,1776,276378,-53.97097153394991
777,1777,276569,-259.0779475182359
777,1778,276726,-374.0514081093882
777,1779,276819,-193.9027361458297
777,1780,276924,-247.84537324057436
777,1781,277150,-274.08545209889684
777,1782,277258,-77.14439056602751
777,1783,277508,-248.77874863435483
777,1784,277667,-131.8761427546995
777,1785,277833,-291.2964512139995
777,1786,277989,-299.01134786252874
777,1787,278108,-62.44069914686599
777,1788,278213,-230.6466088776607
777,1789,278430,-238.86191487183117
777,1790,278562,-220.02399124636082
777,1791,278719,-299.3313396399145
777,1792,278820,-2.3971230876325933
777,1793,278932,-79.61209172084362
777,1794,279078,-80.95655770814435
777,1795,279253,-360.0245510736935
777,1796,279400,-410.68491825384166
777,1797,279570,-412.13785342956686
777,1798,279670,-226.0743227035819
777,1799,279778,-53.27182145130891
777,1800,279874,-260.4804375065913
777,1801,280000,-583.1180710179447
777,1802,280113,-399.99902848568473
777,1803,280201,-249.29301766662135
777,1804,280315,-240.06330935869644
777,1805,280433,-78.62797197204921
777,1806,280646,-237.8099958776485
777,1807,280760,-417.04384592648995
777,1808,280975,-364.73087360265646
777,1809,281165,-288.01498878993664
777,1810,281272,-89.54811789491434
777,1811,281441,-554.6727489779732
777,1812,281549,-87.66274865764558
777,1813,281656,-259.81674595415024
777,1814,281785,-132.71606125387993
777,1815,281898,-199.30661833381544
777,1816,282039,-189.95317077624532
777,1817,282192,-300.60288763705364
777,1818,282405,-592.888605339579
777,1819,282557,-297.7841080542188
777,1820,282659,-282.16092377528105
777,1821,282813,-446.546723522359
777,1822,282931,-132.06686398967625
777,1823,283118,-276.85029137534775
777,1824,283324,-361.40533277698285
777,1825,283428,-99.05028095971393
777,1826,283516,-256.15609787619945
777,1827,283669,-367.0494933048699
777,1828,283820,-16.123639877972465
777,1829,283919,-378.5486957098705
777,1830,284108,-262.42221195356717
777,1831,284253,-72.2442357757622
777,1832,284502,-138.2831188347366
777,1833,284697,-239.13558527525524
777,1834,284854,-446.60171265709005
777,1835,285020,-47.51793533320834
777,1836,285183,-404.18807053995744
777,1837,285342,-203.4669798247735
777,1838,285490,-211.17772799412353
777,1839,285900,-151.3310312755719
777,1840,286082,-339.4104451848781
777,1841,286270,-219.50585884692634
777,1842,286435,-365.24383926689154
777,1843,286642,-526.070658882769
777,1844,286763,-53.93121491213018
777,1845,287013,-68.54862841708987
777,1846,287180,-571.1008498454383
777,1847,287344,-307.98648738542687
777,1848,287468,-181.5726933484719
777,1849,287585,-306.33144702655466
777,1850,287676,-102.72642443149617
777,1851,287781,-233.9077431636504
777,1852,288019,-377.7927220588498
777,1853,288140,-291.62742550196594
777,1854,288304,-235.62173471194276
777,1855,288418,-246.64256542045422
777,1856,288612,-168.91343037687986
777,1857,288770,-359.9586561361438
777,1858,289004,-534.8118977204682
777,1859,289167,-626.5595491669612
777,1860,289331,-464.9401336964085
777,1861,289512,-352.92268202535655
777,1862,289718,-339.6863067404038
777,1863,289857,-269.4369072391054
777,1864,289983,-158.7551865152583
777,1865,290168,-438.9123530543524
777,1866,290382,-544.5076191774733
777,1867,290590,-464.5652236469027
777,1868,290774,-378.10396266626213
777,1869,290950,-407.35220569978344
777,1870,291172,-501.8803443854668
777,1871,291323,-461.5350517105424
777,1872,291442,-70.65783483059853
777,1873,291699,-510.26731612781504
777,1874,291868,-267.19725220499794
777,1875,292066,-225.21063649578778
777,1876,292187,-239.46639805045484
777,1877,292318,-214.20408161565518
777,1878,292437,-82.35872155310938
777,1879,292650,-124.24317566549189
777,1880,292877,-360.2344137128848
777,1881,292983,-262.11926740652467
777,1882,293082,-300.10090615015827
777,1883,293222,-100.95920244155715
777,1884,293349,-128.81297101802625
777,1885,293490,-200.86477474680254
777,1886,293631,-296.81975981992434
777,1887,293968,-490.0611070811763
777,1888,294119,-381.9213118142062
777,1889,294302,-56.07436036855001
777,1890,294451,-425.3321874311758
777,1891,294601,-20.361035232313583
777,1892,294719,-14.789495830181721
777,1893,294883,-35.572758252520174
777,1894,294977,-246.80619708682374
777,1895,295129,-112.17836768759686
777,1896,295331,-224.03517203072605
777,1897,295474,-322.80145014581353
777,1898,295675,-284.7924538461139
777,1899,295824,-310.24699902048974
777,1900,296053,-294.23856272841476
777,1901,296190,-295.7166840321597
777,1902,296284,-215.4798421934237
777,1903,296407,-317.02437898503075
777,1904,296649,-141.43709677205976
777,1905,296804,-308.884018285524
777,1906,296973,-445.704563525224
777,1907,297121,-335.4166492614629
777,1908,297292,-388.74792012253505
777,1909,297460,-244.54745947459062
777,1910,297545,-195.95220601784524
777,1911,297645,10.109041192952517
777,1912,297805,-398.405773068381
777,1913,297978,-386.3270722559704
777,1914,298129,-397.5533774263174
777,1915,298251,-157.40037381600706
777,1916,298395,-337.14372398312145
777,1917,298494,-35.63935014487964
777,1918,298607,-120.40109441934877
777,1919,298772,18.861337258166373
777,1920,298919,-360.47777161454695
777,1921,299087,-391.60766925617844
777,1922,299254,-241.06089679780925
777,1923,300107,-371.2015990681446
777,1924,300212,-352.6053210511875
777,1925,300392,-249.15860727441296
777,1926,300513,-27.13046815490729
777,1927,300637,-161.66135355871924
777,1928,300778,-349.113227507528
777,1929,300977,-207.97224885488663
777,1930,301152,-56.75548249898831
777,1931,301274,-109.90174814486532
777,1932,301379,-265.2839964074742
777,1933,301524,-219.6981879918393
777,1934,301664,-250.51696394558277
777,1935,301797,-465.04276987813324
777,1936,301984,-286.71221154911905
777,1937,302175,-402.08970852177634
777,1938,302359,-302.9360862659145
777,1939,302473,2.679803525930069
777,1940,302607,-394.37554788649834
777,1941,302698,-218.88468827269622
777,1942,302821,-410.98399622981765
777,1943,302996,-190.79604776483927
777,1944,303134,-329.90819519936406
777,1945,303241,-84.7217156036458
777,1946,303354,-13.276530538003371
777,1947,303503,-361.4268187328035
777,1948,303698,-417.58949963023395
777,1949,303868,-292.49862005522675
777,1950,304040,-321.60326773743225
777,1951,304130,-227.45694628635133
777,1952,304284,-357.93388318427475
777,1953,304376,-330.57451663665705
777,1954,304520,-12.446026266511723
777,1955,304634,-114.40063647740284
777,1956,304770,-357.88164254835783
777,1957,304909,-258.77608255656196
777,1958,305002,-271.2046285204896
777,1959,305170,-444.2566724640347
777,1960,305321,-258.23993897073683
777,1961,305475,-516.2316771814726
777,1962,305643,-373.036390535144
777,1963,305822,-201.61867555557626
777,1964,305932,-314.92164564142786
777,1965,306123,-329.23292538819703
777,1966,306273,-268.03999144638226
777,1967,306419,-19.674994487931855
777,1968,306505,-176.3542428048363
777,1969,306639,-199.53254053282734
777,1970,306807,-235.63974042562307
777,1971,306930,-352.10798978905706
777,1972,307113,-187.03311550377933
777,1973,307242,-139.59886133404308
777,1974,307365,-2.8658722980509026
777,1975,307473,-41.470283096770686
777,1976,307614,-248.1333884725248
777,1977,307733,-42.897118979847846
777,1978,307829,-29.106446752960665
777,1979,307979,-455.4061225945488
777,1980,308071,-382.26490156312025
777,1981,308191,-43.623209811587984
777,1982,308315,-167.2720243685958
777,1983,308403,-90.22415766497276
777,1984,308491,-215.3162373922907
777,1985,308582,-273.7889361168103
777,1986,308656,-256.2567535429753
777,1987,308842,-246.69054627207703
777,1988,308961,-130.6350041763689
777,1989,309071,-22.895084319452636
777,1990,309200,-2.504758628644197
777,1991,309311,-195.79696370426268
777,1992,309493,-55.172234920646595
777,1993,309678,-179.8617813475513
777,1994,309767,-335.09543433179863
777,1995,309919,-478.8803558238149
777,1996,310085,-590.929214216137
777,1997,310216,-217.4081330849603
777,1998,310347,-308.3932537786852
777,1999,310516,-291.32255392145186
777,2000,310759,-514.1487304722103
777,2001,310863,-274.3359444175974
777,2002,311041,-243.43821103823498
777,2003,311205,-268.70287336949343
777,2004,311353,-378.25853466697725
777,2005,311568,-500.25943577207624
777,2006,311756,-291.75831504987207
777,2007,311860,-250.15349684550176
777,2008,312003,-245.7582194086085
777,2009,312122,-353.57648205663224
777,2010,312227,-309.94641050594703
777,2011,312357,-122.54816146583973
777,2012,312556,-180.29620492688363
777,2013,312751,-126.53622640629199
777,2014,312929,-175.60141857109238
777,2015,313114,-162.25513121075704
777,2016,313256,-296.28811037408343
777,2017,313378,-182.22266589556182
777,2018,313469,-33.30256877955239
777,2019,313600,-306.619549425341
777,2020,314056,-46.533149451023306
777,2021,314204,-313.8772864257555
777,2022,314340,-59.611697463944154
777,2023,314483,-412.5687235395397
777,2024,314578,-289.09891579595865
777,2025,314733,-366.23435301922393
777,2026,314910,-263.20563640920574
777,2027,315009,-146.50909630954305
777,2028,315151,-68.97801228178383
777,2029,315301,-405.30564095005747
777,2030,315421,-113.27718895329116
777,2031,315584,-246.0742155508553
777,2032,315756,-117.0219127288149
777,2033,315880,-0.4873824726820146
777,2034,316103,-318.87116158928586
777,2035,316284,-310.50853181785135
777,2036,316397,-97.25171552964031
777,2037,316527,-263.06708107297993
777,2038,316750,-455.36368116650146
777,2039,316877,-36.38922484737195
777,2040,317011,-409.31803660086933
777,2041,317139,-340.64669496957805
777,2042,317286,-288.2505669652212
777,2043,317485,-417.9857446211113
777,2044,317614,-242.0079328949679
777,2045,317773,-87.84286626832467
777,2046,317967,-169.1129614662127
777,2047,318101,-358.6475371754878
777,2048,318230,-95.31781015005146
777,2049,318373,-269.92657994458784
777,2050,318541,-435.61085251605647
777,2051,318682,-328.8433188375228
777,2052,318793,-446.43272151747374
777,2053,318921,-196.51058112620905
777,2054,319036,-71.35595173823049
777,2055,319233,-249.63988368280482
777,2056,319339,-65.6610596018904
777,2057,319517,-141.1884281073472
777,2058,319633,-125.22755781916597
777,2059,319799,-236.6526921330665
777,2060,319960,-362.72550439239933
777,2061,320098,-219.96704489562268
777,2062,320251,-259.135263780777
777,2063,320402,-47.68770324932786
777,2064,320531,-107.16572185185795
777,2065,320665,-115.79751954493881
777,2066,320795,-118.24887729811573
777,2067,320965,-269.21496948209153
777,2068,321165,-252.3724175849409
777,2069,321278,24.288724442874127
777,2070,321394,-136.02897633628402
777,2071,321555,-356.4921158455399
777,2072,321816,-133.02221954960862
777,2073,322043,-318.6174821892864
777,2074,322193,-289.95280229572205
777,2075,322361,-302.4028148772241
777,2076,322493,-98.8995174107818
777,2077,322603,-147.20922703918046
777,2078,322827,-466.38517723463883
777,2079,322993,-483.87512546882095
777,2080,323117,-9.07654451206858
777,2081,323250,-64.43039375988788
777,2082,323341,-223.46336736111874
777,2083,323480,-288.37136077502936
777,2084,323678,-155.93097711837248
777,2085,323781,-299.7690409968602
777,2086,323939,-270.30194180548176
777,2087,324112,-229.7787484496215
777,2088,324210,-265.26453655413025
777,2089,324348,-318.51058267251346
777,2090,324501,-328.8569215764154
777,2091,324625,-112.94491293144611
777,2092,324727,-42.94754097611687
777,2093,325019,-350.6093594805375
777,2094,325139,-10.737674624006317
777,2095,325331,-60.623644318094655
777,2096,325523,-149.89620269919925
777,2097,325660,-253.83245698892262
777,2098,325823,-214.726767834924
777,2099,325931,-66.79784721148444
777,2100,326094,-290.8874981845411
777,2101,326216,-137.70784222236986
777,2102,326590,-240.1948956436138
777,2103,326696,-187.7670494766761
777,2104,326891,-437.49733204329743
777,2105,327064,-305.75534482126693
777,2106,327213,-346.2290804377935
777,2107,327329,-322.9582326256045
777,2108,327496,-425.1821147022072
777,2109,327722,-455.7826054458453
777,2110,327907,-259.19014479443683
777,2111,328074,-73.12588996742276
777,2112,328184,2.2297627486381373
777,2113,328341,-423.3955207287033
777,2114,328495,-326.3138017722043
777,2115,328706,-363.74660725607015
777,2116,328827,-210.56773865817365
777,2117,329003,-267.1207044148157
777,2118,329162,-441.5152873027698
777,2119,329329,-395.5951448948355
777,2120,329433,-323.6942942975679
777,2121,329577,-393.56805068517275
777,2122,329736,-306.10244774527894
777,2123,329884,-276.0690509310287
777,2124,330037,-151.34781397344162
777,2125,330140,-70.7026151237448
777,2126,330298,-366.9251680845573
777,2127,330429,-129.90865636123686
777,2128,330599,-142.40943127944834
777,2129,330787,-388.47715854439264
777,2130,330911,-141.30132038781622
777,2131,331066,-399.0351164437088
777,2132,331210,-457.3459876125537
777,2133,331316,-7.113756735286074
777,2134,331526,-429.1245330394596
777,2135,331718,-476.2424045872172
777,2136,331837,10.629399146960083
777,2137,332000,-335.8843497963038
777,2138,332112,-207.18205924945264
777,2139,332279,-363.94204317953125
777,2140,332411,-238.39446238599947
777,2141,332563,-240.76739909606508
777,2142,332990,-295.8349512629014
777,2143,333116,-160.03854039827263
777,2144,333231,-242.31598207347355
777,2145,333368,-103.36476410057496
777,2146,333530,-165.42665873280464
777,2147,333812,-190.4171551852843
777,2148,333954,-369.55831124116156
777,2149,334053,-214.40993493998099
777,2150,334204,-46.307305773446465
777,2151,334340,-262.25110924274384
777,2152,334443,-202.39476534972286
777,2153,334550,-290.1497145473737
777,2154,334676,-294.0055333820845
777,2155,334837,-140.85015852711672
777,2156,335189,-273.55494794289433
777,2157,335334,-120.24872358596252
777,2158,335438,-334.0847692532005
777,2159,335584,-237.88975884896882
777,2160,335765,-410.0312267711054
777,2161,335921,-532.0553337692938
777,2162,336040,-228.62853467136685
777,2163,336154,-71.26573658354934
777,2164,336349,-517.0048605790998
777,2165,336488,-328.5612655981739
777,2166,336634,-355.65816555772653
777,2167,336806,-446.55379599465476
777,2168,336980,-475.94117491763546
777,2169,337131,-265.9576135997877
777,2170,337325,-34.38577399552997
777,2171,337472,-400.1433522746369
777,2172,337980,-356.40630342337397
777,2173,338130,-332.06283400929954
777,2174,338229,-273.86363435265594
777,2175,338321,-251.11536094322918
777,2176,338454,-134.23850981464818
777,2177,338567,-288.5823144317787
777,2178,338689,-72.7236754563632
777,2179,338827,-278.432173993754
777,2180,339012,-289.05926643233533
777,2181,339242,-96.73744085545772
777,2182,339383,-287.0785019384066
777,2183,339498,-196.6148734288829
777,2184,339723,-400.6140639847493
777,2185,339906,-50.357986864040264
777,2186,340051,-255.51098403731766
777,2187,340170,-190.3542899647818
777,2188,340305,-13.27022631514734
777,2189,340481,-153.2309772740407
777,2190,340587,-262.7116697878565
777,2191,340714,-88.49242218793204
777,2192,340824,-46.213796345911206
777,2193,340939,-171.10969167386781
777,2194,341089,-97.91620679243556
777,2195,341262,-229.30164037651633
777,2196,341379,-75.7063125668308
777,2197,341587,-330.10387539538164
777,2198,341680,-112.61436952060737
777,2199,341884,-414.8037041943127
777,2200,341995,-164.09069289595433
777,2201,342148,-294.34787516026563
777,2202,342359,-298.6835175401556
777,2203,342536,-166.39881764819995
777,2204,342676,-394.2382074169038
777,2205,342836,-39.40357207268915
777,2206,343104,-76.42777816633355
777,2207,343216,-101.8156948051268
777,2208,343307,-344.96600246400317
777,2209,343420,-186.44920581956043
777,2210,343524,-376.1868344892589
777,2211,343697,-280.7744173652711
777,2212,343844,-242.0441560103743
777,2213,344042,-389.81052285533303
777,2214,344227,-82.96643780417307
777,2215,344331,-91.73381770052896
777,2216,344529,-231.97043270048766
777,2217,344640,-236.65564126265048
777,2218,344737,-176.15605383985775
777,2219,344891,-231.68167418571682
777,2220,344987,-273.71890530648886
777,2221,345079,-31.042209980004515
777,2222,345298,11.86101145314359
777,2223,345410,-107.5894799286537
777,2224,345496,-148.76198529753106
777,2225,345611,-160.29246277560688
777,2226,345764,-292.0607230771103
777,2227,345876,0.633695353493323
777,2228,346069,-139.75830720325322
777,2229,346168,-107.3105651236203
777,2230,346303,-332.9994520297568
777,2231,346398,-21.668408329476165
777,2232,346576,-58.05332565451611
777,2233,346703,-109.4763124342516
777,2234,346844,-390.60890408935745
777,2235,346962,-186.04106255410963
777,2236,347123,-175.56427934938432
777,2237,347263,-331.3420185258923
777,2238,347372,-28.951123288624487
777,2239,347557,-308.2697666342313
777,2240,347697,-210.6603802251281
777,2241,347843,-360.96195154485616
777,2242,347978,-272.5088976328725
777,2243,348122,-294.4143276235593
777,2244,348296,-158.0436758642474
777,2245,348441,-276.4153377797474
777,2246,348553,-224.09402331107896
777,2247,348654,-79.94232228965168
777,2248,348760,-100.1689872454684
777,2249,348841,-273.4472838281144
777,2250,348986,-407.2829743058485
777,2251,349086,-214.2946201234647
777,2252,349240,-405.37162392626993
777,2253,349463,-316.5844044043333
777,2254,349658,-354.999518232111
777,2255,349806,-425.93473961052206
777,2256,349924,-161.6558450891544
777,2257,350034,10.615174583870854
777,2258,350238,-372.35481683289083
777,2259,350391,-34.08176869935026
777,2260,350594,-278.0112226267658
777,2261,350723,7.401703353856888
777,2262,350977,-301.3116838849543
777,2263,351082,-53.47531016967486
777,2264,351286,-327.0049978916726
777,2265,351403,-48.469898772207294
777,2266,351492,-203.50869059663376
777,2267,351637,-238.25295384306722
777,2268,351796,-79.63812880223387
777,2269,351973,-217.15936173091174
777,2270,352095,-228.12135222139753
777,2271,352365,-203.2263594786835
777,2272,352472,-296.94070049306055
777,2273,352620,-351.83570433654336
777,2274,352800,-514.0677556742481
777,2275,352945,-277.0393788403683
777,2276,353090,-348.1417463708667
777,2277,353186,-283.3841436862647
777,2278,353305,-91.25856811445566
777,2279,353450,-347.1199846339359
777,2280,353580,-201.2101994382511
777,2281,353734,-565.9114190804091
777,2282,353898,-476.19818593224386
777,2283,354073,-324.2268375004074
777,2284,354179,-233.77430769621503
777,2285,354334,-473.7806672867301
777,2286,354537,-260.1761473416313
777,2287,354691,-278.933499749933
777,2288,354875,-267.01088697530975
777,2289,355032,-249.64981117505835
777,2290,355282,-162.32999083017728
777,2291,355402,-116.44696819030725
777,2292,355616,-228.80629715520178
777,2293,355818,-351.10384291069875
777,2294,355965,-295.478297907611
777,2295,356065,8.285545003460427
777,2296,356249,29.277557180226722
777,2297,356345,-204.36488502538805
777,2298,356446,-227.559099280401
777,2299,356588,-289.40248222965306
777,2300,356786,-298.7103179828637
777,2301,356923,-210.3420332665214
777,2302,357088,-305.93354952659126
777,2303,357228,-209.66827681486734
777,2304,357368,-192.95482570118358
777,2305,357476,-240.7607734191774
777,2306,357615,-214.2171054226149
777,2307,357744,-396.27619097876266
777,2308,357861,-328.43995634757596
777,2309,358015,-53.259512616863795
777,2310,358147,-9.038190373697361
777,2311,358245,-248.9297715450175
777,2312,358336,-210.05026051635042
777,2313,358456,-61.784574145312426
777,2314,358553,-271.34594038236287
777,2315,358695,12.830649511033258
777,2316,358810,-54.31174925428908
777,2317,358910,-360.4412222752619
777,2318,359113,-178.99263247941616
777,2319,359243,-98.58711619419188
777,2320,359359,-141.21096730246092
777,2321,359577,-349.19032058536305
777,2322,359768,-153.19803780874463
777,2323,359902,-227.5826787030307
777,2324,360283,-331.45235098566815
777,2325,360393,-154.972092404058
777,2326,360486,-242.3416860437141
777,2327,360644,-410.59805697346525
777,2328,360736,-236.52394890828526
777,2329,360987,-238.86200526308656
777,2330,361116,-202.9390838166719
777,2331,361306,-179.33150806524208
777,2332,361433,-118.36804207078141
777,2333,361567,-114.0199805254444
777,2334,361715,-237.89956345308056
777,2335,361815,-140.8451152512642
777,2336,361930,-98.37788229989887
777,2337,362022,-232.73503080993368
777,2338,362115,-179.05387087208467
777,2339,362214,-144.28212527497897
777,2340,362376,-195.39133576710378
777,2341,362467,-280.0265970195726
777,2342,362606,-329.16476242440785
777,2343,362704,-260.116932777976
777,2344,362810,-419.54590365564496
777,2345,362945,-222.74401557035588
777,2346,363129,-430.3622653127461
777,2347,363276,-243.1521825474185
777,2348,363450,-216.14917383300775
777,2349,363606,-549.4842566423657
777,2350,363735,-198.73235357909707
777,2351,363918,-239.67068506178805
777,2352,364031,-65.2018595556877
777,2353,364219,-346.4814616729943
777,2354,364385,-252.4463648612652
777,2355,364610,-243.90139962386291
777,2356,364800,-303.01814848378893
777,2357,364964,-270.94045664113514
777,2358,365107,-295.61382459305605
777,2359,365224,-149.77857303961343
777,2360,365358,-86.91626081484512
777,2361,365460,-139.77658550775837
777,2362,365683,-422.2482178134596
777,2363,365798,-51.68464626958155
777,2364,365909,-63.8421739384721
777,2365,366069,-317.03924554911043
777,2366,366214,-378.4931035663896
777,2367,366356,-108.88063846340698
777,2368,366518,-426.21402384589135
777,2369,366641,-251.85592473089963
777,2370,366810,-181.3432371009652
777,2371,366939,-276.20250394479916
777,2372,367084,-338.1332676884151
777,2373,367252,-170.56832309238783
777,2374,367401,-61.672246101448195
777,2375,367558,-454.54418561935967
777,2376,367665,-189.53442064962923
777,2377,367850,-402.3083085025541
777,2378,367989,-216.8693856158289
777,2379,368104,-364.0435980540534
777,2380,368258,-374.9615357099392
777,2381,368505,-319.9009742511119
777,2382,368616,-61.55446795319246
777,2383,368751,42.465905436884015
777,2384,368901,-387.7428305788035
777,2385,369075,-125.12397598762652
777,2386,369205,-223.93392512172701
777,2387,369383,-265.26643285551006
777,2388,369498,-275.33023470004184
777,2389,369648,-220.34458906922225
777,2390,369808,-211.0196266622158
777,2391,370282,-118.20010694476727
777,2392,370419,-226.22198122043457
777,2393,370554,-197.92518479641365
777,2394,370804,-307.01687970516275
777,2395,370992,-285.02096915689543
777,2396,371132,-226.84414576157442
777,2397,371252,-90.85270511764658
777,2398,371396,-336.03026493126725
777,2399,371541,-334.4859390527125
777,2400,371677,-236.0158489942445
777,2401,371878,-338.6778301160319
777,2402,372012,-306.49792090976104
777,2403,372162,-513.821541533156
777,2404,372294,-195.16180346108726
777,2405,372457,-396.0187868735259
777,2406,372577,-286.913154804511
777,2407,372682,-371.21038320889534
777,2408,372818,-212.06253417101476
777,2409,372934,-354.97333088510624
777,2410,373120,-484.56191795621095
777,2411,373281,-422.1493703579153
777,2412,373431,-460.38148858802947
777,2413,373632,-386.4577372065802
777,2414,373777,-283.1742704349186
777,2415,373920,-317.54051132483374
777,2416,374031,-154.65266162519305
777,2417,374125,-190.42047837643992
777,2418,374220,-266.78866100220415
777,2419,374414,-206.9582523931408
777,2420,374532,-394.846660755187
777,2421,374690,-150.47794053662892
777,2422,374792,-54.711065030917105
777,2423,374909,-102.3424800418066
777,2424,375043,-376.41774504946795
777,2425,375166,-118.23063605092283
777,2426,375271,-262.108578542407
777,2427,375406,-205.45683709745506
777,2428,375541,-246.51891221897733
777,2429,375737,-303.9229655360234
777,2430,375871,-115.66960559800407
777,2431,375970,-60.04336845521449
777,2432,376111,-240.7912577430018
777,2433,376481,-229.92894635074248
777,2434,377099,-358.8443623936965
777,2435,377209,-87.4403758730206
777,2436,377296,-201.765606458577
777,2437,377414,-76.79156783380735
777,2438,377600,-250.37754414781674
777,2439,377709,-77.86311372218766
777,2440,377850,-228.0337188792679
777,2441,378003,-261.6772086075526
777,2442,378109,-29.36240702541039
777,2443,378378,-234.18848160621735
777,2444,378486,-290.17937560960627
777,2445,378738,-242.37884573535877
777,2446,378851,37.75444221267958
777,2447,379021,-487.18301858084897
777,2448,379173,-273.55642941034876
777,2449,379397,-460.6928004285697
777,2450,379514,-90.52637424532962
777,2451,379680,-312.7695814968728
777,2452,379817,-412.31499407276993
777,2453,379918,-87.41387795173537
777,2454,380096,-164.61916712760427
777,2455,380261,-147.99633954413363
777,2456,380406,-233.96009426691649
777,2457,380569,-115.82540110519663
777,2458,380711,-248.42700848547517
777,2459,380823,-76.15457438956207
777,2460,380963,-334.9731450933497
777,2461,381076,-66.18094314275069
777,2462,381223,-312.76291211810747
777,2463,381350,-236.76521461734848
777,2464,381537,-279.4371793488728
777,2465,381647,-103.48935639448692
777,2466,381777,-364.28246918677087
777,2467,381976,-236.10848588881043
777,2468,382106,-129.24543848583852
777,2469,382227,-159.80533678286034
777,2470,382378,-126.97865206475808
777,2471,382524,47.82467642224003
777,2472,382715,-127.1585508580367
777,2473,382872,-127.52953688573072
777,2474,382985,47.264296593958704
777,2475,383091,-25.584930468416076
777,2476,383215,-40.49510771024674
777,2477,383351,-332.9558754765963
777,2478,383437,-172.8808580544238
777,2479,383546,-52.98365906381727
777,2480,383692,-440.2593387707387
777,2481,383804,-181.1471173733556
777,2482,383891,-256.04490319839
777,2483,384023,-261.9717454954271
777,2484,384142,-48.98356864427501
777,2485,384262,-85.53569844392996
777,2486,384423,-194.75351399394435
777,2487,384563,-286.6629492873036
777,2488,384690,-242.35291728506562
777,2489,384840,-120.3619557225345
777,2490,384995,-230.43221662391966
777,2491,385224,-351.1890040457506
777,2492,385355,-204.77491915489406
777,2493,385465,-19.850922688549474
777,2494,385585,-64.23168613988491
777,2495,385737,-169.991011285711
777,2496,385836,0.9959708035691506
777,2497,385998,-296.4503762406926
777,2498,386121,-237.5470577366753
777,2499,386317,-335.97545856777543
777,2500,386466,-249.2730154062892
777,2501,386603,-274.8384864910196
777,2502,386744,-273.55980372747376
777,2503,386856,-194.67911433203028
777,2504,387020,-41.99358780668039
777,2505,387119,-185.51378076229236
777,2506,387285,-15.23614945950736
777,2507,387410,-14.041153467584166
777,2508,387545,-273.72287211972474
777,2509,387676,-279.455638849171
777,2510,387795,-137.17026969968896
777,2511,387971,-200.3096470514567
777,2512,388071,-222.57272674834746
777,2513,388202,-6.843391637733816
777,2514,388375,-230.91530163955528
777,2515,388500,-111.28775155898053
777,2516,388584,-244.72210073543167
777,2517,388726,-201.51524147970298
777,2518,388882,-96.97811648295965
777,2519,389013,-76.79538485009523
777,2520,389115,-129.64098050572065
777,2521,389229,-82.78177199830994
777,2522,389375,-58.24878224168112
777,2523,389539,-319.8052229758557
777,2524,389744,-42.451239811896315
777,2525,389880,-190.96754228436467
777,2526,390041,-71.96354909499668
777,2527,390209,-235.73993170388394
777,2528,390390,-217.77940096412217
777,2529,390504,-151.3408300179547
777,2530,390666,-329.5333067595587
777,2531,390877,-143.89672568488615
777,2532,391011,-374.91404531847854
777,2533,391153,49.22835687106178
777,2534,391267,-94.68988956845568
777,2535,391426,-433.7413530163962
777,2536,391527,-283.24632734575977
777,2537,391900,-250.17952266147552
777,2538,392006,-37.28507860693996
777,2539,392127,-110.89665151019432
777,2540,392269,-365.62622557071484
777,2541,392410,-268.756289424655
777,2542,392532,-33.70882160875874
777,2543,392637,-67.65580664431309
777,2544,392725,-182.70331265527284
777,2545,392863,-299.24974557123585
777,2546,393007,-405.16089906678707
777,2547,393172,-275.09820897737717
777,2548,393274,-222.95075782241867
777,2549,393432,-281.0031502700682
777,2550,393654,-203.78749103331614
777,2551,393810,-286.41340549466474
777,2552,394015,-269.3511424066284
777,2553,394171,-173.9816940302301
777,2554,394272,-175.77329878044537
777,2555,394636,-106.28819154777464
777,2556,394740,-254.90315111359044
777,2557,394873,63.146121542825284
777,2558,395038,-203.58249718571153
777,2559,395155,-195.50667353433926
777,2560,395312,-266.5591671085307
777,2561,395442,-29.562562029894778
777,2562,395600,-145.5821985936326
777,2563,395750,-167.64691682657394
777,2564,395878,-219.72723250267302
777,2565,396046,-301.5545660555902
777,2566,396168,-231.47298217527546
777,2567,396324,-231.95400304438343
777,2568,396465,-328.007932777207
777,2569,396597,-312.88864820713036
777,2570,396763,-306.4709364507004
777,2571,396907,-340.92491635843993
777,2572,397072,-147.35590842893578
777,2573,397291,-461.34685699330635
777,2574,397413,-132.90782737831697
777,2575,397534,-217.44080222970928
777,2576,397652,-238.91129598553968
777,2577,397780,-143.6815867913781
777,2578,397905,-245.70246495412852
777,2579,398100,-382.51581835773436
777,2580,398257,-430.3761580996237
777,2581,398445,-189.58304715204463
777,2582,398574,-25.132646418695316
777,2583,398771,-382.9256112128953
777,2584,398965,-387.78953677459646
777,2585,399072,-18.837923139521337
777,2586,399266,-413.07049710182076
777,2587,399361,-232.8139275744691
777,2588,399442,-228.87581779115385
777,2589,399748,-305.6478210306723
777,2590,399896,-326.8757772801108
777,2591,400053,-254.54500536706078
777,2592,400241,-293.6912807077809
777,2593,400367,-223.73991048829626
777,2594,400482,-136.91667024870543
777,2595,400621,-227.35857820854477
777,2596,400710,-308.33926090864634
777,2597,400900,-353.487295118095
777,2598,401025,-68.5319137295152
777,2599,401249,-244.37830720030783
777,2600,401398,-274.22782128199765
777,2601,401513,-35.11939484209856
777,2602,401645,-207.68974936990526
777,2603,401801,-86.60729968982172
777,2604,401914,-230.14253778480386
777,2605,401999,-178.86845868891004
777,2606,402380,-72.54129534950965
777,2607,402541,-110.07960032239814
777,2608,402690,-54.512888451018185
777,2609,402861,-311.0875560431685
777,2610,403055,-322.67191200251955
777,2611,403245,-301.61460539224845
777,2612,403387,-342.4237258264956
777,2613,403493,-71.69660353160053
777,2614,403620,-201.5325522704319
777,2615,403732,-50.33191924891637
777,2616,403882,-148.01610100413893
777,2617,403997,-290.62695750162777
777,2618,404161,-139.26007504360098
777,2619,404276,-142.6953904988696
777,2620,404429,-316.45942088547315
777,2621,404544,-14.92678043731199
777,2622,404665,-44.35565892568447
777,2623,404820,-278.7689538210368
777,2624,404958,-357.8538150413947
777,2625,405067,-294.1478278017139
777,2626,405210,-373.6573555408918
777,2627,405304,-31.397251265862096
777,2628,405461,-82.93587634310249
777,2629,405594,-262.4442787997789
777,2630,405730,-225.71839273649448
777,2631,405860,-246.6272673674283
777,2632,406011,-398.9428665142005
777,2633,406183,-46.95045469570014
777,2634,406397,-270.4592458786948
777,2635,406659,-449.58382336929225
777,2636,406791,-236.24206247317673
777,2637,406959,-350.3926893067823
777,2638,407170,-195.30144300751923
777,2639,407329,-431.68557277874976
777,2640,407471,-237.53300696818383
777,2641,407570,-227.74263464388181
777,2642,407703,-291.9162418877712
777,2643,407941,-220.93294236050542
777,2644,408159,-265.5601589330755
777,2645,408295,-252.3723562418881
777,2646,408484,-318.6542062615945
777,2647,408619,-233.03810584906128
777,2648,408813,-342.684474864
777,2649,408977,-279.43802235377495
777,2650,409176,-359.6460858131304
777,2651,409374,-401.79765236023866
777,2652,409563,-247.04180300832434
777,2653,409741,-264.3576522388206
777,2654,409910,-236.32890076877678
777,2655,410039,-165.17739053899305
777,2656,410146,-73.43971356367507
777,2657,410328,-335.4854937088376
777,2658,410465,-287.35708631401195
777,2659,410597,-213.27315887223995
777,2660,410715,-270.19582436568925
777,2661,410810,-80.38894418075297
777,2662,411141,-198.43695338869279
777,2663,411247,-134.48294390602615
777,2664,411355,-386.83099441234725
777,2665,411500,-186.92664763096667
777,2666,411612,-101.4447100196535
777,2667,411734,-105.60631926387157
777,2668,411861,-269.44572232019243
777,2669,412032,-353.52670431494386
777,2670,412167,-264.7405263068738
777,2671,412301,-229.35600241453625
777,2672,412413,-96.57212096322706
777,2673,412591,-341.65390390340207
777,2674,412696,-304.4478271395881
777,2675,412818,-23.384140523361268
777,2676,412968,-397.85204410585527
777,2677,413071,-121.71858929468343
777,2678,413175,-183.35505674729887
777,2679,413348,-315.55446828445065
777,2680,413502,-319.8640174057225
777,2681,413650,-266.0966635176043
777,2682,413768,-181.4143482011483
777,2683,413879,-102.62716850924144
777,2684,413987,-34.423378740038515
777,2685,414123,-346.09037957756834
777,2686,414244,-54.369797219302676
777,2687,414414,-236.61709156902617
777,2688,414563,-329.59444052050617
777,2689,414700,-315.1562716229663
777,2690,414812,-214.35247422509354
777,2691,414966,-269.0557465741756
777,2692,415155,-249.91183804192667
777,2693,415381,-378.70184685458037
777,2694,415589,-178.90165446698592
777,2695,415729,-237.0319049579104
777,2696,415837,-54.70555339038334
777,2697,415953,-49.29690588150679
777,2698,416129,-222.2429219983746
777,2699,416291,-254.3302690796939
777,2700,416531,-117.13861822218692
777,2701,416781,-422.7755880662309
777,2702,416882,16.993417227500487
777,2703,417092,-313.78578501854633
777,2704,417246,-142.34316692359627
777,2705,417412,-224.82759759307498
777,2706,417568,-348.2140599390628
777,2707,417679,-278.06097767397637
777,2708,417823,-371.19185003373855
777,2709,417979,-207.9173441483544
777,2710,418091,-26.769064228256497
777,2711,418237,-294.455584591287
777,2712,418425,-323.5920715468145
777,2713,418618,-383.3638564759434
777,2714,418726,-84.48746950748665
777,2715,418839,-53.77339533921914
777,2716,418994,-287.54110325135866
777,2717,419125,-285.4057844226802
777,2718,419263,-264.2335469195095
777,2719,419394,-249.71935747120165
777,2720,419496,-107.14798105838304
777,2721,419642,-166.11290723561265
777,2722,419840,-5.008107889092912
777,2723,420004,-129.14260180036163
777,2724,420209,-368.77724055593234
777,2725,420325,-4.9219141847816275
777,2726,420438,-84.72292861765219
777,2727,420543,-70.35248894962638
777,2728,420632,-121.54405050023718
777,2729,420777,-98.92797830961085
777,2730,420908,-342.9548640173466
777,2731,421070,-154.1254506497795
777,2732,421258,-263.7937059145164
777,2733,421408,-453.1127226796622
777,2734,421585,-432.35919373104235
777,2735,421697,-85.81507339454383
777,2736,421816,-107.35107641356477
777,2737,422015,-362.5575956232875
777,2738,422158,-332.24872134580767
777,2739,422336,-303.8396557893095
777,2740,422508,-285.9781130956667
777,2741,422646,-287.76272561809094
777,2742,422769,-93.73867567064268
777,2743,422900,-193.73025667744136
777,2744,423002,-14.039193364697582
777,2745,423167,-366.4335656705687
777,2746,423283,-75.03022710288485
777,2747,423396,-53.72455353580932
777,2748,423564,-179.15481262309265
777,2749,423708,-418.416185586814
777,2750,423809,-103.34361760684757
777,2751,423921,-99.72249875706574
777,2752,424032,-98.03116858982855
777,2753,424247,-276.35693385529464
777,2754,424349,-251.9716459747219
777,2755,424455,-209.72211084196206
777,2756,424569,-96.67146042020813
777,2757,424693,-82.40552788099347
777,2758,424858,-193.0568810285793
777,2759,425035,-357.38915000071336
777,2760,425148,-7.422859222190851
777,2761,425248,-12.76057398969877
777,2762,425405,-13.075263890378537
777,2763,425525,-77.42133043796306
777,2764,425602,-294.18313844971743
777,2765,425707,-55.04940236738255
777,2766,425930,-63.544484248264254
777,2767,426092,-119.0366446424222
777,2768,426232,-276.8787080608678
777,2769,426361,-248.86529552451924
777,2770,426523,-538.6057864282504
777,2771,426675,-239.96122963808392
777,2772,426779,-23.2344475257092
777,2773,426944,-318.1572755101627
777,2774,427088,-345.702174636824
777,2775,427237,-291.118009848552
777,2776,427377,-202.55655272358214
777,2777,427566,-309.80817266115474
777,2778,427696,-328.12136446027506
777,2779,427810,-76.02377336655229
777,2780,427980,-119.36457260385255
777,2781,428088,-23.972366830194204
777,2782,428180,-105.26607232746582
777,2783,428295,-39.613132220515695
777,2784,428437,-238.34710153106042
777,2785,428566,-249.5387665900518
777,2786,428662,-241.4049609648102
777,2787,428764,-347.91515236494587
777,2788,428878,-131.90783855398064
777,2789,429035,-368.20032689334715
777,2790,429209,-277.79085909615276
777,2791,429385,-394.7124258964711
777,2792,429542,-441.24654270476844
777,2793,429710,-530.0343313366336
777,2794,429858,-386.16519117343563
777,2795,430021,-241.02681511974043
777,2796,430177,-435.638869013841
777,2797,430403,-62.063477550781485
777,2798,430541,-321.55436548317584
777,2799,430635,-207.8601374476478
777,2800,430750,-84.1272538505582
777,2801,430893,-375.9706304531763
777,2802,431000,-71.6447486307532
777,2803,431149,-493.2257196706408
777,2804,431253,-181.1319355423853
777,2805,431382,-233.88336510772288
777,2806,431503,-91.78468118603594
777,2807,431689,-279.93453993094965
777,2808,431831,-244.5591950810789
777,2809,431952,-243.66405594696502
777,2810,432091,-454.77354068542473
777,2811,432215,-29.511095908233713
777,2812,432317,-85.82530571297795
777,2813,432430,-239.68473285687082
777,2814,432548,-261.8148633086769
777,2815,432663,-246.64809764060522
777,2816,432861,-329.3190780254132
777,2817,432993,-303.7408626316083
777,2818,433129,-285.0731950407761
777,2819,433287,-383.6005620624729
777,2820,433392,-279.4076584129227
777,2821,433530,-422.1463393647324
777,2822,433644,-158.68305429461705
777,2823,433738,-217.43855123905564
777,2824,433869,-232.47803929577776
777,2825,434070,-201.0721705905264
777,2826,434208,-375.4854431215232
777,2827,434319,-214.65651963458234
777,2828,434461,-370.32148583751774
777,2829,434619,-143.21881354208483
777,2830,434746,-52.853224276460764
777,2831,434855,-38.24772183216392
777,2832,435061,-132.283059609267
777,2833,435169,-333.809587055359
777,2834,435359,-348.13162460386104
777,2835,435569,-205.50683906865743
777,2836,435695,-230.47823269598044
777,2837,435794,-275.24080278862675
777,2838,435990,-128.48779808379183
777,2839,436147,-311.3175435557845
777,2840,436242,-29.988971730803854
777,2841,436423,-307.1816525938272
777,2842,436588,-80.31858969837172
777,2843,436767,-342.7237468772509
777,2844,436867,-226.24259404926795
777,2845,437004,-358.88859307239585
777,2846,437174,-81.86369133029386
777,2847,437378,-391.4661473640353
777,2848,437472,-261.46568675649075
777,2849,437607,68.35499512323594
777,2850,437801,-121.67365724310183
777,2851,437991,-345.5862105333741
777,2852,438108,-157.52490879816844
777,2853,438371,-246.96800166682158
777,2854,438511,-304.65777565696703
777,2855,438614,-189.69210257317886
777,2856,438721,-33.590082158637586
777,2857,438885,-224.7806166328245
777,2858,439059,-280.6991629534666
777,2859,439207,-246.42222259094137
777,2860,439355,-398.2331759096773
777,2861,439522,-158.60704747069906
777,2862,439662,-130.2092414415225
777,2863,439837,-112.4612180994469
777,2864,439965,-250.66974468771633
777,2865,440105,-402.99585415940646
777,2866,440278,-316.0255462838039
777,2867,440425,-173.99407655842174
777,2868,440616,-215.0197520136556
777,2869,440704,-228.58018394150483
777,2870,440814,-275.5742111449676
777,2871,440911,-7.224028588344623
777,2872,441079,-209.9418858294332
777,2873,441218,-252.9261293846186
777,2874,441332,-112.60913975186608
777,2875,441474,-339.3979609311118
777,2876,441614,-252.3382967925198
777,2877,441747,-273.92315390686224
777,2878,441847,-71.03972581557962
777,2879,441963,-36.87507521102799
777,2880,442119,-144.52488449340984
777,2881,442290,-170.82414538418516
777,2882,442417,-98.81860446675294
777,2883,442591,-240.56160858598514
777,2884,442792,-316.39660427969903
777,2885,442934,-352.7645490607982
777,2886,443075,-114.20105279486084
777,2887,443205,-376.4451574243188
777,2888,443335,-192.8571162047587
777,2889,443467,-248.83077572626206
777,2890,443589,-354.25328559471103
777,2891,443737,-347.1099624586444
777,2892,443880,-278.42236785445186
777,2893,444042,-73.3969248842185
777,2894,444139,-294.7295418038558
777,2895,444300,-255.48251928330572
777,2896,444455,-172.08404636271598
777,2897,444567,-71.5242733038401
777,2898,444725,-250.1829315994953
777,2899,444872,-224.8364097382642
777,2900,445040,-229.26974160758397
777,2901,445175,-374.3601093502847
777,2902,445330,-279.4410956929204
777,2903,445463,-354.38081881718256
777,2904,445587,-176.6289402508911
777,2905,445689,-220.3295373163898
777,2906,445799,-16.656394636451807
777,2907,445936,-260.2052601740984
777,2908,446043,-136.23385620688742
777,2909,446383,-188.77094238148902
777,2910,446560,-136.82210631644014
777,2911,446723,-317.8501001281467
777,2912,447108,-111.2501426559871
777,2913,447233,-97.71934985447244
777,2914,447313,-180.2746484156931
777,2915,447497,-246.5053337302261
777,2916,447591,-169.05817538909554
777,2917,447763,-39.9099577174109
777,2918,447905,-281.032064797818
777,2919,447989,-282.0635950145216
777,2920,448117,-236.3798820893276
777,2921,448273,-308.7592103197484
777,2922,448417,-288.26750581056666
777,2923,448516,-245.20344933089535
777,2924,448628,-151.1703118883092
777,2925,448735,-250.73606371930347
777,2926,448846,-269.9358184777011
777,2927,448962,-127.19749847764011
777,2928,449084,-140.491245085868
777,2929,449210,-234.35297137585155
777,2930,449360,-320.8965614877228
777,2931,449472,-143.36607959951476
777,2932,449651,-253.66666077886546
777,2933,449799,-460.5632269480946
777,2934,449915,-148.73170394763125
777,2935,450095,-207.13018639293023
777,2936,450228,-191.90643346080586
777,2937,450374,-440.5744101630409
777,2938,450478,-240.1757915144864
777,2939,450618,-32.945989700423894
777,2940,450777,-292.1447039555443
777,2941,450889,-127.44687440097401
777,2942,451030,-325.9537874361662
777,2943,451254,-303.67868475692035
777,2944,451436,-474.3757617674811
777,2945,451624,-253.6874568201738
777,2946,451758,-316.1680679377279
777,2947,451891,-260.9179490956976
777,2948,452048,-318.85488690469776
777,2949,452238,-385.5543840782282
777,2950,452386,-82.00721960088809
777,2951,452503,-108.68466283883288
777,2952,452625,-224.27545292771816
777,2953,452783,-76.39109800304857
777,2954,452881,-185.41412279603605
777,2955,452962,-31.923069181317658
777,2956,453137,-277.31420306095066
777,2957,453234,-217.03395257188845
777,2958,453346,-60.51183945213191
777,2959,453449,-61.86912806449281
777,2960,453606,-266.004298493384
777,2961,453768,-144.02599139144198
777,2962,453896,-160.4889252993366
777,2963,454021,-159.4719704361946
777,2964,454149,-221.71204169448328
777,2965,454319,-187.8359314067634
777,2966,454472,-327.4754006359459
777,2967,454603,-142.05444710553505
777,2968,454771,-82.26146931171681
777,2969,454912,-357.8820587149553
777,2970,455080,-170.073460646891
777,2971,455272,-89.76376374127808
777,2972,455405,-398.73043390352717
777,2973,455525,-101.81939111758757
777,2974,455618,-47.19920145779562
777,2975,455812,-275.22687570408266
777,2976,455936,-296.73774223486237
777,2977,456029,-240.0408700349348
777,2978,456164,-317.0080236481899
777,2979,456341,-285.66314731839714
777,2980,456513,-267.9927102915068
777,2981,456635,-131.15834741579135
777,2982,456764,-206.91305222178624
777,2983,456873,-44.744501004494744
777,2984,457028,-229.94399342649294
777,2985,457134,-92.06319706168314
777,2986,457243,-56.12426299488684
777,2987,457342,-257.8068321199065
777,2988,457470,-310.1235254965816
777,2989,457574,-235.88312493836884
777,2990,457688,-106.7962025963053
777,2991,457827,-220.25056874346365
777,2992,458027,-260.6799775061991
777,2993,458174,-108.40570093828356
777,2994,458292,-253.69087054743719
777,2995,458427,-388.2932330532025
777,2996,458620,-443.3018964732797
777,2997,458779,-332.8223408632987
777,2998,458929,-327.31907422918175
777,2999,459100,-179.6914247100981
777,3000,459283,-397.85937893379753
777,3001,459448,-421.93702509679844
777,3002,459592,-232.59230928208797
777,3003,459709,-17.21667584616148
777,3004,459875,-239.68676258670436
777,3005,460089,-431.18684349417055
777,3006,460204,-268.32326867981857
777,3007,460311,-109.46686661087223
777,3008,460452,-272.1596878931193
777,3009,460582,-169.40409528219118
777,3010,460738,-218.13761781379355
777,3011,460883,-282.8261598821141
777,3012,461039,-267.8228864607793
777,3013,461223,-240.757002928441
777,3014,461392,-307.07781793129755
777,3015,461604,-318.91775599509685
777,3016,461720,0.7155871020164852
777,3017,461830,-30.119526758197736
777,3018,461991,-270.96225872378113
777,3019,462129,-43.41468993340319
777,3020,462246,-13.313581461006876
777,3021,462386,-264.41686784928737
777,3022,462555,-135.55167010994666
777,3023,462655,-73.94960818746617
777,3024,462891,-164.5354159251333
777,3025,463025,-254.6313354267977
777,3026,463156,-267.89944016127373
777,3027,463271,-51.35654666831304
777,3028,463409,-341.4645803122645
777,3029,463491,-216.38323878051563
777,3030,463660,-226.82264040330406
777,3031,463805,-259.3889591728664
777,3032,464066,-32.25966758507033
777,3033,464203,-335.72875257561043
777,3034,464328,-58.066572545205744
777,3035,464515,-369.34894758882876
777,3036,464640,-45.033802499169134
777,3037,464820,-277.44894699466937
777,3038,465010,-518.0828924060277
777,3039,465113,-49.91467710749579
777,3040,465238,-255.66585003068988
777,3041,465383,-491.06244923996974
777,3042,465466,-272.5450264380347
777,3043,465723,-306.24705718370024
777,3044,465860,-201.71565815107346
777,3045,466006,-220.2434711322865
777,3046,466138,-197.63334326126596
777,3047,466287,-300.57377681286994
777,3048,466404,-104.99189574888156
777,3049,466516,-11.03732924443267
777,3050,466615,18.627253695978368
777,3051,467181,-432.0893017977504
777,3052,467371,-354.37722606657326
777,3053,467521,-344.6798860629176
777,3054,467668,-327.65616651948756
777,3055,467799,-332.8934602377989
777,3056,467968,-281.93531781577474
777,3057,468102,-440.12492256338
777,3058,468255,-359.89311901213074
777,3059,468400,-233.36495676181244
777,3060,468535,-348.24717743623535
777,3061,468764,-477.95208480965937
777,3062,468870,-260.05286382648796
777,3063,469040,-414.10386270938704
777,3064,469168,-244.3778604965508
777,3065,469270,-314.87314739825
777,3066,469421,-217.99958884446826
777,3067,469583,-467.7747060220263
777,3068,469704,-228.89226513722346
777,3069,469898,-288.43842120329725
777,3070,470090,-291.8219460694773
777,3071,470240,34.94199635941928
777,3072,470399,26.6542699584555
777,3073,470492,-84.37979135452825
777,3074,470624,-199.03190723780875
777,3075,470748,-56.391493688270316
777,3076,470865,-74.96517812566213
777,3077,471006,-275.8312659548174
777,3078,471141,-258.89755992622213
777,3079,471282,-280.6727856811708
777,3080,471417,-374.44514570478015
777,3081,471575,-194.96751976617446
777,3082,471717,-265.57782800696907
777,3083,471884,-386.9989217247391
777,3084,471994,-35.78747324139671
777,3085,472116,-43.682878555399796
777,3086,472308,-255.82332610165037
777,3087,472459,-87.82984936087246
777,3088,472579,-121.87830054091779
777,3089,472763,-238.99434630928442
777,3090,472874,-97.57035912951699
777,3091,473060,-236.2115908441856
777,3092,473197,-324.09971471983954
777,3093,473339,-319.7353466189247
777,3094,473468,-203.61056648515628
777,3095,473634,-170.31070086037099
777,3096,473737,-5.179500071912983
777,3097,473884,-325.0621300220778
777,3098,474004,-297.34220992041224
777,3099,474187,-196.59660444714598
777,3100,474304,-72.62047812510833
777,3101,474467,-238.82265360093535
777,3102,474606,-370.39479088766905
777,3103,474745,-325.69752823006377
777,3104,474859,-60.69548963936715
777,3105,475050,-308.9017508340521
777,3106,475165,-76.02457852748006
777,3107,475309,-364.3249834052194
777,3108,475454,-401.6155275096073
777,3109,475634,-356.94180104989385
777,3110,475776,-419.2395156244623
777,3111,475892,-70.92095473711481
777,3112,476010,-185.91292602567307
777,3113,476135,-224.09926529013364
777,3114,476269,-289.02220523557185
777,3115,476449,-438.002726477139
777,3116,476637,-325.0901374825297
777,3117,476762,-330.9233416307489
777,3118,476867,-250.34344839098148
777,3119,477033,-268.8503185057184
777,3120,477194,-149.60563377646406
777,3121,477290,-277.62193757735787
777,3122,477390,-14.058551369651411
777,3123,477522,13.327454783370086
777,3124,477642,-51.35305268876105
777,3125,477907,-75.43461430936269
777,3126,478081,-360.4039129426795
777,3127,478187,-200.1084714668222
777,3128,478366,-363.3448812344651
777,3129,478473,15.616918002274986
777,3130,478594,-199.9668263164242
777,3131,478710,-241.4846435637756
777,3132,478842,-203.52057562609986
777,3133,478940,-33.436635054758185
777,3134,479061,6.051705777161104
777,3135,479200,-323.67894830613466
777,3136,479340,-214.7251626686413
777,3137,479485,-262.6592236238457
777,3138,479714,-124.45763299577422
777,3139,479923,-280.03231306127225
777,3140,480084,-296.19960900039115
777,3141,480192,-244.24535809521942
777,3142,480343,-306.76718749418757
777,3143,480487,-246.30912369732192
777,3144,480657,-102.18407686961793
777,3145,480865,-95.9754574798285
777,3146,481039,-105.12853787952169
777,3147,481188,-383.4383395215889
777,3148,481403,-302.87343814376317
777,3149,481571,-198.20845627685904
777,3150,481807,-290.5916848278169
777,3151,481962,-183.35968818087832
777,3152,482088,-47.869995912834064
777,3153,482243,-86.73683472355253
777,3154,482368,-32.05945610723218
777,3155,482464,-190.27559785327162
777,3156,482582,-116.17625657370078
777,3157,482670,-255.70927453128684
777,3158,482872,-257.204494387474
777,3159,482969,48.81866296190654
777,3160,483070,-51.237392739458514
777,3161,483238,-275.2493805133073
777,3162,483353,6.060580698886525
777,3163,483510,-142.52007859487705
777,3164,483649,-354.7023167671234
777,3165,483770,-107.4273033907009
777,3166,483967,-159.16579725340623
777,3167,484112,-369.44910625966935
777,3168,484268,-255.13793783229912
777,3169,484400,-359.585727777965
777,3170,484576,-432.56226403330453
777,3171,484758,-54.3656081173391
777,3172,484879,62.454746019352314
777,3173,485048,-318.7103912410817
777,3174,485154,-192.02048931225636
777,3175,485309,-269.28607380552046
777,3176,485439,-317.9666135215108
777,3177,485595,-214.06283728173156
777,3178,485731,-204.65359462027823
777,3179,485875,-123.49281054565353
777,3180,486009,-164.33136187637075
777,3181,486103,-225.51840903593177
777,3182,486229,-169.18893760272064
777,3183,486348,-111.95229240523305
777,3184,486495,-363.49706486067254
777,3185,486630,-242.70345348910487
777,3186,486749,-202.78028158783715
777,3187,486857,-74.77203228419148
777,3188,486983,-291.6886442201983
777,3189,487100,-140.46567490516102
777,3190,487303,-134.82344589966124
777,3191,487402,-209.40010056347666
777,3192,487476,-174.96400446190316
777,3193,487610,-41.90712479560395
777,3194,487762,-299.5444414131003
777,3195,487855,-221.81503104508528
777,3196,487987,-347.92237964669795
777,3197,488086,-12.993095996256699
777,3198,488217,-327.0953202324502
777,3199,488353,-200.94626049905293
777,3200,488479,-258.9987684206793
777,3201,488671,-313.95270566976694
777,3202,488780,-101.66517266150177
777,3203,488915,-262.0361010571595
777,3204,489084,-298.8933148394119
777,3205,489229,-298.91633214481396
777,3206,489377,-289.27697849832725
777,3207,489497,-208.93592359496944
777,3208,489659,-258.1986744105983
777,3209,489841,-136.1281721343649
777,3210,490004,-213.79728550949181
777,3211,490180,-223.5224137488848
777,3212,490324,-330.11909245280674
777,3213,490445,-157.40395983018473
777,3214,490586,-258.91492622220187
777,3215,490678,-180.7005448033635
777,3216,490860,-270.4147863562443
777,3217,491059,-268.9230711921934
777,3218,491184,-64.42514730206646
777,3219,491270,-216.52910099177643
777,3220,491380,-348.5493940535081
777,3221,491526,-293.5787454740604
777,3222,491703,-130.81302644155724
777,3223,491820,-66.01831593826537
777,3224,491945,-247.68282039756747
777,3225,492119,-161.2414411292279
777,3226,492260,-255.32995152163798
777,3227,492448,-208.53163991035223
777,3228,492576,-337.9350409832902
777,3229,492776,-196.64377064802918
777,3230,492922,-266.7119328644581
777,3231,493041,-52.746784133588804
777,3232,493180,-348.28557619286744
777,3233,493318,7.101119569725654
777,3234,493452,-270.136593244438
777,3235,493593,-288.6927287147201
777,3236,493706,-38.667642763850466
777,3237,493825,-226.152628011061
777,3238,493976,-344.5639499904909
777,3239,494251,-108.15025216376223
777,3240,494388,-378.1016865921136
777,3241,494498,-26.787185624600014
777,3242,494608,-291.6327358608726
777,3243,494746,-328.8848395148873
777,3244,494885,-248.04187209920124
777,3245,495036,-436.1332736922545
777,3246,495142,-32.26242549498265
777,3247,495236,-234.16847062696002
777,3248,495379,-279.14361416058773
777,3249,495528,-77.27688231426751
777,3250,495652,-232.07112508751595
777,3251,495781,-215.74329697447422
777,3252,495933,-289.50184172895865
777,3253,496089,-388.21875838189055
777,3254,496218,-92.84017498894153
777,3255,496359,-425.85863374187846
777,3256,496504,-271.09722859133143
777,3257,496731,-469.4576653327565
777,3258,496858,-56.00616815210248
777,3259,497040,-549.0394588893141
777,3260,497194,-288.0802541873019
777,3261,497316,-259.22770718283795
777,3262,497469,-480.17469141763155
777,3263,497622,-465.0289730779683
777,3264,497758,-310.0563919535578
777,3265,497935,-263.02808516451466
777,3266,498075,-409.7394305387905
777,3267,498221,-456.11503692775744
777,3268,498382,-395.2726347112526
777,3269,498549,-215.15666154101385
777,3270,498704,-243.82061665705257
777,3271,498843,-334.110664560405
777,3272,498978,-303.1850701707235
777,3273,499145,-271.2756503068805
777,3274,499320,-172.3325001619512
777,3275,499434,-68.43769216929414
777,3276,499614,-322.0002614283305
777,3277,499757,-189.92791467471872
777,3278,499898,-254.2330686009072
777,3279,500053,-256.65423474670695
777,3280,500240,-264.3740914474864
777,3281,500374,-228.08123841385375
777,3282,500513,-375.03733011431603
777,3283,500647,-239.101074740244
777,3284,500828,-105.0520089481261
777,3285,501143,-211.85948698528682
777,3286,501279,-311.048469204773
777,3287,501388,-81.179052385201
777,3288,501531,-304.4030967822897
777,3289,501678,-397.7619663690056
777,3290,501812,-316.8146603760572
777,3291,501941,-450.93771133916147
777,3292,502053,-151.10771568830108
777,3293,502167,-57.59950814049171
777,3294,502335,-222.33287049876253
777,3295,502520,-245.65609724303707
777,3296,502707,-424.05412045551736
777,3297,502843,-353.58845472714376
777,3298,503012,-154.61162559853523
777,3299,503153,-229.67121427978185
777,3300,503263,-197.5141362691715
777,3301,503438,-238.22301521002078
777,3302,503553,-363.5881663723858
777,3303,503655,-220.5284803089225
777,3304,503785,-308.7352959032397
777,3305,503884,-117.13715559196609
777,3306,503980,-264.01676530918184
777,3307,504136,-420.5744840250053
777,3308,504252,-222.94793097576633
777,3309,504400,-354.5501592464108
777,3310,504491,-377.9577574681167
777,3311,504698,-195.69612580316613
777,3312,504814,-357.44612828908834
777,3313,504970,-348.6455020002718
777,3314,505075,-15.210610973467425
777,3315,505156,-370.0094359536883
777,3316,505278,-135.8215501153925
777,3317,505382,-227.8985160447699
777,3318,505564,-6.601415811885843
777,3319,505678,-186.91734633041068
777,3320,505797,-132.98825030402298
777,3321,505946,-53.88649498979265
777,3322,506059,-64.16387290832806
777,3323,506172,-141.43296581880466
777,3324,506302,-258.4178041768005
777,3325,506440,-265.46657694780697
777,3326,506567,-4.134298614408664
777,3327,506668,-295.6038730258461
777,3328,506797,-188.23910620167067
777,3329,506935,-319.7515670801323
777,3330,507060,-248.09968698945116
777,3331,507181,-205.3050231061783
777,3332,507296,-16.464811063783173
777,3333,507403,-4.994719937312382
777,3334,507556,-200.88976685885416
777,3335,507683,-160.08553318672728
777,3336,507816,-234.56578460302873
777,3337,507950,-310.3731545925638
777,3338,508131,-442.67161225216284
777,3339,508235,-39.36536491254817
777,3340,508340,-186.9756822878948
777,3341,508488,58.79273814677856
777,3342,508693,-405.6669286505251
777,3343,508835,-263.69479402363316
777,3344,508947,-96.03451144562041
777,3345,509058,-30.694698083260988
777,3346,509166,-239.0986589788829
777,3347,509330,-163.6513843150048
777,3348,509438,-403.23677724358544
777,3349,509625,-324.093394030308
777,3350,509771,-356.540298739553
777,3351,509873,-207.97865019338633
777,3352,509973,-389.2456132189626
777,3353,510121,-159.40417856227722
777,3354,510310,-244.4636364110519
777,3355,510472,-197.40404394012998
777,3356,510636,-221.72797533044826
777,3357,510787,-107.82787756280351
777,3358,510896,-50.98981225935186
777,3359,510994,-109.62368028651974
777,3360,511135,-273.9909111857377
777,3361,511256,-228.70490378610592
777,3362,511349,-210.48708336570814
777,3363,511518,-352.342882183556
777,3364,511620,-230.1891121306009
777,3365,511758,-236.78362905819586
777,3366,511855,-73.38646530326955
777,3367,511991,-237.68189105505996
777,3368,512129,-202.20320628965757
777,3369,512258,-58.68951664348733
777,3370,512364,-45.85153090512822
777,3371,512524,-324.29514716223014
777,3372,512687,-219.8759328988177
777,3373,512849,-253.4664593677332
777,3374,512947,-19.100639865503723
777,3375,513126,-195.29707516900504
777,3376,513229,-73.3699820540952
777,3377,513369,-210.96467059707112
777,3378,513474,-289.11595184450306
777,3379,513584,-112.07335928093656
777,3380,513747,-327.64460597985783
777,3381,513904,-200.05596911551936
777,3382,514049,-362.0171918680038
777,3383,514315,31.34833139436438
777,3384,514444,-142.90834684187453
777,3385,514580,-243.86002233381492
777,3386,514728,-472.5338674518794
777,3387,514903,-270.76882006774565
777,3388,515097,-291.46748966935706
777,3389,515217,-315.7415192934917
777,3390,515349,-512.6681507692638
777,3391,515534,-493.7173508226394
777,3392,515754,-311.86764187232995
777,3393,515912,-289.0539763623749
777,3394,516033,-145.90995461445328
777,3395,516141,-95.5153413701101
777,3396,516260,4.612961631835802
777,3397,516401,-249.2083907509367
777,3398,516546,-253.65585488601306
777,3399,516681,-348.67488595642186
777,3400,516820,-274.4193008414019
777,3401,516978,-260.06627245102334
777,3402,517196,-112.80748644182538
777,3403,517302,-267.68536313093506
777,3404,517408,-78.25277776185752
777,3405,517521,-106.53151495717789
777,3406,517677,-247.62459076674702
777,3407,517808,-203.5683010617936
777,3408,517963,-120.25267770549411
777,3409,518122,-281.09407798884183
777,3410,518285,-311.6476001221156
777,3411,518443,-142.95611694979254
777,3412,518554,-285.71819426037297
777,3413,518676,-223.28379644182684
777,3414,518813,-304.4640551440121
777,3415,518947,-307.1565089640965
777,3416,519046,-19.57682266512677
777,3417,519168,-83.91647728632583
777,3418,519312,-306.73155330137934
777,3419,519480,-244.785284401057
777,3420,519651,-242.15186375041048
777,3421,519799,-200.03626249339848
777,3422,519978,-379.48316103828404
777,3423,520100,-147.25863922157583
777,3424,520213,-91.2327947426434
777,3425,520323,-81.07064442418302
777,3426,520431,-132.90942837585777
777,3427,520538,-322.431830574071
777,3428,520646,-132.42036873933478
777,3429,520794,-114.12473212109457
777,3430,520904,-16.91221452277074
777,3431,521006,-16.438527637777298
777,3432,521159,-20.356815569540586
777,3433,521301,-158.3138481795725
777,3434,521407,26.52911105183948
777,3435,521531,-225.27680280156432
777,3436,521806,-280.4117778387608
777,3437,521978,-154.73425672160832
777,3438,522145,-241.30040446723044
777,3439,522300,-255.10752847703424
777,3440,522440,-301.97987285888814
777,3441,522551,-92.55335666427003
777,3442,522731,-20.759158754731132
777,3443,522819,19.489483883958314
777,3444,522946,-329.7093809705365
777,3445,523082,-339.8545991941171
777,3446,523213,-327.6807604887358
777,3447,523351,-272.94446202609527
777,3448,523502,-369.06239847154916
777,3449,523616,-197.03382698379102
777,3450,523734,-141.00517364426676
777,3451,523884,-235.33327465471552
777,3452,524017,-353.3218305114226
777,3453,524168,-248.71534608706145
777,3454,524321,-190.15108969720865
777,3455,524497,-269.04744442436186
777,3456,524604,-232.7257118829481
777,3457,524695,-120.73265747995302
777,3458,524822,-259.3199392506782
777,3459,524976,-217.1640827574572
777,3460,525154,-256.0803723055534
777,3461,525275,-174.05382115825392
777,3462,525410,-379.4912889550761
777,3463,525525,-168.9340177132369
777,3464,525674,-400.22755425446076
777,3465,525803,6.823483764288184
777,3466,525986,-254.3396527741165
777,3467,526103,-329.9324775659227
777,3468,526223,-252.80586967677797
777,3469,526390,-331.56316358597434
777,3470,526507,-32.43871857156054
777,3471,526589,-185.26233342010326
777,3472,526683,-195.37366719045863
777,3473,526821,-215.12459436736907
777,3474,526956,-277.61345715780396
777,3475,527066,-193.53903663061448
777,3476,527198,-228.82670427722164
777,3477,527382,-248.7319872353044
777,3478,527490,-60.575326764810676
777,3479,527618,-266.0732625030515
777,3480,527732,-120.08352947666953
777,3481,528021,-244.17196059752501
777,3482,528184,-267.4571976943224
777,3483,528332,44.532959463857935
777,3484,528434,-98.73804374602175
777,3485,528564,-282.3979211742151
777,3486,528703,-263.28448386513423
777,3487,528808,-140.83738210089527
777,3488,528951,-342.14135538980315
777,3489,529050,-350.3329211641298
777,3490,529179,-146.58989999082343
777,3491,529317,-309.9480651778987
777,3492,529454,-251.85130395558429
777,3493,529585,-248.40907251907703
777,3494,529730,-310.0750408416459
777,3495,529854,-273.41234757271803
777,3496,530007,-244.15064221890063
777,3497,530121,-37.3767296975922
777,3498,530313,-228.6363938544453
777,3499,530429,-70.75637887092763
777,3500,530587,-199.2664139400793
777,3501,530728,-81.49420331264434
777,3502,530884,-146.18801660362755
777,3503,531058,-356.0012479316223
777,3504,531228,-318.22199167169833
777,3505,531414,-291.4182133446184
777,3506,531577,-115.84055802075359
777,3507,531724,-207.06543840661834
777,3508,531862,-309.1438790688426
777,3509,531977,-60.498628794381645
777,3510,532094,-33.00849617782089
777,3511,532199,-79.91298584499582
777,3512,532304,-43.9457949905554
777,3513,532434,-54.30182689140592
777,3514,532537,-163.05562546919796
777,3515,532692,-163.45371199720233
777,3516,532825,-329.30334656678826
777,3517,532966,-244.63946005980327
777,3518,533145,-301.19689758971344
777,3519,533324,-334.6402659165741
777,3520,533434,-78.126674062386
777,3521,533621,-290.1126682896451
777,3522,533736,-103.93118951038836
777,3523,533834,-72.78500938771283
777,3524,533981,-250.1965967301375
777,3525,534131,-417.4131034909156
777,3526,534235,-87.03450764832267
777,3527,534329,-289.77716773949805
777,3528,534462,-231.60859277717958
777,3529,534605,-488.72516697956917
777,3530,534702,-129.21742655270407
777,3531,534897,-340.82769580864493
777,3532,535019,82.79299964421247
777,3533,535154,-336.29912828386307
777,3534,535294,-365.484331832221
777,3535,535440,-243.26150556139447
777,3536,535622,-339.91977133969056
777,3537,535816,-262.5393070745679
777,3538,535927,-61.84434282113755
777,3539,536068,-109.09136821253111
777,3540,536198,-268.2030591961061
777,3541,536319,-46.484539832243954
777,3542,536432,-33.79393754711268
777,3543,536591,-276.4843132351643
777,3544,536744,-224.22587526766262
777,3545,536880,-245.75528983209324
777,3546,537004,-83.05390459365282
777,3547,537156,-101.03440685642005
777,3548,537320,-326.40048721076363
777,3549,537435,-230.69552915780363
777,3550,537561,-306.5052641591443
777,3551,537712,-208.3455511526443
777,3552,538001,-241.03808566088557
777,3553,538114,-59.813301936426264
777,3554,538256,-279.921719215259
777,3555,538409,-205.79317105562427
777,3556,538513,-40.839468462612345
777,3557,538696,-397.966420432582
777,3558,538809,-78.40397155240298
777,3559,538903,-60.3153516320271
777,3560,539038,-363.222992343547
777,3561,539176,-296.9559823013157
777,3562,539315,-365.8193631445477
777,3563,539463,-304.0201111086583
777,3564,539594,-221.74647444679854
777,3565,539720,-281.126474115512
777,3566,539870,-338.68764355344723
777,3567,539966,-210.7312881014223
777,3568,540166,-127.0188816771365
777,3569,540272,-107.6850335960795
777,3570,540425,-241.30897651799333
777,3571,540598,-242.328030960068
777,3572,540728,-153.26885176855075
777,3573,540881,-282.7311086421154
777,3574,541085,-375.3079189161385
777,3575,541248,-223.78733891184152
777,3576,541358,-184.40378321298573
777,3577,541518,-177.83961549683647
777,3578,541660,-63.741731873477356
777,3579,541818,-193.97575471185243
777,3580,541989,-124.30699928343194
777,3581,542173,-352.4430315447545
777,3582,542266,-191.70780979079922
777,3583,542944,-142.92641416161504
777,3584,543073,-206.61300168527617
777,3585,543162,-252.2152392760055
777,3586,543372,-37.370982827904676
777,3587,543555,-1.5189537924126029
777,3588,543704,-258.19567469707545
777,3589,543823,-204.0407307572642
777,3590,543984,-84.53290193809245
777,3591,544094,-54.44957182797768
777,3592,544314,-257.9413566156284
777,3593,544512,-226.34745888048008
777,3594,544626,-72.88411001782059
777,3595,544763,-275.7713325486801
777,3596,544912,-232.5771941855848
777,3597,545075,-19.5657798743985
777,3598,545199,-213.7079423837633
777,3599,545295,-64.66623986054614
777,3600,545401,-88.33184462587069
777,3601,545543,-386.45296266982433
777,3602,545629,-121.98274878682858
777,3603,545760,-325.5581883846347
777,3604,545890,-156.2643586319936
777,3605,545999,-296.16013809115145
777,3606,546102,-90.31257963485344
777,3607,546257,-99.15741619604773
777,3608,546357,-0.8015234138004246
777,3609,546462,-9.110841997382565
777,3610,546595,-189.7297446608045
777,3611,546751,-172.0542789083293
777,3612,546864,-3.6311202533165385
777,3613,547024,-389.57596756699985
777,3614,547145,-139.86027369033508
777,3615,547292,-378.1790904070539
777,3616,547414,-16.795130401640378
777,3617,547545,-364.22736682253367
777,3618,547905,-442.5924108175537
777,3619,548022,-28.085107970113
777,3620,548120,15.401798315347818
777,3621,548240,-238.81422881620435
777,3622,548413,-165.31806726018254
777,3623,548526,-95.37576499746068
777,3624,548651,-284.8634162507001
777,3625,548771,-312.3913667460965
777,3626,548919,-415.37911256855944
777,3627,549023,-46.59033154916375
777,3628,549173,-257.0835183185957
777,3629,549337,-137.58125004936437
777,3630,549477,-465.4293281771232
777,3631,549622,-331.0218167920952
777,3632,549750,-315.25253914268603
777,3633,549883,-68.63488490211643
777,3634,550033,-192.26921983052014
777,3635,550131,-320.25762229094335
777,3636,550236,-284.8411207433351
777,3637,550394,-122.27260117781823
777,3638,550534,-206.83957028199606
777,3639,550686,-321.02662216758745
777,3640,550831,-380.3541573489127
777,3641,550983,-402.74739176034035
777,3642,551107,-200.87839219673972
777,3643,551261,-227.53999573799032
777,3644,551415,-308.9504541561235
777,3645,551548,-231.51131764209464
777,3646,551776,-268.50254193367164
777,3647,551879,-80.01746749258564
777,3648,552051,-268.00195629022323
777,3649,552203,-184.79848360004695
777,3650,552343,-285.19858525159236
777,3651,552454,-51.397479546157435
777,3652,552594,-301.29294767689635
777,3653,552738,-325.3601800383402
777,3654,552854,-240.28378920495186
777,3655,552998,-365.4706552651709
777,3656,553085,-234.10135727726274
777,3657,553206,-220.937921721091
777,3658,553357,-508.20507328019966
777,3659,553493,-386.19198559666813
777,3660,553640,-309.96400440552634
777,3661,553774,-437.70351172750924
777,3662,553912,-234.10044208255326
777,3663,554073,-286.1314894572404
777,3664,554186,-97.56678111681121
777,3665,554317,-162.3282704066972
777,3666,554430,-90.38795046884034
777,3667,554538,-62.261194726780154
777,3668,554733,-403.9106843442309
777,3669,554892,-100.0098805568445
777,3670,555017,-37.206420164457725
777,3671,555149,-43.793914628469345
777,3672,555284,-191.40025927814844
777,3673,555427,-265.5318566917527
777,3674,555597,-393.21184267777676
777,3675,555753,-224.59036532242243
777,3676,556108,-282.4649790821415
777,3677,556274,-247.0354894350708
777,3678,556406,-286.01871734426084
777,3679,556569,-60.01701411602698
777,3680,556745,-328.4031081126419
777,3681,556898,-369.90396877905016
777,3682,557072,-254.47095112616404
777,3683,557184,-78.62898108147859
777,3684,557324,-287.13387022207644
777,3685,557481,-204.13774285492659
777,3686,557601,-56.19476453033366
777,3687,557734,-284.00238622891385
777,3688,557823,-226.64764510426994
777,3689,557952,-209.8715370273862
777,3690,558080,-337.6138870823984
777,3691,558178,-101.76462845784309
777,3692,558284,-304.76145306029264
777,3693,558534,-319.04085074925786
777,3694,558628,-283.2902195740934
777,3695,558734,-11.813643534556718
777,3696,558860,-194.78785866792578
777,3697,559004,-396.5280114343149
777,3698,559166,-242.8038048268975
777,3699,559264,-268.1510716463424
777,3700,559483,-150.84529208923897
777,3701,559585,-43.21648416777217
777,3702,559754,-277.46346235829776
777,3703,560124,-238.81302325477077
777,3704,560325,-190.30652205077496
777,3705,560486,-73.49696003091202
777,3706,560627,3.1701384415203364
777,3707,560839,-147.67950776284624
777,3708,560973,-213.99211171676862
777,3709,561069,-44.518223442945086
777,3710,561202,-305.54216831305484
777,3711,561329,-269.6929065813667
777,3712,561500,-70.07085368849262
777,3713,561630,-258.20726003426876
777,3714,561755,-120.76749940445184
777,3715,561879,-74.02577270674706
777,3716,562011,-261.6661363864531
777,3717,562146,-371.88841802501884
777,3718,562282,-381.49228122801895
777,3719,562417,25.48883497910022
777,3720,562574,-464.11959034820535
777,3721,562758,-466.883936715844
777,3722,562860,-235.7791993992555
777,3723,563002,-147.31145679892194
777,3724,563295,-59.48015404091278
777,3725,563471,-497.36564147904124
777,3726,563569,-121.02102532028876
777,3727,563704,-304.1651848352094
777,3728,563818,-74.99245051919237
777,3729,563970,-359.1018908535393
777,3730,564186,-264.8260757034272
777,3731,564429,-317.7203647495536
777,3732,564611,-275.54695346356164
777,3733,564764,-295.3364412535352
777,3734,564930,-361.6720704432173
777,3735,565053,-91.9363443030485
777,3736,565187,-211.59823757259642
777,3737,565321,-270.69682819783725
777,3738,565435,-121.97712365694882
777,3739,565554,-125.05558887520684
777,3740,565678,-180.6687963846838
777,3741,565824,-338.8924967865814
777,3742,565941,-113.34631933213673
777,3743,566078,32.314611957861786
777,3744,566227,-293.4051659399294
777,3745,566391,-223.8313352720459
777,3746,566534,-309.85853205560215
777,3747,566683,-290.57952422551887
777,3748,566806,-126.51548663450671
777,3749,566896,-98.29668988630849
777,3750,567005,-88.61603719642919
777,3751,567182,-354.53901373794247
777,3752,567354,-335.13044504087816
777,3753,567487,-276.123734250845
777,3754,567618,-217.10449946649024
777,3755,567752,-342.71558829883975
777,3756,567880,-281.7718094341719
777,3757,568048,-288.68697316249137
777,3758,568251,-316.4070009863111
777,3759,568394,47.412097257417
777,3760,568568,-297.1069362371809
777,3761,568705,-218.3001443092772
777,3762,568890,-292.8256491742144
777,3763,569067,-209.29053929016732
777,3764,569208,-307.02185209016454
777,3765,569338,-308.32493286241686
777,3766,569501,-214.4385659448638
777,3767,569650,-106.75346973514624
777,3768,569808,-376.0630605074707
777,3769,569895,-223.19844774785687
777,3770,570043,-319.72597210705976
777,3771,570206,-338.1190175806895
777,3772,570349,37.06877519048973
777,3773,570480,-193.31278166529796
777,3774,570728,-284.218427156705
777,3775,570865,-199.4864637128531
777,3776,570986,-104.19730134370704
777,3777,571135,-170.9430694943914
777,3778,571264,-303.4938377077906
777,3779,571432,-342.05050038517754
777,3780,571584,-98.168125107867
777,3781,571724,-232.32409154679866
777,3782,571879,-432.09815528141144
777,3783,572015,-301.8151564338991
777,3784,572122,-7.3822756467386625
777,3785,572273,-379.2536743489768
777,3786,572420,-246.17026351980746
777,3787,572590,-275.87512202358994
777,3788,572756,-436.6674387144754
777,3789,572894,-299.08863432474385
777,3790,573063,-244.99063303325195
777,3791,573182,-133.91586690218858
777,3792,573339,-277.19971636298806
777,3793,573508,-277.61531080360953
777,3794,573639,-332.36127312657436
777,3795,573745,-85.28010291839382
777,3796,573878,-207.4033657682726
777,3797,574078,-241.45460504681836
777,3798,574187,-25.534056418149063
777,3799,574293,-230.45318556126037
777,3800,574473,-232.71769764830447
777,3801,574615,-523.1658765477376
777,3802,574810,-445.50499397658626
777,3803,574954,-358.94742903491493
777,3804,575087,-311.94836900207065
777,3805,575233,-264.9782530197537
777,3806,575387,-322.1858434274317
777,3807,575504,-30.370357986751557
777,3808,575629,-92.46410580103182
777,3809,575716,-461.5650799436333
777,3810,575855,-578.715824458767
777,3811,576024,-392.8609199946852
777,3812,576179,-441.3982592228435
777,3813,576276,-225.9661740086072
777,3814,576497,-499.5394162168416
777,3815,576626,-164.86766094824
777,3816,576729,-214.1977904864148
777,3817,576871,-168.560793163439
777,3818,576995,-191.30863274858746
777,3819,577101,-84.34250285509498
777,3820,577237,-203.32608011691855
777,3821,577331,-227.3639645290622
777,3822,577503,-336.00516450291457
777,3823,577609,-114.96651307179175
777,3824,577771,-406.7897028761982
777,3825,577948,-599.2839723703771
777,3826,578109,-244.66828401069012
777,3827,578231,-313.33479957259385
777,3828,578345,-68.96207938276845
777,3829,578510,-327.9618077003662
777,3830,578683,-265.3730417124568
777,3831,578793,-100.27991780252009
777,3832,578910,-177.1022453309855
777,3833,579050,-267.8499844250989
777,3834,579212,-356.13714791845547
777,3835,579458,-304.61137907671235
777,3836,579578,-12.757614312181587
777,3837,579720,-427.15167025924825
777,3838,579852,-329.8336446050989
777,3839,579969,-339.0994377615682
777,3840,580144,-141.41360571127737
777,3841,580285,-379.91831490975824
777,3842,580384,-26.446232270904588
777,3843,580534,-55.238576113830554
777,3844,580637,-37.89814223512246
777,3845,580822,-317.99800131375974
777,3846,581043,-295.22781550826096
777,3847,581151,-264.70832055876235
777,3848,581309,-207.38169261089786
777,3849,581438,-288.4576620854592
777,3850,581545,-159.82956580799254
777,3851,581745,-83.38313874596705
777,3852,581866,-221.48927602985535
777,3853,582021,-344.0391000350929
777,3854,582147,-258.0188289545572
777,3855,582287,-250.12104230344616
777,3856,582430,-290.92033840132626
777,3857,582541,-125.88641246036991
777,3858,582720,-323.44127989178554
777,3859,582850,-132.31403096072373
777,3860,583024,-206.91414862694518
777,3861,583122,-27.296994263031507
777,3862,583277,-236.0563694008126
777,3863,583384,-317.1996234482782
777,3864,583501,-50.07227679576824
777,3865,583638,-269.64670430346905
777,3866,583736,-65.51281684941812
777,3867,583889,-230.56978409490833
777,3868,583985,-123.28552813049828
777,3869,584125,-257.45072368953845
777,3870,584263,-230.86802030841795
777,3871,584373,-20.556311359793042
777,3872,584474,-99.01218880976634
777,3873,584663,-192.86904721261902
777,3874,584793,-99.51669329498868
777,3875,584900,-124.21897864781216
777,3876,585059,-384.4720902351537
777,3877,585184,-287.7822508523101
777,3878,585308,-181.61642315113872
777,3879,585473,-266.47577143091013
777,3880,585624,-398.2671559394435
777,3881,585756,-224.95495598404702
777,3882,585877,-138.03092509329633
777,3883,585988,-43.79759540250684
777,3884,586101,-48.61349701092894
777,3885,586223,-11.435285755937883
777,3886,586370,-262.27253581361305
777,3887,586528,-185.2431801003667
777,3888,586709,-352.7896744866031
777,3889,586830,-326.59587070951363
777,3890,586958,-204.2887594008654
777,3891,587105,-303.2513556612363
777,3892,587244,-238.77620277763742
777,3893,587441,-242.7401032900924
777,3894,587592,-416.0633253125363
777,3895,587712,-15.168976191038013
777,3896,587839,-280.52685708212994
777,3897,588002,-263.42831631016696
777,3898,588154,-323.8209310236273
777,3899,588310,-348.5181896692577
777,3900,588459,-214.26298633869146
777,3901,588636,-411.88684383414267
777,3902,588755,-216.01634464906383
777,3903,588912,-225.36900837289488
777,3904,589091,-133.90945745375413
777,3905,589245,-133.34554734608824
777,3906,589363,-205.51879983055136
777,3907,589498,-243.09759582935968
777,3908,589642,-337.5245457704258
777,3909,589824,-162.61672336195616
777,3910,589933,-88.06472290579967
777,3911,590109,-119.39603526604662
777,3912,590224,-72.60254163934391
777,3913,590485,-286.7014009811974
777,3914,590657,-359.37676773145233
777,3915,590753,-270.27797394772233
777,3916,590928,-281.61258325876076
777,3917,591113,-340.5624033404034
777,3918,591269,-310.3519246451372
777,3919,591406,-326.0149031903898
777,3920,591557,-100.34879527251883
777,3921,591677,-274.0345260956108
777,3922,591782,27.603642366524298
777,3923,591901,-165.74186832469132
777,3924,592001,-53.78802769712522
777,3925,592138,-412.6978504554098
777,3926,592339,-285.27001529893994
777,3927,592493,-225.14583008048555
777,3928,592647,-426.4219296770357
777,3929,592796,-362.2057440081989
777,3930,592985,-146.67365541018737
777,3931,593093,-95.69429309636513
777,3932,593187,-131.50837155880035
777,3933,593318,-17.095702621948845
777,3934,593479,-128.5361704448684
777,3935,593641,-31.082067380100284
777,3936,593806,-297.30075261039866
777,3937,593897,-216.41981326991453
777,3938,594041,-288.8700535979544
777,3939,594149,-143.71454979848357
777,3940,594260,-82.42447114048348
777,3941,594419,-281.3516079562262
777,3942,594553,-218.49720592000347
777,3943,594641,-292.4244648951192
777,3944,594790,-532.8705259488202
777,3945,594922,-350.6330599813794
777,3946,595133,-155.97633962925204
777,3947,595275,-227.99003238136262
777,3948,595396,-431.8624810714682
777,3949,595565,-265.6969499287178
777,3950,595726,-301.4769404060621
777,3951,595840,-56.04423823089554
777,3952,595972,-250.88659635108698
777,3953,596147,-435.6674727527464
777,3954,596307,-58.376124687659896
777,3955,596426,-132.51682971196257
777,3956,596578,-223.53688130331557
777,3957,596678,-113.65187710812748
777,3958,596800,-272.1706910612299
777,3959,596951,-164.82006930379418
777,3960,597059,-489.9625181119361
777,3961,597167,-48.14338075210871
777,3962,597309,53.28127611326272
777,3963,597435,-0.2050913314531897
777,3964,597594,-217.81704781571096
777,3965,597713,-65.64727721593161
777,3966,597848,-242.5884385461226
777,3967,597974,-16.784400219053893
777,3968,598083,-274.0705056172764
777,3969,598234,-377.51875109919564
777,3970,598370,-306.1872266546677
777,3971,598540,-456.057895558597
777,3972,598680,-297.8159249413859
777,3973,598821,-302.4690460788227
777,3974,598923,-406.54814398585955
777,3975,599064,-194.34482165686782
777,3976,599207,-6.642839887069911
777,3977,599344,-300.7640881526836
777,3978,599487,-463.6169445550088
777,3979,599622,-219.30888299426041
777,3980,599972,-140.69448071211613
777,3981,600102,-25.676369039503513
777,3982,600238,-265.875756626972
777,3983,600360,-268.5150953107469
777,3984,600533,-30.491486478921942
777,3985,600659,-99.63717799870473
777,3986,600795,-240.33555477081956
777,3987,600897,-402.7676325694438
777,3988,601035,-345.02421739222336
777,3989,601143,-355.64042502928277
777,3990,601232,-402.7013207058151
777,3991,601378,-161.49579783658749
777,3992,601538,-36.05707867924998
777,3993,601693,-232.5115864208716
777,3994,601855,-96.5721860273556
777,3995,602028,-365.8630220146279
777,3996,602182,-134.54158537063523
777,3997,602302,-201.90800910220787
777,3998,602420,-125.85016971226266
777,3999,602551,-306.9009022778322
777,4000,602699,-214.693614483862
777,4001,602824,-174.77963566412058
777,4002,602924,-323.9153048285225
777,4003,603082,-238.97419073706047
777,4004,603211,-262.9133436822297
777,4005,603333,-205.5239845009415
777,4006,603449,-138.7560115169519
777,4007,603591,-245.1694256502091
777,4008,603769,-375.7380320743556
777,4009,603935,-560.2540034228272
777,4010,604068,-556.1202715704317
777,4011,604240,-286.58984854457833
777,4012,604450,-256.4308519101587
777,4013,604625,-302.9544069540325
777,4014,604810,-383.39157359961507
777,4015,604951,-647.1057007762464
777,4016,605103,-520.2686695839665
777,4017,605225,-197.2131952398097
777,4018,605335,-316.85768132606586
777,4019,605472,-633.6797621614077
777,4020,605639,-481.59160327888435
777,4021,605813,-400.48687914378417
777,4022,605954,-462.49125390499535
777,4023,606057,-159.84210190567381
777,4024,606212,-342.7723440659064
777,4025,606436,-297.8092387844848
777,4026,606605,-380.9429277761722
777,4027,606924,-254.02286185742236
777,4028,607076,-309.2699220833349
777,4029,607235,-159.21514268676532
777,4030,607374,-233.15786973507002
777,4031,607540,-252.90112207659328
777,4032,607666,-83.57187806447203
777,4033,607771,-75.54329328710949
777,4034,607882,-3.6252773373279155
777,4035,608011,-288.34556276097214
777,4036,608169,-174.1009416349902
777,4037,608306,-276.1456473529413
777,4038,608414,28.077206631427686
777,4039,608537,-108.32615504210834
777,4040,608710,-277.4255986993525
777,4041,608824,-145.5407097840423
777,4042,608960,-312.81034013870624
777,4043,609124,-172.08251367033006
777,4044,609247,-201.95072576761675
777,4045,609387,-158.60016194688546
777,4046,609543,-343.8353281059266
777,4047,609646,-223.27584038320188
777,4048,609809,-110.21185663645052
777,4049,609926,-269.2703140513744
777,4050,610222,-137.4554060273827
777,4051,610385,-233.7752074890896
777,4052,610487,-33.45609516646694
777,4053,610639,-122.83215188996392
777,4054,610820,-256.3681531495254
777,4055,610933,-202.02154705369105
777,4056,611089,-211.68566958237
777,4057,611267,-172.95354258396787
777,4058,611368,-85.01484419709568
777,4059,611510,-215.852895262924
777,4060,611615,-54.6753914784758
777,4061,611755,-277.74969180930907
777,4062,611923,-217.97044351611686
777,4063,612091,-372.73707872401803
777,4064,612221,-237.37901893756447
777,4065,612401,-379.6403524744052
777,4066,612556,-315.51442121467903
777,4067,612712,-418.59050431142856
777,4068,612837,-151.01462100672794
777,4069,612949,-21.704213500021453
777,4070,613126,-291.6150169332401
777,4071,613222,-416.377631297862
777,4072,613370,-321.4980840574886
777,4073,613484,-141.59862686052054
777,4074,613587,-221.5227650849316
777,4075,613735,-288.493981202732
777,4076,613882,-570.9149303985741
777,4077,613996,-37.05534230289668
777,4078,614121,-187.83420187229487
777,4079,614256,-336.7472792406677
777,4080,614401,-262.74536116549837
777,4081,614528,-183.47773282988214
777,4082,614695,-337.1983913176724
777,4083,614839,-211.1756506727308
777,4084,614963,-43.37451858971601
777,4085,615071,-120.74255493986092
777,4086,615199,-361.9622554986547
777,4087,615343,-142.55682766526576
777,4088,615450,-105.83567341890675
777,4089,615576,-10.853607030417507
777,4090,615718,-541.917413333458
777,4091,615953,-198.4472830912453
777,4092,616070,-58.586599408489626
777,4093,616180,-80.21949624504899
777,4094,616285,-327.03192288674103
777,4095,616396,-42.85981783169516
777,4096,616499,-57.32152715077305
777,4097,616606,-362.3288539532037
777,4098,616735,-169.21811796793293
777,4099,616873,-408.8809043462137
777,4100,617018,-303.0352845833154
777,4101,617135,-497.8987095579846
777,4102,617348,-249.56878714006504
777,4103,617450,-67.58695964904922
777,4104,617616,-396.2565751950141
777,4105,617744,13.38732347832223
777,4106,617882,-255.7056749365683
777,4107,618051,-44.38169207604285
777,4108,618256,-241.4675089590909
777,4109,618423,59.12483212257439
777,4110,618579,-238.18021447332148
777,4111,618771,-321.4852486930497
777,4112,618893,-57.56703342181697
777,4113,619005,-87.67909803965662
777,4114,619115,-96.63042373588289
777,4115,619231,-123.0501180815266
777,4116,619365,-330.43650467931536
777,4117,619487,-97.3961737584906
777,4118,619709,-450.5737316437045
777,4119,619811,-38.49567467203805
777,4120,619972,-269.4898512803212
777,4121,620113,-199.4350092116222
777,4122,620234,-78.34366957769484
777,4123,620378,-324.70967408269223
777,4124,620494,-122.08098776487705
777,4125,620652,-220.16963956460697
777,4126,620778,-262.3113120188505
777,4127,620891,-364.34475338110593
777,4128,621036,-582.6450786367494
777,4129,621182,-401.2683268384243
777,4130,621356,-461.40982094764007
777,4131,621476,-197.06055318867476
777,4132,621632,-345.6137951158033
777,4133,621773,-115.61121686928091
777,4134,621924,-419.5287513988568
777,4135,622041,-93.14294859867437
777,4136,622138,-189.4469751968686
777,4137,622314,-365.61821142501606
777,4138,622451,-199.49895475602068
777,4139,622640,-341.5584397979434
777,4140,622772,-97.39925611966378
777,4141,622929,-269.99706378759595
777,4142,623047,-39.009313544540404
777,4143,623215,-143.8430336687427
777,4144,623584,-63.399087207547694
777,4145,623764,-302.30777735696665
777,4146,623941,-156.269514253184
777,4147,624082,-331.6615892304323
777,4148,624233,-433.371675854572
777,4149,624347,-121.25753802648173
777,4150,624483,-316.78591898057175
777,4151,624658,-171.32695800754007
777,4152,624763,-47.186499350773026
777,4153,624874,-99.59646591913273
777,4154,624986,-81.53073542538499
777,4155,625137,66.50087905669841
777,4156,625316,-396.2501019844873
777,4157,625436,-123.4605602902424
777,4158,625529,-235.26064202950016
777,4159,625631,-64.47418874950965
777,4160,625755,-105.10632202484938
777,4161,625853,-257.6490288559752
777,4162,626022,-146.9860170981516
777,4163,626149,-190.24628267463692
777,4164,626253,-81.94978713196302
777,4165,626387,-354.5330990403943
777,4166,626516,-351.6038202921512
777,4167,626620,-128.00713664332534
777,4168,626755,-302.2974166305172
777,4169,626922,-443.7599441487721
777,4170,627033,-253.73397740865659
777,4171,627182,-398.04706666075964
777,4172,627301,-67.22180178105177
777,4173,627477,-137.59137945369775
777,4174,627695,-256.7844598342008
777,4175,627840,-259.5952714566039
777,4176,627993,-286.43876332184703
777,4177,628163,-146.96847642384785
777,4178,628340,-460.26482260327566
777,4179,628540,-410.97596622968086
777,4180,628734,-269.56862907323966
777,4181,628888,-238.2596049364882
777,4182,629034,-242.67665564980354
777,4183,629138,-171.0827578057415
777,4184,629317,-302.6181392053609
777,4185,629431,-124.39703285934536
777,4186,629551,-22.369805452288176
777,4187,629665,-66.04649414007896
777,4188,629785,-19.852350523489974
777,4189,629918,-269.7293273533954
777,4190,630086,-119.97471780608956
777,4191,630235,-202.0492074386703
777,4192,630371,-492.04045372477464
777,4193,630501,-265.89229554120425
777,4194,630633,-339.06769769798007
777,4195,630733,-85.98076594758187
777,4196,630891,-317.42777724872775
777,4197,631047,-233.8922733108486
777,4198,631214,-272.76624330037185
777,4199,631381,-234.15745352641386
777,4200,631484,-145.42756353031132
777,4201,631639,-76.24394439800454
777,4202,631779,-356.46689991627477
777,4203,631914,-353.75098636983444
777,4204,632026,-108.20625038423944
777,4205,632149,-205.37177652942984
777,4206,632285,-267.6800878785101
777,4207,632422,-393.8731331722814
777,4208,632546,-140.61132780358272
777,4209,632681,-279.0648855746415
777,4210,632788,-41.55830630525479
777,4211,632943,-270.3836214029427
777,4212,633090,-305.228098363308
777,4213,633196,-66.01525860750701
777,4214,633342,-278.839207184536
777,4215,633474,-299.3371092976032
777,4216,633624,-275.42764133842127
777,4217,633809,-369.5481591081434
777,4218,633956,-250.80732472705415
777,4219,634100,-261.90484649331114
777,4220,634245,-282.90877102026695
777,4221,634384,-280.17929453311746
777,4222,634573,-222.6558374230283
777,4223,634711,-294.85748782731383
777,4224,634874,-189.65515528021427
777,4225,635056,-144.24032558016353
777,4226,635241,-272.1350572599112
777,4227,635388,-310.57996648825065
777,4228,635551,-263.43438585231604
777,4229,635662,-288.65441117430936
777,4230,635773,-227.10018341631593
777,4231,635929,-73.96209983850402
777,4232,636037,-71.61074434845983
777,4233,636128,-159.7010565472671
777,4234,636279,-312.47261984863326
777,4235,636450,-348.4518923800082
777,4236,636566,-13.658414420196024
777,4237,636696,-308.2066409521609
777,4238,636808,-16.832745316349005
777,4239,636918,-126.75194877686393
777,4240,637058,-356.4353342170082
777,4241,637172,-292.3949891629859
777,4242,637312,-108.69565203350098
777,4243,637448,-243.3064408751285
777,4244,637550,-52.62070229523724
777,4245,637636,-236.22453622978293
777,4246,637806,-39.83230451863264
777,4247,637919,-93.7946603782907
777,4248,638052,-9.691860248148316
777,4249,638192,-458.38908462375116
777,4250,638317,-312.6667095616229
777,4251,638468,-417.5489042589577
777,4252,638587,-211.86732778188565
777,4253,638721,-183.27618645098732
777,4254,638903,-427.1690774131252
777,4255,639040,-227.8365270229237
777,4256,639160,-130.78553157816836
777,4257,639296,-312.0324668989601
777,4258,639428,-211.7703738339145
777,4259,639581,-402.2839482479979
777,4260,639762,-335.59702711530247
777,4261,639886,-216.61815177118228
777,4262,640021,-119.24456144854398
777,4263,640177,-519.5471679442226
777,4264,640303,-437.6564502709713
777,4265,640453,-364.5578267289012
777,4266,640608,-206.08087780436574
777,4267,640703,-236.14292314474753
777,4268,640824,-105.59155639827893
777,4269,641017,-5.536170410181398
777,4270,641155,-298.89181345148654
777,4271,641319,-348.6227283508666
777,4272,641503,-180.61092340894444
777,4273,641672,-292.68097102836924
777,4274,641812,-318.56753607519545
777,4275,641960,-328.6795512159214
777,4276,642154,-119.33032760246363
777,4277,642305,-171.20410308858771
777,4278,642492,-173.07205017862748
777,4279,642673,-340.4094458062997
777,4280,642784,3.9373307928229906
777,4281,642971,-259.46356271452777
777,4282,643124,-310.054604570915
777,4283,643293,-44.99597032241982
777,4284,643403,-55.203891232023366
777,4285,643551,-50.66514409814015
777,4286,643696,-274.7129292570314
777,4287,643835,-263.1570447708193
777,4288,643977,-245.25041529416038
777,4289,644148,-292.12599565300195
777,4290,644276,-271.3017193265823
777,4291,644408,-164.4612926247617
777,4292,644519,-248.51275474736718
777,4293,644849,-137.22946445900095
777,4294,645025,-308.1301464572155
777,4295,645169,-278.0809304880072
777,4296,645284,-66.4827342501058
777,4297,645414,-425.6991235799821
777,4298,645559,-344.14169863878203
777,4299,645657,-271.74411377690876
777,4300,645781,-55.184857145807506
777,4301,645918,-358.32979640876044
777,4302,646113,-73.7329558839968
777,4303,646244,-305.53969762692276
777,4304,646448,-183.11654944319275
777,4305,646637,-448.338694915291
777,4306,646756,-141.57800325294608
777,4307,646920,-172.14131048927283
777,4308,647059,-247.767394795131
777,4309,647199,-375.54719507596843
777,4310,647314,-109.38683431730186
777,4311,647440,-67.10959624062197
777,4312,647573,-246.8636891601944
777,4313,647686,-23.86986558691825
777,4314,647900,-380.6370172463455
777,4315,648138,-284.78487939795434
777,4316,648250,-338.41156883303734
777,4317,648379,-213.63020215600628
777,4318,648515,-341.79330738376086
777,4319,648633,-36.890025686340934
777,4320,648765,-310.43339097488985
777,4321,648932,-268.7349052909105
777,4322,649137,-321.2569178637665
777,4323,649810,-41.51732114189402
777,4324,649966,14.061456758386313
777,4325,650094,-340.12102184108744
777,4326,650271,-325.8314631920573
777,4327,650386,-84.16502211121471
777,4328,650479,-163.2953137466249
777,4329,650635,-99.27894095865342
777,4330,650762,-52.20839890435573
777,4331,650981,-424.9436144405748
777,4332,651149,-113.43238637395075
777,4333,651295,-402.3274993026731
777,4334,651443,-221.83508826454045
777,4335,651579,-222.39109663356706
777,4336,651757,-485.8818049913117
777,4337,651905,-313.1909144121927
777,4338,652027,-164.6517944170472
777,4339,652175,-215.64861473471598
777,4340,652328,-222.67728414183188
777,4341,652438,-428.2556574746383
777,4342,652610,-457.61009701030457
777,4343,652735,-247.74546065892284
777,4344,652880,55.652280469513016
777,4345,653006,-160.31267741859548
777,4346,653152,-501.34142702996127
777,4347,653270,-18.42577258007887
777,4348,653438,-332.58102420697776
777,4349,653582,35.80077326701078
777,4350,653728,-338.39697808736605
777,4351,653893,-465.4666677576595
777,4352,654067,-666.9111509387479
777,4353,654222,-180.7870776740931
777,4354,654402,-652.3308263186948
777,4355,654586,-542.386870474033
777,4356,654750,-396.41045349587506
777,4357,654877,-231.17932258746595
777,4358,655018,-286.1915356909612
777,4359,655161,-244.44066786396854
777,4360,655293,-352.0235029023062
777,4361,655439,-517.0097698209745
777,4362,655569,-166.44871011407076
777,4363,655718,-413.1785396508582
777,4364,655861,-484.2562090256148
777,4365,656064,-233.46483371276076
777,4366,656225,-150.55175615978433
777,4367,656343,-31.600604220623936
777,4368,656470,-72.91747943685172
777,4369,656603,-249.62062793744698
777,4370,656729,-221.01323308774
777,4371,656845,-67.65985767054754
777,4372,657063,-221.74226867799524
777,4373,657202,-315.19364931150636
777,4374,657312,-148.76960517781117
777,4375,657472,-122.95626103200966
777,4376,657605,-234.2283212041876
777,4377,657752,-245.49187835523747
777,4378,657908,-339.16386545652904
777,4379,658036,-259.4624886299954
777,4380,658185,-273.6533762173337
777,4381,658317,-110.76117098613469
777,4382,658445,-16.571221623544858
777,4383,658605,-274.86433715563345
777,4384,658778,-71.96659454064412
777,4385,658994,-149.64419168255418
777,4386,659145,-218.751606588389
777,4387,659302,-68.5626585740171
777,4388,659396,-315.1985439923022
777,4389,659527,-185.67894243336866
777,4390,659662,-243.2283370950673
777,4391,659773,-152.61063471762222
777,4392,659946,-174.17793253173687
777,4393,660122,-307.746055551248
777,4394,660234,-121.7689809818674
777,4395,660328,-190.76684584703406
777,4396,660455,-200.45845646695219
777,4397,660555,-229.73164088427941
777,4398,660717,-295.7229285978243
777,4399,660909,-161.69096126160906
777,4400,661019,-38.05997980160599
777,4401,661147,-333.9046786587413
777,4402,661288,-486.1077473362506
777,4403,661414,-212.05394978550257
777,4404,661522,-281.3239450155685
777,4405,661686,-346.6794947510507
777,4406,661797,-111.76122848306358
777,4407,661911,-78.55420994196616
777,4408,662046,-199.36954265870898
777,4409,662193,-504.33373124579373
777,4410,662337,-155.32880521522696
777,4411,662437,-43.76418069677076
777,4412,662575,-210.0598485911354
777,4413,662691,-100.72519999956819
777,4414,662804,-132.91873189536025
777,4415,662942,-654.9736150918638
777,4416,663104,-247.61923435726357
777,4417,663275,-492.178445373629
777,4418,663419,-486.8977704359159
777,4419,663562,-308.8885425694522
777,4420,663740,-160.7453122491318
777,4421,663880,-301.8870486494149
777,4422,663990,-43.72946405450564
777,4423,664112,-52.025962416441104
777,4424,664244,-209.48843796123884
777,4425,664436,-317.97926376996276
777,4426,664619,-314.4640176135715
777,4427,664801,-262.65878716899874
777,4428,664943,-319.7600659253431
777,4429,665050,-277.9766284644385
777,4430,665175,-194.80578637461522
777,4431,665355,-323.9043433693947
777,4432,665463,-275.9860311736112
777,4433,665586,-82.73319158217708
777,4434,665717,-228.49474514863036
777,4435,665863,-423.18049357626444
777,4436,666114,-291.1450605734449
777,4437,666258,-265.7545185887941
777,4438,666382,-207.54521278147428
777,4439,666529,-240.77882641175006
777,4440,666670,-78.34433414093944
777,4441,666777,-116.57286984644045
777,4442,666980,-266.324426556449
777,4443,667139,-375.0099765505721
777,4444,667301,-265.7156150835442
777,4445,667425,-68.39773797850273
777,4446,667590,-207.2343225342778
777,4447,667701,-56.05231446257578
777,4448,667816,-383.99077983986626
777,4449,667972,-81.31421051367974
777,4450,668070,-612.2628733679129
777,4451,668214,-550.5715887051851
777,4452,668330,-36.68525821560545
777,4453,668485,-148.67007059899078
777,4454,668633,-369.6474410589168
777,4455,668757,-203.6405647119156
777,4456,668932,-360.4156015773861
777,4457,669099,-263.7810825845294
777,4458,669212,-348.51685040033374
777,4459,669385,-480.9315146485102
777,4460,669541,-529.3851378792743
777,4461,669643,-285.2066827221104
777,4462,669784,-491.6327936955136
777,4463,669891,-47.540739812827866
777,4464,669984,-418.0561754362469
777,4465,670159,-237.02167910043084
777,4466,670276,-157.19413505503536
777,4467,670418,-295.37861147255205
777,4468,670552,-290.77092806900004
777,4469,670727,-682.605923261447
777,4470,670858,-373.2641326903194
777,4471,670988,-221.76361814493
777,4472,671107,0.9341349569106683
777,4473,671213,-110.87648508169892
777,4474,671335,-176.79507826603384
777,4475,671470,-327.79499673581046
777,4476,671642,-133.39659067541737
777,4477,671808,-253.63364451416743
777,4478,671917,-51.87443284136904
777,4479,672074,-578.7526409500437
777,4480,672216,-363.7003962902858
777,4481,672312,-401.9621153533736
777,4482,672407,-351.7969961208023
777,4483,672545,-263.48351541432874
777,4484,672685,-207.90803549645454
777,4485,672795,-17.33363285965423
777,4486,672939,-339.18166600994317
777,4487,673034,-502.6633030136864
777,4488,673148,-303.62238750128284
777,4489,673273,-140.49064655966845
777,4490,673374,-18.858565737579866
777,4491,673511,-318.5173775254144
777,4492,673607,-69.91211355654411
777,4493,673707,-594.2486192870829
777,4494,673832,-142.67027073969962
777,4495,673968,-281.28643956174494
777,4496,674145,-252.4869077935297
777,4497,674286,-325.777371810863
777,4498,674394,-24.17404091459153
777,4499,674543,-356.6653193520295
777,4500,674740,-240.31865264914748
777,4501,674851,-246.56735201706005
777,4502,675003,-410.2973377267498
777,4503,675114,49.41423213939106
777,4504,675297,-59.064448030112345
777,4505,675399,-165.48801754511874
777,4506,675503,-86.52695861180112
777,4507,675626,-294.868099182063
777,4508,675767,-284.0955310636799
777,4509,675975,-244.9112327611855
777,4510,676097,-63.95513397242684
777,4511,676335,-21.128825827103498
777,4512,676436,-126.72296641426189
777,4513,676694,-16.472575008226073
777,4514,676900,-220.41394345416626
777,4515,676986,-180.63497794729327
777,4516,677124,-125.34103172909509
777,4517,677311,-314.7248580524308
777,4518,677477,-221.54612022214704
777,4519,677594,-255.8095048843845
777,4520,677728,-239.28595795871553
777,4521,677817,-247.74511520764685
777,4522,677953,-322.5357951068846
777,4523,678112,-359.27546219460146
777,4524,678248,-208.6625090089942
777,4525,678395,-353.9451530946985
777,4526,678508,-47.45883300210375
777,4527,678661,-390.69307099075075
777,4528,678755,-223.63280961297045
777,4529,678892,-615.348999911765
777,4530,679031,-424.593925158668
777,4531,679166,-287.1283989712678
777,4532,679314,-387.86938731910504
777,4533,679425,-113.82790048436104
777,4534,679546,-15.230263976886818
777,4535,679736,-347.1651149835959
777,4536,679875,-509.9520860786352
777,4537,680024,-383.88878481949166
777,4538,680130,-206.55558570006326
777,4539,680353,-607.3776435544955
777,4540,680545,-231.5037951079183
777,4541,680659,-219.36732806066388
777,4542,680804,-377.6991590208282
777,4543,680941,-632.8581850356039
777,4544,681048,-58.477899588677474
777,4545,681198,-491.48025349798263
777,4546,681343,-439.9118542132934
777,4547,681440,-198.6518760273623
777,4548,681577,-337.7368091874818
777,4549,681678,-197.49351561274796
777,4550,681862,-405.998038480318
777,4551,681984,-228.441981962417
777,4552,682081,-12.972224403629724
777,4553,682232,-315.30685849156254
777,4554,682328,-335.1573949572604
777,4555,682436,-338.0515872796964
777,4556,682527,-397.71990781576784
777,4557,682679,-220.89084989421002
777,4558,682791,-104.61209659601494
777,4559,682874,-353.500262894862
777,4560,682998,-296.77928055621885
777,4561,683136,-308.97689718613105
777,4562,683232,-139.80086696048065
777,4563,683432,-214.96657794027902
777,4564,683664,-293.72773937459954
777,4565,683759,-572.2411352529845
777,4566,683867,-535.1066704088846
777,4567,683984,-117.69535693651717
777,4568,684153,-336.65728030342876
777,4569,684269,-125.7351102668617
777,4570,684420,-299.6172006326732
777,4571,684658,-33.133962551007315
777,4572,684809,-280.267022891896
777,4573,684999,-329.36625329669846
777,4574,685145,-220.10396456176426
777,4575,685260,-51.60833741700236
777,4576,685418,-311.85344354054047
777,4577,685533,-77.11051216200684
777,4578,685709,-342.91224215159906
777,4579,685859,-174.99859993526383
777,4580,686001,-16.25498254419918
777,4581,686097,-204.46758800877865
777,4582,686282,-130.7035591947928
777,4583,686412,-260.9101771536683
777,4584,686620,-358.2432698629806
777,4585,686728,-56.73092346384012
777,4586,686861,-222.6540159894859
777,4587,686995,-316.19552682626926
777,4588,687136,-305.4889001963876
777,4589,687245,-30.850288843762968
777,4590,687377,-243.72706744019527
777,4591,687485,-41.286188139463945
777,4592,687962,-218.34131363624795
777,4593,688129,-358.3656404072193
777,4594,688275,-106.26621907407046
777,4595,688386,-158.8333987259175
777,4596,688568,-448.0698326470799
777,4597,688695,-206.93135472027126
777,4598,688828,-463.2808114311428
777,4599,688960,-233.34555789793635
777,4600,689096,-235.98523480846492
777,4601,689250,-488.64424294439004
777,4602,689370,-365.5827716319586
777,4603,689499,-330.4678737211733
777,4604,689680,-361.3362897726781
777,4605,689827,-202.37603988150835
777,4606,689998,-313.4137848371747
777,4607,690155,-345.3249847863873
777,4608,690342,-412.0468214383561
777,4609,690627,-228.4298416740778
777,4610,690772,-219.02746961440806
777,4611,690873,-231.40744919150862
777,4612,690984,-296.54324166290667
777,4613,691123,-324.47470123379594
777,4614,691265,-132.34200712581173
777,4615,691348,-237.74062755294617
777,4616,691474,-198.5367633474032
777,4617,691638,-73.90329523296799
777,4618,691769,-210.08745927689887
777,4619,691932,-146.28625915228332
777,4620,692120,-167.06469507991883
777,4621,692241,-117.17972885564009
777,4622,692333,-236.60486595330522
777,4623,692467,-215.78405233046215
777,4624,692598,-250.32085019982412
777,4625,692785,-349.95093916406825
777,4626,692873,-258.99666671517895
777,4627,693098,-339.1660535222272
777,4628,693211,-38.22429837522131
777,4629,693363,-165.16685238897452
777,4630,693519,-289.6118414488752
777,4631,693698,-286.29404558031626
777,4632,693856,-217.19067693323933
777,4633,693995,-337.84899417799744
777,4634,694135,-369.09065370860054
777,4635,694322,-109.57802874641845
777,4636,694449,-115.107023187962
777,4637,694580,-258.1886272825627
777,4638,694781,-119.08169912037302
777,4639,695043,-69.2785871445238
777,4640,695184,-379.4385753798348
777,4641,695305,-147.48509264541968
777,4642,695409,-144.35984579179348
777,4643,695541,-306.77970077436646
777,4644,695665,-150.57221776189465
777,4645,695815,-108.42334545933022
777,4646,695954,-159.32528584290287
777,4647,696097,-308.3995959116991
777,4648,696248,-580.463197926134
777,4649,696473,-210.0713725429904
777,4650,696625,-506.5355544460178
777,4651,696756,-165.05582381351724
777,4652,696853,-402.5330049663021
777,4653,697048,-282.4354112696449
777,4654,697205,-221.6134709900157
777,4655,697338,-383.8727839378258
777,4656,697513,-276.07179882172215
777,4657,697701,-109.94087808828965
777,4658,697822,-153.36954746999393
777,4659,697973,-90.130592525652
777,4660,698154,-261.80869858722104
777,4661,698340,-109.11012612133115
777,4662,698509,-102.62917462883145
777,4663,698664,-219.87456479605757
777,4664,698766,-359.7159060689341
777,4665,698926,-463.98116138857597
777,4666,699093,-189.26807477700044
777,4667,699202,-26.874639763581328
777,4668,699365,-504.1430385867149
777,4669,699496,-204.57242266832145
777,4670,699620,-178.21479159703185
777,4671,699731,-18.563999837999987
777,4672,699902,-277.3580928200099
777,4673,700040,-260.8011073865558
777,4674,700176,-360.2713808429194
777,4675,700316,-329.9406675327798
777,4676,700481,-68.76272418270702
777,4677,700616,-348.2827317958556
777,4678,700717,-82.34225326075473
777,4679,700837,-111.62180653448767
777,4680,700946,-101.93583965250303
777,4681,701124,-280.3288834185521
777,4682,701280,-229.25099761053613
777,4683,701383,-104.11045091016723
777,4684,701526,-237.55487034777065
777,4685,701701,-257.43705482232804
777,4686,701840,-214.53148079169296
777,4687,701941,-53.3176530655699
777,4688,702040,-210.82149159999565
777,4689,702158,-2.0436353811435026
777,4690,702290,-297.0704139112365
777,4691,702453,-316.1574387551353
777,4692,702590,-353.04397657937534
777,4693,702729,-379.270595268198
777,4694,702896,-336.8396575729844
777,4695,703079,-296.70314350914015
777,4696,703220,-422.60697462221486
777,4697,703377,-437.7441115213548
777,4698,703564,-428.7030423218687
777,4699,703705,-357.7092799598753
777,4700,703869,-210.75960380348096
777,4701,704035,-133.044252498727
777,4702,704175,-333.50883235300006
777,4703,704300,-97.12131217148975
777,4704,704670,-216.81806902415877
777,4705,704811,-612.9914742666238
777,4706,704947,-503.2009905623358
777,4707,705135,-356.7639615421768
777,4708,705266,-105.42303312592823
777,4709,705456,-104.73960868358577
777,4710,705623,-383.4093283701379
777,4711,705760,-296.35238424808
777,4712,705909,-320.33814104229725
777,4713,706035,-78.47862143413354
777,4714,706157,-106.31434882026095
777,4715,706291,-273.10820028083026
777,4716,706515,-382.3222667263558
777,4717,706627,-34.437045447400195
777,4718,706746,-18.014839260983578
777,4719,706890,-656.7412312990939
777,4720,707029,-415.56432303943006
777,4721,707144,-183.86423752410946
777,4722,707308,-574.1803827413969
777,4723,707444,-290.0865026906817
777,4724,707578,-291.68782978948667
777,4725,707763,-279.76420150608965
777,4726,707867,-95.08755598725593
777,4727,708012,-535.904273349357
777,4728,708155,-340.96225690583253
777,4729,708291,-186.49164290351592
777,4730,708447,-356.7131002408423
777,4731,708585,-330.7407453688679
777,4732,708746,-380.5679024508226
777,4733,708891,-368.2179498488589
777,4734,709035,-347.0056527571333
777,4735,709176,-411.9575044483729
777,4736,709306,-359.37880197650423
777,4737,709431,-183.73694793691328
777,4738,709633,-466.9660625947884
777,4739,709817,-662.2983797547564
777,4740,709993,-325.13292202842104
777,4741,710220,-137.25534459612987
777,4742,710363,-453.08634432245003
777,4743,710511,-341.89884389806815
777,4744,710634,-109.09984936846085
777,4745,710775,-351.49359716610945
777,4746,710899,-191.9108871430969
777,4747,711015,-349.9685301987008
777,4748,711196,-194.40460387229558
777,4749,711287,-553.4495152640116
777,4750,711432,-146.9810013159963
777,4751,711538,-439.93466023501605
777,4752,711635,-624.2882910799673
777,4753,711778,-243.29975750504968
777,4754,711917,-570.9120754805658
777,4755,712065,-631.4925355889928
777,4756,712194,-277.66186358007025
777,4757,712349,-345.76667435730303
777,4758,712479,-157.54907555242744
777,4759,712645,-256.1982750685074
777,4760,712743,-461.71042275036723
777,4761,712881,-301.5163206923059
777,4762,713038,-265.4190643743768
777,4763,713149,8.39649416676329
777,4764,713347,-278.40700160272036
777,4765,713480,-219.71771500519668
777,4766,713689,-280.6623012404733
777,4767,713868,-402.5881038435569
777,4768,713975,-4.919001507788906
777,4769,714065,-403.0878667243008
777,4770,714156,-373.5718641002342
777,4771,714288,-471.24349242820915
777,4772,714387,-569.5456894522421
777,4773,714531,-338.6622314377347
777,4774,714655,-377.78328458765316
777,4775,714793,-242.19440577631778
777,4776,714893,-532.6200150468435
777,4777,715005,-166.7882598389728
777,4778,715104,-133.18385707502495
777,4779,715332,-168.66465173351003
777,4780,715434,-293.53734601567385
777,4781,715577,-22.65839261109194
777,4782,715663,-414.13217415900414
777,4783,715782,-236.02035466227332
777,4784,715931,-56.01351973134918
777,4785,716028,-616.867923383251
777,4786,716132,-406.93836902605136
777,4787,716323,-96.15854420514684
777,4788,716447,-327.2602237156404
777,4789,716572,-209.22001285113612
777,4790,716703,-276.9666741199683
777,4791,716834,-441.39329650165024
777,4792,716934,-637.3997069509905
777,4793,717032,-607.4935283246541
777,4794,717143,-483.52216005903693
777,4795,717246,-119.48364958254506
777,4796,717346,-405.4939675062552
777,4797,717462,-185.901104761196
777,4798,717540,-141.88034701583797
777,4799,717675,-431.24107359215094
777,4800,717820,-494.2378208166277
777,4801,717935,-163.94641794861118
777,4802,718060,-314.79859626089876
777,4803,718184,-206.81128560095863
777,4804,718307,-268.7711303199586
777,4805,718433,-261.52666230375746
777,4806,718583,-595.6032802700272
777,4807,718711,-233.5155735249615
777,4808,718804,-574.8244497058181
777,4809,718944,-647.2928047002144
777,4810,719081,-589.8775756679277
777,4811,719196,-267.68820392002215
777,4812,719338,-267.4273084255699
777,4813,719481,-235.4369925269089
777,4814,719600,-228.94135195355005
777,4815,719705,-655.2090537569753
777,4816,719845,-562.8106137093614
777,4817,719941,-607.6106024327214
777,4818,720076,-151.23095074983223
777,4819,720176,-334.57062199674215
777,4820,720308,-306.5780040857319
777,4821,720475,-338.99689161587014
777,4822,720618,-216.690551344504
777,4823,720719,-329.6333702833002
777,4824,720826,-137.3674855660885
777,4825,720966,-257.8649144031594
777,4826,721059,-191.91407182852046
777,4827,721187,-175.18277011719675
777,4828,721336,-96.89229588575077
777,4829,721449,-88.16398731444713
777,4830,721550,-283.1332406409285
777,4831,721733,-207.5097154498137
777,4832,721833,-698.7103376328865
777,4833,721957,-18.130892289361412
777,4834,722069,-150.24207696268923
777,4835,722208,-265.3301680595184
777,4836,722312,-40.21043668515842
777,4837,722415,-135.08654829621753
777,4838,722560,-382.87431023777384
777,4839,722681,-95.58828566509952
777,4840,722802,-160.91944220850465
777,4841,722975,-252.43672528525613
777,4842,723148,-134.82639404272558
777,4843,723285,-282.01250268033
777,4844,723396,-52.55755866820393
777,4845,723570,-325.46412507153593
777,4846,723711,-396.9285503503943
777,4847,723859,-175.77196139931266
777,4848,723975,-75.26415714425114
777,4849,724121,-357.41432667497884
777,4850,724279,-153.82852786133043
777,4851,724421,-372.16786105954236
777,4852,724524,-124.12251753603061
777,4853,724654,-325.6188812842497
777,4854,725004,-144.00206300299573
777,4855,725126,-126.04481496586877
777,4856,725283,-154.94940543113344
777,4857,725413,-249.5238781660333
777,4858,725552,-210.26037258755366
777,4859,725692,-403.6550305819913
777,4860,725840,-265.3478700930467
777,4861,725962,-71.04787699442842
777,4862,726074,-120.27671496943202
777,4863,726206,-462.6120954543973
777,4864,726407,-274.3072030331266
777,4865,726554,-305.7758429881626
777,4866,726664,-99.48476587018835
777,4867,726807,-510.4765393492745
777,4868,726948,-302.2424393634378
777,4869,727099,-324.6749724867089
777,4870,727289,-440.75217034715234
777,4871,727422,-254.6027418031938
777,4872,727560,-254.19205880585122
777,4873,727693,-231.72560625446158
777,4874,727836,-245.52170281491954
777,4875,727968,-249.85635399381243
777,4876,728075,-272.3733265485652
777,4877,728292,-290.05730119439215
777,4878,728388,-209.32597600222675
777,4879,728531,-228.84067113388883
777,4880,728635,-80.29875849408725
777,4881,728779,-238.1288995551461
777,4882,728883,-126.4938072494204
777,4883,729005,-249.72735177924395
777,4884,729189,-406.3373497633702
777,4885,729380,-247.02446351646367
777,4886,729531,-312.60887736457545
777,4887,729658,-187.7760724204619
777,4888,729850,-187.95039997756186
777,4889,730197,-351.4210196819587
777,4890,730305,-46.24335386554627
777,4891,730452,-311.2357191980916
777,4892,730567,-6.203231036933943
777,4893,730683,-170.61800311884178
777,4894,730804,-458.4923687253082
777,4895,730897,-507.34912875415256
777,4896,731022,-72.19949028946047
777,4897,731217,-355.1292670698725
777,4898,731341,-158.49302028939724
777,4899,731486,-271.3780386761855
777,4900,731626,-311.7711952488458
777,4901,731757,-93.93818136898169
777,4902,731888,-368.1687202624586
777,4903,732053,-557.0092709111026
777,4904,732169,-446.16956061850374
777,4905,732294,-238.92341195161615
777,4906,732442,-300.236841725855
777,4907,732561,-140.74148639434142
777,4908,732726,-529.0206286973009
777,4909,732861,-325.54820768935565
777,4910,732962,-5.259863923276953
777,4911,733105,-690.7746849479721
777,4912,733197,-492.6098593872842
777,4913,733322,-232.36574062084918
777,4914,733465,-246.4572471688914
777,4915,733571,-403.37568350828127
777,4916,733682,-200.3724534483187
777,4917,733804,-207.42446809016104
777,4918,733951,-169.94926426604212
777,4919,734086,-256.72430918358396
777,4920,734215,-238.4021903100631
777,4921,734347,-399.6500973574737
777,4922,734502,-486.7932188427569
777,4923,734663,-612.6063492613083
777,4924,734816,-449.7172011643131
777,4925,734950,-459.3735977494088
777,4926,735084,-312.08527255556726
777,4927,735197,-231.95652930472465
777,4928,735326,-295.00247292082133
777,4929,735506,-368.2671558014327
777,4930,735635,-218.9122359393583
777,4931,735746,-15.608817241220223
777,4932,735849,-21.921710438507162
777,4933,735997,-300.17379835093936
777,4934,736097,-10.369870134718639
777,4935,736235,-517.9231835930098
777,4936,736521,-188.006549159806
777,4937,736660,-315.1389262508397
777,4938,736825,-223.545612477048
777,4939,736961,-334.9618415857518
777,4940,737089,-40.24115836653954
777,4941,737232,-346.96221961985293
777,4942,737417,-410.8153550230556
777,4943,737547,-263.7783568389684
777,4944,737722,-264.7328130479586
777,4945,737870,-290.9121676173746
777,4946,738042,-149.7046963646092
777,4947,738180,-316.93231321012956
777,4948,738318,-243.1696406559341
777,4949,738497,-358.4521033221121
777,4950,738641,-451.7302922902868
777,4951,738790,-493.7079256423697
777,4952,738945,-281.18739587209643
777,4953,739076,-188.44235773496473
777,4954,739235,-642.7519420540323
777,4955,739404,-163.0103485393548
777,4956,739551,-461.9866691611972
777,4957,739665,-300.4352706573278
777,4958,739793,-158.53498329875504
777,4959,739973,-341.8425951196234
777,4960,740115,-299.25149539655206
777,4961,740254,-287.82007976287457
777,4962,740428,-318.6215174896424
777,4963,740572,-557.8735581348344
777,4964,740783,-418.2351100061278
777,4965,740949,-251.54583915983483
777,4966,741099,-345.95246879552496
777,4967,741252,-385.9099039071215
777,4968,741410,-501.38279427043955
777,4969,741567,-276.1961667834281
777,4970,741725,-598.2249646353287
777,4971,741863,-492.14844891210527
777,4972,742004,-234.51180839021023
777,4973,742140,-354.65911456376534
777,4974,742323,-627.8715858168612
777,4975,742494,-380.0332065410759
777,4976,742676,-320.15231909920215
777,4977,742895,-191.59310193239475
777,4978,743025,-179.459001214333
777,4979,743173,-217.1614817744237
777,4980,743327,-135.28515437114294
777,4981,743506,-27.812697361973875
777,4982,743656,-260.6591452904832
777,4983,743805,-265.910514249176
777,4984,743967,-238.85951913132283
777,4985,744107,-219.74569016140128
777,4986,744243,-238.62932890529285
777,4987,744372,-194.8874912248484
777,4988,744470,-129.36951015772996
777,4989,744616,-295.28789598281935
777,4990,744738,-24.586674046837658
777,4991,744910,-266.3027352460391
777,4992,745050,-142.2346069825763
777,4993,745180,-261.10849996180946
777,4994,745285,-115.29704707811712
777,4995,745463,-237.37798661168497
777,4996,745645,-52.735125231767306
777,4997,745743,-51.60400682965475
777,4998,745873,-284.2983248988467
777,4999,746049,-72.45808021319338
777,5000,746198,-352.1091218722569
777,5001,746329,-197.5356248265585
777,5002,746422,-205.52277743801653
777,5003,746574,-226.70343972528389
777,5004,746714,-364.3582788547926
777,5005,746866,-57.809235151107316
777,5006,747024,-135.78654795918806
777,5007,747187,-291.3412456832401
777,5008,747371,-305.4620083788
777,5009,747546,-235.1601297827471
777,5010,747874,-53.01623327841962
777,5011,747975,-57.54782161671568
777,5012,748072,-104.60368007746224
777,5013,748199,-281.1923401885712
777,5014,748305,-43.018924861484486
777,5015,748398,-179.79740007441572
777,5016,748537,-299.8910502539596
777,5017,748725,-294.7319708983998
777,5018,748884,-160.68715826839252
777,5019,749024,-229.00161154999432
777,5020,749171,-249.45866488268928
777,5021,749323,-400.22355129743187
777,5022,749503,-350.1349308762625
777,5023,749716,-415.26178057468763
777,5024,749885,-173.9090803596906
777,5025,750011,-192.51138002618632
777,5026,750172,-405.29384664593016
777,5027,750349,-259.25055530107124
777,5028,750492,-133.02731120785327
777,5029,750640,-628.4180986597044
777,5030,750764,-165.8923409921834
777,5031,750911,-267.46678731020637
777,5032,751022,-11.311280212714692
777,5033,751161,-653.8419332771367
777,5034,751337,-372.47792028888546
777,5035,751524,-239.4259861832904
777,5036,751660,-247.69165027898708
777,5037,751789,-294.72653433905793
777,5038,751919,-612.8585378427143
777,5039,752057,-656.2927443230163
777,5040,752154,-759.0783181976788
777,5041,752327,-250.6206203919933
777,5042,752428,-544.2461185161892
777,5043,752518,-658.4150838468613
777,5044,752693,-87.08055361698715
777,5045,752815,-342.2049822698185
777,5046,752897,-621.0443288793078
777,5047,753051,-694.1055063550128
777,5048,753180,-464.72243249953186
777,5049,753320,-302.47576099627656
777,5050,753487,-801.0834309897435
777,5051,753611,-198.60560364050676
777,5052,753767,-465.3776505307419
777,5053,753862,-692.1427700003459
777,5054,754022,-290.3256448948308
777,5055,754115,-755.4870303449655
777,5056,754213,-709.082109751368
777,5057,754335,-676.8604195880629
777,5058,754473,-379.9190833006597
777,5059,754577,-773.352139930692
777,5060,754686,-569.2350800289778
777,5061,754828,-778.6799629780562
777,5062,754935,-86.12634008383654
777,5063,755050,-39.20407919069149
777,5064,755141,-740.0143944117336
777,5065,755232,-549.2635663649482
777,5066,755392,-457.58219199729416
777,5067,755528,-727.2084203766796
777,5068,755658,-484.8731882436666
777,5069,755759,-253.62167368184785
777,5070,755851,-554.8746747908338
777,5071,755978,-279.19738809495806
777,5072,756078,-642.6700663790793
777,5073,756172,-686.6647125700019
777,5074,756334,-192.53792936447087
777,5075,756424,-635.5140337027424
777,5076,756531,-678.5386364625367
777,5077,756692,-252.65471916705332
777,5078,756837,-507.38703321819196
777,5079,756919,-492.80021493714247
777,5080,757023,-634.3664416064445
777,5081,757145,-439.3295599277485
777,5082,757258,-157.63941450610074
777,5083,757382,-291.74558245265564
777,5084,757536,-169.84107473256392
777,5085,757707,-303.7056089040784
777,5086,757797,-502.0209600216279
777,5087,757902,-643.2500668718046
777,5088,758035,-46.73693534600736
777,5089,758143,-39.97660147336452
777,5090,758234,-44.39543955180662
777,5091,758351,-214.98471374270014
777,5092,758459,-609.0488141503967
777,5093,758569,-21.900296856116995
777,5094,758672,-719.3963442194349
777,5095,758809,-172.19868438082034
777,5096,758939,-559.9989364779385
777,5097,759038,-547.0930816370319
777,5098,759158,-354.15792713748885
777,5099,759275,-185.93743223409058
777,5100,759382,-702.314275789973
777,5101,759517,-276.080074433718
777,5102,759639,-248.3997449113313
777,5103,759759,-153.87272256850918
777,5104,759887,-249.52952047612376
777,5105,760002,-18.95501277090918
777,5106,760120,-288.05803048964276
777,5107,760255,-482.4945307888887
777,5108,760390,-229.470974713336
777,5109,760530,-765.9944916447613
777,5110,760659,-252.09897958404693
777,5111,760813,-54.17779506985508
777,5112,760936,-297.88022030493437
777,5113,761072,-270.5925259100796
777,5114,761210,-719.4483013103205
777,5115,761308,-420.99541832815555
777,5116,761438,-322.2151530003147
777,5117,761537,-768.1524910719327
777,5118,761660,-314.30853134595293
777,5119,761787,-210.27282738626005
777,5120,761888,-753.1960943849724
777,5121,761970,-665.3534042298189
777,5122,762211,-395.1106685471027
777,5123,762373,-416.8477830167735
777,5124,762493,-45.383571932646014
777,5125,762584,-727.2224428248401
777,5126,762683,-193.51168445630827
777,5127,762771,-565.8290210427366
777,5128,762864,-725.6837566279933
777,5129,762953,-652.065866199405
777,5130,763108,-300.8705753691296
777,5131,763246,-704.9010158423033
777,5132,763498,-370.8099460764127
777,5133,763595,-581.1103875069977
777,5134,763719,-207.25562574564586
777,5135,763844,-254.46971266651337
777,5136,763975,-555.776911318457
777,5137,764052,-193.17101528049722
777,5138,764153,-158.34979292254303
777,5139,764300,-541.5963682415588
777,5140,764428,-275.71653198162534
777,5141,764536,-1.0308617978029844
777,5142,764695,-266.829660887356
777,5143,764804,-59.06009615104373
777,5144,764916,-195.15612508463434
777,5145,765037,-412.55941765346637
777,5146,765171,-273.40989883721943
777,5147,765355,-6.98366863788651
777,5148,765445,-185.85189093313252
777,5149,765579,-247.55727219209678
777,5150,765798,-104.58578596038649
777,5151,765942,-479.1955255732454
777,5152,766080,-198.93227855001015
777,5153,766267,-341.9330631836394
777,5154,766408,-90.05351807767796
777,5155,766579,-163.57607629606122
777,5156,766800,29.659669622057663
777,5157,766965,-201.19371594811503
777,5158,767054,-123.29269513993185
777,5159,767148,-168.55034133350887
777,5160,767331,-208.91594549635738
777,5161,767470,-435.3355986057028
777,5162,767627,-525.440976653219
777,5163,767761,-215.05455214424975
777,5164,767894,-303.7309474649692
777,5165,767995,-626.9739542703745
777,5166,768130,-489.17520782175615
777,5167,768270,-316.1750547493434
777,5168,768408,-217.27030934422393
777,5169,768539,-305.40600179455544
777,5170,768663,-212.96667434679244
777,5171,768788,-231.43392907756242
777,5172,768944,-218.27148937982898
777,5173,769069,-109.06254342421872
777,5174,769189,-538.3320305241953
777,5175,769358,-625.1490585030164
777,5176,769528,-564.7490941628396
777,5177,769620,-607.3207558434524
777,5178,769765,-242.56588752518874
777,5179,769904,-214.91376643201255
777,5180,770074,-336.0209962166017
777,5181,770235,-437.35364706378436
777,5182,770390,-678.1016102014107
777,5183,770580,-571.9460568040984
777,5184,770743,-595.8513202205927
777,5185,770942,-85.71840601865495
777,5186,771046,-808.330947747224
777,5187,771144,-608.6962705607064
777,5188,771304,-427.83780303079715
777,5189,771405,-859.1405339603255
777,5190,771509,-738.081178241942
777,5191,771613,-674.2104321538267
777,5192,771828,-118.73599459285145
777,5193,771924,-788.204195673658
777,5194,772035,-839.3501263994391
777,5195,772130,-625.2685792828579
777,5196,772228,-585.3355007368953
777,5197,772324,-609.8810533854767
777,5198,772508,-485.2035371701445
777,5199,772579,-569.3520517272838
777,5200,772679,-432.05867981123583
777,5201,772829,-561.943641106051
777,5202,772987,-505.5630023932499
777,5203,773076,-548.2069898686051
777,5204,773236,-203.32030754989188
777,5205,773386,-655.4677778048988
777,5206,773582,-526.1008322798875
777,5207,773686,-696.9919028896356
777,5208,773803,-261.0694691757428
777,5209,773914,-722.3592319429087
777,5210,774075,-322.4123688149858
777,5211,774215,-659.7220825011083
777,5212,774310,-608.8822582684829
777,5213,774409,-670.9296742513529
777,5214,774550,-484.0845257366867
777,5215,774691,-67.54349529015842
777,5216,774796,-662.4199430382233
777,5217,774957,-297.5255918310078
777,5218,775112,-732.0486568381416
777,5219,775220,-684.9350716126518
777,5220,775336,-270.5707131301791
777,5221,775500,-242.07609128198135
777,5222,775669,-664.7667837254874
777,5223,775813,-707.717863945048
777,5224,775954,-249.6575089733885
777,5225,776058,-664.2639077012258
777,5226,776176,-68.87448288810805
777,5227,776292,-735.0467325303682
777,5228,776538,-198.56618416856872
777,5229,776708,-77.640022085238
777,5230,776863,-738.0337130495628
777,5231,776986,-252.1066812185115
777,5232,777146,-562.5492918588325
777,5233,777268,-540.1151218950789
777,5234,777405,-409.9635590741381
777,5235,777519,-545.2308422964823
777,5236,777682,-295.52378217310115
777,5237,777820,-263.51961241776803
777,5238,777969,-278.9749516576006
777,5239,778079,-634.998792040942
777,5240,778241,-604.3880946909516
777,5241,778400,-344.5974270191682
777,5242,778552,-141.64178942203446
777,5243,778689,-203.35686230371402
777,5244,778811,-38.5931260896498
777,5245,778952,-460.52933030698625
777,5246,779090,-162.3614704780659
777,5247,779223,-327.99905941652315
777,5248,779352,-250.31653362245467
777,5249,779524,-151.14100899656995
777,5250,779628,-204.96727876524366
777,5251,779770,-88.52100412913542
777,5252,779892,-237.54889184061318
777,5253,780057,-116.08277795838028
777,5254,780229,-145.6333168257467
777,5255,780344,-36.92925073959827
777,5256,780455,-59.40651755369469
777,5257,780565,-44.025108936521825
777,5258,780720,-132.43419579463261
777,5259,780893,-364.5170780117206
777,5260,781035,-351.08079748236185
777,5261,781145,-73.72011579590925
777,5262,781308,-217.86775552918857
777,5263,781433,-228.05962080005224
777,5264,781551,-152.9529774464531
777,5265,781658,-95.18071432912197
777,5266,781785,-35.834195777999994
777,5267,781912,-261.617757202216
777,5268,782039,-75.26335100015211
777,5269,782180,-298.1265993870622
777,5270,782275,-543.2061393510226
777,5271,782416,-324.4825281332679
777,5272,782550,-339.112423413671
777,5273,782706,-151.94522808240188
777,5274,782858,-356.57855716217597
777,5275,782980,-238.91737492776193
777,5276,783106,-310.63996505626903
777,5277,783218,-628.771802050458
777,5278,783360,-600.7580109124285
777,5279,783493,-249.28656242413803
777,5280,783647,-438.25634742231455
777,5281,783762,-520.1158349800296
777,5282,783931,-700.6605386194021
777,5283,784046,-483.6685825590575
777,5284,784160,-352.0837061043303
777,5285,784267,-632.8081941228805
777,5286,784390,-165.1872713321369
777,5287,784550,-262.225427432375
777,5288,784642,-116.58164614533331
777,5289,784748,-165.3006459145462
777,5290,784877,-296.48571553826685
777,5291,785050,-551.3726243289059
777,5292,785147,-457.84391926163215
777,5293,785277,-281.01692155981317
777,5294,785405,-212.0673503734559
777,5295,785538,8.956594981398354
777,5296,785667,-173.0809984069789
777,5297,785829,-331.8007945779085
777,5298,786021,-328.48825242690395
777,5299,786142,-342.4464526743539
777,5300,786323,-491.6339974848603
777,5301,786453,-324.3922744324127
777,5302,786561,-81.00413795349786
777,5303,786700,-139.91871767978301
777,5304,786844,-293.73834195217
777,5305,786996,-609.9542753292977
777,5306,787097,-611.909855697729
777,5307,787297,-270.74263765761935
777,5308,787479,-99.19491437521066
777,5309,787608,-179.19006493494726
777,5310,787711,-516.1962153914146
777,5311,787887,-317.545452569875
777,5312,788012,-193.32087676021737
777,5313,788148,-238.30872385766696
777,5314,788347,4.561876047667951
777,5315,788544,-302.6187823342091
777,5316,788683,-220.46887336198265
777,5317,788817,-266.33597366663184
777,5318,788970,-71.61535557340639
777,5319,789085,-81.29855856787563
777,5320,789194,-37.39811282186736
777,5321,789383,-123.54631095144961
777,5322,789518,-260.3421451049635
777,5323,789677,55.26439849624779
777,5324,789784,-48.826498519499914
777,5325,789883,-50.39878158589919
777,5326,790025,-509.0472506254185
777,5327,790172,-358.9516289886276
777,5328,790316,-422.5189335201044
777,5329,790461,-297.3446867714314
777,5330,790614,-431.47489226992474
777,5331,790768,-446.18794547974665
777,5332,790877,-48.07389919394887
777,5333,791006,-191.34778740718858
777,5334,791125,-456.31888706051956
777,5335,791265,-381.1935671077193
777,5336,791383,-58.37988440074022
777,5337,791510,-260.5956759575612
777,5338,791673,-225.69069336671416
777,5339,791823,-134.3869424535042
777,5340,791926,-202.89245841175745
777,5341,792053,-267.47028747795855
777,5342,792227,-469.90013182333246
777,5343,792364,52.36980544210118
777,5344,792549,-275.11704181809324
777,5345,792691,-496.60719455499344
777,5346,792798,-24.211739462059484
777,5347,792962,-420.2894086163708
777,5348,793101,-443.89703544874493
777,5349,793238,-222.1605136308208
777,5350,793360,-33.544803779706626
777,5351,793517,-203.30546348673897
777,5352,793739,-156.153727976381
777,5353,793877,-244.22931085151748
777,5354,794031,-255.16313193766067
777,5355,794189,-231.8750017119382
777,5356,794298,-60.72076370577067
777,5357,794403,-116.53000868993814
777,5358,794539,-257.5766226256194
777,5359,794633,-186.3399216889462
777,5360,794787,-313.85305652660895
777,5361,794944,-172.23524306027355
777,5362,795050,-17.443201902537695
777,5363,795195,-325.619751110837
777,5364,795346,-309.03470028819254
777,5365,795450,-165.1238969944523
777,5366,795583,-298.38691170235165
777,5367,795757,-380.5022834590021
777,5368,795902,-553.4150488839584
777,5369,796003,-253.942144048731
777,5370,796144,-611.3284382129236
777,5371,796301,-330.32238333732596
777,5372,796423,-47.625423142132625
777,5373,796611,-365.1657259529607
777,5374,796738,-234.8873334443736
777,5375,796885,-272.3733149811611
777,5376,797020,-306.5341883367661
777,5377,797158,-346.8912840742166
777,5378,797311,-518.2124897536964
777,5379,797457,-280.0427446939011
777,5380,797599,-325.4116413182953
777,5381,797761,39.05895956534147
777,5382,797889,-205.92793249240148
777,5383,798031,-515.5797619757604
777,5384,798209,-274.2958203678224
777,5385,798325,-41.056517073831046
777,5386,798421,-295.98316431476815
777,5387,798555,-342.0535922309757
777,5388,798687,-292.8053237046236
777,5389,798810,-40.54891536478969
777,5390,798941,-513.7749609702039
777,5391,799040,-531.8185146766789
777,5392,799177,-543.0308588020229
777,5393,799329,-356.066426216313
777,5394,799471,-370.0467770562722
777,5395,799574,-13.506863090972203
777,5396,799731,-232.6552391807199
777,5397,799898,-623.355355154064
777,5398,800058,-523.8440837414946
777,5399,800195,-530.9695341947468
777,5400,800346,-478.48403610433456
777,5401,800437,-616.6419146368231
777,5402,800536,-591.4469877664494
777,5403,800645,-766.6004988019874
777,5404,800752,-733.4672471385543
777,5405,800894,-539.89771808827
777,5406,801042,-447.28908327444253
777,5407,801181,-519.8623909782825
777,5408,801318,-177.07817126520206
777,5409,801480,-493.3050947860824
777,5410,801598,-40.880050875926436
777,5411,801772,-581.6729195116953
777,5412,801880,-599.9905405772281
777,5413,802009,-325.8325404363562
777,5414,802165,-859.6028152918855
777,5415,802315,-690.4109038384653
777,5416,802423,-772.8507830109808
777,5417,802507,-729.095567449919
777,5418,802601,-755.7358084358607
777,5419,802692,-786.3838849652218
777,5420,802841,-613.767722156998
777,5421,802925,-612.0286626415011
777,5422,803030,-596.5661929032651
777,5423,803176,-593.6427477584207
777,5424,803280,-773.8716529424662
777,5425,803391,-780.0051042354984
777,5426,803459,-446.31162870482245
777,5427,803559,-590.5707734318421
777,5428,803659,-687.9225885875783
777,5429,803754,-660.4919859214283
777,5430,803855,-812.0206665737295
777,5431,803958,-712.0169728596687
777,5432,804059,-631.0445954458974
777,5433,804189,-230.5478793634277
777,5434,804282,-553.8213790005284
777,5435,804378,-619.5025258662654
777,5436,804549,-719.0727016800425
777,5437,804700,-608.1018258366198
777,5438,804798,-681.3803752713484
777,5439,804900,-755.4499289986792
777,5440,804996,-714.884134685122
777,5441,805086,-602.4026046853733
777,5442,805177,-546.8525792278183
777,5443,805252,-623.0301674905171
777,5444,805387,-590.803241755835
777,5445,805491,-732.2219391317456
777,5446,805630,-669.7001903949758
777,5447,805723,-568.7209048832751
777,5448,805818,-706.259160166032
777,5449,805915,-724.7675318755003
777,5450,806014,-796.1933631563
777,5451,806193,-333.3060993703647
777,5452,806346,-802.2740932272255
777,5453,806458,-859.3021862278964
777,5454,806542,-680.5028147253613
777,5455,806616,-620.2681079069662
777,5456,806781,-751.1681828289102
777,5457,806874,-759.3054076460311
777,5458,807008,-319.0756253525607
777,5459,807170,-297.14510432327904
777,5460,807276,-847.0119650258448
777,5461,807356,-616.7740578327874
777,5462,807506,-624.9236449056044
777,5463,807609,-700.0600711401972
777,5464,807699,-743.9704396249141
777,5465,807882,-423.9042243559708
777,5466,808049,-345.02965116922746
777,5467,808146,-705.6866598733861
777,5468,808308,-232.76056401885066
777,5469,808472,-695.737671673937
777,5470,808607,-493.7792641104653
777,5471,808773,-759.6170790308872
777,5472,808922,-633.550639971741
777,5473,809057,-410.1809023514085
777,5474,809197,-655.67775323814
777,5475,809344,-247.2740592756483
777,5476,809496,-626.474157361731
777,5477,809677,-368.11940751642993
777,5478,809775,-735.6180656178892
777,5479,809961,-417.6199017645243
777,5480,810107,-356.49127455672243
777,5481,810224,-207.8966584051537
777,5482,810383,-165.86831525279882
777,5483,810541,-273.49038021339106
777,5484,810679,-304.16553006128424
777,5485,810801,-230.29852308096224
777,5486,810901,-720.0026929110513
777,5487,811043,-307.1943266012482
777,5488,811139,-551.2714078688896
777,5489,811277,-287.0101170995613
777,5490,811401,-68.07673935969956
777,5491,811561,-371.42948468404194
777,5492,811702,-225.78700589759345
777,5493,811833,10.120105801859637
777,5494,811950,-52.60859274990437
777,5495,812084,-232.53887845378455
777,5496,812223,-502.48078948114403
777,5497,812363,-22.36702608099351
777,5498,812501,-488.7380063133404
777,5499,812625,-295.27913503707924
777,5500,812730,-569.8272658576366
777,5501,812832,-105.32260377037727
777,5502,812963,-302.8194280651011
777,5503,813136,-396.7668007272617
777,5504,813288,-101.19872781945705
777,5505,813392,-100.43143989125166
777,5506,813515,-112.72069727112408
777,5507,813662,-195.73125824751224
777,5508,813774,-324.99343600501686
777,5509,813887,48.41949544763918
777,5510,813998,-55.869097641691766
777,5511,814168,-399.02068199901345
777,5512,814305,-366.0181567049448
777,5513,814452,-342.9723911744388
777,5514,814556,-195.8309491778141
777,5515,814674,-119.7637374332523
777,5516,814788,-93.58096673095726
777,5517,814921,-278.84316305033246
777,5518,815071,-497.9672576052745
777,5519,815203,-317.8458900884634
777,5520,815365,-114.85609655799728
777,5521,815506,-299.9001062352171
777,5522,815627,-25.324712763078637
777,5523,815732,-135.04126672190162
777,5524,815878,-311.8945340509966
777,5525,816016,-319.6905889796976
777,5526,816114,-210.93123066943394
777,5527,816280,-297.9989704336381
777,5528,816396,-268.3473581628873
777,5529,816522,-212.59567317032793
777,5530,816648,-173.1808550496978
777,5531,816794,-512.1291319040376
777,5532,816916,-69.19362501579288
777,5533,817089,-533.8097227692676
777,5534,817186,-570.1363486816517
777,5535,817290,-317.88743982909193
777,5536,817426,-123.02668111585211
777,5537,817552,-225.0908880831659
777,5538,817690,-140.6621975283682
777,5539,817830,-615.2880885581391
777,5540,817976,-3.1851161623966533
777,5541,818087,-341.78328414446867
777,5542,818225,-352.85240468665444
777,5543,818361,-503.74652931411987
777,5544,818488,-178.9322841085089
777,5545,818688,-356.91561091095843
777,5546,818836,-182.43149236634656
777,5547,818966,-252.26052287342097
777,5548,819120,-619.6980422305428
777,5549,819266,-365.36844732662337
777,5550,819371,-229.09142577298317
777,5551,819500,-295.2777338295334
777,5552,819606,-40.917041727951904
777,5553,819776,-344.38116541036646
777,5554,820071,-221.76057550131404
777,5555,820211,-349.29377116748105
777,5556,820346,-185.32731395696422
777,5557,820449,-187.43355866383433
777,5558,820591,-368.579642207617
777,5559,820733,-398.06734693308516
777,5560,820878,-190.71811110388174
777,5561,821010,-283.95955778900134
777,5562,821199,-248.68512592955562
777,5563,821338,-322.1360672956796
777,5564,821474,-221.64821929440137
777,5565,821610,-296.65721024795357
777,5566,821733,-6.947522326091089
777,5567,821901,-313.24683970665563
777,5568,822006,13.328118038894175
777,5569,822111,-70.8267609598677
777,5570,822219,-41.118889516100886
777,5571,822328,-391.70166194090996
777,5572,822429,-586.9241652351003
777,5573,822549,-213.41317549623565
777,5574,822651,-718.7434983291181
777,5575,822766,-488.0317101228183
777,5576,822889,-127.54220317259136
777,5577,823059,-587.829823000152
777,5578,823157,-700.5372663308275
777,5579,823301,-515.7076527137594
777,5580,823429,-184.25629124020094
777,5581,823560,-661.2762420950837
777,5582,823684,-207.31345191638502
777,5583,823821,-192.69104289245703
777,5584,823998,-7.067933645609813
777,5585,824117,-196.9464027682121
777,5586,824209,-626.5953717291783
777,5587,824343,-299.4945476585772
777,5588,824444,-552.8247833465011
777,5589,824573,-641.9966965130204
777,5590,824678,-802.6058272005379
777,5591,824777,-702.5030019497932
777,5592,824956,-578.004660381343
777,5593,825051,-673.7647540736309
777,5594,825192,-494.7926044223442
777,5595,825344,-285.6119111434009
777,5596,825457,-242.08606319003005
777,5597,825593,-594.8917881243374
777,5598,825740,-608.1253755041673
777,5599,825883,-611.7966214314715
777,5600,825993,-715.4919281152725
777,5601,826141,-562.5569371747756
777,5602,826293,-776.1239405952076
777,5603,826400,-764.9377154241429
777,5604,826555,-760.5696831874905
777,5605,826687,-765.4405668448371
777,5606,826801,-987.8306328857057
777,5607,826899,-622.7869036715427
777,5608,827003,-848.3527305612371
777,5609,827143,-731.6989584305958
777,5610,827229,-665.109009715881
777,5611,827361,-649.5475086744287
777,5612,827459,-785.4639746363612
777,5613,827555,-779.1766917397852
777,5614,827730,-543.5050735190662
777,5615,827874,-438.6258910803072
777,5616,828005,-308.66792859490727
777,5617,828149,-586.2204983050647
777,5618,828232,-739.836992154054
777,5619,828338,-730.8033940653214
777,5620,828428,-688.5813727578126
777,5621,828555,-1221.7706686321978
777,5622,828637,-567.3563884056052
777,5623,828746,-886.4603952607625
777,5624,828851,-903.1527959761636
777,5625,828918,-616.338620677233
777,5626,829089,-1055.0052137839864
777,5627,829193,-702.2134019419562
777,5628,829290,-856.5657005725919
777,5629,829383,-319.4769100672621
777,5630,829449,-633.2103192885222
777,5631,829535,-772.0481814095018
777,5632,829747,-477.0432513196196
777,5633,829836,-636.8885413491885
777,5634,829923,-695.1611132162095
777,5635,829999,-717.4641389438361
777,5636,830095,-698.6395680421795
777,5637,830191,-737.6302382146616
777,5638,830303,-974.3591375611338
777,5639,830416,-1107.4291602256858
777,5640,830477,-587.7278263473199
777,5641,830544,-622.8305020378607
777,5642,830648,-708.4090070754535
777,5643,830763,-1010.4987100418272
777,5644,830884,-705.7983060090176
777,5645,830946,-608.9666213970282
777,5646,831034,-855.6810806835568
777,5647,831127,-804.5046926671389
777,5648,831217,-469.59122751841755
777,5649,831332,-942.2503981968445
777,5650,831398,-664.6643121969657
777,5651,831505,-912.8031833887308
777,5652,831580,-765.9906862656185
777,5653,831656,-774.8397834732133
777,5654,831758,-1036.3250381370697
777,5655,831843,-772.7386780244155
777,5656,831944,-768.5415552302826
777,5657,832061,-621.181766476034
777,5658,832131,-734.6838973137825
777,5659,832218,-692.5128698533027
777,5660,832329,-914.4038989384753
777,5661,832492,-933.7703882850036
777,5662,832592,-857.8344790305814
777,5663,832693,-830.8488698088917
777,5664,832803,-290.207018554874
777,5665,832898,-778.9470866847068
777,5666,833012,-1273.100335865429
777,5667,833097,-797.419727832978
777,5668,833186,-771.3469545896653
777,5669,833249,-583.7517829795453
777,5670,833322,-676.4128827721081
777,5671,833413,-666.3382089251772
777,5672,833490,-676.5069999790724
777,5673,833589,-759.2781226675913
777,5674,833698,-944.9053277698118
777,5675,833781,-548.1630356563464
777,5676,833878,-816.4266920025062
777,5677,833948,-729.6050890283077
777,5678,834062,-1046.3072447554366
777,5679,834150,-845.9718742720561
777,5680,834275,-605.4482459364456
777,5681,834386,-1063.5156330303857
777,5682,834487,-879.0812455427807
777,5683,834597,-966.0827386502793
777,5684,834697,-890.8430316577782
777,5685,834783,-584.2232962272265
777,5686,834849,-632.369523364037
777,5687,834943,-793.9671103915927
777,5688,835030,-733.0433706479976
777,5689,835113,-786.2096244318905
777,5690,835246,-1010.7203862631759
777,5691,835312,-682.2871361589249
777,5692,835413,-772.8355669701037
777,5693,835495,-522.7477387246604
777,5694,835607,-1042.8361215583727
777,5695,835673,-633.4567665938594
777,5696,835783,-913.5107970652787
777,5697,835847,-675.5397387113792
777,5698,835940,-821.0887200458567
777,5699,836009,-665.3705880719216
777,5700,836098,-613.4240067471712
777,5701,836174,-730.2814453408919
777,5702,836283,-1045.4135363197367
777,5703,836343,-586.1475475837035
777,5704,836439,-776.383115136202
777,5705,836508,-679.9551253899962
777,5706,836576,-626.7027551591963
777,5707,836670,-731.1149683767869
777,5708,836804,-725.6424353891199
777,5709,836881,-690.2463252410517
777,5710,836959,-754.0360924391789
777,5711,837044,-518.6351772075709
777,5712,837117,-728.4569751174276
777,5713,837187,-683.3522100447765
777,5714,837308,-581.1173962996329
777,5715,837402,-733.8732810089682
777,5716,837465,-588.2693001392356
777,5717,837528,-580.6929906729854
777,5718,837594,-638.1816553980887
777,5719,837682,-797.4741936643803
777,5720,837794,-1068.041465329873
777,5721,837883,-765.530453403066
777,5722,837990,-821.5816084866325
777,5723,838087,-800.8606860966021
777,5724,838201,-905.7562774300496
777,5725,838314,-556.3801497108393
777,5726,838397,-527.4319061639604
777,5727,838494,-657.0420064433544
777,5728,838589,-832.1443064653653
777,5729,838677,-789.0955225552466
777,5730,838801,-298.555700381531
777,5731,838915,-685.8069019272789
777,5732,839004,-696.8129401819685
777,5733,839106,-836.4291519914493
777,5734,839191,-547.547688853247
777,5735,839278,-738.9182678887171
777,5736,839355,-670.4497629017865
777,5737,839435,-768.9080976297107
777,5738,839542,-950.005918537587
777,5739,839625,-632.227498357223
777,5740,839706,-771.562702207973
777,5741,839813,-965.2022619430365
777,5742,839891,-609.1936294179961
777,5743,839967,-640.0311447449966
777,5744,840061,-810.2453595915681
777,5745,840139,-729.1535920021049
777,5746,840240,-902.651822125855
777,5747,840325,-672.4596377215776
777,5748,840407,-736.2972954135688
777,5749,840512,-685.8248954197345
777,5750,840589,-557.9318465353513
777,5751,840656,-528.2721656848007
777,5752,840740,-665.0146772322057
777,5753,840823,-597.4050207718315
777,5754,840913,-615.2396701988315
777,5755,840985,-360.06234673127216
777,5756,841069,-482.830942044789
777,5757,841164,-773.8076856848331
777,5758,841242,-391.62502966373694
777,5759,841318,-612.4454317432535
777,5760,841399,-741.3123274874322
777,5761,841467,-546.0644212748173
777,5762,841555,-558.5252109409257
777,5763,841642,-607.1544973068326
777,5764,841716,-439.73534820707846
777,5765,841778,-211.17982208121123
777,5766,841851,-305.67017832441445
777,5767,841944,-606.6414266702545
777,5768,842021,-435.1865738987432
777,5769,842092,-543.8968144915452
777,5770,842186,-606.0176287264561
777,5771,842269,-465.2415610164171
777,5772,842394,-690.2942881347245
777,5773,842508,-693.0993029686597
777,5774,842580,-550.3603149121609
777,5775,842690,-532.5985093436423
777,5776,842784,-519.1314238877882
777,5777,842864,-578.7170472965563
777,5778,842951,-542.4128046972116
777,5779,843055,-301.1655205962669
777,5780,843124,-507.940454549259
777,5781,843208,-459.06982564370765
777,5782,843279,-336.467765340722
777,5783,843351,-444.72312889312104
777,5784,843441,-660.941009734295
777,5785,843539,-451.84127262829736
777,5786,843622,-516.7445849075655
777,5787,843703,-355.05009640205935
777,5788,843786,-381.9354381224887
777,5789,843866,-375.70600749031075
777,5790,843935,-241.94632442699478
777,5791,844037,-82.98115159760165
777,5792,844127,-363.4484551132999
777,5793,844216,-437.92392691241287
777,5794,844298,-268.88933609964687
777,5795,844376,-299.09906721968656
777,5796,844471,-243.2985598979074
777,5797,844579,-113.03272709727813
777,5798,844679,-410.9625598031426
777,5799,844782,-332.3912149521848
777,5800,844878,-410.7178251795641
777,5801,844978,-292.6586749250764
777,5802,845086,-272.9304174449222
777,5803,845161,-244.15728645126495
777,5804,845317,-64.96045670237324
777,5805,845417,-272.26556722859607
777,5806,845501,-294.5641470655647
777,5807,845596,-221.58107176769414
777,5808,845696,-283.41919494858143
777,5809,845800,-29.763130365255194
777,5810,845896,-234.1589491861874
777,5811,845991,-227.6315419916836
777,5812,846067,-202.4074679355116
777,5813,846181,-95.14224428259298
777,5814,846300,-137.45309823137978
777,5815,846411,-77.56133686685988
777,5816,846536,-96.83739059628961
777,5817,846643,-84.88378387339608
777,5818,846748,-86.16181496286376
777,5819,846881,-35.14175270298922
777,5820,846992,-109.90040701599416
777,5821,847093,-100.35590942487356
777,5822,847237,-59.62101496025347
777,5823,847363,-75.31964843598317
777,5824,847500,-218.50177576963074
777,5825,847631,-248.37263143030415
777,5826,847796,-90.64663017840141
777,5827,847901,-218.01825187421719
777,5828,848006,-84.64475510090696
777,5829,848205,-285.1670297344484
777,5830,848353,31.207457988050095
777,5831,848511,-318.8993866738625
777,5832,848650,-531.7886922960605
777,5833,848788,-188.4624827477278
777,5834,848979,-483.15925191135915
777,5835,849150,-179.7776397473594
777,5836,849303,-344.1701745046794
777,5837,849446,-369.07817709983357
777,5838,849560,-448.94373610240746
777,5839,849712,-780.3554770885974
777,5840,849833,-262.16169955623
777,5841,849936,-677.5331896443744
777,5842,850034,-551.3540706513512
777,5843,850163,-307.33877991730066
777,5844,850279,-98.41506144861654
777,5845,850423,-49.28210360407181
777,5846,850568,-466.9129502412627
777,5847,850673,-688.82454516967
777,5848,850810,-65.69567436824869
777,5849,850906,-700.7776632748589
777,5850,851054,-659.751566816062
777,5851,851193,-458.5901803649146
777,5852,851292,-747.1472631649713
777,5853,851397,-774.7925219801009
777,5854,851579,-772.6901788821623
777,5855,851746,-232.47830399879064
777,5856,851838,-582.7273008843493
777,5857,851993,-492.54979190477036
777,5858,852143,-680.6938544170322
777,5859,852239,-782.8983668449923
777,5860,852403,-402.7022942326856
777,5861,852545,-567.2194617185484
777,5862,852691,-362.39787865310024
777,5863,852793,-765.0917931744117
777,5864,852952,-693.2989045340328
777,5865,853142,-271.573834024485
777,5866,853291,-794.6405730752363
777,5867,853431,-689.2176338540739
777,5868,853583,-299.7976296948004
777,5869,853669,-543.1119584519099
777,5870,853807,-603.8141118001549
777,5871,853906,-563.1376228562999
777,5872,854072,-666.7117302778437
777,5873,854203,-643.2200648072966
777,5874,854344,-500.2809230293988
777,5875,854480,-421.28667516938526
777,5876,854695,-106.30063875998408
777,5877,854847,-364.7045242276825
777,5878,854999,-707.9981269747622
777,5879,855147,-583.3600446012464
777,5880,855305,-618.6890944760846
777,5881,855486,-258.89802520208116
777,5882,855638,-622.6886108902003
777,5883,855787,-296.87667908776973
777,5884,855927,-765.1685774920161
777,5885,856065,-514.5866067304494
777,5886,856199,-479.76191113183927
777,5887,856353,-827.8105245948857
777,5888,856553,-395.5289646868356
777,5889,856650,-688.6019880265077
777,5890,856794,-821.1217246565141
777,5891,856945,-267.8150824118827
777,5892,857114,-540.8423372510679
777,5893,857229,-830.4331569974975
777,5894,857398,-858.3767373834932
777,5895,857582,-962.2961282837036
777,5896,857724,-541.0178830101565
777,5897,857845,-530.2463512010887
777,5898,857991,-533.4412611319881
777,5899,858067,-552.2832541737871
777,5900,858162,-639.5482646033141
777,5901,858255,-599.6318553564636
777,5902,858347,-458.8666288634688
777,5903,858557,-444.3215700921531
777,5904,858687,-567.3053483776993
777,5905,858784,-523.4500391464503
777,5906,858876,-299.0606328612054
777,5907,859009,-600.267841501279
777,5908,859100,-584.8694376370044
777,5909,859246,-286.14161036253097
777,5910,859397,-289.69957788653926
777,5911,859502,-522.6508927315073
777,5912,859620,-848.9928499642978
777,5913,859744,-287.33466728575377
777,5914,859843,-710.4948882071169
777,5915,859969,-719.2309638938681
777,5916,860133,-391.5139052755634
777,5917,860275,13.383493186657034
777,5918,860365,-623.5693607563267
777,5919,860524,-249.18899287392455
777,5920,860611,-424.38343475280385
777,5921,860717,-701.6619541570755
777,5922,860874,-108.6574366560487
777,5923,860991,-255.8034703535311
777,5924,861094,-667.1079854511981
777,5925,861235,-207.92890912938864
777,5926,861325,-5.833658374313316
777,5927,861458,-604.9512794893194
777,5928,861586,-349.46079062591593
777,5929,861740,-697.3012526291404
777,5930,861867,-295.3043189330161
777,5931,861964,-696.2069675762293
777,5932,862106,-629.9975277828258
777,5933,862205,-690.3463222284807
777,5934,862341,-230.53440225540754
777,5935,862485,-191.7054182709153
777,5936,862577,-624.98713725457
777,5937,862678,-617.2933236781812
777,5938,862815,-473.37302188402833
777,5939,863079,-69.53419900174613
777,5940,863231,-594.2861470706473
777,5941,863402,-753.1178007063186
777,5942,863531,-194.3252297060008
777,5943,863667,-464.15548168031813
777,5944,863812,-745.3069684751569
777,5945,863962,-619.4477895482871
777,5946,864063,-739.0419342521648
777,5947,864205,-811.6229330316993
777,5948,864354,-763.2623674657028
777,5949,864495,-584.6025012009507
777,5950,864655,-298.7342966379664
777,5951,864797,-316.9539616531904
777,5952,864899,-684.2864683712659
777,5953,865082,-566.8815186870675
777,5954,865221,-589.4894811430459
777,5955,865370,-252.66443861729272
777,5956,865510,-909.9225404077258
777,5957,865658,-692.6900332424042
777,5958,865805,-288.22433249219046
777,5959,865950,-109.28994451377402
777,5960,866077,-152.72925569614594
777,5961,866218,-359.44613946605676
777,5962,866411,-422.7158159169759
777,5963,866518,-766.9872116732087
777,5964,866628,-744.673934279984
777,5965,866783,-98.09678513111204
777,5966,866941,-255.96965667112792
777,5967,867039,-597.3013817764054
777,5968,867112,-643.1844656264957
777,5969,867205,-639.1863709226037
777,5970,867346,-406.4040613884602
777,5971,867485,-534.6930358830896
777,5972,867597,-843.4564236215604
777,5973,867689,-764.3505741527068
777,5974,867822,-340.8251395435893
777,5975,867970,-841.258865267838
777,5976,868049,-597.2751361684143
777,5977,868229,-427.91085388345385
777,5978,868341,-922.0066644997192
777,5979,868517,-634.1761397847406
777,5980,868690,-737.7545658306865
777,5981,868799,-723.334070533593
777,5982,868892,-667.5376805482871
777,5983,869072,-544.254054377044
777,5984,869153,-605.603656309678
777,5985,869228,-260.18566614562917
777,5986,869384,-85.99573508242811
777,5987,869449,-531.6500384545518
777,5988,869570,-378.83627747508234
777,5989,869750,-398.84413473908614
777,5990,869929,-781.1469905682219
777,5991,870039,-810.4920991075041
777,5992,870192,-850.0433978306346
777,5993,870353,-350.30357488031973
777,5994,870460,-672.6619766416511
777,5995,870553,-728.9535630858452
777,5996,870669,-689.1059936429419
777,5997,870816,-697.253571461036
777,5998,870959,-632.145358467524
777,5999,871061,-640.7967260833137
777,6000,871203,-555.4439752103222
777,6001,871382,-824.7390314987005
777,6002,871537,-648.9639438136277
777,6003,871676,-189.84793006705885
777,6004,871778,-579.3800754905319
777,6005,871904,-184.98018646809925
777,6006,872043,-166.47283988838967
777,6007,872181,-655.9933166210074
777,6008,872285,-664.7526224917958
777,6009,872448,-153.5945620806313
777,6010,872576,-214.49509111400096
777,6011,872707,45.66386455708738
777,6012,872844,-449.1510840183748
777,6013,872960,-708.0485225965432
777,6014,873101,-550.2877427412077
777,6015,873201,-723.5173129441664
777,6016,873334,-542.6968622647964
777,6017,873413,-639.2114200361922
777,6018,873517,-794.7035669960711
777,6019,873669,-594.2685440337768
777,6020,873825,-886.6964632504502
777,6021,873896,-636.1065555016423
777,6022,873969,-613.0279843164234
777,6023,874120,-852.3783270076934
777,6024,874203,-685.711735931251
777,6025,874319,-926.4383996917948
777,6026,874440,-1082.4700676012203
777,6027,874611,-576.8272050530526
777,6028,874781,-313.6631179864133
777,6029,874901,-785.9110639974139
777,6030,875049,-893.2954604792709
777,6031,875215,-326.6146064373737
777,6032,875316,-812.2201659277013
777,6033,875493,-916.295471944212
777,6034,875589,-625.6885924567686
777,6035,875678,-692.2357171475171
777,6036,875811,-339.92131043675965
777,6037,875947,-596.3014087501697
777,6038,876097,-721.0510581726671
777,6039,876170,-485.4653523904424
777,6040,876305,-430.3497835977717
777,6041,876433,-1031.9350246267254
777,6042,876523,-625.8603219586113
777,6043,876626,-746.5047893364017
777,6044,876738,-810.449553914478
777,6045,876834,-845.7589647444329
777,6046,876933,-836.6337025207055
777,6047,877041,-792.1283822664556
777,6048,877183,-606.9955231699455
777,6049,877281,-685.4536639150614
777,6050,877421,-666.6892303449879
777,6051,877578,-174.40924571709712
777,6052,877709,-525.5230860249178
777,6053,877782,-624.0129566451541
777,6054,877883,-836.9611936110298
777,6055,877964,-617.8143965938106
777,6056,878068,-707.7443752641326
777,6057,878190,-287.9012741257606
777,6058,878298,-758.9143903046237
777,6059,878416,-766.4251971535954
777,6060,878521,-665.5526164731348
777,6061,878683,-198.40497422482312
777,6062,878779,-667.6089397553018
777,6063,878885,-742.6446753492761
777,6064,879007,-25.506403106229754
777,6065,879209,-520.0891600517384
777,6066,879323,-510.68066257970054
777,6067,879429,-663.7205573698905
777,6068,879560,-512.9310438999134
777,6069,879644,-589.9518313605968
777,6070,879751,-801.7224691667415
777,6071,879884,-350.66281833797154
777,6072,880036,-282.70320718632263
777,6073,880167,-235.6596716345657
777,6074,880249,-552.2358739906142
777,6075,880330,-662.6840671955116
777,6076,880499,-827.6496502805636
777,6077,880649,-689.3292181364019
777,6078,880833,-215.39568142826374
777,6079,880973,-503.0963838602024
777,6080,881091,-454.43870545899597
777,6081,881197,-749.9819665126636
777,6082,881382,-44.9982602272231
777,6083,881521,-643.8391316655287
777,6084,881614,-648.424851746275
777,6085,881761,-734.9296438172137
777,6086,881872,-757.2071368203062
777,6087,882007,-741.7037235368864
777,6088,882110,-685.804980749148
777,6089,882211,-34.95005300811643
777,6090,882314,-800.5572104724882
777,6091,882395,-535.5356395334437
777,6092,882499,-592.4154992953161
777,6093,882593,-486.63626538819295
777,6094,882724,-433.0079097164356
777,6095,882845,-623.1010632328037
777,6096,882940,-619.2797336934128
777,6097,883059,-286.77495533812555
777,6098,883194,-610.2336917778509
777,6099,883336,-470.61735274531526
777,6100,883445,-739.9867263153008
777,6101,883608,-304.0196659072445
777,6102,883743,-265.0437482090998
777,6103,883868,-222.9797028194684
777,6104,883968,-751.0398513667063
777,6105,884103,-370.7222295593729
777,6106,884205,-718.2043265311319
777,6107,884326,-428.7367299263919
777,6108,884464,-673.6760930309008
777,6109,884564,-655.1353368811314
777,6110,884731,-337.58357820647376
777,6111,884868,-147.4888154070425
777,6112,884992,-232.6783799941168
777,6113,885090,-626.2657217316857
777,6114,885220,-549.2544048349157
777,6115,885351,-586.0443561451567
777,6116,885518,-351.7396770898707
777,6117,885620,-648.0022095600527
777,6118,885741,3.993462718519339
777,6119,885832,-577.7786610085834
777,6120,885973,-270.09840604802685
777,6121,886106,-488.3288519246218
777,6122,886217,-695.344281283693
777,6123,886367,-332.8819906712691
777,6124,886508,-618.5905324049255
777,6125,886638,-695.8837472688994
777,6126,886737,-683.0776052565019
777,6127,886839,-777.1017824641117
777,6128,886942,-712.8064459529751
777,6129,887075,-310.6571381693583
777,6130,887202,-276.7906356991762
777,6131,887293,-678.9977661018412
777,6132,887454,-693.8559616566332
777,6133,887597,-578.9116318233066
777,6134,887722,-421.7906163165469
777,6135,887876,-395.5525931378415
777,6136,887989,-585.8934567396624
777,6137,888147,-472.1086908063052
777,6138,888297,16.288921066617846
777,6139,888391,-654.6115297781868
777,6140,888543,-880.9426106167621
777,6141,888648,-712.1232795506749
777,6142,888782,-595.2764219283217
777,6143,888882,-702.1652875522747
777,6144,889031,-94.17023271952492
777,6145,889167,11.808356786374688
777,6146,889275,-650.8748223705583
777,6147,889381,-758.6751244529819
777,6148,889487,-704.7937158001748
777,6149,889606,-784.7512664777462
777,6150,889701,-740.9114182721736
777,6151,889865,-328.64027395052034
777,6152,890014,-688.0726137439966
777,6153,890159,-798.5663650358108
777,6154,890273,-864.0878065309371
777,6155,890409,-640.9419277745832
777,6156,890512,-619.4907596926496
777,6157,890614,-605.7054792563517
777,6158,890721,-733.2454395322553
777,6159,890858,-378.6528213100628
777,6160,890963,-651.9497628567666
777,6161,891098,-406.99381469632897
777,6162,891211,-62.40102964876619
777,6163,891350,-593.4678881854006
777,6164,891481,-525.2827891337182
777,6165,891592,-107.07356411822174
777,6166,891721,-475.52415496844714
777,6167,891847,-264.1110907308424
777,6168,891964,-728.873740376058
777,6169,892090,46.54793317808944
777,6170,892196,-151.67701949468744
777,6171,892332,-431.26883224602483
777,6172,892438,-70.23803712674926
777,6173,892560,-150.2387581356192
777,6174,892717,-451.9824212224648
777,6175,892869,-637.8929216976985
777,6176,892967,-568.2521333948083
777,6177,893118,-318.35014178149106
777,6178,893256,-569.9314706465625
777,6179,893425,-258.742850806764
777,6180,893561,-800.9598448499823
777,6181,893709,-518.404843200349
777,6182,893856,-594.8201794202728
777,6183,893998,-428.55986812088975
777,6184,894146,-680.875494208777
777,6185,894287,-402.12081211445314
777,6186,894472,-319.13930204647056
777,6187,894605,-550.429773671715
777,6188,894758,-323.914690242471
777,6189,894959,-369.4410965376113
777,6190,895103,-726.7834285733752
777,6191,895272,-258.77909695891105
777,6192,895413,-408.8787813071509
777,6193,895558,-746.5083680447847
777,6194,895703,-256.5647685143231
777,6195,895845,-386.29832016092803
777,6196,895983,-233.70956248064897
777,6197,896113,-190.6085543151068
777,6198,896248,-323.0393633236355
777,6199,896393,-604.2568177521788
777,6200,896614,-315.58878782900285
777,6201,896770,-142.21010305041005
777,6202,896905,-477.40499844290446
777,6203,897086,-127.01470692726983
777,6204,897249,-54.93128167159887
777,6205,897377,-271.77186539703564
777,6206,897493,-46.35122176467193
777,6207,897640,-312.8592782643884
777,6208,897776,-440.1052575022031
777,6209,897915,-481.025784250405
777,6210,898046,13.1993243716324
777,6211,898184,-224.0384603486251
777,6212,898289,-700.8592957652771
777,6213,898401,-79.66150358794043
777,6214,898552,-622.4135674846829
777,6215,898738,-625.5104898153288
777,6216,898889,-310.85869462565194
777,6217,899018,-306.7284073763067
777,6218,899148,-236.89904939031817
777,6219,899295,-139.9277929144798
777,6220,899444,-585.1570796668987
777,6221,899580,-367.46806691613847
777,6222,899708,-433.9169308303356
777,6223,899853,-235.72731547821473
777,6224,899991,-272.80684791009446
777,6225,900129,-525.8433581746607
777,6226,900297,-365.5720892119724
777,6227,900440,-303.6973797087617
777,6228,900591,-672.8794699173652
777,6229,900756,-168.24307824312714
777,6230,900898,-289.5407161338167
777,6231,901033,-201.17476345178596
777,6232,901160,-245.41859407598304
777,6233,901305,-548.9935929008461
777,6234,901438,-473.4015073676977
777,6235,901584,-350.4798487552147
777,6236,901697,-53.40638175440227
777,6237,901816,-44.800265626860934
777,6238,901925,-185.4393955958178
777,6239,902069,-275.77776965463147
777,6240,902170,-159.94290965912322
777,6241,902328,-315.09253533371424
777,6242,902442,-59.04646741990718
777,6243,902619,-216.16622158641218
777,6244,902755,-235.4033278430938
777,6245,902942,-367.0453498607456
777,6246,903098,-478.25281050117763
777,6247,903232,-512.0768942603299
777,6248,903372,-345.07490800735025
777,6249,903504,-257.0258341535648
777,6250,903645,-598.8017556859938
777,6251,903761,-82.72519723923426
777,6252,903903,-747.8520693130554
777,6253,904036,-436.6442552702789
777,6254,904187,-113.18405644964187
777,6255,904304,-242.9921125844667
777,6256,904430,-288.7234098773065
777,6257,904577,-44.89968508260201
777,6258,904702,-212.62021521411734
777,6259,904839,-618.5709461079646
777,6260,904990,-258.85535785248805
777,6261,905122,-681.7400740011199
777,6262,905303,-293.3665397603529
777,6263,905416,-71.16015088805655
777,6264,905532,-603.4155778375032
777,6265,905637,-664.9795486733157
777,6266,905791,-657.7762120776293
777,6267,905930,-739.2203642702334
777,6268,906071,-293.97832502421204
777,6269,906208,-629.9597374405832
777,6270,906315,-769.4561293138712
777,6271,906458,-166.82221365989813
777,6272,906592,-629.9813576519238
777,6273,906738,-318.2598175931555
777,6274,906888,-24.906583145027184
777,6275,907028,-513.8905367404814
777,6276,907154,-786.3779609316789
777,6277,907264,-29.167382928464775
777,6278,907406,-299.229078629073
777,6279,907546,-38.922183463871235
777,6280,907647,-735.527729405027
777,6281,907742,-675.232088807279
777,6282,907849,-758.489477448996
777,6283,907977,-519.2981591046969
777,6284,908083,-770.9428131701043
777,6285,908220,-484.5007279564954
777,6286,908327,-797.2822531706655
777,6287,908430,10.76715284422923
777,6288,908534,-19.296342444842892
777,6289,908642,-798.3955268680725
777,6290,908742,-584.4264173982887
777,6291,908893,-731.4450681484656
777,6292,909013,-602.5304975683214
777,6293,909104,-555.910855471983
777,6294,909207,-721.839977401738
777,6295,909293,-657.6111147969715
777,6296,909404,-54.81590483873406
777,6297,909487,-546.1410514465833
777,6298,909575,-585.8173963919451
777,6299,909663,-637.1732631720142
777,6300,909751,-644.8792033920793
777,6301,909866,-740.6927387151635
777,6302,909984,-504.91791734686336
777,6303,910091,-764.4503153019308
777,6304,910220,-623.1038944268234
777,6305,910365,-562.083921317779
777,6306,910463,-511.0971651894071
777,6307,910545,-641.8192821193287
777,6308,910674,-726.9676957107947
777,6309,910786,-90.91780732750611
777,6310,910906,-581.228716607334
777,6311,910993,-681.5360639182059
777,6312,911097,-558.962659108576
777,6313,911188,-733.2421275892506
777,6314,911305,-983.2696890660477
777,6315,911402,-9.758143619052362
777,6316,911487,-747.1030072201056
777,6317,911611,-756.019600402981
777,6318,911731,-248.6460484943379
777,6319,911848,-196.49900406972478
777,6320,911954,-119.61948652118343
777,6321,912102,-319.09120079402885
777,6322,912227,-472.4327578926675
777,6323,912325,-688.9499903796806
777,6324,912457,-19.50524656293274
777,6325,912575,-184.19802683390884
777,6326,912698,-804.7226133891918
777,6327,912866,-69.39836895300483
777,6328,912961,-572.6110211557464
777,6329,913107,-73.75593804291573
777,6330,913204,-728.3868280676019
777,6331,913337,-604.5650713658534
777,6332,913456,-53.15439483424211
777,6333,913583,-375.86139484795484
777,6334,913681,-461.9947228003149
777,6335,913769,-573.700583353848
777,6336,913863,-795.1421287233878
777,6337,913994,-12.1291958420872
777,6338,914133,-631.1552049535466
777,6339,914243,-561.3279645769258
777,6340,914386,-803.6215967428365
777,6341,914543,-530.8707570370432
777,6342,914681,-529.5138077152196
777,6343,914798,-1012.5990065215481
777,6344,914943,-348.1338742136156
777,6345,915087,-569.8247706436996
777,6346,915209,-857.0085404848503
777,6347,915336,-588.8211417185614
777,6348,915484,-516.9766247736106
777,6349,915633,-817.1520418739975
777,6350,915764,-491.06194488228164
777,6351,915912,-1157.7428686117123
777,6352,916051,-530.8787646936535
777,6353,916221,-520.9049923882964
777,6354,916381,-1037.3843754248019
777,6355,916528,-606.4019559256806
777,6356,916619,-681.1004838284874
777,6357,916756,-603.186800840303
777,6358,916854,-635.3952472153469
777,6359,916964,-838.6686419100702
777,6360,917073,-592.5287732799369
777,6361,917180,-849.6640673228005
777,6362,917302,-186.35267172327852
777,6363,917442,-463.1199875477768
777,6364,917581,-649.084982750962
777,6365,917729,-385.16484245449726
777,6366,917852,-877.6813460116399
777,6367,917985,-381.2360415233716
777,6368,918141,-418.7362602692503
777,6369,918263,-85.74630613302537
777,6370,918434,-557.7858998154243
777,6371,918546,-978.883837511085
777,6372,918724,-786.7731709332566
777,6373,918868,-291.9946270918223
777,6374,919029,-264.5743372403107
777,6375,919181,-628.3655307752852
777,6376,919319,-807.9195641017963
777,6377,919476,-339.7255971980844
777,6378,919612,-428.6237454903482
777,6379,919754,-490.16153698688845
777,6380,919894,-561.695221717762
777,6381,919983,-707.3219795690527
777,6382,920110,-546.649063486434
777,6383,920246,-468.163150146504
777,6384,920365,-86.31525625454704
777,6385,920466,-774.7157771564753
777,6386,920606,-496.80122847740955
777,6387,920748,-46.677954504044806
777,6388,920883,-572.1959268633673
777,6389,920990,-78.20909266294818
777,6390,921132,-851.3405980988069
777,6391,921281,-642.7327788670667
777,6392,921409,-502.48525842602425
777,6393,921511,-724.9703013364774
777,6394,921621,-731.7100597962695
777,6395,921726,-28.394251215499224
777,6396,921815,-641.3468574661928
777,6397,921932,-80.48442199790045
777,6398,922094,-234.31428735795714
777,6399,922192,-502.4702664827755
777,6400,922290,-30.93655342106986
777,6401,922425,-612.2470849075507
777,6402,922526,-69.36700067194145
777,6403,922697,-204.64091473019437
777,6404,922828,-611.4639591204891
777,6405,922958,-538.6600524505195
777,6406,923093,-299.9490544322548
777,6407,923219,-314.5716713939996
777,6408,923349,-515.10582876341
777,6409,923519,-232.65573554593925
777,6410,923643,-779.2653269704978
777,6411,923766,-260.6678187261756
777,6412,923903,-733.4734703593641
777,6413,923993,-579.1822637834327
777,6414,924130,-302.890168039924
777,6415,924238,-824.0135008674225
777,6416,924371,-213.51184340982664
777,6417,924490,-468.1177940874709
777,6418,924584,-508.90358672459496
777,6419,924713,-493.36260363447843
777,6420,924838,-189.8992705077386
777,6421,924942,-39.82840133091895
777,6422,925077,-594.0950704630682
777,6423,925232,-337.90750510242464
777,6424,925335,-153.43590623370193
777,6425,925467,-590.6414083724602
777,6426,925608,-455.6822160185759
777,6427,925744,-289.2328834592663
777,6428,925855,-789.2439476718145
777,6429,925980,-461.96384928804366
777,6430,926109,-501.8792564120813
777,6431,926248,-478.7105346616034
777,6432,926347,-601.9051541353333
777,6433,926446,-689.3135037452784
777,6434,926573,-825.9014208381187
777,6435,926705,-458.9592605919911
777,6436,926801,-673.1541877035577
777,6437,926913,-731.9685560688283
777,6438,927098,-333.26057993685345
777,6439,927275,-130.32564307712482
777,6440,927419,-239.89048547200187
777,6441,927536,-510.9515522784054
777,6442,927670,-509.1962955527217
777,6443,927781,-61.18758895807884
777,6444,927885,-554.8630161237768
777,6445,928022,-541.658306721571
777,6446,928144,-303.65713413888
777,6447,928290,-868.9717820789259
777,6448,928388,-631.4649711131649
777,6449,928586,-578.8017326224467
777,6450,928685,-459.6978287082318
777,6451,928917,-535.9763529522309
777,6452,929074,-314.01710827703414
777,6453,929192,-768.6371237739239
777,6454,929311,-477.22892383267845
777,6455,929441,-738.3037026557483
777,6456,929544,-684.0217774703891
777,6457,929631,-625.8142207186169
777,6458,929761,-625.199377454017
777,6459,929901,-490.8848868591097
777,6460,930034,-645.9410443558079
777,6461,930134,-724.5430175539437
777,6462,930245,-924.319702447348
777,6463,930374,-513.8558134413552
777,6464,930478,-602.8279716157947
777,6465,930599,-620.6756841805598
777,6466,930736,-526.003881433745
777,6467,930851,35.95046337983584
777,6468,930978,-294.4718696447305
777,6469,931105,-574.9632716974761
777,6470,931223,-969.7520465329318
777,6471,931329,-98.98113189428543
777,6472,931462,-426.41248153766423
777,6473,931590,-522.2521460941571
777,6474,931724,-665.2409105570251
777,6475,931835,-65.74786955245455
777,6476,931965,-278.0838082589503
777,6477,932071,-807.2356616123919
777,6478,932177,-864.7692411390943
777,6479,932305,-642.7447812146906
777,6480,932409,-873.6513423967465
777,6481,932537,-319.77499293234047
777,6482,932668,-367.3284730660681
777,6483,932792,-101.3042963745182
777,6484,932925,-740.7909657940238
777,6485,933035,-176.2289384259436
777,6486,933153,-405.88287612288576
777,6487,933296,-386.39052353156706
777,6488,933427,-679.2223598405209
777,6489,933557,-446.7328857916584
777,6490,933696,-234.8274407023393
777,6491,933817,-395.5208346436248
777,6492,933924,-859.1971296503798
777,6493,934058,-634.0558306490796
777,6494,934197,-1099.101138119157
777,6495,934331,-512.1969955180193
777,6496,934439,-758.94720036731
777,6497,934567,-225.10962753972746
777,6498,934714,-238.36787517031644
777,6499,934842,-473.0827155243681
777,6500,934982,-495.16921419291646
777,6501,935134,-783.1525664844887
777,6502,935306,-410.45625063639034
777,6503,935400,-618.303456100192
777,6504,935540,-546.05564602447
777,6505,935650,-885.6298314638618
777,6506,935783,-633.2450293145216
777,6507,935921,-696.0838823495619
777,6508,936061,-697.663450203906
777,6509,936209,-817.9393311982711
777,6510,936342,-515.3085011731425
777,6511,936485,-712.0723680051229
777,6512,936624,-702.6302097565241
777,6513,936771,-428.7879728234088
777,6514,936929,-578.1935137327162
777,6515,937048,-678.9809309370743
777,6516,937193,-446.1129960752379
777,6517,937332,-617.710442502767
777,6518,937473,-571.4385981879489
777,6519,937615,-677.6783376783793
777,6520,937774,-1116.4811776973575
777,6521,937912,-34.99949602447175
777,6522,938026,-1021.7825459089124
777,6523,938176,-686.7110741935833
777,6524,938319,-550.8084601772766
777,6525,938457,-563.0544097412003
777,6526,938594,-669.9792560677255
777,6527,938738,-968.9594005956233
777,6528,938878,-479.8371141261455
777,6529,939007,-816.181985157606
777,6530,939173,-790.0805997204097
777,6531,939330,-739.1910115093951
777,6532,939474,-426.5288298618429
777,6533,939616,-581.011372944732
777,6534,939754,-287.3248595055219
777,6535,939890,-707.4714438793822
777,6536,940040,-723.4808680886284
777,6537,940137,-682.4896581831996
777,6538,940266,-636.0653828866439
777,6539,940404,-910.2915373293971
777,6540,940498,-658.0551155681687
777,6541,940665,-177.22335515324073
777,6542,940813,-1164.6267487584425
777,6543,940978,-397.79720450562945
777,6544,941112,-699.3753686724838
777,6545,941272,-902.807962282098
777,6546,941425,-334.0704494145881
777,6547,941602,-752.1333509883286
777,6548,941746,-640.3915352520173
777,6549,941906,-706.9863320057639
777,6550,942047,-1001.6583635300731
777,6551,942158,-727.0463752266494
777,6552,942295,-910.6132420246789
777,6553,942437,-523.7894684302876
777,6554,942577,-542.63700066252
777,6555,942711,-225.0020285350014
777,6556,942849,-15.89607204323741
777,6557,942981,-228.48545112758669
777,6558,943118,-448.0705664658321
777,6559,943253,-575.2324291384853
777,6560,943389,-527.1055366038076
777,6561,943531,-475.43438997935704
777,6562,943685,-275.57150699857874
777,6563,943824,-497.730605579698
777,6564,943960,-314.55151030724994
777,6565,944076,-437.2022622062774
777,6566,944237,-225.41148182702648
777,6567,944380,-730.5434999006371
777,6568,944520,-434.20980668619177
777,6569,944676,-731.8054971239661
777,6570,944810,-418.7409219306136
777,6571,944950,-333.38239727118554
777,6572,945079,-288.42977053744676
777,6573,945217,-630.7249677539593
777,6574,945342,-456.70615983401245
777,6575,945467,-336.46891348390955
777,6576,945647,-439.15999008046384
777,6577,945791,-529.3721954492449
777,6578,945903,-102.39112440436247
777,6579,946066,-156.1263118163743
777,6580,946173,-121.56145079409637
777,6581,946306,-269.7049941991968
777,6582,946455,-596.9495003605514
777,6583,946593,-505.3692009378582
777,6584,946750,-180.5428386385472
777,6585,946897,-649.0769348760858
777,6586,947017,-199.0514244878093
777,6587,947146,-602.7506950730667
777,6588,947275,-253.24671532926484
777,6589,947397,-217.82081369506642
777,6590,947534,-289.84848360212084
777,6591,947718,-380.71127362891406
777,6592,947861,-730.8852455027862
777,6593,947978,-177.35903539866962
777,6594,948101,-168.50493683655804
777,6595,948212,-56.54906379184752
777,6596,948392,-551.3049889027218
777,6597,948577,-583.5654917055306
777,6598,948710,-659.0501126405404
777,6599,948848,-370.7780830973712
777,6600,949009,-144.4800882486822
777,6601,949147,-600.4745268014233
777,6602,949255,-720.2811169416955
777,6603,949428,-77.4323303858515
777,6604,949579,-126.08067755993045
777,6605,949752,-841.4122396577436
777,6606,949862,-647.1798574241346
777,6607,949993,-627.9307391173253
777,6608,950119,-218.4181347045016
777,6609,950256,-602.2752518199095
777,6610,950384,-623.291194838912
777,6611,950521,-241.11561998872847
777,6612,950650,-248.7288841933493
777,6613,950771,-231.91278437845364
777,6614,950921,-155.23108835205733
777,6615,951063,-386.4935974235844
777,6616,951191,-826.5295401070051
777,6617,951330,-476.66231085936045
777,6618,951426,-577.0876571932937
777,6619,951550,-472.20335300903685
777,6620,951718,-309.5897499543388
777,6621,951844,-575.3211129318731
777,6622,951997,-360.77072112893126
777,6623,952135,-789.2133626881225
777,6624,952279,-541.3296805168311
777,6625,952440,-134.82818762179193
777,6626,952588,-335.6833978866755
777,6627,952730,-1198.5547068425785
777,6628,952864,-718.3579945953003
777,6629,953006,-903.9387402375937
777,6630,953163,-663.4295000565913
777,6631,953321,-134.01589902508607
777,6632,953478,-226.23014631887037
777,6633,953612,-516.0518222561211
777,6634,953715,-744.0493165690394
777,6635,953827,-577.6343024113504
777,6636,953961,-537.9030047648782
777,6637,954081,-232.16000823803773
777,6638,954217,-621.9992264300637
777,6639,954334,-111.73463189048513
777,6640,954477,-528.772959651199
777,6641,954613,-448.8713751698232
777,6642,954752,-771.98793083606
777,6643,954899,-598.9961287534521
777,6644,955063,-412.71485680054195
777,6645,955172,-791.7345785944689
777,6646,955310,-492.14667310067864
777,6647,955437,-492.9847046661471
777,6648,955577,-435.5440255120626
777,6649,955708,-704.0915012025812
777,6650,955831,-335.9702023005329
777,6651,955962,-799.9837653091882
777,6652,956099,-848.7881387858805
777,6653,956237,-409.4004701105335
777,6654,956333,-706.822728368862
777,6655,956463,-693.5812428382419
777,6656,956630,-430.02639609627926
777,6657,956747,-43.94048772513382
777,6658,956881,-505.87042819051646
777,6659,957022,-801.6514727137287
777,6660,957147,-367.1368869766462
777,6661,957276,-461.37374325414703
777,6662,957419,-888.0197967927795
777,6663,957547,-676.5403701649612
777,6664,957675,-570.2867273325594
777,6665,957803,-513.1134384943891
777,6666,957916,-19.619687164229518
777,6667,958042,-303.77241313944126
777,6668,958174,-539.5874113615237
777,6669,958304,-616.7430905527041
777,6670,958468,-552.5603700943061
777,6671,958591,-332.57599967317105
777,6672,958715,-379.0372866348275
777,6673,958850,-577.596337053996
777,6674,958960,-80.0687573071034
777,6675,959092,-344.4227007699284
777,6676,959220,-491.76116977797653
777,6677,959354,-506.85593627372396
777,6678,959476,-195.87415498541617
777,6679,959632,-342.28175615352455
777,6680,959773,-507.5150488058907
777,6681,959906,-583.8126004938215
777,6682,960020,-71.29480691760426
777,6683,960151,-356.82040529845375
777,6684,960329,-581.2193500048936
777,6685,960424,-183.19030388871298
777,6686,960562,-536.8510616669455
777,6687,960687,-229.41969331100555
777,6688,960821,-587.7169691870959
777,6689,960951,37.52887974953771
777,6690,961098,-341.11221941753973
777,6691,961200,-27.168130660976658
777,6692,961327,-26.561347666733894
777,6693,961453,-125.67969832237193
777,6694,961614,-49.22840128170464
777,6695,961732,-179.18157209451942
777,6696,961868,-210.59381386594055
777,6697,962053,-375.84255892101885
777,6698,962200,-633.2980407109042
777,6699,962338,-409.1139048171229
777,6700,962490,-87.52492904580804
777,6701,962639,-638.1113675520893
777,6702,962768,-271.00393692258496
777,6703,962908,-261.34860879094026
777,6704,963038,-82.58792895804777
777,6705,963141,-93.37125250059732
777,6706,963316,-315.6737291146411
777,6707,963447,-192.1070520358696
777,6708,963576,-110.90730526037392
777,6709,963729,-282.0640263608939
777,6710,963859,-248.73116537882288
777,6711,963947,-98.45257087137425
777,6712,964061,-6.309530094892963
777,6713,964175,-551.8996815640144
777,6714,964317,-767.3597640303236
777,6715,964441,-310.53603989013834
777,6716,964575,-527.4516953093944
777,6717,964697,-399.431876583998
777,6718,964800,-571.4470841775933
777,6719,964925,-418.41606034144314
777,6720,965043,-191.02076079877543
777,6721,965171,-167.5823668787639
777,6722,965300,-671.2340220544404
777,6723,965438,-420.78782246740695
777,6724,965596,-135.04022459852973
777,6725,965719,-436.4059783012936
777,6726,965855,-476.52492117513214
777,6727,965994,-543.7518432646232
777,6728,966117,-297.262982546746
777,6729,966257,-642.071021383745
777,6730,966393,-600.3796377122711
777,6731,966527,-444.9739317572049
777,6732,966649,-164.24377267646628
777,6733,966777,-687.914024394108
777,6734,966914,-622.4737121220294
777,6735,967054,-595.4012081679234
777,6736,967155,-593.4971073649301
777,6737,967289,-607.9343774617034
777,6738,967424,-580.4090449853034
777,6739,967569,-221.38533017032637
777,6740,967693,-733.3189329013699
777,6741,967827,-373.04923443926333
777,6742,967986,-635.7491937411233
777,6743,968106,-749.6055101722335
777,6744,968243,-820.3177506840807
777,6745,968375,-451.84740927555873
777,6746,968506,-776.3867849699207
777,6747,968627,-141.6495926081521
777,6748,968773,-499.1556119056981
777,6749,968899,-393.58475858940704
777,6750,969073,-509.17950083305885
777,6751,969202,-298.84263965720095
777,6752,969351,-260.30333025701896
777,6753,969467,-152.80276443238336
777,6754,969618,-351.5028193953093
777,6755,969734,-698.3337371399415
777,6756,969859,-547.8482078123241
777,6757,970020,-421.8347925466369
777,6758,970167,-163.0381917707695
777,6759,970286,-415.81489068990385
777,6760,970395,-24.36080654924001
777,6761,970501,-74.94980624958545
777,6762,970643,-555.07048949695
777,6763,970804,-93.29056383667955
777,6764,970943,-512.904358504775
777,6765,971064,-657.3139432522883
777,6766,971182,-462.37207070589267
777,6767,971307,-658.5266181041604
777,6768,971441,-420.60390343113863
777,6769,971586,-619.8144084159431
777,6770,971717,-508.8355992507785
777,6771,971821,-83.75127443968486
777,6772,971948,-603.5895682911968
777,6773,972077,-419.5234674682586
777,6774,972216,-828.8275085064694
777,6775,972349,-392.65837922951545
777,6776,972465,-545.8993108092329
777,6777,972588,-346.9487051426224
777,6778,972720,-70.15588176578945
777,6779,972858,-220.75995461926493
777,6780,972993,-522.8658247164485
777,6781,973120,-562.9018979048794
777,6782,973247,-594.0277854132355
777,6783,973383,-324.89116411416626
777,6784,973525,-525.9142465077273
777,6785,973651,-601.6567064046051
777,6786,973783,-498.4020963944192
777,6787,973965,-519.1013731799757
777,6788,974102,-592.8066520056726
777,6789,974227,-358.64262897277047
777,6790,974347,-604.9251225201426
777,6791,974496,-277.16170491615696
777,6792,974633,-726.885237273168
777,6793,974778,-148.47732627079768
777,6794,974920,-587.286740661247
777,6795,975044,-766.531918509556
777,6796,975194,-384.54903706052346
777,6797,975349,-154.8576222069998
777,6798,975504,-778.2357486135071
777,6799,975645,-536.321205450821
777,6800,975778,-540.5363407451757
777,6801,975929,-241.69480851256233
777,6802,976066,-477.4685183783139
777,6803,976215,-431.2465827222672
777,6804,976334,-226.12645302812106
777,6805,976460,-299.7983494592363
777,6806,976616,-734.8147990511749
777,6807,976715,-735.1338771598669
777,6808,976858,-445.9220203806165
777,6809,976978,-276.61260099107426
777,6810,977118,-784.0613359337904
777,6811,977245,-597.7526386959358
777,6812,977387,-538.3569703057983
777,6813,977541,-188.20275074538662
777,6814,977697,-497.4483301996887
777,6815,977837,-537.4190850829993
777,6816,977959,-584.0340015077743
777,6817,978087,-569.2554030692049
777,6818,978217,-502.1153488470952
777,6819,978403,-534.1870013333248
777,6820,978542,-481.91938351705664
777,6821,978668,-600.0696694437534
777,6822,978810,-454.54456554977367
777,6823,978987,-502.52866171917793
777,6824,979135,-549.5915112500652
777,6825,979265,-579.8795896602335
777,6826,979365,-630.3644557886303
777,6827,979491,-623.8783478806424
777,6828,979625,-718.6170647747879
777,6829,979750,-163.12476024883873
777,6830,979852,-740.4910602038972
777,6831,979987,-530.9197990885184
777,6832,980140,-437.4503241890749
777,6833,980273,-260.4363659761043
777,6834,980410,-478.2122866652992
777,6835,980548,-728.3754303975161
777,6836,980678,-635.831946290085
777,6837,980824,-975.8828262808233
777,6838,980951,-750.6941588429264
777,6839,981084,-616.2230703963298
777,6840,981243,-678.3429007514549
777,6841,981376,-475.3940685995892
777,6842,981519,-555.290550092519
777,6843,981652,-647.8602513191836
777,6844,981783,-738.3436377792348
777,6845,981905,-760.7496230194649
777,6846,982028,-517.8687470253697
777,6847,982176,-291.86823089335167
777,6848,982315,-302.64473628471114
777,6849,982454,-763.6645131414432
777,6850,982588,-465.6904007113163
777,6851,982722,-698.0497414988649
777,6852,982848,-717.66021763052
777,6853,982954,-776.3274871519147
777,6854,983100,-758.3567790439998
777,6855,983241,-786.7659304693022
777,6856,983379,-575.4840133884163
777,6857,983524,-619.539912292552
777,6858,983694,-558.9214040500423
777,6859,983843,-279.62213501061996
777,6860,983981,-822.0587228570101
777,6861,984168,-456.0275280176706
777,6862,984303,-798.7970347293052
777,6863,984557,-547.4380850291031
777,6864,984690,-868.404203272807
777,6865,984793,-679.972254954871
777,6866,984924,-1028.3716329039557
777,6867,985066,-855.9388242933708
777,6868,985208,-728.2027719147985
777,6869,985344,-975.6281161600597
777,6870,985477,-802.521880008081
777,6871,985626,-1124.0733512885492
777,6872,985753,-820.6664714061368
777,6873,985890,-458.7234134097951
777,6874,986096,-611.2000209173395
777,6875,986237,-762.263724536957
777,6876,986394,-339.6325371972804
777,6877,986500,-819.0094269964118
777,6878,986648,-468.3023549145574
777,6879,986751,-802.922203770074
777,6880,986911,-747.3600185065809
777,6881,987059,-691.0652465141302
777,6882,987200,-615.5261141954584
777,6883,987372,-849.1580915364186
777,6884,987498,-803.8240404424957
777,6885,987644,-682.604942989556
777,6886,987751,-797.8196659306128
777,6887,987906,-805.7617060720341
777,6888,988052,-787.8950852585298
777,6889,988206,-846.419264310268
777,6890,988332,-788.9825609142418
777,6891,988516,-707.7052603765876
777,6892,988701,-412.3169593676915
777,6893,988879,-673.808687724678
777,6894,989033,-561.6642637568373
777,6895,989132,-874.9608132773456
777,6896,989292,-220.47599214373184
777,6897,989440,-733.3465631963978
777,6898,989580,-1021.5408918240446
777,6899,989723,-1076.5674662148838
777,6900,989873,-871.1219733109139
777,6901,989980,-810.8411168165459
777,6902,990134,-729.4583578910224
777,6903,990292,-293.8888012752904
777,6904,990450,-657.5890414888963
777,6905,990583,-841.638285136216
777,6906,990730,-941.8968146238661
777,6907,990878,-707.4775607358098
777,6908,991030,-503.03423088803424
777,6909,991171,-517.1157219898187
777,6910,991306,-806.5336615607146
777,6911,991444,-772.4586200896052
777,6912,991581,-497.4594478620239
777,6913,991679,-708.980205801891
777,6914,991772,-573.440269659176
777,6915,991917,-774.6753064217273
777,6916,992016,-657.0360266828561
777,6917,992157,-829.0936415420658
777,6918,992291,-628.0522283238291
777,6919,992449,-658.9011734499126
777,6920,992604,-626.349719750049
777,6921,992734,-804.3883129770113
777,6922,992864,-787.9594326003737
777,6923,992995,-430.6465573124845
777,6924,993140,-600.9644278227819
777,6925,993236,-694.7714448624392
777,6926,993382,-562.1319441440935
777,6927,993525,-478.83980344981626
777,6928,993654,-883.2138882063339
777,6929,993780,-585.9066176369944
777,6930,993939,-896.3502071082698
777,6931,994072,-580.6806438667438
777,6932,994215,-629.2153355088749
777,6933,994408,-657.5189062752358
777,6934,994621,-552.1933951310664
777,6935,994723,-652.3561254012451
777,6936,994837,-829.5969241552779
777,6937,994992,-688.6704196380928
777,6938,995121,-730.7440789121441
777,6939,995255,-846.4064086503091
777,6940,995371,-684.2112282170145
777,6941,995475,-756.7181896542527
777,6942,995635,-333.380701215877
777,6943,995763,-565.270880795904
777,6944,995877,-780.3361544292698
777,6945,996028,-495.62365320073957
777,6946,996163,-657.4577430481406
777,6947,996264,-794.0804998897097
777,6948,996408,-427.66490984018844
777,6949,996553,-438.89726037567345
777,6950,996677,-203.5149032364635
777,6951,996789,-798.1659200684119
777,6952,996936,-763.1912246813181
777,6953,997066,-672.686983602805
777,6954,997204,-528.5663544173988
777,6955,997357,-892.4886369096756
777,6956,997495,-491.01518385683175
777,6957,997621,-553.6594214393932
777,6958,997750,-588.4614962480184
777,6959,997882,-700.6225319219644
777,6960,998024,-533.0428657194166
777,6961,998158,-381.7911784914416
777,6962,998318,-526.0545938370283
777,6963,998454,-464.9855399522228
777,6964,998588,-761.9296047408254
777,6965,998753,-490.5052563078749
777,6966,998904,-560.34432286577
777,6967,999042,-846.0406012768052
777,6968,999182,-521.2219422606693
777,6969,999319,-813.0555777040404
777,6970,999453,-497.3459781692915
777,6971,999574,-781.9458266753164
777,6972,999721,-699.3328265468351
777,6973,999860,-521.1220188192597
777,6974,1000009,-735.8080522989691
