seed,episode,total_steps,return
777,1,29,29.0
777,2,62,33.0
777,3,82,20.0
777,4,113,31.0
777,5,186,73.0
777,6,213,27.0
777,7,231,18.0
777,8,243,12.0
777,9,285,42.0
777,10,321,36.0
777,11,331,10.0
777,12,375,44.0
777,13,400,25.0
777,14,415,15.0
777,15,435,20.0
777,16,461,26.0
777,17,480,19.0
777,18,515,35.0
777,19,537,22.0
777,20,547,10.0
777,21,565,18.0
777,22,582,17.0
777,23,604,22.0
777,24,632,28.0
777,25,645,13.0
777,26,676,31.0
777,27,696,20.0
777,28,721,25.0
777,29,739,18.0
777,30,753,14.0
777,31,771,18.0
777,32,794,23.0
777,33,835,41.0
777,34,853,18.0
777,35,869,16.0
777,36,905,36.0
777,37,932,27.0
777,38,950,18.0
777,39,967,17.0
777,40,987,20.0
777,41,1000,13.0
777,42,1029,29.0
777,43,1048,19.0
777,44,1064,16.0
777,45,1080,16.0
777,46,1090,10.0
777,47,1103,13.0
777,48,1114,11.0
777,49,1133,19.0
777,50,1144,11.0
777,51,1182,38.0
777,52,1195,13.0
777,53,1213,18.0
777,54,1241,28.0
777,55,1259,18.0
777,56,1279,20.0
777,57,1295,16.0
777,58,1324,29.0
777,59,1349,25.0
777,60,1360,11.0
777,61,1427,67.0
777,62,1453,26.0
777,63,1468,15.0
777,64,1485,17.0
777,65,1499,14.0
777,66,1548,49.0
777,67,1567,19.0
777,68,1581,14.0
777,69,1631,50.0
777,70,1642,11.0
777,71,1681,39.0
777,72,1706,25.0
777,73,1720,14.0
777,74,1754,34.0
777,75,1767,13.0
777,76,1781,14.0
777,77,1800,19.0
777,78,1825,25.0
777,79,1835,10.0
777,80,1867,32.0
777,81,1879,12.0
777,82,1893,14.0
777,83,1917,24.0
777,84,1942,25.0
777,85,1963,21.0
777,86,1999,36.0
777,87,2015,16.0
777,88,2025,10.0
777,89,2038,13.0
777,90,2050,12.0
777,91,2085,35.0
777,92,2103,18.0
777,93,2112,9.0
777,94,2135,23.0
777,95,2158,23.0
777,96,2233,75.0
777,97,2245,12.0
777,98,2280,35.0
777,99,2291,11.0
777,100,2306,15.0
777,101,2316,10.0
777,102,2344,28.0
777,103,2368,24.0
777,104,2414,46.0
777,105,2440,26.0
777,106,2454,14.0
777,107,2521,67.0
777,108,2569,48.0
777,109,2590,21.0
777,110,2621,31.0
777,111,2654,33.0
777,112,2667,13.0
777,113,2716,49.0
777,114,2735,19.0
777,115,2754,19.0
777,116,2791,37.0
777,117,2808,17.0
777,118,2835,27.0
777,119,2859,24.0
777,120,2880,21.0
777,121,2914,34.0
777,122,2923,9.0
777,123,2935,12.0
777,124,2969,34.0
777,125,2982,13.0
777,126,3021,39.0
777,127,3058,37.0
777,128,3075,17.0
777,129,3100,25.0
777,130,3124,24.0
777,131,3139,15.0
777,132,3155,16.0
777,133,3188,33.0
777,134,3211,23.0
777,135,3224,13.0
777,136,3245,21.0
777,137,3257,12.0
777,138,3283,26.0
777,139,3294,11.0
777,140,3312,18.0
777,141,3325,13.0
777,142,3373,48.0
777,143,3391,18.0
777,144,3454,63.0
777,145,3471,17.0
777,146,3488,17.0
777,147,3542,54.0
777,148,3600,58.0
777,149,3613,13.0
777,150,3625,12.0
777,151,3646,21.0
777,152,3667,21.0
777,153,3677,10.0
777,154,3693,16.0
777,155,3713,20.0
777,156,3728,15.0
777,157,3748,20.0
777,158,3763,15.0
777,159,3841,78.0
777,160,3904,63.0
777,161,3947,43.0
777,162,3979,32.0
777,163,3993,14.0
777,164,4016,23.0
777,165,4037,21.0
777,166,4059,22.0
777,167,4074,15.0
777,168,4103,29.0
777,169,4118,15.0
777,170,4137,19.0
777,171,4150,13.0
777,172,4168,18.0
777,173,4210,42.0
777,174,4238,28.0
777,175,4257,19.0
777,176,4276,19.0
777,177,4287,11.0
777,178,4305,18.0
777,179,4329,24.0
777,180,4349,20.0
777,181,4365,16.0
777,182,4388,23.0
777,183,4407,19.0
777,184,4432,25.0
777,185,4443,11.0
777,186,4456,13.0
777,187,4473,17.0
777,188,4487,14.0
777,189,4497,10.0
777,190,4520,23.0
777,191,4566,46.0
777,192,4588,22.0
777,193,4604,16.0
777,194,4626,22.0
777,195,4672,46.0
777,196,4689,17.0
777,197,4739,50.0
777,198,4764,25.0
777,199,4780,16.0
777,200,4796,16.0
777,201,4815,19.0
777,202,4829,14.0
777,203,4851,22.0
777,204,4861,10.0
777,205,4902,41.0
777,206,4921,19.0
777,207,4931,10.0
777,208,4949,18.0
777,209,4965,16.0
777,210,4991,26.0
777,211,5010,19.0
777,212,5036,26.0
777,213,5048,12.0
777,214,5062,14.0
777,215,5073,11.0
777,216,5089,16.0
777,217,5111,22.0
777,218,5123,12.0
777,219,5136,13.0
777,220,5150,14.0
777,221,5160,10.0
777,222,5201,41.0
777,223,5220,19.0
777,224,5234,14.0
777,225,5251,17.0
777,226,5266,15.0
777,227,5281,15.0
777,228,5294,13.0
777,229,5311,17.0
777,230,5330,19.0
777,231,5341,11.0
777,232,5353,12.0
777,233,5367,14.0
777,234,5375,8.0
777,235,5389,14.0
777,236,5403,14.0
777,237,5416,13.0
777,238,5443,27.0
777,239,5459,16.0
777,240,5476,17.0
777,241,5486,10.0
777,242,5502,16.0
777,243,5518,16.0
777,244,5544,26.0
777,245,5581,37.0
777,246,5608,27.0
777,247,5640,32.0
777,248,5684,44.0
777,249,5715,31.0
777,250,5745,30.0
777,251,5761,16.0
777,252,5781,20.0
777,253,5807,26.0
777,254,5820,13.0
777,255,5870,50.0
777,256,5888,18.0
777,257,5901,13.0
777,258,5937,36.0
777,259,5971,34.0
777,260,5995,24.0
777,261,6015,20.0
777,262,6029,14.0
777,263,6039,10.0
777,264,6060,21.0
777,265,6080,20.0
777,266,6124,44.0
777,267,6152,28.0
777,268,6172,20.0
777,269,6200,28.0
777,270,6217,17.0
777,271,6240,23.0
777,272,6257,17.0
777,273,6276,19.0
777,274,6298,22.0
777,275,6316,18.0
777,276,6333,17.0
777,277,6347,14.0
777,278,6360,13.0
777,279,6373,13.0
777,280,6388,15.0
777,281,6410,22.0
777,282,6425,15.0
777,283,6437,12.0
777,284,6465,28.0
777,285,6491,26.0
777,286,6505,14.0
777,287,6528,23.0
777,288,6545,17.0
777,289,6581,36.0
777,290,6593,12.0
777,291,6610,17.0
777,292,6633,23.0
777,293,6685,52.0
777,294,6737,52.0
777,295,6753,16.0
777,296,6767,14.0
777,297,6826,59.0
777,298,6841,15.0
777,299,6859,18.0
777,300,6884,25.0
777,301,6901,17.0
777,302,6944,43.0
777,303,6954,10.0
777,304,6984,30.0
777,305,7115,131.0
777,306,7162,47.0
777,307,7173,11.0
777,308,7191,18.0
777,309,7202,11.0
777,310,7241,39.0
777,311,7259,18.0
777,312,7284,25.0
777,313,7333,49.0
777,314,7350,17.0
777,315,7366,16.0
777,316,7382,16.0
777,317,7405,23.0
777,318,7416,11.0
777,319,7437,21.0
777,320,7452,15.0
777,321,7465,13.0
777,322,7477,12.0
777,323,7491,14.0
777,324,7521,30.0
777,325,7540,19.0
777,326,7560,20.0
777,327,7593,33.0
777,328,7609,16.0
777,329,7648,39.0
777,330,7672,24.0
777,331,7681,9.0
777,332,7723,42.0
777,333,7733,10.0
777,334,7747,14.0
777,335,7760,13.0
777,336,7780,20.0
777,337,7794,14.0
777,338,7818,24.0
777,339,7828,10.0
777,340,7841,13.0
777,341,7863,22.0
777,342,7881,18.0
777,343,7892,11.0
777,344,7906,14.0
777,345,7921,15.0
777,346,7949,28.0
777,347,7979,30.0
777,348,7995,16.0
777,349,8010,15.0
777,350,8027,17.0
777,351,8048,21.0
777,352,8070,22.0
777,353,8082,12.0
777,354,8112,30.0
777,355,8138,26.0
777,356,8152,14.0
777,357,8165,13.0
777,358,8177,12.0
777,359,8197,20.0
777,360,8218,21.0
777,361,8234,16.0
777,362,8248,14.0
777,363,8279,31.0
777,364,8292,13.0
777,365,8309,17.0
777,366,8342,33.0
777,367,8354,12.0
777,368,8367,13.0
777,369,8385,18.0
777,370,8410,25.0
777,371,8424,14.0
777,372,8445,21.0
777,373,8473,28.0
777,374,8489,16.0
777,375,8503,14.0
777,376,8533,30.0
777,377,8558,25.0
777,378,8591,33.0
777,379,8622,31.0
777,380,8664,42.0
777,381,8684,20.0
777,382,8704,20.0
777,383,8765,61.0
777,384,8776,11.0
777,385,8797,21.0
777,386,8814,17.0
777,387,8836,22.0
777,388,8852,16.0
777,389,8877,25.0
777,390,8911,34.0
777,391,8926,15.0
777,392,8941,15.0
777,393,8981,40.0
777,394,8998,17.0
777,395,9024,26.0
777,396,9051,27.0
777,397,9064,13.0
777,398,9096,32.0
777,399,9117,21.0
777,400,9170,53.0
777,401,9183,13.0
777,402,9194,11.0
777,403,9206,12.0
777,404,9219,13.0
777,405,9239,20.0
777,406,9261,22.0
777,407,9275,14.0
777,408,9299,24.0
777,409,9320,21.0
777,410,9352,32.0
777,411,9392,40.0
777,412,9438,46.0
777,413,9449,11.0
777,414,9473,24.0
777,415,9495,22.0
777,416,9508,13.0
777,417,9521,13.0
777,418,9542,21.0
777,419,9554,12.0
777,420,9628,74.0
777,421,9681,53.0
777,422,9693,12.0
777,423,9710,17.0
777,424,9737,27.0
777,425,9754,17.0
777,426,9780,26.0
777,427,9794,14.0
777,428,9815,21.0
777,429,9837,22.0
777,430,9848,11.0
777,431,9867,19.0
777,432,9903,36.0
777,433,9919,16.0
777,434,9939,20.0
777,435,9951,12.0
777,436,9972,21.0
777,437,9988,16.0
777,438,10002,14.0
777,439,10027,25.0
777,440,10065,38.0
777,441,10088,23.0
777,442,10115,27.0
777,443,10136,21.0
777,444,10152,16.0
777,445,10169,17.0
777,446,10184,15.0
777,447,10202,18.0
777,448,10214,12.0
777,449,10230,16.0
777,450,10243,13.0
777,451,10277,34.0
777,452,10289,12.0
777,453,10311,22.0
777,454,10326,15.0
777,455,10363,37.0
777,456,10378,15.0
777,457,10396,18.0
777,458,10428,32.0
777,459,10446,18.0
777,460,10455,9.0
777,461,10475,20.0
777,462,10503,28.0
777,463,10522,19.0
777,464,10536,14.0
777,465,10563,27.0
777,466,10575,12.0
777,467,10598,23.0
777,468,10642,44.0
777,469,10653,11.0
777,470,10671,18.0
777,471,10712,41.0
777,472,10745,33.0
777,473,10782,37.0
777,474,10790,8.0
777,475,10806,16.0
777,476,10825,19.0
777,477,10838,13.0
777,478,10851,13.0
777,479,10867,16.0
777,480,10889,22.0
777,481,10928,39.0
777,482,10946,18.0
777,483,10956,10.0
777,484,10980,24.0
777,485,10992,12.0
777,486,11007,15.0
777,487,11019,12.0
777,488,11064,45.0
777,489,11077,13.0
777,490,11119,42.0
777,491,11135,16.0
777,492,11174,39.0
777,493,11190,16.0
777,494,11212,22.0
777,495,11254,42.0
777,496,11278,24.0
777,497,11312,34.0
777,498,11327,15.0
777,499,11340,13.0
777,500,11352,12.0
777,501,11369,17.0
777,502,11388,19.0
777,503,11404,16.0
777,504,11430,26.0
777,505,11454,24.0
777,506,11505,51.0
777,507,11513,8.0
777,508,11524,11.0
777,509,11557,33.0
777,510,11595,38.0
777,511,11617,22.0
777,512,11634,17.0
777,513,11655,21.0
777,514,11681,26.0
777,515,11708,27.0
777,516,11722,14.0
777,517,11731,9.0
777,518,11747,16.0
777,519,11766,19.0
777,520,11799,33.0
777,521,11816,17.0
777,522,11844,28.0
777,523,11860,16.0
777,524,11874,14.0
777,525,11883,9.0
777,526,11902,19.0
777,527,11947,45.0
777,528,11974,27.0
777,529,12001,27.0
777,530,12013,12.0
777,531,12051,38.0
777,532,12068,17.0
777,533,12091,23.0
777,534,12114,23.0
777,535,12135,21.0
777,536,12149,14.0
777,537,12167,18.0
777,538,12190,23.0
777,539,12202,12.0
777,540,12252,50.0
777,541,12284,32.0
777,542,12313,29.0
777,543,12331,18.0
777,544,12344,13.0
777,545,12360,16.0
777,546,12374,14.0
777,547,12386,12.0
777,548,12430,44.0
777,549,12447,17.0
777,550,12465,18.0
777,551,12498,33.0
777,552,12511,13.0
777,553,12530,19.0
777,554,12579,49.0
777,555,12594,15.0
777,556,12608,14.0
777,557,12618,10.0
777,558,12633,15.0
777,559,12674,41.0
777,560,12697,23.0
777,561,12733,36.0
777,562,12783,50.0
777,563,12807,24.0
777,564,12821,14.0
777,565,12859,38.0
777,566,12876,17.0
777,567,12933,57.0
777,568,12953,20.0
777,569,12965,12.0
777,570,12979,14.0
777,571,13003,24.0
777,572,13015,12.0
777,573,13028,13.0
777,574,13036,8.0
777,575,13052,16.0
777,576,13067,15.0
777,577,13116,49.0
777,578,13127,11.0
777,579,13137,10.0
777,580,13148,11.0
777,581,13162,14.0
777,582,13177,15.0
777,583,13190,13.0
777,584,13207,17.0
777,585,13238,31.0
777,586,13273,35.0
777,587,13308,35.0
777,588,13329,21.0
777,589,13341,12.0
777,590,13380,39.0
777,591,13397,17.0
777,592,13415,18.0
777,593,13431,16.0
777,594,13447,16.0
777,595,13460,13.0
777,596,13475,15.0
777,597,13491,16.0
777,598,13507,16.0
777,599,13517,10.0
777,600,13569,52.0
777,601,13614,45.0
777,602,13630,16.0
777,603,13645,15.0
777,604,13663,18.0
777,605,13679,16.0
777,606,13704,25.0
777,607,13727,23.0
777,608,13745,18.0
777,609,13770,25.0
777,610,13799,29.0
777,611,13811,12.0
777,612,13826,15.0
777,613,13836,10.0
777,614,13848,12.0
777,615,13860,12.0
777,616,13875,15.0
777,617,13894,19.0
777,618,13911,17.0
777,619,13925,14.0
777,620,13944,19.0
777,621,13960,16.0
777,622,13992,32.0
777,623,14015,23.0
777,624,14035,20.0
777,625,14048,13.0
777,626,14078,30.0
777,627,14100,22.0
777,628,14111,11.0
777,629,14124,13.0
777,630,14142,18.0
777,631,14163,21.0
777,632,14192,29.0
777,633,14228,36.0
777,634,14242,14.0
777,635,14257,15.0
777,636,14317,60.0
777,637,14354,37.0
777,638,14372,18.0
777,639,14392,20.0
777,640,14416,24.0
777,641,14434,18.0
777,642,14448,14.0
777,643,14462,14.0
777,644,14473,11.0
777,645,14490,17.0
777,646,14500,10.0
777,647,14518,18.0
777,648,14530,12.0
777,649,14567,37.0
777,650,14582,15.0
777,651,14593,11.0
777,652,14610,17.0
777,653,14635,25.0
777,654,14649,14.0
777,655,14658,9.0
777,656,14676,18.0
777,657,14695,19.0
777,658,14715,20.0
777,659,14736,21.0
777,660,14748,12.0
777,661,14759,11.0
777,662,14772,13.0
777,663,14793,21.0
777,664,14810,17.0
777,665,14825,15.0
777,666,14837,12.0
777,667,14872,35.0
777,668,14908,36.0
777,669,14953,45.0
777,670,14970,17.0
777,671,15003,33.0
777,672,15022,19.0
777,673,15065,43.0
777,674,15085,20.0
777,675,15098,13.0
777,676,15113,15.0
777,677,15134,21.0
777,678,15153,19.0
777,679,15167,14.0
777,680,15177,10.0
777,681,15201,24.0
777,682,15214,13.0
777,683,15238,24.0
777,684,15250,12.0
777,685,15275,25.0
777,686,15288,13.0
777,687,15316,28.0
777,688,15341,25.0
777,689,15356,15.0
777,690,15370,14.0
777,691,15419,49.0
777,692,15433,14.0
777,693,15446,13.0
777,694,15457,11.0
777,695,15491,34.0
777,696,15507,16.0
777,697,15530,23.0
777,698,15539,9.0
777,699,15556,17.0
777,700,15587,31.0
777,701,15602,15.0
777,702,15621,19.0
777,703,15637,16.0
777,704,15649,12.0
777,705,15681,32.0
777,706,15693,12.0
777,707,15720,27.0
777,708,15739,19.0
777,709,15752,13.0
777,710,15767,15.0
777,711,15805,38.0
777,712,15822,17.0
777,713,15835,13.0
777,714,15859,24.0
777,715,15895,36.0
777,716,15906,11.0
777,717,15931,25.0
777,718,15946,15.0
777,719,15961,15.0
777,720,15974,13.0
777,721,15988,14.0
777,722,16021,33.0
777,723,16034,13.0
777,724,16051,17.0
777,725,16081,30.0
777,726,16094,13.0
777,727,16132,38.0
777,728,16147,15.0
777,729,16171,24.0
777,730,16202,31.0
777,731,16223,21.0
777,732,16231,8.0
777,733,16259,28.0
777,734,16279,20.0
777,735,16291,12.0
777,736,16304,13.0
777,737,16316,12.0
777,738,16336,20.0
777,739,16349,13.0
777,740,16385,36.0
777,741,16402,17.0
777,742,16424,22.0
777,743,16439,15.0
777,744,16450,11.0
777,745,16488,38.0
777,746,16510,22.0
777,747,16530,20.0
777,748,16564,34.0
777,749,16585,21.0
777,750,16595,10.0
777,751,16614,19.0
777,752,16630,16.0
777,753,16662,32.0
777,754,16692,30.0
777,755,16704,12.0
777,756,16719,15.0
777,757,16739,20.0
777,758,16756,17.0
777,759,16768,12.0
777,760,16786,18.0
777,761,16797,11.0
777,762,16812,15.0
777,763,16822,10.0
777,764,16835,13.0
777,765,16852,17.0
777,766,16874,22.0
777,767,16905,31.0
777,768,16947,42.0
777,769,16986,39.0
777,770,17008,22.0
777,771,17028,20.0
777,772,17136,108.0
777,773,17149,13.0
777,774,17159,10.0
777,775,17177,18.0
777,776,17191,14.0
777,777,17204,13.0
777,778,17219,15.0
777,779,17247,28.0
777,780,17264,17.0
777,781,17277,13.0
777,782,17316,39.0
777,783,17326,10.0
777,784,17336,10.0
777,785,17374,38.0
777,786,17388,14.0
777,787,17406,18.0
777,788,17415,9.0
777,789,17425,10.0
777,790,17453,28.0
777,791,17476,23.0
777,792,17488,12.0
777,793,17502,14.0
777,794,17516,14.0
777,795,17539,23.0
777,796,17553,14.0
777,797,17561,8.0
777,798,17623,62.0
777,799,17634,11.0
777,800,17653,19.0
777,801,17670,17.0
777,802,17691,21.0
777,803,17706,15.0
777,804,17722,16.0
777,805,17735,13.0
777,806,17758,23.0
777,807,17779,21.0
777,808,17797,18.0
777,809,17820,23.0
777,810,17839,19.0
777,811,17867,28.0
777,812,17927,60.0
777,813,17954,27.0
777,814,17975,21.0
777,815,17988,13.0
777,816,18006,18.0
777,817,18018,12.0
777,818,18032,14.0
777,819,18047,15.0
777,820,18064,17.0
777,821,18078,14.0
777,822,18089,11.0
777,823,18103,14.0
777,824,18116,13.0
777,825,18144,28.0
777,826,18171,27.0
777,827,18192,21.0
777,828,18216,24.0
777,829,18240,24.0
777,830,18252,12.0
777,831,18266,14.0
777,832,18291,25.0
777,833,18307,16.0
777,834,18326,19.0
777,835,18340,14.0
777,836,18359,19.0
777,837,18378,19.0
777,838,18405,27.0
777,839,18416,11.0
777,840,18439,23.0
777,841,18449,10.0
777,842,18496,47.0
777,843,18545,49.0
777,844,18558,13.0
777,845,18574,16.0
777,846,18591,17.0
777,847,18605,14.0
777,848,18634,29.0
777,849,18666,32.0
777,850,18684,18.0
777,851,18694,10.0
777,852,18741,47.0
777,853,18754,13.0
777,854,18791,37.0
777,855,18802,11.0
777,856,18821,19.0
777,857,18842,21.0
777,858,18853,11.0
777,859,18867,14.0
777,860,18883,16.0
777,861,18900,17.0
777,862,18912,12.0
777,863,18958,46.0
777,864,18974,16.0
777,865,18994,20.0
777,866,19009,15.0
777,867,19024,15.0
777,868,19037,13.0
777,869,19061,24.0
777,870,19072,11.0
777,871,19093,21.0
777,872,19105,12.0
777,873,19115,10.0
777,874,19131,16.0
777,875,19162,31.0
777,876,19181,19.0
777,877,19195,14.0
777,878,19212,17.0
777,879,19229,17.0
777,880,19273,44.0
777,881,19284,11.0
777,882,19302,18.0
777,883,19313,11.0
777,884,19341,28.0
777,885,19353,12.0
777,886,19367,14.0
777,887,19391,24.0
777,888,19412,21.0
777,889,19433,21.0
777,890,19447,14.0
777,891,19459,12.0
777,892,19483,24.0
777,893,19501,18.0
777,894,19515,14.0
777,895,19570,55.0
777,896,19597,27.0
777,897,19640,43.0
777,898,19657,17.0
777,899,19667,10.0
777,900,19684,17.0
777,901,19702,18.0
777,902,19714,12.0
777,903,19731,17.0
777,904,19769,38.0
777,905,19780,11.0
777,906,19790,10.0
777,907,19805,15.0
777,908,19838,33.0
777,909,19859,21.0
777,910,19878,19.0
777,911,19888,10.0
777,912,19898,10.0
777,913,19927,29.0
777,914,19974,47.0
777,915,19986,12.0
777,916,20039,53.0
777,917,20060,21.0
777,918,20072,12.0
777,919,20093,21.0
777,920,20109,16.0
777,921,20145,36.0
777,922,20171,26.0
777,923,20198,27.0
777,924,20211,13.0
777,925,20226,15.0
777,926,20237,11.0
777,927,20250,13.0
777,928,20274,24.0
777,929,20296,22.0
777,930,20311,15.0
777,931,20324,13.0
777,932,20375,51.0
777,933,20392,17.0
777,934,20415,23.0
777,935,20427,12.0
777,936,20458,31.0
777,937,20491,33.0
777,938,20555,64.0
777,939,20578,23.0
777,940,20595,17.0
777,941,20615,20.0
777,942,20628,13.0
777,943,20643,15.0
777,944,20653,10.0
777,945,20673,20.0
777,946,20686,13.0
777,947,20698,12.0
777,948,20709,11.0
777,949,20727,18.0
777,950,20738,11.0
777,951,20752,14.0
777,952,20783,31.0
777,953,20793,10.0
777,954,20814,21.0
777,955,20828,14.0
777,956,20841,13.0
777,957,20852,11.0
777,958,20882,30.0
777,959,20896,14.0
777,960,20909,13.0
777,961,20922,13.0
777,962,20934,12.0
777,963,20954,20.0
777,964,20973,19.0
777,965,20983,10.0
777,966,20997,14.0
777,967,21014,17.0
777,968,21026,12.0
777,969,21070,44.0
777,970,21090,20.0
777,971,21127,37.0
777,972,21153,26.0
777,973,21193,40.0
777,974,21211,18.0
777,975,21224,13.0
777,976,21242,18.0
777,977,21254,12.0
777,978,21314,60.0
777,979,21366,52.0
777,980,21398,32.0
777,981,21422,24.0
777,982,21439,17.0
777,983,21461,22.0
777,984,21501,40.0
777,985,21516,15.0
777,986,21530,14.0
777,987,21541,11.0
777,988,21562,21.0
777,989,21581,19.0
777,990,21591,10.0
777,991,21639,48.0
777,992,21652,13.0
777,993,21702,50.0
777,994,21713,11.0
777,995,21735,22.0
777,996,21750,15.0
777,997,21777,27.0
777,998,21849,72.0
777,999,21868,19.0
777,1000,21881,13.0
777,1001,21893,12.0
777,1002,21910,17.0
777,1003,21950,40.0
777,1004,22036,86.0
777,1005,22048,12.0
777,1006,22069,21.0
777,1007,22082,13.0
777,1008,22107,25.0
777,1009,22123,16.0
777,1010,22138,15.0
777,1011,22152,14.0
777,1012,22172,20.0
777,1013,22198,26.0
777,1014,22220,22.0
777,1015,22245,25.0
777,1016,22255,10.0
777,1017,22281,26.0
777,1018,22295,14.0
777,1019,22314,19.0
777,1020,22328,14.0
777,1021,22344,16.0
777,1022,22363,19.0
777,1023,22380,17.0
777,1024,22401,21.0
777,1025,22418,17.0
777,1026,22430,12.0
777,1027,22445,15.0
777,1028,22461,16.0
777,1029,22473,12.0
777,1030,22489,16.0
777,1031,22499,10.0
777,1032,22517,18.0
777,1033,22527,10.0
777,1034,22559,32.0
777,1035,22583,24.0
777,1036,22610,27.0
777,1037,22625,15.0
777,1038,22636,11.0
777,1039,22676,40.0
777,1040,22690,14.0
777,1041,22724,34.0
777,1042,22743,19.0
777,1043,22757,14.0
777,1044,22778,21.0
777,1045,22796,18.0
777,1046,22836,40.0
777,1047,22850,14.0
777,1048,22865,15.0
777,1049,22917,52.0
777,1050,22948,31.0
777,1051,22977,29.0
777,1052,22990,13.0
777,1053,23002,12.0
777,1054,23013,11.0
777,1055,23025,12.0
777,1056,23054,29.0
777,1057,23086,32.0
777,1058,23109,23.0
777,1059,23122,13.0
777,1060,23158,36.0
777,1061,23170,12.0
777,1062,23189,19.0
777,1063,23217,28.0
777,1064,23236,19.0
777,1065,23256,20.0
777,1066,23270,14.0
777,1067,23298,28.0
777,1068,23328,30.0
777,1069,23344,16.0
777,1070,23360,16.0
777,1071,23395,35.0
777,1072,23416,21.0
777,1073,23427,11.0
777,1074,23452,25.0
777,1075,23464,12.0
777,1076,23483,19.0
777,1077,23501,18.0
777,1078,23518,17.0
777,1079,23543,25.0
777,1080,23589,46.0
777,1081,23654,65.0
777,1082,23666,12.0
777,1083,23697,31.0
777,1084,23711,14.0
777,1085,23737,26.0
777,1086,23750,13.0
777,1087,23764,14.0
777,1088,23800,36.0
777,1089,23812,12.0
777,1090,23824,12.0
777,1091,23842,18.0
777,1092,23877,35.0
777,1093,23891,14.0
777,1094,23910,19.0
777,1095,23927,17.0
777,1096,23945,18.0
777,1097,23961,16.0
777,1098,23982,21.0
777,1099,23992,10.0
777,1100,24004,12.0
777,1101,24026,22.0
777,1102,24037,11.0
777,1103,24051,14.0
777,1104,24144,93.0
777,1105,24161,17.0
777,1106,24196,35.0
777,1107,24210,14.0
777,1108,24222,12.0
777,1109,24244,22.0
777,1110,24257,13.0
777,1111,24274,17.0
777,1112,24284,10.0
777,1113,24305,21.0
777,1114,24325,20.0
777,1115,24335,10.0
777,1116,24348,13.0
777,1117,24370,22.0
777,1118,24382,12.0
777,1119,24403,21.0
777,1120,24430,27.0
777,1121,24446,16.0
777,1122,24483,37.0
777,1123,24499,16.0
777,1124,24534,35.0
777,1125,24548,14.0
777,1126,24581,33.0
777,1127,24601,20.0
777,1128,24630,29.0
777,1129,24648,18.0
777,1130,24673,25.0
777,1131,24687,14.0
777,1132,24705,18.0
777,1133,24727,22.0
777,1134,24736,9.0
777,1135,24763,27.0
777,1136,24774,11.0
777,1137,24824,50.0
777,1138,24846,22.0
777,1139,24861,15.0
777,1140,24875,14.0
777,1141,24896,21.0
777,1142,24909,13.0
777,1143,24920,11.0
777,1144,24946,26.0
777,1145,24962,16.0
777,1146,24974,12.0
777,1147,24989,15.0
777,1148,25005,16.0
777,1149,25022,17.0
777,1150,25052,30.0
777,1151,25067,15.0
777,1152,25078,11.0
777,1153,25090,12.0
777,1154,25109,19.0
777,1155,25137,28.0
777,1156,25157,20.0
777,1157,25172,15.0
777,1158,25203,31.0
777,1159,25256,53.0
777,1160,25275,19.0
777,1161,25292,17.0
777,1162,25300,8.0
777,1163,25321,21.0
777,1164,25333,12.0
777,1165,25346,13.0
777,1166,25375,29.0
777,1167,25400,25.0
777,1168,25413,13.0
777,1169,25441,28.0
777,1170,25456,15.0
777,1171,25480,24.0
777,1172,25503,23.0
777,1173,25517,14.0
777,1174,25543,26.0
777,1175,25561,18.0
777,1176,25598,37.0
777,1177,25615,17.0
777,1178,25643,28.0
777,1179,25667,24.0
777,1180,25679,12.0
777,1181,25699,20.0
777,1182,25715,16.0
777,1183,25737,22.0
777,1184,25757,20.0
777,1185,25786,29.0
777,1186,25799,13.0
777,1187,25831,32.0
777,1188,25873,42.0
777,1189,25883,10.0
777,1190,25896,13.0
777,1191,25907,11.0
777,1192,25920,13.0
777,1193,25928,8.0
777,1194,25942,14.0
777,1195,25959,17.0
777,1196,25988,29.0
777,1197,26005,17.0
777,1198,26027,22.0
777,1199,26039,12.0
777,1200,26065,26.0
777,1201,26098,33.0
777,1202,26110,12.0
777,1203,26125,15.0
777,1204,26151,26.0
777,1205,26170,19.0
777,1206,26182,12.0
777,1207,26208,26.0
777,1208,26226,18.0
777,1209,26246,20.0
777,1210,26288,42.0
777,1211,26300,12.0
777,1212,26314,14.0
777,1213,26325,11.0
777,1214,26345,20.0
777,1215,26363,18.0
777,1216,26375,12.0
777,1217,26386,11.0
777,1218,26399,13.0
777,1219,26428,29.0
777,1220,26442,14.0
777,1221,26473,31.0
777,1222,26495,22.0
777,1223,26523,28.0
777,1224,26559,36.0
777,1225,26580,21.0
777,1226,26593,13.0
777,1227,26624,31.0
777,1228,26643,19.0
777,1229,26667,24.0
777,1230,26684,17.0
777,1231,26714,30.0
777,1232,26744,30.0
777,1233,26762,18.0
777,1234,26776,14.0
777,1235,26802,26.0
777,1236,26838,36.0
777,1237,26851,13.0
777,1238,26877,26.0
777,1239,26889,12.0
777,1240,26898,9.0
777,1241,26912,14.0
777,1242,26927,15.0
777,1243,26943,16.0
777,1244,26987,44.0
777,1245,27000,13.0
777,1246,27012,12.0
777,1247,27039,27.0
777,1248,27053,14.0
777,1249,27107,54.0
777,1250,27130,23.0
777,1251,27142,12.0
777,1252,27158,16.0
777,1253,27178,20.0
777,1254,27200,22.0
777,1255,27249,49.0
777,1256,27262,13.0
777,1257,27291,29.0
777,1258,27307,16.0
777,1259,27320,13.0
777,1260,27335,15.0
777,1261,27361,26.0
777,1262,27377,16.0
777,1263,27416,39.0
777,1264,27468,52.0
777,1265,27494,26.0
777,1266,27527,33.0
777,1267,27538,11.0
777,1268,27550,12.0
777,1269,27562,12.0
777,1270,27577,15.0
777,1271,27597,20.0
777,1272,27614,17.0
777,1273,27623,9.0
777,1274,27645,22.0
777,1275,27666,21.0
777,1276,27706,40.0
777,1277,27725,19.0
777,1278,27743,18.0
777,1279,27753,10.0
777,1280,27767,14.0
777,1281,27788,21.0
777,1282,27799,11.0
777,1283,27810,11.0
777,1284,27819,9.0
777,1285,27838,19.0
777,1286,27862,24.0
777,1287,27875,13.0
777,1288,27902,27.0
777,1289,27949,47.0
777,1290,27973,24.0
777,1291,27984,11.0
777,1292,28010,26.0
777,1293,28034,24.0
777,1294,28063,29.0
777,1295,28077,14.0
777,1296,28107,30.0
777,1297,28127,20.0
777,1298,28144,17.0
777,1299,28176,32.0
777,1300,28197,21.0
777,1301,28240,43.0
777,1302,28258,18.0
777,1303,28297,39.0
777,1304,28319,22.0
777,1305,28361,42.0
777,1306,28375,14.0
777,1307,28387,12.0
777,1308,28407,20.0
777,1309,28423,16.0
777,1310,28433,10.0
777,1311,28460,27.0
777,1312,28493,33.0
777,1313,28530,37.0
777,1314,28542,12.0
777,1315,28552,10.0
777,1316,28568,16.0
777,1317,28580,12.0
777,1318,28593,13.0
777,1319,28608,15.0
777,1320,28624,16.0
777,1321,28636,12.0
777,1322,28644,8.0
777,1323,28656,12.0
777,1324,28719,63.0
777,1325,28740,21.0
777,1326,28756,16.0
777,1327,28770,14.0
777,1328,28815,45.0
777,1329,28831,16.0
777,1330,28856,25.0
777,1331,28883,27.0
777,1332,28901,18.0
777,1333,28918,17.0
777,1334,28929,11.0
777,1335,28945,16.0
777,1336,28956,11.0
777,1337,28970,14.0
777,1338,28981,11.0
777,1339,29018,37.0
777,1340,29048,30.0
777,1341,29061,13.0
777,1342,29086,25.0
777,1343,29110,24.0
777,1344,29124,14.0
777,1345,29137,13.0
777,1346,29152,15.0
777,1347,29166,14.0
777,1348,29188,22.0
777,1349,29200,12.0
777,1350,29213,13.0
777,1351,29231,18.0
777,1352,29257,26.0
777,1353,29308,51.0
777,1354,29359,51.0
777,1355,29376,17.0
777,1356,29397,21.0
777,1357,29422,25.0
777,1358,29438,16.0
777,1359,29455,17.0
777,1360,29467,12.0
777,1361,29495,28.0
777,1362,29507,12.0
777,1363,29540,33.0
777,1364,29558,18.0
777,1365,29575,17.0
777,1366,29588,13.0
777,1367,29598,10.0
777,1368,29638,40.0
777,1369,29652,14.0
777,1370,29681,29.0
777,1371,29696,15.0
777,1372,29772,76.0
777,1373,29801,29.0
777,1374,29842,41.0
777,1375,29855,13.0
777,1376,29874,19.0
777,1377,29891,17.0
777,1378,29908,17.0
777,1379,29923,15.0
777,1380,29972,49.0
777,1381,30003,31.0
777,1382,30020,17.0
777,1383,30036,16.0
777,1384,30051,15.0
777,1385,30062,11.0
777,1386,30080,18.0
777,1387,30095,15.0
777,1388,30112,17.0
777,1389,30130,18.0
777,1390,30168,38.0
777,1391,30206,38.0
777,1392,30222,16.0
777,1393,30246,24.0
777,1394,30274,28.0
777,1395,30289,15.0
777,1396,30321,32.0
777,1397,30343,22.0
777,1398,30361,18.0
777,1399,30381,20.0
777,1400,30398,17.0
777,1401,30407,9.0
777,1402,30419,12.0
777,1403,30435,16.0
777,1404,30456,21.0
777,1405,30476,20.0
777,1406,30538,62.0
777,1407,30558,20.0
777,1408,30574,16.0
777,1409,30593,19.0
777,1410,30624,31.0
777,1411,30643,19.0
777,1412,30675,32.0
777,1413,30690,15.0
777,1414,30699,9.0
777,1415,30732,33.0
777,1416,30768,36.0
777,1417,30800,32.0
777,1418,30819,19.0
777,1419,30830,11.0
777,1420,30842,12.0
777,1421,30881,39.0
777,1422,30895,14.0
777,1423,30924,29.0
777,1424,30963,39.0
777,1425,30997,34.0
777,1426,31009,12.0
777,1427,31037,28.0
777,1428,31067,30.0
777,1429,31115,48.0
777,1430,31154,39.0
777,1431,31169,15.0
777,1432,31205,36.0
777,1433,31223,18.0
777,1434,31232,9.0
777,1435,31263,31.0
777,1436,31277,14.0
777,1437,31294,17.0
777,1438,31387,93.0
777,1439,31412,25.0
777,1440,31434,22.0
777,1441,31473,39.0
777,1442,31495,22.0
777,1443,31518,23.0
777,1444,31547,29.0
777,1445,31577,30.0
777,1446,31586,9.0
777,1447,31613,27.0
777,1448,31627,14.0
777,1449,31647,20.0
777,1450,31663,16.0
777,1451,31681,18.0
777,1452,31696,15.0
777,1453,31712,16.0
777,1454,31734,22.0
777,1455,31749,15.0
777,1456,31772,23.0
777,1457,31790,18.0
777,1458,31804,14.0
777,1459,31817,13.0
777,1460,31832,15.0
777,1461,31855,23.0
777,1462,31877,22.0
777,1463,31902,25.0
777,1464,31922,20.0
777,1465,31942,20.0
777,1466,31976,34.0
777,1467,31988,12.0
777,1468,32003,15.0
777,1469,32021,18.0
777,1470,32036,15.0
777,1471,32048,12.0
777,1472,32071,23.0
777,1473,32111,40.0
777,1474,32136,25.0
777,1475,32165,29.0
777,1476,32190,25.0
777,1477,32248,58.0
777,1478,32259,11.0
777,1479,32316,57.0
777,1480,32328,12.0
777,1481,32336,8.0
777,1482,32348,12.0
777,1483,32374,26.0
777,1484,32415,41.0
777,1485,32429,14.0
777,1486,32444,15.0
777,1487,32456,12.0
777,1488,32516,60.0
777,1489,32537,21.0
777,1490,32557,20.0
777,1491,32606,49.0
777,1492,32616,10.0
777,1493,32637,21.0
777,1494,32649,12.0
777,1495,32657,8.0
777,1496,32671,14.0
777,1497,32680,9.0
777,1498,32734,54.0
777,1499,32742,8.0
777,1500,32758,16.0
777,1501,32819,61.0
777,1502,32846,27.0
777,1503,32863,17.0
777,1504,32885,22.0
777,1505,32900,15.0
777,1506,32918,18.0
777,1507,32957,39.0
777,1508,32979,22.0
777,1509,32999,20.0
777,1510,33020,21.0
777,1511,33038,18.0
777,1512,33082,44.0
777,1513,33096,14.0
777,1514,33117,21.0
777,1515,33135,18.0
777,1516,33167,32.0
777,1517,33189,22.0
777,1518,33217,28.0
777,1519,33235,18.0
777,1520,33250,15.0
777,1521,33304,54.0
777,1522,33315,11.0
777,1523,33336,21.0
777,1524,33359,23.0
777,1525,33389,30.0
777,1526,33405,16.0
777,1527,33458,53.0
777,1528,33471,13.0
777,1529,33500,29.0
777,1530,33514,14.0
777,1531,33532,18.0
777,1532,33556,24.0
777,1533,33571,15.0
777,1534,33648,77.0
777,1535,33661,13.0
777,1536,33679,18.0
777,1537,33699,20.0
777,1538,33713,14.0
777,1539,33732,19.0
777,1540,33744,12.0
777,1541,33767,23.0
777,1542,33788,21.0
777,1543,33809,21.0
777,1544,33837,28.0
777,1545,33848,11.0
777,1546,33891,43.0
777,1547,33921,30.0
777,1548,33949,28.0
777,1549,33977,28.0
777,1550,33999,22.0
777,1551,34021,22.0
777,1552,34040,19.0
777,1553,34056,16.0
777,1554,34082,26.0
777,1555,34098,16.0
777,1556,34111,13.0
777,1557,34131,20.0
777,1558,34141,10.0
777,1559,34150,9.0
777,1560,34163,13.0
777,1561,34178,15.0
777,1562,34213,35.0
777,1563,34228,15.0
777,1564,34243,15.0
777,1565,34274,31.0
777,1566,34292,18.0
777,1567,34303,11.0
777,1568,34313,10.0
777,1569,34332,19.0
777,1570,34375,43.0
777,1571,34395,20.0
777,1572,34414,19.0
777,1573,34449,35.0
777,1574,34470,21.0
777,1575,34491,21.0
777,1576,34520,29.0
777,1577,34554,34.0
777,1578,34571,17.0
777,1579,34600,29.0
777,1580,34619,19.0
777,1581,34630,11.0
777,1582,34660,30.0
777,1583,34673,13.0
777,1584,34726,53.0
777,1585,34736,10.0
777,1586,34752,16.0
777,1587,34766,14.0
777,1588,34787,21.0
777,1589,34821,34.0
777,1590,34836,15.0
777,1591,34846,10.0
777,1592,34872,26.0
777,1593,34882,10.0
777,1594,34895,13.0
777,1595,34947,52.0
777,1596,34958,11.0
777,1597,34974,16.0
777,1598,35013,39.0
777,1599,35040,27.0
777,1600,35080,40.0
777,1601,35099,19.0
777,1602,35117,18.0
777,1603,35131,14.0
777,1604,35146,15.0
777,1605,35159,13.0
777,1606,35175,16.0
777,1607,35196,21.0
777,1608,35218,22.0
777,1609,35243,25.0
777,1610,35254,11.0
777,1611,35272,18.0
777,1612,35283,11.0
777,1613,35299,16.0
777,1614,35319,20.0
777,1615,35331,12.0
777,1616,35341,10.0
777,1617,35354,13.0
777,1618,35371,17.0
777,1619,35389,18.0
777,1620,35423,34.0
777,1621,35434,11.0
777,1622,35444,10.0
777,1623,35473,29.0
777,1624,35512,39.0
777,1625,35525,13.0
777,1626,35557,32.0
777,1627,35576,19.0
777,1628,35600,24.0
777,1629,35625,25.0
777,1630,35641,16.0
777,1631,35656,15.0
777,1632,35671,15.0
777,1633,35737,66.0
777,1634,35756,19.0
777,1635,35773,17.0
777,1636,35785,12.0
777,1637,35804,19.0
777,1638,35816,12.0
777,1639,35827,11.0
777,1640,35841,14.0
777,1641,35852,11.0
777,1642,35872,20.0
777,1643,35891,19.0
777,1644,35923,32.0
777,1645,35939,16.0
777,1646,35965,26.0
777,1647,35979,14.0
777,1648,35994,15.0
777,1649,36014,20.0
777,1650,36026,12.0
777,1651,36052,26.0
777,1652,36066,14.0
777,1653,36087,21.0
777,1654,36124,37.0
777,1655,36150,26.0
777,1656,36160,10.0
777,1657,36179,19.0
777,1658,36200,21.0
777,1659,36233,33.0
777,1660,36259,26.0
777,1661,36278,19.0
777,1662,36295,17.0
777,1663,36307,12.0
777,1664,36323,16.0
777,1665,36335,12.0
777,1666,36350,15.0
777,1667,36363,13.0
777,1668,36387,24.0
777,1669,36403,16.0
777,1670,36458,55.0
777,1671,36473,15.0
777,1672,36490,17.0
777,1673,36510,20.0
777,1674,36536,26.0
777,1675,36557,21.0
777,1676,36574,17.0
777,1677,36591,17.0
777,1678,36614,23.0
777,1679,36639,25.0
777,1680,36660,21.0
777,1681,36716,56.0
777,1682,36736,20.0
777,1683,36751,15.0
777,1684,36787,36.0
777,1685,36803,16.0
777,1686,36813,10.0
777,1687,36828,15.0
777,1688,36845,17.0
777,1689,36900,55.0
777,1690,36913,13.0
777,1691,36960,47.0
777,1692,37011,51.0
777,1693,37039,28.0
777,1694,37071,32.0
777,1695,37097,26.0
777,1696,37112,15.0
777,1697,37136,24.0
777,1698,37148,12.0
777,1699,37162,14.0
777,1700,37179,17.0
777,1701,37190,11.0
777,1702,37202,12.0
777,1703,37227,25.0
777,1704,37241,14.0
777,1705,37286,45.0
777,1706,37309,23.0
777,1707,37323,14.0
777,1708,37355,32.0
777,1709,37372,17.0
777,1710,37384,12.0
777,1711,37424,40.0
777,1712,37446,22.0
777,1713,37460,14.0
777,1714,37472,12.0
777,1715,37487,15.0
777,1716,37501,14.0
777,1717,37518,17.0
777,1718,37533,15.0
777,1719,37593,60.0
777,1720,37609,16.0
777,1721,37634,25.0
777,1722,37649,15.0
777,1723,37684,35.0
777,1724,37698,14.0
777,1725,37714,16.0
777,1726,37737,23.0
777,1727,37762,25.0
777,1728,37786,24.0
777,1729,37797,11.0
777,1730,37808,11.0
777,1731,37818,10.0
777,1732,37833,15.0
777,1733,37847,14.0
777,1734,37857,10.0
777,1735,37875,18.0
777,1736,37893,18.0
777,1737,37920,27.0
777,1738,37942,22.0
777,1739,37975,33.0
777,1740,37985,10.0
777,1741,37999,14.0
777,1742,38024,25.0
777,1743,38039,15.0
777,1744,38062,23.0
777,1745,38085,23.0
777,1746,38099,14.0
777,1747,38113,14.0
777,1748,38131,18.0
777,1749,38142,11.0
777,1750,38159,17.0
777,1751,38187,28.0
777,1752,38203,16.0
777,1753,38266,63.0
777,1754,38276,10.0
777,1755,38293,17.0
777,1756,38325,32.0
777,1757,38337,12.0
777,1758,38348,11.0
777,1759,38389,41.0
777,1760,38404,15.0
777,1761,38483,79.0
777,1762,38505,22.0
777,1763,38521,16.0
777,1764,38532,11.0
777,1765,38550,18.0
777,1766,38568,18.0
777,1767,38599,31.0
777,1768,38611,12.0
777,1769,38628,17.0
777,1770,38663,35.0
777,1771,38695,32.0
777,1772,38710,15.0
777,1773,38769,59.0
777,1774,38789,20.0
777,1775,38800,11.0
777,1776,38818,18.0
777,1777,38832,14.0
777,1778,38863,31.0
777,1779,38906,43.0
777,1780,38922,16.0
777,1781,38983,61.0
777,1782,39001,18.0
777,1783,39015,14.0
777,1784,39058,43.0
777,1785,39068,10.0
777,1786,39085,17.0
777,1787,39102,17.0
777,1788,39141,39.0
777,1789,39170,29.0
777,1790,39196,26.0
777,1791,39233,37.0
777,1792,39247,14.0
777,1793,39265,18.0
777,1794,39291,26.0
777,1795,39313,22.0
777,1796,39367,54.0
777,1797,39390,23.0
777,1798,39408,18.0
777,1799,39427,19.0
777,1800,39444,17.0
777,1801,39456,12.0
777,1802,39479,23.0
777,1803,39493,14.0
777,1804,39516,23.0
777,1805,39554,38.0
777,1806,39595,41.0
777,1807,39664,69.0
777,1808,39677,13.0
777,1809,39692,15.0
777,1810,39711,19.0
777,1811,39754,43.0
777,1812,39765,11.0
777,1813,39780,15.0
777,1814,39855,75.0
777,1815,39879,24.0
777,1816,39896,17.0
777,1817,39913,17.0
777,1818,39933,20.0
777,1819,39983,50.0
777,1820,39994,11.0
777,1821,40013,19.0
777,1822,40026,13.0
777,1823,40060,34.0
777,1824,40102,42.0
777,1825,40125,23.0
777,1826,40137,12.0
777,1827,40162,25.0
777,1828,40205,43.0
777,1829,40222,17.0
777,1830,40243,21.0
777,1831,40256,13.0
777,1832,40275,19.0
777,1833,40290,15.0
777,1834,40307,17.0
777,1835,40330,23.0
777,1836,40344,14.0
777,1837,40354,10.0
777,1838,40372,18.0
777,1839,40387,15.0
777,1840,40402,15.0
777,1841,40417,15.0
777,1842,40431,14.0
777,1843,40450,19.0
777,1844,40467,17.0
777,1845,40479,12.0
777,1846,40496,17.0
777,1847,40517,21.0
777,1848,40535,18.0
777,1849,40554,19.0
777,1850,40570,16.0
777,1851,40586,16.0
777,1852,40600,14.0
777,1853,40619,19.0
777,1854,40640,21.0
777,1855,40660,20.0
777,1856,40726,66.0
777,1857,40739,13.0
777,1858,40758,19.0
777,1859,40782,24.0
777,1860,40810,28.0
777,1861,40847,37.0
777,1862,40887,40.0
777,1863,40895,8.0
777,1864,40916,21.0
777,1865,40941,25.0
777,1866,40967,26.0
777,1867,40979,12.0
777,1868,40992,13.0
777,1869,41014,22.0
777,1870,41034,20.0
777,1871,41055,21.0
777,1872,41089,34.0
777,1873,41110,21.0
777,1874,41126,16.0
777,1875,41141,15.0
777,1876,41152,11.0
777,1877,41167,15.0
777,1878,41188,21.0
777,1879,41227,39.0
777,1880,41243,16.0
777,1881,41261,18.0
777,1882,41289,28.0
777,1883,41313,24.0
777,1884,41347,34.0
777,1885,41360,13.0
777,1886,41380,20.0
777,1887,41393,13.0
777,1888,41408,15.0
777,1889,41426,18.0
777,1890,41439,13.0
777,1891,41466,27.0
777,1892,41483,17.0
777,1893,41495,12.0
777,1894,41506,11.0
777,1895,41521,15.0
777,1896,41531,10.0
777,1897,41543,12.0
777,1898,41553,10.0
777,1899,41565,12.0
777,1900,41578,13.0
777,1901,41599,21.0
777,1902,41612,13.0
777,1903,41649,37.0
777,1904,41664,15.0
777,1905,41681,17.0
777,1906,41707,26.0
777,1907,41722,15.0
777,1908,41734,12.0
777,1909,41753,19.0
777,1910,41775,22.0
777,1911,41784,9.0
777,1912,41817,33.0
777,1913,41834,17.0
777,1914,41856,22.0
777,1915,41872,16.0
777,1916,41927,55.0
777,1917,41939,12.0
777,1918,41958,19.0
777,1919,41990,32.0
777,1920,42017,27.0
777,1921,42038,21.0
777,1922,42048,10.0
777,1923,42067,19.0
777,1924,42085,18.0
777,1925,42099,14.0
777,1926,42113,14.0
777,1927,42129,16.0
777,1928,42148,19.0
777,1929,42172,24.0
777,1930,42190,18.0
777,1931,42201,11.0
777,1932,42213,12.0
777,1933,42237,24.0
777,1934,42271,34.0
777,1935,42293,22.0
777,1936,42306,13.0
777,1937,42319,13.0
777,1938,42369,50.0
777,1939,42395,26.0
777,1940,42413,18.0
777,1941,42453,40.0
777,1942,42498,45.0
777,1943,42539,41.0
777,1944,42555,16.0
777,1945,42572,17.0
777,1946,42608,36.0
777,1947,42628,20.0
777,1948,42648,20.0
777,1949,42688,40.0
777,1950,42701,13.0
777,1951,42720,19.0
777,1952,42738,18.0
777,1953,42777,39.0
777,1954,42805,28.0
777,1955,42830,25.0
777,1956,42853,23.0
777,1957,42893,40.0
777,1958,42907,14.0
777,1959,42927,20.0
777,1960,42970,43.0
777,1961,42986,16.0
777,1962,43016,30.0
777,1963,43037,21.0
777,1964,43064,27.0
777,1965,43086,22.0
777,1966,43104,18.0
777,1967,43124,20.0
777,1968,43144,20.0
777,1969,43166,22.0
777,1970,43196,30.0
777,1971,43216,20.0
777,1972,43226,10.0
777,1973,43251,25.0
777,1974,43283,32.0
777,1975,43330,47.0
777,1976,43349,19.0
777,1977,43368,19.0
777,1978,43378,10.0
777,1979,43393,15.0
777,1980,43424,31.0
777,1981,43439,15.0
777,1982,43447,8.0
777,1983,43459,12.0
777,1984,43478,19.0
777,1985,43497,19.0
777,1986,43525,28.0
777,1987,43552,27.0
777,1988,43580,28.0
777,1989,43601,21.0
777,1990,43617,16.0
777,1991,43639,22.0
777,1992,43650,11.0
777,1993,43662,12.0
777,1994,43690,28.0
777,1995,43713,23.0
777,1996,43733,20.0
777,1997,43758,25.0
777,1998,43795,37.0
777,1999,43825,30.0
777,2000,43839,14.0
777,2001,43873,34.0
777,2002,43890,17.0
777,2003,43934,44.0
777,2004,43970,36.0
777,2005,43984,14.0
777,2006,44004,20.0
777,2007,44027,23.0
777,2008,44061,34.0
777,2009,44080,19.0
777,2010,44096,16.0
777,2011,44112,16.0
777,2012,44141,29.0
777,2013,44188,47.0
777,2014,44201,13.0
777,2015,44222,21.0
777,2016,44245,23.0
777,2017,44271,26.0
777,2018,44289,18.0
777,2019,44315,26.0
777,2020,44356,41.0
777,2021,44365,9.0
777,2022,44388,23.0
777,2023,44399,11.0
777,2024,44436,37.0
777,2025,44463,27.0
777,2026,44481,18.0
777,2027,44492,11.0
777,2028,44524,32.0
777,2029,44545,21.0
777,2030,44586,41.0
777,2031,44599,13.0
777,2032,44613,14.0
777,2033,44651,38.0
777,2034,44671,20.0
777,2035,44692,21.0
777,2036,44706,14.0
777,2037,44725,19.0
777,2038,44737,12.0
777,2039,44764,27.0
777,2040,44815,51.0
777,2041,44828,13.0
777,2042,44858,30.0
777,2043,44878,20.0
777,2044,44887,9.0
777,2045,44901,14.0
777,2046,44916,15.0
777,2047,44925,9.0
777,2048,44954,29.0
777,2049,44967,13.0
777,2050,44988,21.0
777,2051,45059,71.0
777,2052,45121,62.0
777,2053,45132,11.0
777,2054,45144,12.0
777,2055,45219,75.0
777,2056,45230,11.0
777,2057,45257,27.0
777,2058,45271,14.0
777,2059,45289,18.0
777,2060,45299,10.0
777,2061,45319,20.0
777,2062,45333,14.0
777,2063,45362,29.0
777,2064,45394,32.0
777,2065,45436,42.0
777,2066,45461,25.0
777,2067,45479,18.0
777,2068,45508,29.0
777,2069,45522,14.0
777,2070,45531,9.0
777,2071,45558,27.0
777,2072,45572,14.0
777,2073,45588,16.0
777,2074,45632,44.0
777,2075,45661,29.0
777,2076,45674,13.0
777,2077,45708,34.0
777,2078,45727,19.0
777,2079,45763,36.0
777,2080,45780,17.0
777,2081,45790,10.0
777,2082,45812,22.0
777,2083,45842,30.0
777,2084,45851,9.0
777,2085,45864,13.0
777,2086,45882,18.0
777,2087,45897,15.0
777,2088,45907,10.0
777,2089,45932,25.0
777,2090,45943,11.0
777,2091,45953,10.0
777,2092,45965,12.0
777,2093,45986,21.0
777,2094,45995,9.0
777,2095,46007,12.0
777,2096,46046,39.0
777,2097,46057,11.0
777,2098,46072,15.0
777,2099,46082,10.0
777,2100,46114,32.0
777,2101,46152,38.0
777,2102,46162,10.0
777,2103,46199,37.0
777,2104,46225,26.0
777,2105,46246,21.0
777,2106,46259,13.0
777,2107,46278,19.0
777,2108,46295,17.0
777,2109,46331,36.0
777,2110,46343,12.0
777,2111,46398,55.0
777,2112,46422,24.0
777,2113,46455,33.0
777,2114,46472,17.0
777,2115,46508,36.0
777,2116,46522,14.0
777,2117,46546,24.0
777,2118,46575,29.0
777,2119,46596,21.0
777,2120,46605,9.0
777,2121,46622,17.0
777,2122,46640,18.0
777,2123,46664,24.0
777,2124,46675,11.0
777,2125,46707,32.0
777,2126,46724,17.0
777,2127,46737,13.0
777,2128,46773,36.0
777,2129,46803,30.0
777,2130,46814,11.0
777,2131,46825,11.0
777,2132,46838,13.0
777,2133,46856,18.0
777,2134,46881,25.0
777,2135,46893,12.0
777,2136,46933,40.0
777,2137,46945,12.0
777,2138,46958,13.0
777,2139,46988,30.0
777,2140,47001,13.0
777,2141,47012,11.0
777,2142,47026,14.0
777,2143,47047,21.0
777,2144,47088,41.0
777,2145,47109,21.0
777,2146,47136,27.0
777,2147,47158,22.0
777,2148,47190,32.0
777,2149,47209,19.0
777,2150,47226,17.0
777,2151,47253,27.0
777,2152,47266,13.0
777,2153,47288,22.0
777,2154,47310,22.0
777,2155,47338,28.0
777,2156,47353,15.0
777,2157,47364,11.0
777,2158,47384,20.0
777,2159,47406,22.0
777,2160,47427,21.0
777,2161,47439,12.0
777,2162,47451,12.0
777,2163,47511,60.0
777,2164,47525,14.0
777,2165,47547,22.0
777,2166,47555,8.0
777,2167,47589,34.0
777,2168,47611,22.0
777,2169,47621,10.0
777,2170,47655,34.0
777,2171,47686,31.0
777,2172,47696,10.0
777,2173,47715,19.0
777,2174,47749,34.0
777,2175,47776,27.0
777,2176,47790,14.0
777,2177,47802,12.0
777,2178,47821,19.0
777,2179,47868,47.0
777,2180,47891,23.0
777,2181,47908,17.0
777,2182,47920,12.0
777,2183,47930,10.0
777,2184,47954,24.0
777,2185,48033,79.0
777,2186,48044,11.0
777,2187,48060,16.0
777,2188,48083,23.0
777,2189,48096,13.0
777,2190,48110,14.0
777,2191,48121,11.0
777,2192,48141,20.0
777,2193,48153,12.0
777,2194,48163,10.0
777,2195,48182,19.0
777,2196,48206,24.0
777,2197,48244,38.0
777,2198,48300,56.0
777,2199,48314,14.0
777,2200,48362,48.0
777,2201,48370,8.0
777,2202,48383,13.0
777,2203,48406,23.0
777,2204,48426,20.0
777,2205,48448,22.0
777,2206,48464,16.0
777,2207,48481,17.0
777,2208,48519,38.0
777,2209,48532,13.0
777,2210,48542,10.0
777,2211,48560,18.0
777,2212,48571,11.0
777,2213,48603,32.0
777,2214,48615,12.0
777,2215,48683,68.0
777,2216,48702,19.0
777,2217,48721,19.0
777,2218,48739,18.0
777,2219,48777,38.0
777,2220,48787,10.0
777,2221,48807,20.0
777,2222,48832,25.0
777,2223,48850,18.0
777,2224,48876,26.0
777,2225,48895,19.0
777,2226,48923,28.0
777,2227,48936,13.0
777,2228,48958,22.0
777,2229,48999,41.0
777,2230,49025,26.0
777,2231,49042,17.0
777,2232,49061,19.0
777,2233,49082,21.0
777,2234,49113,31.0
777,2235,49125,12.0
777,2236,49155,30.0
777,2237,49177,22.0
777,2238,49190,13.0
777,2239,49214,24.0
777,2240,49226,12.0
777,2241,49250,24.0
777,2242,49268,18.0
777,2243,49287,19.0
777,2244,49304,17.0
777,2245,49335,31.0
777,2246,49357,22.0
777,2247,49374,17.0
777,2248,49396,22.0
777,2249,49413,17.0
777,2250,49423,10.0
777,2251,49435,12.0
777,2252,49446,11.0
777,2253,49464,18.0
777,2254,49480,16.0
777,2255,49499,19.0
777,2256,49513,14.0
777,2257,49570,57.0
777,2258,49590,20.0
777,2259,49602,12.0
777,2260,49619,17.0
777,2261,49632,13.0
777,2262,49653,21.0
777,2263,49672,19.0
777,2264,49689,17.0
777,2265,49699,10.0
777,2266,49717,18.0
777,2267,49727,10.0
777,2268,49748,21.0
777,2269,49758,10.0
777,2270,49820,62.0
777,2271,49834,14.0
777,2272,49846,12.0
777,2273,49859,13.0
777,2274,49877,18.0
777,2275,49894,17.0
777,2276,49913,19.0
777,2277,49923,10.0
777,2278,49934,11.0
777,2279,49947,13.0
777,2280,49988,41.0
777,2281,50004,16.0
777,2282,50023,19.0
777,2283,50034,11.0
777,2284,50053,19.0
777,2285,50080,27.0
777,2286,50107,27.0
777,2287,50119,12.0
777,2288,50133,14.0
777,2289,50143,10.0
777,2290,50157,14.0
777,2291,50168,11.0
777,2292,50184,16.0
777,2293,50202,18.0
777,2294,50226,24.0
777,2295,50244,18.0
777,2296,50264,20.0
777,2297,50276,12.0
777,2298,50309,33.0
777,2299,50322,13.0
777,2300,50341,19.0
777,2301,50377,36.0
777,2302,50400,23.0
777,2303,50417,17.0
777,2304,50439,22.0
777,2305,50453,14.0
777,2306,50462,9.0
777,2307,50472,10.0
777,2308,50487,15.0
777,2309,50512,25.0
777,2310,50532,20.0
777,2311,50555,23.0
777,2312,50586,31.0
777,2313,50626,40.0
777,2314,50640,14.0
777,2315,50653,13.0
777,2316,50671,18.0
777,2317,50684,13.0
777,2318,50747,63.0
777,2319,50770,23.0
777,2320,50784,14.0
777,2321,50796,12.0
777,2322,50823,27.0
777,2323,50841,18.0
777,2324,50860,19.0
777,2325,50877,17.0
777,2326,50913,36.0
777,2327,50930,17.0
777,2328,50943,13.0
777,2329,50956,13.0
777,2330,50966,10.0
777,2331,50997,31.0
777,2332,51016,19.0
777,2333,51069,53.0
777,2334,51085,16.0
777,2335,51103,18.0
777,2336,51120,17.0
777,2337,51140,20.0
777,2338,51192,52.0
777,2339,51232,40.0
777,2340,51251,19.0
777,2341,51293,42.0
777,2342,51308,15.0
777,2343,51322,14.0
777,2344,51338,16.0
777,2345,51355,17.0
777,2346,51366,11.0
777,2347,51385,19.0
777,2348,51403,18.0
777,2349,51454,51.0
777,2350,51490,36.0
777,2351,51509,19.0
777,2352,51532,23.0
777,2353,51570,38.0
777,2354,51580,10.0
777,2355,51601,21.0
777,2356,51616,15.0
777,2357,51629,13.0
777,2358,51642,13.0
777,2359,51654,12.0
777,2360,51676,22.0
777,2361,51708,32.0
777,2362,51728,20.0
777,2363,51741,13.0
777,2364,51763,22.0
777,2365,51778,15.0
777,2366,51807,29.0
777,2367,51826,19.0
777,2368,51841,15.0
777,2369,51853,12.0
777,2370,51872,19.0
777,2371,51901,29.0
777,2372,51916,15.0
777,2373,51929,13.0
777,2374,51946,17.0
777,2375,51986,40.0
777,2376,51998,12.0
777,2377,52013,15.0
777,2378,52024,11.0
777,2379,52036,12.0
777,2380,52059,23.0
777,2381,52080,21.0
777,2382,52096,16.0
777,2383,52110,14.0
777,2384,52125,15.0
777,2385,52144,19.0
777,2386,52157,13.0
777,2387,52180,23.0
777,2388,52193,13.0
777,2389,52209,16.0
777,2390,52235,26.0
777,2391,52275,40.0
777,2392,52295,20.0
777,2393,52350,55.0
777,2394,52363,13.0
777,2395,52381,18.0
777,2396,52394,13.0
777,2397,52414,20.0
777,2398,52428,14.0
777,2399,52440,12.0
777,2400,52462,22.0
777,2401,52473,11.0
777,2402,52491,18.0
777,2403,52508,17.0
777,2404,52524,16.0
777,2405,52554,30.0
777,2406,52569,15.0
777,2407,52631,62.0
777,2408,52643,12.0
777,2409,52676,33.0
777,2410,52694,18.0
777,2411,52740,46.0
777,2412,52765,25.0
777,2413,52790,25.0
777,2414,52824,34.0
777,2415,52839,15.0
777,2416,52850,11.0
777,2417,52953,103.0
777,2418,52989,36.0
777,2419,53038,49.0
777,2420,53051,13.0
777,2421,53066,15.0
777,2422,53078,12.0
777,2423,53090,12.0
777,2424,53111,21.0
777,2425,53125,14.0
777,2426,53143,18.0
777,2427,53172,29.0
777,2428,53193,21.0
777,2429,53207,14.0
777,2430,53225,18.0
777,2431,53246,21.0
777,2432,53261,15.0
777,2433,53295,34.0
777,2434,53312,17.0
777,2435,53336,24.0
777,2436,53372,36.0
777,2437,53394,22.0
777,2438,53416,22.0
777,2439,53435,19.0
777,2440,53447,12.0
777,2441,53461,14.0
777,2442,53483,22.0
777,2443,53502,19.0
777,2444,53515,13.0
777,2445,53535,20.0
777,2446,53548,13.0
777,2447,53572,24.0
777,2448,53585,13.0
777,2449,53606,21.0
777,2450,53624,18.0
777,2451,53653,29.0
777,2452,53666,13.0
777,2453,53687,21.0
777,2454,53711,24.0
777,2455,53744,33.0
777,2456,53777,33.0
777,2457,53795,18.0
777,2458,53814,19.0
777,2459,53828,14.0
777,2460,53849,21.0
777,2461,53861,12.0
777,2462,53877,16.0
777,2463,53892,15.0
777,2464,53926,34.0
777,2465,53945,19.0
777,2466,53958,13.0
777,2467,53969,11.0
777,2468,53980,11.0
777,2469,53990,10.0
777,2470,54015,25.0
777,2471,54027,12.0
777,2472,54043,16.0
777,2473,54059,16.0
777,2474,54078,19.0
777,2475,54092,14.0
777,2476,54102,10.0
777,2477,54132,30.0
777,2478,54157,25.0
777,2479,54185,28.0
777,2480,54201,16.0
777,2481,54270,69.0
777,2482,54285,15.0
777,2483,54300,15.0
777,2484,54311,11.0
777,2485,54389,78.0
777,2486,54411,22.0
777,2487,54438,27.0
777,2488,54457,19.0
777,2489,54480,23.0
777,2490,54511,31.0
777,2491,54534,23.0
777,2492,54544,10.0
777,2493,54559,15.0
777,2494,54578,19.0
777,2495,54595,17.0
777,2496,54607,12.0
777,2497,54628,21.0
777,2498,54659,31.0
777,2499,54678,19.0
777,2500,54687,9.0
777,2501,54718,31.0
777,2502,54734,16.0
777,2503,54759,25.0
777,2504,54773,14.0
777,2505,54790,17.0
777,2506,54802,12.0
777,2507,54843,41.0
777,2508,54864,21.0
777,2509,54894,30.0
777,2510,54909,15.0
777,2511,54924,15.0
777,2512,54937,13.0
777,2513,54997,60.0
777,2514,55018,21.0
777,2515,55035,17.0
777,2516,55053,18.0
777,2517,55065,12.0
777,2518,55077,12.0
777,2519,55097,20.0
777,2520,55124,27.0
777,2521,55138,14.0
777,2522,55176,38.0
777,2523,55204,28.0
777,2524,55231,27.0
777,2525,55255,24.0
777,2526,55274,19.0
777,2527,55286,12.0
777,2528,55303,17.0
777,2529,55329,26.0
777,2530,55368,39.0
777,2531,55383,15.0
777,2532,55411,28.0
777,2533,55424,13.0
777,2534,55439,15.0
777,2535,55455,16.0
777,2536,55474,19.0
777,2537,55487,13.0
777,2538,55505,18.0
777,2539,55518,13.0
777,2540,55545,27.0
777,2541,55561,16.0
777,2542,55573,12.0
777,2543,55587,14.0
777,2544,55605,18.0
777,2545,55620,15.0
777,2546,55641,21.0
777,2547,55657,16.0
777,2548,55672,15.0
777,2549,55726,54.0
777,2550,55742,16.0
777,2551,55758,16.0
777,2552,55773,15.0
777,2553,55797,24.0
777,2554,55839,42.0
777,2555,55853,14.0
777,2556,55875,22.0
777,2557,55907,32.0
777,2558,55940,33.0
777,2559,55954,14.0
777,2560,55971,17.0
777,2561,55994,23.0
777,2562,56003,9.0
777,2563,56025,22.0
777,2564,56043,18.0
777,2565,56066,23.0
777,2566,56095,29.0
777,2567,56114,19.0
777,2568,56142,28.0
777,2569,56165,23.0
777,2570,56195,30.0
777,2571,56237,42.0
777,2572,56257,20.0
777,2573,56273,16.0
777,2574,56285,12.0
777,2575,56316,31.0
777,2576,56352,36.0
777,2577,56363,11.0
777,2578,56399,36.0
777,2579,56420,21.0
777,2580,56438,18.0
777,2581,56452,14.0
777,2582,56469,17.0
777,2583,56512,43.0
777,2584,56541,29.0
777,2585,56555,14.0
777,2586,56567,12.0
777,2587,56578,11.0
777,2588,56600,22.0
777,2589,56623,23.0
777,2590,56649,26.0
777,2591,56664,15.0
777,2592,56684,20.0
777,2593,56710,26.0
777,2594,56775,65.0
777,2595,56796,21.0
777,2596,56823,27.0
777,2597,56837,14.0
777,2598,56851,14.0
777,2599,56868,17.0
777,2600,56882,14.0
777,2601,56906,24.0
777,2602,56934,28.0
777,2603,56948,14.0
777,2604,56969,21.0
777,2605,56986,17.0
777,2606,57019,33.0
777,2607,57036,17.0
777,2608,57057,21.0
777,2609,57091,34.0
777,2610,57108,17.0
777,2611,57118,10.0
777,2612,57138,20.0
777,2613,57150,12.0
777,2614,57159,9.0
777,2615,57177,18.0
777,2616,57204,27.0
777,2617,57228,24.0
777,2618,57248,20.0
777,2619,57263,15.0
777,2620,57289,26.0
777,2621,57301,12.0
777,2622,57312,11.0
777,2623,57327,15.0
777,2624,57338,11.0
777,2625,57371,33.0
777,2626,57394,23.0
777,2627,57405,11.0
777,2628,57427,22.0
777,2629,57455,28.0
777,2630,57476,21.0
777,2631,57489,13.0
777,2632,57518,29.0
777,2633,57539,21.0
777,2634,57548,9.0
777,2635,57576,28.0
777,2636,57597,21.0
777,2637,57617,20.0
777,2638,57645,28.0
777,2639,57683,38.0
777,2640,57728,45.0
777,2641,57747,19.0
777,2642,57793,46.0
777,2643,57809,16.0
777,2644,57833,24.0
777,2645,57854,21.0
777,2646,57897,43.0
777,2647,57911,14.0
777,2648,57975,64.0
777,2649,58001,26.0
777,2650,58026,25.0
777,2651,58056,30.0
777,2652,58072,16.0
777,2653,58094,22.0
777,2654,58115,21.0
777,2655,58170,55.0
777,2656,58185,15.0
777,2657,58233,48.0
777,2658,58250,17.0
777,2659,58280,30.0
777,2660,58295,15.0
777,2661,58307,12.0
777,2662,58333,26.0
777,2663,58367,34.0
777,2664,58389,22.0
777,2665,58412,23.0
777,2666,58432,20.0
777,2667,58444,12.0
777,2668,58454,10.0
777,2669,58468,14.0
777,2670,58480,12.0
777,2671,58495,15.0
777,2672,58515,20.0
777,2673,58527,12.0
777,2674,58538,11.0
777,2675,58568,30.0
777,2676,58588,20.0
777,2677,58606,18.0
777,2678,58616,10.0
777,2679,58641,25.0
777,2680,58655,14.0
777,2681,58694,39.0
777,2682,58705,11.0
777,2683,58740,35.0
777,2684,58753,13.0
777,2685,58847,94.0
777,2686,58869,22.0
777,2687,58879,10.0
777,2688,58896,17.0
777,2689,58915,19.0
777,2690,58941,26.0
777,2691,58959,18.0
777,2692,58979,20.0
777,2693,58994,15.0
777,2694,59020,26.0
777,2695,59047,27.0
777,2696,59111,64.0
777,2697,59148,37.0
777,2698,59163,15.0
777,2699,59205,42.0
777,2700,59221,16.0
777,2701,59240,19.0
777,2702,59256,16.0
777,2703,59281,25.0
777,2704,59300,19.0
777,2705,59324,24.0
777,2706,59334,10.0
777,2707,59347,13.0
777,2708,59367,20.0
777,2709,59383,16.0
777,2710,59399,16.0
777,2711,59427,28.0
777,2712,59440,13.0
777,2713,59464,24.0
777,2714,59481,17.0
777,2715,59495,14.0
777,2716,59507,12.0
777,2717,59521,14.0
777,2718,59535,14.0
777,2719,59546,11.0
777,2720,59558,12.0
777,2721,59567,9.0
777,2722,59583,16.0
777,2723,59602,19.0
777,2724,59625,23.0
777,2725,59638,13.0
777,2726,59660,22.0
777,2727,59690,30.0
777,2728,59722,32.0
777,2729,59743,21.0
777,2730,59758,15.0
777,2731,59799,41.0
777,2732,59828,29.0
777,2733,59845,17.0
777,2734,59873,28.0
777,2735,59902,29.0
777,2736,59925,23.0
777,2737,59947,22.0
777,2738,59968,21.0
777,2739,59977,9.0
777,2740,59999,22.0
777,2741,60019,20.0
777,2742,60052,33.0
777,2743,60063,11.0
777,2744,60088,25.0
777,2745,60107,19.0
777,2746,60120,13.0
777,2747,60145,25.0
777,2748,60172,27.0
777,2749,60200,28.0
777,2750,60212,12.0
777,2751,60236,24.0
777,2752,60266,30.0
777,2753,60283,17.0
777,2754,60297,14.0
777,2755,60331,34.0
777,2756,60350,19.0
777,2757,60366,16.0
777,2758,60378,12.0
777,2759,60397,19.0
777,2760,60415,18.0
777,2761,60433,18.0
777,2762,60454,21.0
777,2763,60480,26.0
777,2764,60495,15.0
777,2765,60507,12.0
777,2766,60532,25.0
777,2767,60557,25.0
777,2768,60592,35.0
777,2769,60610,18.0
777,2770,60625,15.0
777,2771,60655,30.0
777,2772,60705,50.0
777,2773,60750,45.0
777,2774,60770,20.0
777,2775,60821,51.0
777,2776,60833,12.0
777,2777,60853,20.0
777,2778,60873,20.0
777,2779,60891,18.0
777,2780,60906,15.0
777,2781,60932,26.0
777,2782,60960,28.0
777,2783,60982,22.0
777,2784,61003,21.0
777,2785,61016,13.0
777,2786,61028,12.0
777,2787,61039,11.0
777,2788,61070,31.0
777,2789,61095,25.0
777,2790,61108,13.0
777,2791,61172,64.0
777,2792,61204,32.0
777,2793,61218,14.0
777,2794,61239,21.0
777,2795,61286,47.0
777,2796,61298,12.0
777,2797,61318,20.0
777,2798,61332,14.0
777,2799,61354,22.0
777,2800,61392,38.0
777,2801,61408,16.0
777,2802,61428,20.0
777,2803,61440,12.0
777,2804,61458,18.0
777,2805,61482,24.0
777,2806,61491,9.0
777,2807,61515,24.0
777,2808,61549,34.0
777,2809,61572,23.0
777,2810,61588,16.0
777,2811,61602,14.0
777,2812,61654,52.0
777,2813,61680,26.0
777,2814,61697,17.0
777,2815,61732,35.0
777,2816,61762,30.0
777,2817,61806,44.0
777,2818,61823,17.0
777,2819,61850,27.0
777,2820,61875,25.0
777,2821,61893,18.0
777,2822,61912,19.0
777,2823,61920,8.0
777,2824,61933,13.0
777,2825,61948,15.0
777,2826,61969,21.0
777,2827,61995,26.0
777,2828,62057,62.0
777,2829,62071,14.0
777,2830,62099,28.0
777,2831,62130,31.0
777,2832,62170,40.0
777,2833,62193,23.0
777,2834,62204,11.0
777,2835,62237,33.0
777,2836,62269,32.0
777,2837,62290,21.0
777,2838,62318,28.0
777,2839,62337,19.0
777,2840,62369,32.0
777,2841,62389,20.0
777,2842,62431,42.0
777,2843,62477,46.0
777,2844,62531,54.0
777,2845,62552,21.0
777,2846,62563,11.0
777,2847,62624,61.0
777,2848,62660,36.0
777,2849,62690,30.0
777,2850,62724,34.0
777,2851,62756,32.0
777,2852,62776,20.0
777,2853,62797,21.0
777,2854,62821,24.0
777,2855,62833,12.0
777,2856,62847,14.0
777,2857,62877,30.0
777,2858,62891,14.0
777,2859,62906,15.0
777,2860,62916,10.0
777,2861,62946,30.0
777,2862,62965,19.0
777,2863,62982,17.0
777,2864,63000,18.0
777,2865,63032,32.0
777,2866,63045,13.0
777,2867,63056,11.0
777,2868,63070,14.0
777,2869,63093,23.0
777,2870,63106,13.0
777,2871,63136,30.0
777,2872,63150,14.0
777,2873,63162,12.0
777,2874,63189,27.0
777,2875,63201,12.0
777,2876,63226,25.0
777,2877,63238,12.0
777,2878,63257,19.0
777,2879,63276,19.0
777,2880,63307,31.0
777,2881,63329,22.0
777,2882,63338,9.0
777,2883,63352,14.0
777,2884,63374,22.0
777,2885,63388,14.0
777,2886,63403,15.0
777,2887,63447,44.0
777,2888,63466,19.0
777,2889,63478,12.0
777,2890,63494,16.0
777,2891,63512,18.0
777,2892,63530,18.0
777,2893,63542,12.0
777,2894,63585,43.0
777,2895,63616,31.0
777,2896,63629,13.0
777,2897,63647,18.0
777,2898,63669,22.0
777,2899,63695,26.0
777,2900,63707,12.0
777,2901,63718,11.0
777,2902,63733,15.0
777,2903,63759,26.0
777,2904,63779,20.0
777,2905,63809,30.0
777,2906,63835,26.0
777,2907,63856,21.0
777,2908,63867,11.0
777,2909,63893,26.0
777,2910,63911,18.0
777,2911,63924,13.0
777,2912,63939,15.0
777,2913,63959,20.0
777,2914,63972,13.0
777,2915,64013,41.0
777,2916,64026,13.0
777,2917,64076,50.0
777,2918,64095,19.0
777,2919,64117,22.0
777,2920,64133,16.0
777,2921,64153,20.0
777,2922,64169,16.0
777,2923,64194,25.0
777,2924,64240,46.0
777,2925,64257,17.0
777,2926,64273,16.0
777,2927,64307,34.0
777,2928,64324,17.0
777,2929,64335,11.0
777,2930,64345,10.0
777,2931,64374,29.0
777,2932,64388,14.0
777,2933,64447,59.0
777,2934,64463,16.0
777,2935,64477,14.0
777,2936,64512,35.0
777,2937,64535,23.0
777,2938,64551,16.0
777,2939,64568,17.0
777,2940,64600,32.0
777,2941,64636,36.0
777,2942,64647,11.0
777,2943,64665,18.0
777,2944,64677,12.0
777,2945,64693,16.0
777,2946,64739,46.0
777,2947,64757,18.0
777,2948,64773,16.0
777,2949,64789,16.0
777,2950,64817,28.0
777,2951,64829,12.0
777,2952,64844,15.0
777,2953,64861,17.0
777,2954,64875,14.0
777,2955,64899,24.0
777,2956,64914,15.0
777,2957,64934,20.0
777,2958,64964,30.0
777,2959,64987,23.0
777,2960,65003,16.0
777,2961,65020,17.0
777,2962,65043,23.0
777,2963,65066,23.0
777,2964,65076,10.0
777,2965,65121,45.0
777,2966,65133,12.0
777,2967,65157,24.0
777,2968,65180,23.0
777,2969,65197,17.0
777,2970,65220,23.0
777,2971,65239,19.0
777,2972,65294,55.0
777,2973,65311,17.0
777,2974,65328,17.0
777,2975,65369,41.0
777,2976,65399,30.0
777,2977,65432,33.0
777,2978,65463,31.0
777,2979,65472,9.0
777,2980,65488,16.0
777,2981,65534,46.0
777,2982,65559,25.0
777,2983,65575,16.0
777,2984,65590,15.0
777,2985,65601,11.0
777,2986,65611,10.0
777,2987,65629,18.0
777,2988,65649,20.0
777,2989,65662,13.0
777,2990,65689,27.0
777,2991,65705,16.0
777,2992,65733,28.0
777,2993,65760,27.0
777,2994,65773,13.0
777,2995,65784,11.0
777,2996,65801,17.0
777,2997,65818,17.0
777,2998,65838,20.0
777,2999,65856,18.0
777,3000,65875,19.0
777,3001,65911,36.0
777,3002,65922,11.0
777,3003,65936,14.0
777,3004,65950,14.0
777,3005,65970,20.0
777,3006,65985,15.0
777,3007,66001,16.0
777,3008,66033,32.0
777,3009,66053,20.0
777,3010,66082,29.0
777,3011,66110,28.0
777,3012,66128,18.0
777,3013,66149,21.0
777,3014,66173,24.0
777,3015,66192,19.0
777,3016,66202,10.0
777,3017,66225,23.0
777,3018,66237,12.0
777,3019,66248,11.0
777,3020,66288,40.0
777,3021,66297,9.0
777,3022,66306,9.0
777,3023,66319,13.0
777,3024,66365,46.0
777,3025,66400,35.0
777,3026,66413,13.0
777,3027,66459,46.0
777,3028,66476,17.0
777,3029,66531,55.0
777,3030,66570,39.0
777,3031,66586,16.0
777,3032,66615,29.0
777,3033,66645,30.0
777,3034,66661,16.0
777,3035,66703,42.0
777,3036,66721,18.0
777,3037,66754,33.0
777,3038,66773,19.0
777,3039,66830,57.0
777,3040,66847,17.0
777,3041,66858,11.0
777,3042,66874,16.0
777,3043,66889,15.0
777,3044,66911,22.0
777,3045,66936,25.0
777,3046,66950,14.0
777,3047,66959,9.0
777,3048,66981,22.0
777,3049,66998,17.0
777,3050,67028,30.0
777,3051,67043,15.0
777,3052,67064,21.0
777,3053,67112,48.0
777,3054,67135,23.0
777,3055,67179,44.0
777,3056,67197,18.0
777,3057,67210,13.0
777,3058,67222,12.0
777,3059,67253,31.0
777,3060,67288,35.0
777,3061,67306,18.0
777,3062,67357,51.0
777,3063,67370,13.0
777,3064,67385,15.0
777,3065,67414,29.0
777,3066,67434,20.0
777,3067,67451,17.0
777,3068,67465,14.0
777,3069,67500,35.0
777,3070,67519,19.0
777,3071,67545,26.0
777,3072,67567,22.0
777,3073,67584,17.0
777,3074,67598,14.0
777,3075,67640,42.0
777,3076,67651,11.0
777,3077,67667,16.0
777,3078,67692,25.0
777,3079,67727,35.0
777,3080,67739,12.0
777,3081,67755,16.0
777,3082,67778,23.0
777,3083,67797,19.0
777,3084,67818,21.0
777,3085,67838,20.0
777,3086,67872,34.0
777,3087,67932,60.0
777,3088,67960,28.0
777,3089,67976,16.0
777,3090,67986,10.0
777,3091,68012,26.0
777,3092,68032,20.0
777,3093,68055,23.0
777,3094,68074,19.0
777,3095,68087,13.0
777,3096,68106,19.0
777,3097,68129,23.0
777,3098,68139,10.0
777,3099,68170,31.0
777,3100,68182,12.0
777,3101,68198,16.0
777,3102,68262,64.0
777,3103,68284,22.0
777,3104,68308,24.0
777,3105,68327,19.0
777,3106,68337,10.0
777,3107,68352,15.0
777,3108,68363,11.0
777,3109,68374,11.0
777,3110,68388,14.0
777,3111,68410,22.0
777,3112,68428,18.0
777,3113,68449,21.0
777,3114,68470,21.0
777,3115,68489,19.0
777,3116,68504,15.0
777,3117,68530,26.0
777,3118,68547,17.0
777,3119,68572,25.0
777,3120,68647,75.0
777,3121,68665,18.0
777,3122,68676,11.0
777,3123,68702,26.0
777,3124,68715,13.0
777,3125,68735,20.0
777,3126,68762,27.0
777,3127,68801,39.0
777,3128,68819,18.0
777,3129,68847,28.0
777,3130,68865,18.0
777,3131,68878,13.0
777,3132,68895,17.0
777,3133,68909,14.0
777,3134,68926,17.0
777,3135,68940,14.0
777,3136,68959,19.0
777,3137,68985,26.0
777,3138,68999,14.0
777,3139,69009,10.0
777,3140,69036,27.0
777,3141,69053,17.0
777,3142,69089,36.0
777,3143,69112,23.0
777,3144,69137,25.0
777,3145,69157,20.0
777,3146,69179,22.0
777,3147,69190,11.0
777,3148,69209,19.0
777,3149,69237,28.0
777,3150,69257,20.0
777,3151,69270,13.0
777,3152,69293,23.0
777,3153,69305,12.0
777,3154,69319,14.0
777,3155,69331,12.0
777,3156,69355,24.0
777,3157,69373,18.0
777,3158,69388,15.0
777,3159,69399,11.0
777,3160,69420,21.0
777,3161,69445,25.0
777,3162,69460,15.0
777,3163,69480,20.0
777,3164,69491,11.0
777,3165,69519,28.0
777,3166,69531,12.0
777,3167,69555,24.0
777,3168,69582,27.0
777,3169,69595,13.0
777,3170,69622,27.0
777,3171,69638,16.0
777,3172,69650,12.0
777,3173,69664,14.0
777,3174,69680,16.0
777,3175,69700,20.0
777,3176,69717,17.0
777,3177,69738,21.0
777,3178,69755,17.0
777,3179,69781,26.0
777,3180,69795,14.0
777,3181,69842,47.0
777,3182,69874,32.0
777,3183,69889,15.0
777,3184,69900,11.0
777,3185,69914,14.0
777,3186,69946,32.0
777,3187,69958,12.0
777,3188,69969,11.0
777,3189,69980,11.0
777,3190,69995,15.0
777,3191,70011,16.0
777,3192,70029,18.0
777,3193,70056,27.0
777,3194,70068,12.0
777,3195,70087,19.0
777,3196,70110,23.0
777,3197,70122,12.0
777,3198,70158,36.0
777,3199,70185,27.0
777,3200,70195,10.0
777,3201,70211,16.0
777,3202,70260,49.0
777,3203,70278,18.0
777,3204,70299,21.0
777,3205,70315,16.0
777,3206,70326,11.0
777,3207,70341,15.0
777,3208,70377,36.0
777,3209,70409,32.0
777,3210,70425,16.0
777,3211,70441,16.0
777,3212,70458,17.0
777,3213,70486,28.0
777,3214,70499,13.0
777,3215,70523,24.0
777,3216,70541,18.0
777,3217,70554,13.0
777,3218,70566,12.0
777,3219,70580,14.0
777,3220,70607,27.0
777,3221,70632,25.0
777,3222,70666,34.0
777,3223,70695,29.0
777,3224,70709,14.0
777,3225,70721,12.0
777,3226,70732,11.0
777,3227,70745,13.0
777,3228,70767,22.0
777,3229,70796,29.0
777,3230,70851,55.0
777,3231,70876,25.0
777,3232,70888,12.0
777,3233,70924,36.0
777,3234,70938,14.0
777,3235,71001,63.0
777,3236,71015,14.0
777,3237,71043,28.0
777,3238,71053,10.0
777,3239,71065,12.0
777,3240,71085,20.0
777,3241,71096,11.0
777,3242,71111,15.0
777,3243,71125,14.0
777,3244,71145,20.0
777,3245,71162,17.0
777,3246,71186,24.0
777,3247,71208,22.0
777,3248,71224,16.0
777,3249,71272,48.0
777,3250,71289,17.0
777,3251,71302,13.0
777,3252,71324,22.0
777,3253,71353,29.0
777,3254,71394,41.0
777,3255,71406,12.0
777,3256,71419,13.0
777,3257,71453,34.0
777,3258,71470,17.0
777,3259,71504,34.0
777,3260,71530,26.0
777,3261,71545,15.0
777,3262,71558,13.0
777,3263,71577,19.0
777,3264,71595,18.0
777,3265,71614,19.0
777,3266,71652,38.0
777,3267,71667,15.0
777,3268,71697,30.0
777,3269,71712,15.0
777,3270,71730,18.0
777,3271,71740,10.0
777,3272,71754,14.0
777,3273,71781,27.0
777,3274,71815,34.0
777,3275,71829,14.0
777,3276,71888,59.0
777,3277,71915,27.0
777,3278,71925,10.0
777,3279,71940,15.0
777,3280,71952,12.0
777,3281,71965,13.0
777,3282,71986,21.0
777,3283,72028,42.0
777,3284,72047,19.0
777,3285,72098,51.0
777,3286,72111,13.0
777,3287,72120,9.0
777,3288,72135,15.0
777,3289,72165,30.0
777,3290,72182,17.0
777,3291,72206,24.0
777,3292,72240,34.0
777,3293,72251,11.0
777,3294,72266,15.0
777,3295,72277,11.0
777,3296,72306,29.0
777,3297,72370,64.0
777,3298,72419,49.0
777,3299,72443,24.0
777,3300,72454,11.0
777,3301,72469,15.0
777,3302,72488,19.0
777,3303,72513,25.0
777,3304,72527,14.0
777,3305,72536,9.0
777,3306,72567,31.0
777,3307,72584,17.0
777,3308,72604,20.0
777,3309,72616,12.0
777,3310,72626,10.0
777,3311,72639,13.0
777,3312,72653,14.0
777,3313,72670,17.0
777,3314,72682,12.0
777,3315,72694,12.0
777,3316,72706,12.0
777,3317,72729,23.0
777,3318,72745,16.0
777,3319,72762,17.0
777,3320,72776,14.0
777,3321,72808,32.0
777,3322,72828,20.0
777,3323,72848,20.0
777,3324,72878,30.0
777,3325,72927,49.0
777,3326,72945,18.0
777,3327,72962,17.0
777,3328,72978,16.0
777,3329,72991,13.0
777,3330,73003,12.0
777,3331,73021,18.0
777,3332,73057,36.0
777,3333,73078,21.0
777,3334,73093,15.0
777,3335,73107,14.0
777,3336,73118,11.0
777,3337,73163,45.0
777,3338,73172,9.0
777,3339,73197,25.0
777,3340,73207,10.0
777,3341,73219,12.0
777,3342,73241,22.0
777,3343,73266,25.0
777,3344,73279,13.0
777,3345,73312,33.0
777,3346,73325,13.0
777,3347,73369,44.0
777,3348,73417,48.0
777,3349,73438,21.0
777,3350,73466,28.0
777,3351,73506,40.0
777,3352,73517,11.0
777,3353,73526,9.0
777,3354,73545,19.0
777,3355,73557,12.0
777,3356,73567,10.0
777,3357,73583,16.0
777,3358,73658,75.0
777,3359,73673,15.0
777,3360,73691,18.0
777,3361,73712,21.0
777,3362,73756,44.0
777,3363,73775,19.0
777,3364,73786,11.0
777,3365,73798,12.0
777,3366,73823,25.0
777,3367,73836,13.0
777,3368,73851,15.0
777,3369,73876,25.0
777,3370,73914,38.0
777,3371,73949,35.0
777,3372,73964,15.0
777,3373,73981,17.0
777,3374,73992,11.0
777,3375,74019,27.0
777,3376,74037,18.0
777,3377,74056,19.0
777,3378,74071,15.0
777,3379,74083,12.0
777,3380,74096,13.0
777,3381,74133,37.0
777,3382,74210,77.0
777,3383,74226,16.0
777,3384,74235,9.0
777,3385,74251,16.0
777,3386,74321,70.0
777,3387,74355,34.0
777,3388,74400,45.0
777,3389,74496,96.0
777,3390,74512,16.0
777,3391,74528,16.0
777,3392,74553,25.0
777,3393,74586,33.0
777,3394,74648,62.0
777,3395,74691,43.0
777,3396,74705,14.0
777,3397,74719,14.0
777,3398,74727,8.0
777,3399,74744,17.0
777,3400,74763,19.0
777,3401,74789,26.0
777,3402,74820,31.0
777,3403,74846,26.0
777,3404,74859,13.0
777,3405,74871,12.0
777,3406,74888,17.0
777,3407,74901,13.0
777,3408,74916,15.0
777,3409,74927,11.0
777,3410,74937,10.0
777,3411,74956,19.0
777,3412,74971,15.0
777,3413,74987,16.0
777,3414,75008,21.0
777,3415,75018,10.0
777,3416,75034,16.0
777,3417,75065,31.0
777,3418,75080,15.0
777,3419,75093,13.0
777,3420,75112,19.0
777,3421,75142,30.0
777,3422,75159,17.0
777,3423,75176,17.0
777,3424,75239,63.0
777,3425,75254,15.0
777,3426,75292,38.0
777,3427,75328,36.0
777,3428,75345,17.0
777,3429,75357,12.0
777,3430,75385,28.0
777,3431,75395,10.0
777,3432,75439,44.0
777,3433,75454,15.0
777,3434,75468,14.0
777,3435,75481,13.0
777,3436,75493,12.0
777,3437,75535,42.0
777,3438,75551,16.0
777,3439,75561,10.0
777,3440,75583,22.0
777,3441,75602,19.0
777,3442,75613,11.0
777,3443,75635,22.0
777,3444,75661,26.0
777,3445,75678,17.0
777,3446,75706,28.0
777,3447,75741,35.0
777,3448,75763,22.0
777,3449,75775,12.0
777,3450,75790,15.0
777,3451,75800,10.0
777,3452,75829,29.0
777,3453,75842,13.0
777,3454,75864,22.0
777,3455,75915,51.0
777,3456,75964,49.0
777,3457,75979,15.0
777,3458,75990,11.0
777,3459,76035,45.0
777,3460,76047,12.0
777,3461,76057,10.0
777,3462,76075,18.0
777,3463,76092,17.0
777,3464,76130,38.0
777,3465,76148,18.0
777,3466,76182,34.0
777,3467,76200,18.0
777,3468,76226,26.0
777,3469,76250,24.0
777,3470,76268,18.0
777,3471,76295,27.0
777,3472,76310,15.0
777,3473,76320,10.0
777,3474,76341,21.0
777,3475,76360,19.0
777,3476,76382,22.0
777,3477,76411,29.0
777,3478,76433,22.0
777,3479,76446,13.0
777,3480,76477,31.0
777,3481,76487,10.0
777,3482,76504,17.0
777,3483,76519,15.0
777,3484,76536,17.0
777,3485,76577,41.0
777,3486,76604,27.0
777,3487,76642,38.0
777,3488,76661,19.0
777,3489,76691,30.0
777,3490,76703,12.0
777,3491,76715,12.0
777,3492,76750,35.0
777,3493,76778,28.0
777,3494,76830,52.0
777,3495,76848,18.0
777,3496,76865,17.0
777,3497,76876,11.0
777,3498,76895,19.0
777,3499,76905,10.0
777,3500,76921,16.0
777,3501,76932,11.0
777,3502,76955,23.0
777,3503,76979,24.0
777,3504,76994,15.0
777,3505,77030,36.0
777,3506,77048,18.0
777,3507,77068,20.0
777,3508,77094,26.0
777,3509,77104,10.0
777,3510,77133,29.0
777,3511,77162,29.0
777,3512,77256,94.0
777,3513,77277,21.0
777,3514,77309,32.0
777,3515,77329,20.0
777,3516,77368,39.0
777,3517,77380,12.0
777,3518,77408,28.0
777,3519,77420,12.0
777,3520,77431,11.0
777,3521,77464,33.0
777,3522,77533,69.0
777,3523,77553,20.0
777,3524,77588,35.0
777,3525,77597,9.0
777,3526,77631,34.0
777,3527,77640,9.0
777,3528,77666,26.0
777,3529,77685,19.0
777,3530,77716,31.0
777,3531,77727,11.0
777,3532,77741,14.0
777,3533,77807,66.0
777,3534,77837,30.0
777,3535,77849,12.0
777,3536,77868,19.0
777,3537,77895,27.0
777,3538,77905,10.0
777,3539,77921,16.0
777,3540,77935,14.0
777,3541,77952,17.0
777,3542,77987,35.0
777,3543,78003,16.0
777,3544,78019,16.0
777,3545,78038,19.0
777,3546,78055,17.0
777,3547,78067,12.0
777,3548,78079,12.0
777,3549,78096,17.0
777,3550,78108,12.0
777,3551,78129,21.0
777,3552,78144,15.0
777,3553,78168,24.0
777,3554,78177,9.0
777,3555,78189,12.0
777,3556,78222,33.0
777,3557,78231,9.0
777,3558,78299,68.0
777,3559,78310,11.0
777,3560,78339,29.0
777,3561,78364,25.0
777,3562,78383,19.0
777,3563,78404,21.0
777,3564,78417,13.0
777,3565,78440,23.0
777,3566,78465,25.0
777,3567,78515,50.0
777,3568,78525,10.0
777,3569,78545,20.0
777,3570,78566,21.0
777,3571,78577,11.0
777,3572,78600,23.0
777,3573,78634,34.0
777,3574,78651,17.0
777,3575,78674,23.0
777,3576,78687,13.0
777,3577,78734,47.0
777,3578,78752,18.0
777,3579,78792,40.0
777,3580,78831,39.0
777,3581,78851,20.0
777,3582,78864,13.0
777,3583,78875,11.0
777,3584,78888,13.0
777,3585,78910,22.0
777,3586,78932,22.0
777,3587,78951,19.0
777,3588,78960,9.0
777,3589,78973,13.0
777,3590,78984,11.0
777,3591,79001,17.0
777,3592,79021,20.0
777,3593,79032,11.0
777,3594,79072,40.0
777,3595,79089,17.0
777,3596,79103,14.0
777,3597,79116,13.0
777,3598,79130,14.0
777,3599,79139,9.0
777,3600,79177,38.0
777,3601,79195,18.0
777,3602,79205,10.0
777,3603,79234,29.0
777,3604,79256,22.0
777,3605,79274,18.0
777,3606,79284,10.0
777,3607,79301,17.0
777,3608,79346,45.0
777,3609,79373,27.0
777,3610,79401,28.0
777,3611,79430,29.0
777,3612,79442,12.0
777,3613,79452,10.0
777,3614,79488,36.0
777,3615,79532,44.0
777,3616,79554,22.0
777,3617,79575,21.0
777,3618,79592,17.0
777,3619,79616,24.0
777,3620,79654,38.0
777,3621,79672,18.0
777,3622,79722,50.0
777,3623,79744,22.0
777,3624,79758,14.0
777,3625,79792,34.0
777,3626,79814,22.0
777,3627,79836,22.0
777,3628,79850,14.0
777,3629,79876,26.0
777,3630,79900,24.0
777,3631,79939,39.0
777,3632,79962,23.0
777,3633,79981,19.0
777,3634,79994,13.0
777,3635,80019,25.0
777,3636,80031,12.0
777,3637,80045,14.0
777,3638,80056,11.0
777,3639,80079,23.0
777,3640,80096,17.0
777,3641,80109,13.0
777,3642,80166,57.0
777,3643,80179,13.0
777,3644,80194,15.0
777,3645,80212,18.0
777,3646,80232,20.0
777,3647,80263,31.0
777,3648,80280,17.0
777,3649,80304,24.0
777,3650,80324,20.0
777,3651,80350,26.0
777,3652,80367,17.0
777,3653,80390,23.0
777,3654,80413,23.0
777,3655,80432,19.0
777,3656,80451,19.0
777,3657,80474,23.0
777,3658,80491,17.0
777,3659,80524,33.0
777,3660,80548,24.0
777,3661,80563,15.0
777,3662,80582,19.0
777,3663,80614,32.0
777,3664,80635,21.0
777,3665,80705,70.0
777,3666,80723,18.0
777,3667,80741,18.0
777,3668,80774,33.0
777,3669,80789,15.0
777,3670,80816,27.0
777,3671,80835,19.0
777,3672,80867,32.0
777,3673,80893,26.0
777,3674,80915,22.0
777,3675,80926,11.0
777,3676,80939,13.0
777,3677,80954,15.0
777,3678,80973,19.0
777,3679,80992,19.0
777,3680,81012,20.0
777,3681,81026,14.0
777,3682,81054,28.0
777,3683,81073,19.0
777,3684,81098,25.0
777,3685,81116,18.0
777,3686,81131,15.0
777,3687,81157,26.0
777,3688,81180,23.0
777,3689,81208,28.0
777,3690,81229,21.0
777,3691,81262,33.0
777,3692,81282,20.0
777,3693,81306,24.0
777,3694,81328,22.0
777,3695,81361,33.0
777,3696,81394,33.0
777,3697,81416,22.0
777,3698,81453,37.0
777,3699,81469,16.0
777,3700,81489,20.0
777,3701,81518,29.0
777,3702,81567,49.0
777,3703,81581,14.0
777,3704,81612,31.0
777,3705,81634,22.0
777,3706,81649,15.0
777,3707,81660,11.0
777,3708,81693,33.0
777,3709,81709,16.0
777,3710,81718,9.0
777,3711,81734,16.0
777,3712,81743,9.0
777,3713,81764,21.0
777,3714,81775,11.0
777,3715,81799,24.0
777,3716,81817,18.0
777,3717,81839,22.0
777,3718,81850,11.0
777,3719,81865,15.0
777,3720,81879,14.0
777,3721,81899,20.0
777,3722,81909,10.0
777,3723,81941,32.0
777,3724,81970,29.0
777,3725,81980,10.0
777,3726,82024,44.0
777,3727,82035,11.0
777,3728,82056,21.0
777,3729,82070,14.0
777,3730,82093,23.0
777,3731,82112,19.0
777,3732,82126,14.0
777,3733,82137,11.0
777,3734,82153,16.0
777,3735,82170,17.0
777,3736,82204,34.0
777,3737,82218,14.0
777,3738,82242,24.0
777,3739,82285,43.0
777,3740,82304,19.0
777,3741,82315,11.0
777,3742,82340,25.0
777,3743,82349,9.0
777,3744,82359,10.0
777,3745,82372,13.0
777,3746,82393,21.0
777,3747,82403,10.0
777,3748,82419,16.0
777,3749,82429,10.0
777,3750,82443,14.0
777,3751,82466,23.0
777,3752,82512,46.0
777,3753,82528,16.0
777,3754,82542,14.0
777,3755,82559,17.0
777,3756,82577,18.0
777,3757,82596,19.0
777,3758,82617,21.0
777,3759,82633,16.0
777,3760,82666,33.0
777,3761,82724,58.0
777,3762,82742,18.0
777,3763,82769,27.0
777,3764,82783,14.0
777,3765,82814,31.0
777,3766,82831,17.0
777,3767,82853,22.0
777,3768,82875,22.0
777,3769,82885,10.0
777,3770,82897,12.0
777,3771,82927,30.0
777,3772,82940,13.0
777,3773,82967,27.0
777,3774,83013,46.0
777,3775,83037,24.0
777,3776,83073,36.0
777,3777,83089,16.0
777,3778,83114,25.0
777,3779,83130,16.0
777,3780,83148,18.0
777,3781,83159,11.0
777,3782,83190,31.0
777,3783,83203,13.0
777,3784,83219,16.0
777,3785,83240,21.0
777,3786,83252,12.0
777,3787,83274,22.0
777,3788,83288,14.0
777,3789,83315,27.0
777,3790,83326,11.0
777,3791,83353,27.0
777,3792,83371,18.0
777,3793,83384,13.0
777,3794,83409,25.0
777,3795,83428,19.0
777,3796,83441,13.0
777,3797,83464,23.0
777,3798,83486,22.0
777,3799,83498,12.0
777,3800,83508,10.0
777,3801,83528,20.0
777,3802,83543,15.0
777,3803,83568,25.0
777,3804,83583,15.0
777,3805,83620,37.0
777,3806,83663,43.0
777,3807,83673,10.0
777,3808,83689,16.0
777,3809,83704,15.0
777,3810,83723,19.0
777,3811,83744,21.0
777,3812,83759,15.0
777,3813,83774,15.0
777,3814,83801,27.0
777,3815,83814,13.0
777,3816,83825,11.0
777,3817,83893,68.0
777,3818,83904,11.0
777,3819,83917,13.0
777,3820,83939,22.0
777,3821,83957,18.0
777,3822,83969,12.0
777,3823,83985,16.0
777,3824,84007,22.0
777,3825,84027,20.0
777,3826,84041,14.0
777,3827,84071,30.0
777,3828,84082,11.0
777,3829,84098,16.0
777,3830,84134,36.0
777,3831,84146,12.0
777,3832,84170,24.0
777,3833,84201,31.0
777,3834,84228,27.0
777,3835,84239,11.0
777,3836,84273,34.0
777,3837,84285,12.0
777,3838,84301,16.0
777,3839,84325,24.0
777,3840,84340,15.0
777,3841,84349,9.0
777,3842,84377,28.0
777,3843,84395,18.0
777,3844,84405,10.0
777,3845,84420,15.0
777,3846,84437,17.0
777,3847,84468,31.0
777,3848,84480,12.0
777,3849,84504,24.0
777,3850,84521,17.0
777,3851,84577,56.0
777,3852,84599,22.0
777,3853,84615,16.0
777,3854,84636,21.0
777,3855,84660,24.0
777,3856,84673,13.0
777,3857,84705,32.0
777,3858,84758,53.0
777,3859,84787,29.0
777,3860,84799,12.0
777,3861,84832,33.0
777,3862,84841,9.0
777,3863,84868,27.0
777,3864,84888,20.0
777,3865,84905,17.0
777,3866,84918,13.0
777,3867,84956,38.0
777,3868,84970,14.0
777,3869,84983,13.0
777,3870,84997,14.0
777,3871,85016,19.0
777,3872,85028,12.0
777,3873,85048,20.0
777,3874,85066,18.0
777,3875,85113,47.0
777,3876,85152,39.0
777,3877,85181,29.0
777,3878,85200,19.0
777,3879,85212,12.0
777,3880,85234,22.0
777,3881,85249,15.0
777,3882,85258,9.0
777,3883,85270,12.0
777,3884,85308,38.0
777,3885,85351,43.0
777,3886,85373,22.0
777,3887,85387,14.0
777,3888,85406,19.0
777,3889,85430,24.0
777,3890,85441,11.0
777,3891,85453,12.0
777,3892,85472,19.0
777,3893,85487,15.0
777,3894,85511,24.0
777,3895,85528,17.0
777,3896,85545,17.0
777,3897,85555,10.0
777,3898,85614,59.0
777,3899,85637,23.0
777,3900,85661,24.0
777,3901,85673,12.0
777,3902,85691,18.0
777,3903,85735,44.0
777,3904,85749,14.0
777,3905,85773,24.0
777,3906,85806,33.0
777,3907,85835,29.0
777,3908,85855,20.0
777,3909,85871,16.0
777,3910,85899,28.0
777,3911,85916,17.0
777,3912,85934,18.0
777,3913,85949,15.0
777,3914,85967,18.0
777,3915,85992,25.0
777,3916,86010,18.0
777,3917,86022,12.0
777,3918,86057,35.0
777,3919,86078,21.0
777,3920,86091,13.0
777,3921,86114,23.0
777,3922,86176,62.0
777,3923,86205,29.0
777,3924,86228,23.0
777,3925,86255,27.0
777,3926,86272,17.0
777,3927,86291,19.0
777,3928,86304,13.0
777,3929,86321,17.0
777,3930,86351,30.0
777,3931,86367,16.0
777,3932,86384,17.0
777,3933,86393,9.0
777,3934,86428,35.0
777,3935,86470,42.0
777,3936,86486,16.0
777,3937,86498,12.0
777,3938,86508,10.0
777,3939,86516,8.0
777,3940,86533,17.0
777,3941,86559,26.0
777,3942,86577,18.0
777,3943,86589,12.0
777,3944,86609,20.0
777,3945,86647,38.0
777,3946,86665,18.0
777,3947,86673,8.0
777,3948,86709,36.0
777,3949,86736,27.0
777,3950,86760,24.0
777,3951,86771,11.0
777,3952,86802,31.0
777,3953,86843,41.0
777,3954,86859,16.0
777,3955,86877,18.0
777,3956,86893,16.0
777,3957,86922,29.0
777,3958,86942,20.0
777,3959,86960,18.0
777,3960,86972,12.0
777,3961,86984,12.0
777,3962,86996,12.0
777,3963,87022,26.0
777,3964,87040,18.0
777,3965,87056,16.0
777,3966,87095,39.0
777,3967,87115,20.0
777,3968,87130,15.0
777,3969,87152,22.0
777,3970,87164,12.0
777,3971,87184,20.0
777,3972,87196,12.0
777,3973,87206,10.0
777,3974,87224,18.0
777,3975,87244,20.0
777,3976,87264,20.0
777,3977,87289,25.0
777,3978,87315,26.0
777,3979,87356,41.0
777,3980,87375,19.0
777,3981,87387,12.0
777,3982,87426,39.0
777,3983,87439,13.0
777,3984,87483,44.0
777,3985,87505,22.0
777,3986,87530,25.0
777,3987,87573,43.0
777,3988,87584,11.0
777,3989,87611,27.0
777,3990,87620,9.0
777,3991,87631,11.0
777,3992,87655,24.0
777,3993,87690,35.0
777,3994,87706,16.0
777,3995,87738,32.0
777,3996,87772,34.0
777,3997,87792,20.0
777,3998,87804,12.0
777,3999,87841,37.0
777,4000,87885,44.0
777,4001,87894,9.0
777,4002,87916,22.0
777,4003,87933,17.0
777,4004,87984,51.0
777,4005,87995,11.0
777,4006,88028,33.0
777,4007,88054,26.0
777,4008,88086,32.0
777,4009,88109,23.0
777,4010,88134,25.0
777,4011,88187,53.0
777,4012,88219,32.0
777,4013,88247,28.0
777,4014,88263,16.0
777,4015,88303,40.0
777,4016,88322,19.0
777,4017,88358,36.0
777,4018,88377,19.0
777,4019,88396,19.0
777,4020,88421,25.0
777,4021,88432,11.0
777,4022,88456,24.0
777,4023,88483,27.0
777,4024,88501,18.0
777,4025,88537,36.0
777,4026,88560,23.0
777,4027,88575,15.0
777,4028,88594,19.0
777,4029,88619,25.0
777,4030,88630,11.0
777,4031,88651,21.0
777,4032,88686,35.0
777,4033,88699,13.0
777,4034,88717,18.0
777,4035,88753,36.0
777,4036,88786,33.0
777,4037,88814,28.0
777,4038,88830,16.0
777,4039,88850,20.0
777,4040,88899,49.0
777,4041,88911,12.0
777,4042,88928,17.0
777,4043,88944,16.0
777,4044,88976,32.0
777,4045,88987,11.0
777,4046,89009,22.0
777,4047,89032,23.0
777,4048,89044,12.0
777,4049,89063,19.0
777,4050,89075,12.0
777,4051,89089,14.0
777,4052,89099,10.0
777,4053,89118,19.0
777,4054,89149,31.0
777,4055,89161,12.0
777,4056,89179,18.0
777,4057,89196,17.0
777,4058,89249,53.0
777,4059,89273,24.0
777,4060,89294,21.0
777,4061,89314,20.0
777,4062,89345,31.0
777,4063,89365,20.0
777,4064,89381,16.0
777,4065,89400,19.0
777,4066,89423,23.0
777,4067,89446,23.0
777,4068,89469,23.0
777,4069,89486,17.0
777,4070,89511,25.0
777,4071,89528,17.0
777,4072,89546,18.0
777,4073,89559,13.0
777,4074,89582,23.0
777,4075,89602,20.0
777,4076,89614,12.0
777,4077,89629,15.0
777,4078,89656,27.0
777,4079,89674,18.0
777,4080,89688,14.0
777,4081,89707,19.0
777,4082,89719,12.0
777,4083,89748,29.0
777,4084,89762,14.0
777,4085,89779,17.0
777,4086,89798,19.0
777,4087,89810,12.0
777,4088,89820,10.0
777,4089,89835,15.0
777,4090,89849,14.0
777,4091,89862,13.0
777,4092,89885,23.0
777,4093,89901,16.0
777,4094,89929,28.0
777,4095,89942,13.0
777,4096,89959,17.0
777,4097,89985,26.0
777,4098,90003,18.0
777,4099,90012,9.0
777,4100,90023,11.0
777,4101,90053,30.0
777,4102,90066,13.0
777,4103,90098,32.0
777,4104,90120,22.0
777,4105,90143,23.0
777,4106,90183,40.0
777,4107,90220,37.0
777,4108,90237,17.0
777,4109,90275,38.0
777,4110,90286,11.0
777,4111,90305,19.0
777,4112,90317,12.0
777,4113,90361,44.0
777,4114,90393,32.0
777,4115,90416,23.0
777,4116,90439,23.0
777,4117,90456,17.0
777,4118,90484,28.0
777,4119,90501,17.0
777,4120,90545,44.0
777,4121,90566,21.0
777,4122,90583,17.0
777,4123,90599,16.0
777,4124,90630,31.0
777,4125,90647,17.0
777,4126,90664,17.0
777,4127,90677,13.0
777,4128,90689,12.0
777,4129,90700,11.0
777,4130,90722,22.0
777,4131,90732,10.0
777,4132,90743,11.0
777,4133,90768,25.0
777,4134,90782,14.0
777,4135,90801,19.0
777,4136,90812,11.0
777,4137,90826,14.0
777,4138,90835,9.0
777,4139,90846,11.0
777,4140,90860,14.0
777,4141,90896,36.0
777,4142,90920,24.0
777,4143,90940,20.0
777,4144,90956,16.0
777,4145,90968,12.0
777,4146,90992,24.0
777,4147,91004,12.0
777,4148,91018,14.0
777,4149,91048,30.0
777,4150,91066,18.0
777,4151,91082,16.0
777,4152,91095,13.0
777,4153,91113,18.0
777,4154,91127,14.0
777,4155,91157,30.0
777,4156,91197,40.0
777,4157,91219,22.0
777,4158,91250,31.0
777,4159,91272,22.0
777,4160,91283,11.0
777,4161,91309,26.0
777,4162,91326,17.0
777,4163,91349,23.0
777,4164,91368,19.0
777,4165,91380,12.0
777,4166,91399,19.0
777,4167,91414,15.0
777,4168,91428,14.0
777,4169,91445,17.0
777,4170,91454,9.0
777,4171,91471,17.0
777,4172,91494,23.0
777,4173,91511,17.0
777,4174,91525,14.0
777,4175,91554,29.0
777,4176,91571,17.0
777,4177,91587,16.0
777,4178,91599,12.0
777,4179,91628,29.0
777,4180,91657,29.0
777,4181,91685,28.0
777,4182,91726,41.0
777,4183,91735,9.0
777,4184,91755,20.0
777,4185,91766,11.0
777,4186,91794,28.0
777,4187,91809,15.0
777,4188,91821,12.0
777,4189,91834,13.0
777,4190,91848,14.0
777,4191,91881,33.0
777,4192,91898,17.0
777,4193,91912,14.0
777,4194,91936,24.0
777,4195,91946,10.0
777,4196,91961,15.0
777,4197,91971,10.0
777,4198,91995,24.0
777,4199,92008,13.0
777,4200,92026,18.0
777,4201,92045,19.0
777,4202,92066,21.0
777,4203,92085,19.0
777,4204,92101,16.0
777,4205,92134,33.0
777,4206,92176,42.0
777,4207,92199,23.0
777,4208,92217,18.0
777,4209,92233,16.0
777,4210,92253,20.0
777,4211,92286,33.0
777,4212,92345,59.0
777,4213,92361,16.0
777,4214,92385,24.0
777,4215,92423,38.0
777,4216,92444,21.0
777,4217,92455,11.0
777,4218,92467,12.0
777,4219,92486,19.0
777,4220,92506,20.0
777,4221,92522,16.0
777,4222,92543,21.0
777,4223,92572,29.0
777,4224,92600,28.0
777,4225,92614,14.0
777,4226,92629,15.0
777,4227,92646,17.0
777,4228,92667,21.0
777,4229,92679,12.0
777,4230,92692,13.0
777,4231,92719,27.0
777,4232,92730,11.0
777,4233,92744,14.0
777,4234,92757,13.0
777,4235,92780,23.0
777,4236,92791,11.0
777,4237,92829,38.0
777,4238,92852,23.0
777,4239,92876,24.0
777,4240,92888,12.0
777,4241,92908,20.0
777,4242,92922,14.0
777,4243,92941,19.0
777,4244,92950,9.0
777,4245,92968,18.0
777,4246,92990,22.0
777,4247,93001,11.0
777,4248,93015,14.0
777,4249,93027,12.0
777,4250,93058,31.0
777,4251,93066,8.0
777,4252,93090,24.0
777,4253,93106,16.0
777,4254,93126,20.0
777,4255,93152,26.0
777,4256,93177,25.0
777,4257,93201,24.0
777,4258,93219,18.0
777,4259,93229,10.0
777,4260,93283,54.0
777,4261,93297,14.0
777,4262,93323,26.0
777,4263,93368,45.0
777,4264,93379,11.0
777,4265,93403,24.0
777,4266,93434,31.0
777,4267,93453,19.0
777,4268,93470,17.0
777,4269,93508,38.0
777,4270,93536,28.0
777,4271,93547,11.0
777,4272,93566,19.0
777,4273,93600,34.0
777,4274,93615,15.0
777,4275,93650,35.0
777,4276,93664,14.0
777,4277,93686,22.0
777,4278,93712,26.0
777,4279,93725,13.0
777,4280,93737,12.0
777,4281,93751,14.0
777,4282,93771,20.0
777,4283,93782,11.0
777,4284,93810,28.0
777,4285,93823,13.0
777,4286,93837,14.0
777,4287,93853,16.0
777,4288,93888,35.0
777,4289,93906,18.0
777,4290,93920,14.0
777,4291,93937,17.0
777,4292,93992,55.0
777,4293,94027,35.0
777,4294,94040,13.0
777,4295,94059,19.0
777,4296,94076,17.0
777,4297,94091,15.0
777,4298,94108,17.0
777,4299,94123,15.0
777,4300,94136,13.0
777,4301,94156,20.0
777,4302,94168,12.0
777,4303,94180,12.0
777,4304,94205,25.0
777,4305,94218,13.0
777,4306,94250,32.0
777,4307,94275,25.0
777,4308,94289,14.0
777,4309,94300,11.0
777,4310,94313,13.0
777,4311,94333,20.0
777,4312,94387,54.0
777,4313,94398,11.0
777,4314,94414,16.0
777,4315,94428,14.0
777,4316,94443,15.0
777,4317,94461,18.0
777,4318,94481,20.0
777,4319,94494,13.0
777,4320,94506,12.0
777,4321,94522,16.0
777,4322,94546,24.0
777,4323,94558,12.0
777,4324,94594,36.0
777,4325,94608,14.0
777,4326,94633,25.0
777,4327,94646,13.0
777,4328,94658,12.0
777,4329,94671,13.0
777,4330,94718,47.0
777,4331,94729,11.0
777,4332,94752,23.0
777,4333,94773,21.0
777,4334,94793,20.0
777,4335,94818,25.0
777,4336,94843,25.0
777,4337,94868,25.0
777,4338,94910,42.0
777,4339,94940,30.0
777,4340,94956,16.0
777,4341,94994,38.0
777,4342,95005,11.0
777,4343,95042,37.0
777,4344,95059,17.0
777,4345,95069,10.0
777,4346,95085,16.0
777,4347,95127,42.0
777,4348,95141,14.0
777,4349,95154,13.0
777,4350,95187,33.0
777,4351,95197,10.0
777,4352,95212,15.0
777,4353,95235,23.0
777,4354,95249,14.0
777,4355,95272,23.0
777,4356,95355,83.0
777,4357,95388,33.0
777,4358,95405,17.0
777,4359,95420,15.0
777,4360,95445,25.0
777,4361,95461,16.0
777,4362,95477,16.0
777,4363,95489,12.0
777,4364,95512,23.0
777,4365,95530,18.0
777,4366,95540,10.0
777,4367,95554,14.0
777,4368,95576,22.0
777,4369,95588,12.0
777,4370,95603,15.0
777,4371,95631,28.0
777,4372,95654,23.0
777,4373,95684,30.0
777,4374,95714,30.0
777,4375,95738,24.0
777,4376,95752,14.0
777,4377,95765,13.0
777,4378,95784,19.0
777,4379,95797,13.0
777,4380,95808,11.0
777,4381,95821,13.0
777,4382,95849,28.0
777,4383,95872,23.0
777,4384,95901,29.0
777,4385,95930,29.0
777,4386,95958,28.0
777,4387,95985,27.0
777,4388,96003,18.0
777,4389,96017,14.0
777,4390,96027,10.0
777,4391,96060,33.0
777,4392,96098,38.0
777,4393,96120,22.0
777,4394,96143,23.0
777,4395,96181,38.0
777,4396,96204,23.0
777,4397,96222,18.0
777,4398,96239,17.0
777,4399,96258,19.0
777,4400,96269,11.0
777,4401,96280,11.0
777,4402,96306,26.0
777,4403,96315,9.0
777,4404,96329,14.0
777,4405,96339,10.0
777,4406,96358,19.0
777,4407,96372,14.0
777,4408,96387,15.0
777,4409,96429,42.0
777,4410,96439,10.0
777,4411,96459,20.0
777,4412,96485,26.0
777,4413,96494,9.0
777,4414,96507,13.0
777,4415,96521,14.0
777,4416,96537,16.0
777,4417,96564,27.0
777,4418,96578,14.0
777,4419,96618,40.0
777,4420,96630,12.0
777,4421,96651,21.0
777,4422,96663,12.0
777,4423,96676,13.0
777,4424,96712,36.0
777,4425,96751,39.0
777,4426,96777,26.0
777,4427,96794,17.0
777,4428,96815,21.0
777,4429,96852,37.0
777,4430,96863,11.0
777,4431,96872,9.0
777,4432,96893,21.0
777,4433,96906,13.0
777,4434,96920,14.0
777,4435,96954,34.0
777,4436,96994,40.0
777,4437,97035,41.0
777,4438,97045,10.0
777,4439,97067,22.0
777,4440,97098,31.0
777,4441,97110,12.0
777,4442,97120,10.0
777,4443,97132,12.0
777,4444,97145,13.0
777,4445,97169,24.0
777,4446,97195,26.0
777,4447,97208,13.0
777,4448,97254,46.0
777,4449,97278,24.0
777,4450,97301,23.0
777,4451,97324,23.0
777,4452,97343,19.0
777,4453,97368,25.0
777,4454,97388,20.0
777,4455,97424,36.0
777,4456,97439,15.0
777,4457,97456,17.0
777,4458,97525,69.0
777,4459,97543,18.0
777,4460,97553,10.0
777,4461,97581,28.0
777,4462,97596,15.0
777,4463,97611,15.0
777,4464,97628,17.0
777,4465,97638,10.0
777,4466,97653,15.0
777,4467,97664,11.0
777,4468,97678,14.0
777,4469,97695,17.0
777,4470,97713,18.0
777,4471,97730,17.0
777,4472,97739,9.0
777,4473,97750,11.0
777,4474,97763,13.0
777,4475,97780,17.0
777,4476,97793,13.0
777,4477,97817,24.0
777,4478,97838,21.0
777,4479,97855,17.0
777,4480,97872,17.0
777,4481,97900,28.0
777,4482,97925,25.0
777,4483,97942,17.0
777,4484,97969,27.0
777,4485,98004,35.0
777,4486,98018,14.0
777,4487,98056,38.0
777,4488,98068,12.0
777,4489,98088,20.0
777,4490,98106,18.0
777,4491,98126,20.0
777,4492,98152,26.0
777,4493,98169,17.0
777,4494,98188,19.0
777,4495,98205,17.0
777,4496,98220,15.0
777,4497,98232,12.0
777,4498,98245,13.0
777,4499,98265,20.0
777,4500,98276,11.0
777,4501,98295,19.0
777,4502,98310,15.0
777,4503,98331,21.0
777,4504,98346,15.0
777,4505,98357,11.0
777,4506,98382,25.0
777,4507,98407,25.0
777,4508,98423,16.0
777,4509,98431,8.0
777,4510,98446,15.0
777,4511,98474,28.0
777,4512,98508,34.0
777,4513,98533,25.0
777,4514,98544,11.0
777,4515,98557,13.0
777,4516,98586,29.0
777,4517,98599,13.0
777,4518,98629,30.0
777,4519,98640,11.0
777,4520,98668,28.0
777,4521,98681,13.0
777,4522,98728,47.0
777,4523,98753,25.0
777,4524,98772,19.0
777,4525,98785,13.0
777,4526,98801,16.0
777,4527,98813,12.0
777,4528,98823,10.0
777,4529,98839,16.0
777,4530,98866,27.0
777,4531,98897,31.0
777,4532,98908,11.0
777,4533,98922,14.0
777,4534,98938,16.0
777,4535,98955,17.0
777,4536,98967,12.0
777,4537,98995,28.0
777,4538,99019,24.0
777,4539,99036,17.0
777,4540,99086,50.0
777,4541,99095,9.0
777,4542,99118,23.0
777,4543,99144,26.0
777,4544,99169,25.0
777,4545,99223,54.0
777,4546,99240,17.0
777,4547,99269,29.0
777,4548,99278,9.0
777,4549,99295,17.0
777,4550,99344,49.0
777,4551,99374,30.0
777,4552,99383,9.0
777,4553,99447,64.0
777,4554,99464,17.0
777,4555,99509,45.0
777,4556,99525,16.0
777,4557,99552,27.0
777,4558,99562,10.0
777,4559,99583,21.0
777,4560,99602,19.0
777,4561,99611,9.0
777,4562,99632,21.0
777,4563,99642,10.0
777,4564,99654,12.0
777,4565,99676,22.0
777,4566,99688,12.0
777,4567,99711,23.0
777,4568,99727,16.0
777,4569,99743,16.0
777,4570,99767,24.0
777,4571,99777,10.0
777,4572,99797,20.0
777,4573,99821,24.0
777,4574,99831,10.0
777,4575,99844,13.0
777,4576,99874,30.0
777,4577,99918,44.0
777,4578,99941,23.0
777,4579,99956,15.0
777,4580,99995,39.0
777,4581,100012,17.0
777,4582,100026,14.0
777,4583,100044,18.0
777,4584,100058,14.0
777,4585,100077,19.0
777,4586,100105,28.0
777,4587,100118,13.0
777,4588,100135,17.0
777,4589,100146,11.0
777,4590,100163,17.0
777,4591,100184,21.0
777,4592,100211,27.0
777,4593,100228,17.0
777,4594,100246,18.0
777,4595,100273,27.0
777,4596,100298,25.0
777,4597,100337,39.0
777,4598,100351,14.0
777,4599,100368,17.0
777,4600,100380,12.0
777,4601,100413,33.0
777,4602,100434,21.0
777,4603,100450,16.0
777,4604,100498,48.0
777,4605,100512,14.0
777,4606,100527,15.0
777,4607,100539,12.0
777,4608,100568,29.0
777,4609,100587,19.0
777,4610,100598,11.0
777,4611,100608,10.0
777,4612,100632,24.0
777,4613,100648,16.0
777,4614,100660,12.0
777,4615,100681,21.0
777,4616,100715,34.0
777,4617,100741,26.0
777,4618,100753,12.0
777,4619,100765,12.0
777,4620,100795,30.0
777,4621,100824,29.0
777,4622,100870,46.0
777,4623,100882,12.0
777,4624,100927,45.0
777,4625,100951,24.0
777,4626,100967,16.0
777,4627,100992,25.0
777,4628,101008,16.0
777,4629,101036,28.0
777,4630,101052,16.0
777,4631,101083,31.0
777,4632,101094,11.0
777,4633,101108,14.0
777,4634,101139,31.0
777,4635,101154,15.0
777,4636,101179,25.0
777,4637,101194,15.0
777,4638,101269,75.0
777,4639,101286,17.0
777,4640,101305,19.0
777,4641,101318,13.0
777,4642,101329,11.0
777,4643,101353,24.0
777,4644,101365,12.0
777,4645,101380,15.0
777,4646,101391,11.0
777,4647,101406,15.0
777,4648,101434,28.0
777,4649,101471,37.0
777,4650,101490,19.0
777,4651,101508,18.0
777,4652,101524,16.0
777,4653,101535,11.0
777,4654,101552,17.0
777,4655,101560,8.0
777,4656,101584,24.0
777,4657,101605,21.0
777,4658,101640,35.0
777,4659,101650,10.0
777,4660,101680,30.0
777,4661,101723,43.0
777,4662,101741,18.0
777,4663,101770,29.0
777,4664,101807,37.0
777,4665,101875,68.0
777,4666,101890,15.0
777,4667,101901,11.0
777,4668,101911,10.0
777,4669,101923,12.0
777,4670,101987,64.0
777,4671,102007,20.0
777,4672,102028,21.0
777,4673,102037,9.0
777,4674,102051,14.0
777,4675,102062,11.0
777,4676,102075,13.0
777,4677,102109,34.0
777,4678,102134,25.0
777,4679,102157,23.0
777,4680,102167,10.0
777,4681,102182,15.0
777,4682,102199,17.0
777,4683,102217,18.0
777,4684,102263,46.0
777,4685,102275,12.0
777,4686,102289,14.0
777,4687,102307,18.0
777,4688,102320,13.0
777,4689,102337,17.0
777,4690,102349,12.0
777,4691,102365,16.0
777,4692,102376,11.0
777,4693,102390,14.0
777,4694,102407,17.0
777,4695,102429,22.0
777,4696,102441,12.0
777,4697,102452,11.0
777,4698,102466,14.0
777,4699,102541,75.0
777,4700,102569,28.0
777,4701,102587,18.0
777,4702,102607,20.0
777,4703,102632,25.0
777,4704,102647,15.0
777,4705,102664,17.0
777,4706,102704,40.0
777,4707,102731,27.0
777,4708,102753,22.0
777,4709,102764,11.0
777,4710,102784,20.0
777,4711,102800,16.0
777,4712,102817,17.0
777,4713,102839,22.0
777,4714,102861,22.0
777,4715,102876,15.0
777,4716,102906,30.0
777,4717,102919,13.0
777,4718,102934,15.0
777,4719,102978,44.0
777,4720,102987,9.0
777,4721,103002,15.0
777,4722,103011,9.0
777,4723,103021,10.0
777,4724,103036,15.0
777,4725,103065,29.0
777,4726,103086,21.0
777,4727,103095,9.0
777,4728,103117,22.0
777,4729,103129,12.0
777,4730,103177,48.0
777,4731,103193,16.0
777,4732,103207,14.0
777,4733,103222,15.0
777,4734,103232,10.0
777,4735,103255,23.0
777,4736,103268,13.0
777,4737,103308,40.0
777,4738,103327,19.0
777,4739,103338,11.0
777,4740,103362,24.0
777,4741,103376,14.0
777,4742,103404,28.0
777,4743,103420,16.0
777,4744,103443,23.0
777,4745,103462,19.0
777,4746,103475,13.0
777,4747,103494,19.0
777,4748,103506,12.0
777,4749,103519,13.0
777,4750,103534,15.0
777,4751,103552,18.0
777,4752,103565,13.0
777,4753,103574,9.0
777,4754,103584,10.0
777,4755,103594,10.0
777,4756,103608,14.0
777,4757,103622,14.0
777,4758,103634,12.0
777,4759,103656,22.0
777,4760,103688,32.0
777,4761,103702,14.0
777,4762,103720,18.0
777,4763,103731,11.0
777,4764,103753,22.0
777,4765,103769,16.0
777,4766,103789,20.0
777,4767,103811,22.0
777,4768,103823,12.0
777,4769,103836,13.0
777,4770,103849,13.0
777,4771,103859,10.0
777,4772,103870,11.0
777,4773,103912,42.0
777,4774,103925,13.0
777,4775,103951,26.0
777,4776,103967,16.0
777,4777,103987,20.0
777,4778,103999,12.0
777,4779,104038,39.0
777,4780,104078,40.0
777,4781,104101,23.0
777,4782,104124,23.0
777,4783,104145,21.0
777,4784,104162,17.0
777,4785,104177,15.0
777,4786,104202,25.0
777,4787,104244,42.0
777,4788,104261,17.0
777,4789,104312,51.0
777,4790,104345,33.0
777,4791,104358,13.0
777,4792,104376,18.0
777,4793,104400,24.0
777,4794,104410,10.0
777,4795,104422,12.0
777,4796,104446,24.0
777,4797,104469,23.0
777,4798,104504,35.0
777,4799,104593,89.0
777,4800,104604,11.0
777,4801,104621,17.0
777,4802,104633,12.0
777,4803,104653,20.0
777,4804,104683,30.0
777,4805,104716,33.0
777,4806,104728,12.0
777,4807,104742,14.0
777,4808,104778,36.0
777,4809,104788,10.0
777,4810,104798,10.0
777,4811,104810,12.0
777,4812,104822,12.0
777,4813,104857,35.0
777,4814,104878,21.0
777,4815,104893,15.0
777,4816,104910,17.0
777,4817,104935,25.0
777,4818,104956,21.0
777,4819,104974,18.0
777,4820,104995,21.0
777,4821,105035,40.0
777,4822,105079,44.0
777,4823,105091,12.0
777,4824,105101,10.0
777,4825,105116,15.0
777,4826,105128,12.0
777,4827,105144,16.0
777,4828,105162,18.0
777,4829,105180,18.0
777,4830,105195,15.0
777,4831,105220,25.0
777,4832,105232,12.0
777,4833,105242,10.0
777,4834,105252,10.0
777,4835,105278,26.0
777,4836,105292,14.0
777,4837,105314,22.0
777,4838,105324,10.0
777,4839,105339,15.0
777,4840,105374,35.0
777,4841,105384,10.0
777,4842,105407,23.0
777,4843,105423,16.0
777,4844,105434,11.0
777,4845,105501,67.0
777,4846,105514,13.0
777,4847,105529,15.0
777,4848,105573,44.0
777,4849,105606,33.0
777,4850,105625,19.0
777,4851,105638,13.0
777,4852,105649,11.0
777,4853,105680,31.0
777,4854,105718,38.0
777,4855,105746,28.0
777,4856,105776,30.0
777,4857,105800,24.0
777,4858,105821,21.0
777,4859,105848,27.0
777,4860,105858,10.0
777,4861,105869,11.0
777,4862,105888,19.0
777,4863,105900,12.0
777,4864,105919,19.0
777,4865,105938,19.0
777,4866,105960,22.0
777,4867,105971,11.0
777,4868,105988,17.0
777,4869,106002,14.0
777,4870,106012,10.0
777,4871,106025,13.0
777,4872,106040,15.0
777,4873,106063,23.0
777,4874,106074,11.0
777,4875,106103,29.0
777,4876,106132,29.0
777,4877,106172,40.0
777,4878,106190,18.0
777,4879,106214,24.0
777,4880,106242,28.0
777,4881,106324,82.0
777,4882,106354,30.0
777,4883,106410,56.0
777,4884,106426,16.0
777,4885,106440,14.0
777,4886,106460,20.0
777,4887,106479,19.0
777,4888,106492,13.0
777,4889,106502,10.0
777,4890,106523,21.0
777,4891,106534,11.0
777,4892,106561,27.0
777,4893,106588,27.0
777,4894,106605,17.0
777,4895,106620,15.0
777,4896,106644,24.0
777,4897,106660,16.0
777,4898,106678,18.0
777,4899,106690,12.0
777,4900,106732,42.0
777,4901,106752,20.0
777,4902,106782,30.0
777,4903,106796,14.0
777,4904,106807,11.0
777,4905,106816,9.0
777,4906,106870,54.0
777,4907,106885,15.0
777,4908,106900,15.0
777,4909,106916,16.0
777,4910,106935,19.0
777,4911,106945,10.0
777,4912,106957,12.0
777,4913,106976,19.0
777,4914,107037,61.0
777,4915,107052,15.0
777,4916,107070,18.0
777,4917,107079,9.0
777,4918,107090,11.0
777,4919,107110,20.0
777,4920,107123,13.0
777,4921,107153,30.0
777,4922,107167,14.0
777,4923,107184,17.0
777,4924,107202,18.0
777,4925,107225,23.0
777,4926,107261,36.0
777,4927,107275,14.0
777,4928,107286,11.0
777,4929,107297,11.0
777,4930,107329,32.0
777,4931,107349,20.0
777,4932,107371,22.0
777,4933,107391,20.0
777,4934,107402,11.0
777,4935,107421,19.0
777,4936,107445,24.0
777,4937,107484,39.0
777,4938,107499,15.0
777,4939,107510,11.0
777,4940,107535,25.0
777,4941,107548,13.0
777,4942,107561,13.0
777,4943,107576,15.0
777,4944,107588,12.0
777,4945,107623,35.0
777,4946,107632,9.0
777,4947,107646,14.0
777,4948,107670,24.0
777,4949,107690,20.0
777,4950,107710,20.0
777,4951,107725,15.0
777,4952,107741,16.0
777,4953,107763,22.0
777,4954,107788,25.0
777,4955,107824,36.0
777,4956,107843,19.0
777,4957,107884,41.0
777,4958,107902,18.0
777,4959,107930,28.0
777,4960,107945,15.0
777,4961,107960,15.0
777,4962,107974,14.0
777,4963,108066,92.0
777,4964,108085,19.0
777,4965,108097,12.0
777,4966,108112,15.0
777,4967,108133,21.0
777,4968,108172,39.0
777,4969,108186,14.0
777,4970,108195,9.0
777,4971,108207,12.0
777,4972,108236,29.0
777,4973,108248,12.0
777,4974,108260,12.0
777,4975,108273,13.0
777,4976,108292,19.0
777,4977,108316,24.0
777,4978,108333,17.0
777,4979,108368,35.0
777,4980,108405,37.0
777,4981,108420,15.0
777,4982,108435,15.0
777,4983,108449,14.0
777,4984,108465,16.0
777,4985,108487,22.0
777,4986,108509,22.0
777,4987,108518,9.0
777,4988,108538,20.0
777,4989,108553,15.0
777,4990,108567,14.0
777,4991,108585,18.0
777,4992,108599,14.0
777,4993,108619,20.0
777,4994,108632,13.0
777,4995,108650,18.0
777,4996,108668,18.0
777,4997,108698,30.0
777,4998,108722,24.0
777,4999,108736,14.0
777,5000,108753,17.0
777,5001,108769,16.0
777,5002,108794,25.0
777,5003,108816,22.0
777,5004,108847,31.0
777,5005,108871,24.0
777,5006,108882,11.0
777,5007,108939,57.0
777,5008,108973,34.0
777,5009,108995,22.0
777,5010,109019,24.0
777,5011,109029,10.0
777,5012,109061,32.0
777,5013,109080,19.0
777,5014,109091,11.0
777,5015,109103,12.0
777,5016,109116,13.0
777,5017,109140,24.0
777,5018,109157,17.0
777,5019,109179,22.0
777,5020,109202,23.0
777,5021,109239,37.0
777,5022,109272,33.0
777,5023,109289,17.0
777,5024,109305,16.0
777,5025,109337,32.0
777,5026,109349,12.0
777,5027,109411,62.0
777,5028,109427,16.0
777,5029,109453,26.0
777,5030,109477,24.0
777,5031,109493,16.0
777,5032,109505,12.0
777,5033,109527,22.0
777,5034,109552,25.0
777,5035,109563,11.0
777,5036,109595,32.0
777,5037,109615,20.0
777,5038,109667,52.0
777,5039,109676,9.0
777,5040,109738,62.0
777,5041,109757,19.0
777,5042,109782,25.0
777,5043,109797,15.0
777,5044,109823,26.0
777,5045,109842,19.0
777,5046,109855,13.0
777,5047,109867,12.0
777,5048,109883,16.0
777,5049,109898,15.0
777,5050,109924,26.0
777,5051,109942,18.0
777,5052,110006,64.0
777,5053,110021,15.0
777,5054,110043,22.0
777,5055,110053,10.0
777,5056,110066,13.0
777,5057,110084,18.0
777,5058,110114,30.0
777,5059,110133,19.0
777,5060,110145,12.0
777,5061,110165,20.0
777,5062,110190,25.0
777,5063,110218,28.0
777,5064,110276,58.0
777,5065,110289,13.0
777,5066,110301,12.0
777,5067,110316,15.0
777,5068,110338,22.0
777,5069,110355,17.0
777,5070,110380,25.0
777,5071,110399,19.0
777,5072,110412,13.0
777,5073,110441,29.0
777,5074,110461,20.0
777,5075,110475,14.0
777,5076,110488,13.0
777,5077,110505,17.0
777,5078,110535,30.0
777,5079,110549,14.0
777,5080,110561,12.0
777,5081,110591,30.0
777,5082,110602,11.0
777,5083,110618,16.0
777,5084,110630,12.0
777,5085,110646,16.0
777,5086,110664,18.0
777,5087,110677,13.0
777,5088,110696,19.0
777,5089,110706,10.0
777,5090,110719,13.0
777,5091,110733,14.0
777,5092,110756,23.0
777,5093,110767,11.0
777,5094,110783,16.0
777,5095,110798,15.0
777,5096,110817,19.0
777,5097,110846,29.0
777,5098,110874,28.0
777,5099,110886,12.0
777,5100,110897,11.0
777,5101,110912,15.0
777,5102,110929,17.0
777,5103,110960,31.0
777,5104,110989,29.0
777,5105,111007,18.0
777,5106,111044,37.0
777,5107,111057,13.0
777,5108,111070,13.0
777,5109,111090,20.0
777,5110,111104,14.0
777,5111,111139,35.0
777,5112,111178,39.0
777,5113,111205,27.0
777,5114,111232,27.0
777,5115,111251,19.0
777,5116,111276,25.0
777,5117,111301,25.0
777,5118,111310,9.0
777,5119,111328,18.0
777,5120,111344,16.0
777,5121,111355,11.0
777,5122,111365,10.0
777,5123,111384,19.0
777,5124,111401,17.0
777,5125,111417,16.0
777,5126,111435,18.0
777,5127,111448,13.0
777,5128,111464,16.0
777,5129,111486,22.0
777,5130,111509,23.0
777,5131,111524,15.0
777,5132,111537,13.0
777,5133,111548,11.0
777,5134,111565,17.0
777,5135,111589,24.0
777,5136,111604,15.0
777,5137,111628,24.0
777,5138,111664,36.0
777,5139,111689,25.0
777,5140,111699,10.0
777,5141,111718,19.0
777,5142,111731,13.0
777,5143,111749,18.0
777,5144,111785,36.0
777,5145,111809,24.0
777,5146,111821,12.0
777,5147,111844,23.0
777,5148,111863,19.0
777,5149,111873,10.0
777,5150,111892,19.0
777,5151,111927,35.0
777,5152,111939,12.0
777,5153,111955,16.0
777,5154,111984,29.0
777,5155,111997,13.0
777,5156,112010,13.0
777,5157,112021,11.0
777,5158,112046,25.0
777,5159,112055,9.0
777,5160,112076,21.0
777,5161,112098,22.0
777,5162,112108,10.0
777,5163,112123,15.0
777,5164,112160,37.0
777,5165,112176,16.0
777,5166,112202,26.0
777,5167,112214,12.0
777,5168,112239,25.0
777,5169,112257,18.0
777,5170,112281,24.0
777,5171,112305,24.0
777,5172,112325,20.0
777,5173,112335,10.0
777,5174,112346,11.0
777,5175,112427,81.0
777,5176,112440,13.0
777,5177,112486,46.0
777,5178,112496,10.0
777,5179,112511,15.0
777,5180,112541,30.0
777,5181,112558,17.0
777,5182,112576,18.0
777,5183,112613,37.0
777,5184,112628,15.0
777,5185,112660,32.0
777,5186,112674,14.0
777,5187,112726,52.0
777,5188,112736,10.0
777,5189,112782,46.0
777,5190,112791,9.0
777,5191,112808,17.0
777,5192,112825,17.0
777,5193,112838,13.0
777,5194,112853,15.0
777,5195,112897,44.0
777,5196,112909,12.0
777,5197,112920,11.0
777,5198,112946,26.0
777,5199,112955,9.0
777,5200,112976,21.0
777,5201,112996,20.0
777,5202,113009,13.0
777,5203,113021,12.0
777,5204,113033,12.0
777,5205,113073,40.0
777,5206,113089,16.0
777,5207,113131,42.0
777,5208,113161,30.0
777,5209,113178,17.0
777,5210,113193,15.0
777,5211,113230,37.0
777,5212,113251,21.0
777,5213,113275,24.0
777,5214,113287,12.0
777,5215,113299,12.0
777,5216,113317,18.0
777,5217,113339,22.0
777,5218,113357,18.0
777,5219,113384,27.0
777,5220,113406,22.0
777,5221,113418,12.0
777,5222,113440,22.0
777,5223,113453,13.0
777,5224,113468,15.0
777,5225,113486,18.0
777,5226,113545,59.0
777,5227,113555,10.0
777,5228,113575,20.0
777,5229,113594,19.0
777,5230,113628,34.0
777,5231,113647,19.0
777,5232,113660,13.0
777,5233,113670,10.0
777,5234,113691,21.0
777,5235,113714,23.0
777,5236,113731,17.0
777,5237,113768,37.0
777,5238,113779,11.0
777,5239,113808,29.0
777,5240,113819,11.0
777,5241,113844,25.0
777,5242,113892,48.0
777,5243,113912,20.0
777,5244,113933,21.0
777,5245,113946,13.0
777,5246,113969,23.0
777,5247,113982,13.0
777,5248,113996,14.0
777,5249,114024,28.0
777,5250,114041,17.0
777,5251,114061,20.0
777,5252,114074,13.0
777,5253,114104,30.0
777,5254,114121,17.0
777,5255,114132,11.0
777,5256,114180,48.0
777,5257,114201,21.0
777,5258,114213,12.0
777,5259,114237,24.0
777,5260,114270,33.0
777,5261,114299,29.0
777,5262,114314,15.0
777,5263,114348,34.0
777,5264,114359,11.0
777,5265,114372,13.0
777,5266,114392,20.0
777,5267,114416,24.0
777,5268,114439,23.0
777,5269,114453,14.0
777,5270,114474,21.0
777,5271,114500,26.0
777,5272,114514,14.0
777,5273,114526,12.0
777,5274,114549,23.0
777,5275,114587,38.0
777,5276,114598,11.0
777,5277,114634,36.0
777,5278,114648,14.0
777,5279,114696,48.0
777,5280,114724,28.0
777,5281,114732,8.0
777,5282,114759,27.0
777,5283,114780,21.0
777,5284,114795,15.0
777,5285,114809,14.0
777,5286,114818,9.0
777,5287,114836,18.0
777,5288,114849,13.0
777,5289,114861,12.0
777,5290,114874,13.0
777,5291,114886,12.0
777,5292,114896,10.0
777,5293,114921,25.0
777,5294,114944,23.0
777,5295,114954,10.0
777,5296,114974,20.0
777,5297,114985,11.0
777,5298,115024,39.0
777,5299,115045,21.0
777,5300,115057,12.0
777,5301,115067,10.0
777,5302,115078,11.0
777,5303,115099,21.0
777,5304,115130,31.0
777,5305,115141,11.0
777,5306,115151,10.0
777,5307,115165,14.0
777,5308,115207,42.0
777,5309,115220,13.0
777,5310,115241,21.0
777,5311,115252,11.0
777,5312,115272,20.0
777,5313,115304,32.0
777,5314,115318,14.0
777,5315,115339,21.0
777,5316,115357,18.0
777,5317,115371,14.0
777,5318,115388,17.0
777,5319,115417,29.0
777,5320,115428,11.0
777,5321,115441,13.0
777,5322,115451,10.0
777,5323,115470,19.0
777,5324,115511,41.0
777,5325,115534,23.0
777,5326,115553,19.0
777,5327,115569,16.0
777,5328,115581,12.0
777,5329,115603,22.0
777,5330,115645,42.0
777,5331,115671,26.0
777,5332,115698,27.0
777,5333,115722,24.0
777,5334,115735,13.0
777,5335,115768,33.0
777,5336,115790,22.0
777,5337,115812,22.0
777,5338,115841,29.0
777,5339,115864,23.0
777,5340,115879,15.0
777,5341,115893,14.0
777,5342,115904,11.0
777,5343,115916,12.0
777,5344,115932,16.0
777,5345,115970,38.0
777,5346,115987,17.0
777,5347,116020,33.0
777,5348,116059,39.0
777,5349,116095,36.0
777,5350,116114,19.0
777,5351,116131,17.0
777,5352,116146,15.0
777,5353,116158,12.0
777,5354,116177,19.0
777,5355,116187,10.0
777,5356,116205,18.0
777,5357,116216,11.0
777,5358,116232,16.0
777,5359,116247,15.0
777,5360,116262,15.0
777,5361,116294,32.0
777,5362,116306,12.0
777,5363,116315,9.0
777,5364,116333,18.0
777,5365,116377,44.0
777,5366,116414,37.0
777,5367,116426,12.0
777,5368,116452,26.0
777,5369,116465,13.0
777,5370,116498,33.0
777,5371,116511,13.0
777,5372,116524,13.0
777,5373,116546,22.0
777,5374,116565,19.0
777,5375,116588,23.0
777,5376,116600,12.0
777,5377,116628,28.0
777,5378,116639,11.0
777,5379,116650,11.0
777,5380,116665,15.0
777,5381,116683,18.0
777,5382,116694,11.0
777,5383,116704,10.0
777,5384,116714,10.0
777,5385,116726,12.0
777,5386,116738,12.0
777,5387,116756,18.0
777,5388,116765,9.0
777,5389,116791,26.0
777,5390,116809,18.0
777,5391,116831,22.0
777,5392,116846,15.0
777,5393,116855,9.0
777,5394,116882,27.0
777,5395,116896,14.0
777,5396,116916,20.0
777,5397,116935,19.0
777,5398,116956,21.0
777,5399,116967,11.0
777,5400,116998,31.0
777,5401,117031,33.0
777,5402,117049,18.0
777,5403,117061,12.0
777,5404,117094,33.0
777,5405,117119,25.0
777,5406,117134,15.0
777,5407,117152,18.0
777,5408,117204,52.0
777,5409,117232,28.0
777,5410,117249,17.0
777,5411,117260,11.0
777,5412,117286,26.0
777,5413,117332,46.0
777,5414,117349,17.0
777,5415,117363,14.0
777,5416,117378,15.0
777,5417,117390,12.0
777,5418,117409,19.0
777,5419,117437,28.0
777,5420,117452,15.0
777,5421,117464,12.0
777,5422,117477,13.0
777,5423,117500,23.0
777,5424,117544,44.0
777,5425,117574,30.0
777,5426,117592,18.0
777,5427,117607,15.0
777,5428,117618,11.0
777,5429,117639,21.0
777,5430,117651,12.0
777,5431,117663,12.0
777,5432,117675,12.0
777,5433,117685,10.0
777,5434,117710,25.0
777,5435,117733,23.0
777,5436,117777,44.0
777,5437,117797,20.0
777,5438,117819,22.0
777,5439,117832,13.0
777,5440,117848,16.0
777,5441,117873,25.0
777,5442,117904,31.0
777,5443,117933,29.0
777,5444,117943,10.0
777,5445,117957,14.0
777,5446,117978,21.0
777,5447,117993,15.0
777,5448,118024,31.0
777,5449,118037,13.0
777,5450,118056,19.0
777,5451,118073,17.0
777,5452,118088,15.0
777,5453,118107,19.0
777,5454,118134,27.0
777,5455,118164,30.0
777,5456,118177,13.0
777,5457,118199,22.0
777,5458,118219,20.0
777,5459,118238,19.0
777,5460,118263,25.0
777,5461,118277,14.0
777,5462,118309,32.0
777,5463,118324,15.0
777,5464,118349,25.0
777,5465,118360,11.0
777,5466,118398,38.0
777,5467,118416,18.0
777,5468,118436,20.0
777,5469,118454,18.0
777,5470,118476,22.0
777,5471,118489,13.0
777,5472,118499,10.0
777,5473,118529,30.0
777,5474,118548,19.0
777,5475,118562,14.0
777,5476,118583,21.0
777,5477,118627,44.0
777,5478,118637,10.0
777,5479,118661,24.0
777,5480,118676,15.0
777,5481,118694,18.0
777,5482,118708,14.0
777,5483,118744,36.0
777,5484,118783,39.0
777,5485,118821,38.0
777,5486,118836,15.0
777,5487,118852,16.0
777,5488,118865,13.0
777,5489,118886,21.0
777,5490,118917,31.0
777,5491,118929,12.0
777,5492,118942,13.0
777,5493,118974,32.0
777,5494,118985,11.0
777,5495,118996,11.0
777,5496,119019,23.0
777,5497,119059,40.0
777,5498,119072,13.0
777,5499,119091,19.0
777,5500,119102,11.0
777,5501,119118,16.0
777,5502,119135,17.0
777,5503,119161,26.0
777,5504,119175,14.0
777,5505,119192,17.0
777,5506,119221,29.0
777,5507,119233,12.0
777,5508,119245,12.0
777,5509,119276,31.0
777,5510,119300,24.0
777,5511,119317,17.0
777,5512,119339,22.0
777,5513,119370,31.0
777,5514,119389,19.0
777,5515,119419,30.0
777,5516,119434,15.0
777,5517,119453,19.0
777,5518,119488,35.0
777,5519,119509,21.0
777,5520,119520,11.0
777,5521,119553,33.0
777,5522,119577,24.0
777,5523,119593,16.0
777,5524,119604,11.0
777,5525,119625,21.0
777,5526,119677,52.0
777,5527,119702,25.0
777,5528,119726,24.0
777,5529,119738,12.0
777,5530,119753,15.0
777,5531,119774,21.0
777,5532,119803,29.0
777,5533,119816,13.0
777,5534,119826,10.0
777,5535,119849,23.0
777,5536,119887,38.0
777,5537,119906,19.0
777,5538,119929,23.0
777,5539,119948,19.0
777,5540,119969,21.0
777,5541,119984,15.0
777,5542,120014,30.0
777,5543,120029,15.0
777,5544,120044,15.0
777,5545,120074,30.0
777,5546,120094,20.0
777,5547,120120,26.0
777,5548,120151,31.0
777,5549,120185,34.0
777,5550,120195,10.0
777,5551,120244,49.0
777,5552,120277,33.0
777,5553,120296,19.0
777,5554,120330,34.0
777,5555,120367,37.0
777,5556,120385,18.0
777,5557,120407,22.0
777,5558,120422,15.0
777,5559,120438,16.0
777,5560,120461,23.0
777,5561,120520,59.0
777,5562,120536,16.0
777,5563,120571,35.0
777,5564,120585,14.0
777,5565,120610,25.0
777,5566,120636,26.0
777,5567,120690,54.0
777,5568,120735,45.0
777,5569,120785,50.0
777,5570,120799,14.0
777,5571,120816,17.0
777,5572,120843,27.0
777,5573,120856,13.0
777,5574,120902,46.0
777,5575,120913,11.0
777,5576,120927,14.0
777,5577,120950,23.0
777,5578,120982,32.0
777,5579,120996,14.0
777,5580,121012,16.0
777,5581,121039,27.0
777,5582,121098,59.0
777,5583,121154,56.0
777,5584,121174,20.0
777,5585,121186,12.0
777,5586,121206,20.0
777,5587,121246,40.0
777,5588,121270,24.0
777,5589,121283,13.0
777,5590,121293,10.0
777,5591,121322,29.0
777,5592,121362,40.0
777,5593,121375,13.0
777,5594,121386,11.0
777,5595,121396,10.0
777,5596,121420,24.0
777,5597,121439,19.0
777,5598,121452,13.0
777,5599,121466,14.0
777,5600,121483,17.0
777,5601,121494,11.0
777,5602,121530,36.0
777,5603,121540,10.0
777,5604,121556,16.0
777,5605,121569,13.0
777,5606,121592,23.0
777,5607,121606,14.0
777,5608,121617,11.0
777,5609,121633,16.0
777,5610,121652,19.0
777,5611,121663,11.0
777,5612,121677,14.0
777,5613,121711,34.0
777,5614,121731,20.0
777,5615,121755,24.0
777,5616,121768,13.0
777,5617,121794,26.0
777,5618,121843,49.0
777,5619,121852,9.0
777,5620,121870,18.0
777,5621,121884,14.0
777,5622,121895,11.0
777,5623,121933,38.0
777,5624,121947,14.0
777,5625,121974,27.0
777,5626,121997,23.0
777,5627,122018,21.0
777,5628,122031,13.0
777,5629,122063,32.0
777,5630,122077,14.0
777,5631,122106,29.0
777,5632,122120,14.0
777,5633,122131,11.0
777,5634,122223,92.0
777,5635,122238,15.0
777,5636,122304,66.0
777,5637,122331,27.0
777,5638,122347,16.0
777,5639,122363,16.0
777,5640,122375,12.0
777,5641,122395,20.0
777,5642,122409,14.0
777,5643,122437,28.0
777,5644,122470,33.0
777,5645,122499,29.0
777,5646,122512,13.0
777,5647,122529,17.0
777,5648,122548,19.0
777,5649,122562,14.0
777,5650,122589,27.0
777,5651,122602,13.0
777,5652,122646,44.0
777,5653,122690,44.0
777,5654,122705,15.0
777,5655,122718,13.0
777,5656,122734,16.0
777,5657,122753,19.0
777,5658,122780,27.0
777,5659,122803,23.0
777,5660,122815,12.0
777,5661,122848,33.0
777,5662,122872,24.0
777,5663,122883,11.0
777,5664,122894,11.0
777,5665,122904,10.0
777,5666,122931,27.0
777,5667,122952,21.0
777,5668,122968,16.0
777,5669,122989,21.0
777,5670,123005,16.0
777,5671,123024,19.0
777,5672,123046,22.0
777,5673,123079,33.0
777,5674,123092,13.0
777,5675,123102,10.0
777,5676,123137,35.0
777,5677,123155,18.0
777,5678,123183,28.0
777,5679,123260,77.0
777,5680,123277,17.0
777,5681,123320,43.0
777,5682,123332,12.0
777,5683,123343,11.0
777,5684,123370,27.0
777,5685,123388,18.0
777,5686,123404,16.0
777,5687,123421,17.0
777,5688,123441,20.0
777,5689,123465,24.0
777,5690,123502,37.0
777,5691,123529,27.0
777,5692,123570,41.0
777,5693,123583,13.0
777,5694,123600,17.0
777,5695,123621,21.0
777,5696,123641,20.0
777,5697,123672,31.0
777,5698,123722,50.0
777,5699,123761,39.0
777,5700,123794,33.0
777,5701,123809,15.0
777,5702,123822,13.0
777,5703,123851,29.0
777,5704,123874,23.0
777,5705,123907,33.0
777,5706,123921,14.0
777,5707,123935,14.0
777,5708,123951,16.0
777,5709,123977,26.0
777,5710,124003,26.0
777,5711,124023,20.0
777,5712,124044,21.0
777,5713,124066,22.0
777,5714,124085,19.0
777,5715,124113,28.0
777,5716,124134,21.0
777,5717,124146,12.0
777,5718,124165,19.0
777,5719,124194,29.0
777,5720,124207,13.0
777,5721,124233,26.0
777,5722,124260,27.0
777,5723,124290,30.0
777,5724,124306,16.0
777,5725,124334,28.0
777,5726,124360,26.0
777,5727,124389,29.0
777,5728,124401,12.0
777,5729,124417,16.0
777,5730,124472,55.0
777,5731,124512,40.0
777,5732,124529,17.0
777,5733,124561,32.0
777,5734,124587,26.0
777,5735,124608,21.0
777,5736,124623,15.0
777,5737,124641,18.0
777,5738,124652,11.0
777,5739,124679,27.0
777,5740,124697,18.0
777,5741,124721,24.0
777,5742,124737,16.0
777,5743,124762,25.0
777,5744,124773,11.0
777,5745,124792,19.0
777,5746,124825,33.0
777,5747,124841,16.0
777,5748,124875,34.0
777,5749,124917,42.0
777,5750,124930,13.0
777,5751,124951,21.0
777,5752,124974,23.0
777,5753,124988,14.0
777,5754,125001,13.0
777,5755,125012,11.0
777,5756,125043,31.0
777,5757,125106,63.0
777,5758,125117,11.0
777,5759,125139,22.0
777,5760,125158,19.0
777,5761,125189,31.0
777,5762,125231,42.0
777,5763,125263,32.0
777,5764,125284,21.0
777,5765,125301,17.0
777,5766,125317,16.0
777,5767,125330,13.0
777,5768,125348,18.0
777,5769,125381,33.0
777,5770,125453,72.0
777,5771,125483,30.0
777,5772,125512,29.0
777,5773,125528,16.0
777,5774,125579,51.0
777,5775,125607,28.0
777,5776,125622,15.0
777,5777,125655,33.0
777,5778,125665,10.0
777,5779,125679,14.0
777,5780,125727,48.0
777,5781,125752,25.0
777,5782,125766,14.0
777,5783,125778,12.0
777,5784,125816,38.0
777,5785,125835,19.0
777,5786,125849,14.0
777,5787,125861,12.0
777,5788,125878,17.0
777,5789,125911,33.0
777,5790,125939,28.0
777,5791,125976,37.0
777,5792,126006,30.0
777,5793,126015,9.0
777,5794,126036,21.0
777,5795,126062,26.0
777,5796,126082,20.0
777,5797,126100,18.0
777,5798,126112,12.0
777,5799,126122,10.0
777,5800,126176,54.0
777,5801,126232,56.0
777,5802,126256,24.0
777,5803,126274,18.0
777,5804,126294,20.0
777,5805,126306,12.0
777,5806,126325,19.0
777,5807,126335,10.0
777,5808,126352,17.0
777,5809,126381,29.0
777,5810,126412,31.0
777,5811,126429,17.0
777,5812,126442,13.0
777,5813,126460,18.0
777,5814,126487,27.0
777,5815,126508,21.0
777,5816,126553,45.0
777,5817,126567,14.0
777,5818,126584,17.0
777,5819,126609,25.0
777,5820,126653,44.0
777,5821,126665,12.0
777,5822,126682,17.0
777,5823,126703,21.0
777,5824,126721,18.0
777,5825,126733,12.0
777,5826,126747,14.0
777,5827,126760,13.0
777,5828,126797,37.0
777,5829,126814,17.0
777,5830,126875,61.0
777,5831,126938,63.0
777,5832,126974,36.0
777,5833,126996,22.0
777,5834,127014,18.0
777,5835,127025,11.0
777,5836,127040,15.0
777,5837,127055,15.0
777,5838,127076,21.0
777,5839,127096,20.0
777,5840,127123,27.0
777,5841,127139,16.0
777,5842,127157,18.0
777,5843,127190,33.0
777,5844,127204,14.0
777,5845,127251,47.0
777,5846,127280,29.0
777,5847,127314,34.0
777,5848,127322,8.0
777,5849,127339,17.0
777,5850,127359,20.0
777,5851,127386,27.0
777,5852,127397,11.0
777,5853,127421,24.0
777,5854,127434,13.0
777,5855,127445,11.0
777,5856,127459,14.0
777,5857,127475,16.0
777,5858,127491,16.0
777,5859,127508,17.0
777,5860,127525,17.0
777,5861,127536,11.0
777,5862,127553,17.0
777,5863,127577,24.0
777,5864,127599,22.0
777,5865,127613,14.0
777,5866,127623,10.0
777,5867,127655,32.0
777,5868,127666,11.0
777,5869,127677,11.0
777,5870,127689,12.0
777,5871,127702,13.0
777,5872,127750,48.0
777,5873,127767,17.0
777,5874,127790,23.0
777,5875,127801,11.0
777,5876,127824,23.0
777,5877,127849,25.0
777,5878,127875,26.0
777,5879,127889,14.0
777,5880,127898,9.0
777,5881,127922,24.0
777,5882,127937,15.0
777,5883,127950,13.0
777,5884,127962,12.0
777,5885,127974,12.0
777,5886,128002,28.0
777,5887,128042,40.0
777,5888,128063,21.0
777,5889,128101,38.0
777,5890,128155,54.0
777,5891,128171,16.0
777,5892,128205,34.0
777,5893,128239,34.0
777,5894,128283,44.0
777,5895,128297,14.0
777,5896,128307,10.0
777,5897,128346,39.0
777,5898,128365,19.0
777,5899,128385,20.0
777,5900,128396,11.0
777,5901,128432,36.0
777,5902,128516,84.0
777,5903,128533,17.0
777,5904,128563,30.0
777,5905,128599,36.0
777,5906,128657,58.0
777,5907,128674,17.0
777,5908,128705,31.0
777,5909,128723,18.0
777,5910,128756,33.0
777,5911,128769,13.0
777,5912,128799,30.0
777,5913,128819,20.0
777,5914,128830,11.0
777,5915,128854,24.0
777,5916,128868,14.0
777,5917,128904,36.0
777,5918,128921,17.0
777,5919,128970,49.0
777,5920,128981,11.0
777,5921,129005,24.0
777,5922,129036,31.0
777,5923,129051,15.0
777,5924,129064,13.0
777,5925,129084,20.0
777,5926,129095,11.0
777,5927,129109,14.0
777,5928,129124,15.0
777,5929,129137,13.0
777,5930,129167,30.0
777,5931,129181,14.0
777,5932,129192,11.0
777,5933,129207,15.0
777,5934,129225,18.0
777,5935,129237,12.0
777,5936,129250,13.0
777,5937,129295,45.0
777,5938,129307,12.0
777,5939,129322,15.0
777,5940,129341,19.0
777,5941,129361,20.0
777,5942,129384,23.0
777,5943,129408,24.0
777,5944,129420,12.0
777,5945,129441,21.0
777,5946,129458,17.0
777,5947,129475,17.0
777,5948,129498,23.0
777,5949,129516,18.0
777,5950,129529,13.0
777,5951,129545,16.0
777,5952,129565,20.0
777,5953,129584,19.0
777,5954,129601,17.0
777,5955,129617,16.0
777,5956,129641,24.0
777,5957,129656,15.0
777,5958,129677,21.0
777,5959,129693,16.0
777,5960,129718,25.0
777,5961,129765,47.0
777,5962,129778,13.0
777,5963,129798,20.0
777,5964,129808,10.0
777,5965,129816,8.0
777,5966,129827,11.0
777,5967,129845,18.0
777,5968,129864,19.0
777,5969,129876,12.0
777,5970,129888,12.0
777,5971,129900,12.0
777,5972,129929,29.0
777,5973,129949,20.0
777,5974,129972,23.0
777,5975,129998,26.0
777,5976,130007,9.0
777,5977,130030,23.0
777,5978,130045,15.0
777,5979,130066,21.0
777,5980,130095,29.0
777,5981,130115,20.0
777,5982,130133,18.0
777,5983,130182,49.0
777,5984,130213,31.0
777,5985,130233,20.0
777,5986,130260,27.0
777,5987,130281,21.0
777,5988,130299,18.0
777,5989,130321,22.0
777,5990,130348,27.0
777,5991,130372,24.0
777,5992,130412,40.0
777,5993,130426,14.0
777,5994,130450,24.0
777,5995,130474,24.0
777,5996,130507,33.0
777,5997,130518,11.0
777,5998,130535,17.0
777,5999,130547,12.0
777,6000,130560,13.0
777,6001,130597,37.0
777,6002,130609,12.0
777,6003,130635,26.0
777,6004,130669,34.0
777,6005,130687,18.0
777,6006,130701,14.0
777,6007,130749,48.0
777,6008,130765,16.0
777,6009,130779,14.0
777,6010,130797,18.0
777,6011,130810,13.0
777,6012,130827,17.0
777,6013,130840,13.0
777,6014,130914,74.0
777,6015,130926,12.0
777,6016,130941,15.0
777,6017,130960,19.0
777,6018,130989,29.0
777,6019,131008,19.0
777,6020,131019,11.0
777,6021,131038,19.0
777,6022,131057,19.0
777,6023,131077,20.0
777,6024,131087,10.0
777,6025,131140,53.0
777,6026,131156,16.0
777,6027,131169,13.0
777,6028,131188,19.0
777,6029,131204,16.0
777,6030,131219,15.0
777,6031,131250,31.0
777,6032,131263,13.0
777,6033,131283,20.0
777,6034,131307,24.0
777,6035,131327,20.0
777,6036,131346,19.0
777,6037,131358,12.0
777,6038,131396,38.0
777,6039,131413,17.0
777,6040,131440,27.0
777,6041,131450,10.0
777,6042,131475,25.0
777,6043,131488,13.0
777,6044,131528,40.0
777,6045,131538,10.0
777,6046,131575,37.0
777,6047,131589,14.0
777,6048,131621,32.0
777,6049,131725,104.0
777,6050,131749,24.0
777,6051,131758,9.0
777,6052,131774,16.0
777,6053,131803,29.0
777,6054,131825,22.0
777,6055,131842,17.0
777,6056,131867,25.0
777,6057,131878,11.0
777,6058,131936,58.0
777,6059,131973,37.0
777,6060,131986,13.0
777,6061,132015,29.0
777,6062,132036,21.0
777,6063,132059,23.0
777,6064,132094,35.0
777,6065,132126,32.0
777,6066,132141,15.0
777,6067,132157,16.0
777,6068,132179,22.0
777,6069,132192,13.0
777,6070,132246,54.0
777,6071,132290,44.0
777,6072,132310,20.0
777,6073,132331,21.0
777,6074,132402,71.0
777,6075,132413,11.0
777,6076,132428,15.0
777,6077,132444,16.0
777,6078,132458,14.0
777,6079,132467,9.0
777,6080,132486,19.0
777,6081,132504,18.0
777,6082,132533,29.0
777,6083,132563,30.0
777,6084,132583,20.0
777,6085,132598,15.0
777,6086,132610,12.0
777,6087,132625,15.0
777,6088,132666,41.0
777,6089,132698,32.0
777,6090,132742,44.0
777,6091,132760,18.0
777,6092,132790,30.0
777,6093,132812,22.0
777,6094,132829,17.0
777,6095,132859,30.0
777,6096,132881,22.0
777,6097,132896,15.0
777,6098,132922,26.0
777,6099,132964,42.0
777,6100,132974,10.0
777,6101,132994,20.0
777,6102,133008,14.0
777,6103,133019,11.0
777,6104,133064,45.0
777,6105,133075,11.0
777,6106,133099,24.0
777,6107,133127,28.0
777,6108,133136,9.0
777,6109,133152,16.0
777,6110,133165,13.0
777,6111,133185,20.0
777,6112,133212,27.0
777,6113,133238,26.0
777,6114,133263,25.0
777,6115,133279,16.0
777,6116,133298,19.0
777,6117,133327,29.0
777,6118,133346,19.0
777,6119,133359,13.0
777,6120,133378,19.0
777,6121,133405,27.0
777,6122,133418,13.0
777,6123,133436,18.0
777,6124,133450,14.0
777,6125,133466,16.0
777,6126,133519,53.0
777,6127,133540,21.0
777,6128,133562,22.0
777,6129,133584,22.0
777,6130,133597,13.0
777,6131,133611,14.0
777,6132,133623,12.0
777,6133,133645,22.0
777,6134,133658,13.0
777,6135,133676,18.0
777,6136,133698,22.0
777,6137,133715,17.0
777,6138,133747,32.0
777,6139,133761,14.0
777,6140,133783,22.0
777,6141,133799,16.0
777,6142,133815,16.0
777,6143,133834,19.0
777,6144,133863,29.0
777,6145,133882,19.0
777,6146,133896,14.0
777,6147,133909,13.0
777,6148,133932,23.0
777,6149,133958,26.0
777,6150,133983,25.0
777,6151,133995,12.0
777,6152,134012,17.0
777,6153,134027,15.0
777,6154,134056,29.0
777,6155,134069,13.0
777,6156,134081,12.0
777,6157,134100,19.0
777,6158,134113,13.0
777,6159,134127,14.0
777,6160,134139,12.0
777,6161,134150,11.0
777,6162,134176,26.0
777,6163,134227,51.0
777,6164,134245,18.0
777,6165,134256,11.0
777,6166,134266,10.0
777,6167,134277,11.0
777,6168,134303,26.0
777,6169,134314,11.0
777,6170,134348,34.0
777,6171,134377,29.0
777,6172,134404,27.0
777,6173,134434,30.0
777,6174,134465,31.0
777,6175,134474,9.0
777,6176,134491,17.0
777,6177,134505,14.0
777,6178,134521,16.0
777,6179,134539,18.0
777,6180,134554,15.0
777,6181,134573,19.0
777,6182,134622,49.0
777,6183,134641,19.0
777,6184,134655,14.0
777,6185,134705,50.0
777,6186,134725,20.0
777,6187,134761,36.0
777,6188,134774,13.0
777,6189,134834,60.0
777,6190,134849,15.0
777,6191,134866,17.0
777,6192,134880,14.0
777,6193,134905,25.0
777,6194,134934,29.0
777,6195,134951,17.0
777,6196,134993,42.0
777,6197,135007,14.0
777,6198,135019,12.0
777,6199,135043,24.0
777,6200,135057,14.0
777,6201,135077,20.0
777,6202,135088,11.0
777,6203,135110,22.0
777,6204,135121,11.0
777,6205,135162,41.0
777,6206,135178,16.0
777,6207,135188,10.0
777,6208,135201,13.0
777,6209,135211,10.0
777,6210,135220,9.0
777,6211,135269,49.0
777,6212,135326,57.0
777,6213,135345,19.0
777,6214,135354,9.0
777,6215,135377,23.0
777,6216,135397,20.0
777,6217,135428,31.0
777,6218,135447,19.0
777,6219,135470,23.0
777,6220,135503,33.0
777,6221,135515,12.0
777,6222,135524,9.0
777,6223,135544,20.0
777,6224,135566,22.0
777,6225,135577,11.0
777,6226,135602,25.0
777,6227,135640,38.0
777,6228,135649,9.0
777,6229,135677,28.0
777,6230,135694,17.0
777,6231,135720,26.0
777,6232,135740,20.0
777,6233,135758,18.0
777,6234,135773,15.0
777,6235,135805,32.0
777,6236,135816,11.0
777,6237,135842,26.0
777,6238,135855,13.0
777,6239,135885,30.0
777,6240,135903,18.0
777,6241,135917,14.0
777,6242,135960,43.0
777,6243,136037,77.0
777,6244,136068,31.0
777,6245,136081,13.0
777,6246,136105,24.0
777,6247,136141,36.0
777,6248,136153,12.0
777,6249,136165,12.0
777,6250,136179,14.0
777,6251,136199,20.0
777,6252,136214,15.0
777,6253,136228,14.0
777,6254,136240,12.0
777,6255,136250,10.0
777,6256,136266,16.0
777,6257,136286,20.0
777,6258,136303,17.0
777,6259,136313,10.0
777,6260,136333,20.0
777,6261,136349,16.0
777,6262,136363,14.0
777,6263,136386,23.0
777,6264,136403,17.0
777,6265,136418,15.0
777,6266,136440,22.0
777,6267,136461,21.0
777,6268,136471,10.0
777,6269,136498,27.0
777,6270,136520,22.0
777,6271,136530,10.0
777,6272,136563,33.0
777,6273,136587,24.0
777,6274,136635,48.0
777,6275,136654,19.0
777,6276,136717,63.0
777,6277,136728,11.0
777,6278,136749,21.0
777,6279,136771,22.0
777,6280,136787,16.0
777,6281,136830,43.0
777,6282,136848,18.0
777,6283,136863,15.0
777,6284,136897,34.0
777,6285,136910,13.0
777,6286,136922,12.0
777,6287,136932,10.0
777,6288,136946,14.0
777,6289,136960,14.0
777,6290,136992,32.0
777,6291,137008,16.0
777,6292,137041,33.0
777,6293,137055,14.0
777,6294,137080,25.0
777,6295,137127,47.0
777,6296,137177,50.0
777,6297,137189,12.0
777,6298,137219,30.0
777,6299,137265,46.0
777,6300,137279,14.0
777,6301,137300,21.0
777,6302,137317,17.0
777,6303,137325,8.0
777,6304,137352,27.0
777,6305,137370,18.0
777,6306,137386,16.0
777,6307,137417,31.0
777,6308,137442,25.0
777,6309,137480,38.0
777,6310,137494,14.0
777,6311,137514,20.0
777,6312,137531,17.0
777,6313,137551,20.0
777,6314,137588,37.0
777,6315,137607,19.0
777,6316,137620,13.0
777,6317,137632,12.0
777,6318,137674,42.0
777,6319,137695,21.0
777,6320,137728,33.0
777,6321,137743,15.0
777,6322,137784,41.0
777,6323,137798,14.0
777,6324,137808,10.0
777,6325,137819,11.0
777,6326,137839,20.0
777,6327,137869,30.0
777,6328,137894,25.0
777,6329,137918,24.0
777,6330,137936,18.0
777,6331,137948,12.0
777,6332,137968,20.0
777,6333,137979,11.0
777,6334,137992,13.0
777,6335,138057,65.0
777,6336,138075,18.0
777,6337,138093,18.0
777,6338,138126,33.0
777,6339,138147,21.0
777,6340,138197,50.0
777,6341,138211,14.0
777,6342,138223,12.0
777,6343,138238,15.0
777,6344,138250,12.0
777,6345,138280,30.0
777,6346,138321,41.0
777,6347,138340,19.0
777,6348,138354,14.0
777,6349,138387,33.0
777,6350,138398,11.0
777,6351,138407,9.0
777,6352,138424,17.0
777,6353,138435,11.0
777,6354,138478,43.0
777,6355,138490,12.0
777,6356,138506,16.0
777,6357,138522,16.0
777,6358,138541,19.0
777,6359,138581,40.0
777,6360,138637,56.0
777,6361,138652,15.0
777,6362,138666,14.0
777,6363,138684,18.0
777,6364,138707,23.0
777,6365,138724,17.0
777,6366,138737,13.0
777,6367,138750,13.0
777,6368,138772,22.0
777,6369,138785,13.0
777,6370,138828,43.0
777,6371,138846,18.0
777,6372,138867,21.0
777,6373,138878,11.0
777,6374,138904,26.0
777,6375,138916,12.0
777,6376,138941,25.0
777,6377,138972,31.0
777,6378,139023,51.0
777,6379,139043,20.0
777,6380,139057,14.0
777,6381,139072,15.0
777,6382,139103,31.0
777,6383,139113,10.0
777,6384,139131,18.0
777,6385,139142,11.0
777,6386,139157,15.0
777,6387,139168,11.0
777,6388,139187,19.0
777,6389,139207,20.0
777,6390,139221,14.0
777,6391,139239,18.0
777,6392,139251,12.0
777,6393,139264,13.0
777,6394,139276,12.0
777,6395,139288,12.0
777,6396,139308,20.0
777,6397,139321,13.0
777,6398,139336,15.0
777,6399,139354,18.0
777,6400,139374,20.0
777,6401,139391,17.0
777,6402,139407,16.0
777,6403,139417,10.0
777,6404,139457,40.0
777,6405,139478,21.0
777,6406,139498,20.0
777,6407,139514,16.0
777,6408,139533,19.0
777,6409,139560,27.0
777,6410,139571,11.0
777,6411,139583,12.0
777,6412,139611,28.0
777,6413,139624,13.0
777,6414,139662,38.0
777,6415,139692,30.0
777,6416,139702,10.0
777,6417,139758,56.0
777,6418,139788,30.0
777,6419,139797,9.0
777,6420,139815,18.0
777,6421,139833,18.0
777,6422,139856,23.0
777,6423,139878,22.0
777,6424,139892,14.0
777,6425,139902,10.0
777,6426,139917,15.0
777,6427,139931,14.0
777,6428,139960,29.0
777,6429,139984,24.0
777,6430,140029,45.0
777,6431,140041,12.0
777,6432,140055,14.0
777,6433,140084,29.0
777,6434,140134,50.0
777,6435,140151,17.0
777,6436,140171,20.0
777,6437,140197,26.0
777,6438,140210,13.0
777,6439,140247,37.0
777,6440,140274,27.0
777,6441,140288,14.0
777,6442,140307,19.0
777,6443,140322,15.0
777,6444,140334,12.0
777,6445,140345,11.0
777,6446,140360,15.0
777,6447,140378,18.0
777,6448,140403,25.0
777,6449,140422,19.0
777,6450,140448,26.0
777,6451,140491,43.0
777,6452,140523,32.0
777,6453,140536,13.0
777,6454,140546,10.0
777,6455,140555,9.0
777,6456,140568,13.0
777,6457,140578,10.0
777,6458,140607,29.0
777,6459,140625,18.0
777,6460,140636,11.0
777,6461,140660,24.0
777,6462,140687,27.0
777,6463,140709,22.0
777,6464,140723,14.0
777,6465,140741,18.0
777,6466,140757,16.0
777,6467,140768,11.0
777,6468,140782,14.0
777,6469,140826,44.0
777,6470,140841,15.0
777,6471,140872,31.0
777,6472,140890,18.0
777,6473,140903,13.0
777,6474,140916,13.0
777,6475,140934,18.0
777,6476,140957,23.0
777,6477,140969,12.0
777,6478,140983,14.0
777,6479,140993,10.0
777,6480,141020,27.0
777,6481,141105,85.0
777,6482,141119,14.0
777,6483,141141,22.0
777,6484,141169,28.0
777,6485,141190,21.0
777,6486,141214,24.0
777,6487,141244,30.0
777,6488,141274,30.0
777,6489,141286,12.0
777,6490,141299,13.0
777,6491,141307,8.0
777,6492,141325,18.0
777,6493,141334,9.0
777,6494,141344,10.0
777,6495,141372,28.0
777,6496,141390,18.0
777,6497,141402,12.0
777,6498,141417,15.0
777,6499,141462,45.0
777,6500,141480,18.0
777,6501,141494,14.0
777,6502,141510,16.0
777,6503,141522,12.0
777,6504,141542,20.0
777,6505,141587,45.0
777,6506,141620,33.0
777,6507,141675,55.0
777,6508,141693,18.0
777,6509,141723,30.0
777,6510,141738,15.0
777,6511,141757,19.0
777,6512,141769,12.0
777,6513,141806,37.0
777,6514,141818,12.0
777,6515,141834,16.0
777,6516,141858,24.0
777,6517,141870,12.0
777,6518,141882,12.0
777,6519,141904,22.0
777,6520,141928,24.0
777,6521,141938,10.0
777,6522,141962,24.0
777,6523,141971,9.0
777,6524,141985,14.0
777,6525,141996,11.0
777,6526,142013,17.0
777,6527,142043,30.0
777,6528,142059,16.0
777,6529,142080,21.0
777,6530,142091,11.0
777,6531,142111,20.0
777,6532,142125,14.0
777,6533,142150,25.0
777,6534,142162,12.0
777,6535,142197,35.0
777,6536,142207,10.0
777,6537,142221,14.0
777,6538,142242,21.0
777,6539,142271,29.0
777,6540,142281,10.0
777,6541,142300,19.0
777,6542,142312,12.0
777,6543,142323,11.0
777,6544,142340,17.0
777,6545,142354,14.0
777,6546,142370,16.0
777,6547,142386,16.0
777,6548,142400,14.0
777,6549,142410,10.0
777,6550,142429,19.0
777,6551,142443,14.0
777,6552,142466,23.0
777,6553,142479,13.0
777,6554,142494,15.0
777,6555,142509,15.0
777,6556,142531,22.0
777,6557,142541,10.0
777,6558,142554,13.0
777,6559,142580,26.0
777,6560,142589,9.0
777,6561,142604,15.0
777,6562,142613,9.0
777,6563,142626,13.0
777,6564,142637,11.0
777,6565,142652,15.0
777,6566,142677,25.0
777,6567,142696,19.0
777,6568,142707,11.0
777,6569,142720,13.0
777,6570,142732,12.0
777,6571,142781,49.0
777,6572,142799,18.0
777,6573,142817,18.0
777,6574,142837,20.0
777,6575,142853,16.0
777,6576,142867,14.0
777,6577,142893,26.0
777,6578,142905,12.0
777,6579,142916,11.0
777,6580,142935,19.0
777,6581,142948,13.0
777,6582,142969,21.0
777,6583,142981,12.0
777,6584,142993,12.0
777,6585,143006,13.0
777,6586,143020,14.0
777,6587,143053,33.0
777,6588,143070,17.0
777,6589,143087,17.0
777,6590,143099,12.0
777,6591,143109,10.0
777,6592,143123,14.0
777,6593,143136,13.0
777,6594,143155,19.0
777,6595,143167,12.0
777,6596,143187,20.0
777,6597,143197,10.0
777,6598,143209,12.0
777,6599,143240,31.0
777,6600,143257,17.0
777,6601,143271,14.0
777,6602,143288,17.0
777,6603,143308,20.0
777,6604,143322,14.0
777,6605,143336,14.0
777,6606,143370,34.0
777,6607,143397,27.0
777,6608,143412,15.0
777,6609,143424,12.0
777,6610,143436,12.0
777,6611,143449,13.0
777,6612,143477,28.0
777,6613,143494,17.0
777,6614,143530,36.0
777,6615,143539,9.0
777,6616,143551,12.0
777,6617,143563,12.0
777,6618,143580,17.0
777,6619,143601,21.0
777,6620,143615,14.0
777,6621,143629,14.0
777,6622,143663,34.0
777,6623,143675,12.0
777,6624,143689,14.0
777,6625,143723,34.0
777,6626,143735,12.0
777,6627,143763,28.0
777,6628,143785,22.0
777,6629,143796,11.0
777,6630,143806,10.0
777,6631,143818,12.0
777,6632,143839,21.0
777,6633,143855,16.0
777,6634,143866,11.0
777,6635,143888,22.0
777,6636,143902,14.0
777,6637,143950,48.0
777,6638,143962,12.0
777,6639,143974,12.0
777,6640,143997,23.0
777,6641,144016,19.0
777,6642,144040,24.0
777,6643,144060,20.0
777,6644,144074,14.0
777,6645,144087,13.0
777,6646,144103,16.0
777,6647,144125,22.0
777,6648,144134,9.0
777,6649,144160,26.0
777,6650,144181,21.0
777,6651,144199,18.0
777,6652,144228,29.0
777,6653,144243,15.0
777,6654,144257,14.0
777,6655,144271,14.0
777,6656,144284,13.0
777,6657,144311,27.0
777,6658,144347,36.0
777,6659,144404,57.0
777,6660,144428,24.0
777,6661,144446,18.0
777,6662,144464,18.0
777,6663,144494,30.0
777,6664,144506,12.0
777,6665,144558,52.0
777,6666,144571,13.0
777,6667,144589,18.0
777,6668,144604,15.0
777,6669,144617,13.0
777,6670,144630,13.0
777,6671,144649,19.0
777,6672,144678,29.0
777,6673,144698,20.0
777,6674,144709,11.0
777,6675,144721,12.0
777,6676,144736,15.0
777,6677,144752,16.0
777,6678,144768,16.0
777,6679,144784,16.0
777,6680,144808,24.0
777,6681,144829,21.0
777,6682,144839,10.0
777,6683,144853,14.0
777,6684,144886,33.0
777,6685,144902,16.0
777,6686,144925,23.0
777,6687,144935,10.0
777,6688,144944,9.0
777,6689,144974,30.0
777,6690,144985,11.0
777,6691,144998,13.0
777,6692,145012,14.0
777,6693,145035,23.0
777,6694,145049,14.0
777,6695,145075,26.0
777,6696,145089,14.0
777,6697,145100,11.0
777,6698,145134,34.0
777,6699,145150,16.0
777,6700,145178,28.0
777,6701,145204,26.0
777,6702,145217,13.0
777,6703,145234,17.0
777,6704,145244,10.0
777,6705,145256,12.0
777,6706,145269,13.0
777,6707,145281,12.0
777,6708,145296,15.0
777,6709,145308,12.0
777,6710,145329,21.0
777,6711,145345,16.0
777,6712,145356,11.0
777,6713,145373,17.0
777,6714,145386,13.0
777,6715,145429,43.0
777,6716,145445,16.0
777,6717,145470,25.0
777,6718,145491,21.0
777,6719,145510,19.0
777,6720,145525,15.0
777,6721,145551,26.0
777,6722,145561,10.0
777,6723,145583,22.0
777,6724,145598,15.0
777,6725,145609,11.0
777,6726,145624,15.0
777,6727,145655,31.0
777,6728,145677,22.0
777,6729,145694,17.0
777,6730,145705,11.0
777,6731,145718,13.0
777,6732,145732,14.0
777,6733,145745,13.0
777,6734,145765,20.0
777,6735,145805,40.0
777,6736,145829,24.0
777,6737,145884,55.0
777,6738,145896,12.0
777,6739,145907,11.0
777,6740,145924,17.0
777,6741,145937,13.0
777,6742,145950,13.0
777,6743,145967,17.0
777,6744,145977,10.0
777,6745,145989,12.0
777,6746,146020,31.0
777,6747,146044,24.0
777,6748,146061,17.0
777,6749,146073,12.0
777,6750,146087,14.0
777,6751,146098,11.0
777,6752,146119,21.0
777,6753,146168,49.0
777,6754,146191,23.0
777,6755,146210,19.0
777,6756,146234,24.0
777,6757,146250,16.0
777,6758,146274,24.0
777,6759,146286,12.0
777,6760,146306,20.0
777,6761,146345,39.0
777,6762,146358,13.0
777,6763,146396,38.0
777,6764,146406,10.0
777,6765,146456,50.0
777,6766,146471,15.0
777,6767,146502,31.0
777,6768,146522,20.0
777,6769,146535,13.0
777,6770,146555,20.0
777,6771,146581,26.0
777,6772,146611,30.0
777,6773,146629,18.0
777,6774,146644,15.0
777,6775,146668,24.0
777,6776,146692,24.0
777,6777,146716,24.0
777,6778,146735,19.0
777,6779,146769,34.0
777,6780,146779,10.0
777,6781,146795,16.0
777,6782,146824,29.0
777,6783,146837,13.0
777,6784,146851,14.0
777,6785,146881,30.0
777,6786,146902,21.0
777,6787,146915,13.0
777,6788,146950,35.0
777,6789,146979,29.0
777,6790,146994,15.0
777,6791,147014,20.0
777,6792,147034,20.0
777,6793,147048,14.0
777,6794,147059,11.0
777,6795,147082,23.0
777,6796,147108,26.0
777,6797,147120,12.0
777,6798,147140,20.0
777,6799,147154,14.0
777,6800,147174,20.0
777,6801,147201,27.0
777,6802,147212,11.0
777,6803,147227,15.0
777,6804,147245,18.0
777,6805,147259,14.0
777,6806,147281,22.0
777,6807,147299,18.0
777,6808,147312,13.0
777,6809,147330,18.0
777,6810,147348,18.0
777,6811,147361,13.0
777,6812,147375,14.0
777,6813,147390,15.0
777,6814,147405,15.0
777,6815,147422,17.0
777,6816,147434,12.0
777,6817,147446,12.0
777,6818,147474,28.0
777,6819,147492,18.0
777,6820,147504,12.0
777,6821,147521,17.0
777,6822,147532,11.0
777,6823,147556,24.0
777,6824,147571,15.0
777,6825,147592,21.0
777,6826,147605,13.0
777,6827,147617,12.0
777,6828,147638,21.0
777,6829,147659,21.0
777,6830,147670,11.0
777,6831,147683,13.0
777,6832,147696,13.0
777,6833,147727,31.0
777,6834,147737,10.0
777,6835,147751,14.0
777,6836,147760,9.0
777,6837,147806,46.0
777,6838,147825,19.0
777,6839,147838,13.0
777,6840,147850,12.0
777,6841,147865,15.0
777,6842,147909,44.0
777,6843,147927,18.0
777,6844,147938,11.0
777,6845,147950,12.0
777,6846,147962,12.0
777,6847,147995,33.0
777,6848,148007,12.0
777,6849,148023,16.0
777,6850,148034,11.0
777,6851,148046,12.0
777,6852,148064,18.0
777,6853,148085,21.0
777,6854,148102,17.0
777,6855,148115,13.0
777,6856,148144,29.0
777,6857,148158,14.0
777,6858,148185,27.0
777,6859,148194,9.0
777,6860,148204,10.0
777,6861,148215,11.0
777,6862,148229,14.0
777,6863,148251,22.0
777,6864,148274,23.0
777,6865,148287,13.0
777,6866,148330,43.0
777,6867,148344,14.0
777,6868,148358,14.0
777,6869,148374,16.0
777,6870,148388,14.0
777,6871,148414,26.0
777,6872,148427,13.0
777,6873,148441,14.0
777,6874,148458,17.0
777,6875,148478,20.0
777,6876,148491,13.0
777,6877,148513,22.0
777,6878,148529,16.0
777,6879,148552,23.0
777,6880,148568,16.0
777,6881,148599,31.0
777,6882,148628,29.0
777,6883,148641,13.0
777,6884,148651,10.0
777,6885,148686,35.0
777,6886,148703,17.0
777,6887,148722,19.0
777,6888,148743,21.0
777,6889,148758,15.0
777,6890,148776,18.0
777,6891,148792,16.0
777,6892,148811,19.0
777,6893,148829,18.0
777,6894,148843,14.0
777,6895,148892,49.0
777,6896,148920,28.0
777,6897,148931,11.0
777,6898,148946,15.0
777,6899,148958,12.0
777,6900,148975,17.0
777,6901,148985,10.0
777,6902,148996,11.0
777,6903,149024,28.0
777,6904,149045,21.0
777,6905,149067,22.0
777,6906,149079,12.0
777,6907,149095,16.0
777,6908,149108,13.0
777,6909,149128,20.0
777,6910,149168,40.0
777,6911,149178,10.0
777,6912,149190,12.0
777,6913,149220,30.0
777,6914,149239,19.0
777,6915,149249,10.0
777,6916,149263,14.0
777,6917,149279,16.0
777,6918,149291,12.0
777,6919,149315,24.0
777,6920,149326,11.0
777,6921,149341,15.0
777,6922,149351,10.0
777,6923,149364,13.0
777,6924,149373,9.0
777,6925,149389,16.0
777,6926,149404,15.0
777,6927,149420,16.0
777,6928,149444,24.0
777,6929,149484,40.0
777,6930,149502,18.0
777,6931,149523,21.0
777,6932,149541,18.0
777,6933,149562,21.0
777,6934,149586,24.0
777,6935,149600,14.0
777,6936,149639,39.0
777,6937,149657,18.0
777,6938,149674,17.0
777,6939,149705,31.0
777,6940,149714,9.0
777,6941,149732,18.0
777,6942,149747,15.0
777,6943,149762,15.0
777,6944,149777,15.0
777,6945,149788,11.0
777,6946,149797,9.0
777,6947,149826,29.0
777,6948,149855,29.0
777,6949,149874,19.0
777,6950,149895,21.0
777,6951,149914,19.0
777,6952,149923,9.0
777,6953,149932,9.0
777,6954,149955,23.0
777,6955,149971,16.0
777,6956,149988,17.0
777,6957,150007,19.0
