seed,episode,total_steps,return
123,1,19,19.0
123,2,34,15.0
123,3,64,30.0
123,4,100,36.0
123,5,137,37.0
123,6,168,31.0
123,7,190,22.0
123,8,227,37.0
123,9,255,28.0
123,10,274,19.0
123,11,297,23.0
123,12,309,12.0
123,13,332,23.0
123,14,344,12.0
123,15,361,17.0
123,16,401,40.0
123,17,418,17.0
123,18,445,27.0
123,19,464,19.0
123,20,490,26.0
123,21,524,34.0
123,22,544,20.0
123,23,553,9.0
123,24,575,22.0
123,25,604,29.0
123,26,629,25.0
123,27,641,12.0
123,28,688,47.0
123,29,704,16.0
123,30,716,12.0
123,31,742,26.0
123,32,758,16.0
123,33,779,21.0
123,34,796,17.0
123,35,809,13.0
123,36,824,15.0
123,37,836,12.0
123,38,849,13.0
123,39,867,18.0
123,40,890,23.0
123,41,902,12.0
123,42,922,20.0
123,43,944,22.0
123,44,957,13.0
123,45,973,16.0
123,46,1002,29.0
123,47,1045,43.0
123,48,1066,21.0
123,49,1080,14.0
123,50,1103,23.0
123,51,1133,30.0
123,52,1147,14.0
123,53,1157,10.0
123,54,1175,18.0
123,55,1201,26.0
123,56,1211,10.0
123,57,1225,14.0
123,58,1241,16.0
123,59,1259,18.0
123,60,1282,23.0
123,61,1300,18.0
123,62,1313,13.0
123,63,1348,35.0
123,64,1371,23.0
123,65,1383,12.0
123,66,1401,18.0
123,67,1412,11.0
123,68,1459,47.0
123,69,1471,12.0
123,70,1523,52.0
123,71,1544,21.0
123,72,1565,21.0
123,73,1576,11.0
123,74,1587,11.0
123,75,1597,10.0
123,76,1609,12.0
123,77,1622,13.0
123,78,1648,26.0
123,79,1671,23.0
123,80,1696,25.0
123,81,1711,15.0
123,82,1733,22.0
123,83,1754,21.0
123,84,1765,11.0
123,85,1811,46.0
123,86,1838,27.0
123,87,1883,45.0
123,88,1914,31.0
123,89,1939,25.0
123,90,1965,26.0
123,91,1999,34.0
123,92,2012,13.0
123,93,2024,12.0
123,94,2039,15.0
123,95,2056,17.0
123,96,2091,35.0
123,97,2108,17.0
123,98,2132,24.0
123,99,2159,27.0
123,100,2169,10.0
123,101,2184,15.0
123,102,2199,15.0
123,103,2217,18.0
123,104,2246,29.0
123,105,2260,14.0
123,106,2292,32.0
123,107,2318,26.0
123,108,2331,13.0
123,109,2354,23.0
123,110,2364,10.0
123,111,2387,23.0
123,112,2399,12.0
123,113,2418,19.0
123,114,2455,37.0
123,115,2494,39.0
123,116,2510,16.0
123,117,2532,22.0
123,118,2545,13.0
123,119,2566,21.0
123,120,2585,19.0
123,121,2597,12.0
123,122,2616,19.0
123,123,2661,45.0
123,124,2676,15.0
123,125,2694,18.0
123,126,2722,28.0
123,127,2739,17.0
123,128,2766,27.0
123,129,2785,19.0
123,130,2796,11.0
123,131,2808,12.0
123,132,2822,14.0
123,133,2834,12.0
123,134,2855,21.0
123,135,2881,26.0
123,136,2897,16.0
123,137,2933,36.0
123,138,2948,15.0
123,139,2960,12.0
123,140,2981,21.0
123,141,3006,25.0
123,142,3021,15.0
123,143,3037,16.0
123,144,3055,18.0
123,145,3067,12.0
123,146,3075,8.0
123,147,3097,22.0
123,148,3127,30.0
123,149,3139,12.0
123,150,3152,13.0
123,151,3183,31.0
123,152,3259,76.0
123,153,3288,29.0
123,154,3300,12.0
123,155,3343,43.0
123,156,3361,18.0
123,157,3426,65.0
123,158,3449,23.0
123,159,3469,20.0
123,160,3488,19.0
123,161,3528,40.0
123,162,3553,25.0
123,163,3571,18.0
123,164,3587,16.0
123,165,3664,77.0
123,166,3681,17.0
123,167,3702,21.0
123,168,3717,15.0
123,169,3738,21.0
123,170,3777,39.0
123,171,3813,36.0
123,172,3822,9.0
123,173,3858,36.0
123,174,3879,21.0
123,175,3905,26.0
123,176,3921,16.0
123,177,3940,19.0
123,178,3960,20.0
123,179,3975,15.0
123,180,3988,13.0
123,181,4003,15.0
123,182,4017,14.0
123,183,4032,15.0
123,184,4066,34.0
123,185,4091,25.0
123,186,4113,22.0
123,187,4140,27.0
123,188,4178,38.0
123,189,4200,22.0
123,190,4223,23.0
123,191,4237,14.0
123,192,4248,11.0
123,193,4282,34.0
123,194,4307,25.0
123,195,4341,34.0
123,196,4362,21.0
123,197,4379,17.0
123,198,4409,30.0
123,199,4431,22.0
123,200,4499,68.0
123,201,4525,26.0
123,202,4539,14.0
123,203,4587,48.0
123,204,4614,27.0
123,205,4630,16.0
123,206,4650,20.0
123,207,4677,27.0
123,208,4692,15.0
123,209,4707,15.0
123,210,4761,54.0
123,211,4776,15.0
123,212,4798,22.0
123,213,4812,14.0
123,214,4835,23.0
123,215,4877,42.0
123,216,4891,14.0
123,217,4906,15.0
123,218,4931,25.0
123,219,4948,17.0
123,220,4970,22.0
123,221,4985,15.0
123,222,4994,9.0
123,223,5013,19.0
123,224,5024,11.0
123,225,5038,14.0
123,226,5052,14.0
123,227,5083,31.0
123,228,5094,11.0
123,229,5119,25.0
123,230,5144,25.0
123,231,5154,10.0
123,232,5167,13.0
123,233,5186,19.0
123,234,5198,12.0
123,235,5232,34.0
123,236,5251,19.0
123,237,5278,27.0
123,238,5292,14.0
123,239,5303,11.0
123,240,5325,22.0
123,241,5339,14.0
123,242,5362,23.0
123,243,5380,18.0
123,244,5396,16.0
123,245,5414,18.0
123,246,5442,28.0
123,247,5454,12.0
123,248,5474,20.0
123,249,5488,14.0
123,250,5501,13.0
123,251,5519,18.0
123,252,5547,28.0
123,253,5586,39.0
123,254,5596,10.0
123,255,5620,24.0
123,256,5660,40.0
123,257,5672,12.0
123,258,5725,53.0
123,259,5747,22.0
123,260,5788,41.0
123,261,5811,23.0
123,262,5833,22.0
123,263,5848,15.0
123,264,5870,22.0
123,265,5913,43.0
123,266,5939,26.0
123,267,5956,17.0
123,268,6003,47.0
123,269,6014,11.0
123,270,6026,12.0
123,271,6056,30.0
123,272,6069,13.0
123,273,6089,20.0
123,274,6115,26.0
123,275,6158,43.0
123,276,6171,13.0
123,277,6188,17.0
123,278,6216,28.0
123,279,6234,18.0
123,280,6275,41.0
123,281,6295,20.0
123,282,6310,15.0
123,283,6321,11.0
123,284,6354,33.0
123,285,6371,17.0
123,286,6414,43.0
123,287,6432,18.0
123,288,6447,15.0
123,289,6471,24.0
123,290,6488,17.0
123,291,6505,17.0
123,292,6588,83.0
123,293,6620,32.0
123,294,6658,38.0
123,295,6679,21.0
123,296,6706,27.0
123,297,6725,19.0
123,298,6735,10.0
123,299,6765,30.0
123,300,6779,14.0
123,301,6798,19.0
123,302,6829,31.0
123,303,6845,16.0
123,304,6866,21.0
123,305,6880,14.0
123,306,6891,11.0
123,307,6906,15.0
123,308,6923,17.0
123,309,6936,13.0
123,310,6961,25.0
123,311,6971,10.0
123,312,6984,13.0
123,313,7000,16.0
123,314,7020,20.0
123,315,7043,23.0
123,316,7053,10.0
123,317,7080,27.0
123,318,7099,19.0
123,319,7112,13.0
123,320,7123,11.0
123,321,7135,12.0
123,322,7150,15.0
123,323,7165,15.0
123,324,7184,19.0
123,325,7221,37.0
123,326,7234,13.0
123,327,7247,13.0
123,328,7289,42.0
123,329,7309,20.0
123,330,7325,16.0
123,331,7335,10.0
123,332,7348,13.0
123,333,7368,20.0
123,334,7405,37.0
123,335,7417,12.0
123,336,7438,21.0
123,337,7462,24.0
123,338,7521,59.0
123,339,7539,18.0
123,340,7550,11.0
123,341,7580,30.0
123,342,7594,14.0
123,343,7618,24.0
123,344,7670,52.0
123,345,7685,15.0
123,346,7711,26.0
123,347,7726,15.0
123,348,7759,33.0
123,349,7786,27.0
123,350,7825,39.0
123,351,7847,22.0
123,352,7866,19.0
123,353,7895,29.0
123,354,7918,23.0
123,355,7930,12.0
123,356,7966,36.0
123,357,7978,12.0
123,358,8009,31.0
123,359,8057,48.0
123,360,8081,24.0
123,361,8094,13.0
123,362,8110,16.0
123,363,8134,24.0
123,364,8147,13.0
123,365,8183,36.0
123,366,8254,71.0
123,367,8275,21.0
123,368,8287,12.0
123,369,8348,61.0
123,370,8374,26.0
123,371,8405,31.0
123,372,8425,20.0
123,373,8440,15.0
123,374,8452,12.0
123,375,8472,20.0
123,376,8532,60.0
123,377,8566,34.0
123,378,8585,19.0
123,379,8610,25.0
123,380,8633,23.0
123,381,8649,16.0
123,382,8671,22.0
123,383,8681,10.0
123,384,8719,38.0
123,385,8737,18.0
123,386,8757,20.0
123,387,8767,10.0
123,388,8786,19.0
123,389,8805,19.0
123,390,8819,14.0
123,391,8833,14.0
123,392,8852,19.0
123,393,8879,27.0
123,394,8895,16.0
123,395,8918,23.0
123,396,8942,24.0
123,397,8979,37.0
123,398,9014,35.0
123,399,9051,37.0
123,400,9077,26.0
123,401,9104,27.0
123,402,9119,15.0
123,403,9133,14.0
123,404,9156,23.0
123,405,9172,16.0
123,406,9190,18.0
123,407,9219,29.0
123,408,9236,17.0
123,409,9265,29.0
123,410,9300,35.0
123,411,9314,14.0
123,412,9354,40.0
123,413,9365,11.0
123,414,9428,63.0
123,415,9451,23.0
123,416,9496,45.0
123,417,9516,20.0
123,418,9546,30.0
123,419,9562,16.0
123,420,9587,25.0
123,421,9607,20.0
123,422,9649,42.0
123,423,9661,12.0
123,424,9683,22.0
123,425,9700,17.0
123,426,9721,21.0
123,427,9740,19.0
123,428,9750,10.0
123,429,9763,13.0
123,430,9787,24.0
123,431,9807,20.0
123,432,9828,21.0
123,433,9849,21.0
123,434,9876,27.0
123,435,9889,13.0
123,436,9903,14.0
123,437,9924,21.0
123,438,9935,11.0
123,439,9957,22.0
123,440,9973,16.0
123,441,9986,13.0
123,442,10019,33.0
123,443,10042,23.0
123,444,10076,34.0
123,445,10088,12.0
123,446,10114,26.0
123,447,10128,14.0
123,448,10155,27.0
123,449,10191,36.0
123,450,10204,13.0
123,451,10216,12.0
123,452,10237,21.0
123,453,10262,25.0
123,454,10277,15.0
123,455,10296,19.0
123,456,10309,13.0
123,457,10333,24.0
123,458,10346,13.0
123,459,10359,13.0
123,460,10378,19.0
123,461,10407,29.0
123,462,10426,19.0
123,463,10437,11.0
123,464,10463,26.0
123,465,10476,13.0
123,466,10490,14.0
123,467,10507,17.0
123,468,10538,31.0
123,469,10552,14.0
123,470,10576,24.0
123,471,10603,27.0
123,472,10627,24.0
123,473,10648,21.0
123,474,10657,9.0
123,475,10686,29.0
123,476,10704,18.0
123,477,10723,19.0
123,478,10787,64.0
123,479,10800,13.0
123,480,10833,33.0
123,481,10862,29.0
123,482,10891,29.0
123,483,10929,38.0
123,484,10961,32.0
123,485,10974,13.0
123,486,11002,28.0
123,487,11014,12.0
123,488,11028,14.0
123,489,11067,39.0
123,490,11079,12.0
123,491,11089,10.0
123,492,11106,17.0
123,493,11121,15.0
123,494,11155,34.0
123,495,11184,29.0
123,496,11194,10.0
123,497,11208,14.0
123,498,11223,15.0
123,499,11236,13.0
123,500,11251,15.0
123,501,11284,33.0
123,502,11331,47.0
123,503,11342,11.0
123,504,11372,30.0
123,505,11386,14.0
123,506,11415,29.0
123,507,11432,17.0
123,508,11453,21.0
123,509,11467,14.0
123,510,11486,19.0
123,511,11516,30.0
123,512,11542,26.0
123,513,11553,11.0
123,514,11564,11.0
123,515,11585,21.0
123,516,11596,11.0
123,517,11625,29.0
123,518,11660,35.0
123,519,11688,28.0
123,520,11699,11.0
123,521,11712,13.0
123,522,11724,12.0
123,523,11751,27.0
123,524,11771,20.0
123,525,11785,14.0
123,526,11810,25.0
123,527,11832,22.0
123,528,11870,38.0
123,529,11892,22.0
123,530,11902,10.0
123,531,11965,63.0
123,532,11989,24.0
123,533,12003,14.0
123,534,12047,44.0
123,535,12063,16.0
123,536,12091,28.0
123,537,12102,11.0
123,538,12119,17.0
123,539,12143,24.0
123,540,12190,47.0
123,541,12213,23.0
123,542,12225,12.0
123,543,12236,11.0
123,544,12260,24.0
123,545,12278,18.0
123,546,12317,39.0
123,547,12329,12.0
123,548,12347,18.0
123,549,12368,21.0
123,550,12388,20.0
123,551,12437,49.0
123,552,12486,49.0
123,553,12509,23.0
123,554,12552,43.0
123,555,12565,13.0
123,556,12581,16.0
123,557,12592,11.0
123,558,12634,42.0
123,559,12650,16.0
123,560,12677,27.0
123,561,12695,18.0
123,562,12711,16.0
123,563,12731,20.0
123,564,12748,17.0
123,565,12768,20.0
123,566,12784,16.0
123,567,12796,12.0
123,568,12814,18.0
123,569,12849,35.0
123,570,12860,11.0
123,571,12873,13.0
123,572,12906,33.0
123,573,12914,8.0
123,574,12959,45.0
123,575,12977,18.0
123,576,13030,53.0
123,577,13076,46.0
123,578,13093,17.0
123,579,13134,41.0
123,580,13160,26.0
123,581,13174,14.0
123,582,13188,14.0
123,583,13207,19.0
123,584,13218,11.0
123,585,13237,19.0
123,586,13248,11.0
123,587,13268,20.0
123,588,13282,14.0
123,589,13306,24.0
123,590,13338,32.0
123,591,13364,26.0
123,592,13387,23.0
123,593,13410,23.0
123,594,13429,19.0
123,595,13444,15.0
123,596,13457,13.0
123,597,13472,15.0
123,598,13494,22.0
123,599,13514,20.0
123,600,13535,21.0
123,601,13552,17.0
123,602,13570,18.0
123,603,13611,41.0
123,604,13638,27.0
123,605,13686,48.0
123,606,13711,25.0
123,607,13736,25.0
123,608,13759,23.0
123,609,13781,22.0
123,610,13799,18.0
123,611,13822,23.0
123,612,13860,38.0
123,613,13871,11.0
123,614,13883,12.0
123,615,13898,15.0
123,616,13924,26.0
123,617,13967,43.0
123,618,14002,35.0
123,619,14025,23.0
123,620,14056,31.0
123,621,14072,16.0
123,622,14084,12.0
123,623,14096,12.0
123,624,14115,19.0
123,625,14148,33.0
123,626,14164,16.0
123,627,14189,25.0
123,628,14214,25.0
123,629,14255,41.0
123,630,14265,10.0
123,631,14282,17.0
123,632,14313,31.0
123,633,14353,40.0
123,634,14368,15.0
123,635,14442,74.0
123,636,14455,13.0
123,637,14479,24.0
123,638,14503,24.0
123,639,14552,49.0
123,640,14572,20.0
123,641,14600,28.0
123,642,14613,13.0
123,643,14624,11.0
123,644,14656,32.0
123,645,14675,19.0
123,646,14691,16.0
123,647,14704,13.0
123,648,14724,20.0
123,649,14764,40.0
123,650,14803,39.0
123,651,14823,20.0
123,652,14844,21.0
123,653,14864,20.0
123,654,14877,13.0
123,655,14945,68.0
123,656,15004,59.0
123,657,15020,16.0
123,658,15053,33.0
123,659,15091,38.0
123,660,15099,8.0
123,661,15135,36.0
123,662,15161,26.0
123,663,15193,32.0
123,664,15207,14.0
123,665,15231,24.0
123,666,15248,17.0
123,667,15270,22.0
123,668,15287,17.0
123,669,15307,20.0
123,670,15337,30.0
123,671,15353,16.0
123,672,15385,32.0
123,673,15402,17.0
123,674,15416,14.0
123,675,15452,36.0
123,676,15483,31.0
123,677,15517,34.0
123,678,15530,13.0
123,679,15582,52.0
123,680,15608,26.0
123,681,15627,19.0
123,682,15643,16.0
123,683,15661,18.0
123,684,15701,40.0
123,685,15719,18.0
123,686,15734,15.0
123,687,15756,22.0
123,688,15782,26.0
123,689,15806,24.0
123,690,15822,16.0
123,691,15833,11.0
123,692,15845,12.0
123,693,15854,9.0
123,694,15877,23.0
123,695,15899,22.0
123,696,15937,38.0
123,697,15954,17.0
123,698,15966,12.0
123,699,15979,13.0
123,700,16002,23.0
123,701,16024,22.0
123,702,16042,18.0
123,703,16062,20.0
123,704,16081,19.0
123,705,16107,26.0
123,706,16117,10.0
123,707,16127,10.0
123,708,16148,21.0
123,709,16161,13.0
123,710,16192,31.0
123,711,16203,11.0
123,712,16227,24.0
123,713,16291,64.0
123,714,16310,19.0
123,715,16323,13.0
123,716,16334,11.0
123,717,16350,16.0
123,718,16368,18.0
123,719,16390,22.0
123,720,16416,26.0
123,721,16442,26.0
123,722,16457,15.0
123,723,16502,45.0
123,724,16516,14.0
123,725,16526,10.0
123,726,16571,45.0
123,727,16592,21.0
123,728,16628,36.0
123,729,16647,19.0
123,730,16673,26.0
123,731,16696,23.0
123,732,16715,19.0
123,733,16754,39.0
123,734,16763,9.0
123,735,16788,25.0
123,736,16827,39.0
123,737,16845,18.0
123,738,16868,23.0
123,739,16901,33.0
123,740,16934,33.0
123,741,16980,46.0
123,742,17006,26.0
123,743,17023,17.0
123,744,17040,17.0
123,745,17061,21.0
123,746,17077,16.0
123,747,17102,25.0
123,748,17139,37.0
123,749,17164,25.0
123,750,17180,16.0
123,751,17215,35.0
123,752,17228,13.0
123,753,17246,18.0
123,754,17312,66.0
123,755,17332,20.0
123,756,17341,9.0
123,757,17360,19.0
123,758,17376,16.0
123,759,17394,18.0
123,760,17412,18.0
123,761,17422,10.0
123,762,17443,21.0
123,763,17471,28.0
123,764,17497,26.0
123,765,17521,24.0
123,766,17569,48.0
123,767,17585,16.0
123,768,17596,11.0
123,769,17607,11.0
123,770,17628,21.0
123,771,17643,15.0
123,772,17680,37.0
123,773,17701,21.0
123,774,17711,10.0
123,775,17727,16.0
123,776,17739,12.0
123,777,17753,14.0
123,778,17771,18.0
123,779,17792,21.0
123,780,17806,14.0
123,781,17818,12.0
123,782,17861,43.0
123,783,17895,34.0
123,784,17919,24.0
123,785,17939,20.0
123,786,17953,14.0
123,787,17967,14.0
123,788,17978,11.0
123,789,18000,22.0
123,790,18020,20.0
123,791,18039,19.0
123,792,18056,17.0
123,793,18075,19.0
123,794,18113,38.0
123,795,18129,16.0
123,796,18172,43.0
123,797,18191,19.0
123,798,18212,21.0
123,799,18238,26.0
123,800,18261,23.0
123,801,18333,72.0
123,802,18368,35.0
123,803,18385,17.0
123,804,18417,32.0
123,805,18462,45.0
123,806,18479,17.0
123,807,18496,17.0
123,808,18536,40.0
123,809,18589,53.0
123,810,18612,23.0
123,811,18652,40.0
123,812,18664,12.0
123,813,18690,26.0
123,814,18721,31.0
123,815,18753,32.0
123,816,18766,13.0
123,817,18794,28.0
123,818,18835,41.0
123,819,18862,27.0
123,820,18919,57.0
123,821,18945,26.0
123,822,18965,20.0
123,823,18998,33.0
123,824,19036,38.0
123,825,19048,12.0
123,826,19062,14.0
123,827,19076,14.0
123,828,19113,37.0
123,829,19122,9.0
123,830,19151,29.0
123,831,19170,19.0
123,832,19194,24.0
123,833,19223,29.0
123,834,19267,44.0
123,835,19317,50.0
123,836,19336,19.0
123,837,19363,27.0
123,838,19380,17.0
123,839,19420,40.0
123,840,19437,17.0
123,841,19451,14.0
123,842,19469,18.0
123,843,19482,13.0
123,844,19498,16.0
123,845,19528,30.0
123,846,19544,16.0
123,847,19557,13.0
123,848,19571,14.0
123,849,19595,24.0
123,850,19614,19.0
123,851,19632,18.0
123,852,19661,29.0
123,853,19674,13.0
123,854,19717,43.0
123,855,19739,22.0
123,856,19761,22.0
123,857,19776,15.0
123,858,19790,14.0
123,859,19805,15.0
123,860,19838,33.0
123,861,19854,16.0
123,862,19879,25.0
123,863,19892,13.0
123,864,19906,14.0
123,865,19956,50.0
123,866,20008,52.0
123,867,20092,84.0
123,868,20148,56.0
123,869,20263,115.0
123,870,20281,18.0
123,871,20306,25.0
123,872,20323,17.0
123,873,20393,70.0
123,874,20423,30.0
123,875,20445,22.0
123,876,20478,33.0
123,877,20497,19.0
123,878,20533,36.0
123,879,20557,24.0
123,880,20573,16.0
123,881,20599,26.0
123,882,20617,18.0
123,883,20635,18.0
123,884,20648,13.0
123,885,20674,26.0
123,886,20694,20.0
123,887,20705,11.0
123,888,20730,25.0
123,889,20797,67.0
123,890,20810,13.0
123,891,20829,19.0
123,892,20853,24.0
123,893,20869,16.0
123,894,20887,18.0
123,895,20910,23.0
123,896,20924,14.0
123,897,20963,39.0
123,898,20977,14.0
123,899,20996,19.0
123,900,21012,16.0
123,901,21029,17.0
123,902,21047,18.0
123,903,21066,19.0
123,904,21074,8.0
123,905,21094,20.0
123,906,21114,20.0
123,907,21153,39.0
123,908,21182,29.0
123,909,21207,25.0
123,910,21266,59.0
123,911,21288,22.0
123,912,21317,29.0
123,913,21331,14.0
123,914,21344,13.0
123,915,21364,20.0
123,916,21395,31.0
123,917,21417,22.0
123,918,21439,22.0
123,919,21465,26.0
123,920,21496,31.0
123,921,21517,21.0
123,922,21546,29.0
123,923,21636,90.0
123,924,21649,13.0
123,925,21659,10.0
123,926,21686,27.0
123,927,21706,20.0
123,928,21725,19.0
123,929,21740,15.0
123,930,21782,42.0
123,931,21796,14.0
123,932,21815,19.0
123,933,21847,32.0
123,934,21874,27.0
123,935,21892,18.0
123,936,21921,29.0
123,937,21958,37.0
123,938,21989,31.0
123,939,22012,23.0
123,940,22039,27.0
123,941,22056,17.0
123,942,22089,33.0
123,943,22123,34.0
123,944,22156,33.0
123,945,22181,25.0
123,946,22201,20.0
123,947,22236,35.0
123,948,22252,16.0
123,949,22269,17.0
123,950,22308,39.0
123,951,22331,23.0
123,952,22347,16.0
123,953,22367,20.0
123,954,22399,32.0
123,955,22421,22.0
123,956,22431,10.0
123,957,22453,22.0
123,958,22468,15.0
123,959,22485,17.0
123,960,22547,62.0
123,961,22602,55.0
123,962,22653,51.0
123,963,22670,17.0
123,964,22680,10.0
123,965,22698,18.0
123,966,22778,80.0
123,967,22790,12.0
123,968,22826,36.0
123,969,22844,18.0
123,970,22854,10.0
123,971,22873,19.0
123,972,22924,51.0
123,973,22959,35.0
123,974,23003,44.0
123,975,23018,15.0
123,976,23032,14.0
123,977,23049,17.0
123,978,23060,11.0
123,979,23093,33.0
123,980,23110,17.0
123,981,23124,14.0
123,982,23147,23.0
123,983,23179,32.0
123,984,23196,17.0
123,985,23209,13.0
123,986,23224,15.0
123,987,23247,23.0
123,988,23268,21.0
123,989,23282,14.0
123,990,23294,12.0
123,991,23354,60.0
123,992,23368,14.0
123,993,23383,15.0
123,994,23412,29.0
123,995,23427,15.0
123,996,23439,12.0
123,997,23460,21.0
123,998,23499,39.0
123,999,23523,24.0
123,1000,23571,48.0
123,1001,23598,27.0
123,1002,23632,34.0
123,1003,23658,26.0
123,1004,23671,13.0
123,1005,23695,24.0
123,1006,23710,15.0
123,1007,23737,27.0
123,1008,23750,13.0
123,1009,23766,16.0
123,1010,23795,29.0
123,1011,23806,11.0
123,1012,23824,18.0
123,1013,23839,15.0
123,1014,23851,12.0
123,1015,23873,22.0
123,1016,23898,25.0
123,1017,23910,12.0
123,1018,23925,15.0
123,1019,23968,43.0
123,1020,23982,14.0
123,1021,24018,36.0
123,1022,24028,10.0
123,1023,24057,29.0
123,1024,24078,21.0
123,1025,24099,21.0
123,1026,24119,20.0
123,1027,24150,31.0
123,1028,24162,12.0
123,1029,24214,52.0
123,1030,24231,17.0
123,1031,24245,14.0
123,1032,24271,26.0
123,1033,24298,27.0
123,1034,24329,31.0
123,1035,24353,24.0
123,1036,24366,13.0
123,1037,24379,13.0
123,1038,24403,24.0
123,1039,24416,13.0
123,1040,24446,30.0
123,1041,24467,21.0
123,1042,24502,35.0
123,1043,24545,43.0
123,1044,24573,28.0
123,1045,24596,23.0
123,1046,24616,20.0
123,1047,24628,12.0
123,1048,24652,24.0
123,1049,24665,13.0
123,1050,24685,20.0
123,1051,24726,41.0
123,1052,24756,30.0
123,1053,24819,63.0
123,1054,24838,19.0
123,1055,24857,19.0
123,1056,24885,28.0
123,1057,24917,32.0
123,1058,24945,28.0
123,1059,24960,15.0
123,1060,24977,17.0
123,1061,24997,20.0
123,1062,25008,11.0
123,1063,25019,11.0
123,1064,25035,16.0
123,1065,25049,14.0
123,1066,25101,52.0
123,1067,25112,11.0
123,1068,25160,48.0
123,1069,25184,24.0
123,1070,25201,17.0
123,1071,25246,45.0
123,1072,25257,11.0
123,1073,25272,15.0
123,1074,25314,42.0
123,1075,25329,15.0
123,1076,25348,19.0
123,1077,25363,15.0
123,1078,25384,21.0
123,1079,25416,32.0
123,1080,25434,18.0
123,1081,25455,21.0
123,1082,25480,25.0
123,1083,25491,11.0
123,1084,25502,11.0
123,1085,25517,15.0
123,1086,25536,19.0
123,1087,25547,11.0
123,1088,25581,34.0
123,1089,25601,20.0
123,1090,25641,40.0
123,1091,25659,18.0
123,1092,25704,45.0
123,1093,25726,22.0
123,1094,25758,32.0
123,1095,25777,19.0
123,1096,25800,23.0
123,1097,25822,22.0
123,1098,25849,27.0
123,1099,25876,27.0
123,1100,25889,13.0
123,1101,25913,24.0
123,1102,25942,29.0
123,1103,25964,22.0
123,1104,25998,34.0
123,1105,26013,15.0
123,1106,26043,30.0
123,1107,26072,29.0
123,1108,26090,18.0
123,1109,26104,14.0
123,1110,26121,17.0
123,1111,26141,20.0
123,1112,26151,10.0
123,1113,26161,10.0
123,1114,26177,16.0
123,1115,26195,18.0
123,1116,26214,19.0
123,1117,26234,20.0
123,1118,26274,40.0
123,1119,26300,26.0
123,1120,26338,38.0
123,1121,26377,39.0
123,1122,26393,16.0
123,1123,26412,19.0
123,1124,26440,28.0
123,1125,26456,16.0
123,1126,26504,48.0
123,1127,26525,21.0
123,1128,26546,21.0
123,1129,26570,24.0
123,1130,26602,32.0
123,1131,26659,57.0
123,1132,26722,63.0
123,1133,26773,51.0
123,1134,26786,13.0
123,1135,26803,17.0
123,1136,26825,22.0
123,1137,26839,14.0
123,1138,26858,19.0
123,1139,26883,25.0
123,1140,26901,18.0
123,1141,26931,30.0
123,1142,26955,24.0
123,1143,26995,40.0
123,1144,27033,38.0
123,1145,27044,11.0
123,1146,27113,69.0
123,1147,27123,10.0
123,1148,27168,45.0
123,1149,27192,24.0
123,1150,27215,23.0
123,1151,27231,16.0
123,1152,27259,28.0
123,1153,27296,37.0
123,1154,27334,38.0
123,1155,27361,27.0
123,1156,27387,26.0
123,1157,27432,45.0
123,1158,27450,18.0
123,1159,27467,17.0
123,1160,27494,27.0
123,1161,27510,16.0
123,1162,27550,40.0
123,1163,27564,14.0
123,1164,27608,44.0
123,1165,27647,39.0
123,1166,27712,65.0
123,1167,27728,16.0
123,1168,27740,12.0
123,1169,27802,62.0
123,1170,27822,20.0
123,1171,27853,31.0
123,1172,27883,30.0
123,1173,27895,12.0
123,1174,27910,15.0
123,1175,27922,12.0
123,1176,27934,12.0
123,1177,27952,18.0
123,1178,27968,16.0
123,1179,27988,20.0
123,1180,28013,25.0
123,1181,28043,30.0
123,1182,28053,10.0
123,1183,28070,17.0
123,1184,28101,31.0
123,1185,28142,41.0
123,1186,28210,68.0
123,1187,28223,13.0
123,1188,28239,16.0
123,1189,28254,15.0
123,1190,28278,24.0
123,1191,28302,24.0
123,1192,28317,15.0
123,1193,28341,24.0
123,1194,28359,18.0
123,1195,28401,42.0
123,1196,28455,54.0
123,1197,28470,15.0
123,1198,28492,22.0
123,1199,28525,33.0
123,1200,28541,16.0
123,1201,28608,67.0
123,1202,28651,43.0
123,1203,28683,32.0
123,1204,28709,26.0
123,1205,28729,20.0
123,1206,28746,17.0
123,1207,28771,25.0
123,1208,28787,16.0
123,1209,28802,15.0
123,1210,28827,25.0
123,1211,28846,19.0
123,1212,28882,36.0
123,1213,28904,22.0
123,1214,28959,55.0
123,1215,29019,60.0
123,1216,29031,12.0
123,1217,29053,22.0
123,1218,29073,20.0
123,1219,29092,19.0
123,1220,29151,59.0
123,1221,29161,10.0
123,1222,29187,26.0
123,1223,29203,16.0
123,1224,29270,67.0
123,1225,29291,21.0
123,1226,29303,12.0
123,1227,29315,12.0
123,1228,29330,15.0
123,1229,29359,29.0
123,1230,29384,25.0
123,1231,29401,17.0
123,1232,29414,13.0
123,1233,29435,21.0
123,1234,29479,44.0
123,1235,29497,18.0
123,1236,29509,12.0
123,1237,29526,17.0
123,1238,29547,21.0
123,1239,29569,22.0
123,1240,29585,16.0
123,1241,29601,16.0
123,1242,29621,20.0
123,1243,29652,31.0
123,1244,29664,12.0
123,1245,29732,68.0
123,1246,29760,28.0
123,1247,29781,21.0
123,1248,29819,38.0
123,1249,29853,34.0
123,1250,29887,34.0
123,1251,29904,17.0
123,1252,29915,11.0
123,1253,29939,24.0
123,1254,29951,12.0
123,1255,29976,25.0
123,1256,29996,20.0
123,1257,30006,10.0
123,1258,30027,21.0
123,1259,30060,33.0
123,1260,30079,19.0
123,1261,30111,32.0
123,1262,30138,27.0
123,1263,30201,63.0
123,1264,30273,72.0
123,1265,30326,53.0
123,1266,30340,14.0
123,1267,30363,23.0
123,1268,30403,40.0
123,1269,30460,57.0
123,1270,30484,24.0
123,1271,30497,13.0
123,1272,30518,21.0
123,1273,30585,67.0
123,1274,30609,24.0
123,1275,30635,26.0
123,1276,30660,25.0
123,1277,30690,30.0
123,1278,30715,25.0
123,1279,30744,29.0
123,1280,30760,16.0
123,1281,30776,16.0
123,1282,30798,22.0
123,1283,30806,8.0
123,1284,30851,45.0
123,1285,30867,16.0
123,1286,30889,22.0
123,1287,30902,13.0
123,1288,30923,21.0
123,1289,30946,23.0
123,1290,30961,15.0
123,1291,30971,10.0
123,1292,30981,10.0
123,1293,31023,42.0
123,1294,31044,21.0
123,1295,31062,18.0
123,1296,31075,13.0
123,1297,31094,19.0
123,1298,31117,23.0
123,1299,31133,16.0
123,1300,31177,44.0
123,1301,31212,35.0
123,1302,31224,12.0
123,1303,31253,29.0
123,1304,31274,21.0
123,1305,31286,12.0
123,1306,31301,15.0
123,1307,31321,20.0
123,1308,31339,18.0
123,1309,31391,52.0
123,1310,31404,13.0
123,1311,31421,17.0
123,1312,31443,22.0
123,1313,31494,51.0
123,1314,31522,28.0
123,1315,31550,28.0
123,1316,31572,22.0
123,1317,31582,10.0
123,1318,31595,13.0
123,1319,31645,50.0
123,1320,31659,14.0
123,1321,31674,15.0
123,1322,31688,14.0
123,1323,31707,19.0
123,1324,31725,18.0
123,1325,31743,18.0
123,1326,31772,29.0
123,1327,31790,18.0
123,1328,31808,18.0
123,1329,31833,25.0
123,1330,31845,12.0
123,1331,31864,19.0
123,1332,31894,30.0
123,1333,31908,14.0
123,1334,31957,49.0
123,1335,31970,13.0
123,1336,31987,17.0
123,1337,32019,32.0
123,1338,32034,15.0
123,1339,32047,13.0
123,1340,32075,28.0
123,1341,32097,22.0
123,1342,32145,48.0
123,1343,32221,76.0
123,1344,32243,22.0
123,1345,32260,17.0
123,1346,32329,69.0
123,1347,32350,21.0
123,1348,32364,14.0
123,1349,32393,29.0
123,1350,32423,30.0
123,1351,32445,22.0
123,1352,32476,31.0
123,1353,32486,10.0
123,1354,32525,39.0
123,1355,32550,25.0
123,1356,32582,32.0
123,1357,32615,33.0
123,1358,32628,13.0
123,1359,32658,30.0
123,1360,32698,40.0
123,1361,32722,24.0
123,1362,32743,21.0
123,1363,32763,20.0
123,1364,32794,31.0
123,1365,32825,31.0
123,1366,32844,19.0
123,1367,32862,18.0
123,1368,32887,25.0
123,1369,32913,26.0
123,1370,32931,18.0
123,1371,32959,28.0
123,1372,32986,27.0
123,1373,33013,27.0
123,1374,33024,11.0
123,1375,33053,29.0
123,1376,33065,12.0
123,1377,33149,84.0
123,1378,33169,20.0
123,1379,33180,11.0
123,1380,33221,41.0
123,1381,33237,16.0
123,1382,33257,20.0
123,1383,33276,19.0
123,1384,33290,14.0
123,1385,33310,20.0
123,1386,33334,24.0
123,1387,33348,14.0
123,1388,33426,78.0
123,1389,33443,17.0
123,1390,33465,22.0
123,1391,33483,18.0
123,1392,33502,19.0
123,1393,33513,11.0
123,1394,33541,28.0
123,1395,33568,27.0
123,1396,33586,18.0
123,1397,33621,35.0
123,1398,33640,19.0
123,1399,33663,23.0
123,1400,33678,15.0
123,1401,33706,28.0
123,1402,33718,12.0
123,1403,33739,21.0
123,1404,33751,12.0
123,1405,33763,12.0
123,1406,33787,24.0
123,1407,33821,34.0
123,1408,33866,45.0
123,1409,33892,26.0
123,1410,33916,24.0
123,1411,33928,12.0
123,1412,33944,16.0
123,1413,33957,13.0
123,1414,33975,18.0
123,1415,33996,21.0
123,1416,34009,13.0
123,1417,34024,15.0
123,1418,34049,25.0
123,1419,34060,11.0
123,1420,34073,13.0
123,1421,34099,26.0
123,1422,34128,29.0
123,1423,34145,17.0
123,1424,34168,23.0
123,1425,34177,9.0
123,1426,34217,40.0
123,1427,34234,17.0
123,1428,34245,11.0
123,1429,34260,15.0
123,1430,34281,21.0
123,1431,34291,10.0
123,1432,34314,23.0
123,1433,34338,24.0
123,1434,34354,16.0
123,1435,34393,39.0
123,1436,34409,16.0
123,1437,34431,22.0
123,1438,34446,15.0
123,1439,34460,14.0
123,1440,34479,19.0
123,1441,34496,17.0
123,1442,34507,11.0
123,1443,34530,23.0
123,1444,34542,12.0
123,1445,34559,17.0
123,1446,34574,15.0
123,1447,34619,45.0
123,1448,34683,64.0
123,1449,34712,29.0
123,1450,34725,13.0
123,1451,34776,51.0
123,1452,34793,17.0
123,1453,34814,21.0
123,1454,34829,15.0
123,1455,34841,12.0
123,1456,34864,23.0
123,1457,34881,17.0
123,1458,34895,14.0
123,1459,34922,27.0
123,1460,34958,36.0
123,1461,34972,14.0
123,1462,34986,14.0
123,1463,34999,13.0
123,1464,35029,30.0
123,1465,35040,11.0
123,1466,35062,22.0
123,1467,35097,35.0
123,1468,35116,19.0
123,1469,35127,11.0
123,1470,35138,11.0
123,1471,35150,12.0
123,1472,35181,31.0
123,1473,35206,25.0
123,1474,35244,38.0
123,1475,35266,22.0
123,1476,35279,13.0
123,1477,35293,14.0
123,1478,35313,20.0
123,1479,35329,16.0
123,1480,35357,28.0
123,1481,35425,68.0
123,1482,35436,11.0
123,1483,35448,12.0
123,1484,35472,24.0
123,1485,35490,18.0
123,1486,35515,25.0
123,1487,35540,25.0
123,1488,35566,26.0
123,1489,35615,49.0
123,1490,35635,20.0
123,1491,35662,27.0
123,1492,35702,40.0
123,1493,35718,16.0
123,1494,35744,26.0
123,1495,35767,23.0
123,1496,35787,20.0
123,1497,35799,12.0
123,1498,35813,14.0
123,1499,35836,23.0
123,1500,35871,35.0
123,1501,35888,17.0
123,1502,35905,17.0
123,1503,35923,18.0
123,1504,35935,12.0
123,1505,35957,22.0
123,1506,35985,28.0
123,1507,36005,20.0
123,1508,36019,14.0
123,1509,36069,50.0
123,1510,36083,14.0
123,1511,36108,25.0
123,1512,36131,23.0
123,1513,36146,15.0
123,1514,36159,13.0
123,1515,36173,14.0
123,1516,36223,50.0
123,1517,36268,45.0
123,1518,36286,18.0
123,1519,36303,17.0
123,1520,36352,49.0
123,1521,36372,20.0
123,1522,36385,13.0
123,1523,36412,27.0
123,1524,36428,16.0
123,1525,36485,57.0
123,1526,36516,31.0
123,1527,36538,22.0
123,1528,36556,18.0
123,1529,36571,15.0
123,1530,36603,32.0
123,1531,36625,22.0
123,1532,36640,15.0
123,1533,36679,39.0
123,1534,36698,19.0
123,1535,36740,42.0
123,1536,36759,19.0
123,1537,36787,28.0
123,1538,36809,22.0
123,1539,36827,18.0
123,1540,36847,20.0
123,1541,36929,82.0
123,1542,36951,22.0
123,1543,36971,20.0
123,1544,36998,27.0
123,1545,37022,24.0
123,1546,37046,24.0
123,1547,37058,12.0
123,1548,37095,37.0
123,1549,37142,47.0
123,1550,37192,50.0
123,1551,37212,20.0
123,1552,37246,34.0
123,1553,37260,14.0
123,1554,37280,20.0
123,1555,37306,26.0
123,1556,37377,71.0
123,1557,37393,16.0
123,1558,37408,15.0
123,1559,37421,13.0
123,1560,37467,46.0
123,1561,37487,20.0
123,1562,37512,25.0
123,1563,37545,33.0
123,1564,37576,31.0
123,1565,37590,14.0
123,1566,37606,16.0
123,1567,37638,32.0
123,1568,37655,17.0
123,1569,37674,19.0
123,1570,37687,13.0
123,1571,37705,18.0
123,1572,37775,70.0
123,1573,37803,28.0
123,1574,37818,15.0
123,1575,37838,20.0
123,1576,37910,72.0
123,1577,37943,33.0
123,1578,37956,13.0
123,1579,38002,46.0
123,1580,38017,15.0
123,1581,38032,15.0
123,1582,38071,39.0
123,1583,38085,14.0
123,1584,38150,65.0
123,1585,38172,22.0
123,1586,38186,14.0
123,1587,38216,30.0
123,1588,38261,45.0
123,1589,38287,26.0
123,1590,38297,10.0
123,1591,38310,13.0
123,1592,38375,65.0
123,1593,38410,35.0
123,1594,38423,13.0
123,1595,38437,14.0
123,1596,38469,32.0
123,1597,38496,27.0
123,1598,38527,31.0
123,1599,38554,27.0
123,1600,38578,24.0
123,1601,38591,13.0
123,1602,38645,54.0
123,1603,38666,21.0
123,1604,38680,14.0
123,1605,38701,21.0
123,1606,38747,46.0
123,1607,38816,69.0
123,1608,38834,18.0
123,1609,38853,19.0
123,1610,38872,19.0
123,1611,38894,22.0
123,1612,38914,20.0
123,1613,38925,11.0
123,1614,38937,12.0
123,1615,38982,45.0
123,1616,38998,16.0
123,1617,39022,24.0
123,1618,39048,26.0
123,1619,39069,21.0
123,1620,39097,28.0
123,1621,39128,31.0
123,1622,39145,17.0
123,1623,39204,59.0
123,1624,39233,29.0
123,1625,39261,28.0
123,1626,39271,10.0
123,1627,39287,16.0
123,1628,39346,59.0
123,1629,39384,38.0
123,1630,39431,47.0
123,1631,39459,28.0
123,1632,39480,21.0
123,1633,39498,18.0
123,1634,39509,11.0
123,1635,39540,31.0
123,1636,39556,16.0
123,1637,39574,18.0
123,1638,39597,23.0
123,1639,39608,11.0
123,1640,39622,14.0
123,1641,39654,32.0
123,1642,39671,17.0
123,1643,39696,25.0
123,1644,39724,28.0
123,1645,39741,17.0
123,1646,39754,13.0
123,1647,39773,19.0
123,1648,39874,101.0
123,1649,39908,34.0
123,1650,39922,14.0
123,1651,39935,13.0
123,1652,39957,22.0
123,1653,39988,31.0
123,1654,40022,34.0
123,1655,40068,46.0
123,1656,40105,37.0
123,1657,40127,22.0
123,1658,40170,43.0
123,1659,40198,28.0
123,1660,40222,24.0
123,1661,40248,26.0
123,1662,40277,29.0
123,1663,40301,24.0
123,1664,40320,19.0
123,1665,40331,11.0
123,1666,40349,18.0
123,1667,40363,14.0
123,1668,40395,32.0
123,1669,40405,10.0
123,1670,40422,17.0
123,1671,40451,29.0
123,1672,40468,17.0
123,1673,40500,32.0
123,1674,40516,16.0
123,1675,40540,24.0
123,1676,40595,55.0
123,1677,40639,44.0
123,1678,40677,38.0
123,1679,40689,12.0
123,1680,40709,20.0
123,1681,40724,15.0
123,1682,40759,35.0
123,1683,40797,38.0
123,1684,40823,26.0
123,1685,40861,38.0
123,1686,40877,16.0
123,1687,40900,23.0
123,1688,40920,20.0
123,1689,40932,12.0
123,1690,40948,16.0
123,1691,40988,40.0
123,1692,41016,28.0
123,1693,41051,35.0
123,1694,41065,14.0
123,1695,41081,16.0
123,1696,41094,13.0
123,1697,41144,50.0
123,1698,41175,31.0
123,1699,41213,38.0
123,1700,41264,51.0
123,1701,41358,94.0
123,1702,41368,10.0
123,1703,41425,57.0
123,1704,41456,31.0
123,1705,41471,15.0
123,1706,41482,11.0
123,1707,41499,17.0
123,1708,41519,20.0
123,1709,41548,29.0
123,1710,41572,24.0
123,1711,41601,29.0
123,1712,41628,27.0
123,1713,41680,52.0
123,1714,41696,16.0
123,1715,41711,15.0
123,1716,41780,69.0
123,1717,41795,15.0
123,1718,41817,22.0
123,1719,41835,18.0
123,1720,41864,29.0
123,1721,41878,14.0
123,1722,41920,42.0
123,1723,41947,27.0
123,1724,41979,32.0
123,1725,42005,26.0
123,1726,42030,25.0
123,1727,42048,18.0
123,1728,42092,44.0
123,1729,42101,9.0
123,1730,42135,34.0
123,1731,42163,28.0
123,1732,42183,20.0
123,1733,42199,16.0
123,1734,42219,20.0
123,1735,42233,14.0
123,1736,42243,10.0
123,1737,42281,38.0
123,1738,42301,20.0
123,1739,42314,13.0
123,1740,42343,29.0
123,1741,42376,33.0
123,1742,42391,15.0
123,1743,42426,35.0
123,1744,42441,15.0
123,1745,42459,18.0
123,1746,42492,33.0
123,1747,42511,19.0
123,1748,42548,37.0
123,1749,42564,16.0
123,1750,42606,42.0
123,1751,42632,26.0
123,1752,42654,22.0
123,1753,42680,26.0
123,1754,42712,32.0
123,1755,42727,15.0
123,1756,42756,29.0
123,1757,42772,16.0
123,1758,42794,22.0
123,1759,42813,19.0
123,1760,42844,31.0
123,1761,42858,14.0
123,1762,42876,18.0
123,1763,42902,26.0
123,1764,42916,14.0
123,1765,42938,22.0
123,1766,42963,25.0
123,1767,42983,20.0
123,1768,43014,31.0
123,1769,43027,13.0
123,1770,43078,51.0
123,1771,43094,16.0
123,1772,43109,15.0
123,1773,43122,13.0
123,1774,43137,15.0
123,1775,43156,19.0
123,1776,43167,11.0
123,1777,43222,55.0
123,1778,43243,21.0
123,1779,43280,37.0
123,1780,43333,53.0
123,1781,43378,45.0
123,1782,43386,8.0
123,1783,43397,11.0
123,1784,43442,45.0
123,1785,43464,22.0
123,1786,43491,27.0
123,1787,43506,15.0
123,1788,43583,77.0
123,1789,43611,28.0
123,1790,43622,11.0
123,1791,43668,46.0
123,1792,43687,19.0
123,1793,43738,51.0
123,1794,43768,30.0
123,1795,43837,69.0
123,1796,43869,32.0
123,1797,43885,16.0
123,1798,43913,28.0
123,1799,43931,18.0
123,1800,43944,13.0
123,1801,43977,33.0
123,1802,43993,16.0
123,1803,44008,15.0
123,1804,44020,12.0
123,1805,44040,20.0
123,1806,44054,14.0
123,1807,44078,24.0
123,1808,44091,13.0
123,1809,44101,10.0
123,1810,44149,48.0
123,1811,44159,10.0
123,1812,44182,23.0
123,1813,44223,41.0
123,1814,44306,83.0
123,1815,44334,28.0
123,1816,44383,49.0
123,1817,44406,23.0
123,1818,44423,17.0
123,1819,44444,21.0
123,1820,44458,14.0
123,1821,44480,22.0
123,1822,44492,12.0
123,1823,44539,47.0
123,1824,44555,16.0
123,1825,44602,47.0
123,1826,44638,36.0
123,1827,44678,40.0
123,1828,44719,41.0
123,1829,44736,17.0
123,1830,44753,17.0
123,1831,44778,25.0
123,1832,44810,32.0
123,1833,44841,31.0
123,1834,44856,15.0
123,1835,44877,21.0
123,1836,44910,33.0
123,1837,44922,12.0
123,1838,44937,15.0
123,1839,44961,24.0
123,1840,44977,16.0
123,1841,44999,22.0
123,1842,45037,38.0
123,1843,45073,36.0
123,1844,45100,27.0
123,1845,45138,38.0
123,1846,45163,25.0
123,1847,45181,18.0
123,1848,45201,20.0
123,1849,45221,20.0
123,1850,45269,48.0
123,1851,45298,29.0
123,1852,45317,19.0
123,1853,45347,30.0
123,1854,45365,18.0
123,1855,45385,20.0
123,1856,45422,37.0
123,1857,45442,20.0
123,1858,45468,26.0
123,1859,45596,128.0
123,1860,45621,25.0
123,1861,45639,18.0
123,1862,45658,19.0
123,1863,45685,27.0
123,1864,45713,28.0
123,1865,45733,20.0
123,1866,45754,21.0
123,1867,45814,60.0
123,1868,45849,35.0
123,1869,45882,33.0
123,1870,45897,15.0
123,1871,45919,22.0
123,1872,45932,13.0
123,1873,45984,52.0
123,1874,46016,32.0
123,1875,46047,31.0
123,1876,46056,9.0
123,1877,46074,18.0
123,1878,46095,21.0
123,1879,46111,16.0
123,1880,46135,24.0
123,1881,46155,20.0
123,1882,46180,25.0
123,1883,46200,20.0
123,1884,46224,24.0
123,1885,46244,20.0
123,1886,46257,13.0
123,1887,46273,16.0
123,1888,46285,12.0
123,1889,46301,16.0
123,1890,46328,27.0
123,1891,46347,19.0
123,1892,46374,27.0
123,1893,46400,26.0
123,1894,46437,37.0
123,1895,46465,28.0
123,1896,46510,45.0
123,1897,46522,12.0
123,1898,46547,25.0
123,1899,46600,53.0
123,1900,46626,26.0
123,1901,46666,40.0
123,1902,46682,16.0
123,1903,46706,24.0
123,1904,46734,28.0
123,1905,46750,16.0
123,1906,46784,34.0
123,1907,46818,34.0
123,1908,46865,47.0
123,1909,46889,24.0
123,1910,46910,21.0
123,1911,46925,15.0
123,1912,46948,23.0
123,1913,46965,17.0
123,1914,47012,47.0
123,1915,47039,27.0
123,1916,47081,42.0
123,1917,47102,21.0
123,1918,47116,14.0
123,1919,47142,26.0
123,1920,47178,36.0
123,1921,47196,18.0
123,1922,47220,24.0
123,1923,47240,20.0
123,1924,47276,36.0
123,1925,47314,38.0
123,1926,47334,20.0
123,1927,47371,37.0
123,1928,47398,27.0
123,1929,47411,13.0
123,1930,47421,10.0
123,1931,47431,10.0
123,1932,47450,19.0
123,1933,47464,14.0
123,1934,47479,15.0
123,1935,47491,12.0
123,1936,47505,14.0
123,1937,47527,22.0
123,1938,47538,11.0
123,1939,47574,36.0
123,1940,47602,28.0
123,1941,47613,11.0
123,1942,47624,11.0
123,1943,47655,31.0
123,1944,47706,51.0
123,1945,47738,32.0
123,1946,47754,16.0
123,1947,47768,14.0
123,1948,47788,20.0
123,1949,47799,11.0
123,1950,47854,55.0
123,1951,47879,25.0
123,1952,47903,24.0
123,1953,47960,57.0
123,1954,48002,42.0
123,1955,48011,9.0
123,1956,48033,22.0
123,1957,48059,26.0
123,1958,48077,18.0
123,1959,48092,15.0
123,1960,48120,28.0
123,1961,48130,10.0
123,1962,48148,18.0
123,1963,48167,19.0
123,1964,48183,16.0
123,1965,48208,25.0
123,1966,48227,19.0
123,1967,48241,14.0
123,1968,48276,35.0
123,1969,48294,18.0
123,1970,48315,21.0
123,1971,48327,12.0
123,1972,48350,23.0
123,1973,48389,39.0
123,1974,48416,27.0
123,1975,48454,38.0
123,1976,48468,14.0
123,1977,48491,23.0
123,1978,48517,26.0
123,1979,48536,19.0
123,1980,48553,17.0
123,1981,48567,14.0
123,1982,48615,48.0
123,1983,48627,12.0
123,1984,48649,22.0
123,1985,48697,48.0
123,1986,48724,27.0
123,1987,48737,13.0
123,1988,48775,38.0
123,1989,48795,20.0
123,1990,48813,18.0
123,1991,48827,14.0
123,1992,48837,10.0
123,1993,48849,12.0
123,1994,48904,55.0
123,1995,48924,20.0
123,1996,48982,58.0
123,1997,49006,24.0
123,1998,49034,28.0
123,1999,49047,13.0
123,2000,49072,25.0
123,2001,49094,22.0
123,2002,49117,23.0
123,2003,49135,18.0
123,2004,49175,40.0
123,2005,49208,33.0
123,2006,49226,18.0
123,2007,49237,11.0
123,2008,49264,27.0
123,2009,49281,17.0
123,2010,49303,22.0
123,2011,49322,19.0
123,2012,49335,13.0
123,2013,49364,29.0
123,2014,49376,12.0
123,2015,49408,32.0
123,2016,49431,23.0
123,2017,49458,27.0
123,2018,49472,14.0
123,2019,49490,18.0
123,2020,49511,21.0
123,2021,49524,13.0
123,2022,49536,12.0
123,2023,49549,13.0
123,2024,49565,16.0
123,2025,49579,14.0
123,2026,49593,14.0
123,2027,49610,17.0
123,2028,49645,35.0
123,2029,49672,27.0
123,2030,49683,11.0
123,2031,49698,15.0
123,2032,49721,23.0
123,2033,49734,13.0
123,2034,49754,20.0
123,2035,49765,11.0
123,2036,49806,41.0
123,2037,49822,16.0
123,2038,49837,15.0
123,2039,49851,14.0
123,2040,49867,16.0
123,2041,49893,26.0
123,2042,49944,51.0
123,2043,49961,17.0
123,2044,50003,42.0
123,2045,50027,24.0
123,2046,50045,18.0
123,2047,50081,36.0
123,2048,50116,35.0
123,2049,50144,28.0
123,2050,50170,26.0
123,2051,50201,31.0
123,2052,50244,43.0
123,2053,50266,22.0
123,2054,50338,72.0
123,2055,50366,28.0
123,2056,50378,12.0
123,2057,50389,11.0
123,2058,50430,41.0
123,2059,50450,20.0
123,2060,50463,13.0
123,2061,50481,18.0
123,2062,50510,29.0
123,2063,50526,16.0
123,2064,50555,29.0
123,2065,50583,28.0
123,2066,50605,22.0
123,2067,50616,11.0
123,2068,50632,16.0
123,2069,50685,53.0
123,2070,50703,18.0
123,2071,50724,21.0
123,2072,50755,31.0
123,2073,50787,32.0
123,2074,50799,12.0
123,2075,50826,27.0
123,2076,50849,23.0
123,2077,50892,43.0
123,2078,50910,18.0
123,2079,50926,16.0
123,2080,50965,39.0
123,2081,50981,16.0
123,2082,50996,15.0
123,2083,51010,14.0
123,2084,51032,22.0
123,2085,51051,19.0
123,2086,51077,26.0
123,2087,51146,69.0
123,2088,51189,43.0
123,2089,51210,21.0
123,2090,51223,13.0
123,2091,51298,75.0
123,2092,51311,13.0
123,2093,51331,20.0
123,2094,51348,17.0
123,2095,51363,15.0
123,2096,51376,13.0
123,2097,51389,13.0
123,2098,51399,10.0
123,2099,51447,48.0
123,2100,51476,29.0
123,2101,51498,22.0
123,2102,51518,20.0
123,2103,51539,21.0
123,2104,51561,22.0
123,2105,51574,13.0
123,2106,51584,10.0
123,2107,51611,27.0
123,2108,51626,15.0
123,2109,51657,31.0
123,2110,51701,44.0
123,2111,51744,43.0
123,2112,51768,24.0
123,2113,51782,14.0
123,2114,51804,22.0
123,2115,51836,32.0
123,2116,51860,24.0
123,2117,51873,13.0
123,2118,51894,21.0
123,2119,51909,15.0
123,2120,51923,14.0
123,2121,51946,23.0
123,2122,51993,47.0
123,2123,52002,9.0
123,2124,52032,30.0
123,2125,52085,53.0
123,2126,52105,20.0
123,2127,52118,13.0
123,2128,52138,20.0
123,2129,52158,20.0
123,2130,52170,12.0
123,2131,52190,20.0
123,2132,52200,10.0
123,2133,52210,10.0
123,2134,52223,13.0
123,2135,52235,12.0
123,2136,52256,21.0
123,2137,52266,10.0
123,2138,52287,21.0
123,2139,52330,43.0
123,2140,52354,24.0
123,2141,52384,30.0
123,2142,52416,32.0
123,2143,52470,54.0
123,2144,52500,30.0
123,2145,52518,18.0
123,2146,52532,14.0
123,2147,52575,43.0
123,2148,52592,17.0
123,2149,52622,30.0
123,2150,52643,21.0
123,2151,52657,14.0
123,2152,52689,32.0
123,2153,52707,18.0
123,2154,52724,17.0
123,2155,52756,32.0
123,2156,52769,13.0
123,2157,52784,15.0
123,2158,52829,45.0
123,2159,52861,32.0
123,2160,52893,32.0
123,2161,52910,17.0
123,2162,52940,30.0
123,2163,52978,38.0
123,2164,53003,25.0
123,2165,53017,14.0
123,2166,53038,21.0
123,2167,53056,18.0
123,2168,53070,14.0
123,2169,53107,37.0
123,2170,53156,49.0
123,2171,53242,86.0
123,2172,53283,41.0
123,2173,53299,16.0
123,2174,53334,35.0
123,2175,53388,54.0
123,2176,53413,25.0
123,2177,53428,15.0
123,2178,53467,39.0
123,2179,53484,17.0
123,2180,53504,20.0
123,2181,53515,11.0
123,2182,53530,15.0
123,2183,53574,44.0
123,2184,53613,39.0
123,2185,53627,14.0
123,2186,53653,26.0
123,2187,53677,24.0
123,2188,53698,21.0
123,2189,53730,32.0
123,2190,53762,32.0
123,2191,53794,32.0
123,2192,53808,14.0
123,2193,53836,28.0
123,2194,53874,38.0
123,2195,53903,29.0
123,2196,53923,20.0
123,2197,53938,15.0
123,2198,53961,23.0
123,2199,53993,32.0
123,2200,54007,14.0
123,2201,54067,60.0
123,2202,54086,19.0
123,2203,54114,28.0
123,2204,54143,29.0
123,2205,54165,22.0
123,2206,54177,12.0
123,2207,54214,37.0
123,2208,54234,20.0
123,2209,54277,43.0
123,2210,54314,37.0
123,2211,54338,24.0
123,2212,54375,37.0
123,2213,54395,20.0
123,2214,54421,26.0
123,2215,54453,32.0
123,2216,54466,13.0
123,2217,54490,24.0
123,2218,54502,12.0
123,2219,54530,28.0
123,2220,54605,75.0
123,2221,54636,31.0
123,2222,54648,12.0
123,2223,54671,23.0
123,2224,54715,44.0
123,2225,54724,9.0
123,2226,54746,22.0
123,2227,54774,28.0
123,2228,54797,23.0
123,2229,54829,32.0
123,2230,54844,15.0
123,2231,54870,26.0
123,2232,54884,14.0
123,2233,54937,53.0
123,2234,54960,23.0
123,2235,55064,104.0
123,2236,55136,72.0
123,2237,55162,26.0
123,2238,55194,32.0
123,2239,55278,84.0
123,2240,55298,20.0
123,2241,55320,22.0
123,2242,55346,26.0
123,2243,55370,24.0
123,2244,55405,35.0
123,2245,55424,19.0
123,2246,55470,46.0
123,2247,55485,15.0
123,2248,55521,36.0
123,2249,55550,29.0
123,2250,55566,16.0
123,2251,55604,38.0
123,2252,55633,29.0
123,2253,55668,35.0
123,2254,55683,15.0
123,2255,55699,16.0
123,2256,55744,45.0
123,2257,55786,42.0
123,2258,55810,24.0
123,2259,55841,31.0
123,2260,55862,21.0
123,2261,55889,27.0
123,2262,55916,27.0
123,2263,55935,19.0
123,2264,56002,67.0
123,2265,56038,36.0
123,2266,56066,28.0
123,2267,56086,20.0
123,2268,56106,20.0
123,2269,56122,16.0
123,2270,56145,23.0
123,2271,56176,31.0
123,2272,56188,12.0
123,2273,56233,45.0
123,2274,56253,20.0
123,2275,56269,16.0
123,2276,56302,33.0
123,2277,56350,48.0
123,2278,56366,16.0
123,2279,56377,11.0
123,2280,56399,22.0
123,2281,56412,13.0
123,2282,56427,15.0
123,2283,56448,21.0
123,2284,56480,32.0
123,2285,56521,41.0
123,2286,56539,18.0
123,2287,56553,14.0
123,2288,56582,29.0
123,2289,56611,29.0
123,2290,56639,28.0
123,2291,56673,34.0
123,2292,56687,14.0
123,2293,56723,36.0
123,2294,56744,21.0
123,2295,56777,33.0
123,2296,56799,22.0
123,2297,56812,13.0
123,2298,56825,13.0
123,2299,56842,17.0
123,2300,56863,21.0
123,2301,56897,34.0
123,2302,56918,21.0
123,2303,56934,16.0
123,2304,56966,32.0
123,2305,57026,60.0
123,2306,57080,54.0
123,2307,57097,17.0
123,2308,57113,16.0
123,2309,57128,15.0
123,2310,57145,17.0
123,2311,57165,20.0
123,2312,57207,42.0
123,2313,57225,18.0
123,2314,57258,33.0
123,2315,57315,57.0
123,2316,57339,24.0
123,2317,57357,18.0
123,2318,57368,11.0
123,2319,57392,24.0
123,2320,57414,22.0
123,2321,57464,50.0
123,2322,57478,14.0
123,2323,57504,26.0
123,2324,57516,12.0
123,2325,57535,19.0
123,2326,57549,14.0
123,2327,57582,33.0
123,2328,57614,32.0
123,2329,57627,13.0
123,2330,57654,27.0
123,2331,57671,17.0
123,2332,57689,18.0
123,2333,57715,26.0
123,2334,57730,15.0
123,2335,57747,17.0
123,2336,57804,57.0
123,2337,57849,45.0
123,2338,57866,17.0
123,2339,57878,12.0
123,2340,57904,26.0
123,2341,57919,15.0
123,2342,57940,21.0
123,2343,57961,21.0
123,2344,57986,25.0
123,2345,58030,44.0
123,2346,58051,21.0
123,2347,58067,16.0
123,2348,58092,25.0
123,2349,58110,18.0
123,2350,58131,21.0
123,2351,58159,28.0
123,2352,58190,31.0
123,2353,58225,35.0
123,2354,58252,27.0
123,2355,58274,22.0
123,2356,58302,28.0
123,2357,58320,18.0
123,2358,58346,26.0
123,2359,58362,16.0
123,2360,58386,24.0
123,2361,58402,16.0
123,2362,58414,12.0
123,2363,58439,25.0
123,2364,58476,37.0
123,2365,58497,21.0
123,2366,58521,24.0
123,2367,58535,14.0
123,2368,58546,11.0
123,2369,58602,56.0
123,2370,58636,34.0
123,2371,58688,52.0
123,2372,58741,53.0
123,2373,58759,18.0
123,2374,58784,25.0
123,2375,58794,10.0
123,2376,58820,26.0
123,2377,58835,15.0
123,2378,58857,22.0
123,2379,58888,31.0
123,2380,58940,52.0
123,2381,58956,16.0
123,2382,58973,17.0
123,2383,58990,17.0
123,2384,59004,14.0
123,2385,59037,33.0
123,2386,59052,15.0
123,2387,59082,30.0
123,2388,59115,33.0
123,2389,59177,62.0
123,2390,59201,24.0
123,2391,59226,25.0
123,2392,59275,49.0
123,2393,59286,11.0
123,2394,59310,24.0
123,2395,59395,85.0
123,2396,59408,13.0
123,2397,59467,59.0
123,2398,59489,22.0
123,2399,59499,10.0
123,2400,59553,54.0
123,2401,59576,23.0
123,2402,59614,38.0
123,2403,59625,11.0
123,2404,59688,63.0
123,2405,59711,23.0
123,2406,59738,27.0
123,2407,59772,34.0
123,2408,59800,28.0
123,2409,59832,32.0
123,2410,59872,40.0
123,2411,59889,17.0
123,2412,59929,40.0
123,2413,59969,40.0
123,2414,59989,20.0
123,2415,60005,16.0
123,2416,60016,11.0
123,2417,60041,25.0
123,2418,60075,34.0
123,2419,60086,11.0
123,2420,60104,18.0
123,2421,60135,31.0
123,2422,60166,31.0
123,2423,60186,20.0
123,2424,60208,22.0
123,2425,60224,16.0
123,2426,60241,17.0
123,2427,60251,10.0
123,2428,60264,13.0
123,2429,60301,37.0
123,2430,60318,17.0
123,2431,60336,18.0
123,2432,60371,35.0
123,2433,60392,21.0
123,2434,60411,19.0
123,2435,60426,15.0
123,2436,60437,11.0
123,2437,60452,15.0
123,2438,60470,18.0
123,2439,60489,19.0
123,2440,60526,37.0
123,2441,60551,25.0
123,2442,60581,30.0
123,2443,60602,21.0
123,2444,60615,13.0
123,2445,60685,70.0
123,2446,60703,18.0
123,2447,60720,17.0
123,2448,60736,16.0
123,2449,60757,21.0
123,2450,60769,12.0
123,2451,60804,35.0
123,2452,60861,57.0
123,2453,60909,48.0
123,2454,60953,44.0
123,2455,60980,27.0
123,2456,60994,14.0
123,2457,61050,56.0
123,2458,61068,18.0
123,2459,61089,21.0
123,2460,61110,21.0
123,2461,61132,22.0
123,2462,61149,17.0
123,2463,61163,14.0
123,2464,61190,27.0
123,2465,61222,32.0
123,2466,61266,44.0
123,2467,61305,39.0
123,2468,61336,31.0
123,2469,61352,16.0
123,2470,61377,25.0
123,2471,61425,48.0
123,2472,61440,15.0
123,2473,61452,12.0
123,2474,61470,18.0
123,2475,61492,22.0
123,2476,61535,43.0
123,2477,61552,17.0
123,2478,61564,12.0
123,2479,61576,12.0
123,2480,61588,12.0
123,2481,61612,24.0
123,2482,61628,16.0
123,2483,61661,33.0
123,2484,61691,30.0
123,2485,61711,20.0
123,2486,61725,14.0
123,2487,61737,12.0
123,2488,61749,12.0
123,2489,61768,19.0
123,2490,61784,16.0
123,2491,61801,17.0
123,2492,61887,86.0
123,2493,61905,18.0
123,2494,61931,26.0
123,2495,61957,26.0
123,2496,61975,18.0
123,2497,61996,21.0
123,2498,62009,13.0
123,2499,62034,25.0
123,2500,62055,21.0
123,2501,62070,15.0
123,2502,62096,26.0
123,2503,62120,24.0
123,2504,62145,25.0
123,2505,62195,50.0
123,2506,62331,136.0
123,2507,62345,14.0
123,2508,62398,53.0
123,2509,62435,37.0
123,2510,62451,16.0
123,2511,62474,23.0
123,2512,62495,21.0
123,2513,62524,29.0
123,2514,62548,24.0
123,2515,62559,11.0
123,2516,62573,14.0
123,2517,62591,18.0
123,2518,62616,25.0
123,2519,62640,24.0
123,2520,62674,34.0
123,2521,62698,24.0
123,2522,62718,20.0
123,2523,62735,17.0
123,2524,62763,28.0
123,2525,62784,21.0
123,2526,62805,21.0
123,2527,62843,38.0
123,2528,62895,52.0
123,2529,62913,18.0
123,2530,62926,13.0
123,2531,62947,21.0
123,2532,63050,103.0
123,2533,63079,29.0
123,2534,63091,12.0
123,2535,63134,43.0
123,2536,63147,13.0
123,2537,63160,13.0
123,2538,63196,36.0
123,2539,63229,33.0
123,2540,63253,24.0
123,2541,63272,19.0
123,2542,63317,45.0
123,2543,63335,18.0
123,2544,63364,29.0
123,2545,63384,20.0
123,2546,63418,34.0
123,2547,63439,21.0
123,2548,63453,14.0
123,2549,63484,31.0
123,2550,63510,26.0
123,2551,63543,33.0
123,2552,63568,25.0
123,2553,63584,16.0
123,2554,63612,28.0
123,2555,63689,77.0
123,2556,63718,29.0
123,2557,63739,21.0
123,2558,63780,41.0
123,2559,63804,24.0
123,2560,63841,37.0
123,2561,63901,60.0
123,2562,63918,17.0
123,2563,63942,24.0
123,2564,63972,30.0
123,2565,63996,24.0
123,2566,64027,31.0
123,2567,64079,52.0
123,2568,64097,18.0
123,2569,64113,16.0
123,2570,64132,19.0
123,2571,64146,14.0
123,2572,64163,17.0
123,2573,64193,30.0
123,2574,64234,41.0
123,2575,64248,14.0
123,2576,64282,34.0
123,2577,64303,21.0
123,2578,64337,34.0
123,2579,64368,31.0
123,2580,64391,23.0
123,2581,64430,39.0
123,2582,64446,16.0
123,2583,64498,52.0
123,2584,64522,24.0
123,2585,64627,105.0
123,2586,64638,11.0
123,2587,64660,22.0
123,2588,64678,18.0
123,2589,64689,11.0
123,2590,64708,19.0
123,2591,64725,17.0
123,2592,64748,23.0
123,2593,64773,25.0
123,2594,64808,35.0
123,2595,64834,26.0
123,2596,64850,16.0
123,2597,64883,33.0
123,2598,64908,25.0
123,2599,64945,37.0
123,2600,64982,37.0
123,2601,64999,17.0
123,2602,65013,14.0
123,2603,65024,11.0
123,2604,65063,39.0
123,2605,65078,15.0
123,2606,65103,25.0
123,2607,65133,30.0
123,2608,65152,19.0
123,2609,65178,26.0
123,2610,65221,43.0
123,2611,65258,37.0
123,2612,65291,33.0
123,2613,65302,11.0
123,2614,65338,36.0
123,2615,65359,21.0
123,2616,65373,14.0
123,2617,65405,32.0
123,2618,65443,38.0
123,2619,65457,14.0
123,2620,65475,18.0
123,2621,65517,42.0
123,2622,65530,13.0
123,2623,65556,26.0
123,2624,65574,18.0
123,2625,65639,65.0
123,2626,65675,36.0
123,2627,65691,16.0
123,2628,65724,33.0
123,2629,65736,12.0
123,2630,65767,31.0
123,2631,65788,21.0
123,2632,65817,29.0
123,2633,65830,13.0
123,2634,65851,21.0
123,2635,65866,15.0
123,2636,65888,22.0
123,2637,65924,36.0
123,2638,65947,23.0
123,2639,65971,24.0
123,2640,65990,19.0
123,2641,66013,23.0
123,2642,66045,32.0
123,2643,66071,26.0
123,2644,66085,14.0
123,2645,66111,26.0
123,2646,66145,34.0
123,2647,66159,14.0
123,2648,66180,21.0
123,2649,66200,20.0
123,2650,66226,26.0
123,2651,66240,14.0
123,2652,66272,32.0
123,2653,66331,59.0
123,2654,66361,30.0
123,2655,66392,31.0
123,2656,66414,22.0
123,2657,66428,14.0
123,2658,66454,26.0
123,2659,66505,51.0
123,2660,66548,43.0
123,2661,66565,17.0
123,2662,66584,19.0
123,2663,66597,13.0
123,2664,66625,28.0
123,2665,66699,74.0
123,2666,66709,10.0
123,2667,66747,38.0
123,2668,66790,43.0
123,2669,66835,45.0
123,2670,66878,43.0
123,2671,66903,25.0
123,2672,66938,35.0
123,2673,66958,20.0
123,2674,66973,15.0
123,2675,67039,66.0
123,2676,67081,42.0
123,2677,67113,32.0
123,2678,67132,19.0
123,2679,67147,15.0
123,2680,67184,37.0
123,2681,67243,59.0
123,2682,67270,27.0
123,2683,67291,21.0
123,2684,67303,12.0
123,2685,67315,12.0
123,2686,67325,10.0
123,2687,67345,20.0
123,2688,67399,54.0
123,2689,67444,45.0
123,2690,67462,18.0
123,2691,67476,14.0
123,2692,67502,26.0
123,2693,67523,21.0
123,2694,67541,18.0
123,2695,67558,17.0
123,2696,67594,36.0
123,2697,67608,14.0
123,2698,67636,28.0
123,2699,67648,12.0
123,2700,67669,21.0
123,2701,67689,20.0
123,2702,67720,31.0
123,2703,67738,18.0
123,2704,67759,21.0
123,2705,67784,25.0
123,2706,67819,35.0
123,2707,67842,23.0
123,2708,67866,24.0
123,2709,67887,21.0
123,2710,67900,13.0
123,2711,67916,16.0
123,2712,67934,18.0
123,2713,67956,22.0
123,2714,67994,38.0
123,2715,68009,15.0
123,2716,68033,24.0
123,2717,68046,13.0
123,2718,68064,18.0
123,2719,68081,17.0
123,2720,68108,27.0
123,2721,68121,13.0
123,2722,68163,42.0
123,2723,68189,26.0
123,2724,68211,22.0
123,2725,68222,11.0
123,2726,68254,32.0
123,2727,68273,19.0
123,2728,68294,21.0
123,2729,68337,43.0
123,2730,68371,34.0
123,2731,68409,38.0
123,2732,68423,14.0
123,2733,68457,34.0
123,2734,68476,19.0
123,2735,68487,11.0
123,2736,68545,58.0
123,2737,68570,25.0
123,2738,68640,70.0
123,2739,68651,11.0
123,2740,68682,31.0
123,2741,68703,21.0
123,2742,68721,18.0
123,2743,68755,34.0
123,2744,68782,27.0
123,2745,68803,21.0
123,2746,68852,49.0
123,2747,68870,18.0
123,2748,68890,20.0
123,2749,68917,27.0
123,2750,68946,29.0
123,2751,68958,12.0
123,2752,68983,25.0
123,2753,69044,61.0
123,2754,69089,45.0
123,2755,69114,25.0
123,2756,69141,27.0
123,2757,69178,37.0
123,2758,69201,23.0
123,2759,69229,28.0
123,2760,69295,66.0
123,2761,69315,20.0
123,2762,69341,26.0
123,2763,69375,34.0
123,2764,69423,48.0
123,2765,69451,28.0
123,2766,69473,22.0
123,2767,69495,22.0
123,2768,69528,33.0
123,2769,69553,25.0
123,2770,69580,27.0
123,2771,69606,26.0
123,2772,69622,16.0
123,2773,69643,21.0
123,2774,69658,15.0
123,2775,69689,31.0
123,2776,69703,14.0
123,2777,69736,33.0
123,2778,69753,17.0
123,2779,69773,20.0
123,2780,69792,19.0
123,2781,69833,41.0
123,2782,69855,22.0
123,2783,69869,14.0
123,2784,69895,26.0
123,2785,69914,19.0
123,2786,69953,39.0
123,2787,69972,19.0
123,2788,69981,9.0
123,2789,70006,25.0
123,2790,70020,14.0
123,2791,70051,31.0
123,2792,70072,21.0
123,2793,70084,12.0
123,2794,70102,18.0
123,2795,70121,19.0
123,2796,70143,22.0
123,2797,70179,36.0
123,2798,70197,18.0
123,2799,70268,71.0
123,2800,70297,29.0
123,2801,70326,29.0
123,2802,70360,34.0
123,2803,70396,36.0
123,2804,70423,27.0
123,2805,70443,20.0
123,2806,70503,60.0
123,2807,70541,38.0
123,2808,70558,17.0
123,2809,70623,65.0
123,2810,70662,39.0
123,2811,70681,19.0
123,2812,70692,11.0
123,2813,70733,41.0
123,2814,70778,45.0
123,2815,70795,17.0
123,2816,70833,38.0
123,2817,70850,17.0
123,2818,70867,17.0
123,2819,70890,23.0
123,2820,70905,15.0
123,2821,70930,25.0
123,2822,70948,18.0
123,2823,70963,15.0
123,2824,70977,14.0
123,2825,71047,70.0
123,2826,71071,24.0
123,2827,71087,16.0
123,2828,71107,20.0
123,2829,71139,32.0
123,2830,71151,12.0
123,2831,71179,28.0
123,2832,71200,21.0
123,2833,71226,26.0
123,2834,71246,20.0
123,2835,71265,19.0
123,2836,71283,18.0
123,2837,71310,27.0
123,2838,71334,24.0
123,2839,71372,38.0
123,2840,71384,12.0
123,2841,71404,20.0
123,2842,71419,15.0
123,2843,71445,26.0
123,2844,71471,26.0
123,2845,71490,19.0
123,2846,71505,15.0
123,2847,71529,24.0
123,2848,71546,17.0
123,2849,71583,37.0
123,2850,71624,41.0
123,2851,71671,47.0
123,2852,71696,25.0
123,2853,71720,24.0
123,2854,71733,13.0
123,2855,71750,17.0
123,2856,71781,31.0
123,2857,71855,74.0
123,2858,71882,27.0
123,2859,71894,12.0
123,2860,71913,19.0
123,2861,71967,54.0
123,2862,71995,28.0
123,2863,72013,18.0
123,2864,72023,10.0
123,2865,72039,16.0
123,2866,72079,40.0
123,2867,72097,18.0
123,2868,72111,14.0
123,2869,72148,37.0
123,2870,72217,69.0
123,2871,72233,16.0
123,2872,72262,29.0
123,2873,72282,20.0
123,2874,72301,19.0
123,2875,72315,14.0
123,2876,72343,28.0
123,2877,72359,16.0
123,2878,72397,38.0
123,2879,72427,30.0
123,2880,72446,19.0
123,2881,72517,71.0
123,2882,72541,24.0
123,2883,72560,19.0
123,2884,72574,14.0
123,2885,72593,19.0
123,2886,72610,17.0
123,2887,72620,10.0
123,2888,72663,43.0
123,2889,72682,19.0
123,2890,72705,23.0
123,2891,72744,39.0
123,2892,72767,23.0
123,2893,72817,50.0
123,2894,72834,17.0
123,2895,72870,36.0
123,2896,72882,12.0
123,2897,72902,20.0
123,2898,72937,35.0
123,2899,72974,37.0
123,2900,73005,31.0
123,2901,73016,11.0
123,2902,73027,11.0
123,2903,73062,35.0
123,2904,73081,19.0
123,2905,73094,13.0
123,2906,73153,59.0
123,2907,73167,14.0
123,2908,73220,53.0
123,2909,73304,84.0
123,2910,73328,24.0
123,2911,73339,11.0
123,2912,73368,29.0
123,2913,73381,13.0
123,2914,73417,36.0
123,2915,73429,12.0
123,2916,73476,47.0
123,2917,73496,20.0
123,2918,73508,12.0
123,2919,73522,14.0
123,2920,73568,46.0
123,2921,73579,11.0
123,2922,73601,22.0
123,2923,73618,17.0
123,2924,73630,12.0
123,2925,73659,29.0
123,2926,73675,16.0
123,2927,73697,22.0
123,2928,73728,31.0
123,2929,73764,36.0
123,2930,73775,11.0
123,2931,73811,36.0
123,2932,73823,12.0
123,2933,73867,44.0
123,2934,73900,33.0
123,2935,73912,12.0
123,2936,73937,25.0
123,2937,73961,24.0
123,2938,73998,37.0
123,2939,74031,33.0
123,2940,74064,33.0
123,2941,74076,12.0
123,2942,74087,11.0
123,2943,74122,35.0
123,2944,74148,26.0
123,2945,74156,8.0
123,2946,74190,34.0
123,2947,74205,15.0
123,2948,74221,16.0
123,2949,74246,25.0
123,2950,74268,22.0
123,2951,74286,18.0
123,2952,74309,23.0
123,2953,74396,87.0
123,2954,74426,30.0
123,2955,74455,29.0
123,2956,74471,16.0
123,2957,74492,21.0
123,2958,74508,16.0
123,2959,74530,22.0
123,2960,74544,14.0
123,2961,74587,43.0
123,2962,74605,18.0
123,2963,74617,12.0
123,2964,74673,56.0
123,2965,74732,59.0
123,2966,74759,27.0
123,2967,74788,29.0
123,2968,74815,27.0
123,2969,74841,26.0
123,2970,74859,18.0
123,2971,74873,14.0
123,2972,74913,40.0
123,2973,74932,19.0
123,2974,74954,22.0
123,2975,74963,9.0
123,2976,74988,25.0
123,2977,75020,32.0
123,2978,75051,31.0
123,2979,75094,43.0
123,2980,75106,12.0
123,2981,75125,19.0
123,2982,75140,15.0
123,2983,75171,31.0
123,2984,75201,30.0
123,2985,75227,26.0
123,2986,75241,14.0
123,2987,75252,11.0
123,2988,75292,40.0
123,2989,75340,48.0
123,2990,75369,29.0
123,2991,75388,19.0
123,2992,75411,23.0
123,2993,75438,27.0
123,2994,75451,13.0
123,2995,75486,35.0
123,2996,75504,18.0
123,2997,75518,14.0
123,2998,75534,16.0
123,2999,75560,26.0
123,3000,75597,37.0
123,3001,75615,18.0
123,3002,75629,14.0
123,3003,75655,26.0
123,3004,75677,22.0
123,3005,75700,23.0
123,3006,75714,14.0
123,3007,75753,39.0
123,3008,75770,17.0
123,3009,75790,20.0
123,3010,75805,15.0
123,3011,75820,15.0
123,3012,75841,21.0
123,3013,75870,29.0
123,3014,75881,11.0
123,3015,75899,18.0
123,3016,75922,23.0
123,3017,75945,23.0
123,3018,75981,36.0
123,3019,76012,31.0
123,3020,76061,49.0
123,3021,76079,18.0
123,3022,76130,51.0
123,3023,76164,34.0
123,3024,76199,35.0
123,3025,76226,27.0
123,3026,76254,28.0
123,3027,76282,28.0
123,3028,76323,41.0
123,3029,76362,39.0
123,3030,76401,39.0
123,3031,76432,31.0
123,3032,76449,17.0
123,3033,76474,25.0
123,3034,76510,36.0
123,3035,76522,12.0
123,3036,76564,42.0
123,3037,76585,21.0
123,3038,76600,15.0
123,3039,76624,24.0
123,3040,76640,16.0
123,3041,76662,22.0
123,3042,76684,22.0
123,3043,76718,34.0
123,3044,76731,13.0
123,3045,76756,25.0
123,3046,76791,35.0
123,3047,76803,12.0
123,3048,76828,25.0
123,3049,76856,28.0
123,3050,76884,28.0
123,3051,76899,15.0
123,3052,76920,21.0
123,3053,76954,34.0
123,3054,76986,32.0
123,3055,77026,40.0
123,3056,77035,9.0
123,3057,77055,20.0
123,3058,77088,33.0
123,3059,77112,24.0
123,3060,77148,36.0
123,3061,77160,12.0
123,3062,77181,21.0
123,3063,77211,30.0
123,3064,77229,18.0
123,3065,77250,21.0
123,3066,77266,16.0
123,3067,77286,20.0
123,3068,77305,19.0
123,3069,77332,27.0
123,3070,77367,35.0
123,3071,77401,34.0
123,3072,77470,69.0
123,3073,77505,35.0
123,3074,77519,14.0
123,3075,77552,33.0
123,3076,77581,29.0
123,3077,77601,20.0
123,3078,77636,35.0
123,3079,77669,33.0
123,3080,77709,40.0
123,3081,77730,21.0
123,3082,77740,10.0
123,3083,77839,99.0
123,3084,77876,37.0
123,3085,77894,18.0
123,3086,77919,25.0
123,3087,77936,17.0
123,3088,77950,14.0
123,3089,77970,20.0
123,3090,77986,16.0
123,3091,78006,20.0
123,3092,78054,48.0
123,3093,78145,91.0
123,3094,78171,26.0
123,3095,78188,17.0
123,3096,78237,49.0
123,3097,78287,50.0
123,3098,78305,18.0
123,3099,78318,13.0
123,3100,78337,19.0
123,3101,78368,31.0
123,3102,78379,11.0
123,3103,78412,33.0
123,3104,78440,28.0
123,3105,78465,25.0
123,3106,78478,13.0
123,3107,78541,63.0
123,3108,78565,24.0
123,3109,78613,48.0
123,3110,78631,18.0
123,3111,78651,20.0
123,3112,78710,59.0
123,3113,78728,18.0
123,3114,78786,58.0
123,3115,78797,11.0
123,3116,78840,43.0
123,3117,78890,50.0
123,3118,78946,56.0
123,3119,78970,24.0
123,3120,79021,51.0
123,3121,79038,17.0
123,3122,79094,56.0
123,3123,79107,13.0
123,3124,79143,36.0
123,3125,79198,55.0
123,3126,79248,50.0
123,3127,79268,20.0
123,3128,79297,29.0
123,3129,79318,21.0
123,3130,79344,26.0
123,3131,79357,13.0
123,3132,79374,17.0
123,3133,79384,10.0
123,3134,79401,17.0
123,3135,79426,25.0
123,3136,79446,20.0
123,3137,79477,31.0
123,3138,79497,20.0
123,3139,79519,22.0
123,3140,79560,41.0
123,3141,79581,21.0
123,3142,79594,13.0
123,3143,79622,28.0
123,3144,79636,14.0
123,3145,79654,18.0
123,3146,79682,28.0
123,3147,79702,20.0
123,3148,79731,29.0
123,3149,79743,12.0
123,3150,79780,37.0
123,3151,79822,42.0
123,3152,79834,12.0
123,3153,79869,35.0
123,3154,79884,15.0
123,3155,79899,15.0
123,3156,79938,39.0
123,3157,79955,17.0
123,3158,79984,29.0
123,3159,80010,26.0
123,3160,80021,11.0
123,3161,80041,20.0
123,3162,80052,11.0
123,3163,80089,37.0
123,3164,80107,18.0
123,3165,80122,15.0
123,3166,80150,28.0
123,3167,80179,29.0
123,3168,80193,14.0
123,3169,80216,23.0
123,3170,80264,48.0
123,3171,80294,30.0
123,3172,80315,21.0
123,3173,80329,14.0
123,3174,80350,21.0
123,3175,80366,16.0
123,3176,80378,12.0
123,3177,80399,21.0
123,3178,80416,17.0
123,3179,80439,23.0
123,3180,80456,17.0
123,3181,80471,15.0
123,3182,80483,12.0
123,3183,80513,30.0
123,3184,80545,32.0
123,3185,80563,18.0
123,3186,80575,12.0
123,3187,80610,35.0
123,3188,80624,14.0
123,3189,80642,18.0
123,3190,80668,26.0
123,3191,80694,26.0
123,3192,80710,16.0
123,3193,80736,26.0
123,3194,80772,36.0
123,3195,80834,62.0
123,3196,80848,14.0
123,3197,80865,17.0
123,3198,80888,23.0
123,3199,80913,25.0
123,3200,80982,69.0
123,3201,81005,23.0
123,3202,81025,20.0
123,3203,81058,33.0
123,3204,81074,16.0
123,3205,81089,15.0
123,3206,81115,26.0
123,3207,81144,29.0
123,3208,81180,36.0
123,3209,81228,48.0
123,3210,81248,20.0
123,3211,81258,10.0
123,3212,81306,48.0
123,3213,81321,15.0
123,3214,81377,56.0
123,3215,81404,27.0
123,3216,81428,24.0
123,3217,81512,84.0
123,3218,81576,64.0
123,3219,81597,21.0
123,3220,81610,13.0
123,3221,81623,13.0
123,3222,81655,32.0
123,3223,81673,18.0
123,3224,81693,20.0
123,3225,81709,16.0
123,3226,81721,12.0
123,3227,81734,13.0
123,3228,81804,70.0
123,3229,81825,21.0
123,3230,81838,13.0
123,3231,81881,43.0
123,3232,81913,32.0
123,3233,81929,16.0
123,3234,81943,14.0
123,3235,81966,23.0
123,3236,82009,43.0
123,3237,82028,19.0
123,3238,82050,22.0
123,3239,82069,19.0
123,3240,82094,25.0
123,3241,82122,28.0
123,3242,82155,33.0
123,3243,82189,34.0
123,3244,82252,63.0
123,3245,82273,21.0
123,3246,82288,15.0
123,3247,82302,14.0
123,3248,82327,25.0
123,3249,82365,38.0
123,3250,82381,16.0
123,3251,82409,28.0
123,3252,82447,38.0
123,3253,82472,25.0
123,3254,82485,13.0
123,3255,82496,11.0
123,3256,82514,18.0
123,3257,82535,21.0
123,3258,82544,9.0
123,3259,82562,18.0
123,3260,82574,12.0
123,3261,82642,68.0
123,3262,82674,32.0
123,3263,82703,29.0
123,3264,82722,19.0
123,3265,82737,15.0
123,3266,82771,34.0
123,3267,82784,13.0
123,3268,82857,73.0
123,3269,82880,23.0
123,3270,82895,15.0
123,3271,82910,15.0
123,3272,82976,66.0
123,3273,83025,49.0
123,3274,83080,55.0
123,3275,83126,46.0
123,3276,83145,19.0
123,3277,83157,12.0
123,3278,83276,119.0
123,3279,83294,18.0
123,3280,83313,19.0
123,3281,83333,20.0
123,3282,83349,16.0
123,3283,83393,44.0
123,3284,83408,15.0
123,3285,83441,33.0
123,3286,83519,78.0
123,3287,83543,24.0
123,3288,83559,16.0
123,3289,83611,52.0
123,3290,83658,47.0
123,3291,83668,10.0
123,3292,83717,49.0
123,3293,83752,35.0
123,3294,83773,21.0
123,3295,83815,42.0
123,3296,83836,21.0
123,3297,83853,17.0
123,3298,83879,26.0
123,3299,83893,14.0
123,3300,83913,20.0
123,3301,83933,20.0
123,3302,83960,27.0
123,3303,83985,25.0
123,3304,84000,15.0
123,3305,84022,22.0
123,3306,84082,60.0
123,3307,84095,13.0
123,3308,84144,49.0
123,3309,84172,28.0
123,3310,84230,58.0
123,3311,84258,28.0
123,3312,84281,23.0
123,3313,84304,23.0
123,3314,84321,17.0
123,3315,84372,51.0
123,3316,84435,63.0
123,3317,84470,35.0
123,3318,84505,35.0
123,3319,84528,23.0
123,3320,84554,26.0
123,3321,84583,29.0
123,3322,84615,32.0
123,3323,84665,50.0
123,3324,84687,22.0
123,3325,84712,25.0
123,3326,84752,40.0
123,3327,84769,17.0
123,3328,84785,16.0
123,3329,84818,33.0
123,3330,84859,41.0
123,3331,84877,18.0
123,3332,84900,23.0
123,3333,84930,30.0
123,3334,84979,49.0
123,3335,84998,19.0
123,3336,85018,20.0
123,3337,85061,43.0
123,3338,85096,35.0
123,3339,85107,11.0
123,3340,85136,29.0
123,3341,85169,33.0
123,3342,85198,29.0
123,3343,85229,31.0
123,3344,85260,31.0
123,3345,85289,29.0
123,3346,85300,11.0
123,3347,85314,14.0
123,3348,85338,24.0
123,3349,85360,22.0
123,3350,85370,10.0
123,3351,85388,18.0
123,3352,85430,42.0
123,3353,85440,10.0
123,3354,85480,40.0
123,3355,85521,41.0
123,3356,85544,23.0
123,3357,85559,15.0
123,3358,85595,36.0
123,3359,85616,21.0
123,3360,85644,28.0
123,3361,85667,23.0
123,3362,85677,10.0
123,3363,85692,15.0
123,3364,85728,36.0
123,3365,85762,34.0
123,3366,85808,46.0
123,3367,85820,12.0
123,3368,85852,32.0
123,3369,85895,43.0
123,3370,85916,21.0
123,3371,86026,110.0
123,3372,86078,52.0
123,3373,86128,50.0
123,3374,86146,18.0
123,3375,86166,20.0
123,3376,86225,59.0
123,3377,86247,22.0
123,3378,86308,61.0
123,3379,86325,17.0
123,3380,86377,52.0
123,3381,86392,15.0
123,3382,86410,18.0
123,3383,86430,20.0
123,3384,86441,11.0
123,3385,86469,28.0
123,3386,86511,42.0
123,3387,86531,20.0
123,3388,86554,23.0
123,3389,86617,63.0
123,3390,86632,15.0
123,3391,86662,30.0
123,3392,86718,56.0
123,3393,86736,18.0
123,3394,86760,24.0
123,3395,86789,29.0
123,3396,86809,20.0
123,3397,86834,25.0
123,3398,86853,19.0
123,3399,86888,35.0
123,3400,86925,37.0
123,3401,86965,40.0
123,3402,86985,20.0
123,3403,87008,23.0
123,3404,87023,15.0
123,3405,87046,23.0
123,3406,87090,44.0
123,3407,87125,35.0
123,3408,87153,28.0
123,3409,87164,11.0
123,3410,87192,28.0
123,3411,87227,35.0
123,3412,87260,33.0
123,3413,87272,12.0
123,3414,87302,30.0
123,3415,87327,25.0
123,3416,87351,24.0
123,3417,87394,43.0
123,3418,87432,38.0
123,3419,87470,38.0
123,3420,87575,105.0
123,3421,87588,13.0
123,3422,87615,27.0
123,3423,87646,31.0
123,3424,87669,23.0
123,3425,87695,26.0
123,3426,87733,38.0
123,3427,87768,35.0
123,3428,87795,27.0
123,3429,87804,9.0
123,3430,87817,13.0
123,3431,87835,18.0
123,3432,87865,30.0
123,3433,87880,15.0
123,3434,87923,43.0
123,3435,87997,74.0
123,3436,88032,35.0
123,3437,88066,34.0
123,3438,88077,11.0
123,3439,88104,27.0
123,3440,88117,13.0
123,3441,88135,18.0
123,3442,88168,33.0
123,3443,88230,62.0
123,3444,88260,30.0
123,3445,88278,18.0
123,3446,88306,28.0
123,3447,88327,21.0
123,3448,88367,40.0
123,3449,88397,30.0
123,3450,88454,57.0
123,3451,88481,27.0
123,3452,88527,46.0
123,3453,88558,31.0
123,3454,88634,76.0
123,3455,88654,20.0
123,3456,88685,31.0
123,3457,88706,21.0
123,3458,88725,19.0
123,3459,88746,21.0
123,3460,88770,24.0
123,3461,88793,23.0
123,3462,88826,33.0
123,3463,88845,19.0
123,3464,88856,11.0
123,3465,88873,17.0
123,3466,88891,18.0
123,3467,88917,26.0
123,3468,88953,36.0
123,3469,88984,31.0
123,3470,89005,21.0
123,3471,89041,36.0
123,3472,89063,22.0
123,3473,89080,17.0
123,3474,89096,16.0
123,3475,89138,42.0
123,3476,89163,25.0
123,3477,89178,15.0
123,3478,89210,32.0
123,3479,89227,17.0
123,3480,89254,27.0
123,3481,89274,20.0
123,3482,89286,12.0
123,3483,89304,18.0
123,3484,89327,23.0
123,3485,89349,22.0
123,3486,89371,22.0
123,3487,89394,23.0
123,3488,89409,15.0
123,3489,89446,37.0
123,3490,89475,29.0
123,3491,89511,36.0
123,3492,89587,76.0
123,3493,89610,23.0
123,3494,89634,24.0
123,3495,89674,40.0
123,3496,89717,43.0
123,3497,89746,29.0
123,3498,89776,30.0
123,3499,89799,23.0
123,3500,89818,19.0
123,3501,89831,13.0
123,3502,89848,17.0
123,3503,89867,19.0
123,3504,89880,13.0
123,3505,89906,26.0
123,3506,89942,36.0
123,3507,89958,16.0
123,3508,89976,18.0
123,3509,89991,15.0
123,3510,90017,26.0
123,3511,90048,31.0
123,3512,90091,43.0
123,3513,90131,40.0
123,3514,90158,27.0
123,3515,90171,13.0
123,3516,90218,47.0
123,3517,90259,41.0
123,3518,90298,39.0
123,3519,90318,20.0
123,3520,90332,14.0
123,3521,90348,16.0
123,3522,90374,26.0
123,3523,90397,23.0
123,3524,90443,46.0
123,3525,90465,22.0
123,3526,90485,20.0
123,3527,90500,15.0
123,3528,90537,37.0
123,3529,90565,28.0
123,3530,90588,23.0
123,3531,90603,15.0
123,3532,90626,23.0
123,3533,90648,22.0
123,3534,90685,37.0
123,3535,90694,9.0
123,3536,90719,25.0
123,3537,90763,44.0
123,3538,90783,20.0
123,3539,90807,24.0
123,3540,90846,39.0
123,3541,90884,38.0
123,3542,90921,37.0
123,3543,90939,18.0
123,3544,90965,26.0
123,3545,90981,16.0
123,3546,90991,10.0
123,3547,91009,18.0
123,3548,91043,34.0
123,3549,91106,63.0
123,3550,91173,67.0
123,3551,91187,14.0
123,3552,91280,93.0
123,3553,91290,10.0
123,3554,91385,95.0
123,3555,91440,55.0
123,3556,91464,24.0
123,3557,91501,37.0
123,3558,91518,17.0
123,3559,91532,14.0
123,3560,91547,15.0
123,3561,91585,38.0
123,3562,91608,23.0
123,3563,91634,26.0
123,3564,91659,25.0
123,3565,91710,51.0
123,3566,91732,22.0
123,3567,91774,42.0
123,3568,91821,47.0
123,3569,91859,38.0
123,3570,91886,27.0
123,3571,91935,49.0
123,3572,91953,18.0
123,3573,91987,34.0
123,3574,92023,36.0
123,3575,92052,29.0
123,3576,92107,55.0
123,3577,92124,17.0
123,3578,92145,21.0
123,3579,92162,17.0
123,3580,92183,21.0
123,3581,92215,32.0
123,3582,92232,17.0
123,3583,92259,27.0
123,3584,92276,17.0
123,3585,92307,31.0
123,3586,92322,15.0
123,3587,92344,22.0
123,3588,92365,21.0
123,3589,92430,65.0
123,3590,92467,37.0
123,3591,92499,32.0
123,3592,92512,13.0
123,3593,92524,12.0
123,3594,92542,18.0
123,3595,92592,50.0
123,3596,92635,43.0
123,3597,92663,28.0
123,3598,92680,17.0
123,3599,92691,11.0
123,3600,92710,19.0
123,3601,92736,26.0
123,3602,92750,14.0
123,3603,92768,18.0
123,3604,92789,21.0
123,3605,92826,37.0
123,3606,92864,38.0
123,3607,92884,20.0
123,3608,92929,45.0
123,3609,92958,29.0
123,3610,92972,14.0
123,3611,93006,34.0
123,3612,93033,27.0
123,3613,93056,23.0
123,3614,93073,17.0
123,3615,93101,28.0
123,3616,93123,22.0
123,3617,93147,24.0
123,3618,93200,53.0
123,3619,93236,36.0
123,3620,93257,21.0
123,3621,93313,56.0
123,3622,93333,20.0
123,3623,93350,17.0
123,3624,93372,22.0
123,3625,93432,60.0
123,3626,93483,51.0
123,3627,93493,10.0
123,3628,93551,58.0
123,3629,93575,24.0
123,3630,93591,16.0
123,3631,93628,37.0
123,3632,93665,37.0
123,3633,93743,78.0
123,3634,93773,30.0
123,3635,93807,34.0
123,3636,93821,14.0
123,3637,93841,20.0
123,3638,93862,21.0
123,3639,93903,41.0
123,3640,93923,20.0
123,3641,93939,16.0
123,3642,93966,27.0
123,3643,93983,17.0
123,3644,93999,16.0
123,3645,94026,27.0
123,3646,94083,57.0
123,3647,94099,16.0
123,3648,94125,26.0
123,3649,94144,19.0
123,3650,94210,66.0
123,3651,94231,21.0
123,3652,94266,35.0
123,3653,94285,19.0
123,3654,94314,29.0
123,3655,94333,19.0
123,3656,94349,16.0
123,3657,94374,25.0
123,3658,94395,21.0
123,3659,94423,28.0
123,3660,94449,26.0
123,3661,94466,17.0
123,3662,94496,30.0
123,3663,94524,28.0
123,3664,94541,17.0
123,3665,94555,14.0
123,3666,94581,26.0
123,3667,94609,28.0
123,3668,94624,15.0
123,3669,94651,27.0
123,3670,94667,16.0
123,3671,94690,23.0
123,3672,94730,40.0
123,3673,94740,10.0
123,3674,94769,29.0
123,3675,94824,55.0
123,3676,94851,27.0
123,3677,94879,28.0
123,3678,94901,22.0
123,3679,94924,23.0
123,3680,94934,10.0
123,3681,94946,12.0
123,3682,94998,52.0
123,3683,95041,43.0
123,3684,95066,25.0
123,3685,95089,23.0
123,3686,95104,15.0
123,3687,95126,22.0
123,3688,95152,26.0
123,3689,95213,61.0
123,3690,95228,15.0
123,3691,95244,16.0
123,3692,95286,42.0
123,3693,95312,26.0
123,3694,95352,40.0
123,3695,95366,14.0
123,3696,95388,22.0
123,3697,95417,29.0
123,3698,95471,54.0
123,3699,95501,30.0
123,3700,95569,68.0
123,3701,95590,21.0
123,3702,95620,30.0
123,3703,95648,28.0
123,3704,95660,12.0
123,3705,95676,16.0
123,3706,95717,41.0
123,3707,95735,18.0
123,3708,95784,49.0
123,3709,95813,29.0
123,3710,95875,62.0
123,3711,95905,30.0
123,3712,95942,37.0
123,3713,95963,21.0
123,3714,95980,17.0
123,3715,96012,32.0
123,3716,96028,16.0
123,3717,96048,20.0
123,3718,96079,31.0
123,3719,96108,29.0
123,3720,96142,34.0
123,3721,96167,25.0
123,3722,96179,12.0
123,3723,96194,15.0
123,3724,96256,62.0
123,3725,96300,44.0
123,3726,96329,29.0
123,3727,96340,11.0
123,3728,96398,58.0
123,3729,96492,94.0
123,3730,96507,15.0
123,3731,96532,25.0
123,3732,96551,19.0
123,3733,96588,37.0
123,3734,96600,12.0
123,3735,96614,14.0
123,3736,96656,42.0
123,3737,96667,11.0
123,3738,96705,38.0
123,3739,96752,47.0
123,3740,96760,8.0
123,3741,96779,19.0
123,3742,96804,25.0
123,3743,96820,16.0
123,3744,96860,40.0
123,3745,96880,20.0
123,3746,96894,14.0
123,3747,96918,24.0
123,3748,96940,22.0
123,3749,96954,14.0
123,3750,96999,45.0
123,3751,97037,38.0
123,3752,97064,27.0
123,3753,97088,24.0
123,3754,97106,18.0
123,3755,97133,27.0
123,3756,97150,17.0
123,3757,97172,22.0
123,3758,97192,20.0
123,3759,97237,45.0
123,3760,97249,12.0
123,3761,97259,10.0
123,3762,97286,27.0
123,3763,97301,15.0
123,3764,97313,12.0
123,3765,97328,15.0
123,3766,97366,38.0
123,3767,97397,31.0
123,3768,97426,29.0
123,3769,97448,22.0
123,3770,97483,35.0
123,3771,97507,24.0
123,3772,97533,26.0
123,3773,97575,42.0
123,3774,97595,20.0
123,3775,97628,33.0
123,3776,97653,25.0
123,3777,97700,47.0
123,3778,97728,28.0
123,3779,97748,20.0
123,3780,97786,38.0
123,3781,97796,10.0
123,3782,97830,34.0
123,3783,97859,29.0
123,3784,97905,46.0
123,3785,97928,23.0
123,3786,97937,9.0
123,3787,97963,26.0
123,3788,98018,55.0
123,3789,98034,16.0
123,3790,98057,23.0
123,3791,98072,15.0
123,3792,98090,18.0
123,3793,98111,21.0
123,3794,98149,38.0
123,3795,98169,20.0
123,3796,98206,37.0
123,3797,98252,46.0
123,3798,98266,14.0
123,3799,98344,78.0
123,3800,98360,16.0
123,3801,98405,45.0
123,3802,98424,19.0
123,3803,98440,16.0
123,3804,98520,80.0
123,3805,98543,23.0
123,3806,98562,19.0
123,3807,98583,21.0
123,3808,98601,18.0
123,3809,98617,16.0
123,3810,98642,25.0
123,3811,98659,17.0
123,3812,98676,17.0
123,3813,98701,25.0
123,3814,98741,40.0
123,3815,98791,50.0
123,3816,98806,15.0
123,3817,98884,78.0
123,3818,98898,14.0
123,3819,98943,45.0
123,3820,98957,14.0
123,3821,98972,15.0
123,3822,98995,23.0
123,3823,99037,42.0
123,3824,99081,44.0
123,3825,99105,24.0
123,3826,99120,15.0
123,3827,99163,43.0
123,3828,99200,37.0
123,3829,99247,47.0
123,3830,99266,19.0
123,3831,99317,51.0
123,3832,99338,21.0
123,3833,99369,31.0
123,3834,99401,32.0
123,3835,99419,18.0
123,3836,99466,47.0
123,3837,99496,30.0
123,3838,99512,16.0
123,3839,99524,12.0
123,3840,99537,13.0
123,3841,99554,17.0
123,3842,99624,70.0
123,3843,99681,57.0
123,3844,99696,15.0
123,3845,99728,32.0
123,3846,99741,13.0
123,3847,99819,78.0
123,3848,99851,32.0
123,3849,99876,25.0
123,3850,99887,11.0
123,3851,99951,64.0
123,3852,99974,23.0
123,3853,99987,13.0
123,3854,100017,30.0
123,3855,100031,14.0
123,3856,100055,24.0
123,3857,100071,16.0
123,3858,100086,15.0
123,3859,100098,12.0
123,3860,100114,16.0
123,3861,100143,29.0
123,3862,100212,69.0
123,3863,100229,17.0
123,3864,100256,27.0
123,3865,100272,16.0
123,3866,100295,23.0
123,3867,100309,14.0
123,3868,100392,83.0
123,3869,100446,54.0
123,3870,100497,51.0
123,3871,100531,34.0
123,3872,100553,22.0
123,3873,100563,10.0
123,3874,100587,24.0
123,3875,100610,23.0
123,3876,100641,31.0
123,3877,100693,52.0
123,3878,100765,72.0
123,3879,100823,58.0
123,3880,100852,29.0
123,3881,100887,35.0
123,3882,100910,23.0
123,3883,100935,25.0
123,3884,100954,19.0
123,3885,100993,39.0
123,3886,101025,32.0
123,3887,101080,55.0
123,3888,101105,25.0
123,3889,101124,19.0
123,3890,101139,15.0
123,3891,101157,18.0
123,3892,101172,15.0
123,3893,101209,37.0
123,3894,101233,24.0
123,3895,101254,21.0
123,3896,101299,45.0
123,3897,101320,21.0
123,3898,101334,14.0
123,3899,101386,52.0
123,3900,101433,47.0
123,3901,101446,13.0
123,3902,101472,26.0
123,3903,101487,15.0
123,3904,101502,15.0
123,3905,101545,43.0
123,3906,101569,24.0
123,3907,101619,50.0
123,3908,101642,23.0
123,3909,101711,69.0
123,3910,101741,30.0
123,3911,101755,14.0
123,3912,101776,21.0
123,3913,101850,74.0
123,3914,101934,84.0
123,3915,101946,12.0
123,3916,101991,45.0
123,3917,102034,43.0
123,3918,102049,15.0
123,3919,102072,23.0
123,3920,102128,56.0
123,3921,102152,24.0
123,3922,102199,47.0
123,3923,102218,19.0
123,3924,102280,62.0
123,3925,102318,38.0
123,3926,102344,26.0
123,3927,102379,35.0
123,3928,102428,49.0
123,3929,102461,33.0
123,3930,102515,54.0
123,3931,102537,22.0
123,3932,102547,10.0
123,3933,102563,16.0
123,3934,102577,14.0
123,3935,102612,35.0
123,3936,102639,27.0
123,3937,102655,16.0
123,3938,102679,24.0
123,3939,102707,28.0
123,3940,102723,16.0
123,3941,102748,25.0
123,3942,102765,17.0
123,3943,102786,21.0
123,3944,102852,66.0
123,3945,102883,31.0
123,3946,102905,22.0
123,3947,102939,34.0
123,3948,102952,13.0
123,3949,102993,41.0
123,3950,103021,28.0
123,3951,103034,13.0
123,3952,103055,21.0
123,3953,103106,51.0
123,3954,103154,48.0
123,3955,103192,38.0
123,3956,103254,62.0
123,3957,103268,14.0
123,3958,103291,23.0
123,3959,103300,9.0
123,3960,103319,19.0
123,3961,103340,21.0
123,3962,103365,25.0
123,3963,103383,18.0
123,3964,103414,31.0
123,3965,103456,42.0
123,3966,103491,35.0
123,3967,103540,49.0
123,3968,103560,20.0
123,3969,103622,62.0
123,3970,103638,16.0
123,3971,103652,14.0
123,3972,103691,39.0
123,3973,103708,17.0
123,3974,103822,114.0
123,3975,103846,24.0
123,3976,103875,29.0
123,3977,103899,24.0
123,3978,103919,20.0
123,3979,103938,19.0
123,3980,103977,39.0
123,3981,104023,46.0
123,3982,104048,25.0
123,3983,104079,31.0
123,3984,104167,88.0
123,3985,104181,14.0
123,3986,104220,39.0
123,3987,104256,36.0
123,3988,104299,43.0
123,3989,104315,16.0
123,3990,104338,23.0
123,3991,104357,19.0
123,3992,104414,57.0
123,3993,104436,22.0
123,3994,104452,16.0
123,3995,104485,33.0
123,3996,104498,13.0
123,3997,104539,41.0
123,3998,104562,23.0
123,3999,104574,12.0
123,4000,104628,54.0
123,4001,104665,37.0
123,4002,104690,25.0
123,4003,104713,23.0
123,4004,104724,11.0
123,4005,104736,12.0
123,4006,104755,19.0
123,4007,104801,46.0
123,4008,104817,16.0
123,4009,104848,31.0
123,4010,104864,16.0
123,4011,104905,41.0
123,4012,104921,16.0
123,4013,104935,14.0
123,4014,104958,23.0
123,4015,104970,12.0
123,4016,105035,65.0
123,4017,105093,58.0
123,4018,105139,46.0
123,4019,105240,101.0
123,4020,105273,33.0
123,4021,105288,15.0
123,4022,105298,10.0
123,4023,105326,28.0
123,4024,105335,9.0
123,4025,105379,44.0
123,4026,105415,36.0
123,4027,105475,60.0
123,4028,105510,35.0
123,4029,105521,11.0
123,4030,105598,77.0
123,4031,105623,25.0
123,4032,105644,21.0
123,4033,105684,40.0
123,4034,105717,33.0
123,4035,105738,21.0
123,4036,105790,52.0
123,4037,105810,20.0
123,4038,105875,65.0
123,4039,105911,36.0
123,4040,105937,26.0
123,4041,105985,48.0
123,4042,106035,50.0
123,4043,106081,46.0
123,4044,106117,36.0
123,4045,106136,19.0
123,4046,106160,24.0
123,4047,106176,16.0
123,4048,106197,21.0
123,4049,106221,24.0
123,4050,106235,14.0
123,4051,106299,64.0
123,4052,106312,13.0
123,4053,106336,24.0
123,4054,106361,25.0
123,4055,106388,27.0
123,4056,106493,105.0
123,4057,106512,19.0
123,4058,106522,10.0
123,4059,106555,33.0
123,4060,106586,31.0
123,4061,106608,22.0
123,4062,106621,13.0
123,4063,106676,55.0
123,4064,106698,22.0
123,4065,106711,13.0
123,4066,106746,35.0
123,4067,106807,61.0
123,4068,106849,42.0
123,4069,106862,13.0
123,4070,106886,24.0
123,4071,106910,24.0
123,4072,106942,32.0
123,4073,106964,22.0
123,4074,106977,13.0
123,4075,107004,27.0
123,4076,107034,30.0
123,4077,107053,19.0
123,4078,107066,13.0
123,4079,107090,24.0
123,4080,107133,43.0
123,4081,107153,20.0
123,4082,107164,11.0
123,4083,107188,24.0
123,4084,107202,14.0
123,4085,107218,16.0
123,4086,107239,21.0
123,4087,107258,19.0
123,4088,107277,19.0
123,4089,107307,30.0
123,4090,107351,44.0
123,4091,107364,13.0
123,4092,107394,30.0
123,4093,107416,22.0
123,4094,107433,17.0
123,4095,107474,41.0
123,4096,107489,15.0
123,4097,107525,36.0
123,4098,107544,19.0
123,4099,107564,20.0
123,4100,107582,18.0
123,4101,107594,12.0
123,4102,107613,19.0
123,4103,107632,19.0
123,4104,107649,17.0
123,4105,107662,13.0
123,4106,107685,23.0
123,4107,107695,10.0
123,4108,107713,18.0
123,4109,107739,26.0
123,4110,107759,20.0
123,4111,107799,40.0
123,4112,107863,64.0
123,4113,107878,15.0
123,4114,107900,22.0
123,4115,107935,35.0
123,4116,108023,88.0
123,4117,108059,36.0
123,4118,108095,36.0
123,4119,108130,35.0
123,4120,108152,22.0
123,4121,108175,23.0
123,4122,108223,48.0
123,4123,108240,17.0
123,4124,108257,17.0
123,4125,108290,33.0
123,4126,108308,18.0
123,4127,108341,33.0
123,4128,108370,29.0
123,4129,108424,54.0
123,4130,108439,15.0
123,4131,108472,33.0
123,4132,108509,37.0
123,4133,108526,17.0
123,4134,108551,25.0
123,4135,108578,27.0
123,4136,108601,23.0
123,4137,108654,53.0
123,4138,108668,14.0
123,4139,108698,30.0
123,4140,108712,14.0
123,4141,108741,29.0
123,4142,108761,20.0
123,4143,108785,24.0
123,4144,108830,45.0
123,4145,108858,28.0
123,4146,108872,14.0
123,4147,108900,28.0
123,4148,108943,43.0
123,4149,108965,22.0
123,4150,108978,13.0
123,4151,108998,20.0
123,4152,109042,44.0
123,4153,109087,45.0
123,4154,109099,12.0
123,4155,109132,33.0
123,4156,109157,25.0
123,4157,109171,14.0
123,4158,109188,17.0
123,4159,109218,30.0
123,4160,109249,31.0
123,4161,109292,43.0
123,4162,109302,10.0
123,4163,109325,23.0
123,4164,109350,25.0
123,4165,109373,23.0
123,4166,109397,24.0
123,4167,109408,11.0
123,4168,109439,31.0
123,4169,109459,20.0
123,4170,109480,21.0
123,4171,109498,18.0
123,4172,109520,22.0
123,4173,109560,40.0
123,4174,109606,46.0
123,4175,109627,21.0
123,4176,109650,23.0
123,4177,109681,31.0
123,4178,109705,24.0
123,4179,109734,29.0
123,4180,109762,28.0
123,4181,109804,42.0
123,4182,109824,20.0
123,4183,109875,51.0
123,4184,109885,10.0
123,4185,109900,15.0
123,4186,109921,21.0
123,4187,109937,16.0
123,4188,109973,36.0
123,4189,109988,15.0
123,4190,110010,22.0
123,4191,110072,62.0
123,4192,110084,12.0
123,4193,110104,20.0
123,4194,110146,42.0
123,4195,110165,19.0
123,4196,110179,14.0
123,4197,110200,21.0
123,4198,110241,41.0
123,4199,110276,35.0
123,4200,110295,19.0
123,4201,110320,25.0
123,4202,110360,40.0
123,4203,110390,30.0
123,4204,110417,27.0
123,4205,110444,27.0
123,4206,110469,25.0
123,4207,110518,49.0
123,4208,110532,14.0
123,4209,110558,26.0
123,4210,110584,26.0
123,4211,110609,25.0
123,4212,110623,14.0
123,4213,110642,19.0
123,4214,110661,19.0
123,4215,110676,15.0
123,4216,110691,15.0
123,4217,110705,14.0
123,4218,110744,39.0
123,4219,110800,56.0
123,4220,110816,16.0
123,4221,110837,21.0
123,4222,110857,20.0
123,4223,110879,22.0
123,4224,110894,15.0
123,4225,110920,26.0
123,4226,110988,68.0
123,4227,111011,23.0
123,4228,111024,13.0
123,4229,111048,24.0
123,4230,111092,44.0
123,4231,111103,11.0
123,4232,111200,97.0
123,4233,111209,9.0
123,4234,111232,23.0
123,4235,111290,58.0
123,4236,111368,78.0
123,4237,111387,19.0
123,4238,111416,29.0
123,4239,111475,59.0
123,4240,111489,14.0
123,4241,111524,35.0
123,4242,111538,14.0
123,4243,111565,27.0
123,4244,111613,48.0
123,4245,111653,40.0
123,4246,111671,18.0
123,4247,111755,84.0
123,4248,111770,15.0
123,4249,111793,23.0
123,4250,111811,18.0
123,4251,111883,72.0
123,4252,111902,19.0
123,4253,111914,12.0
123,4254,111932,18.0
123,4255,111974,42.0
123,4256,112026,52.0
123,4257,112062,36.0
123,4258,112099,37.0
123,4259,112109,10.0
123,4260,112137,28.0
123,4261,112169,32.0
123,4262,112210,41.0
123,4263,112226,16.0
123,4264,112240,14.0
123,4265,112260,20.0
123,4266,112275,15.0
123,4267,112304,29.0
123,4268,112344,40.0
123,4269,112392,48.0
123,4270,112405,13.0
123,4271,112453,48.0
123,4272,112541,88.0
123,4273,112579,38.0
123,4274,112596,17.0
123,4275,112609,13.0
123,4276,112664,55.0
123,4277,112678,14.0
123,4278,112690,12.0
123,4279,112715,25.0
123,4280,112767,52.0
123,4281,112784,17.0
123,4282,112856,72.0
123,4283,112868,12.0
123,4284,112889,21.0
123,4285,112918,29.0
123,4286,112932,14.0
123,4287,112959,27.0
123,4288,112979,20.0
123,4289,113004,25.0
123,4290,113092,88.0
123,4291,113115,23.0
123,4292,113134,19.0
123,4293,113154,20.0
123,4294,113191,37.0
123,4295,113211,20.0
123,4296,113246,35.0
123,4297,113272,26.0
123,4298,113295,23.0
123,4299,113307,12.0
123,4300,113340,33.0
123,4301,113374,34.0
123,4302,113395,21.0
123,4303,113420,25.0
123,4304,113436,16.0
123,4305,113477,41.0
123,4306,113539,62.0
123,4307,113557,18.0
123,4308,113576,19.0
123,4309,113610,34.0
123,4310,113626,16.0
123,4311,113638,12.0
123,4312,113661,23.0
123,4313,113719,58.0
123,4314,113770,51.0
123,4315,113789,19.0
123,4316,113817,28.0
123,4317,113876,59.0
123,4318,113890,14.0
123,4319,113921,31.0
123,4320,113938,17.0
123,4321,113974,36.0
123,4322,114000,26.0
123,4323,114025,25.0
123,4324,114042,17.0
123,4325,114068,26.0
123,4326,114084,16.0
123,4327,114116,32.0
123,4328,114181,65.0
123,4329,114213,32.0
123,4330,114279,66.0
123,4331,114296,17.0
123,4332,114349,53.0
123,4333,114372,23.0
123,4334,114411,39.0
123,4335,114427,16.0
123,4336,114437,10.0
123,4337,114457,20.0
123,4338,114486,29.0
123,4339,114504,18.0
123,4340,114550,46.0
123,4341,114566,16.0
123,4342,114596,30.0
123,4343,114638,42.0
123,4344,114672,34.0
123,4345,114692,20.0
123,4346,114706,14.0
123,4347,114726,20.0
123,4348,114739,13.0
123,4349,114752,13.0
123,4350,114773,21.0
123,4351,114807,34.0
123,4352,114863,56.0
123,4353,114888,25.0
123,4354,114913,25.0
123,4355,114938,25.0
123,4356,114958,20.0
123,4357,114991,33.0
123,4358,115009,18.0
123,4359,115019,10.0
123,4360,115039,20.0
123,4361,115137,98.0
123,4362,115180,43.0
123,4363,115209,29.0
123,4364,115230,21.0
123,4365,115284,54.0
123,4366,115320,36.0
123,4367,115340,20.0
123,4368,115384,44.0
123,4369,115455,71.0
123,4370,115484,29.0
123,4371,115520,36.0
123,4372,115539,19.0
123,4373,115568,29.0
123,4374,115589,21.0
123,4375,115616,27.0
123,4376,115630,14.0
123,4377,115648,18.0
123,4378,115679,31.0
123,4379,115691,12.0
123,4380,115748,57.0
123,4381,115772,24.0
123,4382,115808,36.0
123,4383,115827,19.0
123,4384,115846,19.0
123,4385,115861,15.0
123,4386,115886,25.0
123,4387,115897,11.0
123,4388,115912,15.0
123,4389,115929,17.0
123,4390,115945,16.0
123,4391,115996,51.0
123,4392,116025,29.0
123,4393,116041,16.0
123,4394,116053,12.0
123,4395,116075,22.0
123,4396,116131,56.0
123,4397,116184,53.0
123,4398,116219,35.0
123,4399,116236,17.0
123,4400,116281,45.0
123,4401,116368,87.0
123,4402,116390,22.0
123,4403,116422,32.0
123,4404,116451,29.0
123,4405,116501,50.0
123,4406,116520,19.0
123,4407,116567,47.0
123,4408,116608,41.0
123,4409,116655,47.0
123,4410,116694,39.0
123,4411,116732,38.0
123,4412,116772,40.0
123,4413,116820,48.0
123,4414,116835,15.0
123,4415,116851,16.0
123,4416,116888,37.0
123,4417,116901,13.0
123,4418,116917,16.0
123,4419,116970,53.0
123,4420,117037,67.0
123,4421,117108,71.0
123,4422,117129,21.0
123,4423,117155,26.0
123,4424,117211,56.0
123,4425,117245,34.0
123,4426,117261,16.0
123,4427,117282,21.0
123,4428,117307,25.0
123,4429,117345,38.0
123,4430,117367,22.0
123,4431,117386,19.0
123,4432,117411,25.0
123,4433,117440,29.0
123,4434,117491,51.0
123,4435,117520,29.0
123,4436,117547,27.0
123,4437,117576,29.0
123,4438,117609,33.0
123,4439,117625,16.0
123,4440,117679,54.0
123,4441,117699,20.0
123,4442,117726,27.0
123,4443,117743,17.0
123,4444,117768,25.0
123,4445,117808,40.0
123,4446,117821,13.0
123,4447,117845,24.0
123,4448,117859,14.0
123,4449,117871,12.0
123,4450,117894,23.0
123,4451,117962,68.0
123,4452,117998,36.0
123,4453,118017,19.0
123,4454,118031,14.0
123,4455,118050,19.0
123,4456,118071,21.0
123,4457,118092,21.0
123,4458,118109,17.0
123,4459,118119,10.0
123,4460,118140,21.0
123,4461,118160,20.0
123,4462,118188,28.0
123,4463,118202,14.0
123,4464,118226,24.0
123,4465,118247,21.0
123,4466,118285,38.0
123,4467,118302,17.0
123,4468,118318,16.0
123,4469,118327,9.0
123,4470,118366,39.0
123,4471,118382,16.0
123,4472,118486,104.0
123,4473,118510,24.0
123,4474,118550,40.0
123,4475,118563,13.0
123,4476,118612,49.0
123,4477,118640,28.0
123,4478,118658,18.0
123,4479,118678,20.0
123,4480,118691,13.0
123,4481,118749,58.0
123,4482,118765,16.0
123,4483,118780,15.0
123,4484,118799,19.0
123,4485,118865,66.0
123,4486,118882,17.0
123,4487,118901,19.0
123,4488,118926,25.0
123,4489,118942,16.0
123,4490,118957,15.0
123,4491,119013,56.0
123,4492,119078,65.0
123,4493,119088,10.0
123,4494,119097,9.0
123,4495,119129,32.0
123,4496,119147,18.0
123,4497,119169,22.0
123,4498,119185,16.0
123,4499,119229,44.0
123,4500,119244,15.0
123,4501,119268,24.0
123,4502,119287,19.0
123,4503,119307,20.0
123,4504,119338,31.0
123,4505,119353,15.0
123,4506,119387,34.0
123,4507,119408,21.0
123,4508,119425,17.0
123,4509,119460,35.0
123,4510,119476,16.0
123,4511,119499,23.0
123,4512,119514,15.0
123,4513,119555,41.0
123,4514,119575,20.0
123,4515,119614,39.0
123,4516,119663,49.0
123,4517,119683,20.0
123,4518,119707,24.0
123,4519,119736,29.0
123,4520,119756,20.0
123,4521,119799,43.0
123,4522,119845,46.0
123,4523,119864,19.0
123,4524,119884,20.0
123,4525,119925,41.0
123,4526,119957,32.0
123,4527,119971,14.0
123,4528,120022,51.0
123,4529,120111,89.0
123,4530,120135,24.0
123,4531,120173,38.0
123,4532,120196,23.0
123,4533,120210,14.0
123,4534,120238,28.0
123,4535,120257,19.0
123,4536,120268,11.0
123,4537,120317,49.0
123,4538,120343,26.0
123,4539,120397,54.0
123,4540,120432,35.0
123,4541,120488,56.0
123,4542,120509,21.0
123,4543,120528,19.0
123,4544,120554,26.0
123,4545,120571,17.0
123,4546,120586,15.0
123,4547,120628,42.0
123,4548,120655,27.0
123,4549,120674,19.0
123,4550,120738,64.0
123,4551,120778,40.0
123,4552,120819,41.0
123,4553,120865,46.0
123,4554,120891,26.0
123,4555,120904,13.0
123,4556,120945,41.0
123,4557,120972,27.0
123,4558,121009,37.0
123,4559,121039,30.0
123,4560,121058,19.0
123,4561,121084,26.0
123,4562,121107,23.0
123,4563,121122,15.0
123,4564,121155,33.0
123,4565,121240,85.0
123,4566,121256,16.0
123,4567,121286,30.0
123,4568,121304,18.0
123,4569,121350,46.0
123,4570,121425,75.0
123,4571,121453,28.0
123,4572,121491,38.0
123,4573,121549,58.0
123,4574,121598,49.0
123,4575,121642,44.0
123,4576,121660,18.0
123,4577,121731,71.0
123,4578,121749,18.0
123,4579,121766,17.0
123,4580,121809,43.0
123,4581,121823,14.0
123,4582,121892,69.0
123,4583,121903,11.0
123,4584,121952,49.0
123,4585,121985,33.0
123,4586,122008,23.0
123,4587,122036,28.0
123,4588,122055,19.0
123,4589,122083,28.0
123,4590,122093,10.0
123,4591,122104,11.0
123,4592,122119,15.0
123,4593,122138,19.0
123,4594,122152,14.0
123,4595,122198,46.0
123,4596,122227,29.0
123,4597,122281,54.0
123,4598,122292,11.0
123,4599,122306,14.0
123,4600,122325,19.0
123,4601,122344,19.0
123,4602,122360,16.0
123,4603,122448,88.0
123,4604,122482,34.0
123,4605,122497,15.0
123,4606,122513,16.0
123,4607,122531,18.0
123,4608,122594,63.0
123,4609,122609,15.0
123,4610,122637,28.0
123,4611,122668,31.0
123,4612,122682,14.0
123,4613,122743,61.0
123,4614,122759,16.0
123,4615,122809,50.0
123,4616,122822,13.0
123,4617,122837,15.0
123,4618,122866,29.0
123,4619,122906,40.0
123,4620,122956,50.0
123,4621,122968,12.0
123,4622,122993,25.0
123,4623,123008,15.0
123,4624,123025,17.0
123,4625,123064,39.0
123,4626,123090,26.0
123,4627,123158,68.0
123,4628,123187,29.0
123,4629,123209,22.0
123,4630,123251,42.0
123,4631,123291,40.0
123,4632,123310,19.0
123,4633,123348,38.0
123,4634,123373,25.0
123,4635,123403,30.0
123,4636,123445,42.0
123,4637,123461,16.0
123,4638,123477,16.0
123,4639,123495,18.0
123,4640,123532,37.0
123,4641,123555,23.0
123,4642,123578,23.0
123,4643,123610,32.0
123,4644,123643,33.0
123,4645,123693,50.0
123,4646,123767,74.0
123,4647,123811,44.0
123,4648,123883,72.0
123,4649,123893,10.0
123,4650,123921,28.0
123,4651,123950,29.0
123,4652,123971,21.0
123,4653,123985,14.0
123,4654,123998,13.0
123,4655,124033,35.0
123,4656,124069,36.0
123,4657,124094,25.0
123,4658,124179,85.0
123,4659,124228,49.0
123,4660,124267,39.0
123,4661,124289,22.0
123,4662,124347,58.0
123,4663,124360,13.0
123,4664,124386,26.0
123,4665,124413,27.0
123,4666,124447,34.0
123,4667,124464,17.0
123,4668,124556,92.0
123,4669,124583,27.0
123,4670,124632,49.0
123,4671,124655,23.0
123,4672,124686,31.0
123,4673,124712,26.0
123,4674,124749,37.0
123,4675,124765,16.0
123,4676,124779,14.0
123,4677,124808,29.0
123,4678,124821,13.0
123,4679,124908,87.0
123,4680,124925,17.0
123,4681,124955,30.0
123,4682,125015,60.0
123,4683,125036,21.0
123,4684,125050,14.0
123,4685,125088,38.0
123,4686,125114,26.0
123,4687,125163,49.0
123,4688,125184,21.0
123,4689,125206,22.0
123,4690,125227,21.0
123,4691,125250,23.0
123,4692,125284,34.0
123,4693,125315,31.0
123,4694,125348,33.0
123,4695,125386,38.0
123,4696,125403,17.0
123,4697,125423,20.0
123,4698,125440,17.0
123,4699,125456,16.0
123,4700,125468,12.0
123,4701,125481,13.0
123,4702,125495,14.0
123,4703,125539,44.0
123,4704,125552,13.0
123,4705,125586,34.0
123,4706,125612,26.0
123,4707,125630,18.0
123,4708,125649,19.0
123,4709,125663,14.0
123,4710,125679,16.0
123,4711,125719,40.0
123,4712,125755,36.0
123,4713,125795,40.0
123,4714,125819,24.0
123,4715,125833,14.0
123,4716,125847,14.0
123,4717,125881,34.0
123,4718,125900,19.0
123,4719,125913,13.0
123,4720,125981,68.0
123,4721,126017,36.0
123,4722,126098,81.0
123,4723,126155,57.0
123,4724,126203,48.0
123,4725,126214,11.0
123,4726,126261,47.0
123,4727,126274,13.0
123,4728,126303,29.0
123,4729,126356,53.0
123,4730,126421,65.0
123,4731,126437,16.0
123,4732,126454,17.0
123,4733,126482,28.0
123,4734,126534,52.0
123,4735,126558,24.0
123,4736,126597,39.0
123,4737,126629,32.0
123,4738,126640,11.0
123,4739,126656,16.0
123,4740,126761,105.0
123,4741,126824,63.0
123,4742,126859,35.0
123,4743,126944,85.0
123,4744,126982,38.0
123,4745,127006,24.0
123,4746,127029,23.0
123,4747,127084,55.0
123,4748,127114,30.0
123,4749,127143,29.0
123,4750,127183,40.0
123,4751,127198,15.0
123,4752,127228,30.0
123,4753,127285,57.0
123,4754,127324,39.0
123,4755,127366,42.0
123,4756,127410,44.0
123,4757,127439,29.0
123,4758,127481,42.0
123,4759,127499,18.0
123,4760,127534,35.0
123,4761,127583,49.0
123,4762,127604,21.0
123,4763,127668,64.0
123,4764,127725,57.0
123,4765,127749,24.0
123,4766,127781,32.0
123,4767,127814,33.0
123,4768,127825,11.0
123,4769,127852,27.0
123,4770,127916,64.0
123,4771,127949,33.0
123,4772,127969,20.0
123,4773,128023,54.0
123,4774,128048,25.0
123,4775,128085,37.0
123,4776,128223,138.0
123,4777,128242,19.0
123,4778,128268,26.0
123,4779,128296,28.0
123,4780,128334,38.0
123,4781,128365,31.0
123,4782,128384,19.0
123,4783,128404,20.0
123,4784,128436,32.0
123,4785,128483,47.0
123,4786,128501,18.0
123,4787,128523,22.0
123,4788,128548,25.0
123,4789,128608,60.0
123,4790,128629,21.0
123,4791,128668,39.0
123,4792,128691,23.0
123,4793,128705,14.0
123,4794,128729,24.0
123,4795,128740,11.0
123,4796,128769,29.0
123,4797,128825,56.0
123,4798,128837,12.0
123,4799,128868,31.0
123,4800,128939,71.0
123,4801,128962,23.0
123,4802,128989,27.0
123,4803,129002,13.0
123,4804,129046,44.0
123,4805,129070,24.0
123,4806,129106,36.0
123,4807,129124,18.0
123,4808,129147,23.0
123,4809,129167,20.0
123,4810,129209,42.0
123,4811,129233,24.0
123,4812,129249,16.0
123,4813,129289,40.0
123,4814,129362,73.0
123,4815,129389,27.0
123,4816,129416,27.0
123,4817,129443,27.0
123,4818,129468,25.0
123,4819,129503,35.0
123,4820,129529,26.0
123,4821,129548,19.0
123,4822,129563,15.0
123,4823,129602,39.0
123,4824,129628,26.0
123,4825,129656,28.0
123,4826,129696,40.0
123,4827,129769,73.0
123,4828,129784,15.0
123,4829,129803,19.0
123,4830,129846,43.0
123,4831,129862,16.0
123,4832,129874,12.0
123,4833,129912,38.0
123,4834,129973,61.0
123,4835,130023,50.0
123,4836,130044,21.0
123,4837,130091,47.0
123,4838,130145,54.0
123,4839,130181,36.0
123,4840,130201,20.0
123,4841,130252,51.0
123,4842,130314,62.0
123,4843,130363,49.0
123,4844,130385,22.0
123,4845,130418,33.0
123,4846,130432,14.0
123,4847,130446,14.0
123,4848,130464,18.0
123,4849,130475,11.0
123,4850,130487,12.0
123,4851,130500,13.0
123,4852,130514,14.0
123,4853,130533,19.0
123,4854,130574,41.0
123,4855,130601,27.0
123,4856,130626,25.0
123,4857,130683,57.0
123,4858,130708,25.0
123,4859,130728,20.0
123,4860,130771,43.0
123,4861,130798,27.0
123,4862,130820,22.0
123,4863,130834,14.0
123,4864,130871,37.0
123,4865,130895,24.0
123,4866,130909,14.0
123,4867,130960,51.0
123,4868,130979,19.0
123,4869,131008,29.0
123,4870,131057,49.0
123,4871,131084,27.0
123,4872,131111,27.0
123,4873,131141,30.0
123,4874,131154,13.0
123,4875,131173,19.0
123,4876,131218,45.0
123,4877,131238,20.0
123,4878,131256,18.0
123,4879,131326,70.0
123,4880,131341,15.0
123,4881,131363,22.0
123,4882,131420,57.0
123,4883,131453,33.0
123,4884,131513,60.0
123,4885,131541,28.0
123,4886,131621,80.0
123,4887,131637,16.0
123,4888,131705,68.0
123,4889,131732,27.0
123,4890,131791,59.0
123,4891,131851,60.0
123,4892,131868,17.0
123,4893,131883,15.0
123,4894,131934,51.0
123,4895,131975,41.0
123,4896,132000,25.0
123,4897,132036,36.0
123,4898,132083,47.0
123,4899,132123,40.0
123,4900,132152,29.0
123,4901,132173,21.0
123,4902,132223,50.0
123,4903,132240,17.0
123,4904,132280,40.0
123,4905,132306,26.0
123,4906,132320,14.0
123,4907,132334,14.0
123,4908,132370,36.0
123,4909,132386,16.0
123,4910,132412,26.0
123,4911,132437,25.0
123,4912,132483,46.0
123,4913,132528,45.0
123,4914,132559,31.0
123,4915,132583,24.0
123,4916,132615,32.0
123,4917,132637,22.0
123,4918,132649,12.0
123,4919,132666,17.0
123,4920,132677,11.0
123,4921,132697,20.0
123,4922,132714,17.0
123,4923,132743,29.0
123,4924,132757,14.0
123,4925,132810,53.0
123,4926,132839,29.0
123,4927,132852,13.0
123,4928,132909,57.0
123,4929,132925,16.0
123,4930,132994,69.0
123,4931,133019,25.0
123,4932,133067,48.0
123,4933,133130,63.0
123,4934,133160,30.0
123,4935,133234,74.0
123,4936,133265,31.0
123,4937,133295,30.0
123,4938,133312,17.0
123,4939,133339,27.0
123,4940,133375,36.0
123,4941,133411,36.0
123,4942,133512,101.0
123,4943,133540,28.0
123,4944,133575,35.0
123,4945,133629,54.0
123,4946,133657,28.0
123,4947,133669,12.0
123,4948,133700,31.0
123,4949,133734,34.0
123,4950,133784,50.0
123,4951,133824,40.0
123,4952,133860,36.0
123,4953,133943,83.0
123,4954,133978,35.0
123,4955,134020,42.0
123,4956,134082,62.0
123,4957,134125,43.0
123,4958,134160,35.0
123,4959,134184,24.0
123,4960,134228,44.0
123,4961,134241,13.0
123,4962,134275,34.0
123,4963,134313,38.0
123,4964,134369,56.0
123,4965,134382,13.0
123,4966,134467,85.0
123,4967,134538,71.0
123,4968,134554,16.0
123,4969,134571,17.0
123,4970,134610,39.0
123,4971,134624,14.0
123,4972,134647,23.0
123,4973,134659,12.0
123,4974,134672,13.0
123,4975,134695,23.0
123,4976,134714,19.0
123,4977,134853,139.0
123,4978,134889,36.0
123,4979,134925,36.0
123,4980,134945,20.0
123,4981,134960,15.0
123,4982,134973,13.0
123,4983,135012,39.0
123,4984,135065,53.0
123,4985,135087,22.0
123,4986,135105,18.0
123,4987,135127,22.0
123,4988,135142,15.0
123,4989,135161,19.0
123,4990,135224,63.0
123,4991,135239,15.0
123,4992,135253,14.0
123,4993,135269,16.0
123,4994,135285,16.0
123,4995,135302,17.0
123,4996,135322,20.0
123,4997,135345,23.0
123,4998,135419,74.0
123,4999,135442,23.0
123,5000,135458,16.0
123,5001,135490,32.0
123,5002,135540,50.0
123,5003,135582,42.0
123,5004,135599,17.0
123,5005,135640,41.0
123,5006,135675,35.0
123,5007,135702,27.0
123,5008,135726,24.0
123,5009,135781,55.0
123,5010,135794,13.0
123,5011,135837,43.0
123,5012,135871,34.0
123,5013,135884,13.0
123,5014,135917,33.0
123,5015,135941,24.0
123,5016,135996,55.0
123,5017,136029,33.0
123,5018,136054,25.0
123,5019,136085,31.0
123,5020,136180,95.0
123,5021,136250,70.0
123,5022,136277,27.0
123,5023,136302,25.0
123,5024,136382,80.0
123,5025,136399,17.0
123,5026,136442,43.0
123,5027,136458,16.0
123,5028,136486,28.0
123,5029,136521,35.0
123,5030,136553,32.0
123,5031,136572,19.0
123,5032,136600,28.0
123,5033,136633,33.0
123,5034,136659,26.0
123,5035,136676,17.0
123,5036,136714,38.0
123,5037,136735,21.0
123,5038,136758,23.0
123,5039,136798,40.0
123,5040,136833,35.0
123,5041,136849,16.0
123,5042,136887,38.0
123,5043,136921,34.0
123,5044,136959,38.0
123,5045,136974,15.0
123,5046,137034,60.0
123,5047,137109,75.0
123,5048,137131,22.0
123,5049,137175,44.0
123,5050,137207,32.0
123,5051,137241,34.0
123,5052,137256,15.0
123,5053,137352,96.0
123,5054,137370,18.0
123,5055,137384,14.0
123,5056,137430,46.0
123,5057,137498,68.0
123,5058,137538,40.0
123,5059,137566,28.0
123,5060,137613,47.0
123,5061,137634,21.0
123,5062,137657,23.0
123,5063,137670,13.0
123,5064,137691,21.0
123,5065,137737,46.0
123,5066,137789,52.0
123,5067,137802,13.0
123,5068,137813,11.0
123,5069,137848,35.0
123,5070,137890,42.0
123,5071,137907,17.0
123,5072,137953,46.0
123,5073,137972,19.0
123,5074,137988,16.0
123,5075,138004,16.0
123,5076,138015,11.0
123,5077,138028,13.0
123,5078,138064,36.0
123,5079,138082,18.0
123,5080,138183,101.0
123,5081,138216,33.0
123,5082,138253,37.0
123,5083,138280,27.0
123,5084,138304,24.0
123,5085,138364,60.0
123,5086,138385,21.0
123,5087,138408,23.0
123,5088,138450,42.0
123,5089,138495,45.0
123,5090,138552,57.0
123,5091,138573,21.0
123,5092,138613,40.0
123,5093,138672,59.0
123,5094,138714,42.0
123,5095,138738,24.0
123,5096,138769,31.0
123,5097,138799,30.0
123,5098,138856,57.0
123,5099,138930,74.0
123,5100,138955,25.0
123,5101,138991,36.0
123,5102,139014,23.0
123,5103,139031,17.0
123,5104,139085,54.0
123,5105,139107,22.0
123,5106,139153,46.0
123,5107,139234,81.0
123,5108,139247,13.0
123,5109,139295,48.0
123,5110,139330,35.0
123,5111,139364,34.0
123,5112,139455,91.0
123,5113,139537,82.0
123,5114,139573,36.0
123,5115,139620,47.0
123,5116,139639,19.0
123,5117,139683,44.0
123,5118,139710,27.0
123,5119,139732,22.0
123,5120,139763,31.0
123,5121,139848,85.0
123,5122,139858,10.0
123,5123,139890,32.0
123,5124,139914,24.0
123,5125,139937,23.0
123,5126,139965,28.0
123,5127,140006,41.0
123,5128,140055,49.0
123,5129,140077,22.0
123,5130,140101,24.0
123,5131,140114,13.0
123,5132,140151,37.0
123,5133,140176,25.0
123,5134,140220,44.0
123,5135,140323,103.0
123,5136,140410,87.0
123,5137,140437,27.0
123,5138,140493,56.0
123,5139,140535,42.0
123,5140,140596,61.0
123,5141,140610,14.0
123,5142,140626,16.0
123,5143,140656,30.0
123,5144,140674,18.0
123,5145,140706,32.0
123,5146,140724,18.0
123,5147,140771,47.0
123,5148,140840,69.0
123,5149,140918,78.0
123,5150,140948,30.0
123,5151,141000,52.0
123,5152,141022,22.0
123,5153,141055,33.0
123,5154,141126,71.0
123,5155,141151,25.0
123,5156,141198,47.0
123,5157,141249,51.0
123,5158,141272,23.0
123,5159,141289,17.0
123,5160,141306,17.0
123,5161,141357,51.0
123,5162,141391,34.0
123,5163,141426,35.0
123,5164,141444,18.0
123,5165,141477,33.0
123,5166,141493,16.0
123,5167,141508,15.0
123,5168,141571,63.0
123,5169,141675,104.0
123,5170,141717,42.0
123,5171,141766,49.0
123,5172,141839,73.0
123,5173,141854,15.0
123,5174,141877,23.0
123,5175,141898,21.0
123,5176,141915,17.0
123,5177,141941,26.0
123,5178,141952,11.0
123,5179,141984,32.0
123,5180,142023,39.0
123,5181,142037,14.0
123,5182,142076,39.0
123,5183,142092,16.0
123,5184,142115,23.0
123,5185,142135,20.0
123,5186,142170,35.0
123,5187,142223,53.0
123,5188,142275,52.0
123,5189,142307,32.0
123,5190,142370,63.0
123,5191,142398,28.0
123,5192,142425,27.0
123,5193,142448,23.0
123,5194,142468,20.0
123,5195,142491,23.0
123,5196,142528,37.0
123,5197,142572,44.0
123,5198,142602,30.0
123,5199,142640,38.0
123,5200,142669,29.0
123,5201,142683,14.0
123,5202,142715,32.0
123,5203,142741,26.0
123,5204,142775,34.0
123,5205,142794,19.0
123,5206,142816,22.0
123,5207,142837,21.0
123,5208,142906,69.0
123,5209,142950,44.0
123,5210,142983,33.0
123,5211,143075,92.0
123,5212,143092,17.0
123,5213,143148,56.0
123,5214,143175,27.0
123,5215,143208,33.0
123,5216,143230,22.0
123,5217,143312,82.0
123,5218,143326,14.0
123,5219,143371,45.0
123,5220,143392,21.0
123,5221,143423,31.0
123,5222,143439,16.0
123,5223,143455,16.0
123,5224,143479,24.0
123,5225,143518,39.0
123,5226,143533,15.0
123,5227,143555,22.0
123,5228,143583,28.0
123,5229,143615,32.0
123,5230,143671,56.0
123,5231,143691,20.0
123,5232,143709,18.0
123,5233,143764,55.0
123,5234,143781,17.0
123,5235,143818,37.0
123,5236,143847,29.0
123,5237,143862,15.0
123,5238,143890,28.0
123,5239,144004,114.0
123,5240,144030,26.0
123,5241,144054,24.0
123,5242,144064,10.0
123,5243,144087,23.0
123,5244,144109,22.0
123,5245,144126,17.0
123,5246,144153,27.0
123,5247,144173,20.0
123,5248,144200,27.0
123,5249,144229,29.0
123,5250,144267,38.0
123,5251,144284,17.0
123,5252,144317,33.0
123,5253,144339,22.0
123,5254,144364,25.0
123,5255,144375,11.0
123,5256,144427,52.0
123,5257,144482,55.0
123,5258,144524,42.0
123,5259,144534,10.0
123,5260,144562,28.0
123,5261,144604,42.0
123,5262,144625,21.0
123,5263,144661,36.0
123,5264,144688,27.0
123,5265,144704,16.0
123,5266,144721,17.0
123,5267,144743,22.0
123,5268,144765,22.0
123,5269,144792,27.0
123,5270,144807,15.0
123,5271,144839,32.0
123,5272,144848,9.0
123,5273,144888,40.0
123,5274,144909,21.0
123,5275,144941,32.0
123,5276,144968,27.0
123,5277,145009,41.0
123,5278,145053,44.0
123,5279,145077,24.0
123,5280,145121,44.0
123,5281,145178,57.0
123,5282,145262,84.0
123,5283,145276,14.0
123,5284,145307,31.0
123,5285,145323,16.0
123,5286,145341,18.0
123,5287,145408,67.0
123,5288,145421,13.0
123,5289,145462,41.0
123,5290,145487,25.0
123,5291,145501,14.0
123,5292,145538,37.0
123,5293,145568,30.0
123,5294,145599,31.0
123,5295,145631,32.0
123,5296,145647,16.0
123,5297,145695,48.0
123,5298,145748,53.0
123,5299,145779,31.0
123,5300,145821,42.0
123,5301,145844,23.0
123,5302,145866,22.0
123,5303,145891,25.0
123,5304,145905,14.0
123,5305,145938,33.0
123,5306,145966,28.0
123,5307,145978,12.0
123,5308,145997,19.0
123,5309,146032,35.0
123,5310,146068,36.0
123,5311,146082,14.0
123,5312,146104,22.0
123,5313,146122,18.0
123,5314,146133,11.0
123,5315,146155,22.0
123,5316,146182,27.0
123,5317,146203,21.0
123,5318,146212,9.0
123,5319,146225,13.0
123,5320,146253,28.0
123,5321,146281,28.0
123,5322,146313,32.0
123,5323,146357,44.0
123,5324,146374,17.0
123,5325,146447,73.0
123,5326,146460,13.0
123,5327,146506,46.0
123,5328,146525,19.0
123,5329,146572,47.0
123,5330,146607,35.0
123,5331,146621,14.0
123,5332,146645,24.0
123,5333,146660,15.0
123,5334,146675,15.0
123,5335,146718,43.0
123,5336,146734,16.0
123,5337,146801,67.0
123,5338,146832,31.0
123,5339,146883,51.0
123,5340,146898,15.0
123,5341,146923,25.0
123,5342,146935,12.0
123,5343,146974,39.0
123,5344,146994,20.0
123,5345,147012,18.0
123,5346,147040,28.0
123,5347,147063,23.0
123,5348,147122,59.0
123,5349,147138,16.0
123,5350,147185,47.0
123,5351,147243,58.0
123,5352,147266,23.0
123,5353,147280,14.0
123,5354,147352,72.0
123,5355,147386,34.0
123,5356,147402,16.0
123,5357,147467,65.0
123,5358,147482,15.0
123,5359,147504,22.0
123,5360,147529,25.0
123,5361,147548,19.0
123,5362,147577,29.0
123,5363,147605,28.0
123,5364,147617,12.0
123,5365,147671,54.0
123,5366,147688,17.0
123,5367,147708,20.0
123,5368,147773,65.0
123,5369,147818,45.0
123,5370,147858,40.0
123,5371,147874,16.0
123,5372,147892,18.0
123,5373,147928,36.0
123,5374,147972,44.0
123,5375,148019,47.0
123,5376,148032,13.0
123,5377,148050,18.0
123,5378,148078,28.0
123,5379,148118,40.0
123,5380,148161,43.0
123,5381,148180,19.0
123,5382,148204,24.0
123,5383,148229,25.0
123,5384,148250,21.0
123,5385,148273,23.0
123,5386,148302,29.0
123,5387,148390,88.0
123,5388,148491,101.0
123,5389,148539,48.0
123,5390,148581,42.0
123,5391,148662,81.0
123,5392,148678,16.0
123,5393,148694,16.0
123,5394,148726,32.0
123,5395,148792,66.0
123,5396,148823,31.0
123,5397,148847,24.0
123,5398,148875,28.0
123,5399,148901,26.0
123,5400,148929,28.0
123,5401,148945,16.0
123,5402,149044,99.0
123,5403,149069,25.0
123,5404,149093,24.0
123,5405,149138,45.0
123,5406,149169,31.0
123,5407,149191,22.0
123,5408,149280,89.0
123,5409,149342,62.0
123,5410,149383,41.0
123,5411,149412,29.0
123,5412,149492,80.0
123,5413,149542,50.0
123,5414,149553,11.0
123,5415,149584,31.0
123,5416,149618,34.0
123,5417,149645,27.0
123,5418,149668,23.0
123,5419,149690,22.0
123,5420,149712,22.0
123,5421,149730,18.0
123,5422,149774,44.0
123,5423,149837,63.0
123,5424,149860,23.0
123,5425,149891,31.0
123,5426,149952,61.0
123,5427,150080,128.0
