seed,episode,total_steps,return
777,1,29,29.0
777,2,62,33.0
777,3,82,20.0
777,4,113,31.0
777,5,186,73.0
777,6,213,27.0
777,7,231,18.0
777,8,243,12.0
777,9,264,21.0
777,10,298,34.0
777,11,372,74.0
777,12,413,41.0
777,13,433,20.0
777,14,444,11.0
777,15,479,35.0
777,16,506,27.0
777,17,537,31.0
777,18,549,12.0
777,19,585,36.0
777,20,603,18.0
777,21,629,26.0
777,22,642,13.0
777,23,658,16.0
777,24,669,11.0
777,25,701,32.0
777,26,733,32.0
777,27,742,9.0
777,28,759,17.0
777,29,774,15.0
777,30,807,33.0
777,31,834,27.0
777,32,847,13.0
777,33,868,21.0
777,34,883,15.0
777,35,893,10.0
777,36,905,12.0
777,37,932,27.0
777,38,964,32.0
777,39,981,17.0
777,40,997,16.0
777,41,1046,49.0
777,42,1067,21.0
777,43,1089,22.0
777,44,1111,22.0
777,45,1127,16.0
777,46,1188,61.0
777,47,1207,19.0
777,48,1223,16.0
777,49,1238,15.0
777,50,1255,17.0
777,51,1278,23.0
777,52,1289,11.0
777,53,1326,37.0
777,54,1345,19.0
777,55,1355,10.0
777,56,1381,26.0
777,57,1399,18.0
777,58,1419,20.0
777,59,1441,22.0
777,60,1471,30.0
777,61,1486,15.0
777,62,1516,30.0
777,63,1544,28.0
777,64,1558,14.0
777,65,1575,17.0
777,66,1593,18.0
777,67,1612,19.0
777,68,1625,13.0
777,69,1639,14.0
777,70,1658,19.0
777,71,1673,15.0
777,72,1695,22.0
777,73,1705,10.0
777,74,1718,13.0
777,75,1735,17.0
777,76,1748,13.0
777,77,1768,20.0
777,78,1779,11.0
777,79,1803,24.0
777,80,1822,19.0
777,81,1866,44.0
777,82,1878,12.0
777,83,1895,17.0
777,84,1927,32.0
777,85,1936,9.0
777,86,1948,12.0
777,87,1986,38.0
777,88,2003,17.0
777,89,2015,12.0
777,90,2025,10.0
777,91,2041,16.0
777,92,2058,17.0
777,93,2071,13.0
777,94,2111,40.0
777,95,2126,15.0
777,96,2160,34.0
777,97,2177,17.0
777,98,2196,19.0
777,99,2214,18.0
777,100,2230,16.0
777,101,2257,27.0
777,102,2276,19.0
777,103,2294,18.0
777,104,2304,10.0
777,105,2326,22.0
777,106,2336,10.0
777,107,2354,18.0
777,108,2395,41.0
777,109,2425,30.0
777,110,2441,16.0
777,111,2452,11.0
777,112,2470,18.0
777,113,2489,19.0
777,114,2528,39.0
777,115,2548,20.0
777,116,2556,8.0
777,117,2578,22.0
777,118,2589,11.0
777,119,2602,13.0
777,120,2632,30.0
777,121,2649,17.0
777,122,2667,18.0
777,123,2690,23.0
777,124,2728,38.0
777,125,2738,10.0
777,126,2754,16.0
777,127,2776,22.0
777,128,2806,30.0
777,129,2824,18.0
777,130,2851,27.0
777,131,2882,31.0
777,132,2906,24.0
777,133,2941,35.0
777,134,2962,21.0
777,135,3081,119.0
777,136,3115,34.0
777,137,3125,10.0
777,138,3140,15.0
777,139,3156,16.0
777,140,3180,24.0
777,141,3193,13.0
777,142,3205,12.0
777,143,3219,14.0
777,144,3231,12.0
777,145,3248,17.0
777,146,3293,45.0
777,147,3310,17.0
777,148,3334,24.0
777,149,3352,18.0
777,150,3389,37.0
777,151,3413,24.0
777,152,3438,25.0
777,153,3461,23.0
777,154,3474,13.0
777,155,3491,17.0
777,156,3512,21.0
777,157,3534,22.0
777,158,3555,21.0
777,159,3574,19.0
777,160,3591,17.0
777,161,3650,59.0
777,162,3671,21.0
777,163,3700,29.0
777,164,3714,14.0
777,165,3726,12.0
777,166,3767,41.0
777,167,3808,41.0
777,168,3820,12.0
777,169,3832,12.0
777,170,3846,14.0
777,171,3867,21.0
777,172,3883,16.0
777,173,3898,15.0
777,174,3908,10.0
777,175,3919,11.0
777,176,3946,27.0
777,177,3970,24.0
777,178,3980,10.0
777,179,4000,20.0
777,180,4026,26.0
777,181,4062,36.0
777,182,4076,14.0
777,183,4098,22.0
777,184,4117,19.0
777,185,4131,14.0
777,186,4149,18.0
777,187,4170,21.0
777,188,4192,22.0
777,189,4205,13.0
777,190,4216,11.0
777,191,4242,26.0
777,192,4260,18.0
777,193,4278,18.0
777,194,4288,10.0
777,195,4331,43.0
777,196,4344,13.0
777,197,4389,45.0
777,198,4410,21.0
777,199,4447,37.0
777,200,4468,21.0
777,201,4486,18.0
777,202,4496,10.0
777,203,4512,16.0
777,204,4530,18.0
777,205,4560,30.0
777,206,4570,10.0
777,207,4586,16.0
777,208,4602,16.0
777,209,4633,31.0
777,210,4648,15.0
777,211,4660,12.0
777,212,4674,14.0
777,213,4699,25.0
777,214,4707,8.0
777,215,4722,15.0
777,216,4734,12.0
777,217,4763,29.0
777,218,4786,23.0
777,219,4797,11.0
777,220,4821,24.0
777,221,4836,15.0
777,222,4852,16.0
777,223,4861,9.0
777,224,4917,56.0
777,225,4928,11.0
777,226,4954,26.0
777,227,4971,17.0
777,228,4985,14.0
777,229,4998,13.0
777,230,5035,37.0
777,231,5050,15.0
777,232,5063,13.0
777,233,5076,13.0
777,234,5097,21.0
777,235,5111,14.0
777,236,5123,12.0
777,237,5137,14.0
777,238,5149,12.0
777,239,5186,37.0
777,240,5209,23.0
777,241,5248,39.0
777,242,5271,23.0
777,243,5286,15.0
777,244,5298,12.0
777,245,5318,20.0
777,246,5331,13.0
777,247,5342,11.0
777,248,5358,16.0
777,249,5371,13.0
777,250,5390,19.0
777,251,5402,12.0
777,252,5414,12.0
777,253,5434,20.0
777,254,5485,51.0
777,255,5498,13.0
777,256,5516,18.0
777,257,5538,22.0
777,258,5569,31.0
777,259,5619,50.0
777,260,5635,16.0
777,261,5655,20.0
777,262,5670,15.0
777,263,5680,10.0
777,264,5705,25.0
777,265,5716,11.0
777,266,5734,18.0
777,267,5746,12.0
777,268,5760,14.0
777,269,5775,15.0
777,270,5813,38.0
777,271,5839,26.0
777,272,5854,15.0
777,273,5864,10.0
777,274,5875,11.0
777,275,5885,10.0
777,276,5913,28.0
777,277,5926,13.0
777,278,5937,11.0
777,279,5948,11.0
777,280,5957,9.0
777,281,5978,21.0
777,282,6020,42.0
777,283,6035,15.0
777,284,6054,19.0
777,285,6066,12.0
777,286,6078,12.0
777,287,6090,12.0
777,288,6110,20.0
777,289,6131,21.0
777,290,6146,15.0
777,291,6177,31.0
777,292,6197,20.0
777,293,6211,14.0
777,294,6231,20.0
777,295,6249,18.0
777,296,6263,14.0
777,297,6279,16.0
777,298,6293,14.0
777,299,6323,30.0
777,300,6359,36.0
777,301,6370,11.0
777,302,6388,18.0
777,303,6411,23.0
777,304,6426,15.0
777,305,6435,9.0
777,306,6469,34.0
777,307,6483,14.0
777,308,6519,36.0
777,309,6540,21.0
777,310,6569,29.0
777,311,6580,11.0
777,312,6594,14.0
777,313,6607,13.0
777,314,6619,12.0
777,315,6645,26.0
777,316,6657,12.0
777,317,6681,24.0
777,318,6698,17.0
777,319,6710,12.0
777,320,6733,23.0
777,321,6765,32.0
777,322,6798,33.0
777,323,6828,30.0
777,324,6847,19.0
777,325,6860,13.0
777,326,6912,52.0
777,327,6937,25.0
777,328,6951,14.0
777,329,6978,27.0
777,330,6989,11.0
777,331,7005,16.0
777,332,7018,13.0
777,333,7029,11.0
777,334,7043,14.0
777,335,7054,11.0
777,336,7085,31.0
777,337,7113,28.0
777,338,7155,42.0
777,339,7171,16.0
777,340,7191,20.0
777,341,7200,9.0
777,342,7220,20.0
777,343,7234,14.0
777,344,7260,26.0
777,345,7277,17.0
777,346,7288,11.0
777,347,7297,9.0
777,348,7314,17.0
777,349,7332,18.0
777,350,7354,22.0
777,351,7367,13.0
777,352,7379,12.0
777,353,7396,17.0
777,354,7424,28.0
777,355,7470,46.0
777,356,7480,10.0
777,357,7508,28.0
777,358,7518,10.0
777,359,7565,47.0
777,360,7587,22.0
777,361,7600,13.0
777,362,7610,10.0
777,363,7629,19.0
777,364,7647,18.0
777,365,7661,14.0
777,366,7682,21.0
777,367,7714,32.0
777,368,7725,11.0
777,369,7740,15.0
777,370,7750,10.0
777,371,7762,12.0
777,372,7804,42.0
777,373,7819,15.0
777,374,7831,12.0
777,375,7853,22.0
777,376,7874,21.0
777,377,7886,12.0
777,378,7904,18.0
777,379,7920,16.0
777,380,7947,27.0
777,381,7966,19.0
777,382,7992,26.0
777,383,8022,30.0
777,384,8069,47.0
777,385,8081,12.0
777,386,8099,18.0
777,387,8110,11.0
777,388,8142,32.0
777,389,8180,38.0
777,390,8205,25.0
777,391,8228,23.0
777,392,8248,20.0
777,393,8277,29.0
777,394,8300,23.0
777,395,8336,36.0
777,396,8357,21.0
777,397,8385,28.0
777,398,8410,25.0
777,399,8424,14.0
777,400,8439,15.0
777,401,8448,9.0
777,402,8464,16.0
777,403,8489,25.0
777,404,8503,14.0
777,405,8533,30.0
777,406,8550,17.0
777,407,8595,45.0
777,408,8609,14.0
777,409,8623,14.0
777,410,8646,23.0
777,411,8685,39.0
777,412,8706,21.0
777,413,8725,19.0
777,414,8737,12.0
777,415,8761,24.0
777,416,8777,16.0
777,417,8789,12.0
777,418,8800,11.0
777,419,8847,47.0
777,420,8856,9.0
777,421,8870,14.0
777,422,8885,15.0
777,423,8898,13.0
777,424,8920,22.0
777,425,8936,16.0
777,426,8953,17.0
777,427,8969,16.0
777,428,8982,13.0
777,429,8998,16.0
777,430,9016,18.0
777,431,9029,13.0
777,432,9050,21.0
777,433,9066,16.0
777,434,9097,31.0
777,435,9115,18.0
777,436,9146,31.0
777,437,9164,18.0
777,438,9178,14.0
777,439,9197,19.0
777,440,9207,10.0
777,441,9221,14.0
777,442,9243,22.0
777,443,9268,25.0
777,444,9297,29.0
777,445,9326,29.0
777,446,9338,12.0
777,447,9347,9.0
777,448,9357,10.0
777,449,9374,17.0
777,450,9389,15.0
777,451,9409,20.0
777,452,9432,23.0
777,453,9446,14.0
777,454,9458,12.0
777,455,9471,13.0
777,456,9498,27.0
777,457,9512,14.0
777,458,9524,12.0
777,459,9541,17.0
777,460,9554,13.0
777,461,9574,20.0
777,462,9592,18.0
777,463,9629,37.0
777,464,9649,20.0
777,465,9666,17.0
777,466,9696,30.0
777,467,9725,29.0
777,468,9741,16.0
777,469,9773,32.0
777,470,9801,28.0
777,471,9817,16.0
777,472,9858,41.0
777,473,9872,14.0
777,474,9885,13.0
777,475,9916,31.0
777,476,9932,16.0
777,477,9942,10.0
777,478,9955,13.0
777,479,9966,11.0
777,480,9976,10.0
777,481,9990,14.0
777,482,10001,11.0
777,483,10019,18.0
777,484,10036,17.0
777,485,10074,38.0
777,486,10101,27.0
777,487,10112,11.0
777,488,10126,14.0
777,489,10141,15.0
777,490,10164,23.0
777,491,10173,9.0
777,492,10193,20.0
777,493,10212,19.0
777,494,10242,30.0
777,495,10269,27.0
777,496,10293,24.0
777,497,10302,9.0
777,498,10313,11.0
777,499,10325,12.0
777,500,10337,12.0
777,501,10346,9.0
777,502,10364,18.0
777,503,10388,24.0
777,504,10401,13.0
777,505,10425,24.0
777,506,10444,19.0
777,507,10452,8.0
777,508,10467,15.0
777,509,10481,14.0
777,510,10491,10.0
777,511,10528,37.0
777,512,10540,12.0
777,513,10554,14.0
777,514,10566,12.0
777,515,10578,12.0
777,516,10592,14.0
777,517,10614,22.0
777,518,10626,12.0
777,519,10668,42.0
777,520,10689,21.0
777,521,10707,18.0
777,522,10723,16.0
777,523,10735,12.0
777,524,10749,14.0
777,525,10771,22.0
777,526,10787,16.0
777,527,10795,8.0
777,528,10818,23.0
777,529,10840,22.0
777,530,10855,15.0
777,531,10885,30.0
777,532,10898,13.0
777,533,10921,23.0
777,534,10935,14.0
777,535,10949,14.0
777,536,10957,8.0
777,537,10976,19.0
777,538,10986,10.0
777,539,11018,32.0
777,540,11058,40.0
777,541,11075,17.0
777,542,11088,13.0
777,543,11102,14.0
777,544,11116,14.0
777,545,11141,25.0
777,546,11158,17.0
777,547,11181,23.0
777,548,11200,19.0
777,549,11213,13.0
777,550,11233,20.0
777,551,11254,21.0
777,552,11267,13.0
777,553,11283,16.0
777,554,11293,10.0
777,555,11307,14.0
777,556,11320,13.0
777,557,11329,9.0
777,558,11343,14.0
777,559,11355,12.0
777,560,11387,32.0
777,561,11404,17.0
777,562,11421,17.0
777,563,11431,10.0
777,564,11442,11.0
777,565,11470,28.0
777,566,11493,23.0
777,567,11522,29.0
777,568,11551,29.0
777,569,11564,13.0
777,570,11583,19.0
777,571,11597,14.0
777,572,11610,13.0
777,573,11638,28.0
777,574,11655,17.0
777,575,11673,18.0
777,576,11708,35.0
777,577,11719,11.0
777,578,11740,21.0
777,579,11776,36.0
777,580,11798,22.0
777,581,11826,28.0
777,582,11845,19.0
777,583,11856,11.0
777,584,11877,21.0
777,585,11890,13.0
777,586,11904,14.0
777,587,11929,25.0
777,588,11938,9.0
777,589,11968,30.0
777,590,11986,18.0
777,591,12008,22.0
777,592,12021,13.0
777,593,12046,25.0
777,594,12059,13.0
777,595,12076,17.0
777,596,12108,32.0
777,597,12144,36.0
777,598,12164,20.0
777,599,12181,17.0
777,600,12194,13.0
777,601,12212,18.0
777,602,12234,22.0
777,603,12249,15.0
777,604,12260,11.0
777,605,12272,12.0
777,606,12284,12.0
777,607,12300,16.0
777,608,12333,33.0
777,609,12362,29.0
777,610,12374,12.0
777,611,12383,9.0
777,612,12394,11.0
777,613,12406,12.0
777,614,12421,15.0
777,615,12439,18.0
777,616,12459,20.0
777,617,12480,21.0
777,618,12505,25.0
777,619,12522,17.0
777,620,12540,18.0
777,621,12568,28.0
777,622,12582,14.0
777,623,12601,19.0
777,624,12616,15.0
777,625,12629,13.0
777,626,12641,12.0
777,627,12663,22.0
777,628,12689,26.0
777,629,12709,20.0
777,630,12728,19.0
777,631,12751,23.0
777,632,12768,17.0
777,633,12787,19.0
777,634,12804,17.0
777,635,12818,14.0
777,636,12841,23.0
777,637,12875,34.0
777,638,12896,21.0
777,639,12916,20.0
777,640,12929,13.0
777,641,12956,27.0
777,642,12968,12.0
777,643,12980,12.0
777,644,12994,14.0
777,645,13012,18.0
777,646,13022,10.0
777,647,13031,9.0
777,648,13042,11.0
777,649,13052,10.0
777,650,13081,29.0
777,651,13092,11.0
777,652,13116,24.0
777,653,13128,12.0
777,654,13156,28.0
777,655,13177,21.0
777,656,13191,14.0
777,657,13207,16.0
777,658,13232,25.0
777,659,13252,20.0
777,660,13261,9.0
777,661,13272,11.0
777,662,13290,18.0
777,663,13300,10.0
777,664,13325,25.0
777,665,13340,15.0
777,666,13357,17.0
777,667,13380,23.0
777,668,13399,19.0
777,669,13412,13.0
777,670,13431,19.0
777,671,13447,16.0
777,672,13462,15.0
777,673,13473,11.0
777,674,13493,20.0
777,675,13515,22.0
777,676,13544,29.0
777,677,13560,16.0
777,678,13576,16.0
777,679,13589,13.0
777,680,13608,19.0
777,681,13622,14.0
777,682,13653,31.0
777,683,13673,20.0
777,684,13683,10.0
777,685,13713,30.0
777,686,13723,10.0
777,687,13738,15.0
777,688,13750,12.0
777,689,13761,11.0
777,690,13774,13.0
777,691,13789,15.0
777,692,13816,27.0
777,693,13836,20.0
777,694,13849,13.0
777,695,13861,12.0
777,696,13876,15.0
777,697,13894,18.0
777,698,13909,15.0
777,699,13927,18.0
777,700,13940,13.0
777,701,13955,15.0
777,702,13971,16.0
777,703,13983,12.0
777,704,14003,20.0
777,705,14014,11.0
777,706,14022,8.0
777,707,14033,11.0
777,708,14045,12.0
777,709,14063,18.0
777,710,14079,16.0
777,711,14105,26.0
777,712,14116,11.0
777,713,14132,16.0
777,714,14147,15.0
777,715,14159,12.0
777,716,14176,17.0
777,717,14190,14.0
777,718,14205,15.0
777,719,14233,28.0
777,720,14250,17.0
777,721,14269,19.0
777,722,14290,21.0
777,723,14324,34.0
777,724,14338,14.0
777,725,14374,36.0
777,726,14387,13.0
777,727,14404,17.0
777,728,14420,16.0
777,729,14438,18.0
777,730,14465,27.0
777,731,14487,22.0
777,732,14503,16.0
777,733,14515,12.0
777,734,14526,11.0
777,735,14544,18.0
777,736,14558,14.0
777,737,14570,12.0
777,738,14591,21.0
777,739,14610,19.0
777,740,14650,40.0
777,741,14658,8.0
777,742,14674,16.0
777,743,14684,10.0
777,744,14695,11.0
777,745,14714,19.0
777,746,14731,17.0
777,747,14761,30.0
777,748,14795,34.0
777,749,14805,10.0
777,750,14848,43.0
777,751,14871,23.0
777,752,14923,52.0
777,753,14952,29.0
777,754,14964,12.0
777,755,14975,11.0
777,756,14999,24.0
777,757,15015,16.0
777,758,15038,23.0
777,759,15055,17.0
777,760,15080,25.0
777,761,15097,17.0
777,762,15122,25.0
777,763,15144,22.0
777,764,15156,12.0
777,765,15175,19.0
777,766,15191,16.0
777,767,15209,18.0
777,768,15220,11.0
777,769,15239,19.0
777,770,15250,11.0
777,771,15275,25.0
777,772,15287,12.0
777,773,15310,23.0
777,774,15331,21.0
777,775,15340,9.0
777,776,15354,14.0
777,777,15392,38.0
777,778,15404,12.0
777,779,15415,11.0
777,780,15425,10.0
777,781,15448,23.0
777,782,15463,15.0
777,783,15498,35.0
777,784,15515,17.0
777,785,15528,13.0
777,786,15537,9.0
777,787,15563,26.0
777,788,15575,12.0
777,789,15589,14.0
777,790,15600,11.0
777,791,15613,13.0
777,792,15632,19.0
777,793,15654,22.0
777,794,15666,12.0
777,795,15683,17.0
777,796,15699,16.0
777,797,15715,16.0
777,798,15728,13.0
777,799,15743,15.0
777,800,15765,22.0
777,801,15780,15.0
777,802,15797,17.0
777,803,15809,12.0
777,804,15820,11.0
777,805,15835,15.0
777,806,15857,22.0
777,807,15880,23.0
777,808,15921,41.0
777,809,15931,10.0
777,810,15947,16.0
777,811,15965,18.0
777,812,15994,29.0
777,813,16012,18.0
777,814,16027,15.0
777,815,16037,10.0
777,816,16049,12.0
777,817,16059,10.0
777,818,16082,23.0
777,819,16091,9.0
777,820,16109,18.0
777,821,16119,10.0
777,822,16146,27.0
777,823,16180,34.0
777,824,16200,20.0
777,825,16213,13.0
777,826,16226,13.0
777,827,16237,11.0
777,828,16256,19.0
777,829,16280,24.0
777,830,16292,12.0
777,831,16304,12.0
777,832,16316,12.0
777,833,16334,18.0
777,834,16364,30.0
777,835,16388,24.0
777,836,16398,10.0
777,837,16411,13.0
777,838,16428,17.0
777,839,16440,12.0
777,840,16452,12.0
777,841,16463,11.0
777,842,16479,16.0
777,843,16495,16.0
777,844,16508,13.0
777,845,16531,23.0
777,846,16553,22.0
777,847,16561,8.0
777,848,16577,16.0
777,849,16593,16.0
777,850,16609,16.0
777,851,16630,21.0
777,852,16650,20.0
777,853,16685,35.0
777,854,16703,18.0
777,855,16721,18.0
777,856,16747,26.0
777,857,16757,10.0
777,858,16765,8.0
777,859,16780,15.0
777,860,16789,9.0
777,861,16803,14.0
777,862,16820,17.0
777,863,16836,16.0
777,864,16849,13.0
777,865,16867,18.0
777,866,16878,11.0
777,867,16897,19.0
777,868,16910,13.0
777,869,16927,17.0
777,870,16938,11.0
777,871,16947,9.0
777,872,16978,31.0
777,873,16993,15.0
777,874,17005,12.0
777,875,17014,9.0
777,876,17026,12.0
777,877,17049,23.0
777,878,17072,23.0
777,879,17091,19.0
777,880,17106,15.0
777,881,17118,12.0
777,882,17136,18.0
777,883,17147,11.0
777,884,17156,9.0
777,885,17175,19.0
777,886,17195,20.0
777,887,17206,11.0
777,888,17218,12.0
777,889,17228,10.0
777,890,17240,12.0
777,891,17250,10.0
777,892,17270,20.0
777,893,17280,10.0
777,894,17327,47.0
777,895,17338,11.0
777,896,17356,18.0
777,897,17370,14.0
777,898,17382,12.0
777,899,17391,9.0
777,900,17423,32.0
777,901,17456,33.0
777,902,17487,31.0
777,903,17500,13.0
777,904,17513,13.0
777,905,17541,28.0
777,906,17555,14.0
777,907,17565,10.0
777,908,17599,34.0
777,909,17613,14.0
777,910,17629,16.0
777,911,17649,20.0
777,912,17663,14.0
777,913,17673,10.0
777,914,17685,12.0
777,915,17700,15.0
777,916,17720,20.0
777,917,17732,12.0
777,918,17741,9.0
777,919,17766,25.0
777,920,17794,28.0
777,921,17828,34.0
777,922,17840,12.0
777,923,17858,18.0
777,924,17884,26.0
777,925,17905,21.0
777,926,17914,9.0
777,927,17936,22.0
777,928,17961,25.0
777,929,17976,15.0
777,930,17987,11.0
777,931,18009,22.0
777,932,18017,8.0
777,933,18046,29.0
777,934,18059,13.0
777,935,18070,11.0
777,936,18088,18.0
777,937,18107,19.0
777,938,18122,15.0
777,939,18144,22.0
777,940,18170,26.0
777,941,18186,16.0
777,942,18197,11.0
777,943,18211,14.0
777,944,18227,16.0
777,945,18250,23.0
777,946,18269,19.0
777,947,18305,36.0
777,948,18340,35.0
777,949,18356,16.0
777,950,18369,13.0
777,951,18398,29.0
777,952,18417,19.0
777,953,18431,14.0
777,954,18461,30.0
777,955,18471,10.0
777,956,18489,18.0
777,957,18509,20.0
777,958,18521,12.0
777,959,18539,18.0
777,960,18558,19.0
777,961,18573,15.0
777,962,18592,19.0
777,963,18613,21.0
777,964,18623,10.0
777,965,18632,9.0
777,966,18643,11.0
777,967,18654,11.0
777,968,18675,21.0
777,969,18699,24.0
777,970,18715,16.0
777,971,18728,13.0
777,972,18759,31.0
777,973,18772,13.0
777,974,18785,13.0
777,975,18797,12.0
777,976,18810,13.0
777,977,18827,17.0
777,978,18839,12.0
777,979,18851,12.0
777,980,18871,20.0
777,981,18883,12.0
777,982,18898,15.0
777,983,18910,12.0
777,984,18921,11.0
777,985,18932,11.0
777,986,18952,20.0
777,987,18975,23.0
777,988,18989,14.0
777,989,19009,20.0
777,990,19020,11.0
777,991,19036,16.0
777,992,19053,17.0
777,993,19065,12.0
777,994,19081,16.0
777,995,19094,13.0
777,996,19104,10.0
777,997,19113,9.0
777,998,19123,10.0
777,999,19148,25.0
777,1000,19161,13.0
777,1001,19183,22.0
777,1002,19200,17.0
777,1003,19214,14.0
777,1004,19232,18.0
777,1005,19247,15.0
777,1006,19269,22.0
777,1007,19285,16.0
777,1008,19304,19.0
777,1009,19314,10.0
777,1010,19324,10.0
777,1011,19338,14.0
777,1012,19349,11.0
777,1013,19378,29.0
777,1014,19390,12.0
777,1015,19410,20.0
777,1016,19421,11.0
777,1017,19434,13.0
777,1018,19448,14.0
777,1019,19466,18.0
777,1020,19478,12.0
777,1021,19492,14.0
777,1022,19511,19.0
777,1023,19526,15.0
777,1024,19557,31.0
777,1025,19565,8.0
777,1026,19577,12.0
777,1027,19589,12.0
777,1028,19612,23.0
777,1029,19625,13.0
777,1030,19650,25.0
777,1031,19659,9.0
777,1032,19669,10.0
777,1033,19693,24.0
777,1034,19722,29.0
777,1035,19736,14.0
777,1036,19750,14.0
777,1037,19766,16.0
777,1038,19777,11.0
777,1039,19788,11.0
777,1040,19798,10.0
777,1041,19810,12.0
777,1042,19820,10.0
777,1043,19838,18.0
777,1044,19851,13.0
777,1045,19876,25.0
777,1046,19889,13.0
777,1047,19901,12.0
777,1048,19912,11.0
777,1049,19935,23.0
777,1050,19947,12.0
777,1051,19964,17.0
777,1052,19977,13.0
777,1053,19994,17.0
777,1054,20008,14.0
777,1055,20020,12.0
777,1056,20030,10.0
777,1057,20046,16.0
777,1058,20057,11.0
777,1059,20066,9.0
777,1060,20077,11.0
777,1061,20098,21.0
777,1062,20108,10.0
777,1063,20123,15.0
777,1064,20145,22.0
777,1065,20156,11.0
777,1066,20171,15.0
777,1067,20201,30.0
777,1068,20212,11.0
777,1069,20222,10.0
777,1070,20243,21.0
777,1071,20260,17.0
777,1072,20304,44.0
777,1073,20317,13.0
777,1074,20335,18.0
777,1075,20345,10.0
777,1076,20360,15.0
777,1077,20380,20.0
777,1078,20391,11.0
777,1079,20433,42.0
777,1080,20448,15.0
777,1081,20482,34.0
777,1082,20496,14.0
777,1083,20510,14.0
777,1084,20528,18.0
777,1085,20542,14.0
777,1086,20555,13.0
777,1087,20580,25.0
777,1088,20590,10.0
777,1089,20605,15.0
777,1090,20615,10.0
777,1091,20625,10.0
777,1092,20642,17.0
777,1093,20657,15.0
777,1094,20665,8.0
777,1095,20703,38.0
777,1096,20715,12.0
777,1097,20725,10.0
777,1098,20735,10.0
777,1099,20754,19.0
777,1100,20769,15.0
777,1101,20787,18.0
777,1102,20798,11.0
777,1103,20809,11.0
777,1104,20820,11.0
777,1105,20830,10.0
777,1106,20847,17.0
777,1107,20862,15.0
777,1108,20876,14.0
777,1109,20891,15.0
777,1110,20902,11.0
777,1111,20915,13.0
777,1112,20924,9.0
777,1113,20936,12.0
777,1114,20949,13.0
777,1115,20957,8.0
777,1116,20969,12.0
777,1117,20982,13.0
777,1118,20994,12.0
777,1119,21005,11.0
777,1120,21016,11.0
777,1121,21026,10.0
777,1122,21063,37.0
777,1123,21078,15.0
777,1124,21090,12.0
777,1125,21107,17.0
777,1126,21119,12.0
777,1127,21164,45.0
777,1128,21179,15.0
777,1129,21188,9.0
777,1130,21200,12.0
777,1131,21216,16.0
777,1132,21242,26.0
777,1133,21253,11.0
777,1134,21271,18.0
777,1135,21283,12.0
777,1136,21294,11.0
777,1137,21311,17.0
777,1138,21338,27.0
777,1139,21351,13.0
777,1140,21364,13.0
777,1141,21374,10.0
777,1142,21389,15.0
777,1143,21406,17.0
777,1144,21421,15.0
777,1145,21430,9.0
777,1146,21441,11.0
777,1147,21458,17.0
777,1148,21469,11.0
777,1149,21479,10.0
777,1150,21492,13.0
777,1151,21508,16.0
777,1152,21535,27.0
777,1153,21550,15.0
777,1154,21562,12.0
777,1155,21586,24.0
777,1156,21598,12.0
777,1157,21608,10.0
777,1158,21626,18.0
777,1159,21641,15.0
777,1160,21651,10.0
777,1161,21665,14.0
777,1162,21680,15.0
777,1163,21689,9.0
777,1164,21700,11.0
777,1165,21712,12.0
777,1166,21724,12.0
777,1167,21736,12.0
777,1168,21756,20.0
777,1169,21767,11.0
777,1170,21783,16.0
777,1171,21794,11.0
777,1172,21805,11.0
777,1173,21828,23.0
777,1174,21855,27.0
777,1175,21872,17.0
777,1176,21882,10.0
777,1177,21892,10.0
777,1178,21920,28.0
777,1179,21931,11.0
777,1180,21943,12.0
777,1181,21959,16.0
777,1182,21974,15.0
777,1183,21999,25.0
777,1184,22012,13.0
777,1185,22024,12.0
777,1186,22035,11.0
777,1187,22048,13.0
777,1188,22062,14.0
777,1189,22075,13.0
777,1190,22090,15.0
777,1191,22111,21.0
777,1192,22123,12.0
777,1193,22138,15.0
777,1194,22164,26.0
777,1195,22184,20.0
777,1196,22197,13.0
777,1197,22208,11.0
777,1198,22223,15.0
777,1199,22235,12.0
777,1200,22246,11.0
777,1201,22256,10.0
777,1202,22268,12.0
777,1203,22279,11.0
777,1204,22293,14.0
777,1205,22320,27.0
777,1206,22331,11.0
777,1207,22339,8.0
777,1208,22355,16.0
777,1209,22372,17.0
777,1210,22380,8.0
777,1211,22400,20.0
777,1212,22423,23.0
777,1213,22433,10.0
777,1214,22443,10.0
777,1215,22459,16.0
777,1216,22471,12.0
777,1217,22486,15.0
777,1218,22502,16.0
777,1219,22514,12.0
777,1220,22529,15.0
777,1221,22546,17.0
777,1222,22558,12.0
777,1223,22571,13.0
777,1224,22583,12.0
777,1225,22606,23.0
777,1226,22616,10.0
777,1227,22627,11.0
777,1228,22639,12.0
777,1229,22661,22.0
777,1230,22673,12.0
777,1231,22683,10.0
777,1232,22693,10.0
777,1233,22711,18.0
777,1234,22723,12.0
777,1235,22738,15.0
777,1236,22748,10.0
777,1237,22767,19.0
777,1238,22780,13.0
777,1239,22818,38.0
777,1240,22827,9.0
777,1241,22839,12.0
777,1242,22854,15.0
777,1243,22889,35.0
777,1244,22900,11.0
777,1245,22913,13.0
777,1246,22930,17.0
777,1247,22939,9.0
777,1248,22951,12.0
777,1249,22968,17.0
777,1250,22980,12.0
777,1251,23004,24.0
777,1252,23032,28.0
777,1253,23043,11.0
777,1254,23062,19.0
777,1255,23084,22.0
777,1256,23104,20.0
777,1257,23116,12.0
777,1258,23133,17.0
777,1259,23145,12.0
777,1260,23157,12.0
777,1261,23186,29.0
777,1262,23200,14.0
777,1263,23211,11.0
777,1264,23227,16.0
777,1265,23238,11.0
777,1266,23248,10.0
777,1267,23261,13.0
777,1268,23272,11.0
777,1269,23282,10.0
777,1270,23292,10.0
777,1271,23303,11.0
777,1272,23317,14.0
777,1273,23327,10.0
777,1274,23338,11.0
777,1275,23351,13.0
777,1276,23372,21.0
777,1277,23389,17.0
777,1278,23404,15.0
777,1279,23420,16.0
777,1280,23428,8.0
777,1281,23449,21.0
777,1282,23464,15.0
777,1283,23474,10.0
777,1284,23492,18.0
777,1285,23515,23.0
777,1286,23534,19.0
777,1287,23548,14.0
777,1288,23572,24.0
777,1289,23581,9.0
777,1290,23591,10.0
777,1291,23604,13.0
777,1292,23622,18.0
777,1293,23635,13.0
777,1294,23644,9.0
777,1295,23654,10.0
777,1296,23665,11.0
777,1297,23679,14.0
777,1298,23692,13.0
777,1299,23704,12.0
777,1300,23718,14.0
777,1301,23733,15.0
777,1302,23752,19.0
777,1303,23762,10.0
777,1304,23772,10.0
777,1305,23783,11.0
777,1306,23792,9.0
777,1307,23803,11.0
777,1308,23812,9.0
777,1309,23825,13.0
777,1310,23839,14.0
777,1311,23851,12.0
777,1312,23862,11.0
777,1313,23879,17.0
777,1314,23889,10.0
777,1315,23899,10.0
777,1316,23924,25.0
777,1317,23934,10.0
777,1318,23945,11.0
777,1319,23973,28.0
777,1320,23985,12.0
777,1321,23994,9.0
777,1322,24004,10.0
777,1323,24014,10.0
777,1324,24025,11.0
777,1325,24036,11.0
777,1326,24053,17.0
777,1327,24061,8.0
777,1328,24075,14.0
777,1329,24084,9.0
777,1330,24099,15.0
777,1331,24112,13.0
777,1332,24122,10.0
777,1333,24150,28.0
777,1334,24164,14.0
777,1335,24175,11.0
777,1336,24184,9.0
777,1337,24193,9.0
777,1338,24229,36.0
777,1339,24246,17.0
777,1340,24255,9.0
777,1341,24267,12.0
777,1342,24282,15.0
777,1343,24291,9.0
777,1344,24303,12.0
777,1345,24312,9.0
777,1346,24321,9.0
777,1347,24337,16.0
777,1348,24352,15.0
777,1349,24363,11.0
777,1350,24381,18.0
777,1351,24398,17.0
777,1352,24409,11.0
777,1353,24437,28.0
777,1354,24446,9.0
777,1355,24457,11.0
777,1356,24476,19.0
777,1357,24487,11.0
777,1358,24502,15.0
777,1359,24519,17.0
777,1360,24536,17.0
777,1361,24556,20.0
777,1362,24571,15.0
777,1363,24581,10.0
777,1364,24597,16.0
777,1365,24607,10.0
777,1366,24623,16.0
777,1367,24632,9.0
777,1368,24641,9.0
777,1369,24655,14.0
777,1370,24665,10.0
777,1371,24679,14.0
777,1372,24691,12.0
777,1373,24704,13.0
777,1374,24719,15.0
777,1375,24728,9.0
777,1376,24738,10.0
777,1377,24753,15.0
777,1378,24763,10.0
777,1379,24801,38.0
777,1380,24819,18.0
777,1381,24831,12.0
777,1382,24850,19.0
777,1383,24862,12.0
777,1384,24891,29.0
777,1385,24906,15.0
777,1386,24916,10.0
777,1387,24925,9.0
777,1388,24937,12.0
777,1389,24950,13.0
777,1390,24961,11.0
777,1391,24973,12.0
777,1392,25006,33.0
777,1393,25029,23.0
777,1394,25043,14.0
777,1395,25053,10.0
777,1396,25074,21.0
777,1397,25088,14.0
777,1398,25105,17.0
777,1399,25125,20.0
777,1400,25136,11.0
777,1401,25146,10.0
777,1402,25155,9.0
777,1403,25163,8.0
777,1404,25173,10.0
777,1405,25182,9.0
777,1406,25194,12.0
777,1407,25204,10.0
777,1408,25215,11.0
777,1409,25236,21.0
777,1410,25247,11.0
777,1411,25258,11.0
777,1412,25268,10.0
777,1413,25281,13.0
777,1414,25292,11.0
777,1415,25301,9.0
777,1416,25317,16.0
777,1417,25326,9.0
777,1418,25335,9.0
777,1419,25346,11.0
777,1420,25359,13.0
777,1421,25368,9.0
777,1422,25385,17.0
777,1423,25406,21.0
777,1424,25415,9.0
777,1425,25425,10.0
777,1426,25444,19.0
777,1427,25455,11.0
777,1428,25465,10.0
777,1429,25474,9.0
777,1430,25510,36.0
777,1431,25519,9.0
777,1432,25532,13.0
777,1433,25546,14.0
777,1434,25563,17.0
777,1435,25573,10.0
777,1436,25594,21.0
777,1437,25609,15.0
777,1438,25619,10.0
777,1439,25633,14.0
777,1440,25643,10.0
777,1441,25653,10.0
777,1442,25680,27.0
777,1443,25703,23.0
777,1444,25715,12.0
777,1445,25728,13.0
777,1446,25739,11.0
777,1447,25759,20.0
777,1448,25770,11.0
777,1449,25779,9.0
777,1450,25799,20.0
777,1451,25809,10.0
777,1452,25830,21.0
777,1453,25842,12.0
777,1454,25859,17.0
777,1455,25871,12.0
777,1456,25882,11.0
777,1457,25894,12.0
777,1458,25905,11.0
777,1459,25915,10.0
777,1460,25926,11.0
777,1461,25942,16.0
777,1462,25953,11.0
777,1463,25963,10.0
777,1464,25976,13.0
777,1465,25987,11.0
777,1466,25997,10.0
777,1467,26008,11.0
777,1468,26018,10.0
777,1469,26029,11.0
777,1470,26040,11.0
777,1471,26056,16.0
777,1472,26066,10.0
777,1473,26075,9.0
777,1474,26096,21.0
777,1475,26105,9.0
777,1476,26116,11.0
777,1477,26126,10.0
777,1478,26140,14.0
777,1479,26155,15.0
777,1480,26165,10.0
777,1481,26178,13.0
777,1482,26190,12.0
777,1483,26200,10.0
777,1484,26212,12.0
777,1485,26223,11.0
777,1486,26237,14.0
777,1487,26249,12.0
777,1488,26262,13.0
777,1489,26277,15.0
777,1490,26290,13.0
777,1491,26304,14.0
777,1492,26314,10.0
777,1493,26325,11.0
777,1494,26335,10.0
777,1495,26345,10.0
777,1496,26355,10.0
777,1497,26368,13.0
777,1498,26378,10.0
777,1499,26386,8.0
777,1500,26396,10.0
777,1501,26405,9.0
777,1502,26417,12.0
777,1503,26427,10.0
777,1504,26437,10.0
777,1505,26446,9.0
777,1506,26456,10.0
777,1507,26465,9.0
777,1508,26480,15.0
777,1509,26489,9.0
777,1510,26503,14.0
777,1511,26517,14.0
777,1512,26529,12.0
777,1513,26542,13.0
777,1514,26553,11.0
777,1515,26562,9.0
777,1516,26582,20.0
777,1517,26593,11.0
777,1518,26605,12.0
777,1519,26619,14.0
777,1520,26638,19.0
777,1521,26649,11.0
777,1522,26676,27.0
777,1523,26691,15.0
777,1524,26707,16.0
777,1525,26716,9.0
777,1526,26727,11.0
777,1527,26739,12.0
777,1528,26753,14.0
777,1529,26762,9.0
777,1530,26778,16.0
777,1531,26789,11.0
777,1532,26800,11.0
777,1533,26808,8.0
777,1534,26820,12.0
777,1535,26828,8.0
777,1536,26837,9.0
777,1537,26846,9.0
777,1538,26856,10.0
777,1539,26873,17.0
777,1540,26888,15.0
777,1541,26901,13.0
777,1542,26916,15.0
777,1543,26928,12.0
777,1544,26943,15.0
777,1545,26952,9.0
777,1546,26965,13.0
777,1547,26975,10.0
777,1548,26985,10.0
777,1549,26996,11.0
777,1550,27008,12.0
777,1551,27027,19.0
777,1552,27039,12.0
777,1553,27048,9.0
777,1554,27060,12.0
777,1555,27070,10.0
777,1556,27082,12.0
777,1557,27090,8.0
777,1558,27099,9.0
777,1559,27118,19.0
777,1560,27130,12.0
777,1561,27140,10.0
777,1562,27149,9.0
777,1563,27163,14.0
777,1564,27174,11.0
777,1565,27186,12.0
777,1566,27205,19.0
777,1567,27222,17.0
777,1568,27241,19.0
777,1569,27255,14.0
777,1570,27266,11.0
777,1571,27276,10.0
777,1572,27286,10.0
777,1573,27307,21.0
777,1574,27316,9.0
777,1575,27331,15.0
777,1576,27365,34.0
777,1577,27399,34.0
777,1578,27415,16.0
777,1579,27426,11.0
777,1580,27438,12.0
777,1581,27449,11.0
777,1582,27461,12.0
777,1583,27487,26.0
777,1584,27499,12.0
777,1585,27508,9.0
777,1586,27517,9.0
777,1587,27526,9.0
777,1588,27541,15.0
777,1589,27566,25.0
777,1590,27575,9.0
777,1591,27594,19.0
777,1592,27605,11.0
777,1593,27615,10.0
777,1594,27625,10.0
777,1595,27642,17.0
777,1596,27656,14.0
777,1597,27666,10.0
777,1598,27686,20.0
777,1599,27696,10.0
777,1600,27704,8.0
777,1601,27716,12.0
777,1602,27726,10.0
777,1603,27744,18.0
777,1604,27754,10.0
777,1605,27764,10.0
777,1606,27778,14.0
777,1607,27786,8.0
777,1608,27796,10.0
777,1609,27806,10.0
777,1610,27817,11.0
777,1611,27828,11.0
777,1612,27840,12.0
777,1613,27852,12.0
777,1614,27868,16.0
777,1615,27877,9.0
777,1616,27888,11.0
777,1617,27896,8.0
777,1618,27907,11.0
777,1619,27917,10.0
777,1620,27927,10.0
777,1621,27936,9.0
777,1622,27948,12.0
777,1623,27957,9.0
777,1624,27969,12.0
777,1625,27977,8.0
777,1626,27986,9.0
777,1627,27997,11.0
777,1628,28006,9.0
777,1629,28026,20.0
777,1630,28038,12.0
777,1631,28046,8.0
777,1632,28058,12.0
777,1633,28067,9.0
777,1634,28079,12.0
777,1635,28089,10.0
777,1636,28099,10.0
777,1637,28109,10.0
777,1638,28128,19.0
777,1639,28144,16.0
777,1640,28154,10.0
777,1641,28169,15.0
777,1642,28180,11.0
777,1643,28190,10.0
777,1644,28208,18.0
777,1645,28220,12.0
777,1646,28235,15.0
777,1647,28250,15.0
777,1648,28261,11.0
777,1649,28278,17.0
777,1650,28298,20.0
777,1651,28310,12.0
777,1652,28332,22.0
777,1653,28349,17.0
777,1654,28360,11.0
777,1655,28369,9.0
777,1656,28382,13.0
777,1657,28392,10.0
777,1658,28406,14.0
777,1659,28425,19.0
777,1660,28435,10.0
777,1661,28446,11.0
777,1662,28460,14.0
777,1663,28471,11.0
777,1664,28481,10.0
777,1665,28493,12.0
777,1666,28503,10.0
777,1667,28512,9.0
777,1668,28523,11.0
777,1669,28533,10.0
777,1670,28544,11.0
777,1671,28553,9.0
777,1672,28563,10.0
777,1673,28573,10.0
777,1674,28586,13.0
777,1675,28601,15.0
777,1676,28621,20.0
777,1677,28633,12.0
777,1678,28644,11.0
777,1679,28664,20.0
777,1680,28677,13.0
777,1681,28693,16.0
777,1682,28706,13.0
777,1683,28721,15.0
777,1684,28737,16.0
777,1685,28747,10.0
777,1686,28758,11.0
777,1687,28768,10.0
777,1688,28786,18.0
777,1689,28798,12.0
777,1690,28812,14.0
777,1691,28832,20.0
777,1692,28842,10.0
777,1693,28851,9.0
777,1694,28864,13.0
777,1695,28874,10.0
777,1696,28884,10.0
777,1697,28896,12.0
777,1698,28913,17.0
777,1699,28924,11.0
777,1700,28936,12.0
777,1701,28945,9.0
777,1702,28957,12.0
777,1703,28967,10.0
777,1704,28978,11.0
777,1705,28988,10.0
777,1706,29000,12.0
777,1707,29019,19.0
777,1708,29030,11.0
777,1709,29041,11.0
777,1710,29050,9.0
777,1711,29060,10.0
777,1712,29069,9.0
777,1713,29083,14.0
777,1714,29101,18.0
777,1715,29114,13.0
777,1716,29130,16.0
777,1717,29138,8.0
777,1718,29155,17.0
777,1719,29164,9.0
777,1720,29178,14.0
777,1721,29193,15.0
777,1722,29205,12.0
777,1723,29218,13.0
777,1724,29233,15.0
777,1725,29252,19.0
777,1726,29262,10.0
777,1727,29274,12.0
777,1728,29288,14.0
777,1729,29301,13.0
777,1730,29312,11.0
777,1731,29323,11.0
777,1732,29346,23.0
777,1733,29356,10.0
777,1734,29366,10.0
777,1735,29382,16.0
777,1736,29396,14.0
777,1737,29407,11.0
777,1738,29415,8.0
777,1739,29429,14.0
777,1740,29438,9.0
777,1741,29448,10.0
777,1742,29462,14.0
777,1743,29472,10.0
777,1744,29481,9.0
777,1745,29491,10.0
777,1746,29500,9.0
777,1747,29510,10.0
777,1748,29525,15.0
777,1749,29535,10.0
777,1750,29546,11.0
777,1751,29555,9.0
777,1752,29565,10.0
777,1753,29577,12.0
777,1754,29595,18.0
777,1755,29612,17.0
777,1756,29623,11.0
777,1757,29633,10.0
777,1758,29641,8.0
777,1759,29656,15.0
777,1760,29666,10.0
777,1761,29674,8.0
777,1762,29689,15.0
777,1763,29697,8.0
777,1764,29709,12.0
777,1765,29719,10.0
777,1766,29732,13.0
777,1767,29744,12.0
777,1768,29753,9.0
777,1769,29765,12.0
777,1770,29777,12.0
777,1771,29786,9.0
777,1772,29799,13.0
777,1773,29810,11.0
777,1774,29828,18.0
777,1775,29838,10.0
777,1776,29850,12.0
777,1777,29859,9.0
777,1778,29869,10.0
777,1779,29877,8.0
777,1780,29885,8.0
777,1781,29897,12.0
777,1782,29913,16.0
777,1783,29924,11.0
777,1784,29933,9.0
777,1785,29941,8.0
777,1786,29953,12.0
777,1787,29972,19.0
777,1788,29987,15.0
777,1789,29996,9.0
777,1790,30009,13.0
777,1791,30020,11.0
777,1792,30031,11.0
777,1793,30041,10.0
777,1794,30050,9.0
777,1795,30061,11.0
777,1796,30070,9.0
777,1797,30078,8.0
777,1798,30087,9.0
777,1799,30097,10.0
777,1800,30105,8.0
777,1801,30117,12.0
777,1802,30126,9.0
777,1803,30135,9.0
777,1804,30144,9.0
777,1805,30160,16.0
777,1806,30171,11.0
777,1807,30181,10.0
777,1808,30193,12.0
777,1809,30202,9.0
777,1810,30213,11.0
777,1811,30223,10.0
777,1812,30234,11.0
777,1813,30246,12.0
777,1814,30255,9.0
777,1815,30266,11.0
777,1816,30279,13.0
777,1817,30293,14.0
777,1818,30304,11.0
777,1819,30316,12.0
777,1820,30329,13.0
777,1821,30339,10.0
777,1822,30355,16.0
777,1823,30364,9.0
777,1824,30372,8.0
777,1825,30382,10.0
777,1826,30392,10.0
777,1827,30417,25.0
777,1828,30428,11.0
777,1829,30449,21.0
777,1830,30462,13.0
777,1831,30473,11.0
777,1832,30493,20.0
777,1833,30505,12.0
777,1834,30521,16.0
777,1835,30535,14.0
777,1836,30544,9.0
777,1837,30554,10.0
777,1838,30565,11.0
777,1839,30593,28.0
777,1840,30604,11.0
777,1841,30616,12.0
777,1842,30628,12.0
777,1843,30637,9.0
777,1844,30646,9.0
777,1845,30657,11.0
777,1846,30666,9.0
777,1847,30674,8.0
777,1848,30685,11.0
777,1849,30695,10.0
777,1850,30712,17.0
777,1851,30727,15.0
777,1852,30736,9.0
777,1853,30746,10.0
777,1854,30755,9.0
777,1855,30765,10.0
777,1856,30776,11.0
777,1857,30796,20.0
777,1858,30808,12.0
777,1859,30821,13.0
777,1860,30831,10.0
777,1861,30848,17.0
777,1862,30857,9.0
777,1863,30875,18.0
777,1864,30888,13.0
777,1865,30897,9.0
777,1866,30909,12.0
777,1867,30920,11.0
777,1868,30932,12.0
777,1869,30942,10.0
777,1870,30954,12.0
777,1871,30965,11.0
777,1872,30973,8.0
777,1873,30983,10.0
777,1874,30992,9.0
777,1875,31002,10.0
777,1876,31012,10.0
777,1877,31026,14.0
777,1878,31039,13.0
777,1879,31065,26.0
777,1880,31076,11.0
777,1881,31087,11.0
777,1882,31097,10.0
777,1883,31109,12.0
777,1884,31120,11.0
777,1885,31136,16.0
777,1886,31151,15.0
777,1887,31161,10.0
777,1888,31172,11.0
777,1889,31191,19.0
777,1890,31200,9.0
777,1891,31213,13.0
777,1892,31224,11.0
777,1893,31233,9.0
777,1894,31243,10.0
777,1895,31253,10.0
777,1896,31261,8.0
777,1897,31273,12.0
777,1898,31281,8.0
777,1899,31292,11.0
777,1900,31300,8.0
777,1901,31310,10.0
777,1902,31326,16.0
777,1903,31337,11.0
777,1904,31346,9.0
777,1905,31357,11.0
777,1906,31370,13.0
777,1907,31380,10.0
777,1908,31394,14.0
777,1909,31402,8.0
777,1910,31412,10.0
777,1911,31425,13.0
777,1912,31434,9.0
777,1913,31445,11.0
777,1914,31458,13.0
777,1915,31468,10.0
777,1916,31479,11.0
777,1917,31505,26.0
777,1918,31523,18.0
777,1919,31537,14.0
777,1920,31547,10.0
777,1921,31558,11.0
777,1922,31566,8.0
777,1923,31579,13.0
777,1924,31589,10.0
777,1925,31597,8.0
777,1926,31610,13.0
777,1927,31619,9.0
777,1928,31634,15.0
777,1929,31647,13.0
777,1930,31657,10.0
777,1931,31667,10.0
777,1932,31697,30.0
777,1933,31709,12.0
777,1934,31719,10.0
777,1935,31733,14.0
777,1936,31742,9.0
777,1937,31761,19.0
777,1938,31772,11.0
777,1939,31784,12.0
777,1940,31794,10.0
777,1941,31805,11.0
777,1942,31815,10.0
777,1943,31831,16.0
777,1944,31846,15.0
777,1945,31859,13.0
777,1946,31869,10.0
777,1947,31882,13.0
777,1948,31890,8.0
777,1949,31908,18.0
777,1950,31920,12.0
777,1951,31930,10.0
777,1952,31941,11.0
777,1953,31952,11.0
777,1954,31967,15.0
777,1955,31978,11.0
777,1956,31986,8.0
777,1957,31998,12.0
777,1958,32014,16.0
777,1959,32032,18.0
777,1960,32041,9.0
777,1961,32049,8.0
777,1962,32060,11.0
777,1963,32070,10.0
777,1964,32083,13.0
777,1965,32092,9.0
777,1966,32101,9.0
777,1967,32111,10.0
777,1968,32125,14.0
777,1969,32134,9.0
777,1970,32148,14.0
777,1971,32157,9.0
777,1972,32168,11.0
777,1973,32176,8.0
777,1974,32185,9.0
777,1975,32197,12.0
777,1976,32208,11.0
777,1977,32225,17.0
777,1978,32238,13.0
777,1979,32248,10.0
777,1980,32257,9.0
777,1981,32280,23.0
777,1982,32298,18.0
777,1983,32315,17.0
777,1984,32324,9.0
777,1985,32334,10.0
777,1986,32343,9.0
777,1987,32354,11.0
777,1988,32366,12.0
777,1989,32375,9.0
777,1990,32387,12.0
777,1991,32398,11.0
777,1992,32408,10.0
777,1993,32417,9.0
777,1994,32428,11.0
777,1995,32440,12.0
777,1996,32452,12.0
777,1997,32467,15.0
777,1998,32477,10.0
777,1999,32488,11.0
777,2000,32496,8.0
777,2001,32505,9.0
777,2002,32520,15.0
777,2003,32535,15.0
777,2004,32544,9.0
777,2005,32558,14.0
777,2006,32568,10.0
777,2007,32578,10.0
777,2008,32588,10.0
777,2009,32599,11.0
777,2010,32616,17.0
777,2011,32625,9.0
777,2012,32635,10.0
777,2013,32649,14.0
777,2014,32659,10.0
777,2015,32671,12.0
777,2016,32682,11.0
777,2017,32690,8.0
777,2018,32700,10.0
777,2019,32709,9.0
777,2020,32717,8.0
777,2021,32726,9.0
777,2022,32736,10.0
777,2023,32747,11.0
777,2024,32758,11.0
777,2025,32769,11.0
777,2026,32800,31.0
777,2027,32809,9.0
777,2028,32824,15.0
777,2029,32834,10.0
777,2030,32847,13.0
777,2031,32857,10.0
777,2032,32866,9.0
777,2033,32880,14.0
777,2034,32894,14.0
777,2035,32918,24.0
777,2036,32927,9.0
777,2037,32939,12.0
777,2038,32950,11.0
777,2039,32965,15.0
777,2040,32975,10.0
777,2041,32999,24.0
777,2042,33018,19.0
777,2043,33032,14.0
777,2044,33043,11.0
777,2045,33052,9.0
777,2046,33066,14.0
777,2047,33076,10.0
777,2048,33087,11.0
777,2049,33097,10.0
777,2050,33107,10.0
777,2051,33116,9.0
777,2052,33125,9.0
777,2053,33135,10.0
777,2054,33146,11.0
777,2055,33155,9.0
777,2056,33166,11.0
777,2057,33176,10.0
777,2058,33186,10.0
777,2059,33196,10.0
777,2060,33207,11.0
777,2061,33220,13.0
777,2062,33231,11.0
777,2063,33241,10.0
777,2064,33256,15.0
777,2065,33267,11.0
777,2066,33278,11.0
777,2067,33288,10.0
777,2068,33301,13.0
777,2069,33312,11.0
777,2070,33321,9.0
777,2071,33332,11.0
777,2072,33342,10.0
777,2073,33352,10.0
777,2074,33371,19.0
777,2075,33381,10.0
777,2076,33397,16.0
777,2077,33406,9.0
777,2078,33417,11.0
777,2079,33428,11.0
777,2080,33441,13.0
777,2081,33457,16.0
777,2082,33467,10.0
777,2083,33476,9.0
777,2084,33484,8.0
777,2085,33506,22.0
777,2086,33522,16.0
777,2087,33537,15.0
777,2088,33547,10.0
777,2089,33560,13.0
777,2090,33570,10.0
777,2091,33582,12.0
777,2092,33596,14.0
777,2093,33605,9.0
777,2094,33615,10.0
777,2095,33625,10.0
777,2096,33634,9.0
777,2097,33643,9.0
777,2098,33655,12.0
777,2099,33668,13.0
777,2100,33678,10.0
777,2101,33692,14.0
777,2102,33703,11.0
777,2103,33715,12.0
777,2104,33724,9.0
777,2105,33733,9.0
777,2106,33742,9.0
777,2107,33752,10.0
777,2108,33764,12.0
777,2109,33774,10.0
777,2110,33784,10.0
777,2111,33802,18.0
777,2112,33812,10.0
777,2113,33820,8.0
777,2114,33831,11.0
777,2115,33845,14.0
777,2116,33865,20.0
777,2117,33875,10.0
777,2118,33886,11.0
777,2119,33898,12.0
777,2120,33909,11.0
777,2121,33924,15.0
777,2122,33935,11.0
777,2123,33944,9.0
777,2124,33952,8.0
777,2125,33962,10.0
777,2126,33974,12.0
777,2127,33989,15.0
777,2128,33997,8.0
777,2129,34012,15.0
777,2130,34024,12.0
777,2131,34033,9.0
777,2132,34043,10.0
777,2133,34053,10.0
777,2134,34063,10.0
777,2135,34074,11.0
777,2136,34086,12.0
777,2137,34103,17.0
777,2138,34115,12.0
777,2139,34126,11.0
777,2140,34137,11.0
777,2141,34146,9.0
777,2142,34156,10.0
777,2143,34165,9.0
777,2144,34175,10.0
777,2145,34185,10.0
777,2146,34197,12.0
777,2147,34205,8.0
777,2148,34219,14.0
777,2149,34229,10.0
777,2150,34238,9.0
777,2151,34248,10.0
777,2152,34259,11.0
777,2153,34271,12.0
777,2154,34281,10.0
777,2155,34292,11.0
777,2156,34307,15.0
777,2157,34319,12.0
777,2158,34332,13.0
777,2159,34343,11.0
777,2160,34351,8.0
777,2161,34362,11.0
777,2162,34373,11.0
777,2163,34384,11.0
777,2164,34398,14.0
777,2165,34410,12.0
777,2166,34420,10.0
777,2167,34431,11.0
777,2168,34450,19.0
777,2169,34467,17.0
777,2170,34478,11.0
777,2171,34491,13.0
777,2172,34500,9.0
777,2173,34509,9.0
777,2174,34527,18.0
777,2175,34536,9.0
777,2176,34547,11.0
777,2177,34556,9.0
777,2178,34573,17.0
777,2179,34585,12.0
777,2180,34596,11.0
777,2181,34607,11.0
777,2182,34617,10.0
777,2183,34629,12.0
777,2184,34638,9.0
777,2185,34648,10.0
777,2186,34658,10.0
777,2187,34666,8.0
777,2188,34678,12.0
777,2189,34691,13.0
777,2190,34701,10.0
777,2191,34712,11.0
777,2192,34722,10.0
777,2193,34731,9.0
777,2194,34741,10.0
777,2195,34749,8.0
777,2196,34761,12.0
777,2197,34773,12.0
777,2198,34786,13.0
777,2199,34801,15.0
777,2200,34810,9.0
777,2201,34818,8.0
777,2202,34826,8.0
777,2203,34837,11.0
777,2204,34847,10.0
777,2205,34857,10.0
777,2206,34867,10.0
777,2207,34877,10.0
777,2208,34888,11.0
777,2209,34897,9.0
777,2210,34907,10.0
777,2211,34916,9.0
777,2212,34925,9.0
777,2213,34937,12.0
777,2214,34947,10.0
777,2215,34955,8.0
777,2216,34968,13.0
777,2217,34990,22.0
777,2218,35008,18.0
777,2219,35020,12.0
777,2220,35029,9.0
777,2221,35043,14.0
777,2222,35053,10.0
777,2223,35063,10.0
777,2224,35072,9.0
777,2225,35082,10.0
777,2226,35092,10.0
777,2227,35103,11.0
777,2228,35113,10.0
777,2229,35127,14.0
777,2230,35137,10.0
777,2231,35148,11.0
777,2232,35160,12.0
777,2233,35170,10.0
777,2234,35181,11.0
777,2235,35190,9.0
777,2236,35200,10.0
777,2237,35209,9.0
777,2238,35220,11.0
777,2239,35232,12.0
777,2240,35242,10.0
777,2241,35251,9.0
777,2242,35264,13.0
777,2243,35273,9.0
777,2244,35284,11.0
777,2245,35294,10.0
777,2246,35303,9.0
777,2247,35312,9.0
777,2248,35322,10.0
777,2249,35331,9.0
777,2250,35341,10.0
777,2251,35352,11.0
777,2252,35362,10.0
777,2253,35371,9.0
777,2254,35387,16.0
777,2255,35411,24.0
777,2256,35420,9.0
777,2257,35430,10.0
777,2258,35443,13.0
777,2259,35460,17.0
777,2260,35473,13.0
777,2261,35482,9.0
777,2262,35493,11.0
777,2263,35502,9.0
777,2264,35518,16.0
777,2265,35527,9.0
777,2266,35544,17.0
777,2267,35553,9.0
777,2268,35563,10.0
777,2269,35571,8.0
777,2270,35581,10.0
777,2271,35592,11.0
777,2272,35606,14.0
777,2273,35616,10.0
777,2274,35625,9.0
777,2275,35637,12.0
777,2276,35650,13.0
777,2277,35661,11.0
777,2278,35676,15.0
777,2279,35686,10.0
777,2280,35695,9.0
777,2281,35707,12.0
777,2282,35717,10.0
777,2283,35731,14.0
777,2284,35741,10.0
777,2285,35751,10.0
777,2286,35761,10.0
777,2287,35771,10.0
777,2288,35780,9.0
777,2289,35793,13.0
777,2290,35809,16.0
777,2291,35817,8.0
777,2292,35829,12.0
777,2293,35838,9.0
777,2294,35848,10.0
777,2295,35860,12.0
777,2296,35874,14.0
777,2297,35899,25.0
777,2298,35910,11.0
777,2299,35920,10.0
777,2300,35933,13.0
777,2301,35946,13.0
777,2302,35955,9.0
777,2303,35965,10.0
777,2304,35982,17.0
777,2305,35994,12.0
777,2306,36004,10.0
777,2307,36013,9.0
777,2308,36025,12.0
777,2309,36039,14.0
777,2310,36048,9.0
777,2311,36057,9.0
777,2312,36069,12.0
777,2313,36079,10.0
777,2314,36088,9.0
777,2315,36097,9.0
777,2316,36106,9.0
777,2317,36115,9.0
777,2318,36126,11.0
777,2319,36136,10.0
777,2320,36149,13.0
777,2321,36161,12.0
777,2322,36170,9.0
777,2323,36181,11.0
777,2324,36191,10.0
777,2325,36200,9.0
777,2326,36209,9.0
777,2327,36217,8.0
777,2328,36229,12.0
777,2329,36240,11.0
777,2330,36257,17.0
777,2331,36266,9.0
777,2332,36278,12.0
777,2333,36287,9.0
777,2334,36296,9.0
777,2335,36306,10.0
777,2336,36315,9.0
777,2337,36326,11.0
777,2338,36335,9.0
777,2339,36345,10.0
777,2340,36354,9.0
777,2341,36364,10.0
777,2342,36375,11.0
777,2343,36386,11.0
777,2344,36399,13.0
777,2345,36408,9.0
777,2346,36418,10.0
777,2347,36429,11.0
777,2348,36443,14.0
777,2349,36454,11.0
777,2350,36463,9.0
777,2351,36472,9.0
777,2352,36482,10.0
777,2353,36491,9.0
777,2354,36501,10.0
777,2355,36510,9.0
777,2356,36523,13.0
777,2357,36533,10.0
777,2358,36542,9.0
777,2359,36552,10.0
777,2360,36561,9.0
777,2361,36573,12.0
777,2362,36582,9.0
777,2363,36591,9.0
777,2364,36600,9.0
777,2365,36612,12.0
777,2366,36621,9.0
777,2367,36632,11.0
777,2368,36641,9.0
777,2369,36654,13.0
777,2370,36663,9.0
777,2371,36675,12.0
777,2372,36684,9.0
777,2373,36694,10.0
777,2374,36709,15.0
777,2375,36720,11.0
777,2376,36731,11.0
777,2377,36741,10.0
777,2378,36750,9.0
777,2379,36759,9.0
777,2380,36769,10.0
777,2381,36778,9.0
777,2382,36788,10.0
777,2383,36805,17.0
777,2384,36814,9.0
777,2385,36823,9.0
777,2386,36831,8.0
777,2387,36840,9.0
777,2388,36852,12.0
777,2389,36864,12.0
777,2390,36881,17.0
777,2391,36891,10.0
777,2392,36900,9.0
777,2393,36911,11.0
777,2394,36920,9.0
777,2395,36932,12.0
777,2396,36951,19.0
777,2397,36961,10.0
777,2398,36971,10.0
777,2399,36982,11.0
777,2400,36993,11.0
777,2401,37002,9.0
777,2402,37014,12.0
777,2403,37033,19.0
777,2404,37044,11.0
777,2405,37055,11.0
777,2406,37067,12.0
777,2407,37076,9.0
777,2408,37089,13.0
777,2409,37102,13.0
777,2410,37113,11.0
777,2411,37125,12.0
777,2412,37150,25.0
777,2413,37160,10.0
777,2414,37170,10.0
777,2415,37179,9.0
777,2416,37189,10.0
777,2417,37202,13.0
777,2418,37213,11.0
777,2419,37226,13.0
777,2420,37238,12.0
777,2421,37251,13.0
777,2422,37261,10.0
777,2423,37271,10.0
777,2424,37281,10.0
777,2425,37292,11.0
777,2426,37303,11.0
777,2427,37313,10.0
777,2428,37323,10.0
777,2429,37334,11.0
777,2430,37345,11.0
777,2431,37362,17.0
777,2432,37374,12.0
777,2433,37382,8.0
777,2434,37391,9.0
777,2435,37400,9.0
777,2436,37410,10.0
777,2437,37422,12.0
777,2438,37431,9.0
777,2439,37441,10.0
777,2440,37452,11.0
777,2441,37462,10.0
777,2442,37472,10.0
777,2443,37482,10.0
777,2444,37492,10.0
777,2445,37504,12.0
777,2446,37517,13.0
777,2447,37528,11.0
777,2448,37540,12.0
777,2449,37551,11.0
777,2450,37559,8.0
777,2451,37569,10.0
777,2452,37578,9.0
777,2453,37588,10.0
777,2454,37597,9.0
777,2455,37608,11.0
777,2456,37620,12.0
777,2457,37634,14.0
777,2458,37645,11.0
777,2459,37655,10.0
777,2460,37664,9.0
777,2461,37673,9.0
777,2462,37686,13.0
777,2463,37695,9.0
777,2464,37709,14.0
777,2465,37726,17.0
777,2466,37743,17.0
777,2467,37757,14.0
777,2468,37766,9.0
777,2469,37779,13.0
777,2470,37792,13.0
777,2471,37801,9.0
777,2472,37810,9.0
777,2473,37820,10.0
777,2474,37829,9.0
777,2475,37838,9.0
777,2476,37846,8.0
777,2477,37856,10.0
777,2478,37866,10.0
777,2479,37877,11.0
777,2480,37888,11.0
777,2481,37900,12.0
777,2482,37923,23.0
777,2483,37933,10.0
777,2484,37946,13.0
777,2485,37956,10.0
777,2486,37965,9.0
777,2487,37976,11.0
777,2488,37986,10.0
777,2489,37995,9.0
777,2490,38005,10.0
777,2491,38021,16.0
777,2492,38031,10.0
777,2493,38051,20.0
777,2494,38060,9.0
777,2495,38069,9.0
777,2496,38078,9.0
777,2497,38088,10.0
777,2498,38098,10.0
777,2499,38110,12.0
777,2500,38119,9.0
777,2501,38129,10.0
777,2502,38140,11.0
777,2503,38156,16.0
777,2504,38164,8.0
777,2505,38176,12.0
777,2506,38185,9.0
777,2507,38195,10.0
777,2508,38206,11.0
777,2509,38219,13.0
777,2510,38232,13.0
777,2511,38253,21.0
777,2512,38263,10.0
777,2513,38273,10.0
777,2514,38286,13.0
777,2515,38295,9.0
777,2516,38307,12.0
777,2517,38316,9.0
777,2518,38328,12.0
777,2519,38338,10.0
777,2520,38347,9.0
777,2521,38361,14.0
777,2522,38373,12.0
777,2523,38384,11.0
777,2524,38393,9.0
777,2525,38402,9.0
777,2526,38418,16.0
777,2527,38430,12.0
777,2528,38440,10.0
777,2529,38450,10.0
777,2530,38461,11.0
777,2531,38470,9.0
777,2532,38482,12.0
777,2533,38491,9.0
777,2534,38500,9.0
777,2535,38510,10.0
777,2536,38526,16.0
777,2537,38536,10.0
777,2538,38549,13.0
777,2539,38558,9.0
777,2540,38575,17.0
777,2541,38588,13.0
777,2542,38600,12.0
777,2543,38608,8.0
777,2544,38618,10.0
777,2545,38628,10.0
777,2546,38641,13.0
777,2547,38650,9.0
777,2548,38660,10.0
777,2549,38669,9.0
777,2550,38679,10.0
777,2551,38689,10.0
777,2552,38699,10.0
777,2553,38707,8.0
777,2554,38719,12.0
777,2555,38728,9.0
777,2556,38741,13.0
777,2557,38751,10.0
777,2558,38766,15.0
777,2559,38776,10.0
777,2560,38786,10.0
777,2561,38794,8.0
777,2562,38803,9.0
777,2563,38813,10.0
777,2564,38826,13.0
777,2565,38837,11.0
777,2566,38846,9.0
777,2567,38854,8.0
777,2568,38864,10.0
777,2569,38876,12.0
777,2570,38886,10.0
777,2571,38895,9.0
777,2572,38904,9.0
777,2573,38912,8.0
777,2574,38922,10.0
777,2575,38932,10.0
777,2576,38941,9.0
777,2577,38951,10.0
777,2578,38961,10.0
777,2579,38970,9.0
777,2580,38982,12.0
777,2581,38992,10.0
777,2582,39001,9.0
777,2583,39013,12.0
777,2584,39022,9.0
777,2585,39032,10.0
777,2586,39041,9.0
777,2587,39051,10.0
777,2588,39063,12.0
777,2589,39073,10.0
777,2590,39081,8.0
777,2591,39090,9.0
777,2592,39104,14.0
777,2593,39113,9.0
777,2594,39122,9.0
777,2595,39133,11.0
777,2596,39143,10.0
777,2597,39155,12.0
777,2598,39167,12.0
777,2599,39189,22.0
777,2600,39198,9.0
777,2601,39208,10.0
777,2602,39217,9.0
777,2603,39237,20.0
777,2604,39246,9.0
777,2605,39256,10.0
777,2606,39265,9.0
777,2607,39282,17.0
777,2608,39293,11.0
777,2609,39303,10.0
777,2610,39316,13.0
777,2611,39325,9.0
777,2612,39335,10.0
777,2613,39345,10.0
777,2614,39353,8.0
777,2615,39363,10.0
777,2616,39380,17.0
777,2617,39403,23.0
777,2618,39415,12.0
777,2619,39428,13.0
777,2620,39438,10.0
777,2621,39450,12.0
777,2622,39460,10.0
777,2623,39475,15.0
777,2624,39484,9.0
777,2625,39497,13.0
777,2626,39509,12.0
777,2627,39519,10.0
777,2628,39527,8.0
777,2629,39536,9.0
777,2630,39552,16.0
777,2631,39566,14.0
777,2632,39580,14.0
777,2633,39593,13.0
777,2634,39603,10.0
777,2635,39612,9.0
777,2636,39623,11.0
777,2637,39631,8.0
777,2638,39650,19.0
777,2639,39661,11.0
777,2640,39670,9.0
777,2641,39679,9.0
777,2642,39688,9.0
777,2643,39697,9.0
777,2644,39707,10.0
777,2645,39717,10.0
777,2646,39726,9.0
777,2647,39734,8.0
777,2648,39744,10.0
777,2649,39754,10.0
777,2650,39766,12.0
777,2651,39781,15.0
777,2652,39803,22.0
777,2653,39813,10.0
777,2654,39824,11.0
777,2655,39832,8.0
777,2656,39846,14.0
777,2657,39859,13.0
777,2658,39868,9.0
777,2659,39877,9.0
777,2660,39887,10.0
777,2661,39896,9.0
777,2662,39905,9.0
777,2663,39913,8.0
777,2664,39927,14.0
777,2665,39942,15.0
777,2666,39953,11.0
777,2667,39963,10.0
777,2668,39977,14.0
777,2669,39994,17.0
777,2670,40003,9.0
777,2671,40011,8.0
777,2672,40022,11.0
777,2673,40033,11.0
777,2674,40043,10.0
777,2675,40051,8.0
777,2676,40060,9.0
777,2677,40070,10.0
777,2678,40098,28.0
777,2679,40108,10.0
777,2680,40118,10.0
777,2681,40138,20.0
777,2682,40151,13.0
777,2683,40163,12.0
777,2684,40172,9.0
777,2685,40181,9.0
777,2686,40191,10.0
777,2687,40205,14.0
777,2688,40216,11.0
777,2689,40226,10.0
777,2690,40240,14.0
777,2691,40248,8.0
777,2692,40259,11.0
777,2693,40270,11.0
777,2694,40280,10.0
777,2695,40289,9.0
777,2696,40298,9.0
777,2697,40308,10.0
777,2698,40318,10.0
777,2699,40329,11.0
777,2700,40339,10.0
777,2701,40348,9.0
777,2702,40358,10.0
777,2703,40367,9.0
777,2704,40378,11.0
777,2705,40388,10.0
777,2706,40404,16.0
777,2707,40413,9.0
777,2708,40422,9.0
777,2709,40431,9.0
777,2710,40449,18.0
777,2711,40459,10.0
777,2712,40468,9.0
777,2713,40477,9.0
777,2714,40489,12.0
777,2715,40503,14.0
777,2716,40511,8.0
777,2717,40522,11.0
777,2718,40531,9.0
777,2719,40541,10.0
777,2720,40551,10.0
777,2721,40560,9.0
777,2722,40570,10.0
777,2723,40580,10.0
777,2724,40591,11.0
777,2725,40601,10.0
777,2726,40610,9.0
777,2727,40618,8.0
777,2728,40627,9.0
777,2729,40639,12.0
777,2730,40653,14.0
777,2731,40681,28.0
777,2732,40691,10.0
777,2733,40701,10.0
777,2734,40715,14.0
777,2735,40726,11.0
777,2736,40737,11.0
777,2737,40747,10.0
777,2738,40755,8.0
777,2739,40764,9.0
777,2740,40775,11.0
777,2741,40784,9.0
777,2742,40796,12.0
777,2743,40808,12.0
777,2744,40822,14.0
777,2745,40834,12.0
777,2746,40845,11.0
777,2747,40858,13.0
777,2748,40866,8.0
777,2749,40884,18.0
777,2750,40900,16.0
777,2751,40910,10.0
777,2752,40918,8.0
777,2753,40928,10.0
777,2754,40941,13.0
777,2755,40951,10.0
777,2756,40968,17.0
777,2757,40980,12.0
777,2758,40992,12.0
777,2759,41000,8.0
777,2760,41010,10.0
777,2761,41019,9.0
777,2762,41030,11.0
777,2763,41040,10.0
777,2764,41050,10.0
777,2765,41059,9.0
777,2766,41071,12.0
777,2767,41085,14.0
777,2768,41094,9.0
777,2769,41103,9.0
777,2770,41113,10.0
777,2771,41123,10.0
777,2772,41134,11.0
777,2773,41143,9.0
777,2774,41152,9.0
777,2775,41161,9.0
777,2776,41171,10.0
777,2777,41184,13.0
777,2778,41194,10.0
777,2779,41205,11.0
777,2780,41215,10.0
777,2781,41224,9.0
777,2782,41235,11.0
777,2783,41244,9.0
777,2784,41253,9.0
777,2785,41263,10.0
777,2786,41279,16.0
777,2787,41290,11.0
777,2788,41298,8.0
777,2789,41310,12.0
777,2790,41319,9.0
777,2791,41327,8.0
777,2792,41336,9.0
777,2793,41346,10.0
777,2794,41356,10.0
777,2795,41365,9.0
777,2796,41374,9.0
777,2797,41384,10.0
777,2798,41393,9.0
777,2799,41406,13.0
777,2800,41416,10.0
777,2801,41426,10.0
777,2802,41435,9.0
777,2803,41445,10.0
777,2804,41456,11.0
777,2805,41472,16.0
777,2806,41480,8.0
777,2807,41490,10.0
777,2808,41500,10.0
777,2809,41509,9.0
777,2810,41521,12.0
777,2811,41530,9.0
777,2812,41550,20.0
777,2813,41559,9.0
777,2814,41584,25.0
777,2815,41593,9.0
777,2816,41606,13.0
777,2817,41618,12.0
777,2818,41628,10.0
777,2819,41638,10.0
777,2820,41649,11.0
777,2821,41665,16.0
777,2822,41675,10.0
777,2823,41685,10.0
777,2824,41694,9.0
777,2825,41704,10.0
777,2826,41713,9.0
777,2827,41727,14.0
777,2828,41740,13.0
777,2829,41750,10.0
777,2830,41764,14.0
777,2831,41778,14.0
777,2832,41789,11.0
777,2833,41801,12.0
777,2834,41813,12.0
777,2835,41823,10.0
777,2836,41831,8.0
777,2837,41844,13.0
777,2838,41856,12.0
777,2839,41866,10.0
777,2840,41875,9.0
777,2841,41887,12.0
777,2842,41896,9.0
777,2843,41914,18.0
777,2844,41925,11.0
777,2845,41933,8.0
777,2846,41944,11.0
777,2847,41953,9.0
777,2848,41964,11.0
777,2849,41980,16.0
777,2850,41990,10.0
777,2851,42002,12.0
777,2852,42012,10.0
777,2853,42022,10.0
777,2854,42032,10.0
777,2855,42041,9.0
777,2856,42050,9.0
777,2857,42062,12.0
777,2858,42072,10.0
777,2859,42088,16.0
777,2860,42100,12.0
777,2861,42120,20.0
777,2862,42131,11.0
777,2863,42143,12.0
777,2864,42154,11.0
777,2865,42168,14.0
777,2866,42180,12.0
777,2867,42194,14.0
777,2868,42202,8.0
777,2869,42213,11.0
777,2870,42225,12.0
777,2871,42234,9.0
777,2872,42243,9.0
777,2873,42253,10.0
777,2874,42266,13.0
777,2875,42276,10.0
777,2876,42288,12.0
777,2877,42306,18.0
777,2878,42316,10.0
777,2879,42325,9.0
777,2880,42336,11.0
777,2881,42345,9.0
777,2882,42358,13.0
777,2883,42368,10.0
777,2884,42381,13.0
777,2885,42392,11.0
777,2886,42401,9.0
777,2887,42412,11.0
777,2888,42421,9.0
777,2889,42431,10.0
777,2890,42443,12.0
777,2891,42453,10.0
777,2892,42463,10.0
777,2893,42472,9.0
777,2894,42486,14.0
777,2895,42495,9.0
777,2896,42505,10.0
777,2897,42517,12.0
777,2898,42526,9.0
777,2899,42536,10.0
777,2900,42553,17.0
777,2901,42570,17.0
777,2902,42579,9.0
777,2903,42591,12.0
777,2904,42599,8.0
777,2905,42615,16.0
777,2906,42626,11.0
777,2907,42635,9.0
777,2908,42644,9.0
777,2909,42654,10.0
777,2910,42665,11.0
777,2911,42674,9.0
777,2912,42683,9.0
777,2913,42698,15.0
777,2914,42711,13.0
777,2915,42726,15.0
777,2916,42736,10.0
777,2917,42744,8.0
777,2918,42755,11.0
777,2919,42765,10.0
777,2920,42774,9.0
777,2921,42785,11.0
777,2922,42795,10.0
777,2923,42803,8.0
777,2924,42812,9.0
777,2925,42824,12.0
777,2926,42833,9.0
777,2927,42846,13.0
777,2928,42858,12.0
777,2929,42871,13.0
777,2930,42880,9.0
777,2931,42893,13.0
777,2932,42903,10.0
777,2933,42914,11.0
777,2934,42925,11.0
777,2935,42935,10.0
777,2936,42944,9.0
777,2937,42953,9.0
777,2938,42966,13.0
777,2939,42979,13.0
777,2940,42988,9.0
777,2941,42998,10.0
777,2942,43006,8.0
777,2943,43016,10.0
777,2944,43027,11.0
777,2945,43037,10.0
777,2946,43046,9.0
777,2947,43057,11.0
777,2948,43067,10.0
777,2949,43082,15.0
777,2950,43092,10.0
777,2951,43102,10.0
777,2952,43113,11.0
777,2953,43131,18.0
777,2954,43141,10.0
777,2955,43151,10.0
777,2956,43161,10.0
777,2957,43175,14.0
777,2958,43189,14.0
777,2959,43200,11.0
777,2960,43210,10.0
777,2961,43226,16.0
777,2962,43234,8.0
777,2963,43245,11.0
777,2964,43255,10.0
777,2965,43264,9.0
777,2966,43272,8.0
777,2967,43282,10.0
777,2968,43292,10.0
777,2969,43302,10.0
777,2970,43314,12.0
777,2971,43324,10.0
777,2972,43334,10.0
777,2973,43344,10.0
777,2974,43354,10.0
777,2975,43366,12.0
777,2976,43380,14.0
777,2977,43390,10.0
777,2978,43398,8.0
777,2979,43406,8.0
777,2980,43416,10.0
777,2981,43424,8.0
777,2982,43434,10.0
777,2983,43445,11.0
777,2984,43454,9.0
777,2985,43466,12.0
777,2986,43475,9.0
777,2987,43485,10.0
777,2988,43495,10.0
777,2989,43503,8.0
777,2990,43512,9.0
777,2991,43524,12.0
777,2992,43534,10.0
777,2993,43544,10.0
777,2994,43553,9.0
777,2995,43561,8.0
777,2996,43575,14.0
777,2997,43593,18.0
777,2998,43603,10.0
777,2999,43616,13.0
777,3000,43628,12.0
777,3001,43638,10.0
777,3002,43646,8.0
777,3003,43656,10.0
777,3004,43668,12.0
777,3005,43678,10.0
777,3006,43689,11.0
777,3007,43699,10.0
777,3008,43712,13.0
777,3009,43723,11.0
777,3010,43732,9.0
777,3011,43741,9.0
777,3012,43751,10.0
777,3013,43761,10.0
777,3014,43771,10.0
777,3015,43780,9.0
777,3016,43791,11.0
777,3017,43802,11.0
777,3018,43814,12.0
777,3019,43826,12.0
777,3020,43844,18.0
777,3021,43856,12.0
777,3022,43864,8.0
777,3023,43876,12.0
777,3024,43887,11.0
777,3025,43897,10.0
777,3026,43908,11.0
777,3027,43918,10.0
777,3028,43932,14.0
777,3029,43943,11.0
777,3030,43953,10.0
777,3031,43965,12.0
777,3032,43977,12.0
777,3033,43988,11.0
777,3034,44000,12.0
777,3035,44014,14.0
777,3036,44023,9.0
777,3037,44032,9.0
777,3038,44049,17.0
777,3039,44058,9.0
777,3040,44067,9.0
777,3041,44077,10.0
777,3042,44089,12.0
777,3043,44100,11.0
777,3044,44112,12.0
777,3045,44122,10.0
777,3046,44132,10.0
777,3047,44143,11.0
777,3048,44153,10.0
777,3049,44163,10.0
777,3050,44171,8.0
777,3051,44181,10.0
777,3052,44195,14.0
777,3053,44204,9.0
777,3054,44216,12.0
777,3055,44227,11.0
777,3056,44237,10.0
777,3057,44246,9.0
777,3058,44256,10.0
777,3059,44266,10.0
777,3060,44278,12.0
777,3061,44289,11.0
777,3062,44300,11.0
777,3063,44309,9.0
777,3064,44321,12.0
777,3065,44333,12.0
777,3066,44343,10.0
777,3067,44352,9.0
777,3068,44361,9.0
777,3069,44378,17.0
777,3070,44388,10.0
777,3071,44397,9.0
777,3072,44410,13.0
777,3073,44419,9.0
777,3074,44444,25.0
777,3075,44455,11.0
777,3076,44475,20.0
777,3077,44486,11.0
777,3078,44501,15.0
777,3079,44510,9.0
777,3080,44522,12.0
777,3081,44531,9.0
777,3082,44540,9.0
777,3083,44549,9.0
777,3084,44562,13.0
777,3085,44572,10.0
777,3086,44580,8.0
777,3087,44591,11.0
777,3088,44603,12.0
777,3089,44613,10.0
777,3090,44623,10.0
777,3091,44635,12.0
777,3092,44645,10.0
777,3093,44655,10.0
777,3094,44666,11.0
777,3095,44674,8.0
777,3096,44684,10.0
777,3097,44694,10.0
777,3098,44703,9.0
777,3099,44712,9.0
777,3100,44721,9.0
777,3101,44730,9.0
777,3102,44744,14.0
777,3103,44756,12.0
777,3104,44765,9.0
777,3105,44775,10.0
777,3106,44788,13.0
777,3107,44798,10.0
777,3108,44814,16.0
777,3109,44824,10.0
777,3110,44839,15.0
777,3111,44847,8.0
777,3112,44863,16.0
777,3113,44871,8.0
777,3114,44884,13.0
777,3115,44895,11.0
777,3116,44905,10.0
777,3117,44921,16.0
777,3118,44930,9.0
777,3119,44944,14.0
777,3120,44954,10.0
777,3121,44963,9.0
777,3122,44972,9.0
777,3123,44981,9.0
777,3124,44996,15.0
777,3125,45009,13.0
777,3126,45019,10.0
777,3127,45030,11.0
777,3128,45039,9.0
777,3129,45049,10.0
777,3130,45058,9.0
777,3131,45068,10.0
777,3132,45078,10.0
777,3133,45088,10.0
777,3134,45098,10.0
777,3135,45107,9.0
777,3136,45119,12.0
777,3137,45129,10.0
777,3138,45138,9.0
777,3139,45147,9.0
777,3140,45165,18.0
777,3141,45176,11.0
777,3142,45185,9.0
777,3143,45193,8.0
777,3144,45202,9.0
777,3145,45212,10.0
777,3146,45221,9.0
777,3147,45229,8.0
777,3148,45240,11.0
777,3149,45253,13.0
777,3150,45266,13.0
777,3151,45274,8.0
777,3152,45287,13.0
777,3153,45302,15.0
777,3154,45312,10.0
777,3155,45322,10.0
777,3156,45334,12.0
777,3157,45344,10.0
777,3158,45352,8.0
777,3159,45363,11.0
777,3160,45375,12.0
777,3161,45385,10.0
777,3162,45396,11.0
777,3163,45406,10.0
777,3164,45415,9.0
777,3165,45430,15.0
777,3166,45441,11.0
777,3167,45452,11.0
777,3168,45463,11.0
777,3169,45474,11.0
777,3170,45482,8.0
777,3171,45494,12.0
777,3172,45503,9.0
777,3173,45513,10.0
777,3174,45522,9.0
777,3175,45532,10.0
777,3176,45541,9.0
777,3177,45551,10.0
777,3178,45560,9.0
777,3179,45574,14.0
777,3180,45583,9.0
777,3181,45597,14.0
777,3182,45612,15.0
777,3183,45622,10.0
777,3184,45634,12.0
777,3185,45645,11.0
777,3186,45655,10.0
777,3187,45665,10.0
777,3188,45678,13.0
777,3189,45688,10.0
777,3190,45698,10.0
777,3191,45706,8.0
777,3192,45718,12.0
777,3193,45728,10.0
777,3194,45738,10.0
777,3195,45747,9.0
777,3196,45757,10.0
777,3197,45766,9.0
777,3198,45776,10.0
777,3199,45786,10.0
777,3200,45796,10.0
777,3201,45809,13.0
777,3202,45818,9.0
777,3203,45827,9.0
777,3204,45837,10.0
777,3205,45846,9.0
777,3206,45863,17.0
777,3207,45875,12.0
777,3208,45888,13.0
777,3209,45899,11.0
777,3210,45909,10.0
777,3211,45924,15.0
777,3212,45935,11.0
777,3213,45946,11.0
777,3214,45955,9.0
777,3215,45965,10.0
777,3216,45974,9.0
777,3217,45991,17.0
777,3218,46001,10.0
777,3219,46017,16.0
777,3220,46026,9.0
777,3221,46043,17.0
777,3222,46053,10.0
777,3223,46066,13.0
777,3224,46079,13.0
777,3225,46088,9.0
777,3226,46096,8.0
777,3227,46106,10.0
777,3228,46116,10.0
777,3229,46132,16.0
777,3230,46141,9.0
777,3231,46153,12.0
777,3232,46164,11.0
777,3233,46172,8.0
777,3234,46184,12.0
777,3235,46193,9.0
777,3236,46203,10.0
777,3237,46212,9.0
777,3238,46223,11.0
777,3239,46234,11.0
777,3240,46244,10.0
777,3241,46253,9.0
777,3242,46262,9.0
777,3243,46273,11.0
777,3244,46283,10.0
777,3245,46293,10.0
777,3246,46305,12.0
777,3247,46316,11.0
777,3248,46324,8.0
777,3249,46335,11.0
777,3250,46344,9.0
777,3251,46354,10.0
777,3252,46364,10.0
777,3253,46374,10.0
777,3254,46386,12.0
777,3255,46394,8.0
777,3256,46403,9.0
777,3257,46412,9.0
777,3258,46422,10.0
777,3259,46432,10.0
777,3260,46441,9.0
777,3261,46451,10.0
777,3262,46461,10.0
777,3263,46471,10.0
777,3264,46482,11.0
777,3265,46493,11.0
777,3266,46502,9.0
777,3267,46513,11.0
777,3268,46522,9.0
777,3269,46532,10.0
777,3270,46548,16.0
777,3271,46556,8.0
777,3272,46565,9.0
777,3273,46575,10.0
777,3274,46586,11.0
777,3275,46594,8.0
777,3276,46604,10.0
777,3277,46615,11.0
777,3278,46624,9.0
777,3279,46638,14.0
777,3280,46647,9.0
777,3281,46659,12.0
777,3282,46668,9.0
777,3283,46678,10.0
777,3284,46686,8.0
777,3285,46695,9.0
777,3286,46707,12.0
777,3287,46716,9.0
777,3288,46725,9.0
777,3289,46739,14.0
777,3290,46749,10.0
777,3291,46758,9.0
777,3292,46768,10.0
777,3293,46777,9.0
777,3294,46785,8.0
777,3295,46794,9.0
777,3296,46804,10.0
777,3297,46813,9.0
777,3298,46825,12.0
777,3299,46834,9.0
777,3300,46843,9.0
777,3301,46855,12.0
777,3302,46865,10.0
777,3303,46887,22.0
777,3304,46896,9.0
777,3305,46906,10.0
777,3306,46915,9.0
777,3307,46924,9.0
777,3308,46935,11.0
777,3309,46945,10.0
777,3310,46953,8.0
777,3311,46963,10.0
777,3312,46975,12.0
777,3313,46984,9.0
777,3314,46997,13.0
777,3315,47006,9.0
777,3316,47017,11.0
777,3317,47025,8.0
777,3318,47034,9.0
777,3319,47044,10.0
777,3320,47053,9.0
777,3321,47063,10.0
777,3322,47072,9.0
777,3323,47082,10.0
777,3324,47093,11.0
777,3325,47103,10.0
777,3326,47112,9.0
777,3327,47123,11.0
777,3328,47141,18.0
777,3329,47150,9.0
777,3330,47160,10.0
777,3331,47171,11.0
777,3332,47181,10.0
777,3333,47194,13.0
777,3334,47205,11.0
777,3335,47215,10.0
777,3336,47225,10.0
777,3337,47233,8.0
777,3338,47243,10.0
777,3339,47252,9.0
777,3340,47264,12.0
777,3341,47279,15.0
777,3342,47289,10.0
777,3343,47297,8.0
777,3344,47307,10.0
777,3345,47316,9.0
777,3346,47327,11.0
777,3347,47336,9.0
777,3348,47346,10.0
777,3349,47355,9.0
777,3350,47367,12.0
777,3351,47377,10.0
777,3352,47387,10.0
777,3353,47399,12.0
777,3354,47409,10.0
777,3355,47419,10.0
777,3356,47429,10.0
777,3357,47437,8.0
777,3358,47449,12.0
777,3359,47459,10.0
777,3360,47470,11.0
777,3361,47480,10.0
777,3362,47492,12.0
777,3363,47504,12.0
777,3364,47514,10.0
777,3365,47525,11.0
777,3366,47537,12.0
777,3367,47547,10.0
777,3368,47557,10.0
777,3369,47568,11.0
777,3370,47576,8.0
777,3371,47586,10.0
777,3372,47595,9.0
777,3373,47605,10.0
777,3374,47615,10.0
777,3375,47631,16.0
777,3376,47644,13.0
777,3377,47654,10.0
777,3378,47664,10.0
777,3379,47673,9.0
777,3380,47681,8.0
777,3381,47691,10.0
777,3382,47702,11.0
777,3383,47713,11.0
777,3384,47723,10.0
777,3385,47732,9.0
777,3386,47742,10.0
777,3387,47752,10.0
777,3388,47762,10.0
777,3389,47775,13.0
777,3390,47785,10.0
777,3391,47795,10.0
777,3392,47806,11.0
777,3393,47816,10.0
777,3394,47826,10.0
777,3395,47835,9.0
777,3396,47859,24.0
777,3397,47869,10.0
777,3398,47879,10.0
777,3399,47891,12.0
777,3400,47900,9.0
777,3401,47910,10.0
777,3402,47920,10.0
777,3403,47931,11.0
777,3404,47940,9.0
777,3405,47951,11.0
777,3406,47960,9.0
777,3407,47971,11.0
777,3408,47980,9.0
777,3409,47989,9.0
777,3410,47999,10.0
777,3411,48008,9.0
777,3412,48023,15.0
777,3413,48034,11.0
777,3414,48044,10.0
777,3415,48054,10.0
777,3416,48066,12.0
777,3417,48076,10.0
777,3418,48086,10.0
777,3419,48096,10.0
777,3420,48106,10.0
777,3421,48118,12.0
777,3422,48128,10.0
777,3423,48138,10.0
777,3424,48147,9.0
777,3425,48158,11.0
777,3426,48169,11.0
777,3427,48179,10.0
777,3428,48189,10.0
777,3429,48202,13.0
777,3430,48214,12.0
777,3431,48223,9.0
777,3432,48235,12.0
777,3433,48244,9.0
777,3434,48254,10.0
777,3435,48269,15.0
777,3436,48278,9.0
777,3437,48288,10.0
777,3438,48298,10.0
777,3439,48307,9.0
777,3440,48316,9.0
777,3441,48328,12.0
777,3442,48337,9.0
777,3443,48345,8.0
777,3444,48355,10.0
777,3445,48366,11.0
777,3446,48377,11.0
777,3447,48386,9.0
777,3448,48396,10.0
777,3449,48408,12.0
777,3450,48417,9.0
777,3451,48430,13.0
777,3452,48441,11.0
777,3453,48451,10.0
777,3454,48460,9.0
777,3455,48476,16.0
777,3456,48485,9.0
777,3457,48493,8.0
777,3458,48501,8.0
777,3459,48513,12.0
777,3460,48522,9.0
777,3461,48531,9.0
777,3462,48541,10.0
777,3463,48551,10.0
777,3464,48560,9.0
777,3465,48572,12.0
777,3466,48581,9.0
777,3467,48591,10.0
777,3468,48602,11.0
777,3469,48612,10.0
777,3470,48631,19.0
777,3471,48643,12.0
777,3472,48653,10.0
777,3473,48665,12.0
777,3474,48674,9.0
777,3475,48686,12.0
777,3476,48695,9.0
777,3477,48704,9.0
777,3478,48714,10.0
777,3479,48723,9.0
777,3480,48733,10.0
777,3481,48742,9.0
777,3482,48753,11.0
777,3483,48765,12.0
777,3484,48775,10.0
777,3485,48783,8.0
777,3486,48793,10.0
777,3487,48801,8.0
777,3488,48810,9.0
777,3489,48820,10.0
777,3490,48832,12.0
777,3491,48843,11.0
777,3492,48852,9.0
777,3493,48864,12.0
777,3494,48873,9.0
777,3495,48883,10.0
777,3496,48897,14.0
777,3497,48907,10.0
777,3498,48917,10.0
777,3499,48927,10.0
777,3500,48939,12.0
777,3501,48948,9.0
777,3502,48957,9.0
777,3503,48967,10.0
777,3504,48977,10.0
777,3505,48987,10.0
777,3506,48999,12.0
777,3507,49010,11.0
777,3508,49018,8.0
777,3509,49027,9.0
777,3510,49037,10.0
777,3511,49048,11.0
777,3512,49058,10.0
777,3513,49067,9.0
777,3514,49082,15.0
777,3515,49092,10.0
777,3516,49103,11.0
777,3517,49132,29.0
777,3518,49141,9.0
777,3519,49151,10.0
777,3520,49166,15.0
777,3521,49185,19.0
777,3522,49199,14.0
777,3523,49209,10.0
777,3524,49218,9.0
777,3525,49230,12.0
777,3526,49239,9.0
777,3527,49247,8.0
777,3528,49258,11.0
777,3529,49273,15.0
777,3530,49292,19.0
777,3531,49301,9.0
777,3532,49311,10.0
777,3533,49323,12.0
777,3534,49333,10.0
777,3535,49344,11.0
777,3536,49352,8.0
777,3537,49361,9.0
777,3538,49371,10.0
777,3539,49384,13.0
777,3540,49393,9.0
777,3541,49405,12.0
777,3542,49415,10.0
777,3543,49425,10.0
777,3544,49434,9.0
777,3545,49443,9.0
777,3546,49453,10.0
777,3547,49467,14.0
777,3548,49476,9.0
777,3549,49488,12.0
777,3550,49498,10.0
777,3551,49507,9.0
777,3552,49516,9.0
777,3553,49525,9.0
777,3554,49535,10.0
777,3555,49545,10.0
777,3556,49556,11.0
777,3557,49567,11.0
777,3558,49577,10.0
777,3559,49587,10.0
777,3560,49601,14.0
777,3561,49611,10.0
777,3562,49620,9.0
777,3563,49631,11.0
777,3564,49640,9.0
777,3565,49651,11.0
777,3566,49666,15.0
777,3567,49676,10.0
777,3568,49689,13.0
777,3569,49697,8.0
777,3570,49709,12.0
777,3571,49722,13.0
777,3572,49732,10.0
777,3573,49742,10.0
777,3574,49753,11.0
777,3575,49763,10.0
777,3576,49776,13.0
777,3577,49785,9.0
777,3578,49795,10.0
777,3579,49805,10.0
777,3580,49816,11.0
777,3581,49826,10.0
777,3582,49842,16.0
777,3583,49851,9.0
777,3584,49861,10.0
777,3585,49871,10.0
777,3586,49881,10.0
777,3587,49891,10.0
777,3588,49901,10.0
777,3589,49909,8.0
777,3590,49920,11.0
777,3591,49930,10.0
777,3592,49944,14.0
777,3593,49954,10.0
777,3594,49965,11.0
777,3595,49975,10.0
777,3596,49984,9.0
777,3597,49994,10.0
777,3598,50003,9.0
777,3599,50014,11.0
777,3600,50025,11.0
777,3601,50036,11.0
777,3602,50046,10.0
777,3603,50056,10.0
777,3604,50065,9.0
777,3605,50075,10.0
777,3606,50085,10.0
777,3607,50096,11.0
777,3608,50106,10.0
777,3609,50115,9.0
777,3610,50124,9.0
777,3611,50134,10.0
777,3612,50144,10.0
777,3613,50154,10.0
777,3614,50164,10.0
777,3615,50175,11.0
777,3616,50185,10.0
777,3617,50196,11.0
777,3618,50205,9.0
777,3619,50214,9.0
777,3620,50224,10.0
777,3621,50234,10.0
777,3622,50245,11.0
777,3623,50255,10.0
777,3624,50266,11.0
777,3625,50276,10.0
777,3626,50287,11.0
777,3627,50296,9.0
777,3628,50305,9.0
777,3629,50314,9.0
777,3630,50322,8.0
777,3631,50333,11.0
777,3632,50342,9.0
777,3633,50353,11.0
777,3634,50363,10.0
777,3635,50375,12.0
777,3636,50385,10.0
777,3637,50396,11.0
777,3638,50407,11.0
777,3639,50416,9.0
777,3640,50424,8.0
777,3641,50437,13.0
777,3642,50447,10.0
777,3643,50461,14.0
777,3644,50471,10.0
777,3645,50483,12.0
777,3646,50492,9.0
777,3647,50501,9.0
777,3648,50518,17.0
777,3649,50528,10.0
777,3650,50537,9.0
777,3651,50552,15.0
777,3652,50562,10.0
777,3653,50572,10.0
777,3654,50581,9.0
777,3655,50590,9.0
777,3656,50600,10.0
777,3657,50608,8.0
777,3658,50618,10.0
777,3659,50628,10.0
777,3660,50636,8.0
777,3661,50647,11.0
777,3662,50655,8.0
777,3663,50664,9.0
777,3664,50674,10.0
777,3665,50683,9.0
777,3666,50695,12.0
777,3667,50705,10.0
777,3668,50718,13.0
777,3669,50727,9.0
777,3670,50739,12.0
777,3671,50749,10.0
777,3672,50765,16.0
777,3673,50775,10.0
777,3674,50784,9.0
777,3675,50794,10.0
777,3676,50807,13.0
777,3677,50822,15.0
777,3678,50832,10.0
777,3679,50841,9.0
777,3680,50851,10.0
777,3681,50860,9.0
777,3682,50875,15.0
777,3683,50885,10.0
777,3684,50895,10.0
777,3685,50904,9.0
777,3686,50916,12.0
777,3687,50927,11.0
777,3688,50940,13.0
777,3689,50950,10.0
777,3690,50960,10.0
777,3691,50969,9.0
777,3692,50979,10.0
777,3693,50993,14.0
777,3694,51004,11.0
777,3695,51014,10.0
777,3696,51024,10.0
777,3697,51035,11.0
777,3698,51046,11.0
777,3699,51062,16.0
777,3700,51072,10.0
777,3701,51089,17.0
777,3702,51099,10.0
777,3703,51109,10.0
777,3704,51119,10.0
777,3705,51127,8.0
777,3706,51136,9.0
777,3707,51148,12.0
777,3708,51159,11.0
777,3709,51173,14.0
777,3710,51182,9.0
777,3711,51195,13.0
777,3712,51205,10.0
777,3713,51216,11.0
777,3714,51230,14.0
777,3715,51239,9.0
777,3716,51250,11.0
777,3717,51259,9.0
777,3718,51268,9.0
777,3719,51283,15.0
777,3720,51293,10.0
777,3721,51303,10.0
777,3722,51313,10.0
777,3723,51326,13.0
777,3724,51335,9.0
777,3725,51347,12.0
777,3726,51357,10.0
777,3727,51372,15.0
777,3728,51383,11.0
777,3729,51393,10.0
777,3730,51407,14.0
777,3731,51420,13.0
777,3732,51431,11.0
777,3733,51444,13.0
777,3734,51453,9.0
777,3735,51464,11.0
777,3736,51474,10.0
777,3737,51484,10.0
777,3738,51495,11.0
777,3739,51506,11.0
777,3740,51516,10.0
777,3741,51526,10.0
777,3742,51539,13.0
777,3743,51551,12.0
777,3744,51562,11.0
777,3745,51571,9.0
777,3746,51580,9.0
777,3747,51590,10.0
777,3748,51603,13.0
777,3749,51613,10.0
777,3750,51623,10.0
777,3751,51632,9.0
777,3752,51642,10.0
777,3753,51652,10.0
777,3754,51662,10.0
777,3755,51671,9.0
777,3756,51681,10.0
777,3757,51692,11.0
777,3758,51701,9.0
777,3759,51711,10.0
777,3760,51721,10.0
777,3761,51731,10.0
777,3762,51742,11.0
777,3763,51752,10.0
777,3764,51764,12.0
777,3765,51774,10.0
777,3766,51782,8.0
777,3767,51791,9.0
777,3768,51801,10.0
777,3769,51813,12.0
777,3770,51827,14.0
777,3771,51841,14.0
777,3772,51851,10.0
777,3773,51862,11.0
777,3774,51870,8.0
777,3775,51879,9.0
777,3776,51889,10.0
777,3777,51903,14.0
777,3778,51918,15.0
777,3779,51927,9.0
777,3780,51936,9.0
777,3781,51946,10.0
777,3782,51955,9.0
777,3783,51964,9.0
777,3784,51974,10.0
777,3785,51985,11.0
777,3786,51998,13.0
777,3787,52009,11.0
777,3788,52020,11.0
777,3789,52033,13.0
777,3790,52044,11.0
777,3791,52053,9.0
777,3792,52063,10.0
777,3793,52073,10.0
777,3794,52082,9.0
777,3795,52095,13.0
777,3796,52104,9.0
777,3797,52113,9.0
777,3798,52123,10.0
777,3799,52132,9.0
777,3800,52142,10.0
777,3801,52154,12.0
777,3802,52165,11.0
777,3803,52175,10.0
777,3804,52186,11.0
777,3805,52195,9.0
777,3806,52207,12.0
777,3807,52220,13.0
777,3808,52231,11.0
777,3809,52240,9.0
777,3810,52252,12.0
777,3811,52261,9.0
777,3812,52272,11.0
777,3813,52283,11.0
777,3814,52292,9.0
777,3815,52302,10.0
777,3816,52311,9.0
777,3817,52320,9.0
777,3818,52329,9.0
777,3819,52338,9.0
777,3820,52348,10.0
777,3821,52357,9.0
777,3822,52368,11.0
777,3823,52378,10.0
777,3824,52388,10.0
777,3825,52397,9.0
777,3826,52409,12.0
777,3827,52419,10.0
777,3828,52429,10.0
777,3829,52439,10.0
777,3830,52448,9.0
777,3831,52457,9.0
777,3832,52468,11.0
777,3833,52482,14.0
777,3834,52492,10.0
777,3835,52501,9.0
777,3836,52511,10.0
777,3837,52522,11.0
777,3838,52532,10.0
777,3839,52541,9.0
777,3840,52551,10.0
777,3841,52561,10.0
777,3842,52569,8.0
777,3843,52581,12.0
777,3844,52590,9.0
777,3845,52601,11.0
777,3846,52611,10.0
777,3847,52619,8.0
777,3848,52629,10.0
777,3849,52639,10.0
777,3850,52649,10.0
777,3851,52659,10.0
777,3852,52668,9.0
777,3853,52678,10.0
777,3854,52688,10.0
777,3855,52705,17.0
777,3856,52715,10.0
777,3857,52727,12.0
777,3858,52737,10.0
777,3859,52747,10.0
777,3860,52761,14.0
777,3861,52770,9.0
777,3862,52780,10.0
777,3863,52792,12.0
777,3864,52801,9.0
777,3865,52811,10.0
777,3866,52821,10.0
777,3867,52833,12.0
777,3868,52842,9.0
777,3869,52852,10.0
777,3870,52861,9.0
777,3871,52870,9.0
777,3872,52882,12.0
777,3873,52891,9.0
777,3874,52900,9.0
777,3875,52910,10.0
777,3876,52919,9.0
777,3877,52928,9.0
777,3878,52940,12.0
777,3879,52958,18.0
777,3880,52970,12.0
777,3881,52984,14.0
777,3882,52995,11.0
777,3883,53005,10.0
777,3884,53014,9.0
777,3885,53023,9.0
777,3886,53032,9.0
777,3887,53043,11.0
777,3888,53071,28.0
777,3889,53081,10.0
777,3890,53090,9.0
777,3891,53100,10.0
777,3892,53111,11.0
777,3893,53120,9.0
777,3894,53128,8.0
777,3895,53143,15.0
777,3896,53151,8.0
777,3897,53162,11.0
777,3898,53177,15.0
777,3899,53187,10.0
777,3900,53196,9.0
777,3901,53207,11.0
777,3902,53216,9.0
777,3903,53225,9.0
777,3904,53234,9.0
777,3905,53244,10.0
777,3906,53253,9.0
777,3907,53261,8.0
777,3908,53274,13.0
777,3909,53285,11.0
777,3910,53295,10.0
777,3911,53304,9.0
777,3912,53313,9.0
777,3913,53324,11.0
777,3914,53334,10.0
777,3915,53347,13.0
777,3916,53356,9.0
777,3917,53366,10.0
777,3918,53375,9.0
777,3919,53384,9.0
777,3920,53394,10.0
777,3921,53405,11.0
777,3922,53414,9.0
777,3923,53424,10.0
777,3924,53434,10.0
777,3925,53443,9.0
777,3926,53452,9.0
777,3927,53460,8.0
777,3928,53471,11.0
777,3929,53481,10.0
777,3930,53493,12.0
777,3931,53503,10.0
777,3932,53512,9.0
777,3933,53526,14.0
777,3934,53536,10.0
777,3935,53545,9.0
777,3936,53555,10.0
777,3937,53567,12.0
777,3938,53576,9.0
777,3939,53584,8.0
777,3940,53594,10.0
777,3941,53604,10.0
777,3942,53613,9.0
777,3943,53622,9.0
777,3944,53632,10.0
777,3945,53642,10.0
777,3946,53652,10.0
777,3947,53670,18.0
777,3948,53687,17.0
777,3949,53696,9.0
777,3950,53706,10.0
777,3951,53718,12.0
777,3952,53728,10.0
777,3953,53741,13.0
777,3954,53749,8.0
777,3955,53759,10.0
777,3956,53769,10.0
777,3957,53780,11.0
777,3958,53791,11.0
777,3959,53800,9.0
777,3960,53810,10.0
777,3961,53821,11.0
777,3962,53831,10.0
777,3963,53840,9.0
777,3964,53851,11.0
777,3965,53859,8.0
777,3966,53869,10.0
777,3967,53878,9.0
777,3968,53890,12.0
777,3969,53906,16.0
777,3970,53916,10.0
777,3971,53926,10.0
777,3972,53934,8.0
777,3973,53947,13.0
777,3974,53959,12.0
777,3975,53969,10.0
777,3976,53982,13.0
777,3977,53993,11.0
777,3978,54005,12.0
777,3979,54016,11.0
777,3980,54025,9.0
777,3981,54034,9.0
777,3982,54044,10.0
777,3983,54053,9.0
777,3984,54062,9.0
777,3985,54076,14.0
777,3986,54087,11.0
777,3987,54098,11.0
777,3988,54109,11.0
777,3989,54118,9.0
777,3990,54128,10.0
777,3991,54138,10.0
777,3992,54147,9.0
777,3993,54157,10.0
777,3994,54167,10.0
777,3995,54176,9.0
777,3996,54188,12.0
777,3997,54199,11.0
777,3998,54208,9.0
777,3999,54218,10.0
777,4000,54230,12.0
777,4001,54240,10.0
777,4002,54251,11.0
777,4003,54261,10.0
777,4004,54274,13.0
777,4005,54283,9.0
777,4006,54298,15.0
777,4007,54312,14.0
777,4008,54321,9.0
777,4009,54329,8.0
777,4010,54338,9.0
777,4011,54347,9.0
777,4012,54358,11.0
777,4013,54369,11.0
777,4014,54380,11.0
777,4015,54389,9.0
777,4016,54398,9.0
777,4017,54408,10.0
777,4018,54418,10.0
777,4019,54428,10.0
777,4020,54440,12.0
777,4021,54450,10.0
777,4022,54465,15.0
777,4023,54475,10.0
777,4024,54485,10.0
777,4025,54494,9.0
777,4026,54504,10.0
777,4027,54513,9.0
777,4028,54525,12.0
777,4029,54537,12.0
777,4030,54549,12.0
777,4031,54559,10.0
777,4032,54568,9.0
777,4033,54584,16.0
777,4034,54596,12.0
777,4035,54611,15.0
777,4036,54621,10.0
777,4037,54630,9.0
777,4038,54643,13.0
777,4039,54653,10.0
777,4040,54663,10.0
777,4041,54674,11.0
777,4042,54684,10.0
777,4043,54694,10.0
777,4044,54707,13.0
777,4045,54721,14.0
777,4046,54730,9.0
777,4047,54741,11.0
777,4048,54749,8.0
777,4049,54758,9.0
777,4050,54768,10.0
777,4051,54778,10.0
777,4052,54787,9.0
777,4053,54796,9.0
777,4054,54805,9.0
777,4055,54815,10.0
777,4056,54829,14.0
777,4057,54839,10.0
777,4058,54849,10.0
777,4059,54859,10.0
777,4060,54869,10.0
777,4061,54877,8.0
777,4062,54889,12.0
777,4063,54898,9.0
777,4064,54908,10.0
777,4065,54917,9.0
777,4066,54926,9.0
777,4067,54938,12.0
777,4068,54947,9.0
777,4069,54955,8.0
777,4070,54963,8.0
777,4071,54974,11.0
777,4072,54983,9.0
777,4073,54991,8.0
777,4074,55000,9.0
777,4075,55011,11.0
777,4076,55025,14.0
777,4077,55034,9.0
777,4078,55045,11.0
777,4079,55064,19.0
777,4080,55073,9.0
777,4081,55083,10.0
777,4082,55093,10.0
777,4083,55105,12.0
777,4084,55115,10.0
777,4085,55126,11.0
777,4086,55135,9.0
777,4087,55146,11.0
777,4088,55156,10.0
777,4089,55167,11.0
777,4090,55176,9.0
777,4091,55185,9.0
777,4092,55194,9.0
777,4093,55203,9.0
777,4094,55212,9.0
777,4095,55222,10.0
777,4096,55232,10.0
777,4097,55242,10.0
777,4098,55252,10.0
777,4099,55261,9.0
777,4100,55271,10.0
777,4101,55281,10.0
777,4102,55290,9.0
777,4103,55301,11.0
777,4104,55310,9.0
777,4105,55319,9.0
777,4106,55332,13.0
777,4107,55344,12.0
777,4108,55352,8.0
777,4109,55360,8.0
777,4110,55370,10.0
777,4111,55381,11.0
777,4112,55391,10.0
777,4113,55400,9.0
777,4114,55410,10.0
777,4115,55419,9.0
777,4116,55429,10.0
777,4117,55440,11.0
777,4118,55450,10.0
777,4119,55459,9.0
777,4120,55469,10.0
777,4121,55478,9.0
777,4122,55487,9.0
777,4123,55497,10.0
777,4124,55509,12.0
777,4125,55517,8.0
777,4126,55525,8.0
777,4127,55537,12.0
777,4128,55547,10.0
777,4129,55562,15.0
777,4130,55572,10.0
777,4131,55581,9.0
777,4132,55592,11.0
777,4133,55601,9.0
777,4134,55610,9.0
777,4135,55620,10.0
777,4136,55630,10.0
777,4137,55639,9.0
777,4138,55650,11.0
777,4139,55659,9.0
777,4140,55668,9.0
777,4141,55678,10.0
777,4142,55691,13.0
777,4143,55701,10.0
777,4144,55711,10.0
777,4145,55720,9.0
777,4146,55731,11.0
777,4147,55739,8.0
777,4148,55750,11.0
777,4149,55760,10.0
777,4150,55769,9.0
777,4151,55779,10.0
777,4152,55790,11.0
777,4153,55799,9.0
777,4154,55808,9.0
777,4155,55818,10.0
777,4156,55828,10.0
777,4157,55838,10.0
777,4158,55848,10.0
777,4159,55856,8.0
777,4160,55866,10.0
777,4161,55876,10.0
777,4162,55889,13.0
777,4163,55899,10.0
777,4164,55910,11.0
777,4165,55925,15.0
777,4166,55935,10.0
777,4167,55945,10.0
777,4168,55958,13.0
777,4169,55966,8.0
777,4170,55978,12.0
777,4171,55988,10.0
777,4172,56002,14.0
777,4173,56011,9.0
777,4174,56021,10.0
777,4175,56036,15.0
777,4176,56044,8.0
777,4177,56053,9.0
777,4178,56066,13.0
777,4179,56076,10.0
777,4180,56084,8.0
777,4181,56096,12.0
777,4182,56105,9.0
777,4183,56115,10.0
777,4184,56128,13.0
777,4185,56136,8.0
777,4186,56144,8.0
777,4187,56157,13.0
777,4188,56167,10.0
777,4189,56181,14.0
777,4190,56191,10.0
777,4191,56201,10.0
777,4192,56210,9.0
777,4193,56222,12.0
777,4194,56232,10.0
777,4195,56242,10.0
777,4196,56251,9.0
777,4197,56263,12.0
777,4198,56272,9.0
777,4199,56282,10.0
777,4200,56291,9.0
777,4201,56301,10.0
777,4202,56310,9.0
777,4203,56319,9.0
777,4204,56329,10.0
777,4205,56340,11.0
777,4206,56349,9.0
777,4207,56360,11.0
777,4208,56369,9.0
777,4209,56378,9.0
777,4210,56386,8.0
777,4211,56396,10.0
777,4212,56406,10.0
777,4213,56415,9.0
777,4214,56425,10.0
777,4215,56435,10.0
777,4216,56445,10.0
777,4217,56455,10.0
777,4218,56464,9.0
777,4219,56472,8.0
777,4220,56482,10.0
777,4221,56492,10.0
777,4222,56504,12.0
777,4223,56514,10.0
777,4224,56529,15.0
777,4225,56539,10.0
777,4226,56548,9.0
777,4227,56557,9.0
777,4228,56566,9.0
777,4229,56575,9.0
777,4230,56586,11.0
777,4231,56594,8.0
777,4232,56604,10.0
777,4233,56615,11.0
777,4234,56626,11.0
777,4235,56635,9.0
777,4236,56644,9.0
777,4237,56653,9.0
777,4238,56665,12.0
777,4239,56674,9.0
777,4240,56684,10.0
777,4241,56694,10.0
777,4242,56704,10.0
777,4243,56713,9.0
777,4244,56723,10.0
777,4245,56732,9.0
777,4246,56741,9.0
777,4247,56751,10.0
777,4248,56760,9.0
777,4249,56775,15.0
777,4250,56787,12.0
777,4251,56795,8.0
777,4252,56809,14.0
777,4253,56819,10.0
777,4254,56833,14.0
777,4255,56843,10.0
777,4256,56852,9.0
777,4257,56860,8.0
777,4258,56873,13.0
777,4259,56883,10.0
777,4260,56892,9.0
777,4261,56901,9.0
777,4262,56911,10.0
777,4263,56921,10.0
777,4264,56932,11.0
777,4265,56942,10.0
777,4266,56952,10.0
777,4267,56964,12.0
777,4268,56975,11.0
777,4269,56989,14.0
777,4270,56998,9.0
777,4271,57007,9.0
777,4272,57017,10.0
777,4273,57028,11.0
777,4274,57040,12.0
777,4275,57048,8.0
777,4276,57062,14.0
777,4277,57073,11.0
777,4278,57082,9.0
777,4279,57092,10.0
777,4280,57103,11.0
777,4281,57113,10.0
777,4282,57122,9.0
777,4283,57132,10.0
777,4284,57144,12.0
777,4285,57156,12.0
777,4286,57167,11.0
777,4287,57177,10.0
777,4288,57188,11.0
777,4289,57199,11.0
777,4290,57208,9.0
777,4291,57219,11.0
777,4292,57229,10.0
777,4293,57238,9.0
777,4294,57247,9.0
777,4295,57258,11.0
777,4296,57268,10.0
777,4297,57277,9.0
777,4298,57293,16.0
777,4299,57302,9.0
777,4300,57317,15.0
777,4301,57325,8.0
777,4302,57333,8.0
777,4303,57342,9.0
777,4304,57351,9.0
777,4305,57363,12.0
777,4306,57373,10.0
777,4307,57383,10.0
777,4308,57397,14.0
777,4309,57406,9.0
777,4310,57418,12.0
777,4311,57429,11.0
777,4312,57444,15.0
777,4313,57454,10.0
777,4314,57463,9.0
777,4315,57472,9.0
777,4316,57482,10.0
777,4317,57491,9.0
777,4318,57501,10.0
777,4319,57512,11.0
777,4320,57522,10.0
777,4321,57532,10.0
777,4322,57543,11.0
777,4323,57556,13.0
777,4324,57566,10.0
777,4325,57576,10.0
777,4326,57588,12.0
777,4327,57597,9.0
777,4328,57609,12.0
777,4329,57621,12.0
777,4330,57634,13.0
777,4331,57644,10.0
777,4332,57658,14.0
777,4333,57669,11.0
777,4334,57679,10.0
777,4335,57688,9.0
777,4336,57701,13.0
777,4337,57712,11.0
777,4338,57722,10.0
777,4339,57730,8.0
777,4340,57740,10.0
777,4341,57749,9.0
777,4342,57759,10.0
777,4343,57770,11.0
777,4344,57780,10.0
777,4345,57790,10.0
777,4346,57800,10.0
777,4347,57810,10.0
777,4348,57821,11.0
777,4349,57829,8.0
777,4350,57843,14.0
777,4351,57852,9.0
777,4352,57862,10.0
777,4353,57873,11.0
777,4354,57884,11.0
777,4355,57893,9.0
777,4356,57903,10.0
777,4357,57911,8.0
777,4358,57919,8.0
777,4359,57929,10.0
777,4360,57940,11.0
777,4361,57950,10.0
777,4362,57959,9.0
777,4363,57971,12.0
777,4364,57981,10.0
777,4365,57991,10.0
777,4366,58000,9.0
777,4367,58008,8.0
777,4368,58017,9.0
777,4369,58026,9.0
777,4370,58036,10.0
777,4371,58048,12.0
777,4372,58057,9.0
777,4373,58067,10.0
777,4374,58080,13.0
777,4375,58090,10.0
777,4376,58100,10.0
777,4377,58110,10.0
777,4378,58119,9.0
777,4379,58128,9.0
777,4380,58138,10.0
777,4381,58147,9.0
777,4382,58157,10.0
777,4383,58168,11.0
777,4384,58178,10.0
777,4385,58187,9.0
777,4386,58195,8.0
777,4387,58206,11.0
777,4388,58215,9.0
777,4389,58225,10.0
777,4390,58235,10.0
777,4391,58244,9.0
777,4392,58252,8.0
777,4393,58262,10.0
777,4394,58275,13.0
777,4395,58285,10.0
777,4396,58294,9.0
777,4397,58304,10.0
777,4398,58313,9.0
777,4399,58323,10.0
777,4400,58332,9.0
777,4401,58342,10.0
777,4402,58351,9.0
777,4403,58366,15.0
777,4404,58376,10.0
777,4405,58386,10.0
777,4406,58399,13.0
777,4407,58409,10.0
777,4408,58417,8.0
777,4409,58431,14.0
777,4410,58446,15.0
777,4411,58455,9.0
777,4412,58464,9.0
777,4413,58474,10.0
777,4414,58484,10.0
777,4415,58495,11.0
777,4416,58504,9.0
777,4417,58514,10.0
777,4418,58524,10.0
777,4419,58534,10.0
777,4420,58543,9.0
777,4421,58552,9.0
777,4422,58561,9.0
777,4423,58573,12.0
777,4424,58585,12.0
777,4425,58594,9.0
777,4426,58603,9.0
777,4427,58614,11.0
777,4428,58622,8.0
777,4429,58632,10.0
777,4430,58641,9.0
777,4431,58651,10.0
777,4432,58663,12.0
777,4433,58674,11.0
777,4434,58689,15.0
777,4435,58698,9.0
777,4436,58710,12.0
777,4437,58721,11.0
777,4438,58737,16.0
777,4439,58746,9.0
777,4440,58758,12.0
777,4441,58769,11.0
777,4442,58782,13.0
777,4443,58793,11.0
777,4444,58803,10.0
777,4445,58814,11.0
777,4446,58824,10.0
777,4447,58835,11.0
777,4448,58846,11.0
777,4449,58856,10.0
777,4450,58866,10.0
777,4451,58878,12.0
777,4452,58887,9.0
777,4453,58896,9.0
777,4454,58906,10.0
777,4455,58915,9.0
777,4456,58929,14.0
777,4457,58939,10.0
777,4458,58949,10.0
777,4459,58958,9.0
777,4460,58968,10.0
777,4461,58983,15.0
777,4462,58994,11.0
777,4463,59007,13.0
777,4464,59017,10.0
777,4465,59027,10.0
777,4466,59036,9.0
777,4467,59046,10.0
777,4468,59054,8.0
777,4469,59062,8.0
777,4470,59073,11.0
777,4471,59096,23.0
777,4472,59107,11.0
777,4473,59123,16.0
777,4474,59132,9.0
777,4475,59141,9.0
777,4476,59153,12.0
777,4477,59164,11.0
777,4478,59173,9.0
777,4479,59182,9.0
777,4480,59192,10.0
777,4481,59203,11.0
777,4482,59212,9.0
777,4483,59241,29.0
777,4484,59250,9.0
777,4485,59260,10.0
777,4486,59269,9.0
777,4487,59278,9.0
777,4488,59290,12.0
777,4489,59299,9.0
777,4490,59309,10.0
777,4491,59318,9.0
777,4492,59327,9.0
777,4493,59337,10.0
777,4494,59348,11.0
777,4495,59358,10.0
777,4496,59366,8.0
777,4497,59381,15.0
777,4498,59390,9.0
777,4499,59399,9.0
777,4500,59407,8.0
777,4501,59418,11.0
777,4502,59430,12.0
777,4503,59439,9.0
777,4504,59447,8.0
777,4505,59455,8.0
777,4506,59465,10.0
777,4507,59475,10.0
777,4508,59485,10.0
777,4509,59495,10.0
777,4510,59504,9.0
777,4511,59518,14.0
777,4512,59528,10.0
777,4513,59538,10.0
777,4514,59546,8.0
777,4515,59555,9.0
777,4516,59567,12.0
777,4517,59576,9.0
777,4518,59586,10.0
777,4519,59597,11.0
777,4520,59608,11.0
777,4521,59618,10.0
777,4522,59630,12.0
777,4523,59638,8.0
777,4524,59650,12.0
777,4525,59669,19.0
777,4526,59680,11.0
777,4527,59698,18.0
777,4528,59708,10.0
777,4529,59719,11.0
777,4530,59728,9.0
777,4531,59740,12.0
777,4532,59750,10.0
777,4533,59758,8.0
777,4534,59768,10.0
777,4535,59778,10.0
777,4536,59788,10.0
777,4537,59800,12.0
777,4538,59808,8.0
777,4539,59816,8.0
777,4540,59824,8.0
777,4541,59836,12.0
777,4542,59845,9.0
777,4543,59857,12.0
777,4544,59867,10.0
777,4545,59882,15.0
777,4546,59893,11.0
777,4547,59904,11.0
777,4548,59912,8.0
777,4549,59937,25.0
777,4550,59948,11.0
777,4551,59957,9.0
777,4552,59965,8.0
777,4553,59973,8.0
777,4554,59982,9.0
777,4555,59991,9.0
777,4556,60000,9.0
777,4557,60009,9.0
777,4558,60018,9.0
777,4559,60028,10.0
777,4560,60042,14.0
777,4561,60052,10.0
777,4562,60060,8.0
777,4563,60069,9.0
777,4564,60078,9.0
777,4565,60086,8.0
777,4566,60099,13.0
777,4567,60108,9.0
777,4568,60117,9.0
777,4569,60129,12.0
777,4570,60139,10.0
777,4571,60149,10.0
777,4572,60164,15.0
777,4573,60174,10.0
777,4574,60186,12.0
777,4575,60198,12.0
777,4576,60208,10.0
777,4577,60219,11.0
777,4578,60228,9.0
777,4579,60238,10.0
777,4580,60248,10.0
777,4581,60258,10.0
777,4582,60269,11.0
777,4583,60282,13.0
777,4584,60292,10.0
777,4585,60302,10.0
777,4586,60312,10.0
777,4587,60325,13.0
777,4588,60336,11.0
777,4589,60348,12.0
777,4590,60362,14.0
777,4591,60372,10.0
777,4592,60380,8.0
777,4593,60388,8.0
777,4594,60405,17.0
777,4595,60420,15.0
777,4596,60430,10.0
777,4597,60441,11.0
777,4598,60451,10.0
777,4599,60460,9.0
777,4600,60477,17.0
777,4601,60487,10.0
777,4602,60498,11.0
777,4603,60507,9.0
777,4604,60516,9.0
777,4605,60526,10.0
777,4606,60535,9.0
777,4607,60545,10.0
777,4608,60557,12.0
777,4609,60566,9.0
777,4610,60576,10.0
777,4611,60588,12.0
777,4612,60598,10.0
777,4613,60614,16.0
777,4614,60622,8.0
777,4615,60632,10.0
777,4616,60641,9.0
777,4617,60652,11.0
777,4618,60663,11.0
777,4619,60672,9.0
777,4620,60681,9.0
777,4621,60693,12.0
777,4622,60704,11.0
777,4623,60720,16.0
777,4624,60730,10.0
777,4625,60740,10.0
777,4626,60756,16.0
777,4627,60764,8.0
777,4628,60776,12.0
777,4629,60786,10.0
777,4630,60796,10.0
777,4631,60804,8.0
777,4632,60816,12.0
777,4633,60829,13.0
777,4634,60838,9.0
777,4635,60852,14.0
777,4636,60862,10.0
777,4637,60872,10.0
777,4638,60883,11.0
777,4639,60892,9.0
777,4640,60902,10.0
777,4641,60911,9.0
777,4642,60921,10.0
777,4643,60931,10.0
777,4644,60942,11.0
777,4645,60953,11.0
777,4646,60962,9.0
777,4647,60971,9.0
777,4648,60980,9.0
777,4649,60990,10.0
777,4650,61000,10.0
777,4651,61010,10.0
777,4652,61019,9.0
777,4653,61027,8.0
777,4654,61036,9.0
777,4655,61046,10.0
777,4656,61056,10.0
777,4657,61067,11.0
777,4658,61076,9.0
777,4659,61086,10.0
777,4660,61095,9.0
777,4661,61105,10.0
777,4662,61116,11.0
777,4663,61125,9.0
777,4664,61136,11.0
777,4665,61146,10.0
777,4666,61156,10.0
777,4667,61166,10.0
777,4668,61175,9.0
777,4669,61185,10.0
777,4670,61194,9.0
777,4671,61204,10.0
777,4672,61213,9.0
777,4673,61224,11.0
777,4674,61234,10.0
777,4675,61248,14.0
777,4676,61261,13.0
777,4677,61271,10.0
777,4678,61282,11.0
777,4679,61292,10.0
777,4680,61300,8.0
777,4681,61314,14.0
777,4682,61322,8.0
777,4683,61333,11.0
777,4684,61342,9.0
777,4685,61350,8.0
777,4686,61359,9.0
777,4687,61372,13.0
777,4688,61381,9.0
777,4689,61392,11.0
777,4690,61401,9.0
777,4691,61413,12.0
777,4692,61424,11.0
777,4693,61433,9.0
777,4694,61443,10.0
777,4695,61453,10.0
777,4696,61463,10.0
777,4697,61473,10.0
777,4698,61487,14.0
777,4699,61496,9.0
777,4700,61509,13.0
777,4701,61519,10.0
777,4702,61530,11.0
777,4703,61545,15.0
777,4704,61554,9.0
777,4705,61563,9.0
777,4706,61572,9.0
777,4707,61584,12.0
777,4708,61594,10.0
777,4709,61603,9.0
777,4710,61612,9.0
777,4711,61624,12.0
777,4712,61634,10.0
777,4713,61643,9.0
777,4714,61652,9.0
777,4715,61661,9.0
777,4716,61670,9.0
777,4717,61678,8.0
777,4718,61688,10.0
777,4719,61698,10.0
777,4720,61710,12.0
777,4721,61718,8.0
777,4722,61731,13.0
777,4723,61740,9.0
777,4724,61749,9.0
777,4725,61757,8.0
777,4726,61767,10.0
777,4727,61781,14.0
777,4728,61789,8.0
777,4729,61799,10.0
777,4730,61809,10.0
777,4731,61818,9.0
777,4732,61827,9.0
777,4733,61838,11.0
777,4734,61848,10.0
777,4735,61857,9.0
777,4736,61868,11.0
777,4737,61883,15.0
777,4738,61893,10.0
777,4739,61906,13.0
777,4740,61915,9.0
777,4741,61924,9.0
777,4742,61933,9.0
777,4743,61941,8.0
777,4744,61951,10.0
777,4745,61959,8.0
777,4746,61971,12.0
777,4747,61980,9.0
777,4748,61990,10.0
777,4749,61998,8.0
777,4750,62011,13.0
777,4751,62026,15.0
777,4752,62037,11.0
777,4753,62047,10.0
777,4754,62059,12.0
777,4755,62069,10.0
777,4756,62079,10.0
777,4757,62089,10.0
777,4758,62099,10.0
777,4759,62107,8.0
777,4760,62117,10.0
777,4761,62127,10.0
777,4762,62136,9.0
777,4763,62146,10.0
777,4764,62155,9.0
777,4765,62164,9.0
777,4766,62174,10.0
777,4767,62184,10.0
777,4768,62196,12.0
777,4769,62206,10.0
777,4770,62219,13.0
777,4771,62229,10.0
777,4772,62239,10.0
777,4773,62254,15.0
777,4774,62263,9.0
777,4775,62273,10.0
777,4776,62287,14.0
777,4777,62298,11.0
777,4778,62309,11.0
777,4779,62319,10.0
777,4780,62328,9.0
777,4781,62337,9.0
777,4782,62346,9.0
777,4783,62362,16.0
777,4784,62372,10.0
777,4785,62381,9.0
777,4786,62389,8.0
777,4787,62401,12.0
777,4788,62409,8.0
777,4789,62418,9.0
777,4790,62426,8.0
777,4791,62438,12.0
777,4792,62448,10.0
777,4793,62458,10.0
777,4794,62470,12.0
777,4795,62483,13.0
777,4796,62494,11.0
777,4797,62503,9.0
777,4798,62512,9.0
777,4799,62523,11.0
777,4800,62533,10.0
777,4801,62542,9.0
777,4802,62551,9.0
777,4803,62561,10.0
777,4804,62573,12.0
777,4805,62585,12.0
777,4806,62596,11.0
777,4807,62616,20.0
777,4808,62626,10.0
777,4809,62635,9.0
777,4810,62644,9.0
777,4811,62654,10.0
777,4812,62664,10.0
777,4813,62673,9.0
777,4814,62685,12.0
777,4815,62694,9.0
777,4816,62703,9.0
777,4817,62713,10.0
777,4818,62723,10.0
777,4819,62732,9.0
777,4820,62741,9.0
777,4821,62750,9.0
777,4822,62758,8.0
777,4823,62768,10.0
777,4824,62778,10.0
777,4825,62788,10.0
777,4826,62798,10.0
777,4827,62808,10.0
777,4828,62817,9.0
777,4829,62825,8.0
777,4830,62837,12.0
777,4831,62845,8.0
777,4832,62855,10.0
777,4833,62869,14.0
777,4834,62878,9.0
777,4835,62887,9.0
777,4836,62896,9.0
777,4837,62907,11.0
777,4838,62929,22.0
777,4839,62937,8.0
777,4840,62948,11.0
777,4841,62956,8.0
777,4842,62966,10.0
777,4843,62977,11.0
777,4844,62987,10.0
777,4845,62999,12.0
777,4846,63010,11.0
777,4847,63020,10.0
777,4848,63030,10.0
777,4849,63039,9.0
777,4850,63048,9.0
777,4851,63057,9.0
777,4852,63066,9.0
777,4853,63076,10.0
777,4854,63086,10.0
777,4855,63100,14.0
777,4856,63108,8.0
777,4857,63117,9.0
777,4858,63128,11.0
777,4859,63140,12.0
777,4860,63150,10.0
777,4861,63158,8.0
777,4862,63168,10.0
777,4863,63180,12.0
777,4864,63190,10.0
777,4865,63202,12.0
777,4866,63211,9.0
777,4867,63221,10.0
777,4868,63230,9.0
777,4869,63240,10.0
777,4870,63251,11.0
777,4871,63261,10.0
777,4872,63270,9.0
777,4873,63280,10.0
777,4874,63291,11.0
777,4875,63302,11.0
777,4876,63311,9.0
777,4877,63320,9.0
777,4878,63345,25.0
777,4879,63357,12.0
777,4880,63365,8.0
777,4881,63374,9.0
777,4882,63386,12.0
777,4883,63397,11.0
777,4884,63408,11.0
777,4885,63417,9.0
777,4886,63429,12.0
777,4887,63440,11.0
777,4888,63451,11.0
777,4889,63460,9.0
777,4890,63471,11.0
777,4891,63480,9.0
777,4892,63490,10.0
777,4893,63500,10.0
777,4894,63513,13.0
777,4895,63525,12.0
777,4896,63535,10.0
777,4897,63545,10.0
777,4898,63554,9.0
777,4899,63563,9.0
777,4900,63571,8.0
777,4901,63581,10.0
777,4902,63591,10.0
777,4903,63602,11.0
777,4904,63612,10.0
777,4905,63626,14.0
777,4906,63635,9.0
777,4907,63646,11.0
777,4908,63656,10.0
777,4909,63667,11.0
777,4910,63677,10.0
777,4911,63689,12.0
777,4912,63698,9.0
777,4913,63709,11.0
777,4914,63719,10.0
777,4915,63729,10.0
777,4916,63738,9.0
777,4917,63748,10.0
777,4918,63757,9.0
777,4919,63769,12.0
777,4920,63778,9.0
777,4921,63787,9.0
777,4922,63798,11.0
777,4923,63806,8.0
777,4924,63815,9.0
777,4925,63825,10.0
777,4926,63835,10.0
777,4927,63847,12.0
777,4928,63861,14.0
777,4929,63871,10.0
777,4930,63882,11.0
777,4931,63893,11.0
777,4932,63903,10.0
777,4933,63913,10.0
777,4934,63924,11.0
777,4935,63934,10.0
777,4936,63943,9.0
777,4937,63952,9.0
777,4938,63961,9.0
777,4939,63973,12.0
777,4940,63983,10.0
777,4941,63994,11.0
777,4942,64006,12.0
777,4943,64016,10.0
777,4944,64025,9.0
777,4945,64034,9.0
777,4946,64044,10.0
777,4947,64054,10.0
777,4948,64063,9.0
777,4949,64072,9.0
777,4950,64084,12.0
777,4951,64093,9.0
777,4952,64103,10.0
777,4953,64112,9.0
777,4954,64123,11.0
777,4955,64135,12.0
777,4956,64144,9.0
777,4957,64154,10.0
777,4958,64163,9.0
777,4959,64171,8.0
777,4960,64183,12.0
777,4961,64197,14.0
777,4962,64207,10.0
777,4963,64216,9.0
777,4964,64224,8.0
777,4965,64236,12.0
777,4966,64250,14.0
777,4967,64258,8.0
777,4968,64266,8.0
777,4969,64275,9.0
777,4970,64288,13.0
777,4971,64297,9.0
777,4972,64308,11.0
777,4973,64318,10.0
777,4974,64326,8.0
777,4975,64335,9.0
777,4976,64345,10.0
777,4977,64358,13.0
777,4978,64367,9.0
777,4979,64378,11.0
777,4980,64386,8.0
777,4981,64395,9.0
777,4982,64404,9.0
777,4983,64414,10.0
777,4984,64427,13.0
777,4985,64439,12.0
777,4986,64449,10.0
777,4987,64459,10.0
777,4988,64470,11.0
777,4989,64480,10.0
777,4990,64491,11.0
777,4991,64501,10.0
777,4992,64511,10.0
777,4993,64521,10.0
777,4994,64531,10.0
777,4995,64539,8.0
777,4996,64548,9.0
777,4997,64557,9.0
777,4998,64567,10.0
777,4999,64576,9.0
777,5000,64584,8.0
777,5001,64593,9.0
777,5002,64602,9.0
777,5003,64611,9.0
777,5004,64622,11.0
777,5005,64631,9.0
777,5006,64641,10.0
777,5007,64651,10.0
777,5008,64660,9.0
777,5009,64673,13.0
777,5010,64683,10.0
777,5011,64693,10.0
777,5012,64702,9.0
777,5013,64726,24.0
777,5014,64736,10.0
777,5015,64744,8.0
777,5016,64755,11.0
777,5017,64772,17.0
777,5018,64781,9.0
777,5019,64791,10.0
777,5020,64802,11.0
777,5021,64812,10.0
777,5022,64823,11.0
777,5023,64832,9.0
777,5024,64840,8.0
777,5025,64849,9.0
777,5026,64857,8.0
777,5027,64865,8.0
777,5028,64873,8.0
777,5029,64883,10.0
777,5030,64896,13.0
777,5031,64907,11.0
777,5032,64921,14.0
777,5033,64931,10.0
777,5034,64940,9.0
777,5035,64952,12.0
777,5036,64961,9.0
777,5037,64970,9.0
777,5038,64979,9.0
777,5039,64991,12.0
777,5040,65001,10.0
777,5041,65011,10.0
777,5042,65021,10.0
777,5043,65031,10.0
777,5044,65041,10.0
777,5045,65051,10.0
777,5046,65062,11.0
777,5047,65070,8.0
777,5048,65082,12.0
777,5049,65096,14.0
777,5050,65105,9.0
777,5051,65117,12.0
777,5052,65127,10.0
777,5053,65136,9.0
777,5054,65148,12.0
777,5055,65162,14.0
777,5056,65178,16.0
777,5057,65187,9.0
777,5058,65195,8.0
777,5059,65204,9.0
777,5060,65214,10.0
777,5061,65223,9.0
777,5062,65232,9.0
777,5063,65243,11.0
777,5064,65252,9.0
777,5065,65264,12.0
777,5066,65273,9.0
777,5067,65282,9.0
777,5068,65296,14.0
777,5069,65306,10.0
777,5070,65317,11.0
777,5071,65326,9.0
777,5072,65336,10.0
777,5073,65346,10.0
777,5074,65355,9.0
777,5075,65364,9.0
777,5076,65374,10.0
777,5077,65384,10.0
777,5078,65393,9.0
777,5079,65403,10.0
777,5080,65413,10.0
777,5081,65425,12.0
777,5082,65437,12.0
777,5083,65446,9.0
777,5084,65455,9.0
777,5085,65465,10.0
777,5086,65474,9.0
777,5087,65486,12.0
777,5088,65494,8.0
777,5089,65504,10.0
777,5090,65513,9.0
777,5091,65522,9.0
777,5092,65531,9.0
777,5093,65541,10.0
777,5094,65553,12.0
777,5095,65563,10.0
777,5096,65573,10.0
777,5097,65585,12.0
777,5098,65594,9.0
777,5099,65604,10.0
777,5100,65614,10.0
777,5101,65622,8.0
777,5102,65634,12.0
777,5103,65642,8.0
777,5104,65654,12.0
777,5105,65663,9.0
777,5106,65673,10.0
777,5107,65682,9.0
777,5108,65692,10.0
777,5109,65700,8.0
777,5110,65715,15.0
777,5111,65729,14.0
777,5112,65739,10.0
777,5113,65749,10.0
777,5114,65762,13.0
777,5115,65771,9.0
777,5116,65781,10.0
777,5117,65790,9.0
777,5118,65800,10.0
777,5119,65809,9.0
777,5120,65819,10.0
777,5121,65829,10.0
777,5122,65842,13.0
777,5123,65852,10.0
777,5124,65862,10.0
777,5125,65870,8.0
777,5126,65884,14.0
777,5127,65894,10.0
777,5128,65906,12.0
777,5129,65915,9.0
777,5130,65927,12.0
777,5131,65937,10.0
777,5132,65947,10.0
777,5133,65955,8.0
777,5134,65966,11.0
777,5135,65978,12.0
777,5136,65988,10.0
777,5137,65996,8.0
777,5138,66008,12.0
777,5139,66017,9.0
777,5140,66027,10.0
777,5141,66037,10.0
777,5142,66049,12.0
777,5143,66062,13.0
777,5144,66071,9.0
777,5145,66082,11.0
777,5146,66090,8.0
777,5147,66100,10.0
777,5148,66110,10.0
777,5149,66120,10.0
777,5150,66128,8.0
777,5151,66136,8.0
777,5152,66147,11.0
777,5153,66157,10.0
777,5154,66167,10.0
777,5155,66181,14.0
777,5156,66190,9.0
777,5157,66200,10.0
777,5158,66213,13.0
777,5159,66223,10.0
777,5160,66234,11.0
777,5161,66243,9.0
777,5162,66253,10.0
777,5163,66263,10.0
777,5164,66273,10.0
777,5165,66285,12.0
777,5166,66295,10.0
777,5167,66305,10.0
777,5168,66314,9.0
777,5169,66326,12.0
777,5170,66338,12.0
777,5171,66347,9.0
777,5172,66359,12.0
777,5173,66373,14.0
777,5174,66383,10.0
777,5175,66392,9.0
777,5176,66400,8.0
777,5177,66409,9.0
777,5178,66419,10.0
777,5179,66429,10.0
777,5180,66438,9.0
777,5181,66447,9.0
777,5182,66457,10.0
777,5183,66466,9.0
777,5184,66480,14.0
777,5185,66488,8.0
777,5186,66498,10.0
777,5187,66509,11.0
777,5188,66519,10.0
777,5189,66529,10.0
777,5190,66538,9.0
777,5191,66547,9.0
777,5192,66557,10.0
777,5193,66567,10.0
777,5194,66577,10.0
777,5195,66586,9.0
777,5196,66596,10.0
777,5197,66605,9.0
777,5198,66615,10.0
777,5199,66623,8.0
777,5200,66634,11.0
777,5201,66644,10.0
777,5202,66653,9.0
777,5203,66665,12.0
777,5204,66676,11.0
777,5205,66686,10.0
777,5206,66703,17.0
777,5207,66713,10.0
777,5208,66723,10.0
777,5209,66739,16.0
777,5210,66748,9.0
777,5211,66758,10.0
777,5212,66767,9.0
777,5213,66780,13.0
777,5214,66789,9.0
777,5215,66797,8.0
777,5216,66806,9.0
777,5217,66815,9.0
777,5218,66824,9.0
777,5219,66836,12.0
777,5220,66846,10.0
777,5221,66855,9.0
777,5222,66865,10.0
777,5223,66873,8.0
777,5224,66882,9.0
777,5225,66891,9.0
777,5226,66900,9.0
777,5227,66916,16.0
777,5228,66925,9.0
777,5229,66936,11.0
777,5230,66946,10.0
777,5231,66956,10.0
777,5232,66966,10.0
777,5233,66977,11.0
777,5234,66987,10.0
777,5235,66996,9.0
777,5236,67005,9.0
777,5237,67017,12.0
777,5238,67026,9.0
777,5239,67034,8.0
777,5240,67044,10.0
777,5241,67055,11.0
777,5242,67063,8.0
777,5243,67073,10.0
777,5244,67085,12.0
777,5245,67095,10.0
777,5246,67104,9.0
777,5247,67113,9.0
777,5248,67123,10.0
777,5249,67133,10.0
777,5250,67143,10.0
777,5251,67152,9.0
777,5252,67162,10.0
777,5253,67173,11.0
777,5254,67182,9.0
777,5255,67192,10.0
777,5256,67202,10.0
777,5257,67211,9.0
777,5258,67222,11.0
777,5259,67237,15.0
777,5260,67245,8.0
777,5261,67257,12.0
777,5262,67267,10.0
777,5263,67276,9.0
777,5264,67285,9.0
777,5265,67294,9.0
777,5266,67304,10.0
777,5267,67314,10.0
777,5268,67323,9.0
777,5269,67331,8.0
777,5270,67341,10.0
777,5271,67353,12.0
777,5272,67366,13.0
777,5273,67375,9.0
777,5274,67385,10.0
777,5275,67395,10.0
777,5276,67407,12.0
777,5277,67420,13.0
777,5278,67430,10.0
777,5279,67440,10.0
777,5280,67450,10.0
777,5281,67460,10.0
777,5282,67470,10.0
777,5283,67479,9.0
777,5284,67489,10.0
777,5285,67500,11.0
777,5286,67511,11.0
777,5287,67520,9.0
777,5288,67529,9.0
777,5289,67540,11.0
777,5290,67551,11.0
777,5291,67562,11.0
777,5292,67572,10.0
777,5293,67581,9.0
777,5294,67593,12.0
777,5295,67602,9.0
777,5296,67611,9.0
777,5297,67621,10.0
777,5298,67633,12.0
777,5299,67642,9.0
777,5300,67650,8.0
777,5301,67661,11.0
777,5302,67671,10.0
777,5303,67679,8.0
777,5304,67687,8.0
777,5305,67696,9.0
777,5306,67705,9.0
777,5307,67713,8.0
777,5308,67722,9.0
777,5309,67732,10.0
777,5310,67741,9.0
777,5311,67751,10.0
777,5312,67761,10.0
777,5313,67771,10.0
777,5314,67782,11.0
777,5315,67795,13.0
777,5316,67806,11.0
777,5317,67815,9.0
777,5318,67824,9.0
777,5319,67833,9.0
777,5320,67842,9.0
777,5321,67852,10.0
777,5322,67861,9.0
777,5323,67871,10.0
777,5324,67882,11.0
777,5325,67896,14.0
777,5326,67907,11.0
777,5327,67917,10.0
777,5328,67926,9.0
777,5329,67936,10.0
777,5330,67946,10.0
777,5331,67955,9.0
777,5332,67965,10.0
777,5333,67977,12.0
777,5334,67987,10.0
777,5335,67996,9.0
777,5336,68005,9.0
777,5337,68014,9.0
777,5338,68023,9.0
777,5339,68032,9.0
777,5340,68043,11.0
777,5341,68053,10.0
777,5342,68063,10.0
777,5343,68075,12.0
777,5344,68085,10.0
777,5345,68098,13.0
777,5346,68107,9.0
777,5347,68118,11.0
777,5348,68132,14.0
777,5349,68142,10.0
777,5350,68152,10.0
777,5351,68162,10.0
777,5352,68172,10.0
777,5353,68181,9.0
777,5354,68191,10.0
777,5355,68201,10.0
777,5356,68214,13.0
777,5357,68224,10.0
777,5358,68235,11.0
777,5359,68244,9.0
777,5360,68253,9.0
777,5361,68261,8.0
777,5362,68271,10.0
777,5363,68281,10.0
777,5364,68290,9.0
777,5365,68300,10.0
777,5366,68313,13.0
777,5367,68325,12.0
777,5368,68335,10.0
777,5369,68344,9.0
777,5370,68354,10.0
777,5371,68362,8.0
777,5372,68374,12.0
777,5373,68383,9.0
777,5374,68392,9.0
777,5375,68404,12.0
777,5376,68417,13.0
777,5377,68427,10.0
777,5378,68438,11.0
777,5379,68453,15.0
777,5380,68462,9.0
777,5381,68473,11.0
777,5382,68489,16.0
777,5383,68499,10.0
777,5384,68508,9.0
777,5385,68518,10.0
777,5386,68527,9.0
777,5387,68539,12.0
777,5388,68549,10.0
777,5389,68561,12.0
777,5390,68571,10.0
777,5391,68584,13.0
777,5392,68598,14.0
777,5393,68609,11.0
777,5394,68618,9.0
777,5395,68627,9.0
777,5396,68636,9.0
777,5397,68646,10.0
777,5398,68661,15.0
777,5399,68672,11.0
777,5400,68681,9.0
777,5401,68689,8.0
777,5402,68702,13.0
777,5403,68713,11.0
777,5404,68722,9.0
777,5405,68735,13.0
777,5406,68746,11.0
777,5407,68758,12.0
777,5408,68767,9.0
777,5409,68776,9.0
777,5410,68787,11.0
777,5411,68801,14.0
777,5412,68810,9.0
777,5413,68820,10.0
777,5414,68829,9.0
777,5415,68839,10.0
777,5416,68849,10.0
777,5417,68861,12.0
777,5418,68872,11.0
777,5419,68884,12.0
777,5420,68897,13.0
777,5421,68907,10.0
777,5422,68919,12.0
777,5423,68929,10.0
777,5424,68937,8.0
777,5425,68947,10.0
777,5426,68957,10.0
777,5427,68967,10.0
777,5428,68976,9.0
777,5429,68985,9.0
777,5430,68995,10.0
777,5431,69004,9.0
777,5432,69014,10.0
777,5433,69026,12.0
777,5434,69037,11.0
777,5435,69048,11.0
777,5436,69058,10.0
777,5437,69071,13.0
777,5438,69084,13.0
777,5439,69093,9.0
777,5440,69102,9.0
777,5441,69112,10.0
777,5442,69122,10.0
777,5443,69134,12.0
777,5444,69144,10.0
777,5445,69153,9.0
777,5446,69161,8.0
777,5447,69170,9.0
777,5448,69179,9.0
777,5449,69189,10.0
777,5450,69199,10.0
777,5451,69208,9.0
777,5452,69219,11.0
777,5453,69230,11.0
777,5454,69240,10.0
777,5455,69250,10.0
777,5456,69262,12.0
777,5457,69273,11.0
777,5458,69282,9.0
777,5459,69292,10.0
777,5460,69300,8.0
777,5461,69311,11.0
777,5462,69321,10.0
777,5463,69337,16.0
777,5464,69347,10.0
777,5465,69356,9.0
777,5466,69372,16.0
777,5467,69383,11.0
777,5468,69393,10.0
777,5469,69403,10.0
777,5470,69413,10.0
777,5471,69422,9.0
777,5472,69433,11.0
777,5473,69444,11.0
777,5474,69452,8.0
777,5475,69463,11.0
777,5476,69474,11.0
777,5477,69484,10.0
777,5478,69494,10.0
777,5479,69503,9.0
777,5480,69517,14.0
777,5481,69528,11.0
777,5482,69537,9.0
777,5483,69545,8.0
777,5484,69555,10.0
777,5485,69572,17.0
777,5486,69582,10.0
777,5487,69592,10.0
777,5488,69600,8.0
777,5489,69610,10.0
777,5490,69620,10.0
777,5491,69632,12.0
777,5492,69643,11.0
777,5493,69658,15.0
777,5494,69667,9.0
777,5495,69677,10.0
777,5496,69686,9.0
777,5497,69694,8.0
777,5498,69708,14.0
777,5499,69719,11.0
777,5500,69728,9.0
777,5501,69737,9.0
777,5502,69746,9.0
777,5503,69755,9.0
777,5504,69763,8.0
777,5505,69779,16.0
777,5506,69789,10.0
777,5507,69798,9.0
777,5508,69810,12.0
777,5509,69819,9.0
777,5510,69832,13.0
777,5511,69841,9.0
777,5512,69853,12.0
777,5513,69862,9.0
777,5514,69872,10.0
777,5515,69884,12.0
777,5516,69894,10.0
777,5517,69905,11.0
777,5518,69915,10.0
777,5519,69926,11.0
777,5520,69935,9.0
777,5521,69944,9.0
777,5522,69959,15.0
777,5523,69968,9.0
777,5524,69978,10.0
777,5525,69987,9.0
777,5526,69995,8.0
777,5527,70004,9.0
777,5528,70016,12.0
777,5529,70028,12.0
777,5530,70039,11.0
777,5531,70048,9.0
777,5532,70074,26.0
777,5533,70083,9.0
777,5534,70093,10.0
777,5535,70103,10.0
777,5536,70115,12.0
777,5537,70126,11.0
777,5538,70138,12.0
777,5539,70150,12.0
777,5540,70160,10.0
777,5541,70172,12.0
777,5542,70184,12.0
777,5543,70194,10.0
777,5544,70202,8.0
777,5545,70214,12.0
777,5546,70223,9.0
777,5547,70233,10.0
777,5548,70243,10.0
777,5549,70253,10.0
777,5550,70261,8.0
777,5551,70271,10.0
777,5552,70280,9.0
777,5553,70290,10.0
777,5554,70298,8.0
777,5555,70306,8.0
777,5556,70316,10.0
777,5557,70330,14.0
777,5558,70340,10.0
777,5559,70348,8.0
777,5560,70359,11.0
777,5561,70372,13.0
777,5562,70380,8.0
777,5563,70390,10.0
777,5564,70402,12.0
777,5565,70416,14.0
777,5566,70427,11.0
777,5567,70436,9.0
777,5568,70445,9.0
777,5569,70457,12.0
777,5570,70469,12.0
777,5571,70479,10.0
777,5572,70488,9.0
777,5573,70497,9.0
777,5574,70506,9.0
777,5575,70517,11.0
777,5576,70527,10.0
777,5577,70536,9.0
777,5578,70548,12.0
777,5579,70556,8.0
777,5580,70565,9.0
777,5581,70577,12.0
777,5582,70586,9.0
777,5583,70597,11.0
777,5584,70606,9.0
777,5585,70615,9.0
777,5586,70625,10.0
777,5587,70635,10.0
777,5588,70643,8.0
777,5589,70655,12.0
777,5590,70665,10.0
777,5591,70678,13.0
777,5592,70688,10.0
777,5593,70697,9.0
777,5594,70707,10.0
777,5595,70717,10.0
777,5596,70727,10.0
777,5597,70737,10.0
777,5598,70745,8.0
777,5599,70754,9.0
777,5600,70764,10.0
777,5601,70773,9.0
777,5602,70785,12.0
777,5603,70795,10.0
777,5604,70804,9.0
777,5605,70813,9.0
777,5606,70822,9.0
777,5607,70836,14.0
777,5608,70845,9.0
777,5609,70855,10.0
777,5610,70865,10.0
777,5611,70874,9.0
777,5612,70882,8.0
777,5613,70891,9.0
777,5614,70904,13.0
777,5615,70913,9.0
777,5616,70921,8.0
777,5617,70929,8.0
777,5618,70942,13.0
777,5619,70950,8.0
777,5620,70960,10.0
777,5621,70969,9.0
777,5622,70979,10.0
777,5623,70989,10.0
777,5624,70999,10.0
777,5625,71009,10.0
777,5626,71023,14.0
777,5627,71036,13.0
777,5628,71045,9.0
777,5629,71057,12.0
777,5630,71065,8.0
777,5631,71074,9.0
777,5632,71085,11.0
777,5633,71097,12.0
777,5634,71107,10.0
777,5635,71117,10.0
777,5636,71130,13.0
777,5637,71143,13.0
777,5638,71151,8.0
777,5639,71159,8.0
777,5640,71169,10.0
777,5641,71179,10.0
777,5642,71191,12.0
777,5643,71201,10.0
777,5644,71211,10.0
777,5645,71224,13.0
777,5646,71233,9.0
777,5647,71252,19.0
777,5648,71264,12.0
777,5649,71274,10.0
777,5650,71285,11.0
777,5651,71295,10.0
777,5652,71304,9.0
777,5653,71315,11.0
777,5654,71325,10.0
777,5655,71334,9.0
777,5656,71344,10.0
777,5657,71355,11.0
777,5658,71369,14.0
777,5659,71379,10.0
777,5660,71392,13.0
777,5661,71401,9.0
777,5662,71410,9.0
777,5663,71421,11.0
777,5664,71432,11.0
777,5665,71444,12.0
777,5666,71452,8.0
777,5667,71463,11.0
777,5668,71473,10.0
777,5669,71485,12.0
777,5670,71495,10.0
777,5671,71504,9.0
777,5672,71517,13.0
777,5673,71527,10.0
777,5674,71536,9.0
777,5675,71549,13.0
777,5676,71559,10.0
777,5677,71567,8.0
777,5678,71576,9.0
777,5679,71587,11.0
777,5680,71597,10.0
777,5681,71606,9.0
777,5682,71622,16.0
777,5683,71634,12.0
777,5684,71645,11.0
777,5685,71655,10.0
777,5686,71665,10.0
777,5687,71677,12.0
777,5688,71690,13.0
777,5689,71700,10.0
777,5690,71709,9.0
777,5691,71718,9.0
777,5692,71728,10.0
777,5693,71738,10.0
777,5694,71749,11.0
777,5695,71757,8.0
777,5696,71766,9.0
777,5697,71775,9.0
777,5698,71786,11.0
777,5699,71797,11.0
777,5700,71806,9.0
777,5701,71816,10.0
777,5702,71827,11.0
777,5703,71841,14.0
777,5704,71849,8.0
777,5705,71859,10.0
777,5706,71868,9.0
777,5707,71877,9.0
777,5708,71886,9.0
777,5709,71896,10.0
777,5710,71905,9.0
777,5711,71917,12.0
777,5712,71926,9.0
777,5713,71935,9.0
777,5714,71946,11.0
777,5715,71962,16.0
777,5716,71972,10.0
777,5717,71982,10.0
777,5718,71992,10.0
777,5719,72004,12.0
777,5720,72013,9.0
777,5721,72023,10.0
777,5722,72032,9.0
777,5723,72042,10.0
777,5724,72055,13.0
777,5725,72064,9.0
777,5726,72074,10.0
777,5727,72084,10.0
777,5728,72093,9.0
777,5729,72104,11.0
777,5730,72112,8.0
777,5731,72121,9.0
777,5732,72130,9.0
777,5733,72138,8.0
777,5734,72148,10.0
777,5735,72162,14.0
777,5736,72173,11.0
777,5737,72182,9.0
777,5738,72191,9.0
777,5739,72201,10.0
777,5740,72211,10.0
777,5741,72221,10.0
777,5742,72232,11.0
777,5743,72242,10.0
777,5744,72251,9.0
777,5745,72260,9.0
777,5746,72273,13.0
777,5747,72284,11.0
777,5748,72293,9.0
777,5749,72303,10.0
777,5750,72314,11.0
777,5751,72324,10.0
777,5752,72334,10.0
777,5753,72344,10.0
777,5754,72368,24.0
777,5755,72379,11.0
777,5756,72390,11.0
777,5757,72400,10.0
777,5758,72409,9.0
777,5759,72418,9.0
777,5760,72432,14.0
777,5761,72442,10.0
777,5762,72452,10.0
777,5763,72461,9.0
777,5764,72471,10.0
777,5765,72481,10.0
777,5766,72489,8.0
777,5767,72498,9.0
777,5768,72508,10.0
777,5769,72520,12.0
777,5770,72530,10.0
777,5771,72541,11.0
777,5772,72553,12.0
777,5773,72564,11.0
777,5774,72573,9.0
777,5775,72584,11.0
777,5776,72594,10.0
777,5777,72604,10.0
777,5778,72617,13.0
777,5779,72627,10.0
777,5780,72636,9.0
777,5781,72647,11.0
777,5782,72656,9.0
777,5783,72668,12.0
777,5784,72678,10.0
777,5785,72687,9.0
777,5786,72697,10.0
777,5787,72711,14.0
777,5788,72721,10.0
777,5789,72732,11.0
777,5790,72741,9.0
777,5791,72750,9.0
777,5792,72761,11.0
777,5793,72773,12.0
777,5794,72783,10.0
777,5795,72795,12.0
777,5796,72806,11.0
777,5797,72821,15.0
777,5798,72829,8.0
777,5799,72840,11.0
777,5800,72854,14.0
777,5801,72864,10.0
777,5802,72875,11.0
777,5803,72887,12.0
777,5804,72896,9.0
777,5805,72906,10.0
777,5806,72916,10.0
777,5807,72926,10.0
777,5808,72935,9.0
777,5809,72945,10.0
777,5810,72959,14.0
777,5811,72972,13.0
777,5812,72987,15.0
777,5813,72997,10.0
777,5814,73007,10.0
777,5815,73017,10.0
777,5816,73027,10.0
777,5817,73039,12.0
777,5818,73049,10.0
777,5819,73058,9.0
777,5820,73068,10.0
777,5821,73077,9.0
777,5822,73094,17.0
777,5823,73106,12.0
777,5824,73116,10.0
777,5825,73126,10.0
777,5826,73139,13.0
777,5827,73150,11.0
777,5828,73159,9.0
777,5829,73169,10.0
777,5830,73187,18.0
777,5831,73197,10.0
777,5832,73211,14.0
777,5833,73221,10.0
777,5834,73231,10.0
777,5835,73240,9.0
777,5836,73250,10.0
777,5837,73262,12.0
777,5838,73271,9.0
777,5839,73282,11.0
777,5840,73290,8.0
777,5841,73304,14.0
777,5842,73314,10.0
777,5843,73323,9.0
777,5844,73332,9.0
777,5845,73350,18.0
777,5846,73361,11.0
777,5847,73371,10.0
777,5848,73384,13.0
777,5849,73395,11.0
777,5850,73405,10.0
777,5851,73414,9.0
777,5852,73423,9.0
777,5853,73432,9.0
777,5854,73443,11.0
777,5855,73454,11.0
777,5856,73467,13.0
777,5857,73477,10.0
777,5858,73486,9.0
777,5859,73495,9.0
777,5860,73505,10.0
777,5861,73515,10.0
777,5862,73526,11.0
777,5863,73536,10.0
777,5864,73548,12.0
777,5865,73560,12.0
777,5866,73570,10.0
777,5867,73582,12.0
777,5868,73594,12.0
777,5869,73606,12.0
777,5870,73617,11.0
777,5871,73625,8.0
777,5872,73636,11.0
777,5873,73649,13.0
777,5874,73659,10.0
777,5875,73669,10.0
777,5876,73678,9.0
777,5877,73689,11.0
777,5878,73699,10.0
777,5879,73721,22.0
777,5880,73732,11.0
777,5881,73748,16.0
777,5882,73760,12.0
777,5883,73769,9.0
777,5884,73779,10.0
777,5885,73791,12.0
777,5886,73801,10.0
777,5887,73809,8.0
777,5888,73817,8.0
777,5889,73832,15.0
777,5890,73841,9.0
777,5891,73850,9.0
777,5892,73860,10.0
777,5893,73870,10.0
777,5894,73881,11.0
777,5895,73891,10.0
777,5896,73900,9.0
777,5897,73910,10.0
777,5898,73920,10.0
777,5899,73932,12.0
777,5900,73942,10.0
777,5901,73953,11.0
777,5902,73968,15.0
777,5903,73977,9.0
777,5904,73986,9.0
777,5905,73995,9.0
777,5906,74007,12.0
777,5907,74017,10.0
777,5908,74025,8.0
777,5909,74036,11.0
777,5910,74045,9.0
777,5911,74062,17.0
777,5912,74071,9.0
777,5913,74083,12.0
777,5914,74093,10.0
777,5915,74102,9.0
777,5916,74111,9.0
777,5917,74119,8.0
777,5918,74128,9.0
777,5919,74138,10.0
777,5920,74149,11.0
777,5921,74158,9.0
777,5922,74168,10.0
777,5923,74183,15.0
777,5924,74196,13.0
777,5925,74209,13.0
777,5926,74217,8.0
777,5927,74229,12.0
777,5928,74242,13.0
777,5929,74251,9.0
777,5930,74259,8.0
777,5931,74268,9.0
777,5932,74278,10.0
777,5933,74287,9.0
777,5934,74295,8.0
777,5935,74306,11.0
777,5936,74315,9.0
777,5937,74325,10.0
777,5938,74334,9.0
777,5939,74346,12.0
777,5940,74355,9.0
777,5941,74365,10.0
777,5942,74375,10.0
777,5943,74384,9.0
777,5944,74394,10.0
777,5945,74404,10.0
777,5946,74416,12.0
777,5947,74428,12.0
777,5948,74439,11.0
777,5949,74448,9.0
777,5950,74458,10.0
777,5951,74469,11.0
777,5952,74479,10.0
777,5953,74489,10.0
777,5954,74498,9.0
777,5955,74508,10.0
777,5956,74518,10.0
777,5957,74529,11.0
777,5958,74539,10.0
777,5959,74547,8.0
777,5960,74556,9.0
777,5961,74565,9.0
777,5962,74574,9.0
777,5963,74584,10.0
777,5964,74594,10.0
777,5965,74602,8.0
777,5966,74611,9.0
777,5967,74625,14.0
777,5968,74635,10.0
777,5969,74647,12.0
777,5970,74657,10.0
777,5971,74666,9.0
777,5972,74678,12.0
777,5973,74687,9.0
777,5974,74695,8.0
777,5975,74705,10.0
777,5976,74715,10.0
777,5977,74726,11.0
777,5978,74736,10.0
777,5979,74746,10.0
777,5980,74754,8.0
777,5981,74764,10.0
777,5982,74774,10.0
777,5983,74786,12.0
777,5984,74796,10.0
777,5985,74804,8.0
777,5986,74813,9.0
777,5987,74822,9.0
777,5988,74831,9.0
777,5989,74843,12.0
777,5990,74852,9.0
777,5991,74861,9.0
777,5992,74871,10.0
777,5993,74880,9.0
777,5994,74889,9.0
777,5995,74899,10.0
777,5996,74912,13.0
777,5997,74924,12.0
777,5998,74934,10.0
777,5999,74951,17.0
777,6000,74960,9.0
777,6001,74969,9.0
777,6002,74979,10.0
777,6003,74990,11.0
777,6004,75000,10.0
777,6005,75010,10.0
777,6006,75021,11.0
777,6007,75030,9.0
777,6008,75040,10.0
777,6009,75066,26.0
777,6010,75075,9.0
777,6011,75085,10.0
777,6012,75095,10.0
777,6013,75103,8.0
777,6014,75113,10.0
777,6015,75124,11.0
777,6016,75134,10.0
777,6017,75144,10.0
777,6018,75156,12.0
777,6019,75164,8.0
777,6020,75175,11.0
777,6021,75184,9.0
777,6022,75194,10.0
777,6023,75203,9.0
777,6024,75213,10.0
777,6025,75222,9.0
777,6026,75232,10.0
777,6027,75242,10.0
777,6028,75250,8.0
777,6029,75261,11.0
777,6030,75281,20.0
777,6031,75294,13.0
777,6032,75306,12.0
777,6033,75317,11.0
777,6034,75327,10.0
777,6035,75336,9.0
777,6036,75348,12.0
777,6037,75357,9.0
777,6038,75368,11.0
777,6039,75377,9.0
777,6040,75390,13.0
777,6041,75400,10.0
777,6042,75409,9.0
777,6043,75426,17.0
777,6044,75437,11.0
777,6045,75446,9.0
777,6046,75454,8.0
777,6047,75463,9.0
777,6048,75471,8.0
777,6049,75480,9.0
777,6050,75489,9.0
777,6051,75499,10.0
777,6052,75508,9.0
777,6053,75518,10.0
777,6054,75527,9.0
777,6055,75537,10.0
777,6056,75547,10.0
777,6057,75556,9.0
777,6058,75566,10.0
777,6059,75575,9.0
777,6060,75586,11.0
777,6061,75595,9.0
777,6062,75608,13.0
777,6063,75619,11.0
777,6064,75629,10.0
777,6065,75638,9.0
777,6066,75650,12.0
777,6067,75660,10.0
777,6068,75669,9.0
777,6069,75678,9.0
777,6070,75687,9.0
777,6071,75698,11.0
777,6072,75708,10.0
777,6073,75718,10.0
777,6074,75729,11.0
777,6075,75738,9.0
777,6076,75747,9.0
777,6077,75756,9.0
777,6078,75765,9.0
777,6079,75775,10.0
777,6080,75784,9.0
777,6081,75795,11.0
777,6082,75804,9.0
777,6083,75813,9.0
777,6084,75821,8.0
777,6085,75831,10.0
777,6086,75840,9.0
777,6087,75849,9.0
777,6088,75859,10.0
777,6089,75868,9.0
777,6090,75877,9.0
777,6091,75887,10.0
777,6092,75904,17.0
777,6093,75914,10.0
777,6094,75923,9.0
777,6095,75934,11.0
777,6096,75946,12.0
777,6097,75955,9.0
777,6098,75965,10.0
777,6099,75975,10.0
777,6100,75984,9.0
777,6101,75993,9.0
777,6102,76002,9.0
777,6103,76011,9.0
777,6104,76021,10.0
777,6105,76045,24.0
777,6106,76054,9.0
777,6107,76064,10.0
777,6108,76076,12.0
777,6109,76086,10.0
777,6110,76094,8.0
777,6111,76104,10.0
777,6112,76117,13.0
777,6113,76126,9.0
777,6114,76140,14.0
777,6115,76152,12.0
777,6116,76162,10.0
777,6117,76173,11.0
777,6118,76183,10.0
777,6119,76193,10.0
777,6120,76203,10.0
777,6121,76212,9.0
777,6122,76221,9.0
777,6123,76231,10.0
777,6124,76245,14.0
777,6125,76254,9.0
777,6126,76262,8.0
777,6127,76278,16.0
777,6128,76287,9.0
777,6129,76296,9.0
777,6130,76308,12.0
777,6131,76322,14.0
777,6132,76332,10.0
777,6133,76342,10.0
777,6134,76352,10.0
777,6135,76365,13.0
777,6136,76376,11.0
777,6137,76386,10.0
777,6138,76395,9.0
777,6139,76405,10.0
777,6140,76417,12.0
777,6141,76426,9.0
777,6142,76439,13.0
777,6143,76450,11.0
777,6144,76460,10.0
777,6145,76470,10.0
777,6146,76479,9.0
777,6147,76489,10.0
777,6148,76506,17.0
777,6149,76515,9.0
777,6150,76525,10.0
777,6151,76535,10.0
777,6152,76551,16.0
777,6153,76561,10.0
777,6154,76571,10.0
777,6155,76581,10.0
777,6156,76591,10.0
777,6157,76600,9.0
777,6158,76610,10.0
777,6159,76619,9.0
777,6160,76629,10.0
777,6161,76639,10.0
777,6162,76650,11.0
777,6163,76660,10.0
777,6164,76669,9.0
777,6165,76679,10.0
777,6166,76688,9.0
777,6167,76696,8.0
777,6168,76704,8.0
777,6169,76713,9.0
777,6170,76726,13.0
777,6171,76734,8.0
777,6172,76742,8.0
777,6173,76751,9.0
777,6174,76764,13.0
777,6175,76775,11.0
777,6176,76785,10.0
777,6177,76793,8.0
777,6178,76802,9.0
777,6179,76813,11.0
777,6180,76823,10.0
777,6181,76832,9.0
777,6182,76841,9.0
777,6183,76853,12.0
777,6184,76863,10.0
777,6185,76873,10.0
777,6186,76881,8.0
777,6187,76891,10.0
777,6188,76903,12.0
777,6189,76914,11.0
777,6190,76929,15.0
777,6191,76939,10.0
777,6192,76948,9.0
777,6193,76957,9.0
777,6194,76967,10.0
777,6195,76976,9.0
777,6196,76985,9.0
777,6197,76994,9.0
777,6198,77002,8.0
777,6199,77015,13.0
777,6200,77026,11.0
777,6201,77035,9.0
777,6202,77043,8.0
777,6203,77053,10.0
777,6204,77063,10.0
777,6205,77076,13.0
777,6206,77086,10.0
777,6207,77095,9.0
777,6208,77106,11.0
777,6209,77117,11.0
777,6210,77128,11.0
777,6211,77139,11.0
777,6212,77149,10.0
777,6213,77158,9.0
777,6214,77168,10.0
777,6215,77177,9.0
777,6216,77186,9.0
777,6217,77195,9.0
777,6218,77210,15.0
777,6219,77220,10.0
777,6220,77229,9.0
777,6221,77240,11.0
777,6222,77252,12.0
777,6223,77261,9.0
777,6224,77271,10.0
777,6225,77281,10.0
777,6226,77290,9.0
777,6227,77300,10.0
777,6228,77310,10.0
777,6229,77326,16.0
777,6230,77334,8.0
777,6231,77344,10.0
777,6232,77353,9.0
777,6233,77364,11.0
777,6234,77374,10.0
777,6235,77386,12.0
777,6236,77395,9.0
777,6237,77405,10.0
777,6238,77414,9.0
777,6239,77425,11.0
777,6240,77437,12.0
777,6241,77446,9.0
777,6242,77456,10.0
777,6243,77465,9.0
777,6244,77476,11.0
777,6245,77486,10.0
777,6246,77495,9.0
777,6247,77505,10.0
777,6248,77515,10.0
777,6249,77524,9.0
777,6250,77534,10.0
777,6251,77544,10.0
777,6252,77569,25.0
777,6253,77578,9.0
777,6254,77602,24.0
777,6255,77612,10.0
777,6256,77623,11.0
777,6257,77633,10.0
777,6258,77643,10.0
777,6259,77655,12.0
777,6260,77664,9.0
777,6261,77673,9.0
777,6262,77683,10.0
777,6263,77693,10.0
777,6264,77703,10.0
777,6265,77714,11.0
777,6266,77725,11.0
777,6267,77737,12.0
777,6268,77747,10.0
777,6269,77757,10.0
777,6270,77766,9.0
777,6271,77777,11.0
777,6272,77792,15.0
777,6273,77800,8.0
777,6274,77809,9.0
777,6275,77818,9.0
777,6276,77827,9.0
777,6277,77837,10.0
777,6278,77846,9.0
777,6279,77855,9.0
777,6280,77864,9.0
777,6281,77873,9.0
777,6282,77883,10.0
777,6283,77892,9.0
777,6284,77908,16.0
777,6285,77924,16.0
777,6286,77936,12.0
777,6287,77948,12.0
777,6288,77957,9.0
777,6289,77967,10.0
777,6290,77976,9.0
777,6291,77986,10.0
777,6292,77995,9.0
777,6293,78008,13.0
777,6294,78021,13.0
777,6295,78031,10.0
777,6296,78041,10.0
777,6297,78050,9.0
777,6298,78062,12.0
777,6299,78072,10.0
777,6300,78082,10.0
777,6301,78090,8.0
777,6302,78100,10.0
777,6303,78110,10.0
777,6304,78119,9.0
777,6305,78128,9.0
777,6306,78138,10.0
777,6307,78150,12.0
777,6308,78159,9.0
777,6309,78168,9.0
777,6310,78185,17.0
777,6311,78193,8.0
777,6312,78201,8.0
777,6313,78212,11.0
777,6314,78222,10.0
777,6315,78231,9.0
777,6316,78241,10.0
777,6317,78253,12.0
777,6318,78263,10.0
777,6319,78272,9.0
777,6320,78281,9.0
777,6321,78291,10.0
777,6322,78303,12.0
777,6323,78313,10.0
777,6324,78322,9.0
777,6325,78335,13.0
777,6326,78346,11.0
777,6327,78363,17.0
777,6328,78372,9.0
777,6329,78381,9.0
777,6330,78389,8.0
777,6331,78401,12.0
777,6332,78410,9.0
777,6333,78420,10.0
777,6334,78432,12.0
777,6335,78443,11.0
777,6336,78453,10.0
777,6337,78464,11.0
777,6338,78474,10.0
777,6339,78483,9.0
777,6340,78492,9.0
777,6341,78502,10.0
777,6342,78513,11.0
777,6343,78523,10.0
777,6344,78533,10.0
777,6345,78545,12.0
777,6346,78555,10.0
777,6347,78568,13.0
777,6348,78577,9.0
777,6349,78587,10.0
777,6350,78614,27.0
777,6351,78625,11.0
777,6352,78635,10.0
777,6353,78645,10.0
777,6354,78666,21.0
777,6355,78677,11.0
777,6356,78689,12.0
777,6357,78700,11.0
777,6358,78711,11.0
777,6359,78726,15.0
777,6360,78735,9.0
777,6361,78746,11.0
777,6362,78757,11.0
777,6363,78769,12.0
777,6364,78778,9.0
777,6365,78789,11.0
777,6366,78798,9.0
777,6367,78807,9.0
777,6368,78819,12.0
777,6369,78829,10.0
777,6370,78843,14.0
777,6371,78854,11.0
777,6372,78869,15.0
777,6373,78878,9.0
777,6374,78886,8.0
777,6375,78897,11.0
777,6376,78907,10.0
777,6377,78915,8.0
777,6378,78925,10.0
777,6379,78935,10.0
777,6380,78945,10.0
777,6381,78954,9.0
777,6382,78965,11.0
777,6383,78975,10.0
777,6384,78986,11.0
777,6385,78996,10.0
777,6386,79007,11.0
777,6387,79021,14.0
777,6388,79030,9.0
777,6389,79047,17.0
777,6390,79057,10.0
777,6391,79066,9.0
777,6392,79078,12.0
777,6393,79087,9.0
777,6394,79106,19.0
777,6395,79118,12.0
777,6396,79127,9.0
777,6397,79141,14.0
777,6398,79158,17.0
777,6399,79168,10.0
777,6400,79178,10.0
777,6401,79186,8.0
777,6402,79196,10.0
777,6403,79206,10.0
777,6404,79218,12.0
777,6405,79227,9.0
777,6406,79236,9.0
777,6407,79249,13.0
777,6408,79259,10.0
777,6409,79269,10.0
777,6410,79279,10.0
777,6411,79288,9.0
777,6412,79298,10.0
777,6413,79308,10.0
777,6414,79317,9.0
777,6415,79326,9.0
777,6416,79335,9.0
777,6417,79344,9.0
777,6418,79354,10.0
777,6419,79364,10.0
777,6420,79374,10.0
777,6421,79383,9.0
777,6422,79391,8.0
777,6423,79400,9.0
777,6424,79410,10.0
777,6425,79420,10.0
777,6426,79429,9.0
777,6427,79439,10.0
777,6428,79448,9.0
777,6429,79458,10.0
777,6430,79469,11.0
777,6431,79477,8.0
777,6432,79489,12.0
777,6433,79497,8.0
777,6434,79507,10.0
777,6435,79516,9.0
777,6436,79525,9.0
777,6437,79535,10.0
777,6438,79546,11.0
777,6439,79555,9.0
777,6440,79565,10.0
777,6441,79574,9.0
777,6442,79583,9.0
777,6443,79592,9.0
777,6444,79602,10.0
777,6445,79612,10.0
777,6446,79622,10.0
777,6447,79633,11.0
777,6448,79648,15.0
777,6449,79659,11.0
777,6450,79670,11.0
777,6451,79681,11.0
777,6452,79693,12.0
777,6453,79701,8.0
777,6454,79713,12.0
777,6455,79730,17.0
777,6456,79740,10.0
777,6457,79754,14.0
777,6458,79766,12.0
777,6459,79775,9.0
777,6460,79785,10.0
777,6461,79795,10.0
777,6462,79805,10.0
777,6463,79815,10.0
777,6464,79827,12.0
777,6465,79836,9.0
777,6466,79846,10.0
777,6467,79856,10.0
777,6468,79864,8.0
777,6469,79872,8.0
777,6470,79881,9.0
777,6471,79893,12.0
777,6472,79901,8.0
777,6473,79911,10.0
777,6474,79920,9.0
777,6475,79930,10.0
777,6476,79941,11.0
777,6477,79952,11.0
777,6478,79962,10.0
777,6479,79970,8.0
777,6480,79980,10.0
777,6481,79989,9.0
777,6482,79999,10.0
777,6483,80011,12.0
777,6484,80020,9.0
777,6485,80030,10.0
777,6486,80042,12.0
777,6487,80053,11.0
777,6488,80061,8.0
777,6489,80070,9.0
777,6490,80079,9.0
777,6491,80090,11.0
777,6492,80100,10.0
777,6493,80110,10.0
777,6494,80120,10.0
777,6495,80129,9.0
777,6496,80138,9.0
777,6497,80148,10.0
777,6498,80158,10.0
777,6499,80168,10.0
777,6500,80180,12.0
777,6501,80192,12.0
777,6502,80202,10.0
777,6503,80213,11.0
777,6504,80222,9.0
777,6505,80234,12.0
777,6506,80243,9.0
777,6507,80252,9.0
777,6508,80261,9.0
777,6509,80272,11.0
777,6510,80282,10.0
777,6511,80291,9.0
777,6512,80301,10.0
777,6513,80311,10.0
777,6514,80320,9.0
777,6515,80330,10.0
777,6516,80339,9.0
777,6517,80349,10.0
777,6518,80361,12.0
777,6519,80370,9.0
777,6520,80380,10.0
777,6521,80389,9.0
777,6522,80398,9.0
777,6523,80408,10.0
777,6524,80419,11.0
777,6525,80431,12.0
777,6526,80441,10.0
777,6527,80450,9.0
777,6528,80461,11.0
777,6529,80475,14.0
777,6530,80485,10.0
777,6531,80493,8.0
777,6532,80504,11.0
777,6533,80514,10.0
777,6534,80528,14.0
777,6535,80538,10.0
777,6536,80547,9.0
777,6537,80555,8.0
777,6538,80565,10.0
777,6539,80575,10.0
777,6540,80585,10.0
777,6541,80597,12.0
777,6542,80608,11.0
777,6543,80618,10.0
777,6544,80629,11.0
777,6545,80640,11.0
777,6546,80649,9.0
777,6547,80659,10.0
777,6548,80669,10.0
777,6549,80679,10.0
777,6550,80688,9.0
777,6551,80698,10.0
777,6552,80708,10.0
777,6553,80717,9.0
777,6554,80726,9.0
777,6555,80738,12.0
777,6556,80747,9.0
777,6557,80756,9.0
777,6558,80765,9.0
777,6559,80774,9.0
777,6560,80784,10.0
777,6561,80793,9.0
777,6562,80805,12.0
777,6563,80814,9.0
777,6564,80826,12.0
777,6565,80838,12.0
777,6566,80848,10.0
777,6567,80858,10.0
777,6568,80868,10.0
777,6569,80880,12.0
777,6570,80889,9.0
777,6571,80906,17.0
777,6572,80915,9.0
777,6573,80924,9.0
777,6574,80933,9.0
777,6575,80945,12.0
777,6576,80954,9.0
777,6577,80964,10.0
777,6578,80975,11.0
777,6579,80984,9.0
777,6580,80994,10.0
777,6581,81003,9.0
777,6582,81013,10.0
777,6583,81026,13.0
777,6584,81034,8.0
777,6585,81050,16.0
777,6586,81060,10.0
777,6587,81069,9.0
777,6588,81079,10.0
777,6589,81093,14.0
777,6590,81103,10.0
777,6591,81112,9.0
777,6592,81123,11.0
777,6593,81132,9.0
777,6594,81142,10.0
777,6595,81152,10.0
777,6596,81162,10.0
777,6597,81173,11.0
777,6598,81182,9.0
777,6599,81190,8.0
777,6600,81199,9.0
777,6601,81210,11.0
777,6602,81221,11.0
777,6603,81231,10.0
777,6604,81240,9.0
777,6605,81250,10.0
777,6606,81260,10.0
777,6607,81268,8.0
777,6608,81276,8.0
777,6609,81285,9.0
777,6610,81294,9.0
777,6611,81304,10.0
777,6612,81313,9.0
777,6613,81321,8.0
777,6614,81329,8.0
777,6615,81342,13.0
777,6616,81353,11.0
777,6617,81363,10.0
777,6618,81371,8.0
777,6619,81380,9.0
777,6620,81390,10.0
777,6621,81399,9.0
777,6622,81409,10.0
777,6623,81419,10.0
777,6624,81429,10.0
777,6625,81439,10.0
777,6626,81448,9.0
777,6627,81457,9.0
777,6628,81465,8.0
777,6629,81475,10.0
777,6630,81486,11.0
777,6631,81495,9.0
777,6632,81503,8.0
777,6633,81511,8.0
777,6634,81520,9.0
777,6635,81529,9.0
777,6636,81539,10.0
777,6637,81551,12.0
777,6638,81562,11.0
777,6639,81571,9.0
777,6640,81581,10.0
777,6641,81590,9.0
777,6642,81598,8.0
777,6643,81607,9.0
777,6644,81617,10.0
777,6645,81626,9.0
777,6646,81636,10.0
777,6647,81645,9.0
777,6648,81655,10.0
777,6649,81665,10.0
777,6650,81675,10.0
777,6651,81685,10.0
777,6652,81695,10.0
777,6653,81707,12.0
777,6654,81716,9.0
777,6655,81725,9.0
777,6656,81734,9.0
777,6657,81743,9.0
777,6658,81752,9.0
777,6659,81761,9.0
777,6660,81771,10.0
777,6661,81781,10.0
777,6662,81791,10.0
777,6663,81800,9.0
777,6664,81812,12.0
777,6665,81821,9.0
777,6666,81831,10.0
777,6667,81840,9.0
777,6668,81850,10.0
777,6669,81859,9.0
777,6670,81871,12.0
777,6671,81882,11.0
777,6672,81892,10.0
777,6673,81904,12.0
777,6674,81916,12.0
777,6675,81926,10.0
777,6676,81935,9.0
777,6677,81946,11.0
777,6678,81955,9.0
777,6679,81965,10.0
777,6680,81974,9.0
777,6681,81984,10.0
777,6682,81999,15.0
777,6683,82009,10.0
777,6684,82021,12.0
777,6685,82038,17.0
777,6686,82048,10.0
777,6687,82058,10.0
777,6688,82068,10.0
777,6689,82078,10.0
777,6690,82090,12.0
777,6691,82100,10.0
777,6692,82115,15.0
777,6693,82124,9.0
777,6694,82134,10.0
777,6695,82143,9.0
777,6696,82155,12.0
777,6697,82164,9.0
777,6698,82175,11.0
777,6699,82186,11.0
777,6700,82195,9.0
777,6701,82206,11.0
777,6702,82216,10.0
777,6703,82224,8.0
777,6704,82235,11.0
777,6705,82243,8.0
777,6706,82253,10.0
777,6707,82263,10.0
777,6708,82280,17.0
777,6709,82295,15.0
777,6710,82305,10.0
777,6711,82315,10.0
777,6712,82325,10.0
777,6713,82335,10.0
777,6714,82345,10.0
777,6715,82353,8.0
777,6716,82364,11.0
777,6717,82375,11.0
777,6718,82385,10.0
777,6719,82395,10.0
777,6720,82405,10.0
777,6721,82416,11.0
777,6722,82425,9.0
777,6723,82434,9.0
777,6724,82444,10.0
777,6725,82454,10.0
777,6726,82464,10.0
777,6727,82477,13.0
777,6728,82486,9.0
777,6729,82496,10.0
777,6730,82506,10.0
777,6731,82515,9.0
777,6732,82525,10.0
777,6733,82534,9.0
777,6734,82542,8.0
777,6735,82551,9.0
777,6736,82561,10.0
777,6737,82571,10.0
777,6738,82583,12.0
777,6739,82592,9.0
777,6740,82602,10.0
777,6741,82611,9.0
777,6742,82621,10.0
777,6743,82630,9.0
777,6744,82640,10.0
777,6745,82649,9.0
777,6746,82658,9.0
777,6747,82668,10.0
777,6748,82679,11.0
777,6749,82690,11.0
777,6750,82698,8.0
777,6751,82707,9.0
777,6752,82717,10.0
777,6753,82726,9.0
777,6754,82734,8.0
777,6755,82743,9.0
777,6756,82752,9.0
777,6757,82764,12.0
777,6758,82774,10.0
777,6759,82785,11.0
777,6760,82795,10.0
777,6761,82803,8.0
777,6762,82814,11.0
777,6763,82825,11.0
777,6764,82837,12.0
777,6765,82845,8.0
777,6766,82854,9.0
777,6767,82865,11.0
777,6768,82876,11.0
777,6769,82888,12.0
777,6770,82897,9.0
777,6771,82907,10.0
777,6772,82916,9.0
777,6773,82926,10.0
777,6774,82938,12.0
777,6775,82951,13.0
777,6776,82963,12.0
777,6777,82974,11.0
777,6778,82985,11.0
777,6779,82995,10.0
777,6780,83006,11.0
777,6781,83016,10.0
777,6782,83024,8.0
777,6783,83034,10.0
777,6784,83042,8.0
777,6785,83052,10.0
777,6786,83060,8.0
777,6787,83068,8.0
777,6788,83080,12.0
777,6789,83088,8.0
777,6790,83096,8.0
777,6791,83104,8.0
777,6792,83116,12.0
777,6793,83125,9.0
777,6794,83135,10.0
777,6795,83145,10.0
777,6796,83153,8.0
777,6797,83167,14.0
777,6798,83182,15.0
777,6799,83192,10.0
777,6800,83201,9.0
777,6801,83209,8.0
777,6802,83217,8.0
777,6803,83227,10.0
777,6804,83237,10.0
777,6805,83246,9.0
777,6806,83255,9.0
777,6807,83265,10.0
777,6808,83273,8.0
777,6809,83283,10.0
777,6810,83295,12.0
777,6811,83305,10.0
777,6812,83314,9.0
777,6813,83323,9.0
777,6814,83334,11.0
777,6815,83347,13.0
777,6816,83356,9.0
777,6817,83365,9.0
777,6818,83375,10.0
777,6819,83384,9.0
777,6820,83393,9.0
777,6821,83401,8.0
777,6822,83410,9.0
777,6823,83421,11.0
777,6824,83429,8.0
777,6825,83439,10.0
777,6826,83450,11.0
777,6827,83459,9.0
777,6828,83471,12.0
777,6829,83481,10.0
777,6830,83497,16.0
777,6831,83507,10.0
777,6832,83517,10.0
777,6833,83527,10.0
777,6834,83537,10.0
777,6835,83547,10.0
777,6836,83557,10.0
777,6837,83566,9.0
777,6838,83577,11.0
777,6839,83587,10.0
777,6840,83599,12.0
777,6841,83611,12.0
777,6842,83620,9.0
777,6843,83630,10.0
777,6844,83642,12.0
777,6845,83652,10.0
777,6846,83661,9.0
777,6847,83670,9.0
777,6848,83678,8.0
777,6849,83693,15.0
777,6850,83703,10.0
777,6851,83714,11.0
777,6852,83724,10.0
777,6853,83734,10.0
777,6854,83744,10.0
777,6855,83754,10.0
777,6856,83763,9.0
777,6857,83772,9.0
777,6858,83780,8.0
777,6859,83789,9.0
777,6860,83799,10.0
777,6861,83809,10.0
777,6862,83819,10.0
777,6863,83828,9.0
777,6864,83838,10.0
777,6865,83848,10.0
777,6866,83860,12.0
777,6867,83870,10.0
777,6868,83880,10.0
777,6869,83890,10.0
777,6870,83902,12.0
777,6871,83912,10.0
777,6872,83922,10.0
777,6873,83932,10.0
777,6874,83943,11.0
777,6875,83952,9.0
777,6876,83962,10.0
777,6877,83971,9.0
777,6878,83980,9.0
777,6879,83990,10.0
777,6880,83999,9.0
777,6881,84011,12.0
777,6882,84023,12.0
777,6883,84032,9.0
777,6884,84042,10.0
777,6885,84051,9.0
777,6886,84061,10.0
777,6887,84079,18.0
777,6888,84089,10.0
777,6889,84098,9.0
777,6890,84110,12.0
777,6891,84120,10.0
777,6892,84132,12.0
777,6893,84144,12.0
777,6894,84152,8.0
777,6895,84162,10.0
777,6896,84171,9.0
777,6897,84181,10.0
777,6898,84192,11.0
777,6899,84201,9.0
777,6900,84211,10.0
777,6901,84225,14.0
777,6902,84234,9.0
777,6903,84243,9.0
777,6904,84251,8.0
777,6905,84259,8.0
777,6906,84268,9.0
777,6907,84278,10.0
777,6908,84286,8.0
777,6909,84295,9.0
777,6910,84305,10.0
777,6911,84314,9.0
777,6912,84326,12.0
777,6913,84334,8.0
777,6914,84343,9.0
777,6915,84353,10.0
777,6916,84364,11.0
777,6917,84373,9.0
777,6918,84383,10.0
777,6919,84395,12.0
777,6920,84405,10.0
777,6921,84415,10.0
777,6922,84425,10.0
777,6923,84435,10.0
777,6924,84445,10.0
777,6925,84456,11.0
777,6926,84466,10.0
777,6927,84481,15.0
777,6928,84490,9.0
777,6929,84502,12.0
777,6930,84514,12.0
777,6931,84525,11.0
777,6932,84534,9.0
777,6933,84553,19.0
777,6934,84562,9.0
777,6935,84575,13.0
777,6936,84591,16.0
777,6937,84600,9.0
777,6938,84612,12.0
777,6939,84621,9.0
777,6940,84631,10.0
777,6941,84640,9.0
777,6942,84650,10.0
777,6943,84660,10.0
777,6944,84670,10.0
777,6945,84679,9.0
777,6946,84690,11.0
777,6947,84700,10.0
777,6948,84710,10.0
777,6949,84719,9.0
777,6950,84727,8.0
777,6951,84737,10.0
777,6952,84747,10.0
777,6953,84757,10.0
777,6954,84766,9.0
777,6955,84775,9.0
777,6956,84783,8.0
777,6957,84792,9.0
777,6958,84802,10.0
777,6959,84812,10.0
777,6960,84820,8.0
777,6961,84838,18.0
777,6962,84848,10.0
777,6963,84859,11.0
777,6964,84869,10.0
777,6965,84880,11.0
777,6966,84892,12.0
777,6967,84901,9.0
777,6968,84913,12.0
777,6969,84921,8.0
777,6970,84931,10.0
777,6971,84943,12.0
777,6972,84952,9.0
777,6973,84961,9.0
777,6974,84974,13.0
777,6975,84984,10.0
777,6976,84993,9.0
777,6977,85007,14.0
777,6978,85015,8.0
777,6979,85025,10.0
777,6980,85037,12.0
777,6981,85048,11.0
777,6982,85061,13.0
777,6983,85071,10.0
777,6984,85079,8.0
777,6985,85088,9.0
777,6986,85098,10.0
777,6987,85110,12.0
777,6988,85121,11.0
777,6989,85131,10.0
777,6990,85141,10.0
777,6991,85150,9.0
777,6992,85160,10.0
777,6993,85170,10.0
777,6994,85178,8.0
777,6995,85187,9.0
777,6996,85199,12.0
777,6997,85208,9.0
777,6998,85218,10.0
777,6999,85227,9.0
777,7000,85236,9.0
777,7001,85246,10.0
777,7002,85257,11.0
777,7003,85269,12.0
777,7004,85282,13.0
777,7005,85291,9.0
777,7006,85305,14.0
777,7007,85314,9.0
777,7008,85322,8.0
777,7009,85331,9.0
777,7010,85341,10.0
777,7011,85350,9.0
777,7012,85361,11.0
777,7013,85371,10.0
777,7014,85381,10.0
777,7015,85391,10.0
777,7016,85400,9.0
777,7017,85410,10.0
777,7018,85418,8.0
777,7019,85427,9.0
777,7020,85437,10.0
777,7021,85445,8.0
777,7022,85457,12.0
777,7023,85469,12.0
777,7024,85478,9.0
777,7025,85487,9.0
777,7026,85498,11.0
777,7027,85507,9.0
777,7028,85518,11.0
777,7029,85526,8.0
777,7030,85534,8.0
777,7031,85543,9.0
777,7032,85557,14.0
777,7033,85567,10.0
777,7034,85576,9.0
777,7035,85589,13.0
777,7036,85598,9.0
777,7037,85609,11.0
777,7038,85620,11.0
777,7039,85629,9.0
777,7040,85637,8.0
777,7041,85666,29.0
777,7042,85677,11.0
777,7043,85687,10.0
777,7044,85697,10.0
777,7045,85707,10.0
777,7046,85717,10.0
777,7047,85727,10.0
777,7048,85741,14.0
777,7049,85752,11.0
777,7050,85763,11.0
777,7051,85782,19.0
777,7052,85791,9.0
777,7053,85800,9.0
777,7054,85811,11.0
777,7055,85827,16.0
777,7056,85836,9.0
777,7057,85846,10.0
777,7058,85855,9.0
777,7059,85864,9.0
777,7060,85874,10.0
777,7061,85884,10.0
777,7062,85893,9.0
777,7063,85902,9.0
777,7064,85911,9.0
777,7065,85921,10.0
777,7066,85930,9.0
777,7067,85944,14.0
777,7068,85954,10.0
777,7069,85966,12.0
777,7070,85975,9.0
777,7071,85984,9.0
777,7072,85994,10.0
777,7073,86004,10.0
777,7074,86013,9.0
777,7075,86023,10.0
777,7076,86031,8.0
777,7077,86041,10.0
777,7078,86052,11.0
777,7079,86062,10.0
777,7080,86073,11.0
777,7081,86082,9.0
777,7082,86091,9.0
777,7083,86101,10.0
777,7084,86112,11.0
777,7085,86121,9.0
777,7086,86131,10.0
777,7087,86139,8.0
777,7088,86148,9.0
777,7089,86158,10.0
777,7090,86167,9.0
777,7091,86179,12.0
777,7092,86190,11.0
777,7093,86200,10.0
777,7094,86217,17.0
777,7095,86227,10.0
777,7096,86236,9.0
777,7097,86246,10.0
777,7098,86257,11.0
777,7099,86266,9.0
777,7100,86274,8.0
777,7101,86283,9.0
777,7102,86292,9.0
777,7103,86302,10.0
777,7104,86314,12.0
777,7105,86324,10.0
777,7106,86333,9.0
777,7107,86344,11.0
777,7108,86353,9.0
777,7109,86366,13.0
777,7110,86376,10.0
777,7111,86386,10.0
777,7112,86395,9.0
777,7113,86404,9.0
777,7114,86412,8.0
777,7115,86420,8.0
777,7116,86431,11.0
777,7117,86440,9.0
777,7118,86450,10.0
777,7119,86464,14.0
777,7120,86476,12.0
777,7121,86486,10.0
777,7122,86497,11.0
777,7123,86507,10.0
777,7124,86516,9.0
777,7125,86526,10.0
777,7126,86537,11.0
777,7127,86545,8.0
777,7128,86557,12.0
777,7129,86570,13.0
777,7130,86579,9.0
777,7131,86590,11.0
777,7132,86600,10.0
777,7133,86609,9.0
777,7134,86622,13.0
777,7135,86635,13.0
777,7136,86644,9.0
777,7137,86652,8.0
777,7138,86663,11.0
777,7139,86672,9.0
777,7140,86684,12.0
777,7141,86695,11.0
777,7142,86711,16.0
777,7143,86720,9.0
777,7144,86731,11.0
777,7145,86742,11.0
777,7146,86753,11.0
777,7147,86764,11.0
777,7148,86774,10.0
777,7149,86790,16.0
777,7150,86802,12.0
777,7151,86811,9.0
777,7152,86824,13.0
777,7153,86834,10.0
777,7154,86843,9.0
777,7155,86856,13.0
777,7156,86865,9.0
777,7157,86874,9.0
777,7158,86883,9.0
777,7159,86893,10.0
777,7160,86901,8.0
777,7161,86914,13.0
777,7162,86924,10.0
777,7163,86935,11.0
777,7164,86945,10.0
777,7165,86955,10.0
777,7166,86968,13.0
777,7167,86977,9.0
777,7168,86991,14.0
777,7169,87000,9.0
777,7170,87010,10.0
777,7171,87020,10.0
777,7172,87030,10.0
777,7173,87039,9.0
777,7174,87052,13.0
777,7175,87062,10.0
777,7176,87074,12.0
777,7177,87089,15.0
777,7178,87099,10.0
777,7179,87113,14.0
777,7180,87121,8.0
777,7181,87133,12.0
777,7182,87142,9.0
777,7183,87152,10.0
777,7184,87166,14.0
777,7185,87176,10.0
777,7186,87186,10.0
777,7187,87196,10.0
777,7188,87206,10.0
777,7189,87219,13.0
777,7190,87231,12.0
777,7191,87241,10.0
777,7192,87252,11.0
777,7193,87262,10.0
777,7194,87271,9.0
777,7195,87280,9.0
777,7196,87289,9.0
777,7197,87297,8.0
777,7198,87307,10.0
777,7199,87318,11.0
777,7200,87326,8.0
777,7201,87335,9.0
777,7202,87345,10.0
777,7203,87353,8.0
777,7204,87363,10.0
777,7205,87373,10.0
777,7206,87384,11.0
777,7207,87393,9.0
777,7208,87401,8.0
777,7209,87409,8.0
777,7210,87418,9.0
777,7211,87428,10.0
777,7212,87440,12.0
777,7213,87452,12.0
777,7214,87462,10.0
777,7215,87472,10.0
777,7216,87481,9.0
777,7217,87493,12.0
777,7218,87503,10.0
777,7219,87511,8.0
777,7220,87524,13.0
777,7221,87538,14.0
777,7222,87550,12.0
777,7223,87559,9.0
777,7224,87569,10.0
777,7225,87583,14.0
777,7226,87592,9.0
777,7227,87612,20.0
777,7228,87624,12.0
777,7229,87634,10.0
777,7230,87644,10.0
777,7231,87654,10.0
777,7232,87663,9.0
777,7233,87674,11.0
777,7234,87683,9.0
777,7235,87693,10.0
777,7236,87709,16.0
777,7237,87720,11.0
777,7238,87730,10.0
777,7239,87740,10.0
777,7240,87751,11.0
777,7241,87760,9.0
777,7242,87771,11.0
777,7243,87781,10.0
777,7244,87790,9.0
777,7245,87801,11.0
777,7246,87812,11.0
777,7247,87822,10.0
777,7248,87831,9.0
777,7249,87841,10.0
777,7250,87849,8.0
777,7251,87858,9.0
777,7252,87872,14.0
777,7253,87882,10.0
777,7254,87891,9.0
777,7255,87903,12.0
777,7256,87913,10.0
777,7257,87930,17.0
777,7258,87944,14.0
777,7259,87954,10.0
777,7260,87963,9.0
777,7261,87972,9.0
777,7262,87986,14.0
777,7263,87997,11.0
777,7264,88006,9.0
777,7265,88015,9.0
777,7266,88025,10.0
777,7267,88035,10.0
777,7268,88047,12.0
777,7269,88060,13.0
777,7270,88069,9.0
777,7271,88091,22.0
777,7272,88101,10.0
777,7273,88110,9.0
777,7274,88120,10.0
777,7275,88129,9.0
777,7276,88138,9.0
777,7277,88147,9.0
777,7278,88160,13.0
777,7279,88170,10.0
777,7280,88178,8.0
777,7281,88187,9.0
777,7282,88198,11.0
777,7283,88210,12.0
777,7284,88219,9.0
777,7285,88228,9.0
777,7286,88237,9.0
777,7287,88246,9.0
777,7288,88256,10.0
777,7289,88265,9.0
777,7290,88277,12.0
777,7291,88288,11.0
777,7292,88298,10.0
777,7293,88308,10.0
777,7294,88320,12.0
777,7295,88328,8.0
777,7296,88340,12.0
777,7297,88350,10.0
777,7298,88358,8.0
777,7299,88367,9.0
777,7300,88377,10.0
777,7301,88385,8.0
777,7302,88395,10.0
777,7303,88405,10.0
777,7304,88418,13.0
777,7305,88430,12.0
777,7306,88440,10.0
777,7307,88450,10.0
777,7308,88460,10.0
777,7309,88469,9.0
777,7310,88479,10.0
777,7311,88498,19.0
777,7312,88511,13.0
777,7313,88519,8.0
777,7314,88531,12.0
777,7315,88541,10.0
777,7316,88555,14.0
777,7317,88565,10.0
777,7318,88573,8.0
777,7319,88582,9.0
777,7320,88592,10.0
777,7321,88602,10.0
777,7322,88611,9.0
777,7323,88622,11.0
777,7324,88634,12.0
777,7325,88644,10.0
777,7326,88653,9.0
777,7327,88663,10.0
777,7328,88672,9.0
777,7329,88681,9.0
777,7330,88690,9.0
777,7331,88702,12.0
777,7332,88712,10.0
777,7333,88720,8.0
777,7334,88731,11.0
777,7335,88740,9.0
777,7336,88751,11.0
777,7337,88760,9.0
777,7338,88769,9.0
777,7339,88778,9.0
777,7340,88788,10.0
777,7341,88799,11.0
777,7342,88809,10.0
777,7343,88818,9.0
777,7344,88827,9.0
777,7345,88836,9.0
777,7346,88845,9.0
777,7347,88854,9.0
777,7348,88862,8.0
777,7349,88871,9.0
777,7350,88880,9.0
777,7351,88890,10.0
777,7352,88902,12.0
777,7353,88913,11.0
777,7354,88930,17.0
777,7355,88940,10.0
777,7356,88950,10.0
777,7357,88960,10.0
777,7358,88974,14.0
777,7359,88984,10.0
777,7360,88994,10.0
777,7361,89003,9.0
777,7362,89013,10.0
777,7363,89023,10.0
777,7364,89039,16.0
777,7365,89048,9.0
777,7366,89059,11.0
777,7367,89069,10.0
777,7368,89077,8.0
777,7369,89087,10.0
777,7370,89098,11.0
777,7371,89108,10.0
777,7372,89118,10.0
777,7373,89127,9.0
777,7374,89136,9.0
777,7375,89148,12.0
777,7376,89162,14.0
777,7377,89172,10.0
777,7378,89181,9.0
777,7379,89193,12.0
777,7380,89203,10.0
777,7381,89214,11.0
777,7382,89223,9.0
777,7383,89233,10.0
777,7384,89247,14.0
777,7385,89255,8.0
777,7386,89266,11.0
777,7387,89275,9.0
777,7388,89283,8.0
777,7389,89294,11.0
777,7390,89306,12.0
777,7391,89316,10.0
777,7392,89327,11.0
777,7393,89337,10.0
777,7394,89347,10.0
777,7395,89362,15.0
777,7396,89371,9.0
777,7397,89380,9.0
777,7398,89389,9.0
777,7399,89399,10.0
777,7400,89409,10.0
777,7401,89419,10.0
777,7402,89428,9.0
777,7403,89436,8.0
777,7404,89445,9.0
777,7405,89457,12.0
777,7406,89469,12.0
777,7407,89482,13.0
777,7408,89491,9.0
777,7409,89502,11.0
777,7410,89512,10.0
777,7411,89521,9.0
777,7412,89530,9.0
777,7413,89541,11.0
777,7414,89551,10.0
777,7415,89562,11.0
777,7416,89571,9.0
777,7417,89580,9.0
777,7418,89590,10.0
777,7419,89604,14.0
777,7420,89612,8.0
777,7421,89622,10.0
777,7422,89631,9.0
777,7423,89641,10.0
777,7424,89650,9.0
777,7425,89659,9.0
777,7426,89669,10.0
777,7427,89682,13.0
777,7428,89695,13.0
777,7429,89704,9.0
777,7430,89714,10.0
777,7431,89725,11.0
777,7432,89736,11.0
777,7433,89747,11.0
777,7434,89758,11.0
777,7435,89768,10.0
777,7436,89778,10.0
777,7437,89787,9.0
777,7438,89796,9.0
777,7439,89808,12.0
777,7440,89820,12.0
777,7441,89829,9.0
777,7442,89837,8.0
777,7443,89848,11.0
777,7444,89866,18.0
777,7445,89876,10.0
777,7446,89888,12.0
777,7447,89897,9.0
777,7448,89906,9.0
777,7449,89914,8.0
777,7450,89923,9.0
777,7451,89948,25.0
777,7452,89960,12.0
777,7453,89972,12.0
777,7454,89984,12.0
777,7455,89993,9.0
777,7456,90003,10.0
777,7457,90012,9.0
777,7458,90026,14.0
777,7459,90035,9.0
777,7460,90046,11.0
777,7461,90055,9.0
777,7462,90064,9.0
777,7463,90073,9.0
777,7464,90083,10.0
777,7465,90094,11.0
777,7466,90103,9.0
777,7467,90112,9.0
777,7468,90123,11.0
777,7469,90140,17.0
777,7470,90151,11.0
777,7471,90164,13.0
777,7472,90176,12.0
777,7473,90185,9.0
777,7474,90195,10.0
777,7475,90203,8.0
777,7476,90214,11.0
777,7477,90223,9.0
777,7478,90253,30.0
777,7479,90264,11.0
777,7480,90275,11.0
777,7481,90285,10.0
777,7482,90294,9.0
777,7483,90306,12.0
777,7484,90316,10.0
777,7485,90329,13.0
777,7486,90337,8.0
777,7487,90353,16.0
777,7488,90363,10.0
777,7489,90372,9.0
777,7490,90382,10.0
777,7491,90391,9.0
777,7492,90402,11.0
777,7493,90413,11.0
777,7494,90422,9.0
777,7495,90435,13.0
777,7496,90448,13.0
777,7497,90460,12.0
777,7498,90469,9.0
777,7499,90479,10.0
777,7500,90489,10.0
777,7501,90498,9.0
777,7502,90510,12.0
777,7503,90519,9.0
777,7504,90528,9.0
777,7505,90536,8.0
777,7506,90546,10.0
777,7507,90555,9.0
777,7508,90565,10.0
777,7509,90574,9.0
777,7510,90585,11.0
777,7511,90595,10.0
777,7512,90606,11.0
777,7513,90614,8.0
777,7514,90623,9.0
777,7515,90640,17.0
777,7516,90649,9.0
777,7517,90660,11.0
777,7518,90669,9.0
777,7519,90679,10.0
777,7520,90689,10.0
777,7521,90698,9.0
777,7522,90706,8.0
777,7523,90715,9.0
777,7524,90725,10.0
777,7525,90735,10.0
777,7526,90744,9.0
777,7527,90755,11.0
777,7528,90764,9.0
777,7529,90773,9.0
777,7530,90783,10.0
777,7531,90795,12.0
777,7532,90803,8.0
777,7533,90813,10.0
777,7534,90825,12.0
777,7535,90837,12.0
777,7536,90849,12.0
777,7537,90858,9.0
777,7538,90866,8.0
777,7539,90875,9.0
777,7540,90884,9.0
777,7541,90893,9.0
777,7542,90903,10.0
777,7543,90927,24.0
777,7544,90936,9.0
777,7545,90953,17.0
777,7546,90965,12.0
777,7547,90974,9.0
777,7548,90984,10.0
777,7549,90998,14.0
777,7550,91011,13.0
777,7551,91020,9.0
777,7552,91031,11.0
777,7553,91041,10.0
777,7554,91049,8.0
777,7555,91059,10.0
777,7556,91068,9.0
777,7557,91078,10.0
777,7558,91086,8.0
777,7559,91096,10.0
777,7560,91109,13.0
777,7561,91118,9.0
777,7562,91129,11.0
777,7563,91139,10.0
777,7564,91149,10.0
777,7565,91159,10.0
777,7566,91169,10.0
777,7567,91181,12.0
777,7568,91189,8.0
777,7569,91199,10.0
777,7570,91214,15.0
777,7571,91223,9.0
777,7572,91231,8.0
777,7573,91241,10.0
777,7574,91251,10.0
777,7575,91263,12.0
777,7576,91277,14.0
777,7577,91285,8.0
777,7578,91295,10.0
777,7579,91305,10.0
777,7580,91315,10.0
777,7581,91325,10.0
777,7582,91339,14.0
777,7583,91349,10.0
777,7584,91360,11.0
777,7585,91369,9.0
777,7586,91379,10.0
777,7587,91388,9.0
777,7588,91398,10.0
777,7589,91408,10.0
777,7590,91418,10.0
777,7591,91428,10.0
777,7592,91439,11.0
777,7593,91449,10.0
777,7594,91460,11.0
777,7595,91470,10.0
777,7596,91480,10.0
777,7597,91492,12.0
777,7598,91501,9.0
777,7599,91519,18.0
777,7600,91528,9.0
777,7601,91540,12.0
777,7602,91548,8.0
777,7603,91558,10.0
777,7604,91568,10.0
777,7605,91578,10.0
777,7606,91589,11.0
777,7607,91606,17.0
777,7608,91615,9.0
777,7609,91624,9.0
777,7610,91634,10.0
777,7611,91644,10.0
777,7612,91655,11.0
777,7613,91665,10.0
777,7614,91677,12.0
777,7615,91689,12.0
777,7616,91699,10.0
777,7617,91708,9.0
777,7618,91718,10.0
777,7619,91727,9.0
777,7620,91739,12.0
777,7621,91748,9.0
777,7622,91758,10.0
777,7623,91769,11.0
777,7624,91783,14.0
777,7625,91793,10.0
777,7626,91803,10.0
777,7627,91813,10.0
777,7628,91822,9.0
777,7629,91832,10.0
777,7630,91841,9.0
777,7631,91849,8.0
777,7632,91860,11.0
777,7633,91872,12.0
777,7634,91881,9.0
777,7635,91890,9.0
777,7636,91900,10.0
777,7637,91909,9.0
777,7638,91917,8.0
777,7639,91927,10.0
777,7640,91937,10.0
777,7641,91948,11.0
777,7642,91957,9.0
777,7643,91967,10.0
777,7644,91977,10.0
777,7645,91987,10.0
777,7646,91996,9.0
777,7647,92006,10.0
777,7648,92016,10.0
777,7649,92026,10.0
777,7650,92035,9.0
777,7651,92047,12.0
777,7652,92055,8.0
777,7653,92066,11.0
777,7654,92076,10.0
777,7655,92086,10.0
777,7656,92095,9.0
777,7657,92105,10.0
777,7658,92115,10.0
777,7659,92133,18.0
777,7660,92144,11.0
777,7661,92152,8.0
777,7662,92160,8.0
777,7663,92168,8.0
777,7664,92178,10.0
777,7665,92189,11.0
777,7666,92199,10.0
777,7667,92212,13.0
777,7668,92220,8.0
777,7669,92230,10.0
777,7670,92239,9.0
777,7671,92247,8.0
777,7672,92257,10.0
777,7673,92265,8.0
777,7674,92275,10.0
777,7675,92283,8.0
777,7676,92293,10.0
777,7677,92303,10.0
777,7678,92313,10.0
777,7679,92322,9.0
777,7680,92331,9.0
777,7681,92345,14.0
777,7682,92358,13.0
777,7683,92367,9.0
777,7684,92377,10.0
777,7685,92386,9.0
777,7686,92395,9.0
777,7687,92405,10.0
777,7688,92415,10.0
777,7689,92427,12.0
777,7690,92436,9.0
777,7691,92447,11.0
777,7692,92455,8.0
777,7693,92467,12.0
777,7694,92477,10.0
777,7695,92489,12.0
777,7696,92504,15.0
777,7697,92514,10.0
777,7698,92526,12.0
777,7699,92536,10.0
777,7700,92546,10.0
777,7701,92555,9.0
777,7702,92564,9.0
777,7703,92573,9.0
777,7704,92584,11.0
777,7705,92593,9.0
777,7706,92604,11.0
777,7707,92614,10.0
777,7708,92625,11.0
777,7709,92635,10.0
777,7710,92643,8.0
777,7711,92653,10.0
777,7712,92665,12.0
777,7713,92673,8.0
777,7714,92683,10.0
777,7715,92692,9.0
777,7716,92701,9.0
777,7717,92710,9.0
777,7718,92720,10.0
777,7719,92729,9.0
777,7720,92737,8.0
777,7721,92749,12.0
777,7722,92757,8.0
777,7723,92766,9.0
777,7724,92776,10.0
777,7725,92789,13.0
777,7726,92798,9.0
777,7727,92816,18.0
777,7728,92826,10.0
777,7729,92836,10.0
777,7730,92845,9.0
777,7731,92854,9.0
777,7732,92865,11.0
777,7733,92873,8.0
777,7734,92883,10.0
777,7735,92893,10.0
777,7736,92903,10.0
777,7737,92914,11.0
777,7738,92926,12.0
777,7739,92938,12.0
777,7740,92952,14.0
777,7741,92962,10.0
777,7742,92973,11.0
777,7743,92981,8.0
777,7744,92993,12.0
777,7745,93005,12.0
777,7746,93014,9.0
777,7747,93025,11.0
777,7748,93035,10.0
777,7749,93045,10.0
777,7750,93055,10.0
777,7751,93064,9.0
777,7752,93077,13.0
777,7753,93087,10.0
777,7754,93095,8.0
777,7755,93108,13.0
777,7756,93117,9.0
777,7757,93130,13.0
777,7758,93138,8.0
777,7759,93147,9.0
777,7760,93156,9.0
777,7761,93166,10.0
777,7762,93176,10.0
777,7763,93187,11.0
777,7764,93201,14.0
777,7765,93209,8.0
777,7766,93222,13.0
777,7767,93232,10.0
777,7768,93240,8.0
777,7769,93254,14.0
777,7770,93263,9.0
777,7771,93274,11.0
777,7772,93284,10.0
777,7773,93294,10.0
777,7774,93304,10.0
777,7775,93313,9.0
777,7776,93326,13.0
777,7777,93335,9.0
777,7778,93347,12.0
777,7779,93357,10.0
777,7780,93367,10.0
777,7781,93376,9.0
777,7782,93387,11.0
777,7783,93398,11.0
777,7784,93408,10.0
777,7785,93418,10.0
777,7786,93427,9.0
777,7787,93436,9.0
777,7788,93446,10.0
777,7789,93458,12.0
777,7790,93467,9.0
777,7791,93478,11.0
777,7792,93487,9.0
777,7793,93503,16.0
777,7794,93516,13.0
777,7795,93525,9.0
777,7796,93535,10.0
777,7797,93545,10.0
777,7798,93555,10.0
777,7799,93565,10.0
777,7800,93575,10.0
777,7801,93584,9.0
777,7802,93594,10.0
777,7803,93602,8.0
777,7804,93612,10.0
777,7805,93621,9.0
777,7806,93632,11.0
777,7807,93642,10.0
777,7808,93650,8.0
777,7809,93662,12.0
777,7810,93673,11.0
777,7811,93683,10.0
777,7812,93692,9.0
777,7813,93702,10.0
777,7814,93712,10.0
777,7815,93721,9.0
777,7816,93730,9.0
777,7817,93739,9.0
777,7818,93752,13.0
777,7819,93764,12.0
777,7820,93774,10.0
777,7821,93782,8.0
777,7822,93795,13.0
777,7823,93804,9.0
777,7824,93814,10.0
777,7825,93823,9.0
777,7826,93832,9.0
777,7827,93843,11.0
777,7828,93853,10.0
777,7829,93863,10.0
777,7830,93872,9.0
777,7831,93884,12.0
777,7832,93892,8.0
777,7833,93902,10.0
777,7834,93912,10.0
777,7835,93925,13.0
777,7836,93934,9.0
777,7837,93943,9.0
777,7838,93952,9.0
777,7839,93962,10.0
777,7840,93974,12.0
777,7841,93986,12.0
777,7842,93994,8.0
777,7843,94005,11.0
777,7844,94014,9.0
777,7845,94023,9.0
777,7846,94033,10.0
777,7847,94042,9.0
777,7848,94050,8.0
777,7849,94058,8.0
777,7850,94070,12.0
777,7851,94079,9.0
777,7852,94096,17.0
777,7853,94109,13.0
777,7854,94119,10.0
777,7855,94131,12.0
777,7856,94141,10.0
777,7857,94152,11.0
777,7858,94163,11.0
777,7859,94173,10.0
777,7860,94191,18.0
777,7861,94201,10.0
777,7862,94222,21.0
777,7863,94231,9.0
777,7864,94241,10.0
777,7865,94253,12.0
777,7866,94263,10.0
777,7867,94273,10.0
777,7868,94282,9.0
777,7869,94291,9.0
777,7870,94300,9.0
777,7871,94312,12.0
777,7872,94321,9.0
777,7873,94335,14.0
777,7874,94344,9.0
777,7875,94353,9.0
777,7876,94363,10.0
777,7877,94371,8.0
777,7878,94380,9.0
777,7879,94391,11.0
777,7880,94401,10.0
777,7881,94413,12.0
777,7882,94424,11.0
777,7883,94436,12.0
777,7884,94444,8.0
777,7885,94461,17.0
777,7886,94470,9.0
777,7887,94481,11.0
777,7888,94490,9.0
777,7889,94499,9.0
777,7890,94508,9.0
777,7891,94516,8.0
777,7892,94527,11.0
777,7893,94541,14.0
777,7894,94551,10.0
777,7895,94563,12.0
777,7896,94573,10.0
777,7897,94584,11.0
777,7898,94603,19.0
777,7899,94613,10.0
777,7900,94621,8.0
777,7901,94631,10.0
777,7902,94644,13.0
777,7903,94656,12.0
777,7904,94665,9.0
777,7905,94675,10.0
777,7906,94683,8.0
777,7907,94691,8.0
777,7908,94702,11.0
777,7909,94712,10.0
777,7910,94725,13.0
777,7911,94734,9.0
777,7912,94745,11.0
777,7913,94755,10.0
777,7914,94764,9.0
777,7915,94775,11.0
777,7916,94784,9.0
777,7917,94793,9.0
777,7918,94803,10.0
777,7919,94812,9.0
777,7920,94823,11.0
777,7921,94833,10.0
777,7922,94843,10.0
777,7923,94853,10.0
777,7924,94861,8.0
777,7925,94872,11.0
777,7926,94884,12.0
777,7927,94895,11.0
777,7928,94904,9.0
777,7929,94917,13.0
777,7930,94926,9.0
777,7931,94935,9.0
777,7932,94943,8.0
777,7933,94956,13.0
777,7934,94965,9.0
777,7935,94973,8.0
777,7936,94982,9.0
777,7937,94992,10.0
777,7938,95001,9.0
777,7939,95010,9.0
777,7940,95020,10.0
777,7941,95033,13.0
777,7942,95043,10.0
777,7943,95053,10.0
777,7944,95067,14.0
777,7945,95078,11.0
777,7946,95087,9.0
777,7947,95096,9.0
777,7948,95105,9.0
777,7949,95116,11.0
777,7950,95131,15.0
777,7951,95140,9.0
777,7952,95150,10.0
777,7953,95164,14.0
777,7954,95174,10.0
777,7955,95184,10.0
777,7956,95193,9.0
777,7957,95203,10.0
777,7958,95212,9.0
777,7959,95223,11.0
777,7960,95234,11.0
777,7961,95245,11.0
777,7962,95254,9.0
777,7963,95269,15.0
777,7964,95278,9.0
777,7965,95289,11.0
777,7966,95300,11.0
777,7967,95311,11.0
777,7968,95321,10.0
777,7969,95329,8.0
777,7970,95337,8.0
777,7971,95347,10.0
777,7972,95356,9.0
777,7973,95365,9.0
777,7974,95376,11.0
777,7975,95386,10.0
777,7976,95397,11.0
777,7977,95407,10.0
777,7978,95417,10.0
777,7979,95428,11.0
777,7980,95441,13.0
777,7981,95451,10.0
777,7982,95462,11.0
777,7983,95476,14.0
777,7984,95484,8.0
777,7985,95495,11.0
777,7986,95507,12.0
777,7987,95519,12.0
777,7988,95528,9.0
777,7989,95540,12.0
777,7990,95548,8.0
777,7991,95557,9.0
777,7992,95565,8.0
777,7993,95575,10.0
777,7994,95590,15.0
777,7995,95600,10.0
777,7996,95611,11.0
777,7997,95621,10.0
777,7998,95630,9.0
777,7999,95641,11.0
777,8000,95651,10.0
777,8001,95662,11.0
777,8002,95674,12.0
777,8003,95683,9.0
777,8004,95692,9.0
777,8005,95701,9.0
777,8006,95711,10.0
777,8007,95721,10.0
777,8008,95730,9.0
777,8009,95740,10.0
777,8010,95755,15.0
777,8011,95773,18.0
777,8012,95783,10.0
777,8013,95791,8.0
777,8014,95802,11.0
777,8015,95811,9.0
777,8016,95822,11.0
777,8017,95832,10.0
777,8018,95842,10.0
777,8019,95856,14.0
777,8020,95864,8.0
777,8021,95873,9.0
777,8022,95882,9.0
777,8023,95894,12.0
777,8024,95904,10.0
777,8025,95913,9.0
777,8026,95921,8.0
777,8027,95931,10.0
777,8028,95940,9.0
777,8029,95949,9.0
777,8030,95959,10.0
777,8031,95968,9.0
777,8032,95979,11.0
777,8033,95989,10.0
777,8034,95998,9.0
777,8035,96013,15.0
777,8036,96023,10.0
777,8037,96031,8.0
777,8038,96039,8.0
777,8039,96047,8.0
777,8040,96059,12.0
777,8041,96068,9.0
777,8042,96082,14.0
777,8043,96093,11.0
777,8044,96102,9.0
777,8045,96115,13.0
777,8046,96124,9.0
777,8047,96133,9.0
777,8048,96145,12.0
777,8049,96154,9.0
777,8050,96164,10.0
777,8051,96174,10.0
777,8052,96183,9.0
777,8053,96192,9.0
777,8054,96206,14.0
777,8055,96216,10.0
777,8056,96234,18.0
777,8057,96243,9.0
777,8058,96252,9.0
777,8059,96261,9.0
777,8060,96271,10.0
777,8061,96280,9.0
777,8062,96292,12.0
777,8063,96300,8.0
777,8064,96308,8.0
777,8065,96318,10.0
777,8066,96328,10.0
777,8067,96337,9.0
777,8068,96347,10.0
777,8069,96355,8.0
777,8070,96365,10.0
777,8071,96375,10.0
777,8072,96390,15.0
777,8073,96399,9.0
777,8074,96411,12.0
777,8075,96420,9.0
777,8076,96431,11.0
777,8077,96450,19.0
777,8078,96459,9.0
777,8079,96468,9.0
777,8080,96479,11.0
777,8081,96490,11.0
777,8082,96501,11.0
777,8083,96510,9.0
777,8084,96519,9.0
777,8085,96531,12.0
777,8086,96541,10.0
777,8087,96550,9.0
777,8088,96558,8.0
777,8089,96567,9.0
777,8090,96579,12.0
777,8091,96589,10.0
777,8092,96599,10.0
777,8093,96607,8.0
777,8094,96616,9.0
777,8095,96626,10.0
777,8096,96635,9.0
777,8097,96648,13.0
777,8098,96669,21.0
777,8099,96680,11.0
777,8100,96691,11.0
777,8101,96699,8.0
777,8102,96710,11.0
777,8103,96720,10.0
777,8104,96732,12.0
777,8105,96741,9.0
777,8106,96751,10.0
777,8107,96761,10.0
777,8108,96775,14.0
777,8109,96785,10.0
777,8110,96795,10.0
777,8111,96809,14.0
777,8112,96819,10.0
777,8113,96830,11.0
777,8114,96842,12.0
777,8115,96852,10.0
777,8116,96860,8.0
777,8117,96876,16.0
777,8118,96884,8.0
777,8119,96893,9.0
777,8120,96903,10.0
777,8121,96914,11.0
777,8122,96923,9.0
777,8123,96932,9.0
777,8124,96942,10.0
777,8125,96950,8.0
777,8126,96960,10.0
777,8127,96969,9.0
777,8128,96977,8.0
777,8129,96988,11.0
777,8130,97000,12.0
777,8131,97009,9.0
777,8132,97018,9.0
777,8133,97026,8.0
777,8134,97034,8.0
777,8135,97044,10.0
777,8136,97052,8.0
777,8137,97062,10.0
777,8138,97079,17.0
777,8139,97091,12.0
777,8140,97103,12.0
777,8141,97113,10.0
777,8142,97123,10.0
777,8143,97132,9.0
777,8144,97147,15.0
777,8145,97155,8.0
777,8146,97164,9.0
777,8147,97175,11.0
777,8148,97185,10.0
777,8149,97197,12.0
777,8150,97211,14.0
777,8151,97220,9.0
777,8152,97229,9.0
777,8153,97239,10.0
777,8154,97247,8.0
777,8155,97264,17.0
777,8156,97274,10.0
777,8157,97286,12.0
777,8158,97295,9.0
777,8159,97303,8.0
777,8160,97313,10.0
777,8161,97324,11.0
777,8162,97333,9.0
777,8163,97343,10.0
777,8164,97354,11.0
777,8165,97363,9.0
777,8166,97374,11.0
777,8167,97384,10.0
777,8168,97393,9.0
777,8169,97403,10.0
777,8170,97414,11.0
777,8171,97424,10.0
777,8172,97439,15.0
777,8173,97450,11.0
777,8174,97462,12.0
777,8175,97470,8.0
777,8176,97479,9.0
777,8177,97488,9.0
777,8178,97500,12.0
777,8179,97509,9.0
777,8180,97528,19.0
777,8181,97537,9.0
777,8182,97549,12.0
777,8183,97559,10.0
777,8184,97573,14.0
777,8185,97582,9.0
777,8186,97592,10.0
777,8187,97600,8.0
777,8188,97608,8.0
777,8189,97618,10.0
777,8190,97627,9.0
777,8191,97639,12.0
777,8192,97649,10.0
777,8193,97661,12.0
777,8194,97671,10.0
777,8195,97680,9.0
777,8196,97689,9.0
777,8197,97699,10.0
777,8198,97707,8.0
777,8199,97715,8.0
777,8200,97734,19.0
777,8201,97746,12.0
777,8202,97757,11.0
777,8203,97766,9.0
777,8204,97778,12.0
777,8205,97789,11.0
777,8206,97799,10.0
777,8207,97810,11.0
777,8208,97821,11.0
777,8209,97831,10.0
777,8210,97839,8.0
777,8211,97848,9.0
777,8212,97857,9.0
777,8213,97867,10.0
777,8214,97876,9.0
777,8215,97888,12.0
777,8216,97901,13.0
777,8217,97916,15.0
777,8218,97926,10.0
777,8219,97935,9.0
777,8220,97944,9.0
777,8221,97954,10.0
777,8222,97963,9.0
777,8223,97973,10.0
777,8224,97983,10.0
777,8225,97992,9.0
777,8226,98001,9.0
777,8227,98018,17.0
777,8228,98029,11.0
777,8229,98039,10.0
777,8230,98049,10.0
777,8231,98059,10.0
777,8232,98068,9.0
777,8233,98077,9.0
777,8234,98086,9.0
777,8235,98097,11.0
777,8236,98106,9.0
777,8237,98116,10.0
777,8238,98126,10.0
777,8239,98136,10.0
777,8240,98145,9.0
777,8241,98153,8.0
777,8242,98163,10.0
777,8243,98173,10.0
777,8244,98186,13.0
777,8245,98199,13.0
777,8246,98209,10.0
777,8247,98219,10.0
777,8248,98229,10.0
777,8249,98241,12.0
777,8250,98259,18.0
777,8251,98268,9.0
777,8252,98279,11.0
777,8253,98288,9.0
777,8254,98298,10.0
777,8255,98309,11.0
777,8256,98320,11.0
777,8257,98332,12.0
777,8258,98344,12.0
777,8259,98366,22.0
777,8260,98376,10.0
777,8261,98388,12.0
777,8262,98396,8.0
777,8263,98405,9.0
777,8264,98416,11.0
777,8265,98425,9.0
777,8266,98434,9.0
777,8267,98443,9.0
777,8268,98453,10.0
777,8269,98461,8.0
777,8270,98471,10.0
777,8271,98479,8.0
777,8272,98487,8.0
777,8273,98497,10.0
777,8274,98509,12.0
777,8275,98519,10.0
777,8276,98533,14.0
777,8277,98543,10.0
777,8278,98551,8.0
777,8279,98560,9.0
777,8280,98570,10.0
777,8281,98581,11.0
777,8282,98591,10.0
777,8283,98600,9.0
777,8284,98608,8.0
777,8285,98618,10.0
777,8286,98627,9.0
777,8287,98648,21.0
777,8288,98660,12.0
777,8289,98670,10.0
777,8290,98680,10.0
777,8291,98691,11.0
777,8292,98700,9.0
777,8293,98709,9.0
777,8294,98718,9.0
777,8295,98729,11.0
777,8296,98738,9.0
777,8297,98748,10.0
777,8298,98757,9.0
777,8299,98768,11.0
777,8300,98777,9.0
777,8301,98790,13.0
777,8302,98798,8.0
777,8303,98808,10.0
777,8304,98817,9.0
777,8305,98827,10.0
777,8306,98837,10.0
777,8307,98846,9.0
777,8308,98856,10.0
777,8309,98864,8.0
777,8310,98877,13.0
777,8311,98891,14.0
777,8312,98903,12.0
777,8313,98913,10.0
777,8314,98925,12.0
777,8315,98934,9.0
777,8316,98944,10.0
777,8317,98956,12.0
777,8318,98974,18.0
777,8319,98983,9.0
777,8320,98996,13.0
777,8321,99006,10.0
777,8322,99015,9.0
777,8323,99026,11.0
777,8324,99036,10.0
777,8325,99050,14.0
777,8326,99062,12.0
777,8327,99071,9.0
777,8328,99080,9.0
777,8329,99089,9.0
777,8330,99101,12.0
777,8331,99110,9.0
777,8332,99122,12.0
777,8333,99131,9.0
777,8334,99141,10.0
777,8335,99151,10.0
777,8336,99160,9.0
777,8337,99170,10.0
777,8338,99180,10.0
777,8339,99190,10.0
777,8340,99200,10.0
777,8341,99209,9.0
777,8342,99221,12.0
777,8343,99229,8.0
777,8344,99238,9.0
777,8345,99248,10.0
777,8346,99261,13.0
777,8347,99273,12.0
777,8348,99281,8.0
777,8349,99291,10.0
777,8350,99299,8.0
777,8351,99313,14.0
777,8352,99323,10.0
777,8353,99334,11.0
777,8354,99344,10.0
777,8355,99353,9.0
777,8356,99366,13.0
777,8357,99375,9.0
777,8358,99385,10.0
777,8359,99394,9.0
777,8360,99404,10.0
777,8361,99416,12.0
777,8362,99426,10.0
777,8363,99436,10.0
777,8364,99449,13.0
777,8365,99459,10.0
777,8366,99468,9.0
777,8367,99476,8.0
777,8368,99485,9.0
777,8369,99498,13.0
777,8370,99507,9.0
777,8371,99517,10.0
777,8372,99526,9.0
777,8373,99539,13.0
777,8374,99551,12.0
777,8375,99560,9.0
777,8376,99574,14.0
777,8377,99583,9.0
777,8378,99592,9.0
777,8379,99601,9.0
777,8380,99611,10.0
777,8381,99621,10.0
777,8382,99631,10.0
777,8383,99642,11.0
777,8384,99656,14.0
777,8385,99666,10.0
777,8386,99677,11.0
777,8387,99686,9.0
777,8388,99696,10.0
777,8389,99708,12.0
777,8390,99717,9.0
777,8391,99730,13.0
777,8392,99746,16.0
777,8393,99755,9.0
777,8394,99764,9.0
777,8395,99775,11.0
777,8396,99785,10.0
777,8397,99795,10.0
777,8398,99804,9.0
777,8399,99816,12.0
777,8400,99826,10.0
777,8401,99836,10.0
777,8402,99847,11.0
777,8403,99856,9.0
777,8404,99867,11.0
777,8405,99876,9.0
777,8406,99886,10.0
777,8407,99898,12.0
777,8408,99908,10.0
777,8409,99920,12.0
777,8410,99931,11.0
777,8411,99940,9.0
777,8412,99950,10.0
777,8413,99959,9.0
777,8414,99971,12.0
777,8415,99981,10.0
777,8416,99990,9.0
777,8417,99999,9.0
777,8418,100008,9.0
777,8419,100016,8.0
777,8420,100026,10.0
777,8421,100038,12.0
777,8422,100048,10.0
777,8423,100058,10.0
777,8424,100067,9.0
777,8425,100076,9.0
777,8426,100089,13.0
777,8427,100100,11.0
777,8428,100111,11.0
777,8429,100121,10.0
777,8430,100137,16.0
777,8431,100149,12.0
777,8432,100168,19.0
777,8433,100178,10.0
777,8434,100188,10.0
777,8435,100197,9.0
777,8436,100211,14.0
777,8437,100222,11.0
777,8438,100230,8.0
777,8439,100243,13.0
777,8440,100252,9.0
777,8441,100264,12.0
777,8442,100274,10.0
777,8443,100283,9.0
777,8444,100292,9.0
777,8445,100304,12.0
777,8446,100312,8.0
777,8447,100321,9.0
777,8448,100331,10.0
777,8449,100341,10.0
777,8450,100353,12.0
777,8451,100363,10.0
777,8452,100373,10.0
777,8453,100382,9.0
777,8454,100391,9.0
777,8455,100400,9.0
777,8456,100408,8.0
777,8457,100418,10.0
777,8458,100429,11.0
777,8459,100440,11.0
777,8460,100450,10.0
777,8461,100459,9.0
777,8462,100470,11.0
777,8463,100481,11.0
777,8464,100490,9.0
777,8465,100499,9.0
777,8466,100509,10.0
777,8467,100521,12.0
777,8468,100548,27.0
777,8469,100557,9.0
777,8470,100569,12.0
777,8471,100582,13.0
777,8472,100592,10.0
777,8473,100601,9.0
777,8474,100617,16.0
777,8475,100628,11.0
777,8476,100638,10.0
777,8477,100648,10.0
777,8478,100657,9.0
777,8479,100671,14.0
777,8480,100680,9.0
777,8481,100690,10.0
777,8482,100701,11.0
777,8483,100710,9.0
777,8484,100728,18.0
777,8485,100737,9.0
777,8486,100747,10.0
777,8487,100758,11.0
777,8488,100770,12.0
777,8489,100780,10.0
777,8490,100794,14.0
777,8491,100803,9.0
777,8492,100815,12.0
777,8493,100825,10.0
777,8494,100836,11.0
777,8495,100845,9.0
777,8496,100855,10.0
777,8497,100867,12.0
777,8498,100877,10.0
777,8499,100887,10.0
777,8500,100896,9.0
777,8501,100905,9.0
777,8502,100917,12.0
777,8503,100927,10.0
777,8504,100935,8.0
777,8505,100945,10.0
777,8506,100955,10.0
777,8507,100965,10.0
777,8508,100975,10.0
777,8509,100985,10.0
777,8510,100995,10.0
777,8511,101006,11.0
777,8512,101016,10.0
777,8513,101026,10.0
777,8514,101042,16.0
777,8515,101052,10.0
777,8516,101062,10.0
777,8517,101072,10.0
777,8518,101082,10.0
777,8519,101092,10.0
777,8520,101102,10.0
777,8521,101111,9.0
777,8522,101124,13.0
777,8523,101133,9.0
777,8524,101143,10.0
777,8525,101152,9.0
777,8526,101161,9.0
777,8527,101173,12.0
777,8528,101183,10.0
777,8529,101194,11.0
777,8530,101204,10.0
777,8531,101213,9.0
777,8532,101221,8.0
777,8533,101230,9.0
777,8534,101239,9.0
777,8535,101249,10.0
777,8536,101259,10.0
777,8537,101271,12.0
777,8538,101281,10.0
777,8539,101291,10.0
777,8540,101299,8.0
777,8541,101309,10.0
777,8542,101318,9.0
777,8543,101328,10.0
777,8544,101337,9.0
777,8545,101348,11.0
777,8546,101359,11.0
777,8547,101383,24.0
777,8548,101391,8.0
777,8549,101403,12.0
777,8550,101417,14.0
777,8551,101427,10.0
777,8552,101437,10.0
777,8553,101449,12.0
777,8554,101458,9.0
777,8555,101470,12.0
777,8556,101483,13.0
777,8557,101492,9.0
777,8558,101502,10.0
777,8559,101512,10.0
777,8560,101522,10.0
777,8561,101534,12.0
777,8562,101543,9.0
777,8563,101555,12.0
777,8564,101578,23.0
777,8565,101592,14.0
777,8566,101602,10.0
777,8567,101612,10.0
777,8568,101621,9.0
777,8569,101632,11.0
777,8570,101645,13.0
777,8571,101656,11.0
777,8572,101666,10.0
777,8573,101676,10.0
777,8574,101685,9.0
777,8575,101695,10.0
777,8576,101704,9.0
777,8577,101717,13.0
777,8578,101726,9.0
777,8579,101737,11.0
777,8580,101746,9.0
777,8581,101755,9.0
777,8582,101766,11.0
777,8583,101776,10.0
777,8584,101787,11.0
777,8585,101799,12.0
777,8586,101809,10.0
777,8587,101817,8.0
777,8588,101826,9.0
777,8589,101836,10.0
777,8590,101846,10.0
777,8591,101856,10.0
777,8592,101866,10.0
777,8593,101876,10.0
777,8594,101889,13.0
777,8595,101898,9.0
777,8596,101909,11.0
777,8597,101918,9.0
777,8598,101928,10.0
777,8599,101938,10.0
777,8600,101948,10.0
777,8601,101966,18.0
777,8602,101976,10.0
777,8603,101985,9.0
777,8604,101994,9.0
777,8605,102003,9.0
777,8606,102017,14.0
777,8607,102026,9.0
777,8608,102036,10.0
777,8609,102049,13.0
777,8610,102060,11.0
777,8611,102070,10.0
777,8612,102080,10.0
777,8613,102090,10.0
777,8614,102100,10.0
777,8615,102111,11.0
777,8616,102122,11.0
777,8617,102132,10.0
777,8618,102145,13.0
777,8619,102155,10.0
777,8620,102167,12.0
777,8621,102175,8.0
777,8622,102185,10.0
777,8623,102196,11.0
777,8624,102206,10.0
777,8625,102217,11.0
777,8626,102227,10.0
777,8627,102240,13.0
777,8628,102249,9.0
777,8629,102257,8.0
777,8630,102266,9.0
777,8631,102278,12.0
777,8632,102288,10.0
777,8633,102297,9.0
777,8634,102309,12.0
777,8635,102319,10.0
777,8636,102328,9.0
777,8637,102341,13.0
777,8638,102364,23.0
777,8639,102374,10.0
777,8640,102383,9.0
777,8641,102391,8.0
777,8642,102399,8.0
777,8643,102409,10.0
777,8644,102419,10.0
777,8645,102430,11.0
777,8646,102439,9.0
777,8647,102453,14.0
777,8648,102463,10.0
777,8649,102475,12.0
777,8650,102483,8.0
777,8651,102495,12.0
777,8652,102504,9.0
777,8653,102514,10.0
777,8654,102527,13.0
777,8655,102537,10.0
777,8656,102549,12.0
777,8657,102558,9.0
777,8658,102568,10.0
777,8659,102577,9.0
777,8660,102587,10.0
777,8661,102598,11.0
777,8662,102615,17.0
777,8663,102624,9.0
777,8664,102633,9.0
777,8665,102645,12.0
777,8666,102655,10.0
777,8667,102664,9.0
777,8668,102676,12.0
777,8669,102686,10.0
777,8670,102700,14.0
777,8671,102712,12.0
777,8672,102721,9.0
777,8673,102733,12.0
777,8674,102745,12.0
777,8675,102754,9.0
777,8676,102763,9.0
777,8677,102773,10.0
777,8678,102783,10.0
777,8679,102794,11.0
777,8680,102803,9.0
777,8681,102812,9.0
777,8682,102822,10.0
777,8683,102833,11.0
777,8684,102844,11.0
777,8685,102856,12.0
777,8686,102865,9.0
777,8687,102875,10.0
777,8688,102885,10.0
777,8689,102893,8.0
777,8690,102904,11.0
777,8691,102913,9.0
777,8692,102930,17.0
777,8693,102940,10.0
777,8694,102956,16.0
777,8695,102967,11.0
777,8696,102978,11.0
777,8697,102990,12.0
777,8698,103003,13.0
777,8699,103014,11.0
777,8700,103023,9.0
777,8701,103031,8.0
777,8702,103047,16.0
777,8703,103057,10.0
777,8704,103067,10.0
777,8705,103075,8.0
777,8706,103084,9.0
777,8707,103100,16.0
777,8708,103112,12.0
777,8709,103122,10.0
777,8710,103133,11.0
777,8711,103142,9.0
777,8712,103151,9.0
777,8713,103161,10.0
777,8714,103183,22.0
777,8715,103191,8.0
777,8716,103200,9.0
777,8717,103212,12.0
777,8718,103236,24.0
777,8719,103250,14.0
777,8720,103262,12.0
777,8721,103271,9.0
777,8722,103281,10.0
777,8723,103291,10.0
777,8724,103302,11.0
777,8725,103312,10.0
777,8726,103327,15.0
777,8727,103340,13.0
777,8728,103350,10.0
777,8729,103363,13.0
777,8730,103373,10.0
777,8731,103381,8.0
777,8732,103390,9.0
777,8733,103399,9.0
777,8734,103410,11.0
777,8735,103419,9.0
777,8736,103430,11.0
777,8737,103440,10.0
777,8738,103454,14.0
777,8739,103465,11.0
777,8740,103476,11.0
777,8741,103485,9.0
777,8742,103501,16.0
777,8743,103512,11.0
777,8744,103521,9.0
777,8745,103531,10.0
777,8746,103540,9.0
777,8747,103549,9.0
777,8748,103559,10.0
777,8749,103573,14.0
777,8750,103583,10.0
777,8751,103593,10.0
777,8752,103605,12.0
777,8753,103618,13.0
777,8754,103627,9.0
777,8755,103637,10.0
777,8756,103649,12.0
777,8757,103660,11.0
777,8758,103671,11.0
777,8759,103679,8.0
777,8760,103691,12.0
777,8761,103700,9.0
777,8762,103709,9.0
777,8763,103718,9.0
777,8764,103728,10.0
777,8765,103738,10.0
777,8766,103748,10.0
777,8767,103759,11.0
777,8768,103768,9.0
777,8769,103778,10.0
777,8770,103788,10.0
777,8771,103798,10.0
777,8772,103809,11.0
777,8773,103821,12.0
777,8774,103832,11.0
777,8775,103843,11.0
777,8776,103857,14.0
777,8777,103869,12.0
777,8778,103879,10.0
777,8779,103889,10.0
777,8780,103899,10.0
777,8781,103908,9.0
777,8782,103918,10.0
777,8783,103928,10.0
777,8784,103940,12.0
777,8785,103951,11.0
777,8786,103960,9.0
777,8787,103970,10.0
777,8788,103979,9.0
777,8789,103990,11.0
777,8790,103999,9.0
777,8791,104008,9.0
777,8792,104017,9.0
777,8793,104030,13.0
777,8794,104040,10.0
777,8795,104051,11.0
777,8796,104060,9.0
777,8797,104071,11.0
777,8798,104081,10.0
777,8799,104091,10.0
777,8800,104101,10.0
777,8801,104113,12.0
777,8802,104122,9.0
777,8803,104132,10.0
777,8804,104141,9.0
777,8805,104152,11.0
777,8806,104164,12.0
777,8807,104174,10.0
777,8808,104184,10.0
777,8809,104193,9.0
777,8810,104203,10.0
777,8811,104213,10.0
777,8812,104222,9.0
777,8813,104236,14.0
777,8814,104247,11.0
777,8815,104257,10.0
777,8816,104267,10.0
777,8817,104279,12.0
777,8818,104291,12.0
777,8819,104300,9.0
777,8820,104309,9.0
777,8821,104319,10.0
777,8822,104334,15.0
777,8823,104342,8.0
777,8824,104352,10.0
777,8825,104362,10.0
777,8826,104373,11.0
777,8827,104382,9.0
777,8828,104391,9.0
777,8829,104401,10.0
777,8830,104409,8.0
777,8831,104420,11.0
777,8832,104430,10.0
777,8833,104439,9.0
777,8834,104451,12.0
777,8835,104461,10.0
777,8836,104472,11.0
777,8837,104483,11.0
777,8838,104493,10.0
777,8839,104503,10.0
777,8840,104513,10.0
777,8841,104524,11.0
777,8842,104539,15.0
777,8843,104550,11.0
777,8844,104560,10.0
777,8845,104570,10.0
777,8846,104580,10.0
777,8847,104589,9.0
777,8848,104598,9.0
777,8849,104607,9.0
777,8850,104617,10.0
777,8851,104632,15.0
777,8852,104642,10.0
777,8853,104651,9.0
777,8854,104661,10.0
777,8855,104670,9.0
777,8856,104680,10.0
777,8857,104689,9.0
777,8858,104699,10.0
777,8859,104710,11.0
777,8860,104720,10.0
777,8861,104731,11.0
777,8862,104743,12.0
777,8863,104753,10.0
777,8864,104765,12.0
777,8865,104774,9.0
777,8866,104783,9.0
777,8867,104794,11.0
777,8868,104809,15.0
777,8869,104820,11.0
777,8870,104832,12.0
777,8871,104841,9.0
777,8872,104851,10.0
777,8873,104860,9.0
777,8874,104874,14.0
777,8875,104885,11.0
777,8876,104895,10.0
777,8877,104907,12.0
777,8878,104916,9.0
777,8879,104927,11.0
777,8880,104936,9.0
777,8881,104945,9.0
777,8882,104955,10.0
777,8883,104965,10.0
777,8884,104975,10.0
777,8885,104988,13.0
777,8886,104996,8.0
777,8887,105007,11.0
777,8888,105016,9.0
777,8889,105025,9.0
777,8890,105036,11.0
777,8891,105045,9.0
777,8892,105058,13.0
777,8893,105068,10.0
777,8894,105076,8.0
777,8895,105086,10.0
777,8896,105098,12.0
777,8897,105106,8.0
777,8898,105115,9.0
777,8899,105124,9.0
777,8900,105133,9.0
777,8901,105145,12.0
777,8902,105155,10.0
777,8903,105165,10.0
777,8904,105175,10.0
777,8905,105184,9.0
777,8906,105194,10.0
777,8907,105203,9.0
777,8908,105213,10.0
777,8909,105225,12.0
777,8910,105234,9.0
777,8911,105243,9.0
777,8912,105251,8.0
777,8913,105260,9.0
777,8914,105274,14.0
777,8915,105282,8.0
777,8916,105291,9.0
777,8917,105302,11.0
777,8918,105311,9.0
777,8919,105321,10.0
777,8920,105330,9.0
777,8921,105340,10.0
777,8922,105351,11.0
777,8923,105362,11.0
777,8924,105371,9.0
777,8925,105380,9.0
777,8926,105390,10.0
777,8927,105400,10.0
777,8928,105411,11.0
777,8929,105421,10.0
777,8930,105432,11.0
777,8931,105440,8.0
777,8932,105450,10.0
777,8933,105459,9.0
777,8934,105471,12.0
777,8935,105482,11.0
777,8936,105491,9.0
777,8937,105503,12.0
777,8938,105514,11.0
777,8939,105524,10.0
777,8940,105534,10.0
777,8941,105545,11.0
777,8942,105555,10.0
777,8943,105564,9.0
777,8944,105572,8.0
777,8945,105587,15.0
777,8946,105595,8.0
777,8947,105605,10.0
777,8948,105615,10.0
777,8949,105623,8.0
777,8950,105640,17.0
777,8951,105649,9.0
777,8952,105658,9.0
777,8953,105668,10.0
777,8954,105678,10.0
777,8955,105688,10.0
777,8956,105698,10.0
777,8957,105709,11.0
777,8958,105721,12.0
777,8959,105732,11.0
777,8960,105744,12.0
777,8961,105754,10.0
777,8962,105771,17.0
777,8963,105782,11.0
777,8964,105791,9.0
777,8965,105802,11.0
777,8966,105814,12.0
777,8967,105823,9.0
777,8968,105835,12.0
777,8969,105845,10.0
777,8970,105854,9.0
777,8971,105864,10.0
777,8972,105872,8.0
777,8973,105891,19.0
777,8974,105903,12.0
777,8975,105914,11.0
777,8976,105923,9.0
777,8977,105933,10.0
777,8978,105942,9.0
777,8979,105952,10.0
777,8980,105960,8.0
777,8981,105972,12.0
777,8982,105982,10.0
777,8983,105997,15.0
777,8984,106007,10.0
777,8985,106017,10.0
777,8986,106030,13.0
777,8987,106040,10.0
777,8988,106051,11.0
777,8989,106062,11.0
777,8990,106072,10.0
777,8991,106082,10.0
777,8992,106091,9.0
777,8993,106102,11.0
777,8994,106112,10.0
777,8995,106121,9.0
777,8996,106130,9.0
777,8997,106142,12.0
777,8998,106152,10.0
777,8999,106164,12.0
777,9000,106173,9.0
777,9001,106183,10.0
777,9002,106193,10.0
777,9003,106205,12.0
777,9004,106213,8.0
777,9005,106225,12.0
777,9006,106235,10.0
777,9007,106245,10.0
777,9008,106255,10.0
777,9009,106265,10.0
777,9010,106276,11.0
777,9011,106286,10.0
777,9012,106301,15.0
777,9013,106311,10.0
777,9014,106322,11.0
777,9015,106331,9.0
777,9016,106339,8.0
777,9017,106347,8.0
777,9018,106361,14.0
777,9019,106371,10.0
777,9020,106380,9.0
777,9021,106391,11.0
777,9022,106404,13.0
777,9023,106413,9.0
777,9024,106424,11.0
777,9025,106436,12.0
777,9026,106444,8.0
777,9027,106453,9.0
777,9028,106464,11.0
777,9029,106473,9.0
777,9030,106482,9.0
777,9031,106491,9.0
777,9032,106501,10.0
777,9033,106511,10.0
777,9034,106521,10.0
777,9035,106530,9.0
777,9036,106538,8.0
777,9037,106547,9.0
777,9038,106560,13.0
777,9039,106570,10.0
777,9040,106580,10.0
777,9041,106592,12.0
777,9042,106601,9.0
777,9043,106612,11.0
777,9044,106621,9.0
777,9045,106631,10.0
777,9046,106642,11.0
777,9047,106652,10.0
777,9048,106662,10.0
777,9049,106671,9.0
777,9050,106681,10.0
777,9051,106691,10.0
777,9052,106701,10.0
777,9053,106711,10.0
777,9054,106723,12.0
777,9055,106735,12.0
777,9056,106745,10.0
777,9057,106756,11.0
777,9058,106765,9.0
777,9059,106776,11.0
777,9060,106787,11.0
777,9061,106796,9.0
777,9062,106806,10.0
777,9063,106815,9.0
777,9064,106827,12.0
777,9065,106836,9.0
777,9066,106849,13.0
777,9067,106859,10.0
777,9068,106875,16.0
777,9069,106883,8.0
777,9070,106892,9.0
777,9071,106904,12.0
777,9072,106915,11.0
777,9073,106926,11.0
777,9074,106936,10.0
777,9075,106945,9.0
777,9076,106954,9.0
777,9077,106962,8.0
777,9078,106970,8.0
777,9079,106980,10.0
777,9080,106990,10.0
777,9081,107003,13.0
777,9082,107015,12.0
777,9083,107027,12.0
777,9084,107037,10.0
777,9085,107047,10.0
777,9086,107057,10.0
777,9087,107067,10.0
777,9088,107077,10.0
777,9089,107086,9.0
777,9090,107096,10.0
777,9091,107106,10.0
777,9092,107115,9.0
777,9093,107124,9.0
777,9094,107134,10.0
777,9095,107144,10.0
777,9096,107153,9.0
777,9097,107168,15.0
777,9098,107182,14.0
777,9099,107191,9.0
777,9100,107206,15.0
777,9101,107216,10.0
777,9102,107229,13.0
777,9103,107237,8.0
777,9104,107248,11.0
777,9105,107262,14.0
777,9106,107275,13.0
777,9107,107285,10.0
777,9108,107298,13.0
777,9109,107307,9.0
777,9110,107320,13.0
777,9111,107330,10.0
777,9112,107339,9.0
777,9113,107349,10.0
777,9114,107359,10.0
777,9115,107375,16.0
777,9116,107385,10.0
777,9117,107394,9.0
777,9118,107414,20.0
777,9119,107422,8.0
777,9120,107431,9.0
777,9121,107441,10.0
777,9122,107453,12.0
777,9123,107464,11.0
777,9124,107474,10.0
777,9125,107483,9.0
777,9126,107494,11.0
777,9127,107503,9.0
777,9128,107513,10.0
777,9129,107523,10.0
777,9130,107532,9.0
777,9131,107543,11.0
777,9132,107552,9.0
777,9133,107564,12.0
777,9134,107576,12.0
777,9135,107586,10.0
777,9136,107598,12.0
777,9137,107609,11.0
777,9138,107619,10.0
777,9139,107632,13.0
777,9140,107641,9.0
777,9141,107651,10.0
777,9142,107662,11.0
777,9143,107671,9.0
777,9144,107680,9.0
777,9145,107693,13.0
777,9146,107705,12.0
777,9147,107714,9.0
777,9148,107727,13.0
777,9149,107737,10.0
777,9150,107748,11.0
777,9151,107758,10.0
777,9152,107771,13.0
777,9153,107783,12.0
777,9154,107794,11.0
777,9155,107806,12.0
777,9156,107814,8.0
777,9157,107824,10.0
777,9158,107836,12.0
777,9159,107847,11.0
777,9160,107857,10.0
777,9161,107866,9.0
777,9162,107877,11.0
777,9163,107892,15.0
777,9164,107903,11.0
777,9165,107918,15.0
777,9166,107931,13.0
777,9167,107942,11.0
777,9168,107953,11.0
777,9169,107963,10.0
777,9170,107972,9.0
777,9171,107981,9.0
777,9172,107991,10.0
777,9173,108001,10.0
777,9174,108013,12.0
777,9175,108022,9.0
777,9176,108031,9.0
777,9177,108041,10.0
777,9178,108056,15.0
777,9179,108065,9.0
777,9180,108075,10.0
777,9181,108085,10.0
777,9182,108097,12.0
777,9183,108117,20.0
777,9184,108127,10.0
777,9185,108136,9.0
777,9186,108146,10.0
777,9187,108157,11.0
777,9188,108165,8.0
777,9189,108175,10.0
777,9190,108187,12.0
777,9191,108197,10.0
777,9192,108209,12.0
777,9193,108219,10.0
777,9194,108229,10.0
777,9195,108239,10.0
777,9196,108249,10.0
777,9197,108259,10.0
777,9198,108270,11.0
777,9199,108280,10.0
777,9200,108291,11.0
777,9201,108303,12.0
777,9202,108312,9.0
777,9203,108326,14.0
777,9204,108336,10.0
777,9205,108345,9.0
777,9206,108356,11.0
777,9207,108367,11.0
777,9208,108377,10.0
777,9209,108387,10.0
777,9210,108397,10.0
777,9211,108406,9.0
777,9212,108416,10.0
777,9213,108426,10.0
777,9214,108437,11.0
777,9215,108445,8.0
777,9216,108454,9.0
777,9217,108465,11.0
777,9218,108475,10.0
777,9219,108486,11.0
777,9220,108495,9.0
777,9221,108511,16.0
777,9222,108520,9.0
777,9223,108529,9.0
777,9224,108538,9.0
777,9225,108547,9.0
777,9226,108558,11.0
777,9227,108568,10.0
777,9228,108577,9.0
777,9229,108588,11.0
777,9230,108597,9.0
777,9231,108606,9.0
777,9232,108618,12.0
777,9233,108628,10.0
777,9234,108638,10.0
777,9235,108647,9.0
777,9236,108657,10.0
777,9237,108667,10.0
777,9238,108678,11.0
777,9239,108687,9.0
777,9240,108696,9.0
777,9241,108707,11.0
777,9242,108716,9.0
777,9243,108731,15.0
777,9244,108740,9.0
777,9245,108750,10.0
777,9246,108760,10.0
777,9247,108773,13.0
777,9248,108783,10.0
777,9249,108799,16.0
777,9250,108809,10.0
777,9251,108821,12.0
777,9252,108831,10.0
777,9253,108841,10.0
777,9254,108861,20.0
777,9255,108876,15.0
777,9256,108887,11.0
777,9257,108897,10.0
777,9258,108909,12.0
777,9259,108918,9.0
777,9260,108927,9.0
777,9261,108937,10.0
777,9262,108947,10.0
777,9263,108958,11.0
777,9264,108966,8.0
777,9265,108977,11.0
777,9266,108988,11.0
777,9267,108998,10.0
777,9268,109008,10.0
777,9269,109020,12.0
777,9270,109030,10.0
777,9271,109039,9.0
777,9272,109048,9.0
777,9273,109061,13.0
777,9274,109070,9.0
777,9275,109082,12.0
777,9276,109091,9.0
777,9277,109099,8.0
777,9278,109107,8.0
777,9279,109118,11.0
777,9280,109128,10.0
777,9281,109137,9.0
777,9282,109147,10.0
777,9283,109160,13.0
777,9284,109172,12.0
777,9285,109182,10.0
777,9286,109193,11.0
777,9287,109203,10.0
777,9288,109212,9.0
777,9289,109224,12.0
777,9290,109234,10.0
777,9291,109244,10.0
777,9292,109254,10.0
777,9293,109265,11.0
777,9294,109274,9.0
777,9295,109283,9.0
777,9296,109295,12.0
777,9297,109305,10.0
777,9298,109321,16.0
777,9299,109331,10.0
777,9300,109341,10.0
777,9301,109350,9.0
777,9302,109360,10.0
777,9303,109369,9.0
777,9304,109382,13.0
777,9305,109390,8.0
777,9306,109399,9.0
777,9307,109411,12.0
777,9308,109419,8.0
777,9309,109430,11.0
777,9310,109439,9.0
777,9311,109451,12.0
777,9312,109461,10.0
777,9313,109470,9.0
777,9314,109480,10.0
777,9315,109490,10.0
777,9316,109498,8.0
777,9317,109507,9.0
777,9318,109519,12.0
777,9319,109533,14.0
777,9320,109547,14.0
777,9321,109559,12.0
777,9322,109571,12.0
777,9323,109579,8.0
777,9324,109593,14.0
777,9325,109602,9.0
777,9326,109613,11.0
777,9327,109629,16.0
777,9328,109639,10.0
777,9329,109649,10.0
777,9330,109664,15.0
777,9331,109674,10.0
777,9332,109683,9.0
777,9333,109693,10.0
777,9334,109702,9.0
777,9335,109711,9.0
777,9336,109720,9.0
777,9337,109729,9.0
777,9338,109738,9.0
777,9339,109749,11.0
777,9340,109759,10.0
777,9341,109770,11.0
777,9342,109782,12.0
777,9343,109795,13.0
777,9344,109804,9.0
777,9345,109815,11.0
777,9346,109842,27.0
777,9347,109850,8.0
777,9348,109863,13.0
777,9349,109873,10.0
777,9350,109884,11.0
777,9351,109902,18.0
777,9352,109911,9.0
777,9353,109920,9.0
777,9354,109930,10.0
777,9355,109940,10.0
777,9356,109951,11.0
777,9357,109961,10.0
777,9358,109972,11.0
777,9359,109980,8.0
777,9360,109991,11.0
777,9361,110000,9.0
777,9362,110010,10.0
777,9363,110026,16.0
777,9364,110040,14.0
777,9365,110053,13.0
777,9366,110063,10.0
777,9367,110073,10.0
777,9368,110083,10.0
777,9369,110092,9.0
777,9370,110102,10.0
777,9371,110111,9.0
777,9372,110121,10.0
777,9373,110131,10.0
777,9374,110139,8.0
777,9375,110150,11.0
777,9376,110158,8.0
777,9377,110166,8.0
777,9378,110177,11.0
777,9379,110187,10.0
777,9380,110196,9.0
777,9381,110205,9.0
777,9382,110215,10.0
777,9383,110223,8.0
777,9384,110234,11.0
777,9385,110244,10.0
777,9386,110256,12.0
777,9387,110266,10.0
777,9388,110277,11.0
777,9389,110286,9.0
777,9390,110295,9.0
777,9391,110304,9.0
777,9392,110323,19.0
777,9393,110332,9.0
777,9394,110342,10.0
777,9395,110350,8.0
777,9396,110358,8.0
777,9397,110370,12.0
777,9398,110381,11.0
777,9399,110390,9.0
777,9400,110402,12.0
777,9401,110411,9.0
777,9402,110421,10.0
777,9403,110437,16.0
777,9404,110446,9.0
777,9405,110456,10.0
777,9406,110468,12.0
777,9407,110477,9.0
777,9408,110487,10.0
777,9409,110497,10.0
777,9410,110506,9.0
777,9411,110519,13.0
777,9412,110530,11.0
777,9413,110538,8.0
777,9414,110548,10.0
777,9415,110562,14.0
777,9416,110573,11.0
777,9417,110583,10.0
777,9418,110599,16.0
777,9419,110609,10.0
777,9420,110622,13.0
777,9421,110632,10.0
777,9422,110641,9.0
777,9423,110652,11.0
777,9424,110664,12.0
777,9425,110673,9.0
777,9426,110684,11.0
777,9427,110693,9.0
777,9428,110706,13.0
777,9429,110715,9.0
777,9430,110725,10.0
777,9431,110738,13.0
777,9432,110748,10.0
777,9433,110760,12.0
777,9434,110770,10.0
777,9435,110783,13.0
777,9436,110794,11.0
777,9437,110804,10.0
777,9438,110815,11.0
777,9439,110825,10.0
777,9440,110834,9.0
777,9441,110845,11.0
777,9442,110857,12.0
777,9443,110874,17.0
777,9444,110884,10.0
777,9445,110898,14.0
777,9446,110912,14.0
777,9447,110922,10.0
777,9448,110932,10.0
777,9449,110941,9.0
777,9450,110951,10.0
777,9451,110969,18.0
777,9452,110978,9.0
777,9453,110987,9.0
777,9454,110997,10.0
777,9455,111007,10.0
777,9456,111018,11.0
777,9457,111028,10.0
777,9458,111038,10.0
777,9459,111048,10.0
777,9460,111057,9.0
777,9461,111069,12.0
777,9462,111079,10.0
777,9463,111090,11.0
777,9464,111099,9.0
777,9465,111110,11.0
777,9466,111120,10.0
777,9467,111130,10.0
777,9468,111139,9.0
777,9469,111149,10.0
777,9470,111158,9.0
777,9471,111167,9.0
777,9472,111178,11.0
777,9473,111187,9.0
777,9474,111198,11.0
777,9475,111208,10.0
777,9476,111219,11.0
777,9477,111231,12.0
777,9478,111243,12.0
777,9479,111255,12.0
777,9480,111264,9.0
777,9481,111274,10.0
777,9482,111285,11.0
777,9483,111293,8.0
777,9484,111302,9.0
777,9485,111314,12.0
777,9486,111324,10.0
777,9487,111333,9.0
777,9488,111344,11.0
777,9489,111354,10.0
777,9490,111364,10.0
777,9491,111374,10.0
777,9492,111385,11.0
777,9493,111395,10.0
777,9494,111407,12.0
777,9495,111415,8.0
777,9496,111426,11.0
777,9497,111435,9.0
777,9498,111445,10.0
777,9499,111455,10.0
777,9500,111465,10.0
777,9501,111477,12.0
777,9502,111487,10.0
777,9503,111495,8.0
777,9504,111503,8.0
777,9505,111511,8.0
777,9506,111525,14.0
777,9507,111535,10.0
777,9508,111544,9.0
777,9509,111556,12.0
777,9510,111566,10.0
777,9511,111578,12.0
777,9512,111587,9.0
777,9513,111596,9.0
777,9514,111604,8.0
777,9515,111614,10.0
777,9516,111622,8.0
777,9517,111638,16.0
777,9518,111649,11.0
777,9519,111658,9.0
777,9520,111669,11.0
777,9521,111683,14.0
777,9522,111699,16.0
777,9523,111708,9.0
777,9524,111718,10.0
777,9525,111728,10.0
777,9526,111738,10.0
777,9527,111748,10.0
777,9528,111758,10.0
777,9529,111768,10.0
777,9530,111778,10.0
777,9531,111787,9.0
777,9532,111796,9.0
777,9533,111805,9.0
777,9534,111816,11.0
777,9535,111825,9.0
777,9536,111835,10.0
777,9537,111845,10.0
777,9538,111855,10.0
777,9539,111869,14.0
777,9540,111879,10.0
777,9541,111893,14.0
777,9542,111903,10.0
777,9543,111914,11.0
777,9544,111932,18.0
777,9545,111944,12.0
777,9546,111953,9.0
777,9547,111963,10.0
777,9548,111971,8.0
777,9549,111980,9.0
777,9550,111989,9.0
777,9551,112008,19.0
777,9552,112024,16.0
777,9553,112033,9.0
777,9554,112050,17.0
777,9555,112060,10.0
777,9556,112070,10.0
777,9557,112084,14.0
777,9558,112100,16.0
777,9559,112110,10.0
777,9560,112125,15.0
777,9561,112138,13.0
777,9562,112148,10.0
777,9563,112157,9.0
777,9564,112165,8.0
777,9565,112174,9.0
777,9566,112184,10.0
777,9567,112193,9.0
777,9568,112205,12.0
777,9569,112215,10.0
777,9570,112225,10.0
777,9571,112236,11.0
777,9572,112247,11.0
777,9573,112263,16.0
777,9574,112272,9.0
777,9575,112280,8.0
777,9576,112290,10.0
777,9577,112301,11.0
777,9578,112310,9.0
777,9579,112321,11.0
777,9580,112331,10.0
777,9581,112341,10.0
777,9582,112351,10.0
777,9583,112360,9.0
777,9584,112370,10.0
777,9585,112380,10.0
777,9586,112388,8.0
777,9587,112397,9.0
777,9588,112406,9.0
777,9589,112416,10.0
777,9590,112425,9.0
777,9591,112435,10.0
777,9592,112444,9.0
777,9593,112456,12.0
777,9594,112468,12.0
777,9595,112480,12.0
777,9596,112490,10.0
777,9597,112502,12.0
777,9598,112512,10.0
777,9599,112521,9.0
777,9600,112529,8.0
777,9601,112540,11.0
777,9602,112552,12.0
777,9603,112562,10.0
777,9604,112573,11.0
777,9605,112583,10.0
777,9606,112597,14.0
777,9607,112610,13.0
777,9608,112625,15.0
777,9609,112635,10.0
777,9610,112644,9.0
777,9611,112655,11.0
777,9612,112670,15.0
777,9613,112682,12.0
777,9614,112692,10.0
777,9615,112702,10.0
777,9616,112716,14.0
777,9617,112725,9.0
777,9618,112740,15.0
777,9619,112757,17.0
777,9620,112769,12.0
777,9621,112782,13.0
777,9622,112799,17.0
777,9623,112809,10.0
777,9624,112821,12.0
777,9625,112830,9.0
777,9626,112839,9.0
777,9627,112851,12.0
777,9628,112859,8.0
777,9629,112868,9.0
777,9630,112880,12.0
777,9631,112893,13.0
777,9632,112904,11.0
777,9633,112915,11.0
777,9634,112925,10.0
777,9635,112937,12.0
777,9636,112947,10.0
777,9637,112956,9.0
777,9638,112968,12.0
777,9639,112978,10.0
777,9640,112991,13.0
777,9641,112999,8.0
777,9642,113010,11.0
777,9643,113030,20.0
777,9644,113042,12.0
777,9645,113054,12.0
777,9646,113066,12.0
777,9647,113079,13.0
777,9648,113096,17.0
777,9649,113105,9.0
777,9650,113116,11.0
777,9651,113126,10.0
777,9652,113136,10.0
777,9653,113147,11.0
777,9654,113162,15.0
777,9655,113171,9.0
777,9656,113179,8.0
777,9657,113189,10.0
777,9658,113200,11.0
777,9659,113208,8.0
777,9660,113217,9.0
777,9661,113226,9.0
777,9662,113240,14.0
777,9663,113250,10.0
777,9664,113260,10.0
777,9665,113270,10.0
777,9666,113280,10.0
777,9667,113290,10.0
777,9668,113298,8.0
777,9669,113306,8.0
777,9670,113315,9.0
777,9671,113323,8.0
777,9672,113333,10.0
777,9673,113344,11.0
777,9674,113356,12.0
777,9675,113366,10.0
777,9676,113381,15.0
777,9677,113392,11.0
777,9678,113403,11.0
777,9679,113415,12.0
777,9680,113424,9.0
777,9681,113436,12.0
777,9682,113447,11.0
777,9683,113459,12.0
777,9684,113470,11.0
777,9685,113481,11.0
777,9686,113490,9.0
777,9687,113499,9.0
777,9688,113509,10.0
777,9689,113519,10.0
777,9690,113530,11.0
777,9691,113546,16.0
777,9692,113555,9.0
777,9693,113570,15.0
777,9694,113582,12.0
777,9695,113593,11.0
777,9696,113606,13.0
777,9697,113615,9.0
777,9698,113625,10.0
777,9699,113634,9.0
777,9700,113648,14.0
777,9701,113658,10.0
777,9702,113669,11.0
777,9703,113678,9.0
777,9704,113690,12.0
777,9705,113700,10.0
777,9706,113709,9.0
777,9707,113719,10.0
777,9708,113727,8.0
777,9709,113737,10.0
777,9710,113746,9.0
777,9711,113756,10.0
777,9712,113765,9.0
777,9713,113774,9.0
777,9714,113787,13.0
777,9715,113797,10.0
777,9716,113814,17.0
777,9717,113829,15.0
777,9718,113838,9.0
777,9719,113848,10.0
777,9720,113860,12.0
777,9721,113869,9.0
777,9722,113882,13.0
777,9723,113892,10.0
777,9724,113901,9.0
777,9725,113913,12.0
777,9726,113922,9.0
777,9727,113930,8.0
777,9728,113938,8.0
777,9729,113947,9.0
777,9730,113959,12.0
777,9731,113973,14.0
777,9732,113988,15.0
777,9733,113998,10.0
777,9734,114008,10.0
777,9735,114019,11.0
777,9736,114030,11.0
777,9737,114043,13.0
777,9738,114054,11.0
777,9739,114066,12.0
777,9740,114092,26.0
777,9741,114102,10.0
777,9742,114115,13.0
777,9743,114124,9.0
777,9744,114134,10.0
777,9745,114147,13.0
777,9746,114156,9.0
777,9747,114178,22.0
777,9748,114187,9.0
777,9749,114198,11.0
777,9750,114209,11.0
777,9751,114218,9.0
777,9752,114226,8.0
777,9753,114235,9.0
777,9754,114244,9.0
777,9755,114254,10.0
777,9756,114265,11.0
777,9757,114277,12.0
777,9758,114285,8.0
777,9759,114296,11.0
777,9760,114306,10.0
777,9761,114321,15.0
777,9762,114342,21.0
777,9763,114353,11.0
777,9764,114362,9.0
777,9765,114371,9.0
777,9766,114383,12.0
777,9767,114392,9.0
777,9768,114403,11.0
777,9769,114412,9.0
777,9770,114422,10.0
777,9771,114431,9.0
777,9772,114440,9.0
777,9773,114452,12.0
777,9774,114461,9.0
777,9775,114474,13.0
777,9776,114484,10.0
777,9777,114496,12.0
777,9778,114506,10.0
777,9779,114516,10.0
777,9780,114526,10.0
777,9781,114538,12.0
777,9782,114549,11.0
777,9783,114558,9.0
777,9784,114567,9.0
777,9785,114575,8.0
777,9786,114585,10.0
777,9787,114593,8.0
777,9788,114605,12.0
777,9789,114615,10.0
777,9790,114624,9.0
777,9791,114633,9.0
777,9792,114643,10.0
777,9793,114653,10.0
777,9794,114662,9.0
777,9795,114673,11.0
777,9796,114682,9.0
777,9797,114693,11.0
777,9798,114706,13.0
777,9799,114728,22.0
777,9800,114737,9.0
777,9801,114747,10.0
777,9802,114757,10.0
777,9803,114767,10.0
777,9804,114780,13.0
777,9805,114792,12.0
777,9806,114818,26.0
777,9807,114826,8.0
777,9808,114834,8.0
777,9809,114845,11.0
777,9810,114860,15.0
777,9811,114869,9.0
777,9812,114879,10.0
777,9813,114894,15.0
777,9814,114909,15.0
777,9815,114919,10.0
777,9816,114927,8.0
777,9817,114936,9.0
777,9818,114946,10.0
777,9819,114956,10.0
777,9820,114965,9.0
777,9821,114975,10.0
777,9822,114984,9.0
777,9823,114995,11.0
777,9824,115005,10.0
777,9825,115016,11.0
777,9826,115027,11.0
777,9827,115037,10.0
777,9828,115046,9.0
777,9829,115055,9.0
777,9830,115067,12.0
777,9831,115080,13.0
777,9832,115089,9.0
777,9833,115099,10.0
777,9834,115109,10.0
777,9835,115117,8.0
777,9836,115129,12.0
777,9837,115138,9.0
777,9838,115148,10.0
777,9839,115157,9.0
777,9840,115170,13.0
777,9841,115182,12.0
777,9842,115194,12.0
777,9843,115203,9.0
777,9844,115216,13.0
777,9845,115226,10.0
777,9846,115236,10.0
777,9847,115244,8.0
777,9848,115252,8.0
777,9849,115262,10.0
777,9850,115275,13.0
777,9851,115287,12.0
777,9852,115301,14.0
777,9853,115311,10.0
777,9854,115322,11.0
777,9855,115331,9.0
777,9856,115341,10.0
777,9857,115351,10.0
777,9858,115361,10.0
777,9859,115374,13.0
777,9860,115384,10.0
777,9861,115393,9.0
777,9862,115405,12.0
777,9863,115418,13.0
777,9864,115427,9.0
777,9865,115436,9.0
777,9866,115447,11.0
777,9867,115456,9.0
777,9868,115465,9.0
777,9869,115474,9.0
777,9870,115484,10.0
777,9871,115495,11.0
777,9872,115504,9.0
777,9873,115515,11.0
777,9874,115524,9.0
777,9875,115534,10.0
777,9876,115544,10.0
777,9877,115555,11.0
777,9878,115566,11.0
777,9879,115579,13.0
777,9880,115588,9.0
777,9881,115598,10.0
777,9882,115609,11.0
777,9883,115618,9.0
777,9884,115627,9.0
777,9885,115640,13.0
777,9886,115648,8.0
777,9887,115657,9.0
777,9888,115667,10.0
777,9889,115675,8.0
777,9890,115684,9.0
777,9891,115693,9.0
777,9892,115705,12.0
777,9893,115716,11.0
777,9894,115724,8.0
777,9895,115736,12.0
777,9896,115751,15.0
777,9897,115763,12.0
777,9898,115772,9.0
777,9899,115785,13.0
777,9900,115796,11.0
777,9901,115808,12.0
777,9902,115818,10.0
777,9903,115827,9.0
777,9904,115836,9.0
777,9905,115845,9.0
777,9906,115854,9.0
777,9907,115863,9.0
777,9908,115872,9.0
777,9909,115882,10.0
777,9910,115892,10.0
777,9911,115905,13.0
777,9912,115921,16.0
777,9913,115931,10.0
777,9914,115940,9.0
777,9915,115949,9.0
777,9916,115958,9.0
777,9917,115967,9.0
777,9918,115978,11.0
777,9919,115986,8.0
777,9920,115994,8.0
777,9921,116004,10.0
777,9922,116012,8.0
777,9923,116021,9.0
777,9924,116034,13.0
777,9925,116045,11.0
777,9926,116054,9.0
777,9927,116065,11.0
777,9928,116076,11.0
777,9929,116089,13.0
777,9930,116098,9.0
777,9931,116107,9.0
777,9932,116119,12.0
777,9933,116128,9.0
777,9934,116138,10.0
777,9935,116149,11.0
777,9936,116158,9.0
777,9937,116170,12.0
777,9938,116180,10.0
777,9939,116192,12.0
777,9940,116203,11.0
777,9941,116215,12.0
777,9942,116225,10.0
777,9943,116236,11.0
777,9944,116248,12.0
777,9945,116257,9.0
777,9946,116267,10.0
777,9947,116275,8.0
777,9948,116286,11.0
777,9949,116295,9.0
777,9950,116307,12.0
777,9951,116318,11.0
777,9952,116327,9.0
777,9953,116335,8.0
777,9954,116347,12.0
777,9955,116357,10.0
777,9956,116367,10.0
777,9957,116377,10.0
777,9958,116388,11.0
777,9959,116399,11.0
777,9960,116409,10.0
777,9961,116419,10.0
777,9962,116428,9.0
777,9963,116437,9.0
777,9964,116448,11.0
777,9965,116460,12.0
777,9966,116472,12.0
777,9967,116486,14.0
777,9968,116495,9.0
777,9969,116505,10.0
777,9970,116518,13.0
777,9971,116534,16.0
777,9972,116546,12.0
777,9973,116554,8.0
777,9974,116563,9.0
777,9975,116573,10.0
777,9976,116582,9.0
777,9977,116592,10.0
777,9978,116600,8.0
777,9979,116611,11.0
777,9980,116619,8.0
777,9981,116631,12.0
777,9982,116641,10.0
777,9983,116651,10.0
777,9984,116662,11.0
777,9985,116678,16.0
777,9986,116691,13.0
777,9987,116705,14.0
777,9988,116717,12.0
777,9989,116727,10.0
777,9990,116737,10.0
777,9991,116746,9.0
777,9992,116758,12.0
777,9993,116768,10.0
777,9994,116778,10.0
777,9995,116798,20.0
777,9996,116808,10.0
777,9997,116818,10.0
777,9998,116829,11.0
777,9999,116837,8.0
777,10000,116851,14.0
777,10001,116861,10.0
777,10002,116871,10.0
777,10003,116882,11.0
777,10004,116891,9.0
777,10005,116900,9.0
777,10006,116909,9.0
777,10007,116919,10.0
777,10008,116927,8.0
777,10009,116939,12.0
777,10010,116953,14.0
777,10011,116962,9.0
777,10012,116973,11.0
777,10013,116982,9.0
777,10014,116993,11.0
777,10015,117003,10.0
777,10016,117013,10.0
777,10017,117023,10.0
777,10018,117033,10.0
777,10019,117042,9.0
777,10020,117051,9.0
777,10021,117059,8.0
777,10022,117069,10.0
777,10023,117080,11.0
777,10024,117089,9.0
777,10025,117108,19.0
777,10026,117117,9.0
777,10027,117128,11.0
777,10028,117141,13.0
777,10029,117153,12.0
777,10030,117170,17.0
777,10031,117180,10.0
777,10032,117191,11.0
777,10033,117204,13.0
777,10034,117213,9.0
777,10035,117229,16.0
777,10036,117240,11.0
777,10037,117252,12.0
777,10038,117264,12.0
777,10039,117274,10.0
777,10040,117286,12.0
777,10041,117298,12.0
777,10042,117308,10.0
777,10043,117318,10.0
777,10044,117327,9.0
777,10045,117338,11.0
777,10046,117348,10.0
777,10047,117359,11.0
777,10048,117371,12.0
777,10049,117380,9.0
777,10050,117390,10.0
777,10051,117401,11.0
777,10052,117414,13.0
777,10053,117428,14.0
777,10054,117439,11.0
777,10055,117447,8.0
777,10056,117457,10.0
777,10057,117472,15.0
777,10058,117483,11.0
777,10059,117496,13.0
777,10060,117507,11.0
777,10061,117517,10.0
777,10062,117531,14.0
777,10063,117542,11.0
777,10064,117555,13.0
777,10065,117565,10.0
777,10066,117577,12.0
777,10067,117586,9.0
777,10068,117597,11.0
777,10069,117608,11.0
777,10070,117616,8.0
777,10071,117626,10.0
777,10072,117636,10.0
777,10073,117647,11.0
777,10074,117660,13.0
777,10075,117669,9.0
777,10076,117678,9.0
777,10077,117688,10.0
777,10078,117697,9.0
777,10079,117706,9.0
777,10080,117718,12.0
777,10081,117730,12.0
777,10082,117740,10.0
777,10083,117751,11.0
777,10084,117761,10.0
777,10085,117773,12.0
777,10086,117783,10.0
777,10087,117793,10.0
777,10088,117804,11.0
777,10089,117813,9.0
777,10090,117825,12.0
777,10091,117837,12.0
777,10092,117849,12.0
777,10093,117858,9.0
777,10094,117867,9.0
777,10095,117877,10.0
777,10096,117890,13.0
777,10097,117901,11.0
777,10098,117915,14.0
777,10099,117925,10.0
777,10100,117937,12.0
777,10101,117946,9.0
777,10102,117955,9.0
777,10103,117964,9.0
777,10104,117973,9.0
777,10105,117983,10.0
777,10106,117992,9.0
777,10107,118003,11.0
777,10108,118013,10.0
777,10109,118021,8.0
777,10110,118036,15.0
777,10111,118045,9.0
777,10112,118056,11.0
777,10113,118088,32.0
777,10114,118097,9.0
777,10115,118107,10.0
777,10116,118118,11.0
777,10117,118130,12.0
777,10118,118139,9.0
777,10119,118148,9.0
777,10120,118159,11.0
777,10121,118168,9.0
777,10122,118178,10.0
777,10123,118187,9.0
777,10124,118197,10.0
777,10125,118209,12.0
777,10126,118221,12.0
777,10127,118230,9.0
777,10128,118238,8.0
777,10129,118248,10.0
777,10130,118265,17.0
777,10131,118274,9.0
777,10132,118284,10.0
777,10133,118295,11.0
777,10134,118305,10.0
777,10135,118314,9.0
777,10136,118324,10.0
777,10137,118333,9.0
777,10138,118343,10.0
777,10139,118354,11.0
777,10140,118365,11.0
777,10141,118375,10.0
777,10142,118387,12.0
777,10143,118400,13.0
777,10144,118412,12.0
777,10145,118420,8.0
777,10146,118432,12.0
777,10147,118443,11.0
777,10148,118454,11.0
777,10149,118466,12.0
777,10150,118478,12.0
777,10151,118489,11.0
777,10152,118504,15.0
777,10153,118517,13.0
777,10154,118527,10.0
777,10155,118536,9.0
777,10156,118552,16.0
777,10157,118565,13.0
777,10158,118576,11.0
777,10159,118585,9.0
777,10160,118593,8.0
777,10161,118601,8.0
777,10162,118610,9.0
777,10163,118619,9.0
777,10164,118629,10.0
777,10165,118638,9.0
777,10166,118648,10.0
777,10167,118657,9.0
777,10168,118669,12.0
777,10169,118683,14.0
777,10170,118692,9.0
777,10171,118700,8.0
777,10172,118712,12.0
777,10173,118723,11.0
777,10174,118731,8.0
777,10175,118744,13.0
777,10176,118753,9.0
777,10177,118763,10.0
777,10178,118779,16.0
777,10179,118792,13.0
777,10180,118804,12.0
777,10181,118813,9.0
777,10182,118821,8.0
777,10183,118831,10.0
777,10184,118843,12.0
777,10185,118862,19.0
777,10186,118871,9.0
777,10187,118882,11.0
777,10188,118894,12.0
777,10189,118904,10.0
777,10190,118915,11.0
777,10191,118925,10.0
777,10192,118936,11.0
777,10193,118950,14.0
777,10194,118960,10.0
777,10195,118968,8.0
777,10196,118979,11.0
777,10197,118988,9.0
777,10198,118999,11.0
777,10199,119009,10.0
777,10200,119018,9.0
777,10201,119030,12.0
777,10202,119041,11.0
777,10203,119057,16.0
777,10204,119067,10.0
777,10205,119077,10.0
777,10206,119085,8.0
777,10207,119095,10.0
777,10208,119105,10.0
777,10209,119117,12.0
777,10210,119127,10.0
777,10211,119154,27.0
777,10212,119167,13.0
777,10213,119178,11.0
777,10214,119187,9.0
777,10215,119197,10.0
777,10216,119212,15.0
777,10217,119223,11.0
777,10218,119234,11.0
777,10219,119243,9.0
777,10220,119253,10.0
777,10221,119265,12.0
777,10222,119276,11.0
777,10223,119285,9.0
777,10224,119293,8.0
777,10225,119304,11.0
777,10226,119314,10.0
777,10227,119324,10.0
777,10228,119334,10.0
777,10229,119343,9.0
777,10230,119352,9.0
777,10231,119361,9.0
777,10232,119373,12.0
777,10233,119383,10.0
777,10234,119392,9.0
777,10235,119401,9.0
777,10236,119410,9.0
777,10237,119419,9.0
777,10238,119436,17.0
777,10239,119446,10.0
777,10240,119455,9.0
777,10241,119465,10.0
777,10242,119475,10.0
777,10243,119485,10.0
777,10244,119494,9.0
777,10245,119504,10.0
777,10246,119515,11.0
777,10247,119525,10.0
777,10248,119535,10.0
777,10249,119544,9.0
777,10250,119557,13.0
777,10251,119566,9.0
777,10252,119576,10.0
777,10253,119588,12.0
777,10254,119598,10.0
777,10255,119609,11.0
777,10256,119618,9.0
777,10257,119628,10.0
777,10258,119636,8.0
777,10259,119645,9.0
777,10260,119662,17.0
777,10261,119674,12.0
777,10262,119684,10.0
777,10263,119696,12.0
777,10264,119706,10.0
777,10265,119728,22.0
777,10266,119745,17.0
777,10267,119757,12.0
777,10268,119767,10.0
777,10269,119776,9.0
777,10270,119788,12.0
777,10271,119796,8.0
777,10272,119810,14.0
777,10273,119821,11.0
777,10274,119831,10.0
777,10275,119842,11.0
777,10276,119852,10.0
777,10277,119863,11.0
777,10278,119875,12.0
777,10279,119886,11.0
777,10280,119896,10.0
777,10281,119905,9.0
777,10282,119914,9.0
777,10283,119926,12.0
777,10284,119935,9.0
777,10285,119944,9.0
777,10286,119953,9.0
777,10287,119964,11.0
777,10288,119973,9.0
777,10289,119985,12.0
777,10290,119993,8.0
777,10291,120003,10.0
777,10292,120014,11.0
777,10293,120023,9.0
777,10294,120034,11.0
777,10295,120046,12.0
777,10296,120056,10.0
777,10297,120067,11.0
777,10298,120079,12.0
777,10299,120088,9.0
777,10300,120096,8.0
777,10301,120108,12.0
777,10302,120119,11.0
777,10303,120133,14.0
777,10304,120146,13.0
777,10305,120167,21.0
777,10306,120177,10.0
777,10307,120186,9.0
777,10308,120196,10.0
777,10309,120206,10.0
777,10310,120217,11.0
777,10311,120225,8.0
777,10312,120234,9.0
777,10313,120243,9.0
777,10314,120252,9.0
777,10315,120260,8.0
777,10316,120269,9.0
777,10317,120283,14.0
777,10318,120293,10.0
777,10319,120302,9.0
777,10320,120312,10.0
777,10321,120323,11.0
777,10322,120335,12.0
777,10323,120345,10.0
777,10324,120354,9.0
777,10325,120369,15.0
777,10326,120380,11.0
777,10327,120388,8.0
777,10328,120397,9.0
777,10329,120407,10.0
777,10330,120417,10.0
777,10331,120427,10.0
777,10332,120435,8.0
777,10333,120446,11.0
777,10334,120455,9.0
777,10335,120465,10.0
777,10336,120475,10.0
777,10337,120486,11.0
777,10338,120499,13.0
777,10339,120510,11.0
777,10340,120519,9.0
777,10341,120529,10.0
777,10342,120539,10.0
777,10343,120549,10.0
777,10344,120559,10.0
777,10345,120569,10.0
777,10346,120579,10.0
777,10347,120588,9.0
777,10348,120598,10.0
777,10349,120608,10.0
777,10350,120617,9.0
777,10351,120627,10.0
777,10352,120636,9.0
777,10353,120646,10.0
777,10354,120657,11.0
777,10355,120682,25.0
777,10356,120697,15.0
777,10357,120710,13.0
777,10358,120719,9.0
777,10359,120731,12.0
777,10360,120741,10.0
777,10361,120749,8.0
777,10362,120761,12.0
777,10363,120770,9.0
777,10364,120780,10.0
777,10365,120788,8.0
777,10366,120798,10.0
777,10367,120812,14.0
777,10368,120823,11.0
777,10369,120832,9.0
777,10370,120843,11.0
777,10371,120854,11.0
777,10372,120864,10.0
777,10373,120872,8.0
777,10374,120882,10.0
777,10375,120891,9.0
777,10376,120901,10.0
777,10377,120911,10.0
777,10378,120920,9.0
777,10379,120929,9.0
777,10380,120939,10.0
777,10381,120952,13.0
777,10382,120962,10.0
777,10383,120973,11.0
777,10384,120981,8.0
777,10385,120990,9.0
777,10386,120998,8.0
777,10387,121008,10.0
777,10388,121017,9.0
777,10389,121027,10.0
777,10390,121036,9.0
777,10391,121048,12.0
777,10392,121057,9.0
777,10393,121071,14.0
777,10394,121082,11.0
777,10395,121090,8.0
777,10396,121102,12.0
777,10397,121114,12.0
777,10398,121122,8.0
777,10399,121132,10.0
777,10400,121142,10.0
777,10401,121150,8.0
777,10402,121158,8.0
777,10403,121174,16.0
777,10404,121184,10.0
777,10405,121194,10.0
777,10406,121203,9.0
777,10407,121214,11.0
777,10408,121223,9.0
777,10409,121232,9.0
777,10410,121242,10.0
777,10411,121252,10.0
777,10412,121261,9.0
777,10413,121273,12.0
777,10414,121283,10.0
777,10415,121292,9.0
777,10416,121303,11.0
777,10417,121312,9.0
777,10418,121323,11.0
777,10419,121334,11.0
777,10420,121344,10.0
777,10421,121353,9.0
777,10422,121363,10.0
777,10423,121372,9.0
777,10424,121383,11.0
777,10425,121394,11.0
777,10426,121404,10.0
777,10427,121414,10.0
777,10428,121427,13.0
777,10429,121440,13.0
777,10430,121450,10.0
777,10431,121463,13.0
777,10432,121473,10.0
777,10433,121485,12.0
777,10434,121497,12.0
777,10435,121506,9.0
777,10436,121515,9.0
777,10437,121524,9.0
777,10438,121534,10.0
777,10439,121543,9.0
777,10440,121556,13.0
777,10441,121564,8.0
777,10442,121575,11.0
777,10443,121587,12.0
777,10444,121600,13.0
777,10445,121611,11.0
777,10446,121624,13.0
777,10447,121634,10.0
777,10448,121648,14.0
777,10449,121658,10.0
777,10450,121674,16.0
777,10451,121683,9.0
777,10452,121692,9.0
777,10453,121704,12.0
777,10454,121716,12.0
777,10455,121725,9.0
777,10456,121735,10.0
777,10457,121745,10.0
777,10458,121757,12.0
777,10459,121767,10.0
777,10460,121779,12.0
777,10461,121788,9.0
777,10462,121798,10.0
777,10463,121807,9.0
777,10464,121819,12.0
777,10465,121828,9.0
777,10466,121837,9.0
777,10467,121846,9.0
777,10468,121856,10.0
777,10469,121868,12.0
777,10470,121882,14.0
777,10471,121899,17.0
777,10472,121909,10.0
777,10473,121923,14.0
777,10474,121939,16.0
777,10475,121948,9.0
777,10476,121958,10.0
777,10477,121970,12.0
777,10478,121981,11.0
777,10479,121991,10.0
777,10480,122003,12.0
777,10481,122013,10.0
777,10482,122025,12.0
777,10483,122039,14.0
777,10484,122051,12.0
777,10485,122060,9.0
777,10486,122070,10.0
777,10487,122079,9.0
777,10488,122087,8.0
777,10489,122096,9.0
777,10490,122105,9.0
777,10491,122118,13.0
777,10492,122135,17.0
777,10493,122146,11.0
777,10494,122155,9.0
777,10495,122165,10.0
777,10496,122176,11.0
777,10497,122186,10.0
777,10498,122197,11.0
777,10499,122208,11.0
777,10500,122217,9.0
777,10501,122233,16.0
777,10502,122242,9.0
777,10503,122252,10.0
777,10504,122262,10.0
777,10505,122274,12.0
777,10506,122286,12.0
777,10507,122296,10.0
777,10508,122306,10.0
777,10509,122315,9.0
777,10510,122323,8.0
777,10511,122333,10.0
777,10512,122344,11.0
777,10513,122354,10.0
777,10514,122376,22.0
777,10515,122387,11.0
777,10516,122396,9.0
777,10517,122406,10.0
777,10518,122418,12.0
777,10519,122427,9.0
777,10520,122438,11.0
777,10521,122449,11.0
777,10522,122461,12.0
777,10523,122471,10.0
777,10524,122481,10.0
777,10525,122495,14.0
777,10526,122506,11.0
777,10527,122516,10.0
777,10528,122528,12.0
777,10529,122540,12.0
777,10530,122563,23.0
777,10531,122573,10.0
777,10532,122584,11.0
777,10533,122593,9.0
777,10534,122602,9.0
777,10535,122612,10.0
777,10536,122621,9.0
777,10537,122633,12.0
777,10538,122645,12.0
777,10539,122655,10.0
777,10540,122665,10.0
777,10541,122676,11.0
777,10542,122694,18.0
777,10543,122704,10.0
777,10544,122714,10.0
777,10545,122724,10.0
777,10546,122734,10.0
777,10547,122743,9.0
777,10548,122752,9.0
777,10549,122762,10.0
777,10550,122772,10.0
777,10551,122784,12.0
777,10552,122797,13.0
777,10553,122807,10.0
777,10554,122820,13.0
777,10555,122838,18.0
777,10556,122849,11.0
777,10557,122858,9.0
777,10558,122868,10.0
777,10559,122876,8.0
777,10560,122886,10.0
777,10561,122899,13.0
777,10562,122913,14.0
777,10563,122923,10.0
777,10564,122933,10.0
777,10565,122945,12.0
777,10566,122955,10.0
777,10567,122974,19.0
777,10568,122984,10.0
777,10569,122995,11.0
777,10570,123014,19.0
777,10571,123025,11.0
777,10572,123035,10.0
777,10573,123043,8.0
777,10574,123053,10.0
777,10575,123074,21.0
777,10576,123089,15.0
777,10577,123099,10.0
777,10578,123109,10.0
777,10579,123118,9.0
777,10580,123128,10.0
777,10581,123137,9.0
777,10582,123146,9.0
777,10583,123157,11.0
777,10584,123169,12.0
777,10585,123179,10.0
777,10586,123189,10.0
777,10587,123197,8.0
777,10588,123207,10.0
777,10589,123219,12.0
777,10590,123228,9.0
777,10591,123239,11.0
777,10592,123250,11.0
777,10593,123260,10.0
777,10594,123269,9.0
777,10595,123285,16.0
777,10596,123298,13.0
777,10597,123313,15.0
777,10598,123327,14.0
777,10599,123340,13.0
777,10600,123350,10.0
777,10601,123359,9.0
777,10602,123368,9.0
777,10603,123377,9.0
777,10604,123386,9.0
777,10605,123396,10.0
777,10606,123416,20.0
777,10607,123426,10.0
777,10608,123435,9.0
777,10609,123447,12.0
777,10610,123456,9.0
777,10611,123464,8.0
777,10612,123473,9.0
777,10613,123485,12.0
777,10614,123494,9.0
777,10615,123503,9.0
777,10616,123513,10.0
777,10617,123524,11.0
777,10618,123533,9.0
777,10619,123542,9.0
777,10620,123551,9.0
777,10621,123560,9.0
777,10622,123573,13.0
777,10623,123583,10.0
777,10624,123595,12.0
777,10625,123603,8.0
777,10626,123612,9.0
777,10627,123622,10.0
777,10628,123632,10.0
777,10629,123642,10.0
777,10630,123652,10.0
777,10631,123662,10.0
777,10632,123674,12.0
777,10633,123683,9.0
777,10634,123692,9.0
777,10635,123703,11.0
777,10636,123713,10.0
777,10637,123722,9.0
777,10638,123731,9.0
777,10639,123745,14.0
777,10640,123756,11.0
777,10641,123764,8.0
777,10642,123774,10.0
777,10643,123784,10.0
777,10644,123792,8.0
777,10645,123801,9.0
777,10646,123810,9.0
777,10647,123818,8.0
777,10648,123827,9.0
777,10649,123837,10.0
777,10650,123851,14.0
777,10651,123860,9.0
777,10652,123872,12.0
777,10653,123883,11.0
777,10654,123895,12.0
777,10655,123908,13.0
777,10656,123919,11.0
777,10657,123931,12.0
777,10658,123944,13.0
777,10659,123957,13.0
777,10660,123968,11.0
777,10661,123976,8.0
777,10662,123985,9.0
777,10663,123995,10.0
777,10664,124004,9.0
777,10665,124022,18.0
777,10666,124031,9.0
777,10667,124039,8.0
777,10668,124050,11.0
777,10669,124062,12.0
777,10670,124073,11.0
777,10671,124084,11.0
777,10672,124093,9.0
777,10673,124104,11.0
777,10674,124115,11.0
777,10675,124126,11.0
777,10676,124135,9.0
777,10677,124147,12.0
777,10678,124156,9.0
777,10679,124166,10.0
777,10680,124176,10.0
777,10681,124187,11.0
777,10682,124196,9.0
777,10683,124206,10.0
777,10684,124216,10.0
777,10685,124226,10.0
777,10686,124236,10.0
777,10687,124247,11.0
777,10688,124260,13.0
777,10689,124270,10.0
777,10690,124280,10.0
777,10691,124288,8.0
777,10692,124300,12.0
777,10693,124310,10.0
777,10694,124320,10.0
777,10695,124335,15.0
777,10696,124345,10.0
777,10697,124359,14.0
777,10698,124371,12.0
777,10699,124381,10.0
777,10700,124393,12.0
777,10701,124402,9.0
777,10702,124412,10.0
777,10703,124427,15.0
777,10704,124441,14.0
777,10705,124452,11.0
777,10706,124463,11.0
777,10707,124473,10.0
777,10708,124484,11.0
777,10709,124494,10.0
777,10710,124504,10.0
777,10711,124518,14.0
777,10712,124529,11.0
777,10713,124548,19.0
777,10714,124561,13.0
777,10715,124569,8.0
777,10716,124581,12.0
777,10717,124594,13.0
777,10718,124603,9.0
777,10719,124614,11.0
777,10720,124624,10.0
777,10721,124634,10.0
777,10722,124642,8.0
777,10723,124652,10.0
777,10724,124663,11.0
777,10725,124673,10.0
777,10726,124684,11.0
777,10727,124698,14.0
777,10728,124708,10.0
777,10729,124716,8.0
777,10730,124725,9.0
777,10731,124735,10.0
777,10732,124745,10.0
777,10733,124755,10.0
777,10734,124764,9.0
777,10735,124774,10.0
777,10736,124792,18.0
777,10737,124801,9.0
777,10738,124811,10.0
777,10739,124821,10.0
777,10740,124840,19.0
777,10741,124852,12.0
777,10742,124867,15.0
777,10743,124877,10.0
777,10744,124888,11.0
777,10745,124897,9.0
777,10746,124908,11.0
777,10747,124918,10.0
777,10748,124929,11.0
777,10749,124937,8.0
777,10750,124949,12.0
777,10751,124959,10.0
777,10752,124969,10.0
777,10753,124980,11.0
777,10754,125003,23.0
777,10755,125014,11.0
777,10756,125023,9.0
777,10757,125034,11.0
777,10758,125045,11.0
777,10759,125056,11.0
777,10760,125066,10.0
777,10761,125076,10.0
777,10762,125085,9.0
777,10763,125095,10.0
777,10764,125105,10.0
777,10765,125116,11.0
777,10766,125125,9.0
777,10767,125137,12.0
777,10768,125145,8.0
777,10769,125155,10.0
777,10770,125165,10.0
777,10771,125177,12.0
777,10772,125187,10.0
777,10773,125196,9.0
777,10774,125210,14.0
777,10775,125222,12.0
777,10776,125231,9.0
777,10777,125240,9.0
777,10778,125250,10.0
777,10779,125261,11.0
777,10780,125272,11.0
777,10781,125290,18.0
777,10782,125306,16.0
777,10783,125318,12.0
777,10784,125328,10.0
777,10785,125338,10.0
777,10786,125350,12.0
777,10787,125359,9.0
777,10788,125368,9.0
777,10789,125378,10.0
777,10790,125388,10.0
777,10791,125407,19.0
777,10792,125416,9.0
777,10793,125427,11.0
777,10794,125449,22.0
777,10795,125458,9.0
777,10796,125468,10.0
777,10797,125477,9.0
777,10798,125487,10.0
777,10799,125496,9.0
777,10800,125506,10.0
777,10801,125518,12.0
777,10802,125535,17.0
777,10803,125545,10.0
777,10804,125558,13.0
777,10805,125566,8.0
777,10806,125586,20.0
777,10807,125599,13.0
777,10808,125610,11.0
777,10809,125622,12.0
777,10810,125631,9.0
777,10811,125643,12.0
777,10812,125651,8.0
777,10813,125660,9.0
777,10814,125670,10.0
777,10815,125679,9.0
777,10816,125689,10.0
777,10817,125698,9.0
777,10818,125711,13.0
777,10819,125719,8.0
777,10820,125729,10.0
777,10821,125740,11.0
777,10822,125752,12.0
777,10823,125763,11.0
777,10824,125772,9.0
777,10825,125781,9.0
777,10826,125789,8.0
777,10827,125797,8.0
777,10828,125806,9.0
777,10829,125818,12.0
777,10830,125828,10.0
777,10831,125839,11.0
777,10832,125848,9.0
777,10833,125859,11.0
777,10834,125869,10.0
777,10835,125880,11.0
777,10836,125893,13.0
777,10837,125902,9.0
777,10838,125914,12.0
777,10839,125928,14.0
777,10840,125938,10.0
777,10841,125948,10.0
777,10842,125957,9.0
777,10843,125969,12.0
777,10844,125978,9.0
777,10845,125989,11.0
777,10846,126017,28.0
777,10847,126027,10.0
777,10848,126036,9.0
777,10849,126044,8.0
777,10850,126056,12.0
777,10851,126069,13.0
777,10852,126084,15.0
777,10853,126094,10.0
777,10854,126103,9.0
777,10855,126113,10.0
777,10856,126125,12.0
777,10857,126134,9.0
777,10858,126149,15.0
777,10859,126158,9.0
777,10860,126167,9.0
777,10861,126178,11.0
777,10862,126186,8.0
777,10863,126199,13.0
777,10864,126209,10.0
777,10865,126224,15.0
777,10866,126236,12.0
777,10867,126248,12.0
777,10868,126258,10.0
777,10869,126267,9.0
777,10870,126275,8.0
777,10871,126290,15.0
777,10872,126299,9.0
777,10873,126308,9.0
777,10874,126318,10.0
777,10875,126328,10.0
777,10876,126338,10.0
777,10877,126349,11.0
777,10878,126358,9.0
777,10879,126368,10.0
777,10880,126376,8.0
777,10881,126385,9.0
777,10882,126396,11.0
777,10883,126405,9.0
777,10884,126420,15.0
777,10885,126428,8.0
777,10886,126446,18.0
777,10887,126457,11.0
777,10888,126471,14.0
777,10889,126481,10.0
777,10890,126492,11.0
777,10891,126502,10.0
777,10892,126512,10.0
777,10893,126522,10.0
777,10894,126531,9.0
777,10895,126541,10.0
777,10896,126551,10.0
777,10897,126566,15.0
777,10898,126575,9.0
777,10899,126583,8.0
777,10900,126593,10.0
777,10901,126603,10.0
777,10902,126616,13.0
777,10903,126626,10.0
777,10904,126636,10.0
777,10905,126649,13.0
777,10906,126660,11.0
777,10907,126670,10.0
777,10908,126679,9.0
777,10909,126689,10.0
777,10910,126698,9.0
777,10911,126707,9.0
777,10912,126718,11.0
777,10913,126729,11.0
777,10914,126737,8.0
777,10915,126746,9.0
777,10916,126756,10.0
777,10917,126770,14.0
777,10918,126788,18.0
777,10919,126798,10.0
777,10920,126809,11.0
777,10921,126818,9.0
777,10922,126827,9.0
777,10923,126839,12.0
777,10924,126849,10.0
777,10925,126859,10.0
777,10926,126873,14.0
777,10927,126882,9.0
777,10928,126891,9.0
777,10929,126905,14.0
777,10930,126914,9.0
777,10931,126927,13.0
777,10932,126937,10.0
777,10933,126946,9.0
777,10934,126956,10.0
777,10935,126965,9.0
777,10936,126976,11.0
777,10937,126994,18.0
777,10938,127003,9.0
777,10939,127012,9.0
777,10940,127021,9.0
777,10941,127034,13.0
777,10942,127043,9.0
777,10943,127054,11.0
777,10944,127066,12.0
777,10945,127075,9.0
777,10946,127087,12.0
777,10947,127098,11.0
777,10948,127106,8.0
777,10949,127114,8.0
777,10950,127124,10.0
777,10951,127136,12.0
777,10952,127149,13.0
777,10953,127158,9.0
777,10954,127171,13.0
777,10955,127180,9.0
777,10956,127192,12.0
777,10957,127203,11.0
777,10958,127212,9.0
777,10959,127225,13.0
777,10960,127237,12.0
777,10961,127247,10.0
777,10962,127256,9.0
777,10963,127266,10.0
777,10964,127276,10.0
777,10965,127284,8.0
777,10966,127294,10.0
777,10967,127304,10.0
777,10968,127318,14.0
777,10969,127328,10.0
777,10970,127339,11.0
777,10971,127348,9.0
777,10972,127357,9.0
777,10973,127366,9.0
777,10974,127375,9.0
777,10975,127384,9.0
777,10976,127393,9.0
777,10977,127401,8.0
777,10978,127410,9.0
777,10979,127419,9.0
777,10980,127429,10.0
777,10981,127440,11.0
777,10982,127454,14.0
777,10983,127463,9.0
777,10984,127476,13.0
777,10985,127484,8.0
777,10986,127492,8.0
777,10987,127502,10.0
777,10988,127513,11.0
777,10989,127522,9.0
777,10990,127534,12.0
777,10991,127542,8.0
777,10992,127551,9.0
777,10993,127560,9.0
777,10994,127570,10.0
777,10995,127581,11.0
777,10996,127594,13.0
777,10997,127605,11.0
777,10998,127614,9.0
777,10999,127626,12.0
777,11000,127635,9.0
777,11001,127645,10.0
777,11002,127656,11.0
777,11003,127665,9.0
777,11004,127676,11.0
777,11005,127687,11.0
777,11006,127696,9.0
777,11007,127705,9.0
777,11008,127714,9.0
777,11009,127729,15.0
777,11010,127739,10.0
777,11011,127749,10.0
777,11012,127761,12.0
777,11013,127770,9.0
777,11014,127780,10.0
777,11015,127790,10.0
777,11016,127800,10.0
777,11017,127811,11.0
777,11018,127822,11.0
777,11019,127832,10.0
777,11020,127841,9.0
777,11021,127856,15.0
777,11022,127866,10.0
777,11023,127876,10.0
777,11024,127885,9.0
777,11025,127895,10.0
777,11026,127903,8.0
777,11027,127916,13.0
777,11028,127924,8.0
777,11029,127933,9.0
777,11030,127945,12.0
777,11031,127954,9.0
777,11032,127970,16.0
777,11033,127983,13.0
777,11034,127992,9.0
777,11035,128001,9.0
777,11036,128011,10.0
777,11037,128021,10.0
777,11038,128031,10.0
777,11039,128039,8.0
777,11040,128048,9.0
777,11041,128057,9.0
777,11042,128066,9.0
777,11043,128074,8.0
777,11044,128084,10.0
777,11045,128095,11.0
777,11046,128105,10.0
777,11047,128115,10.0
777,11048,128126,11.0
777,11049,128136,10.0
777,11050,128149,13.0
777,11051,128160,11.0
777,11052,128173,13.0
777,11053,128186,13.0
777,11054,128196,10.0
777,11055,128206,10.0
777,11056,128216,10.0
777,11057,128226,10.0
777,11058,128236,10.0
777,11059,128246,10.0
777,11060,128257,11.0
777,11061,128267,10.0
777,11062,128281,14.0
777,11063,128291,10.0
777,11064,128300,9.0
777,11065,128310,10.0
777,11066,128320,10.0
777,11067,128329,9.0
777,11068,128340,11.0
777,11069,128351,11.0
777,11070,128359,8.0
777,11071,128369,10.0
777,11072,128379,10.0
777,11073,128389,10.0
777,11074,128402,13.0
777,11075,128413,11.0
777,11076,128426,13.0
777,11077,128435,9.0
777,11078,128445,10.0
777,11079,128454,9.0
777,11080,128464,10.0
777,11081,128473,9.0
777,11082,128485,12.0
777,11083,128495,10.0
777,11084,128506,11.0
777,11085,128514,8.0
777,11086,128525,11.0
777,11087,128537,12.0
777,11088,128548,11.0
777,11089,128557,9.0
777,11090,128568,11.0
777,11091,128579,11.0
777,11092,128588,9.0
777,11093,128597,9.0
777,11094,128611,14.0
777,11095,128622,11.0
777,11096,128632,10.0
777,11097,128644,12.0
777,11098,128663,19.0
777,11099,128672,9.0
777,11100,128681,9.0
777,11101,128690,9.0
777,11102,128707,17.0
777,11103,128717,10.0
777,11104,128727,10.0
777,11105,128741,14.0
777,11106,128750,9.0
777,11107,128764,14.0
777,11108,128775,11.0
777,11109,128784,9.0
777,11110,128797,13.0
777,11111,128806,9.0
777,11112,128818,12.0
777,11113,128830,12.0
777,11114,128838,8.0
777,11115,128855,17.0
777,11116,128866,11.0
777,11117,128876,10.0
777,11118,128886,10.0
777,11119,128896,10.0
777,11120,128908,12.0
777,11121,128922,14.0
777,11122,128932,10.0
777,11123,128944,12.0
777,11124,128955,11.0
777,11125,128966,11.0
777,11126,128976,10.0
777,11127,128989,13.0
777,11128,128999,10.0
777,11129,129008,9.0
777,11130,129021,13.0
777,11131,129032,11.0
777,11132,129041,9.0
777,11133,129054,13.0
777,11134,129064,10.0
777,11135,129074,10.0
777,11136,129082,8.0
777,11137,129091,9.0
777,11138,129101,10.0
777,11139,129111,10.0
777,11140,129122,11.0
777,11141,129131,9.0
777,11142,129142,11.0
777,11143,129152,10.0
777,11144,129162,10.0
777,11145,129172,10.0
777,11146,129182,10.0
777,11147,129194,12.0
777,11148,129206,12.0
777,11149,129215,9.0
777,11150,129230,15.0
777,11151,129239,9.0
777,11152,129248,9.0
777,11153,129258,10.0
777,11154,129270,12.0
777,11155,129279,9.0
777,11156,129289,10.0
777,11157,129301,12.0
777,11158,129313,12.0
777,11159,129321,8.0
777,11160,129333,12.0
777,11161,129342,9.0
777,11162,129353,11.0
777,11163,129362,9.0
777,11164,129376,14.0
777,11165,129388,12.0
777,11166,129398,10.0
777,11167,129407,9.0
777,11168,129417,10.0
777,11169,129429,12.0
777,11170,129439,10.0
777,11171,129449,10.0
777,11172,129460,11.0
777,11173,129469,9.0
777,11174,129480,11.0
777,11175,129490,10.0
777,11176,129500,10.0
777,11177,129510,10.0
777,11178,129520,10.0
777,11179,129532,12.0
777,11180,129543,11.0
777,11181,129552,9.0
777,11182,129566,14.0
777,11183,129576,10.0
777,11184,129584,8.0
777,11185,129601,17.0
777,11186,129611,10.0
777,11187,129620,9.0
777,11188,129632,12.0
777,11189,129649,17.0
777,11190,129658,9.0
777,11191,129668,10.0
777,11192,129679,11.0
777,11193,129688,9.0
777,11194,129699,11.0
777,11195,129710,11.0
777,11196,129719,9.0
777,11197,129728,9.0
777,11198,129737,9.0
777,11199,129755,18.0
777,11200,129764,9.0
777,11201,129772,8.0
777,11202,129784,12.0
777,11203,129794,10.0
777,11204,129803,9.0
777,11205,129812,9.0
777,11206,129822,10.0
777,11207,129832,10.0
777,11208,129845,13.0
777,11209,129857,12.0
777,11210,129867,10.0
777,11211,129878,11.0
777,11212,129889,11.0
777,11213,129899,10.0
777,11214,129908,9.0
777,11215,129917,9.0
777,11216,129927,10.0
777,11217,129936,9.0
777,11218,129945,9.0
777,11219,129955,10.0
777,11220,129964,9.0
777,11221,129977,13.0
777,11222,129985,8.0
777,11223,129997,12.0
777,11224,130007,10.0
777,11225,130017,10.0
777,11226,130028,11.0
777,11227,130038,10.0
777,11228,130053,15.0
777,11229,130067,14.0
777,11230,130079,12.0
777,11231,130090,11.0
777,11232,130099,9.0
777,11233,130107,8.0
777,11234,130116,9.0
777,11235,130128,12.0
777,11236,130140,12.0
777,11237,130149,9.0
777,11238,130158,9.0
777,11239,130168,10.0
777,11240,130178,10.0
777,11241,130187,9.0
777,11242,130196,9.0
777,11243,130213,17.0
777,11244,130223,10.0
777,11245,130235,12.0
777,11246,130245,10.0
777,11247,130257,12.0
777,11248,130267,10.0
777,11249,130278,11.0
777,11250,130289,11.0
777,11251,130297,8.0
777,11252,130308,11.0
777,11253,130318,10.0
777,11254,130330,12.0
777,11255,130339,9.0
777,11256,130351,12.0
777,11257,130360,9.0
777,11258,130370,10.0
777,11259,130381,11.0
777,11260,130393,12.0
777,11261,130406,13.0
777,11262,130415,9.0
777,11263,130428,13.0
777,11264,130436,8.0
777,11265,130446,10.0
777,11266,130455,9.0
777,11267,130469,14.0
777,11268,130481,12.0
777,11269,130490,9.0
777,11270,130500,10.0
777,11271,130511,11.0
777,11272,130523,12.0
777,11273,130532,9.0
777,11274,130542,10.0
777,11275,130553,11.0
777,11276,130563,10.0
777,11277,130573,10.0
777,11278,130586,13.0
777,11279,130602,16.0
777,11280,130612,10.0
777,11281,130622,10.0
777,11282,130632,10.0
777,11283,130646,14.0
777,11284,130658,12.0
777,11285,130668,10.0
777,11286,130678,10.0
777,11287,130690,12.0
777,11288,130699,9.0
777,11289,130712,13.0
777,11290,130724,12.0
777,11291,130735,11.0
777,11292,130745,10.0
777,11293,130754,9.0
777,11294,130764,10.0
777,11295,130774,10.0
777,11296,130785,11.0
777,11297,130795,10.0
777,11298,130808,13.0
777,11299,130819,11.0
777,11300,130828,9.0
777,11301,130838,10.0
777,11302,130850,12.0
777,11303,130862,12.0
777,11304,130875,13.0
777,11305,130888,13.0
777,11306,130897,9.0
777,11307,130907,10.0
777,11308,130917,10.0
777,11309,130927,10.0
777,11310,130936,9.0
777,11311,130947,11.0
777,11312,130956,9.0
777,11313,130968,12.0
777,11314,130978,10.0
777,11315,130994,16.0
777,11316,131006,12.0
777,11317,131015,9.0
777,11318,131032,17.0
777,11319,131044,12.0
777,11320,131053,9.0
777,11321,131063,10.0
777,11322,131071,8.0
777,11323,131085,14.0
777,11324,131101,16.0
777,11325,131111,10.0
777,11326,131120,9.0
777,11327,131129,9.0
777,11328,131139,10.0
777,11329,131151,12.0
777,11330,131160,9.0
777,11331,131170,10.0
777,11332,131181,11.0
777,11333,131193,12.0
777,11334,131206,13.0
777,11335,131219,13.0
777,11336,131234,15.0
777,11337,131245,11.0
777,11338,131258,13.0
777,11339,131267,9.0
777,11340,131277,10.0
777,11341,131286,9.0
777,11342,131296,10.0
777,11343,131305,9.0
777,11344,131320,15.0
777,11345,131330,10.0
777,11346,131340,10.0
777,11347,131350,10.0
777,11348,131361,11.0
777,11349,131374,13.0
777,11350,131383,9.0
777,11351,131396,13.0
777,11352,131406,10.0
777,11353,131418,12.0
777,11354,131428,10.0
777,11355,131439,11.0
777,11356,131448,9.0
777,11357,131460,12.0
777,11358,131473,13.0
777,11359,131485,12.0
777,11360,131495,10.0
777,11361,131506,11.0
777,11362,131516,10.0
777,11363,131526,10.0
777,11364,131537,11.0
777,11365,131553,16.0
777,11366,131564,11.0
777,11367,131573,9.0
777,11368,131582,9.0
777,11369,131592,10.0
777,11370,131601,9.0
777,11371,131611,10.0
777,11372,131621,10.0
777,11373,131637,16.0
777,11374,131653,16.0
777,11375,131662,9.0
777,11376,131671,9.0
777,11377,131679,8.0
777,11378,131689,10.0
777,11379,131701,12.0
777,11380,131710,9.0
777,11381,131720,10.0
777,11382,131729,9.0
777,11383,131740,11.0
777,11384,131749,9.0
777,11385,131765,16.0
777,11386,131773,8.0
777,11387,131784,11.0
777,11388,131794,10.0
777,11389,131804,10.0
777,11390,131812,8.0
777,11391,131822,10.0
777,11392,131831,9.0
777,11393,131839,8.0
777,11394,131853,14.0
777,11395,131864,11.0
777,11396,131873,9.0
777,11397,131883,10.0
777,11398,131896,13.0
777,11399,131905,9.0
777,11400,131916,11.0
777,11401,131926,10.0
777,11402,131935,9.0
777,11403,131947,12.0
777,11404,131957,10.0
777,11405,131966,9.0
777,11406,131979,13.0
777,11407,131988,9.0
777,11408,131996,8.0
777,11409,132007,11.0
777,11410,132017,10.0
777,11411,132027,10.0
777,11412,132035,8.0
777,11413,132043,8.0
777,11414,132052,9.0
777,11415,132060,8.0
777,11416,132070,10.0
777,11417,132080,10.0
777,11418,132098,18.0
777,11419,132108,10.0
777,11420,132117,9.0
777,11421,132128,11.0
777,11422,132140,12.0
777,11423,132150,10.0
777,11424,132158,8.0
777,11425,132169,11.0
777,11426,132180,11.0
777,11427,132189,9.0
777,11428,132198,9.0
777,11429,132207,9.0
777,11430,132218,11.0
777,11431,132227,9.0
777,11432,132238,11.0
777,11433,132247,9.0
777,11434,132261,14.0
777,11435,132271,10.0
777,11436,132283,12.0
777,11437,132293,10.0
777,11438,132305,12.0
777,11439,132315,10.0
777,11440,132326,11.0
777,11441,132335,9.0
777,11442,132348,13.0
777,11443,132358,10.0
777,11444,132370,12.0
777,11445,132384,14.0
777,11446,132394,10.0
777,11447,132403,9.0
777,11448,132413,10.0
777,11449,132423,10.0
777,11450,132433,10.0
777,11451,132444,11.0
777,11452,132458,14.0
777,11453,132476,18.0
777,11454,132485,9.0
777,11455,132496,11.0
777,11456,132507,11.0
777,11457,132517,10.0
777,11458,132529,12.0
777,11459,132542,13.0
777,11460,132553,11.0
777,11461,132568,15.0
777,11462,132578,10.0
777,11463,132588,10.0
777,11464,132597,9.0
777,11465,132608,11.0
777,11466,132617,9.0
777,11467,132630,13.0
777,11468,132640,10.0
777,11469,132650,10.0
777,11470,132667,17.0
777,11471,132679,12.0
777,11472,132689,10.0
777,11473,132702,13.0
777,11474,132711,9.0
777,11475,132720,9.0
777,11476,132730,10.0
777,11477,132740,10.0
777,11478,132749,9.0
777,11479,132757,8.0
777,11480,132767,10.0
777,11481,132777,10.0
777,11482,132790,13.0
777,11483,132804,14.0
777,11484,132814,10.0
777,11485,132823,9.0
777,11486,132831,8.0
777,11487,132841,10.0
777,11488,132850,9.0
777,11489,132862,12.0
777,11490,132872,10.0
777,11491,132882,10.0
777,11492,132891,9.0
777,11493,132900,9.0
777,11494,132912,12.0
777,11495,132926,14.0
777,11496,132936,10.0
777,11497,132948,12.0
777,11498,132957,9.0
777,11499,132966,9.0
777,11500,132980,14.0
777,11501,132992,12.0
777,11502,133001,9.0
777,11503,133013,12.0
777,11504,133023,10.0
777,11505,133034,11.0
777,11506,133043,9.0
777,11507,133053,10.0
777,11508,133063,10.0
777,11509,133078,15.0
777,11510,133090,12.0
777,11511,133100,10.0
777,11512,133116,16.0
777,11513,133129,13.0
777,11514,133139,10.0
777,11515,133149,10.0
777,11516,133161,12.0
777,11517,133175,14.0
777,11518,133184,9.0
777,11519,133200,16.0
777,11520,133211,11.0
777,11521,133220,9.0
777,11522,133230,10.0
777,11523,133239,9.0
777,11524,133251,12.0
777,11525,133260,9.0
777,11526,133271,11.0
777,11527,133284,13.0
777,11528,133294,10.0
777,11529,133306,12.0
777,11530,133320,14.0
777,11531,133331,11.0
777,11532,133345,14.0
777,11533,133354,9.0
777,11534,133363,9.0
777,11535,133372,9.0
777,11536,133386,14.0
777,11537,133394,8.0
777,11538,133404,10.0
777,11539,133414,10.0
777,11540,133424,10.0
777,11541,133437,13.0
777,11542,133447,10.0
777,11543,133457,10.0
777,11544,133468,11.0
777,11545,133478,10.0
777,11546,133488,10.0
777,11547,133502,14.0
777,11548,133511,9.0
777,11549,133519,8.0
777,11550,133529,10.0
777,11551,133540,11.0
777,11552,133549,9.0
777,11553,133559,10.0
777,11554,133572,13.0
777,11555,133581,9.0
777,11556,133592,11.0
777,11557,133605,13.0
777,11558,133614,9.0
777,11559,133625,11.0
777,11560,133635,10.0
777,11561,133645,10.0
777,11562,133659,14.0
777,11563,133669,10.0
777,11564,133682,13.0
777,11565,133693,11.0
777,11566,133702,9.0
777,11567,133712,10.0
777,11568,133721,9.0
777,11569,133731,10.0
777,11570,133745,14.0
777,11571,133773,28.0
777,11572,133783,10.0
777,11573,133809,26.0
777,11574,133818,9.0
777,11575,133827,9.0
777,11576,133839,12.0
777,11577,133852,13.0
777,11578,133864,12.0
777,11579,133874,10.0
777,11580,133884,10.0
777,11581,133894,10.0
777,11582,133904,10.0
777,11583,133914,10.0
777,11584,133924,10.0
777,11585,133935,11.0
777,11586,133944,9.0
777,11587,133954,10.0
777,11588,133964,10.0
777,11589,133975,11.0
777,11590,133989,14.0
777,11591,134000,11.0
777,11592,134009,9.0
777,11593,134018,9.0
777,11594,134028,10.0
777,11595,134043,15.0
777,11596,134052,9.0
777,11597,134062,10.0
777,11598,134078,16.0
777,11599,134088,10.0
777,11600,134098,10.0
777,11601,134107,9.0
777,11602,134117,10.0
777,11603,134128,11.0
777,11604,134137,9.0
777,11605,134154,17.0
777,11606,134167,13.0
777,11607,134176,9.0
777,11608,134184,8.0
777,11609,134202,18.0
777,11610,134214,12.0
777,11611,134222,8.0
777,11612,134232,10.0
777,11613,134243,11.0
777,11614,134254,11.0
777,11615,134268,14.0
777,11616,134277,9.0
777,11617,134286,9.0
777,11618,134296,10.0
777,11619,134305,9.0
777,11620,134319,14.0
777,11621,134329,10.0
777,11622,134338,9.0
777,11623,134347,9.0
777,11624,134357,10.0
777,11625,134368,11.0
777,11626,134377,9.0
777,11627,134389,12.0
777,11628,134397,8.0
777,11629,134407,10.0
777,11630,134419,12.0
777,11631,134436,17.0
777,11632,134444,8.0
777,11633,134458,14.0
777,11634,134478,20.0
777,11635,134488,10.0
777,11636,134501,13.0
777,11637,134511,10.0
777,11638,134527,16.0
777,11639,134538,11.0
777,11640,134548,10.0
777,11641,134561,13.0
777,11642,134577,16.0
777,11643,134590,13.0
777,11644,134601,11.0
777,11645,134611,10.0
777,11646,134624,13.0
777,11647,134639,15.0
777,11648,134655,16.0
777,11649,134664,9.0
777,11650,134676,12.0
777,11651,134686,10.0
777,11652,134695,9.0
777,11653,134705,10.0
777,11654,134723,18.0
777,11655,134732,9.0
777,11656,134741,9.0
777,11657,134749,8.0
777,11658,134762,13.0
777,11659,134772,10.0
777,11660,134781,9.0
777,11661,134791,10.0
777,11662,134802,11.0
777,11663,134812,10.0
777,11664,134827,15.0
777,11665,134837,10.0
777,11666,134849,12.0
777,11667,134861,12.0
777,11668,134870,9.0
777,11669,134879,9.0
777,11670,134888,9.0
777,11671,134905,17.0
777,11672,134915,10.0
777,11673,134934,19.0
777,11674,134943,9.0
777,11675,134955,12.0
777,11676,134966,11.0
777,11677,134976,10.0
777,11678,134988,12.0
777,11679,134997,9.0
777,11680,135007,10.0
777,11681,135020,13.0
777,11682,135029,9.0
777,11683,135038,9.0
777,11684,135046,8.0
777,11685,135056,10.0
777,11686,135071,15.0
777,11687,135081,10.0
777,11688,135095,14.0
777,11689,135107,12.0
777,11690,135116,9.0
777,11691,135126,10.0
777,11692,135137,11.0
777,11693,135146,9.0
777,11694,135155,9.0
777,11695,135172,17.0
777,11696,135181,9.0
777,11697,135195,14.0
777,11698,135210,15.0
777,11699,135223,13.0
777,11700,135237,14.0
777,11701,135249,12.0
777,11702,135259,10.0
777,11703,135271,12.0
777,11704,135280,9.0
777,11705,135288,8.0
777,11706,135298,10.0
777,11707,135314,16.0
777,11708,135328,14.0
777,11709,135342,14.0
777,11710,135350,8.0
777,11711,135363,13.0
777,11712,135376,13.0
777,11713,135385,9.0
777,11714,135397,12.0
777,11715,135408,11.0
777,11716,135420,12.0
777,11717,135431,11.0
777,11718,135440,9.0
777,11719,135454,14.0
777,11720,135463,9.0
777,11721,135473,10.0
777,11722,135483,10.0
777,11723,135494,11.0
777,11724,135503,9.0
777,11725,135521,18.0
777,11726,135530,9.0
777,11727,135544,14.0
777,11728,135553,9.0
777,11729,135567,14.0
777,11730,135577,10.0
777,11731,135587,10.0
777,11732,135599,12.0
777,11733,135620,21.0
777,11734,135629,9.0
777,11735,135644,15.0
777,11736,135653,9.0
777,11737,135663,10.0
777,11738,135678,15.0
777,11739,135689,11.0
777,11740,135698,9.0
777,11741,135707,9.0
777,11742,135716,9.0
777,11743,135728,12.0
777,11744,135742,14.0
777,11745,135751,9.0
777,11746,135764,13.0
777,11747,135775,11.0
777,11748,135786,11.0
777,11749,135796,10.0
777,11750,135804,8.0
777,11751,135814,10.0
777,11752,135826,12.0
777,11753,135834,8.0
777,11754,135846,12.0
777,11755,135858,12.0
777,11756,135866,8.0
777,11757,135874,8.0
777,11758,135883,9.0
777,11759,135894,11.0
777,11760,135905,11.0
777,11761,135914,9.0
777,11762,135926,12.0
777,11763,135935,9.0
777,11764,135944,9.0
777,11765,135965,21.0
777,11766,135973,8.0
777,11767,135984,11.0
777,11768,135997,13.0
777,11769,136006,9.0
777,11770,136016,10.0
777,11771,136027,11.0
777,11772,136039,12.0
777,11773,136048,9.0
777,11774,136060,12.0
777,11775,136072,12.0
777,11776,136082,10.0
777,11777,136092,10.0
777,11778,136101,9.0
777,11779,136111,10.0
777,11780,136121,10.0
777,11781,136133,12.0
777,11782,136143,10.0
777,11783,136151,8.0
777,11784,136162,11.0
777,11785,136177,15.0
777,11786,136188,11.0
777,11787,136199,11.0
777,11788,136208,9.0
777,11789,136217,9.0
777,11790,136227,10.0
777,11791,136236,9.0
777,11792,136245,9.0
777,11793,136255,10.0
777,11794,136286,31.0
777,11795,136295,9.0
777,11796,136304,9.0
777,11797,136314,10.0
777,11798,136324,10.0
777,11799,136334,10.0
777,11800,136342,8.0
777,11801,136352,10.0
777,11802,136362,10.0
777,11803,136373,11.0
777,11804,136384,11.0
777,11805,136394,10.0
777,11806,136405,11.0
777,11807,136414,9.0
777,11808,136436,22.0
777,11809,136448,12.0
777,11810,136458,10.0
777,11811,136469,11.0
777,11812,136478,9.0
777,11813,136495,17.0
777,11814,136506,11.0
777,11815,136515,9.0
777,11816,136524,9.0
777,11817,136546,22.0
777,11818,136556,10.0
777,11819,136565,9.0
777,11820,136575,10.0
777,11821,136587,12.0
777,11822,136595,8.0
777,11823,136606,11.0
777,11824,136617,11.0
777,11825,136626,9.0
777,11826,136634,8.0
777,11827,136644,10.0
777,11828,136656,12.0
777,11829,136665,9.0
777,11830,136673,8.0
777,11831,136683,10.0
777,11832,136693,10.0
777,11833,136701,8.0
777,11834,136715,14.0
777,11835,136724,9.0
777,11836,136733,9.0
777,11837,136742,9.0
777,11838,136751,9.0
777,11839,136761,10.0
777,11840,136771,10.0
777,11841,136780,9.0
777,11842,136790,10.0
777,11843,136800,10.0
777,11844,136818,18.0
777,11845,136831,13.0
777,11846,136843,12.0
777,11847,136853,10.0
777,11848,136865,12.0
777,11849,136875,10.0
777,11850,136884,9.0
777,11851,136893,9.0
777,11852,136914,21.0
777,11853,136924,10.0
777,11854,136934,10.0
777,11855,136949,15.0
777,11856,136959,10.0
777,11857,136969,10.0
777,11858,136985,16.0
777,11859,136993,8.0
777,11860,137001,8.0
777,11861,137015,14.0
777,11862,137027,12.0
777,11863,137038,11.0
777,11864,137048,10.0
777,11865,137058,10.0
777,11866,137068,10.0
777,11867,137078,10.0
777,11868,137091,13.0
777,11869,137101,10.0
777,11870,137112,11.0
777,11871,137121,9.0
777,11872,137130,9.0
777,11873,137138,8.0
777,11874,137148,10.0
777,11875,137158,10.0
777,11876,137168,10.0
777,11877,137177,9.0
777,11878,137192,15.0
777,11879,137201,9.0
777,11880,137210,9.0
777,11881,137220,10.0
777,11882,137230,10.0
777,11883,137242,12.0
777,11884,137251,9.0
777,11885,137259,8.0
777,11886,137269,10.0
777,11887,137279,10.0
777,11888,137287,8.0
777,11889,137296,9.0
777,11890,137305,9.0
777,11891,137315,10.0
777,11892,137325,10.0
777,11893,137337,12.0
777,11894,137346,9.0
777,11895,137358,12.0
777,11896,137367,9.0
777,11897,137378,11.0
777,11898,137388,10.0
777,11899,137398,10.0
777,11900,137409,11.0
777,11901,137421,12.0
777,11902,137430,9.0
777,11903,137442,12.0
777,11904,137453,11.0
777,11905,137463,10.0
777,11906,137473,10.0
777,11907,137482,9.0
777,11908,137499,17.0
777,11909,137510,11.0
777,11910,137519,9.0
777,11911,137531,12.0
777,11912,137541,10.0
777,11913,137549,8.0
777,11914,137558,9.0
777,11915,137568,10.0
777,11916,137577,9.0
777,11917,137590,13.0
777,11918,137599,9.0
777,11919,137609,10.0
777,11920,137618,9.0
777,11921,137627,9.0
777,11922,137637,10.0
777,11923,137647,10.0
777,11924,137658,11.0
777,11925,137667,9.0
777,11926,137679,12.0
777,11927,137690,11.0
777,11928,137701,11.0
777,11929,137710,9.0
777,11930,137719,9.0
777,11931,137729,10.0
777,11932,137742,13.0
777,11933,137755,13.0
777,11934,137763,8.0
777,11935,137773,10.0
777,11936,137782,9.0
777,11937,137793,11.0
777,11938,137803,10.0
777,11939,137812,9.0
777,11940,137823,11.0
777,11941,137832,9.0
777,11942,137842,10.0
777,11943,137852,10.0
777,11944,137860,8.0
777,11945,137872,12.0
777,11946,137884,12.0
777,11947,137898,14.0
777,11948,137906,8.0
777,11949,137917,11.0
777,11950,137925,8.0
777,11951,137937,12.0
777,11952,137947,10.0
777,11953,137964,17.0
777,11954,137976,12.0
777,11955,137986,10.0
777,11956,138001,15.0
777,11957,138011,10.0
777,11958,138020,9.0
777,11959,138028,8.0
777,11960,138037,9.0
777,11961,138047,10.0
777,11962,138059,12.0
777,11963,138071,12.0
777,11964,138080,9.0
777,11965,138089,9.0
777,11966,138098,9.0
777,11967,138106,8.0
777,11968,138116,10.0
777,11969,138125,9.0
777,11970,138135,10.0
777,11971,138147,12.0
777,11972,138157,10.0
777,11973,138167,10.0
777,11974,138175,8.0
777,11975,138189,14.0
777,11976,138198,9.0
777,11977,138207,9.0
777,11978,138217,10.0
777,11979,138227,10.0
777,11980,138237,10.0
777,11981,138246,9.0
777,11982,138260,14.0
777,11983,138272,12.0
777,11984,138283,11.0
777,11985,138292,9.0
777,11986,138302,10.0
777,11987,138312,10.0
777,11988,138322,10.0
777,11989,138332,10.0
777,11990,138342,10.0
777,11991,138354,12.0
777,11992,138364,10.0
777,11993,138374,10.0
777,11994,138387,13.0
777,11995,138397,10.0
777,11996,138406,9.0
777,11997,138417,11.0
777,11998,138426,9.0
777,11999,138436,10.0
777,12000,138446,10.0
777,12001,138455,9.0
777,12002,138467,12.0
777,12003,138476,9.0
777,12004,138491,15.0
777,12005,138499,8.0
777,12006,138520,21.0
777,12007,138530,10.0
777,12008,138544,14.0
777,12009,138553,9.0
777,12010,138562,9.0
777,12011,138570,8.0
777,12012,138580,10.0
777,12013,138590,10.0
777,12014,138599,9.0
777,12015,138609,10.0
777,12016,138620,11.0
777,12017,138629,9.0
777,12018,138639,10.0
777,12019,138653,14.0
777,12020,138663,10.0
777,12021,138674,11.0
777,12022,138686,12.0
777,12023,138694,8.0
777,12024,138715,21.0
777,12025,138725,10.0
777,12026,138735,10.0
777,12027,138754,19.0
777,12028,138763,9.0
777,12029,138772,9.0
777,12030,138781,9.0
777,12031,138791,10.0
777,12032,138803,12.0
777,12033,138815,12.0
777,12034,138824,9.0
777,12035,138833,9.0
777,12036,138844,11.0
777,12037,138855,11.0
777,12038,138865,10.0
777,12039,138874,9.0
777,12040,138887,13.0
777,12041,138895,8.0
777,12042,138904,9.0
777,12043,138917,13.0
777,12044,138927,10.0
777,12045,138939,12.0
777,12046,138947,8.0
777,12047,138960,13.0
777,12048,138970,10.0
777,12049,138979,9.0
777,12050,138989,10.0
777,12051,138998,9.0
777,12052,139008,10.0
777,12053,139018,10.0
777,12054,139027,9.0
777,12055,139036,9.0
777,12056,139048,12.0
777,12057,139059,11.0
777,12058,139067,8.0
777,12059,139075,8.0
777,12060,139084,9.0
777,12061,139094,10.0
777,12062,139103,9.0
777,12063,139113,10.0
777,12064,139121,8.0
777,12065,139130,9.0
777,12066,139138,8.0
777,12067,139152,14.0
777,12068,139161,9.0
777,12069,139169,8.0
777,12070,139181,12.0
777,12071,139191,10.0
777,12072,139201,10.0
777,12073,139213,12.0
777,12074,139224,11.0
777,12075,139235,11.0
777,12076,139245,10.0
777,12077,139256,11.0
777,12078,139264,8.0
777,12079,139274,10.0
777,12080,139285,11.0
777,12081,139295,10.0
777,12082,139305,10.0
777,12083,139315,10.0
777,12084,139324,9.0
777,12085,139332,8.0
777,12086,139343,11.0
777,12087,139352,9.0
777,12088,139363,11.0
777,12089,139373,10.0
777,12090,139386,13.0
777,12091,139397,11.0
777,12092,139407,10.0
777,12093,139421,14.0
777,12094,139430,9.0
777,12095,139439,9.0
777,12096,139448,9.0
777,12097,139460,12.0
777,12098,139469,9.0
777,12099,139480,11.0
777,12100,139490,10.0
777,12101,139500,10.0
777,12102,139509,9.0
777,12103,139518,9.0
777,12104,139527,9.0
777,12105,139541,14.0
777,12106,139552,11.0
777,12107,139566,14.0
777,12108,139578,12.0
777,12109,139594,16.0
777,12110,139603,9.0
777,12111,139614,11.0
777,12112,139624,10.0
777,12113,139638,14.0
777,12114,139649,11.0
777,12115,139658,9.0
777,12116,139670,12.0
777,12117,139679,9.0
777,12118,139690,11.0
777,12119,139701,11.0
777,12120,139710,9.0
777,12121,139719,9.0
777,12122,139730,11.0
777,12123,139739,9.0
777,12124,139749,10.0
777,12125,139758,9.0
777,12126,139771,13.0
777,12127,139784,13.0
777,12128,139795,11.0
777,12129,139805,10.0
777,12130,139815,10.0
777,12131,139825,10.0
777,12132,139839,14.0
777,12133,139849,10.0
777,12134,139860,11.0
777,12135,139869,9.0
777,12136,139887,18.0
777,12137,139904,17.0
777,12138,139917,13.0
777,12139,139927,10.0
777,12140,139936,9.0
777,12141,139946,10.0
777,12142,139957,11.0
777,12143,139966,9.0
777,12144,139979,13.0
777,12145,139992,13.0
777,12146,140005,13.0
777,12147,140016,11.0
777,12148,140024,8.0
777,12149,140036,12.0
777,12150,140044,8.0
777,12151,140054,10.0
777,12152,140068,14.0
777,12153,140078,10.0
777,12154,140086,8.0
777,12155,140095,9.0
777,12156,140104,9.0
777,12157,140114,10.0
777,12158,140123,9.0
777,12159,140133,10.0
777,12160,140142,9.0
777,12161,140152,10.0
777,12162,140161,9.0
777,12163,140172,11.0
777,12164,140181,9.0
777,12165,140191,10.0
777,12166,140202,11.0
777,12167,140218,16.0
777,12168,140228,10.0
777,12169,140241,13.0
777,12170,140249,8.0
777,12171,140259,10.0
777,12172,140269,10.0
777,12173,140301,32.0
777,12174,140312,11.0
777,12175,140322,10.0
777,12176,140335,13.0
777,12177,140343,8.0
777,12178,140356,13.0
777,12179,140365,9.0
777,12180,140375,10.0
777,12181,140385,10.0
777,12182,140396,11.0
777,12183,140406,10.0
777,12184,140415,9.0
777,12185,140425,10.0
777,12186,140439,14.0
777,12187,140448,9.0
777,12188,140459,11.0
777,12189,140468,9.0
777,12190,140477,9.0
777,12191,140491,14.0
777,12192,140499,8.0
777,12193,140509,10.0
777,12194,140522,13.0
777,12195,140532,10.0
777,12196,140541,9.0
777,12197,140550,9.0
777,12198,140559,9.0
777,12199,140569,10.0
777,12200,140580,11.0
777,12201,140594,14.0
777,12202,140603,9.0
777,12203,140615,12.0
777,12204,140624,9.0
777,12205,140634,10.0
777,12206,140644,10.0
777,12207,140654,10.0
777,12208,140665,11.0
777,12209,140677,12.0
777,12210,140687,10.0
777,12211,140696,9.0
777,12212,140706,10.0
777,12213,140716,10.0
777,12214,140726,10.0
777,12215,140736,10.0
777,12216,140745,9.0
777,12217,140756,11.0
777,12218,140769,13.0
777,12219,140779,10.0
777,12220,140791,12.0
777,12221,140799,8.0
777,12222,140808,9.0
777,12223,140823,15.0
777,12224,140837,14.0
777,12225,140846,9.0
777,12226,140857,11.0
777,12227,140868,11.0
777,12228,140878,10.0
777,12229,140890,12.0
777,12230,140900,10.0
777,12231,140910,10.0
777,12232,140919,9.0
777,12233,140931,12.0
777,12234,140942,11.0
777,12235,140951,9.0
777,12236,140960,9.0
777,12237,140973,13.0
777,12238,140984,11.0
777,12239,140994,10.0
777,12240,141003,9.0
777,12241,141011,8.0
777,12242,141020,9.0
777,12243,141035,15.0
777,12244,141046,11.0
777,12245,141059,13.0
777,12246,141071,12.0
777,12247,141082,11.0
777,12248,141093,11.0
777,12249,141103,10.0
777,12250,141111,8.0
777,12251,141123,12.0
777,12252,141132,9.0
777,12253,141145,13.0
777,12254,141154,9.0
777,12255,141165,11.0
777,12256,141174,9.0
777,12257,141185,11.0
777,12258,141195,10.0
777,12259,141204,9.0
777,12260,141214,10.0
777,12261,141226,12.0
777,12262,141238,12.0
777,12263,141248,10.0
777,12264,141259,11.0
777,12265,141267,8.0
777,12266,141276,9.0
777,12267,141286,10.0
777,12268,141297,11.0
777,12269,141307,10.0
777,12270,141318,11.0
777,12271,141335,17.0
777,12272,141347,12.0
777,12273,141361,14.0
777,12274,141370,9.0
777,12275,141382,12.0
777,12276,141391,9.0
777,12277,141401,10.0
777,12278,141409,8.0
777,12279,141419,10.0
777,12280,141431,12.0
777,12281,141441,10.0
777,12282,141449,8.0
777,12283,141459,10.0
777,12284,141474,15.0
777,12285,141484,10.0
777,12286,141495,11.0
777,12287,141505,10.0
777,12288,141516,11.0
777,12289,141524,8.0
777,12290,141533,9.0
777,12291,141542,9.0
777,12292,141554,12.0
777,12293,141563,9.0
777,12294,141574,11.0
777,12295,141588,14.0
777,12296,141600,12.0
777,12297,141609,9.0
777,12298,141621,12.0
777,12299,141631,10.0
777,12300,141643,12.0
777,12301,141656,13.0
777,12302,141664,8.0
777,12303,141675,11.0
777,12304,141685,10.0
777,12305,141697,12.0
777,12306,141706,9.0
777,12307,141718,12.0
777,12308,141732,14.0
777,12309,141743,11.0
777,12310,141752,9.0
777,12311,141767,15.0
777,12312,141776,9.0
777,12313,141785,9.0
777,12314,141798,13.0
777,12315,141812,14.0
777,12316,141824,12.0
777,12317,141835,11.0
777,12318,141851,16.0
777,12319,141864,13.0
777,12320,141877,13.0
777,12321,141885,8.0
777,12322,141895,10.0
777,12323,141907,12.0
777,12324,141916,9.0
777,12325,141928,12.0
777,12326,141939,11.0
777,12327,141954,15.0
777,12328,141964,10.0
777,12329,141974,10.0
777,12330,141985,11.0
777,12331,142000,15.0
777,12332,142010,10.0
777,12333,142020,10.0
777,12334,142032,12.0
777,12335,142042,10.0
777,12336,142052,10.0
777,12337,142062,10.0
777,12338,142073,11.0
777,12339,142083,10.0
777,12340,142092,9.0
777,12341,142103,11.0
777,12342,142115,12.0
777,12343,142125,10.0
777,12344,142138,13.0
777,12345,142148,10.0
777,12346,142156,8.0
777,12347,142169,13.0
777,12348,142179,10.0
777,12349,142190,11.0
777,12350,142200,10.0
777,12351,142209,9.0
777,12352,142219,10.0
777,12353,142231,12.0
777,12354,142239,8.0
777,12355,142248,9.0
777,12356,142261,13.0
777,12357,142279,18.0
777,12358,142289,10.0
777,12359,142298,9.0
777,12360,142308,10.0
777,12361,142317,9.0
777,12362,142329,12.0
777,12363,142337,8.0
777,12364,142359,22.0
777,12365,142370,11.0
777,12366,142379,9.0
777,12367,142391,12.0
777,12368,142401,10.0
777,12369,142410,9.0
777,12370,142421,11.0
777,12371,142438,17.0
777,12372,142448,10.0
777,12373,142456,8.0
777,12374,142469,13.0
777,12375,142478,9.0
777,12376,142489,11.0
777,12377,142515,26.0
777,12378,142525,10.0
777,12379,142534,9.0
777,12380,142544,10.0
777,12381,142556,12.0
777,12382,142565,9.0
777,12383,142575,10.0
777,12384,142586,11.0
777,12385,142597,11.0
777,12386,142608,11.0
777,12387,142620,12.0
777,12388,142629,9.0
777,12389,142639,10.0
777,12390,142648,9.0
777,12391,142660,12.0
777,12392,142670,10.0
777,12393,142681,11.0
777,12394,142692,11.0
777,12395,142705,13.0
777,12396,142716,11.0
777,12397,142729,13.0
777,12398,142743,14.0
777,12399,142751,8.0
777,12400,142759,8.0
777,12401,142769,10.0
777,12402,142779,10.0
777,12403,142790,11.0
777,12404,142799,9.0
777,12405,142809,10.0
777,12406,142819,10.0
777,12407,142827,8.0
777,12408,142836,9.0
777,12409,142846,10.0
777,12410,142855,9.0
777,12411,142865,10.0
777,12412,142878,13.0
777,12413,142887,9.0
777,12414,142897,10.0
777,12415,142906,9.0
777,12416,142920,14.0
777,12417,142930,10.0
777,12418,142939,9.0
777,12419,142949,10.0
777,12420,142958,9.0
777,12421,142970,12.0
777,12422,142982,12.0
777,12423,142999,17.0
777,12424,143010,11.0
777,12425,143020,10.0
777,12426,143029,9.0
777,12427,143039,10.0
777,12428,143051,12.0
777,12429,143061,10.0
777,12430,143071,10.0
777,12431,143080,9.0
777,12432,143095,15.0
777,12433,143104,9.0
777,12434,143116,12.0
777,12435,143125,9.0
777,12436,143135,10.0
777,12437,143145,10.0
777,12438,143156,11.0
777,12439,143164,8.0
777,12440,143173,9.0
777,12441,143183,10.0
777,12442,143194,11.0
777,12443,143202,8.0
777,12444,143212,10.0
777,12445,143225,13.0
777,12446,143235,10.0
777,12447,143244,9.0
777,12448,143254,10.0
777,12449,143263,9.0
777,12450,143276,13.0
777,12451,143286,10.0
777,12452,143296,10.0
777,12453,143306,10.0
777,12454,143321,15.0
777,12455,143331,10.0
777,12456,143342,11.0
777,12457,143354,12.0
777,12458,143364,10.0
777,12459,143375,11.0
777,12460,143387,12.0
777,12461,143396,9.0
777,12462,143407,11.0
777,12463,143416,9.0
777,12464,143427,11.0
777,12465,143436,9.0
777,12466,143446,10.0
777,12467,143455,9.0
777,12468,143464,9.0
777,12469,143473,9.0
777,12470,143484,11.0
777,12471,143495,11.0
777,12472,143504,9.0
777,12473,143515,11.0
777,12474,143526,11.0
777,12475,143536,10.0
777,12476,143545,9.0
777,12477,143557,12.0
777,12478,143568,11.0
777,12479,143577,9.0
777,12480,143587,10.0
777,12481,143596,9.0
777,12482,143606,10.0
777,12483,143615,9.0
777,12484,143625,10.0
777,12485,143636,11.0
777,12486,143646,10.0
777,12487,143655,9.0
777,12488,143665,10.0
777,12489,143674,9.0
777,12490,143683,9.0
777,12491,143692,9.0
777,12492,143702,10.0
777,12493,143713,11.0
777,12494,143723,10.0
777,12495,143733,10.0
777,12496,143742,9.0
777,12497,143752,10.0
777,12498,143764,12.0
777,12499,143773,9.0
777,12500,143784,11.0
777,12501,143795,11.0
777,12502,143805,10.0
777,12503,143816,11.0
777,12504,143826,10.0
777,12505,143837,11.0
777,12506,143849,12.0
777,12507,143862,13.0
777,12508,143872,10.0
777,12509,143885,13.0
777,12510,143896,11.0
777,12511,143905,9.0
777,12512,143916,11.0
777,12513,143927,11.0
777,12514,143937,10.0
777,12515,143947,10.0
777,12516,143956,9.0
777,12517,143964,8.0
777,12518,143975,11.0
777,12519,143984,9.0
777,12520,143994,10.0
777,12521,144003,9.0
777,12522,144012,9.0
777,12523,144022,10.0
777,12524,144032,10.0
777,12525,144050,18.0
777,12526,144059,9.0
777,12527,144067,8.0
777,12528,144077,10.0
777,12529,144086,9.0
777,12530,144096,10.0
777,12531,144107,11.0
777,12532,144116,9.0
777,12533,144125,9.0
777,12534,144135,10.0
777,12535,144147,12.0
777,12536,144163,16.0
777,12537,144172,9.0
777,12538,144182,10.0
777,12539,144190,8.0
777,12540,144199,9.0
777,12541,144209,10.0
777,12542,144219,10.0
777,12543,144227,8.0
777,12544,144238,11.0
777,12545,144247,9.0
777,12546,144256,9.0
777,12547,144269,13.0
777,12548,144282,13.0
777,12549,144290,8.0
777,12550,144301,11.0
777,12551,144316,15.0
777,12552,144328,12.0
777,12553,144342,14.0
777,12554,144351,9.0
777,12555,144364,13.0
777,12556,144373,9.0
777,12557,144383,10.0
777,12558,144392,9.0
777,12559,144402,10.0
777,12560,144411,9.0
777,12561,144420,9.0
777,12562,144429,9.0
777,12563,144438,9.0
777,12564,144447,9.0
777,12565,144457,10.0
777,12566,144467,10.0
777,12567,144477,10.0
777,12568,144494,17.0
777,12569,144504,10.0
777,12570,144516,12.0
777,12571,144528,12.0
777,12572,144540,12.0
777,12573,144549,9.0
777,12574,144559,10.0
777,12575,144569,10.0
777,12576,144580,11.0
777,12577,144590,10.0
777,12578,144599,9.0
777,12579,144609,10.0
777,12580,144619,10.0
777,12581,144629,10.0
777,12582,144640,11.0
777,12583,144650,10.0
777,12584,144660,10.0
777,12585,144669,9.0
777,12586,144680,11.0
777,12587,144689,9.0
777,12588,144700,11.0
777,12589,144708,8.0
777,12590,144717,9.0
777,12591,144727,10.0
777,12592,144746,19.0
777,12593,144756,10.0
777,12594,144765,9.0
777,12595,144776,11.0
777,12596,144784,8.0
777,12597,144794,10.0
777,12598,144804,10.0
777,12599,144812,8.0
777,12600,144820,8.0
777,12601,144832,12.0
777,12602,144844,12.0
777,12603,144854,10.0
777,12604,144864,10.0
777,12605,144874,10.0
777,12606,144885,11.0
777,12607,144895,10.0
777,12608,144905,10.0
777,12609,144915,10.0
777,12610,144924,9.0
777,12611,144935,11.0
777,12612,144949,14.0
777,12613,144960,11.0
777,12614,144971,11.0
777,12615,144983,12.0
777,12616,144993,10.0
777,12617,145002,9.0
777,12618,145014,12.0
777,12619,145025,11.0
777,12620,145034,9.0
777,12621,145045,11.0
777,12622,145054,9.0
777,12623,145064,10.0
777,12624,145075,11.0
777,12625,145085,10.0
777,12626,145094,9.0
777,12627,145103,9.0
777,12628,145112,9.0
777,12629,145121,9.0
777,12630,145132,11.0
777,12631,145141,9.0
777,12632,145149,8.0
777,12633,145158,9.0
777,12634,145170,12.0
777,12635,145180,10.0
777,12636,145192,12.0
777,12637,145202,10.0
777,12638,145216,14.0
777,12639,145224,8.0
777,12640,145234,10.0
777,12641,145242,8.0
777,12642,145256,14.0
777,12643,145265,9.0
777,12644,145275,10.0
777,12645,145285,10.0
777,12646,145296,11.0
777,12647,145304,8.0
777,12648,145314,10.0
777,12649,145322,8.0
777,12650,145333,11.0
777,12651,145341,8.0
777,12652,145350,9.0
777,12653,145360,10.0
777,12654,145369,9.0
777,12655,145378,9.0
777,12656,145388,10.0
777,12657,145397,9.0
777,12658,145407,10.0
777,12659,145415,8.0
777,12660,145425,10.0
777,12661,145435,10.0
777,12662,145451,16.0
777,12663,145462,11.0
777,12664,145473,11.0
777,12665,145484,11.0
777,12666,145494,10.0
777,12667,145503,9.0
777,12668,145511,8.0
777,12669,145525,14.0
777,12670,145534,9.0
777,12671,145544,10.0
777,12672,145554,10.0
777,12673,145567,13.0
777,12674,145577,10.0
777,12675,145586,9.0
777,12676,145594,8.0
777,12677,145604,10.0
777,12678,145618,14.0
777,12679,145630,12.0
777,12680,145642,12.0
777,12681,145654,12.0
777,12682,145664,10.0
777,12683,145675,11.0
777,12684,145684,9.0
777,12685,145695,11.0
777,12686,145705,10.0
777,12687,145713,8.0
777,12688,145722,9.0
777,12689,145733,11.0
777,12690,145744,11.0
777,12691,145752,8.0
777,12692,145760,8.0
777,12693,145771,11.0
777,12694,145782,11.0
777,12695,145791,9.0
777,12696,145800,9.0
777,12697,145811,11.0
777,12698,145823,12.0
777,12699,145839,16.0
777,12700,145853,14.0
777,12701,145862,9.0
777,12702,145872,10.0
777,12703,145885,13.0
777,12704,145896,11.0
777,12705,145906,10.0
777,12706,145917,11.0
777,12707,145928,11.0
777,12708,145940,12.0
777,12709,145949,9.0
777,12710,145959,10.0
777,12711,145970,11.0
777,12712,145980,10.0
777,12713,145990,10.0
777,12714,146000,10.0
777,12715,146010,10.0
777,12716,146021,11.0
777,12717,146031,10.0
777,12718,146040,9.0
777,12719,146048,8.0
777,12720,146057,9.0
777,12721,146066,9.0
777,12722,146076,10.0
777,12723,146088,12.0
777,12724,146100,12.0
777,12725,146108,8.0
777,12726,146117,9.0
777,12727,146127,10.0
777,12728,146138,11.0
777,12729,146148,10.0
777,12730,146161,13.0
777,12731,146171,10.0
777,12732,146181,10.0
777,12733,146191,10.0
777,12734,146204,13.0
777,12735,146213,9.0
777,12736,146223,10.0
777,12737,146234,11.0
777,12738,146244,10.0
777,12739,146256,12.0
777,12740,146267,11.0
777,12741,146277,10.0
777,12742,146288,11.0
777,12743,146297,9.0
777,12744,146308,11.0
777,12745,146318,10.0
777,12746,146327,9.0
777,12747,146336,9.0
777,12748,146351,15.0
777,12749,146364,13.0
777,12750,146374,10.0
777,12751,146383,9.0
777,12752,146393,10.0
777,12753,146401,8.0
777,12754,146410,9.0
777,12755,146420,10.0
777,12756,146429,9.0
777,12757,146438,9.0
777,12758,146447,9.0
777,12759,146458,11.0
777,12760,146468,10.0
777,12761,146478,10.0
777,12762,146492,14.0
777,12763,146502,10.0
777,12764,146514,12.0
777,12765,146527,13.0
777,12766,146541,14.0
777,12767,146551,10.0
777,12768,146561,10.0
777,12769,146573,12.0
777,12770,146581,8.0
777,12771,146596,15.0
777,12772,146607,11.0
777,12773,146617,10.0
777,12774,146632,15.0
777,12775,146643,11.0
777,12776,146654,11.0
777,12777,146666,12.0
777,12778,146675,9.0
777,12779,146684,9.0
777,12780,146694,10.0
777,12781,146702,8.0
777,12782,146717,15.0
777,12783,146728,11.0
777,12784,146737,9.0
777,12785,146745,8.0
777,12786,146755,10.0
777,12787,146765,10.0
777,12788,146777,12.0
777,12789,146789,12.0
777,12790,146799,10.0
777,12791,146807,8.0
777,12792,146818,11.0
777,12793,146827,9.0
777,12794,146842,15.0
777,12795,146853,11.0
777,12796,146861,8.0
777,12797,146878,17.0
777,12798,146889,11.0
777,12799,146904,15.0
777,12800,146915,11.0
777,12801,146924,9.0
777,12802,146932,8.0
777,12803,146942,10.0
777,12804,146951,9.0
777,12805,146960,9.0
777,12806,146969,9.0
777,12807,146979,10.0
777,12808,146990,11.0
777,12809,146999,9.0
777,12810,147008,9.0
777,12811,147019,11.0
777,12812,147033,14.0
777,12813,147041,8.0
777,12814,147050,9.0
777,12815,147059,9.0
777,12816,147068,9.0
777,12817,147076,8.0
777,12818,147086,10.0
777,12819,147097,11.0
777,12820,147107,10.0
777,12821,147121,14.0
777,12822,147130,9.0
777,12823,147143,13.0
777,12824,147156,13.0
777,12825,147165,9.0
777,12826,147175,10.0
777,12827,147192,17.0
777,12828,147202,10.0
777,12829,147213,11.0
777,12830,147223,10.0
777,12831,147234,11.0
777,12832,147247,13.0
777,12833,147259,12.0
777,12834,147267,8.0
777,12835,147280,13.0
777,12836,147290,10.0
777,12837,147299,9.0
777,12838,147312,13.0
777,12839,147326,14.0
777,12840,147338,12.0
777,12841,147349,11.0
777,12842,147358,9.0
777,12843,147368,10.0
777,12844,147378,10.0
777,12845,147390,12.0
777,12846,147399,9.0
777,12847,147408,9.0
777,12848,147417,9.0
777,12849,147428,11.0
777,12850,147437,9.0
777,12851,147451,14.0
777,12852,147461,10.0
777,12853,147473,12.0
777,12854,147482,9.0
777,12855,147490,8.0
777,12856,147500,10.0
777,12857,147510,10.0
777,12858,147520,10.0
777,12859,147533,13.0
777,12860,147543,10.0
777,12861,147553,10.0
777,12862,147562,9.0
777,12863,147573,11.0
777,12864,147582,9.0
777,12865,147591,9.0
777,12866,147602,11.0
777,12867,147612,10.0
777,12868,147623,11.0
777,12869,147635,12.0
777,12870,147646,11.0
777,12871,147655,9.0
777,12872,147664,9.0
777,12873,147674,10.0
777,12874,147691,17.0
777,12875,147700,9.0
777,12876,147710,10.0
777,12877,147721,11.0
777,12878,147732,11.0
777,12879,147742,10.0
777,12880,147750,8.0
777,12881,147760,10.0
777,12882,147776,16.0
777,12883,147786,10.0
777,12884,147798,12.0
777,12885,147809,11.0
777,12886,147819,10.0
777,12887,147838,19.0
777,12888,147850,12.0
777,12889,147862,12.0
777,12890,147875,13.0
777,12891,147884,9.0
777,12892,147893,9.0
777,12893,147906,13.0
777,12894,147917,11.0
777,12895,147926,9.0
777,12896,147937,11.0
777,12897,147946,9.0
777,12898,147955,9.0
777,12899,147968,13.0
777,12900,147978,10.0
777,12901,147987,9.0
777,12902,147997,10.0
777,12903,148009,12.0
777,12904,148022,13.0
777,12905,148036,14.0
777,12906,148046,10.0
777,12907,148054,8.0
777,12908,148066,12.0
777,12909,148082,16.0
777,12910,148092,10.0
777,12911,148102,10.0
777,12912,148112,10.0
777,12913,148122,10.0
777,12914,148131,9.0
777,12915,148140,9.0
777,12916,148152,12.0
777,12917,148162,10.0
777,12918,148173,11.0
777,12919,148182,9.0
777,12920,148197,15.0
777,12921,148206,9.0
777,12922,148216,10.0
777,12923,148224,8.0
777,12924,148234,10.0
777,12925,148243,9.0
777,12926,148253,10.0
777,12927,148263,10.0
777,12928,148274,11.0
777,12929,148283,9.0
777,12930,148295,12.0
777,12931,148306,11.0
777,12932,148316,10.0
777,12933,148326,10.0
777,12934,148336,10.0
777,12935,148347,11.0
777,12936,148356,9.0
777,12937,148364,8.0
777,12938,148374,10.0
777,12939,148386,12.0
777,12940,148395,9.0
777,12941,148405,10.0
777,12942,148419,14.0
777,12943,148428,9.0
777,12944,148437,9.0
777,12945,148448,11.0
777,12946,148462,14.0
777,12947,148471,9.0
777,12948,148483,12.0
777,12949,148491,8.0
777,12950,148505,14.0
777,12951,148522,17.0
777,12952,148534,12.0
777,12953,148543,9.0
777,12954,148553,10.0
777,12955,148563,10.0
777,12956,148573,10.0
777,12957,148582,9.0
777,12958,148593,11.0
777,12959,148603,10.0
777,12960,148611,8.0
777,12961,148621,10.0
777,12962,148629,8.0
777,12963,148638,9.0
777,12964,148652,14.0
777,12965,148663,11.0
777,12966,148672,9.0
777,12967,148684,12.0
777,12968,148696,12.0
777,12969,148706,10.0
777,12970,148714,8.0
777,12971,148726,12.0
777,12972,148741,15.0
777,12973,148753,12.0
777,12974,148761,8.0
777,12975,148769,8.0
777,12976,148780,11.0
777,12977,148790,10.0
777,12978,148799,9.0
777,12979,148808,9.0
777,12980,148820,12.0
777,12981,148830,10.0
777,12982,148840,10.0
777,12983,148849,9.0
777,12984,148859,10.0
777,12985,148869,10.0
777,12986,148880,11.0
777,12987,148892,12.0
777,12988,148903,11.0
777,12989,148913,10.0
777,12990,148921,8.0
777,12991,148933,12.0
777,12992,148943,10.0
777,12993,148958,15.0
777,12994,148968,10.0
777,12995,148977,9.0
777,12996,148989,12.0
777,12997,149001,12.0
777,12998,149011,10.0
777,12999,149020,9.0
777,13000,149028,8.0
777,13001,149038,10.0
777,13002,149052,14.0
777,13003,149064,12.0
777,13004,149075,11.0
777,13005,149085,10.0
777,13006,149095,10.0
777,13007,149104,9.0
777,13008,149114,10.0
777,13009,149123,9.0
777,13010,149132,9.0
777,13011,149142,10.0
777,13012,149150,8.0
777,13013,149158,8.0
777,13014,149166,8.0
777,13015,149177,11.0
777,13016,149187,10.0
777,13017,149199,12.0
777,13018,149209,10.0
777,13019,149219,10.0
777,13020,149233,14.0
777,13021,149245,12.0
777,13022,149255,10.0
777,13023,149265,10.0
777,13024,149278,13.0
777,13025,149287,9.0
777,13026,149299,12.0
777,13027,149308,9.0
777,13028,149321,13.0
777,13029,149332,11.0
777,13030,149343,11.0
777,13031,149353,10.0
777,13032,149362,9.0
777,13033,149372,10.0
777,13034,149385,13.0
777,13035,149394,9.0
777,13036,149404,10.0
777,13037,149417,13.0
777,13038,149426,9.0
777,13039,149436,10.0
777,13040,149447,11.0
777,13041,149456,9.0
777,13042,149465,9.0
777,13043,149475,10.0
777,13044,149484,9.0
777,13045,149495,11.0
777,13046,149504,9.0
777,13047,149516,12.0
777,13048,149525,9.0
777,13049,149538,13.0
777,13050,149549,11.0
777,13051,149562,13.0
777,13052,149573,11.0
777,13053,149584,11.0
777,13054,149595,11.0
777,13055,149607,12.0
777,13056,149618,11.0
777,13057,149626,8.0
777,13058,149639,13.0
777,13059,149648,9.0
777,13060,149659,11.0
777,13061,149674,15.0
777,13062,149684,10.0
777,13063,149697,13.0
777,13064,149706,9.0
777,13065,149716,10.0
777,13066,149728,12.0
777,13067,149738,10.0
777,13068,149747,9.0
777,13069,149757,10.0
777,13070,149767,10.0
777,13071,149785,18.0
777,13072,149795,10.0
777,13073,149805,10.0
777,13074,149814,9.0
777,13075,149824,10.0
777,13076,149834,10.0
777,13077,149849,15.0
777,13078,149860,11.0
777,13079,149871,11.0
777,13080,149882,11.0
777,13081,149894,12.0
777,13082,149906,12.0
777,13083,149918,12.0
777,13084,149930,12.0
777,13085,149940,10.0
777,13086,149949,9.0
777,13087,149958,9.0
777,13088,149969,11.0
777,13089,149983,14.0
777,13090,149997,14.0
777,13091,150007,10.0
