seed,episode,total_steps,return
42,1,117,-202.6622534426204
42,2,195,-106.93091941532997
42,3,291,-386.2655204813356
42,4,377,-103.99455223558925
42,5,444,-79.61299900714188
42,6,550,-509.68372089371053
42,7,637,-270.79544256876557
42,8,738,-218.0242593472896
42,9,810,-220.37783307949792
42,10,905,-314.9958067234272
42,11,970,-84.51904769693826
42,12,1070,-131.91753562824607
42,13,1141,-136.15613133105091
42,14,1226,-205.05183188054025
42,15,1296,-94.16978830495754
42,16,1390,-375.92283434196617
42,17,1471,-337.99780626399456
42,18,1560,-160.77929224814312
42,19,1673,-112.31877165647155
42,20,1770,-108.12391322557434
42,21,1844,-185.00890906855687
42,22,1924,-91.06006696291371
42,23,1984,-164.0211619096712
42,24,2076,-382.8842509246686
42,25,2184,-179.82677375711046
42,26,2286,-344.0985873452356
42,27,2379,-238.456986403682
42,28,2476,-303.91112847658474
42,29,2540,6.905215924178677
42,30,2662,-148.13712274756048
42,31,2751,-104.2116302155743
42,32,2878,-111.28959249581717
42,33,2991,-60.08770567042283
42,34,3068,-187.53826910017386
42,35,3143,-119.93805054984998
42,36,3230,-114.42671162414345
42,37,3323,-369.4043106548027
42,38,3384,-106.21782655295944
42,39,3455,-233.2510937636168
42,40,3586,-436.4376610339725
42,41,3647,-213.08946420296326
42,42,3722,-309.4956639609809
42,43,3796,-104.23658849247155
42,44,3917,-19.16499541063598
42,45,3994,-120.93787369545575
42,46,4057,-102.68532547175877
42,47,4119,-139.70293042276603
42,48,4211,-411.41042459930986
42,49,4303,-167.20500057440375
42,50,4392,-433.6404988013028
42,51,4470,-278.20530418919293
42,52,4584,-68.35873248051507
42,53,4648,-211.4391108089879
42,54,4737,-249.40682448678248
42,55,4831,-110.30298439662934
42,56,4931,-355.70530042842915
42,57,5009,-229.61496090632454
42,58,5095,-95.64076836544372
42,59,5192,-125.4318254543639
42,60,5256,-86.20410259770912
42,61,5330,-359.06821518229634
42,62,5469,-343.0356287775119
42,63,5565,-233.97324065026152
42,64,5645,-64.54763061250935
42,65,5711,-390.15192799614096
42,66,5771,-125.666189848783
42,67,5834,-64.9401837298841
42,68,5904,-67.14103720411558
42,69,5992,-146.36248325184567
42,70,6082,-104.31329724718138
42,71,6172,-526.8257843081683
42,72,6251,-326.81005374900184
42,73,6313,-114.78790778164915
42,74,6380,-104.59126343446779
42,75,6479,-574.3246399710495
42,76,6580,-168.50520870271018
42,77,6658,-165.34433216764734
42,78,6739,-175.58675223453042
42,79,6798,-108.29580687400846
42,80,6879,-388.4572634336727
42,81,6940,-159.96687268312658
42,82,7004,-186.7780054133874
42,83,7070,-321.6968314888858
42,84,7167,-295.7497672504179
42,85,7239,-257.58941234338835
42,86,7316,-359.80406635799744
42,87,7407,-268.20266776286957
42,88,7493,-295.9237212844875
42,89,7556,-204.79676171389582
42,90,7614,-286.8284072750903
42,91,7712,-387.9911244589923
42,92,7792,-141.85796984165384
42,93,7860,-146.72878198959336
42,94,7943,-343.13668094370337
42,95,8021,-145.68197075728665
42,96,8099,-477.1441051299798
42,97,8175,-197.70703793724277
42,98,8285,-249.64227590374898
42,99,8356,-146.04429338980373
42,100,8452,-215.5700673018075
42,101,8558,-396.28801411080804
42,102,8647,-353.98600298840154
42,103,8706,-109.48700227321439
42,104,8789,-221.159298883911
42,105,8859,-252.0902550964433
42,106,8913,-91.05612319229226
42,107,8978,-401.98787968731915
42,108,9059,-519.996516783271
42,109,9145,-427.8068905477114
42,110,9214,-362.47951337473467
42,111,9304,-430.5967099979321
42,112,9400,-321.67465025198146
42,113,9470,-330.66274923421156
42,114,9533,-129.77211262427014
42,115,9644,-353.347227934652
42,116,9739,-652.3658786833989
42,117,9795,-220.9752758693303
42,118,9874,-164.33140861511535
42,119,9950,-291.800633221295
42,120,10034,-481.06868364483915
42,121,10133,-427.22778756195294
42,122,10212,-347.66623532297103
42,123,10316,-425.18821281609024
42,124,10390,-297.0184609580252
42,125,10474,-214.64013476479636
42,126,10533,-217.87659558069075
42,127,10589,-127.18805780592234
42,128,10661,-277.103070324609
42,129,10724,-175.5646067501366
42,130,10790,-72.25589358945996
42,131,10852,-454.5941835284913
42,132,10906,-224.35071899348418
42,133,10978,-166.9380194982861
42,134,11072,-783.492633101593
42,135,11131,-129.8673706968247
42,136,11195,-240.89127544678405
42,137,11298,-454.7259291592275
42,138,11364,-334.66526685693304
42,139,11456,-474.0324304878285
42,140,11544,-549.0042925247967
42,141,11626,-533.2337759673709
42,142,11713,-487.33453089847626
42,143,11769,-161.0158408912584
42,144,11823,-343.23466066739616
42,145,11899,-303.72410831030544
42,146,11985,-821.2247442213902
42,147,12074,-739.5593491187657
42,148,12142,-455.09901134326304
42,149,12232,-699.5165391485293
42,150,12329,-811.6828416904885
42,151,12382,-311.10345358753125
42,152,12459,-258.6443360293772
42,153,12532,-377.50076239469064
42,154,12608,-565.750344034431
42,155,12689,-527.4788614223255
42,156,12752,-264.38274346587076
42,157,12831,-605.798012368295
42,158,12920,-623.9147859925223
42,159,13014,-564.0035080717768
42,160,13067,-145.3643053490987
42,161,13130,-387.0792102524291
42,162,13211,-751.2035651017245
42,163,13268,-316.5500749887062
42,164,13358,-418.92519231469805
42,165,13409,-404.51501624296975
42,166,13476,-520.7944721072236
42,167,13538,-184.80761083968207
42,168,13599,-288.17667535434686
42,169,13680,-519.5433888841565
42,170,13758,-615.168204295525
42,171,13828,-454.7955034803078
42,172,13891,-351.6874627211156
42,173,13967,-484.59869431608286
42,174,14043,-445.04696678368214
42,175,14120,-610.5677103635112
42,176,14195,-629.2865776745291
42,177,14280,-658.8995642829099
42,178,14360,-680.2547128730607
42,179,14419,-459.2641365381156
42,180,14476,-359.24410290696426
42,181,14529,-294.0358518791494
42,182,14596,-571.344584838062
42,183,14663,-452.627285621608
42,184,14729,-455.7865369994529
42,185,14785,-431.6461781932943
42,186,14845,-428.76062100021744
42,187,14896,-305.87403505252644
42,188,14980,-812.4254493558972
42,189,15042,-544.7591890864849
42,190,15100,-315.7136088548889
42,191,15170,-478.52441185461083
42,192,15239,-516.12042203296
42,193,15310,-514.9707075332157
42,194,15363,-456.0414187776199
42,195,15419,-404.1661979353471
42,196,15481,-404.1836695784199
42,197,15557,-740.1694710049551
42,198,15621,-494.4970401815057
42,199,15692,-674.7285402764996
42,200,15773,-748.9599599551717
42,201,15845,-622.3175516043073
42,202,15932,-846.1051415241853
42,203,16039,-657.9708103416657
42,204,16095,-479.8852298403288
42,205,16149,-437.2467323665205
42,206,16237,-861.8572868925917
42,207,16289,-353.3855249944451
42,208,16356,-485.4270446337305
42,209,16428,-529.9732072639747
42,210,16478,-345.78909492028004
42,211,16568,-1068.3334712871447
42,212,16659,-723.1000019067062
42,213,16711,-399.1943681810157
42,214,16771,-471.8358949999936
42,215,16855,-721.8048619542049
42,216,16922,-570.1575046184241
42,217,16972,-423.32411583074816
42,218,17053,-760.6576657998809
42,219,17110,-438.5320044140737
42,220,17195,-769.4148917877849
42,221,17268,-474.13460378029936
42,222,17350,-723.5496556384323
42,223,17411,-524.8717697508368
42,224,17466,-400.26929658924064
42,225,17533,-513.1998218854292
42,226,17605,-554.2348959836761
42,227,17657,-324.43261148191704
42,228,17742,-746.7954769249575
42,229,17797,-350.2135239023225
42,230,17854,-340.388480172002
42,231,17921,-505.8255831602552
42,232,18002,-689.3478593941737
42,233,18079,-449.57859256633344
42,234,18155,-547.8952939295726
42,235,18231,-470.5274154705703
42,236,18296,-553.1864969896058
42,237,18362,-520.2433749375137
42,238,18423,-554.674656953048
42,239,18482,-474.9797366033895
42,240,18549,-622.6877872976634
42,241,18617,-503.1061756737288
42,242,18672,-436.2470709048153
42,243,18754,-850.2997138411836
42,244,18833,-592.2485879482333
42,245,18887,-454.07119378590875
42,246,18966,-843.7576668148914
42,247,19027,-432.52312315542673
42,248,19118,-852.4595388181026
42,249,19181,-486.38835625701495
42,250,19240,-436.3115546578262
42,251,19322,-805.8665324537649
42,252,19385,-488.35339054504385
42,253,19447,-409.4859860466879
42,254,19573,-981.8406383798829
42,255,19628,-434.3934602160861
42,256,19681,-379.77180379465545
42,257,19742,-547.8806505582778
42,258,19806,-562.5657937022966
42,259,19889,-900.720361902785
42,260,19965,-806.9349985823584
42,261,20018,-386.50119340811494
42,262,20089,-674.7239566613721
42,263,20141,-352.0650576146557
42,264,20191,-320.84906424354415
42,265,20244,-368.62795216788845
42,266,20296,-397.21467012276105
42,267,20357,-578.9503230689179
42,268,20426,-545.1158653207738
42,269,20486,-507.8502054008768
42,270,20539,-391.29658575585
42,271,20599,-486.38575212844955
42,272,20685,-852.4848904771183
42,273,20760,-691.7703448950073
42,274,20817,-528.7294807461408
42,275,20948,-1033.6481413588867
42,276,21020,-572.1818596114847
42,277,21097,-660.8161814299992
42,278,21150,-471.57637371145836
42,279,21204,-482.5939552272596
42,280,21267,-476.4790963660696
42,281,21338,-662.2062788918306
42,282,21405,-581.5007444131909
42,283,21472,-488.65014024443326
42,284,21527,-381.1592210636643
42,285,21607,-756.4768875779749
42,286,21683,-784.5572966416817
42,287,21747,-584.8143462177379
42,288,21828,-870.4400652926882
42,289,21895,-577.2886905819751
42,290,21952,-415.36973690085733
42,291,22019,-544.37413901309
42,292,22093,-686.3020630526933
42,293,22167,-636.1862920474977
42,294,22233,-586.4962823747803
42,295,22309,-530.5570468038551
42,296,22367,-293.0613758672049
42,297,22434,-477.43561894546247
42,298,22518,-869.1856294944477
42,299,22579,-574.7969070398563
42,300,22660,-711.301126924631
42,301,22736,-441.30461061184974
42,302,22789,-365.35760122189
42,303,22855,-522.7132614753144
42,304,22917,-526.5754708741872
42,305,22971,-462.8982836071374
42,306,23052,-894.5993873870767
42,307,23136,-777.2163418256091
42,308,23214,-742.535735755329
42,309,23271,-366.2500264697486
42,310,23330,-362.8152132331185
42,311,23413,-713.5564541089341
42,312,23464,-353.84043625272363
42,313,23527,-465.19543152319477
42,314,23587,-440.07301385676817
42,315,23641,-445.94892914398014
42,316,23720,-449.33892790878656
42,317,23784,-576.7235888063153
42,318,23834,-379.327226795196
42,319,23908,-584.2313455736094
42,320,23974,-585.6429860508377
42,321,24026,-427.2501802961606
42,322,24084,-525.3471456867655
42,323,24170,-638.8610464624633
42,324,24245,-522.4405816885146
42,325,24312,-615.9414717093016
42,326,24381,-519.3960065545741
42,327,24447,-565.2215671801733
42,328,24498,-317.0628760389533
42,329,24548,-316.3598508055303
42,330,24615,-539.016686202285
42,331,24681,-580.052007604879
42,332,24733,-370.5300350378852
42,333,24789,-475.60435267991386
42,334,24866,-755.33681990033
42,335,24939,-643.2225385858964
42,336,25017,-440.275198731797
42,337,25070,-470.9404593604875
42,338,25131,-535.1096485512626
42,339,25192,-554.7046494030487
42,340,25249,-509.9803871310276
42,341,25322,-566.6766668739621
42,342,25386,-594.1659329843853
42,343,25443,-521.2753341956374
42,344,25514,-477.171837880848
42,345,25603,-965.8056224184991
42,346,25680,-667.3172505453288
42,347,25734,-371.5254908576633
42,348,25803,-517.3131414908515
42,349,25870,-556.2437928781317
42,350,25952,-877.0923771538596
42,351,26009,-486.6784458016631
42,352,26072,-453.87524028601626
42,353,26122,-418.2746242877192
42,354,26193,-677.4862999374812
42,355,26259,-637.4629148168334
42,356,26332,-466.5248291965802
42,357,26390,-531.1033938875541
42,358,26458,-492.51335145170185
42,359,26508,-259.1368218361964
42,360,26592,-741.4541586290172
42,361,26670,-670.4636632117705
42,362,26747,-704.5844806156439
42,363,26838,-869.3506345631429
42,364,26902,-623.2224588951944
42,365,26964,-519.4162678002798
42,366,27036,-734.3378808977373
42,367,27091,-435.5725525526315
42,368,27159,-637.0133718060943
42,369,27211,-339.6943567550685
42,370,27282,-541.9611304865666
42,371,27361,-715.1495772867429
42,372,27444,-693.4506204847734
42,373,27514,-541.3986498660022
42,374,27565,-409.32784760046076
42,375,27633,-497.128506342556
42,376,27721,-1048.3341587221157
42,377,27795,-662.532488817011
42,378,27855,-483.3708645150242
42,379,27929,-622.8048162347908
42,380,27993,-474.4171169668827
42,381,28054,-558.3251043428677
42,382,28111,-448.3657290427697
42,383,28191,-684.8052310190062
42,384,28248,-391.25664400316793
42,385,28323,-456.94416686837246
42,386,28376,-377.89884475636467
42,387,28436,-474.1173113238644
42,388,28497,-571.1178802596978
42,389,28573,-788.9865480017995
42,390,28660,-878.3336656170633
42,391,28720,-526.3599803486762
42,392,28778,-416.0977341910814
42,393,28889,-620.359008067737
42,394,28944,-496.9307700809359
42,395,29011,-676.9018425395369
42,396,29074,-612.6560570902305
42,397,29162,-853.9193831133006
42,398,29225,-611.554048733497
42,399,29291,-625.5749630799501
42,400,29369,-822.7086107843581
42,401,29431,-453.45531509193466
42,402,29506,-442.0736576735519
42,403,29572,-542.281320417159
42,404,29635,-483.08249465032355
42,405,29691,-459.61376660272094
42,406,29774,-829.141340386183
42,407,29849,-783.1637101164566
42,408,29903,-468.5604341072738
42,409,29973,-483.98958107110354
42,410,30024,-352.91553755826067
42,411,30095,-562.8743389323145
42,412,30159,-471.5647595881873
42,413,30240,-826.8584256285275
42,414,30304,-586.6764212534597
42,415,30363,-513.8535003189972
42,416,30420,-431.05075753255693
42,417,30497,-619.1356139059246
42,418,30550,-445.6376470399463
42,419,30618,-541.9140003073799
42,420,30670,-433.63125357989895
42,421,30733,-559.0581077275153
42,422,30807,-609.3866416110369
42,423,30862,-376.0365645300507
42,424,30928,-565.0995992408615
42,425,30990,-473.57811898364696
42,426,31055,-565.8169958039521
42,427,31138,-710.2108678814675
42,428,31211,-752.205705920812
42,429,31272,-451.8232449659584
42,430,31342,-501.53251488199226
42,431,31399,-367.06211119676306
42,432,31450,-435.6075266874332
42,433,31507,-511.8176066305087
42,434,31574,-574.5673993623134
42,435,31629,-489.91279112138164
42,436,31702,-679.9180226219609
42,437,31761,-449.37506775582585
42,438,31836,-656.4047329561914
42,439,31907,-475.06204308767315
42,440,31976,-470.6068569197041
42,441,32055,-839.6375676463059
42,442,32109,-387.7698540794514
42,443,32173,-504.7285477108822
42,444,32226,-470.1342405719422
42,445,32313,-795.3355617366608
42,446,32375,-571.7178794235406
42,447,32451,-760.1000228140965
42,448,32520,-583.0224662372641
42,449,32570,-337.9027501872949
42,450,32654,-947.8562971011527
42,451,32712,-543.253296543155
42,452,32794,-787.9380688520439
42,453,32854,-441.5619393905334
42,454,32911,-526.7877755623225
42,455,32960,-418.33296131224756
42,456,33043,-784.3803722240064
42,457,33095,-321.2371535294221
42,458,33156,-546.9495744641282
42,459,33223,-510.3259024124894
42,460,33284,-502.1069561197667
42,461,33338,-422.3688740539256
42,462,33385,-407.0823341105784
42,463,33455,-653.7297908625686
42,464,33511,-481.4496871639351
42,465,33571,-581.7527409292395
42,466,33633,-467.5137166830153
42,467,33685,-373.5924941384693
42,468,33759,-724.451202310604
42,469,33829,-578.8545863535476
42,470,33881,-444.57569524144276
42,471,33966,-836.549358395181
42,472,34040,-772.3834501613125
42,473,34108,-531.1237733051148
42,474,34186,-503.43560044189644
42,475,34236,-431.22006048851244
42,476,34294,-431.6550511815947
42,477,34363,-531.6696356653828
42,478,34440,-738.555921500711
42,479,34495,-376.28907133522915
42,480,34558,-547.8289787096371
42,481,34636,-483.3104084495376
42,482,34702,-491.70736372659155
42,483,34760,-431.86134172219226
42,484,34819,-412.3139425128906
42,485,34903,-784.231831100693
42,486,34973,-495.4789284393313
42,487,35034,-467.21982207856155
42,488,35092,-436.4416757548679
42,489,35178,-794.3505228352346
42,490,35263,-788.3084664324451
42,491,35319,-433.1101705273823
42,492,35394,-589.4613436414878
42,493,35473,-847.6219070782948
42,494,35532,-458.4845494912647
42,495,35612,-649.8139008957448
42,496,35690,-658.8414519305263
42,497,35757,-616.0119459501615
42,498,35809,-439.3951740957049
42,499,35892,-848.4532399836045
42,500,35962,-706.8239946409622
42,501,36024,-539.2534655618377
42,502,36074,-358.51108568284684
42,503,36150,-805.0895562109372
42,504,36201,-327.9631736855912
42,505,36255,-362.9931556642097
42,506,36323,-564.3478165381819
42,507,36373,-300.5336706692574
42,508,36449,-797.5010396739715
42,509,36499,-440.6834753624282
42,510,36550,-379.7400006472763
42,511,36603,-434.3703872592271
42,512,36658,-492.77632985898265
42,513,36717,-501.27437303549993
42,514,36805,-867.6775905860637
42,515,36894,-822.7307840704481
42,516,36967,-761.6655162960899
42,517,37038,-584.5204801183625
42,518,37120,-792.145443588557
42,519,37208,-337.0297460103452
42,520,37269,-498.75569430584073
42,521,37325,-387.82039252345606
42,522,37386,-445.9393754368266
42,523,37443,-417.72533500888227
42,524,37502,-449.8357312361538
42,525,37579,-711.636952187136
42,526,37660,-785.5532093412397
42,527,37738,-674.5632646334888
42,528,37787,-402.88815135188185
42,529,37840,-464.42197151329987
42,530,37890,-306.5037526636262
42,531,37971,-720.4231726874516
42,532,38033,-477.6297977965004
42,533,38110,-813.8801503196145
42,534,38193,-776.3675589042546
42,535,38251,-473.83512735146934
42,536,38310,-527.8450585387806
42,537,38359,-395.47120340158034
42,538,38436,-812.1712729247062
42,539,38490,-408.2806696659028
42,540,38564,-745.3607593172361
42,541,38641,-569.6919039330968
42,542,38720,-657.5273554355857
42,543,38798,-733.2262516223386
42,544,38854,-456.61315166322595
42,545,38922,-530.1486187641524
42,546,38983,-549.7519560311162
42,547,39062,-683.5629401436445
42,548,39138,-451.5745296626376
42,549,39213,-468.8370880114751
42,550,39278,-577.8061388886534
42,551,39337,-545.481568834759
42,552,39426,-1070.8200834837667
42,553,39483,-421.80309635852774
42,554,39556,-738.0365379479705
42,555,39610,-481.34201881150744
42,556,39686,-450.44555216057427
42,557,39739,-440.1393733454359
42,558,39790,-391.8973836947076
42,559,39842,-465.3133724297079
42,560,39916,-767.6355885684054
42,561,39982,-502.50749441591404
42,562,40067,-349.5558126115882
42,563,40149,-590.3383881399099
42,564,40229,-732.575345087596
42,565,40289,-494.49404483856927
42,566,40347,-425.8298003326126
42,567,40421,-436.591389118541
42,568,40477,-433.8873853172277
42,569,40546,-647.4836275674749
42,570,40606,-466.27218228393326
42,571,40656,-311.57566722299856
42,572,40711,-395.5231557350439
42,573,40788,-649.3089371465841
42,574,40846,-453.29811180306416
42,575,40901,-400.02724253023905
42,576,40951,-330.4209891321059
42,577,41006,-491.1999026789428
42,578,41058,-416.1039760635662
42,579,41144,-876.3560164269426
42,580,41229,-805.313419014804
42,581,41317,-852.9833173955135
42,582,41368,-433.41173345270386
42,583,41418,-352.81338767267346
42,584,41477,-427.468369911993
42,585,41562,-758.0950431329161
42,586,41641,-793.9568666016503
42,587,41693,-462.03158565392476
42,588,41769,-706.6413700957222
42,589,41819,-321.1960151460176
42,590,41886,-492.9036787706855
42,591,41952,-571.3571160151347
42,592,42027,-785.9194480617002
42,593,42087,-547.5880798966684
42,594,42149,-565.340380108884
42,595,42228,-691.9908960915724
42,596,42291,-607.9970625139878
42,597,42354,-517.1895488586317
42,598,42421,-511.9525349671693
42,599,42475,-358.15534732522457
42,600,42540,-519.3607009700256
42,601,42624,-771.034215323769
42,602,42682,-522.7239100681886
42,603,42761,-730.8434726736413
42,604,42835,-480.40443603165954
42,605,42907,-636.1871207031552
42,606,42987,-813.6308942805687
42,607,43042,-503.06589791977177
42,608,43128,-936.8556029860553
42,609,43195,-535.0438076870519
42,610,43273,-686.5191667456443
42,611,43377,-384.31603756453217
42,612,43432,-484.00215311312337
42,613,43491,-440.23622863228576
42,614,43547,-502.2169697943439
42,615,43619,-624.4695107056184
42,616,43675,-497.52487790536566
42,617,43726,-423.90165313202806
42,618,43811,-1005.5837193427878
42,619,43866,-420.2938201598663
42,620,43935,-560.035671300559
42,621,43997,-569.4772727043548
42,622,44070,-639.7281936198725
42,623,44122,-416.4943048882945
42,624,44181,-433.83082730417806
42,625,44261,-745.8299549145146
42,626,44312,-372.6472975425262
42,627,44364,-453.36956455783644
42,628,44441,-798.966617806577
42,629,44501,-537.347864363165
42,630,44603,-377.2591111538935
42,631,44690,-803.6353250698929
42,632,44764,-452.206749135897
42,633,44844,-709.6368801167528
42,634,44909,-481.2962175833415
42,635,44969,-450.4278448818211
42,636,45028,-415.3241067624981
42,637,45085,-459.7851506802887
42,638,45171,-840.7984327094356
42,639,45258,-1031.8611733225073
42,640,45342,-786.3343524221905
42,641,45395,-419.8795835022183
42,642,45456,-576.9119340181127
42,643,45515,-559.7421111321025
42,644,45597,-764.042845713396
42,645,45657,-553.0992818986546
42,646,45718,-476.4099916564048
42,647,45768,-338.79316181921325
42,648,45838,-543.2299060057999
42,649,45917,-864.1867376277619
42,650,45973,-396.3974721662432
42,651,46042,-710.2602467501572
42,652,46104,-577.5440623853299
42,653,46155,-330.1659820717142
42,654,46230,-764.6555313825708
42,655,46282,-394.83551637867265
42,656,46337,-506.6085333474584
42,657,46406,-671.4986473927332
42,658,46465,-491.8891086989002
42,659,46524,-481.6943083785277
42,660,46590,-487.2281185791271
42,661,46642,-342.3792719369829
42,662,46693,-356.03406742441894
42,663,46753,-529.5514649129457
42,664,46834,-680.8405489437079
42,665,46921,-863.2816431527781
42,666,46994,-485.359604651068
42,667,47046,-445.8488159015663
42,668,47116,-569.5220586330182
42,669,47182,-614.0500821092653
42,670,47249,-515.6901929393815
42,671,47307,-446.1842696648169
42,672,47385,-729.0647430123986
42,673,47450,-526.0402513642455
42,674,47513,-605.1999898483049
42,675,47584,-696.6614115313614
42,676,47657,-462.7952421681373
42,677,47709,-438.5942486435579
42,678,47779,-700.8112143076363
42,679,47838,-497.99276567363876
42,680,47898,-447.0493770758696
42,681,47948,-316.8595125487596
42,682,48001,-425.57378766808984
42,683,48051,-311.50613897680813
42,684,48104,-470.9391203219376
42,685,48180,-741.3137067726907
42,686,48234,-463.92543287501354
42,687,48319,-793.3715109426337
42,688,48374,-474.30694585950135
42,689,48443,-682.2416264089524
42,690,48499,-474.74871859019686
42,691,48548,-410.13871944979644
42,692,48620,-475.8176105926108
42,693,48684,-575.1256140974319
42,694,48766,-787.0230436464541
42,695,48850,-922.981954073468
42,696,48914,-566.9199286217272
42,697,49000,-321.79399125849386
42,698,49081,-833.5609305720344
42,699,49136,-369.08531800348356
42,700,49215,-801.460092136495
42,701,49298,-711.9019353934382
42,702,49383,-609.8967042469096
42,703,49443,-572.693272002136
42,704,49519,-725.5605846829905
42,705,49569,-322.72856862928984
42,706,49619,-406.1931103311264
42,707,49671,-370.111505628682
42,708,49723,-347.8187486191045
42,709,49787,-568.4153529187747
42,710,49844,-510.82223282122897
42,711,49897,-378.7950890731447
42,712,49947,-372.94305800365623
42,713,50019,-609.7282117167417
42,714,50087,-550.9745461597533
42,715,50153,-492.27182705732935
42,716,50217,-595.5364765753504
42,717,50269,-447.48780810132024
42,718,50328,-505.17524836892323
42,719,50381,-454.5210776812797
42,720,50452,-683.8217541921853
42,721,50521,-567.1266251540173
42,722,50578,-419.98223775744924
42,723,50631,-380.92230535153345
42,724,50692,-554.2776674262102
42,725,50749,-496.12395930543437
42,726,50813,-569.1622546487557
42,727,50872,-446.3960838635737
42,728,50962,-999.9118305795089
42,729,51041,-817.8955809253541
42,730,51097,-407.990990072911
42,731,51177,-884.8535204082508
42,732,51251,-519.9071001640508
42,733,51318,-536.8094969592236
42,734,51380,-598.1861355759007
42,735,51439,-511.0581013385475
42,736,51512,-470.790015864648
42,737,51582,-680.3302468334729
42,738,51655,-759.7783933471806
42,739,51717,-571.9263011169519
42,740,51793,-694.1592195333038
42,741,51873,-800.0716353783312
42,742,51955,-778.1877554195064
42,743,52042,-878.9459850903921
42,744,52103,-457.51775892328203
42,745,52164,-524.4199928206833
42,746,52224,-502.3880523353864
42,747,52303,-772.4373541464739
42,748,52373,-477.97846445682774
42,749,52426,-367.33080466956295
42,750,52483,-524.3735718118528
42,751,52563,-838.3488752710653
42,752,52619,-505.7985007381649
42,753,52715,-729.7366556908361
42,754,52766,-414.9155111490753
42,755,52828,-524.1835593803801
42,756,52878,-430.10455531204155
42,757,52957,-759.3922576657379
42,758,53029,-706.0769664168376
42,759,53108,-847.6974626621069
42,760,53162,-477.7413969657826
42,761,53216,-368.03280469992296
42,762,53291,-780.0110340314583
42,763,53349,-459.21272899939635
42,764,53429,-750.424640939957
42,765,53483,-481.0960178982257
42,766,53540,-446.75770600445594
42,767,53601,-463.60301766834476
42,768,53679,-645.9074616055111
42,769,53766,-1042.684070587899
42,770,53832,-439.85824557039587
42,771,53915,-866.7916764652699
42,772,53998,-933.4996004307392
42,773,54048,-316.83446126868444
42,774,54125,-737.0366291745777
42,775,54197,-488.2848757077469
42,776,54256,-483.0507986600541
42,777,54308,-438.8058327571658
42,778,54392,-397.7670159422169
42,779,54442,-342.7905236676801
42,780,54502,-447.9746851040218
42,781,54579,-794.1493774903222
42,782,54646,-518.6714001372791
42,783,54727,-904.7047373402517
42,784,54803,-699.1476551770437
42,785,54858,-507.2939458544167
42,786,54914,-505.1201404021518
42,787,54971,-421.33504409473215
42,788,55029,-527.960842430077
42,789,55080,-340.8523268278126
42,790,55137,-465.812778523511
42,791,55222,-716.5203266660689
42,792,55309,-832.8610425554917
42,793,55384,-625.6351740807921
42,794,55447,-524.1608659745253
42,795,55524,-776.3245385420157
42,796,55587,-583.5256156508842
42,797,55669,-775.83280662287
42,798,55752,-767.6256104151724
42,799,55807,-367.56622266078426
42,800,55875,-547.5880398398766
42,801,55929,-402.8435317135912
42,802,56010,-746.8810870978699
42,803,56071,-508.9900552310147
42,804,56143,-657.787936507091
42,805,56214,-532.3964464935018
42,806,56288,-770.4739361447791
42,807,56372,-964.469535634519
42,808,56427,-497.49840023795025
42,809,56509,-865.9688931112886
42,810,56577,-647.2609288369542
42,811,56664,-903.416073108041
42,812,56723,-440.1581619435368
42,813,56781,-477.3798574118503
42,814,56865,-949.3349419215463
42,815,56916,-380.4126814200485
42,816,57001,-781.1707449637488
42,817,57064,-555.7075785652011
42,818,57119,-427.4055590250991
42,819,57182,-611.8780055948234
42,820,57253,-464.9613496449242
42,821,57312,-457.5163375649263
42,822,57365,-377.8369836246893
42,823,57438,-697.9002806235321
42,824,57490,-440.1404819526487
42,825,57548,-468.0721336995216
42,826,57621,-478.0787480346487
42,827,57683,-462.8993118732228
42,828,57738,-476.7694566118582
42,829,57793,-395.636208659869
42,830,57854,-465.94788328413074
42,831,57913,-543.658085409973
42,832,57985,-476.3951965531088
42,833,58040,-486.04702418493065
42,834,58135,-349.1583327069766
42,835,58222,-1021.7656171784271
42,836,58277,-423.608234268687
42,837,58338,-549.9020581298607
42,838,58395,-465.3525596853519
42,839,58445,-422.57890976762206
42,840,58532,-955.4806471228792
42,841,58617,-918.269310693623
42,842,58677,-441.29604409144457
42,843,58748,-572.9368279771018
42,844,58832,-801.9004927254015
42,845,58907,-452.4207787401115
42,846,58967,-465.3110258952311
42,847,59033,-521.8240765518278
42,848,59108,-512.1872419736064
42,849,59166,-519.3735403162757
42,850,59217,-422.07500287944936
42,851,59289,-636.3401470489321
42,852,59361,-689.5450426085577
42,853,59424,-467.595552566061
42,854,59492,-538.9682264230548
42,855,59554,-551.0197637647907
42,856,59612,-412.14966910163014
42,857,59666,-353.5397481395071
42,858,59726,-512.8960463749951
42,859,59808,-725.2988668804286
42,860,59872,-510.6080108701476
42,861,59922,-419.5246350227232
42,862,59998,-771.1458838661694
42,863,60068,-672.0872128158076
42,864,60141,-730.468863993005
42,865,60219,-814.4294022483115
42,866,60273,-371.1693053450876
42,867,60333,-433.30771992478856
42,868,60388,-374.4622721608915
42,869,60448,-516.2513900633787
42,870,60511,-533.1005463761585
42,871,60579,-648.7232627931662
42,872,60652,-726.155858091581
42,873,60704,-343.66452462891357
42,874,60754,-382.52372063904124
42,875,60817,-553.0433719860083
42,876,60871,-445.2238430779473
42,877,60924,-348.95713826767144
42,878,60990,-588.9817868554377
42,879,61056,-473.8584310629635
42,880,61126,-489.9900594163115
42,881,61209,-960.7801782217674
42,882,61261,-358.87968435994975
42,883,61338,-798.1029600708338
42,884,61391,-460.7125777398791
42,885,61453,-567.9502062232791
42,886,61507,-448.4996288194884
42,887,61571,-582.0818235252432
42,888,61656,-864.5694016616836
42,889,61708,-369.70249543556685
42,890,61762,-454.13501455849524
42,891,61818,-519.0583033149426
42,892,61869,-384.28300249568156
42,893,61920,-342.24845912404146
42,894,62000,-397.30249159858596
42,895,62057,-452.505229880095
42,896,62139,-753.6736683683802
42,897,62198,-534.8910054413041
42,898,62264,-497.97026668574586
42,899,62315,-325.6540380167186
42,900,62378,-514.2814928787841
42,901,62464,-809.427812159149
42,902,62522,-427.0239677138223
42,903,62589,-560.7595319341544
42,904,62644,-485.2772328950135
42,905,62709,-518.06582348961
42,906,62763,-477.2304734650335
42,907,62827,-510.77153233045243
42,908,62907,-726.4690207509091
42,909,62979,-449.2394435884496
42,910,63038,-496.49570441575554
42,911,63089,-437.3483555703307
42,912,63140,-425.63253159862205
42,913,63205,-608.4597056945369
42,914,63280,-663.0726074790496
42,915,63352,-599.9335050694657
42,916,63432,-844.3336429790526
42,917,63509,-768.3743569402446
42,918,63568,-538.4906288881282
42,919,63620,-443.34074691449194
42,920,63698,-835.3376327975052
42,921,63759,-465.1439286538482
42,922,63829,-481.9921061159241
42,923,63898,-426.25377907299367
42,924,63952,-458.7101570380719
42,925,64006,-394.67792958834525
42,926,64059,-403.56514602354565
42,927,64130,-691.7994619019069
42,928,64199,-674.1506583478937
42,929,64287,-713.3663595578753
42,930,64357,-571.5593994718137
42,931,64425,-617.4123278718779
42,932,64482,-436.7890374098397
42,933,64562,-790.2575644863659
42,934,64622,-447.65845233078977
42,935,64694,-694.9772974364613
42,936,64745,-425.936414600055
42,937,64806,-491.25433053790675
42,938,64885,-842.3585243822042
42,939,64944,-534.575573306641
42,940,65005,-563.4318999280526
42,941,65064,-452.8163978874493
42,942,65151,-823.6284094694547
42,943,65208,-413.4216447128461
42,944,65262,-477.47402244474415
42,945,65351,-465.7710141614609
42,946,65423,-771.8291114228238
42,947,65495,-495.00194851066806
42,948,65571,-799.4099009140308
42,949,65656,-873.937876086104
42,950,65711,-479.68137299839344
42,951,65761,-401.42592434598197
42,952,65825,-541.1716523538549
42,953,65884,-442.47588598227014
42,954,65962,-639.8581781798168
42,955,66020,-484.45733903725716
42,956,66099,-809.8594159015528
42,957,66169,-465.27305026466627
42,958,66242,-456.0458373337192
42,959,66331,-701.9228835576866
42,960,66389,-526.5893801570963
42,961,66497,-992.3635001001805
42,962,66574,-766.3090632594278
42,963,66641,-537.3097990507589
42,964,66706,-481.7098637635115
42,965,66771,-501.9379520896278
42,966,66842,-589.4736164707474
42,967,66922,-751.1542214967934
42,968,66982,-556.7876695225848
42,969,67066,-757.383357103453
42,970,67138,-662.2948706568318
42,971,67211,-438.07276353005284
42,972,67284,-761.8809214931226
42,973,67350,-560.940521065595
42,974,67428,-845.6168104223407
42,975,67498,-436.4027160765596
42,976,67558,-547.5902284632357
42,977,67627,-546.9756360178471
42,978,67680,-381.51727871846657
42,979,67769,-807.3400733274202
42,980,67853,-819.7767046511887
42,981,67927,-773.0447200448845
42,982,67986,-455.6985708721219
42,983,68049,-601.5747938478776
42,984,68136,-902.5279418793465
42,985,68187,-438.2994926062117
42,986,68268,-818.049999935985
42,987,68332,-506.2699081051936
42,988,68402,-586.9307398484214
42,989,68457,-411.8339422977455
42,990,68541,-787.0674346085113
42,991,68604,-478.3969337160345
42,992,68665,-453.8061541192486
42,993,68746,-736.7863133914171
42,994,68813,-575.1556897939574
42,995,68891,-788.3216564433762
42,996,68981,-1097.964846225691
42,997,69054,-470.01307678276544
42,998,69124,-573.8465263863402
42,999,69189,-491.99832681555426
42,1000,69271,-759.9875260357838
42,1001,69325,-501.15385527524074
42,1002,69382,-472.9696360342002
42,1003,69452,-660.5370094436233
42,1004,69537,-766.63122102377
42,1005,69591,-396.1662624124088
42,1006,69640,-407.820745684448
42,1007,69720,-864.13712470461
42,1008,69776,-514.726543106708
42,1009,69874,-371.0797484155163
42,1010,69954,-729.3004250032658
42,1011,70036,-760.8103486220218
42,1012,70103,-526.4336605871629
42,1013,70169,-543.8353834659689
42,1014,70249,-865.4477275275652
42,1015,70306,-405.96949618378164
42,1016,70388,-749.3753937447507
42,1017,70446,-530.5038642606927
42,1018,70529,-759.441765816253
42,1019,70598,-458.4978903778973
42,1020,70679,-784.0738567219535
42,1021,70740,-475.5356494289363
42,1022,70815,-723.9888054524783
42,1023,70888,-497.35642189678083
42,1024,70963,-761.4212899001451
42,1025,71043,-813.3862096267256
42,1026,71096,-407.0852752494996
42,1027,71171,-755.6179838877549
42,1028,71238,-522.10311593038
42,1029,71319,-742.6074063238158
42,1030,71379,-423.1228516299903
42,1031,71455,-795.8086261921613
42,1032,71510,-385.11893261469754
42,1033,71576,-549.2625176067579
42,1034,71647,-497.6689178841691
42,1035,71728,-845.4032385633986
42,1036,71792,-571.8338064539707
42,1037,71844,-443.91624372908984
42,1038,71901,-501.87758517046325
42,1039,71953,-461.13307112103786
42,1040,72013,-534.4432744959352
42,1041,72072,-455.75372301258056
42,1042,72136,-535.7659158386825
42,1043,72189,-433.9400947831878
42,1044,72251,-489.0033581450838
42,1045,72319,-561.2694078947094
42,1046,72400,-756.9584404342986
42,1047,72477,-748.7114078425819
42,1048,72546,-694.5419506309274
42,1049,72611,-579.5330996767972
42,1050,72671,-526.5846935336822
42,1051,72729,-498.28239450107293
42,1052,72791,-570.7979229423986
42,1053,72863,-581.975976029034
42,1054,72942,-774.4787395848865
42,1055,73012,-474.5097704967143
42,1056,73063,-381.6533334295085
42,1057,73124,-470.1465101309575
42,1058,73202,-766.6611644228325
42,1059,73254,-447.4149108760271
42,1060,73304,-401.3721221996533
42,1061,73367,-525.3961826191462
42,1062,73446,-813.1498495094368
42,1063,73521,-727.7188366991993
42,1064,73574,-423.73004810202286
42,1065,73630,-501.5334867555195
42,1066,73697,-535.7665736774461
42,1067,73754,-536.002288326883
42,1068,73812,-464.9393877369655
42,1069,73889,-738.3605164137667
42,1070,73944,-431.1104192630327
42,1071,73995,-349.90120855726184
42,1072,74062,-498.22101986197697
42,1073,74119,-515.947245439585
42,1074,74175,-511.2190575263776
42,1075,74232,-476.6249917910581
42,1076,74306,-632.7034184250592
42,1077,74358,-422.5143001195444
42,1078,74428,-610.1855415072316
42,1079,74482,-449.0099659909082
42,1080,74534,-433.39364649613816
42,1081,74590,-411.2771533855581
42,1082,74649,-456.22184216122884
42,1083,74699,-385.81900079370143
42,1084,74768,-615.9838699919133
42,1085,74841,-618.3789475416563
42,1086,74921,-847.14695898948
42,1087,74984,-559.5967301317769
42,1088,75064,-857.309931974465
42,1089,75115,-345.8007869404011
42,1090,75171,-449.97714186902886
42,1091,75229,-440.31203372815736
42,1092,75300,-685.6741828916671
42,1093,75361,-477.7959791218062
42,1094,75430,-514.9012457324725
42,1095,75505,-641.5218374744325
42,1096,75558,-419.1476900714815
42,1097,75614,-492.80456438822796
42,1098,75666,-324.67634599152103
42,1099,75750,-980.2459088390854
42,1100,75815,-510.6277943512334
42,1101,75888,-738.6649512086531
42,1102,75967,-882.9101163755696
42,1103,76023,-386.17844073828496
42,1104,76081,-421.42032317676075
42,1105,76155,-503.72864614115076
42,1106,76205,-316.6972783683555
42,1107,76255,-333.13452626908884
42,1108,76334,-713.0124565171803
42,1109,76407,-727.8373646294492
42,1110,76469,-570.1782874094064
42,1111,76526,-518.3640156324366
42,1112,76604,-775.5316934272743
42,1113,76688,-810.0925949463177
42,1114,76753,-551.4239353428106
42,1115,76822,-553.9134768923049
42,1116,76878,-501.1034747179907
42,1117,76954,-741.4608623656104
42,1118,77014,-476.50930687806726
42,1119,77078,-570.1849561927625
42,1120,77160,-646.6918544539878
42,1121,77212,-433.49362321910843
42,1122,77321,-630.3980743109452
42,1123,77394,-739.5805922573717
42,1124,77451,-391.2187453860686
42,1125,77523,-495.4990607201913
42,1126,77583,-544.8649028581968
42,1127,77653,-439.45223823536196
42,1128,77716,-465.9318488454311
42,1129,77790,-716.935038023562
42,1130,77866,-777.898665967909
42,1131,77925,-531.7903963423864
42,1132,78005,-763.447522551914
42,1133,78090,-638.5609053201636
42,1134,78159,-495.0643051786258
42,1135,78245,-355.652888046787
42,1136,78328,-854.3787364092861
42,1137,78389,-578.8612126841219
42,1138,78473,-782.2438354958964
42,1139,78537,-510.193086149951
42,1140,78607,-534.9076605281655
42,1141,78661,-451.96353728706043
42,1142,78739,-741.3328408969304
42,1143,78797,-440.20745146603787
42,1144,78873,-778.1192171540046
42,1145,78958,-766.7026876394829
42,1146,79029,-712.8550357128813
42,1147,79091,-550.2707239338072
42,1148,79153,-548.1828163594366
42,1149,79219,-568.2191716499141
42,1150,79306,-861.1487040762531
42,1151,79358,-472.1448399250708
42,1152,79408,-424.3561105572978
42,1153,79464,-452.4505371077999
42,1154,79518,-399.31320738630336
42,1155,79591,-474.81697098872496
42,1156,79669,-828.0621252479746
42,1157,79745,-564.159605961541
42,1158,79824,-793.354947847697
42,1159,79900,-782.3728129679083
42,1160,79969,-550.2416010694913
42,1161,80027,-444.57462188965894
42,1162,80098,-589.7687376108114
42,1163,80152,-500.5850799243145
42,1164,80204,-448.0340894373311
42,1165,80273,-521.8635632110636
42,1166,80349,-682.5676491267084
42,1167,80410,-591.7192739437421
42,1168,80495,-898.3624051305211
42,1169,80560,-510.19529063101146
42,1170,80638,-812.314442424061
42,1171,80717,-866.6158638095555
42,1172,80770,-362.703266216586
42,1173,80836,-500.18659008209556
42,1174,80922,-980.3624309418493
42,1175,80976,-482.52301605619766
42,1176,81026,-415.16264489469626
42,1177,81078,-448.84461108526057
42,1178,81132,-418.0573651215832
42,1179,81216,-766.3142040453814
42,1180,81271,-411.3222373931251
42,1181,81349,-656.8590135566693
42,1182,81412,-468.4704956225463
42,1183,81468,-500.0795951335179
42,1184,81524,-501.5778663506547
42,1185,81608,-798.4761764317581
42,1186,81672,-544.5167391963967
42,1187,81754,-856.1070835433025
42,1188,81832,-656.5902830082482
42,1189,81895,-480.5946102301947
42,1190,81959,-597.4780863219665
42,1191,82034,-773.7081992851578
42,1192,82095,-566.4197564196782
42,1193,82173,-831.2399214354414
42,1194,82230,-452.8063977633623
42,1195,82291,-549.5816262617486
42,1196,82346,-367.0647918116303
42,1197,82405,-501.58933248640767
42,1198,82464,-571.7470346115546
42,1199,82522,-553.2726438842909
42,1200,82580,-559.0206572086348
42,1201,82668,-1068.1823929019943
42,1202,82725,-507.63582894066843
42,1203,82786,-564.4081958064577
42,1204,82859,-574.1304600883334
42,1205,82930,-650.3813351753754
42,1206,83004,-756.4368861984958
42,1207,83087,-857.9154219116341
42,1208,83153,-555.8753452897196
42,1209,83214,-548.5839824479154
42,1210,83282,-592.1572214615148
42,1211,83341,-513.9239406650604
42,1212,83421,-676.4580408996088
42,1213,83508,-1003.7868842772609
42,1214,83615,-1174.1105307467026
42,1215,83683,-643.2742846685502
42,1216,83751,-528.2700646673078
42,1217,83807,-468.0677744936212
42,1218,83873,-638.8636256532051
42,1219,83929,-378.5292423760969
42,1220,83985,-450.50091364629264
42,1221,84056,-628.7989723126799
42,1222,84113,-418.94098373937493
42,1223,84177,-604.8062335609611
42,1224,84238,-459.546393750753
42,1225,84310,-720.6150973771892
42,1226,84360,-353.36037763193036
42,1227,84437,-466.73883016741445
42,1228,84493,-453.0781450967012
42,1229,84565,-563.2045375229523
42,1230,84643,-859.270385969637
42,1231,84708,-572.5268448712308
42,1232,84787,-809.1877363556391
42,1233,84858,-519.229244017374
42,1234,84935,-789.7260336661786
42,1235,85018,-784.4394365088494
42,1236,85071,-450.46996055229147
42,1237,85136,-616.7166052041761
42,1238,85187,-361.6877350993438
42,1239,85245,-532.2965860818099
42,1240,85319,-740.7754900973553
42,1241,85395,-512.7426626869077
42,1242,85479,-845.8441171938024
42,1243,85558,-705.2016607660205
42,1244,85639,-792.5219786741825
42,1245,85699,-543.9532260144313
42,1246,85752,-373.0179540764165
42,1247,85816,-589.5360036205182
42,1248,85875,-446.5153508478736
42,1249,85947,-585.6630027706707
42,1250,86026,-735.1099196222342
42,1251,86108,-701.152204635068
42,1252,86189,-728.052961306247
42,1253,86255,-506.0437581639001
42,1254,86311,-475.8990662402166
42,1255,86368,-519.160715477132
42,1256,86428,-441.16240323540785
42,1257,86478,-396.3119082798236
42,1258,86531,-387.96325268765975
42,1259,86598,-594.952079590746
42,1260,86663,-610.4167867637399
42,1261,86747,-868.8473143143162
42,1262,86824,-665.3856478808887
42,1263,86898,-755.9388122352997
42,1264,86956,-436.4754343577413
42,1265,87040,-810.8060988106323
42,1266,87098,-403.1698629093981
42,1267,87159,-518.2054079706288
42,1268,87219,-441.6972286105305
42,1269,87297,-657.0041709518266
42,1270,87368,-586.0059798313325
42,1271,87433,-485.3544636505622
42,1272,87511,-810.4930348293175
42,1273,87577,-520.2183110451265
42,1274,87630,-392.30378817196424
42,1275,87687,-410.02818282952353
42,1276,87756,-595.1684081540739
42,1277,87821,-519.2659396639714
42,1278,87901,-820.4842629844076
42,1279,88023,-1004.7917545023516
42,1280,88085,-581.8067867031148
42,1281,88134,-387.18687230862133
42,1282,88192,-508.68793563674353
42,1283,88273,-723.5888239990612
42,1284,88353,-698.5291229317819
42,1285,88436,-877.8085652265655
42,1286,88489,-390.04614341681196
42,1287,88576,-835.0225979980327
42,1288,88640,-597.129862766997
42,1289,88708,-528.2050683648807
42,1290,88760,-472.50248808266963
42,1291,88832,-724.9862431331992
42,1292,88882,-357.68994226600165
42,1293,88938,-411.3628042353742
42,1294,89004,-529.5708727736692
42,1295,89067,-519.7784442339848
42,1296,89129,-570.5467919486616
42,1297,89197,-544.1794176200552
42,1298,89278,-620.8059877392125
42,1299,89333,-383.4496831180586
42,1300,89408,-798.384809816087
42,1301,89475,-535.2537100061406
42,1302,89537,-482.3491230568394
42,1303,89609,-626.8748660762105
42,1304,89665,-505.98917379250224
42,1305,89749,-945.1883906280103
42,1306,89811,-563.2009185333152
42,1307,89866,-405.58083844092346
42,1308,89979,-624.0152181644775
42,1309,90054,-498.0199238101036
42,1310,90107,-448.2439138547424
42,1311,90184,-502.43665850784146
42,1312,90255,-624.9593918935437
42,1313,90305,-397.8616219693672
42,1314,90361,-418.3560752345649
42,1315,90430,-429.32416972983526
42,1316,90494,-604.7477892009284
42,1317,90569,-798.6041838208023
42,1318,90626,-487.79891893482124
42,1319,90716,-505.8179076263135
42,1320,90794,-764.8252909195603
42,1321,90846,-453.18252943049384
42,1322,90897,-361.47674489159806
42,1323,90973,-806.1633091114733
42,1324,91050,-820.196168611921
42,1325,91109,-462.9823134707762
42,1326,91172,-491.4991055285309
42,1327,91230,-457.6833260279207
42,1328,91291,-437.55708571943063
42,1329,91359,-581.9277785597084
42,1330,91442,-869.8828327681948
42,1331,91527,-877.5746332934094
42,1332,91609,-934.8513103413923
42,1333,91665,-483.56989775687464
42,1334,91715,-443.43599414173855
42,1335,91799,-794.7481247387846
42,1336,91883,-952.2419581620161
42,1337,91957,-651.1498202984656
42,1338,92022,-605.9493500631871
42,1339,92139,-868.7256324304184
42,1340,92216,-686.9669644212379
42,1341,92271,-520.2274481756427
42,1342,92332,-480.9286296057969
42,1343,92420,-810.6029735514156
42,1344,92508,-860.238072685777
42,1345,92558,-426.8514463596305
42,1346,92613,-450.7042650029352
42,1347,92669,-419.89489143045597
42,1348,92734,-598.9936663545835
42,1349,92794,-541.8143680271122
42,1350,92858,-590.6126236044564
42,1351,92913,-493.8003958444835
42,1352,92983,-681.2658601536482
42,1353,93037,-376.31423567201165
42,1354,93086,-357.87612798349795
42,1355,93157,-467.2800328680353
42,1356,93215,-434.14731689269087
42,1357,93270,-417.7317274826028
42,1358,93352,-736.3675015351565
42,1359,93437,-783.5329674853274
42,1360,93519,-815.8818838622875
42,1361,93599,-632.0007616641011
42,1362,93650,-426.88633770838106
42,1363,93726,-724.6349747363876
42,1364,93795,-515.6462246608806
42,1365,93874,-669.1616536795268
42,1366,93947,-598.8296355585433
42,1367,93998,-420.5061627458308
42,1368,94073,-649.3455112881776
42,1369,94168,-704.3550710773915
42,1370,94240,-566.4125020243232
42,1371,94301,-564.3632338053176
42,1372,94370,-512.0365576973089
42,1373,94435,-490.4385414232934
42,1374,94486,-460.9339192039184
42,1375,94540,-468.71789514884125
42,1376,94594,-451.44247694093247
42,1377,94661,-548.3220489961961
42,1378,94724,-466.2890922306885
42,1379,94800,-822.7492110066771
42,1380,94887,-883.2437497765662
42,1381,94971,-798.9770860440651
42,1382,95026,-491.50253669786366
42,1383,95097,-679.7101335179441
42,1384,95152,-417.81042231978654
42,1385,95202,-326.5734994141972
42,1386,95258,-423.90338602474714
42,1387,95334,-768.0471086754578
42,1388,95414,-821.3988449060233
42,1389,95464,-326.0739166911806
42,1390,95533,-507.3049145905529
42,1391,95591,-531.7770739969346
42,1392,95658,-579.476180432446
42,1393,95737,-871.0350260320234
42,1394,95816,-784.4706719936169
42,1395,95875,-555.3584998131016
42,1396,95926,-332.69409706403474
42,1397,95993,-620.455947938609
42,1398,96050,-488.97416939627317
42,1399,96134,-694.8043239606485
42,1400,96197,-597.2707229313276
42,1401,96271,-652.3419353579244
42,1402,96346,-697.1050661428244
42,1403,96417,-728.1503122881222
42,1404,96488,-724.7648078133708
42,1405,96539,-427.76668951375945
42,1406,96590,-338.4376975676034
42,1407,96664,-776.2366655732974
42,1408,96718,-476.4696117751164
42,1409,96782,-525.1934146179099
42,1410,96842,-547.047740272253
42,1411,96924,-755.2555327959034
42,1412,97001,-814.8643611389311
42,1413,97053,-466.6602552433051
42,1414,97113,-465.44404065137724
42,1415,97182,-514.7397036298244
42,1416,97270,-1026.4438382986891
42,1417,97341,-470.2451782853873
42,1418,97423,-762.2802911804442
42,1419,97474,-357.74005897159265
42,1420,97556,-857.9946624214541
42,1421,97632,-457.7881721659627
42,1422,97713,-800.8331424333915
42,1423,97791,-811.1115047046984
42,1424,97861,-567.6045245332432
42,1425,97917,-482.85421669148167
42,1426,97995,-727.0481839402478
42,1427,98059,-578.8667549658976
42,1428,98137,-679.8828224613266
42,1429,98207,-483.44531492976523
42,1430,98292,-775.3534746590697
42,1431,98382,-365.7734004960103
42,1432,98439,-510.4387308528084
42,1433,98512,-464.2471723431977
42,1434,98568,-460.25071108829616
42,1435,98654,-804.5236861721994
42,1436,98704,-407.27459938986885
42,1437,98788,-802.579936770389
42,1438,98854,-494.70290897950156
42,1439,98906,-448.8586103463776
42,1440,98957,-353.18497944066803
42,1441,99066,-594.697614200578
42,1442,99132,-627.6389279047727
42,1443,99205,-605.5721122223761
42,1444,99291,-833.2456040898908
42,1445,99358,-606.0270867298645
42,1446,99441,-613.0038331637379
42,1447,99522,-700.2676598392673
42,1448,99576,-457.42202387030625
42,1449,99654,-369.35807564104095
42,1450,99716,-578.0141877653377
42,1451,99777,-474.11982840865846
42,1452,99840,-490.254339086683
42,1453,99891,-350.05228935365864
42,1454,99977,-368.7402922407629
42,1455,100045,-557.6884679469789
42,1456,100123,-719.7813265328326
42,1457,100173,-414.7367986755615
42,1458,100243,-516.3916416003971
42,1459,100310,-479.20047776611784
42,1460,100371,-555.4673743680618
42,1461,100429,-441.681055019193
42,1462,100483,-397.15959151381554
42,1463,100561,-716.2868326294583
42,1464,100628,-637.8036877670287
42,1465,100678,-421.2370890567107
42,1466,100737,-477.38251933303354
42,1467,100796,-419.6791166946675
42,1468,100864,-538.4417669830038
42,1469,100921,-411.79268434722246
42,1470,101001,-687.4476636267619
42,1471,101079,-713.2272440409417
42,1472,101163,-818.2442846330187
42,1473,101214,-362.56025399791054
42,1474,101269,-376.1703503966792
42,1475,101347,-816.2985768090655
42,1476,101420,-415.01865892843955
42,1477,101492,-652.6999040605397
42,1478,101543,-405.43422363900197
42,1479,101610,-561.1828235241103
42,1480,101664,-473.81460842999485
42,1481,101750,-347.99673807256215
42,1482,101801,-435.68762846805043
42,1483,101857,-533.9098167972993
42,1484,101909,-466.0663265543464
42,1485,101967,-450.10740609226303
42,1486,102044,-828.627462509532
42,1487,102098,-467.71347107025616
42,1488,102156,-544.9765035968562
42,1489,102224,-519.9420478842055
42,1490,102294,-491.7787654166709
42,1491,102364,-565.0519826297249
42,1492,102441,-730.1790047894535
42,1493,102519,-660.8845082853582
42,1494,102580,-491.5355834962642
42,1495,102650,-688.8062788087256
42,1496,102727,-736.5595482938638
42,1497,102809,-817.7695840387936
42,1498,102881,-747.0562825584216
42,1499,102947,-521.4899686619411
42,1500,103000,-339.1698082308676
42,1501,103062,-470.0272196347305
42,1502,103147,-794.0051803637763
42,1503,103199,-328.89123694176664
42,1504,103259,-556.1281513122091
42,1505,103337,-810.376627434694
42,1506,103391,-460.2106321197823
42,1507,103464,-558.7949096717044
42,1508,103537,-565.7261082639061
42,1509,103619,-854.6202394026212
42,1510,103692,-738.3029832929402
42,1511,103777,-777.5589833414836
42,1512,103853,-441.52247079609435
42,1513,103939,-766.4002737428065
42,1514,104003,-497.74983317908254
42,1515,104062,-516.9014280168424
42,1516,104123,-563.6048268976531
42,1517,104182,-469.5802455652965
42,1518,104240,-427.8103250596857
42,1519,104291,-439.6304143077213
42,1520,104346,-395.57435977274565
42,1521,104396,-427.5325095829309
42,1522,104472,-774.8131674570582
42,1523,104551,-795.9675723486106
42,1524,104604,-478.60532289625525
42,1525,104674,-466.5316646089942
42,1526,104754,-739.6175056896808
42,1527,104816,-571.6600211517382
42,1528,104873,-475.3122692968701
42,1529,104928,-423.9871280196666
42,1530,104982,-464.60270517779344
42,1531,105042,-436.17990182777754
42,1532,105094,-320.68816950687517
42,1533,105160,-491.60941691213463
42,1534,105239,-679.4241498773032
42,1535,105311,-513.465056316413
42,1536,105399,-1047.9394485458133
42,1537,105475,-797.8942086265658
42,1538,105553,-822.3119886473856
42,1539,105604,-342.08211221358397
42,1540,105674,-436.8779244411893
42,1541,105736,-474.57781674922944
42,1542,105803,-588.054495936779
42,1543,105868,-636.1738587191818
42,1544,105953,-855.5698494777895
42,1545,106014,-573.9117199736909
42,1546,106097,-779.941800973463
42,1547,106155,-529.1496807722024
42,1548,106214,-531.2086751447686
42,1549,106270,-509.4494945690098
42,1550,106352,-780.1469063626864
42,1551,106422,-552.86523573949
42,1552,106494,-744.0744735469074
42,1553,106555,-463.6092662871386
42,1554,106622,-546.263893452496
42,1555,106688,-589.7144681196107
42,1556,106762,-800.7273718775858
42,1557,106830,-521.796476401883
42,1558,106913,-997.449884801169
42,1559,107018,-610.4318101020566
42,1560,107071,-379.69947229428965
42,1561,107121,-425.30223297134893
42,1562,107181,-467.89478540573987
42,1563,107247,-637.9724120523101
42,1564,107321,-645.9667725391628
42,1565,107381,-582.2113699956626
42,1566,107435,-347.0653643939261
42,1567,107494,-500.8865922545161
42,1568,107573,-704.023699858078
42,1569,107623,-401.309156470867
42,1570,107674,-401.71037360078225
42,1571,107733,-457.6160348819299
42,1572,107787,-366.89379603186285
42,1573,107913,-1257.0175585334903
42,1574,107960,-390.3915165922861
42,1575,108023,-562.2262412932305
42,1576,108093,-710.5929514900535
42,1577,108153,-515.1395309875735
42,1578,108228,-483.5799098186584
42,1579,108302,-703.668430997664
42,1580,108374,-761.9330892015214
42,1581,108456,-854.9826356780487
42,1582,108525,-581.9973358038894
42,1583,108612,-887.5990877067634
42,1584,108672,-489.00476056328574
42,1585,108757,-926.1187302918416
42,1586,108811,-406.23397679491967
42,1587,108868,-496.92700313159366
42,1588,108921,-428.9776174326056
42,1589,108977,-525.4586964990733
42,1590,109028,-350.10837252364354
42,1591,109082,-354.4072277502837
42,1592,109141,-482.5911323835573
42,1593,109221,-802.4638991645134
42,1594,109289,-504.8918632390796
42,1595,109355,-488.9308038768703
42,1596,109407,-464.7379323036665
42,1597,109467,-504.6104359488666
42,1598,109549,-854.2532470625102
42,1599,109610,-528.8021850711111
42,1600,109679,-556.8031019462342
42,1601,109739,-544.7381676395346
42,1602,109822,-397.51537966201363
42,1603,109907,-1011.4291748846592
42,1604,109967,-478.85081875654447
42,1605,110021,-406.1913378214523
42,1606,110071,-371.77848101666626
42,1607,110151,-898.1309196257456
42,1608,110202,-348.56439029549756
42,1609,110260,-433.44769113903294
42,1610,110348,-923.312348366302
42,1611,110435,-911.5956035444758
42,1612,110483,-417.03466527967396
42,1613,110557,-721.4813383520282
42,1614,110622,-501.77801099562157
42,1615,110676,-458.3569921231942
42,1616,110753,-626.5013482440595
42,1617,110821,-566.2953494276676
42,1618,110871,-357.86548909114595
42,1619,110920,-413.7217185357653
42,1620,110985,-504.857308639738
42,1621,111060,-437.4715205080779
42,1622,111121,-489.53699925335104
42,1623,111173,-409.4666553895715
42,1624,111227,-484.55030161722146
42,1625,111287,-436.4635423401284
42,1626,111349,-590.9242115623954
42,1627,111414,-534.4122843714615
42,1628,111496,-872.3453789799864
42,1629,111558,-526.5269044657036
42,1630,111614,-480.67417947208025
42,1631,111669,-503.0323637763792
42,1632,111755,-854.4856052619515
42,1633,111815,-469.3093207168479
42,1634,111896,-913.9621388683408
42,1635,111965,-498.5801581359658
42,1636,112021,-490.6757932884877
42,1637,112100,-710.8518808711364
42,1638,112190,-826.017568395657
42,1639,112251,-545.8444716849763
42,1640,112324,-684.2309783754823
42,1641,112380,-425.62900342907864
42,1642,112436,-441.97690830381725
42,1643,112504,-576.3221730697326
42,1644,112559,-421.98147829081313
42,1645,112627,-502.574760603027
42,1646,112685,-459.4266163621712
42,1647,112765,-720.0594314285596
42,1648,112819,-432.70104087227503
42,1649,112888,-667.0790435796927
42,1650,112971,-937.6585946246531
42,1651,113032,-521.4745386460552
42,1652,113101,-688.3439809112655
42,1653,113183,-725.0726440173262
42,1654,113246,-509.896858836915
42,1655,113303,-404.9616406489976
42,1656,113387,-809.6528459358111
42,1657,113454,-622.9166694969925
42,1658,113541,-923.9761028637292
42,1659,113618,-781.1367093246173
42,1660,113675,-491.00658298799016
42,1661,113731,-400.4302071065962
42,1662,113794,-468.7595415480975
42,1663,113844,-383.24968838633635
42,1664,113908,-509.4396542942722
42,1665,113971,-471.7086026664351
42,1666,114023,-392.7305362929254
42,1667,114073,-416.7369095037019
42,1668,114144,-603.049610375584
42,1669,114206,-564.5070549994891
42,1670,114287,-770.4209643368355
42,1671,114340,-437.45000213854644
42,1672,114390,-381.5034685517112
42,1673,114441,-354.78176978047077
42,1674,114495,-434.08077014794065
42,1675,114551,-384.2323864084291
42,1676,114629,-830.0195238451693
42,1677,114707,-768.6674821241347
42,1678,114762,-371.5184425980239
42,1679,114819,-492.9723155961918
42,1680,114906,-351.21059917380217
42,1681,114956,-372.1915418489244
42,1682,115026,-567.4675834049116
42,1683,115107,-718.645454755357
42,1684,115172,-554.470403090291
42,1685,115253,-839.7023592057282
42,1686,115323,-672.4922731638744
42,1687,115381,-427.991317434332
42,1688,115456,-435.59695251894084
42,1689,115506,-392.0608601904666
42,1690,115585,-876.8295799780087
42,1691,115674,-896.8852298099467
42,1692,115757,-935.196515134997
42,1693,115809,-421.1274438772841
42,1694,115871,-486.2743166978809
42,1695,115929,-549.7482293111009
42,1696,116009,-827.1128845579464
42,1697,116094,-802.6525949646765
42,1698,116150,-481.47998312953035
42,1699,116227,-793.3607341199114
42,1700,116290,-450.4750349669766
42,1701,116342,-436.5106273077617
42,1702,116397,-482.17799482973265
42,1703,116452,-393.83440696684556
42,1704,116522,-568.4806308558676
42,1705,116593,-633.3082663304792
42,1706,116669,-679.0417413163823
42,1707,116747,-750.5780332896448
42,1708,116818,-485.3935864388434
42,1709,116876,-529.7277932628458
42,1710,116945,-586.9376267272003
42,1711,117021,-643.704624562904
42,1712,117084,-517.2113096655268
42,1713,117156,-526.9062685534441
42,1714,117216,-576.8389931999644
42,1715,117274,-524.015373282578
42,1716,117324,-332.3569158733353
42,1717,117383,-450.87274050933706
42,1718,117467,-763.6776325073349
42,1719,117555,-927.8126375056663
42,1720,117622,-516.6368841514441
42,1721,117682,-517.9179677281251
42,1722,117747,-618.0157847801962
42,1723,117801,-450.71615818094455
42,1724,117884,-847.5061063672932
42,1725,117938,-467.9988680946542
42,1726,118000,-505.3788245192691
42,1727,118049,-418.0866605478306
42,1728,118100,-374.9820563956721
42,1729,118174,-626.4705529516209
42,1730,118253,-463.99602947497215
42,1731,118305,-336.78465561976725
42,1732,118390,-940.026895386336
42,1733,118470,-892.4797879105048
42,1734,118542,-440.7447334737866
42,1735,118613,-487.13418743739976
42,1736,118680,-469.9198611792277
42,1737,118732,-327.87521464851324
42,1738,118793,-539.7561700621932
42,1739,118876,-876.6838132168772
42,1740,118953,-674.3842506402973
42,1741,119017,-476.1117284572757
42,1742,119078,-547.1745929716599
42,1743,119146,-569.5786394176487
42,1744,119226,-740.3033946135997
42,1745,119286,-515.8228277633998
42,1746,119346,-538.7075824739193
42,1747,119406,-525.1037014747812
42,1748,119461,-429.0222844075857
42,1749,119511,-335.16239380620186
42,1750,119575,-532.3917014746366
42,1751,119657,-933.5629687691804
42,1752,119730,-782.7263741384219
42,1753,119804,-699.9648714276337
42,1754,119875,-569.3080561256971
42,1755,119946,-570.1189043094521
42,1756,120018,-474.41299677659595
42,1757,120088,-455.6843323634582
42,1758,120159,-510.3433129528403
42,1759,120223,-491.4228349041142
42,1760,120280,-447.20200601577227
42,1761,120333,-404.12741406756703
42,1762,120390,-513.9017808291628
42,1763,120474,-834.4194472971355
42,1764,120541,-608.685557989746
42,1765,120601,-447.1665817908695
42,1766,120663,-555.13395539076
42,1767,120730,-528.3123804851241
42,1768,120809,-713.8758167194454
42,1769,120872,-507.0778133218834
42,1770,120922,-409.88885149053743
42,1771,121003,-860.034679280924
42,1772,121064,-569.6617025564327
42,1773,121123,-471.8072721895423
42,1774,121179,-421.19259337828197
42,1775,121262,-791.1832569705678
42,1776,121323,-495.37356509572646
42,1777,121394,-439.1603737041345
42,1778,121468,-503.0908455138616
42,1779,121527,-494.29317981426846
42,1780,121577,-411.42715021179316
42,1781,121644,-544.7845910611397
42,1782,121721,-469.48429139035704
42,1783,121788,-515.6094614499953
42,1784,121866,-823.9626474424314
42,1785,121921,-496.81632593839777
42,1786,121975,-393.4409472857269
42,1787,122026,-427.6938928092782
42,1788,122082,-474.4911202205421
42,1789,122150,-432.0759048410283
42,1790,122225,-444.08804190197634
42,1791,122327,-382.24521239855454
42,1792,122376,-409.30982355368303
42,1793,122459,-852.3998426406968
42,1794,122534,-672.7093467672313
42,1795,122603,-575.5813170620384
42,1796,122684,-760.7476753091647
42,1797,122756,-672.7470658606182
42,1798,122824,-513.228850740281
42,1799,122883,-445.2886677583457
42,1800,122941,-529.1304555096708
42,1801,123024,-526.5090343204475
42,1802,123103,-716.9799256977892
42,1803,123160,-510.24102086701
42,1804,123213,-475.094171597086
42,1805,123270,-398.3330357872459
42,1806,123349,-782.6373993155677
42,1807,123407,-396.3708755953727
42,1808,123472,-518.390785477256
42,1809,123548,-457.51099074722583
42,1810,123610,-554.9440324772914
42,1811,123661,-354.1175147797592
42,1812,123735,-461.42111227377086
42,1813,123818,-745.8393932241452
42,1814,123900,-747.1867548490117
42,1815,123972,-473.77704640840454
42,1816,124038,-517.3941263945928
42,1817,124139,-906.3351124726488
42,1818,124199,-442.38896216995965
42,1819,124258,-546.1556299420386
42,1820,124312,-459.4639634141793
42,1821,124383,-446.2651869011429
42,1822,124439,-418.89021590539056
42,1823,124492,-486.6775358297861
42,1824,124562,-593.5782525891369
42,1825,124613,-369.09235050065416
42,1826,124677,-601.0730609939246
42,1827,124751,-526.6369182782394
42,1828,124820,-489.6385406301689
42,1829,124877,-477.67865420965137
42,1830,124949,-480.7810438932145
42,1831,125028,-698.5194096218908
42,1832,125080,-405.0306913050731
42,1833,125133,-441.3221619954138
42,1834,125237,-622.8498190856963
42,1835,125304,-534.3030274067818
42,1836,125357,-348.67165083233976
42,1837,125415,-538.0560386742862
42,1838,125476,-572.0590392995608
42,1839,125544,-568.5967742581847
42,1840,125605,-566.9333831728904
42,1841,125680,-738.4659918336371
42,1842,125737,-474.1849559350629
42,1843,125825,-962.321214053144
42,1844,125899,-713.2373129540686
42,1845,125954,-459.2121809136654
42,1846,126004,-427.62014336025413
42,1847,126081,-626.7659045913435
42,1848,126159,-701.4183187787911
42,1849,126259,-618.5882000985664
42,1850,126344,-794.0558622394722
42,1851,126399,-437.2187873646922
42,1852,126477,-784.2526750998082
42,1853,126528,-420.2762174264382
42,1854,126594,-473.1547382282321
42,1855,126659,-614.3171554181966
42,1856,126735,-442.85734720164976
42,1857,126787,-363.8874766005944
42,1858,126853,-472.613053671609
42,1859,126917,-584.6093017832277
42,1860,126981,-514.6869371760087
42,1861,127048,-611.1296792035668
42,1862,127169,-579.0435049136738
42,1863,127249,-726.0966961303442
42,1864,127310,-568.3867845577877
42,1865,127374,-581.6879466395073
42,1866,127439,-632.4095755067034
42,1867,127526,-1017.3496768587789
42,1868,127586,-459.41327732064804
42,1869,127654,-528.9581310809377
42,1870,127717,-464.02922605113594
42,1871,127787,-626.4311412544247
42,1872,127856,-689.6364487738343
42,1873,127911,-401.68977390581864
42,1874,127969,-439.6415794991373
42,1875,128052,-840.1400956861806
42,1876,128103,-307.01935648101085
42,1877,128177,-737.0415618586167
42,1878,128237,-475.5541700501387
42,1879,128287,-413.6986191786351
42,1880,128358,-473.4347400604124
42,1881,128435,-699.0223798679034
42,1882,128485,-391.42095726677684
42,1883,128547,-449.82091818379655
42,1884,128673,-1331.776408741825
42,1885,128778,-402.61732921040965
42,1886,128841,-538.0196260361399
42,1887,128895,-402.64046367078686
42,1888,128970,-775.35190087155
42,1889,129044,-768.9000852416693
42,1890,129117,-739.4639426373909
42,1891,129203,-835.4740212384706
42,1892,129254,-453.3958047693556
42,1893,129331,-801.7569227311033
42,1894,129402,-484.41730708062175
42,1895,129482,-773.2025645546549
42,1896,129551,-668.7321119659908
42,1897,129639,-1059.1722878895075
42,1898,129706,-624.3395091712482
42,1899,129767,-508.9736612560603
42,1900,129822,-444.62516633464196
42,1901,129873,-412.9334990927503
42,1902,129957,-782.8977288098491
42,1903,130020,-475.01962847491967
42,1904,130105,-1011.9756492149824
42,1905,130162,-515.5017044496676
42,1906,130222,-427.59889041099393
42,1907,130287,-433.41377031913555
42,1908,130358,-704.4390714712997
42,1909,130428,-559.9884055103043
42,1910,130562,-1001.3198843777267
42,1911,130622,-435.288333001843
42,1912,130681,-569.6968248511615
42,1913,130736,-499.7920525489956
42,1914,130804,-669.2783305737606
42,1915,130877,-735.2406972583592
42,1916,130930,-407.6005289540714
42,1917,130983,-417.58446547480565
42,1918,131037,-383.7095768626257
42,1919,131122,-362.413434893775
42,1920,131176,-463.7670878450809
42,1921,131244,-547.0323458498356
42,1922,131318,-438.9918551822013
42,1923,131404,-1001.2079723245446
42,1924,131460,-477.96433078101484
42,1925,131516,-494.8737050297438
42,1926,131579,-575.5045869006292
42,1927,131654,-743.7793984125834
42,1928,131711,-439.98377318996745
42,1929,131784,-651.6560475039271
42,1930,131869,-974.1983511258692
42,1931,131925,-457.5713394818291
42,1932,132002,-823.9386083109968
42,1933,132067,-520.7854867723211
42,1934,132132,-549.9963151853447
42,1935,132187,-429.1025181075253
42,1936,132238,-360.47556350711227
42,1937,132295,-393.44620208862636
42,1938,132368,-753.667679680167
42,1939,132422,-391.8393045305597
42,1940,132478,-432.0780834083738
42,1941,132544,-512.6522856311433
42,1942,132610,-625.2439715021735
42,1943,132662,-459.5113632188621
42,1944,132741,-747.7193588804972
42,1945,132812,-725.8522039199296
42,1946,132874,-529.1674301026459
42,1947,132954,-672.2860199769481
42,1948,133021,-457.65070564738585
42,1949,133081,-445.5739233289143
42,1950,133134,-418.13055099394245
42,1951,133201,-522.3474285756481
42,1952,133274,-446.1363804302331
42,1953,133349,-738.9808163474468
42,1954,133412,-517.5056101147435
42,1955,133490,-600.285532188448
42,1956,133547,-524.3683887462844
42,1957,133607,-465.506934144276
42,1958,133662,-467.32565215724964
42,1959,133737,-653.7335408161634
42,1960,133803,-523.9599657824024
42,1961,133865,-464.8859518947622
42,1962,133920,-425.1430788774937
42,1963,133974,-402.91592062181405
42,1964,134048,-621.0539857901183
42,1965,134124,-784.5229764647822
42,1966,134206,-875.5267105045994
42,1967,134287,-764.6597974175694
42,1968,134365,-755.3497272219045
42,1969,134445,-734.8238059974441
42,1970,134503,-544.3854363637976
42,1971,134557,-416.12440524956344
42,1972,134625,-517.2795713823712
42,1973,134678,-360.4570950796952
42,1974,134739,-452.07425188626377
42,1975,134796,-499.23944451020117
42,1976,134882,-957.7060033941394
42,1977,134954,-629.740742153036
42,1978,135027,-644.578331439017
42,1979,135110,-893.4113638782312
42,1980,135168,-411.6254588616178
42,1981,135224,-469.02220014292965
42,1982,135294,-586.786032345258
42,1983,135363,-535.4113772906708
42,1984,135417,-390.61475612393133
42,1985,135492,-737.9063684278441
42,1986,135542,-426.1495117966732
42,1987,135614,-736.6797504803708
42,1988,135665,-368.07232604153324
42,1989,135725,-472.8235622311824
42,1990,135811,-798.3632792314728
42,1991,135876,-513.6638132513648
42,1992,135930,-356.2687899542068
42,1993,135990,-541.9404224641585
42,1994,136067,-790.4721705653046
42,1995,136143,-782.6673522207797
42,1996,136200,-497.8545357988162
42,1997,136260,-542.9099494038182
42,1998,136342,-865.505547797365
42,1999,136406,-532.3306394681653
42,2000,136465,-470.7723183202231
42,2001,136521,-511.5451250164837
42,2002,136584,-475.277977642696
42,2003,136639,-433.58430440310525
42,2004,136703,-542.2219690000729
42,2005,136754,-344.37286131340556
42,2006,136806,-316.74409275879566
42,2007,136895,-933.0931892712904
42,2008,136963,-542.0788906186535
42,2009,137039,-744.0119898317133
42,2010,137124,-835.4508590177502
42,2011,137197,-665.7807374302979
42,2012,137275,-770.2997101572863
42,2013,137348,-746.2420011933875
42,2014,137400,-365.504680606953
42,2015,137452,-372.8062634008275
42,2016,137506,-485.22286825757067
42,2017,137573,-435.65775982863875
42,2018,137650,-678.6723663255799
42,2019,137733,-783.0533754069397
42,2020,137815,-797.2583092637788
42,2021,137882,-652.4792421116845
42,2022,137963,-761.5441541254637
42,2023,138034,-579.1824891397973
42,2024,138129,-399.45742259236056
42,2025,138185,-469.58231516969425
42,2026,138254,-536.6252905200147
42,2027,138310,-463.9692273350001
42,2028,138383,-587.2647842361184
42,2029,138460,-499.9996609379813
42,2030,138515,-378.9569096749322
42,2031,138565,-436.9503856005541
42,2032,138633,-546.348813530375
42,2033,138693,-457.2335412941382
42,2034,138754,-563.4747954318464
42,2035,138830,-804.0352895093898
42,2036,138889,-510.0042414239591
42,2037,138951,-501.13659444125835
42,2038,139010,-516.7546585565271
42,2039,139074,-502.8463289432601
42,2040,139154,-806.3470551130825
42,2041,139231,-720.8855456626101
42,2042,139296,-517.3092274756132
42,2043,139363,-643.8374926266175
42,2044,139439,-429.3815702815232
42,2045,139513,-644.0115457896381
42,2046,139591,-794.9273756368339
42,2047,139640,-409.6824246017937
42,2048,139694,-377.40604859898633
42,2049,139746,-427.35099656526614
42,2050,139828,-744.7426479221481
42,2051,139903,-798.6184990073285
42,2052,139960,-553.8716218415257
42,2053,140028,-526.7443378754507
42,2054,140109,-631.662084865129
42,2055,140166,-405.0479389932847
42,2056,140227,-547.6855611835072
42,2057,140308,-843.5698017510468
42,2058,140374,-505.56162399326524
42,2059,140427,-442.81722181912585
42,2060,140485,-525.1130817665804
42,2061,140552,-530.0522327912562
42,2062,140630,-728.5415313069167
42,2063,140684,-441.80029840168527
42,2064,140739,-496.4713873444137
42,2065,140808,-447.7716464280812
42,2066,140883,-584.5349493523196
42,2067,140958,-766.4408987516575
42,2068,141010,-375.97044106134695
42,2069,141069,-449.7508098485423
42,2070,141125,-498.53210017727156
42,2071,141203,-668.4033743513934
42,2072,141262,-433.93353940169357
42,2073,141314,-395.4527316386503
42,2074,141371,-399.46348020628244
42,2075,141436,-596.2270192528767
42,2076,141500,-493.873145952439
42,2077,141579,-718.4599395890439
42,2078,141638,-432.6690606705166
42,2079,141715,-662.4956370976073
42,2080,141793,-840.3331529337465
42,2081,141846,-370.25368973917637
42,2082,141914,-674.7591151381656
42,2083,141966,-351.45197290070917
42,2084,142026,-512.1663673862988
42,2085,142099,-471.0923997654254
42,2086,142203,-689.1582931724894
42,2087,142277,-745.4417141956645
42,2088,142344,-522.267132801938
42,2089,142409,-542.7624469000887
42,2090,142484,-487.6837303689442
42,2091,142574,-843.2043745535232
42,2092,142638,-601.6036993502958
42,2093,142697,-466.39002350044973
42,2094,142756,-527.5180910370268
42,2095,142837,-707.4126329586538
42,2096,142895,-515.6721872979967
42,2097,142949,-401.72922180698123
42,2098,143001,-443.8157129188321
42,2099,143085,-755.3675407970194
42,2100,143139,-422.9671342753761
42,2101,143221,-784.1544058817977
42,2102,143282,-571.8199080809306
42,2103,143348,-482.134389383997
42,2104,143419,-663.1397660292548
42,2105,143488,-430.7941528756753
42,2106,143552,-618.8876405393537
42,2107,143632,-801.0813882073998
42,2108,143691,-543.0606324972026
42,2109,143750,-479.22690772877814
42,2110,143839,-1058.7043182291582
42,2111,143893,-481.83433127554747
42,2112,143954,-537.2115101134959
42,2113,144013,-440.59635228387737
42,2114,144091,-679.3530973006488
42,2115,144156,-461.07667618343294
42,2116,144207,-398.0030528736602
42,2117,144259,-429.600788216223
42,2118,144334,-804.9545809629942
42,2119,144400,-533.6451025049247
42,2120,144471,-511.898430679728
42,2121,144527,-502.526520925795
42,2122,144590,-472.72941361848416
42,2123,144643,-464.90496175204606
42,2124,144721,-769.8139003249439
42,2125,144803,-758.0329458393802
42,2126,144857,-364.34743657569334
42,2127,144924,-646.8128350805995
42,2128,144977,-341.370121988234
42,2129,145032,-459.23001740583584
42,2130,145122,-599.7772203645628
42,2131,145175,-369.30450609436326
42,2132,145236,-491.2444398478785
42,2133,145316,-814.7162300069382
42,2134,145395,-715.15754040252
42,2135,145446,-420.0055400585989
42,2136,145519,-498.513781453202
42,2137,145576,-494.73946808595235
42,2138,145638,-464.36857697018206
42,2139,145693,-468.3632079032859
42,2140,145766,-726.3556755446457
42,2141,145834,-589.1415307002671
42,2142,145886,-440.6372873589296
42,2143,145956,-453.267121090818
42,2144,146012,-441.53348576064974
42,2145,146071,-460.1851499838846
42,2146,146149,-830.4855188784959
42,2147,146229,-752.5453321505631
42,2148,146299,-565.6611085647235
42,2149,146355,-502.58234736492534
42,2150,146413,-482.30092198366503
42,2151,146466,-416.2586336737912
42,2152,146541,-723.4354196913141
42,2153,146596,-507.6823288927128
42,2154,146674,-797.3519140257935
42,2155,146757,-759.2535205192017
42,2156,146815,-513.5926403160195
42,2157,146896,-385.727247943719
42,2158,146978,-544.1940976375153
42,2159,147028,-400.52290343989995
42,2160,147081,-382.75206243441653
42,2161,147134,-470.16485108049653
42,2162,147220,-1016.8484622261384
42,2163,147277,-508.5404912708444
42,2164,147327,-317.84985689881626
42,2165,147412,-800.5198385482024
42,2166,147464,-463.2429898145907
42,2167,147539,-486.8459646671273
42,2168,147593,-481.70597042447037
42,2169,147652,-438.988134585208
42,2170,147718,-631.6761915398789
42,2171,147783,-506.7662800999438
42,2172,147856,-458.18605563352617
42,2173,147907,-337.3771113288984
42,2174,147959,-463.90818995521204
42,2175,148023,-586.0555879797064
42,2176,148076,-313.3367915364124
42,2177,148133,-472.730129034305
42,2178,148208,-772.1776590680588
42,2179,148266,-521.4194065076017
42,2180,148335,-653.1475306147304
42,2181,148407,-718.6893979168085
42,2182,148477,-482.6014092632448
42,2183,148531,-486.90433571247524
42,2184,148600,-636.0906859311168
42,2185,148693,-328.38282827030014
42,2186,148777,-619.0863317105055
42,2187,148840,-500.4104529554295
42,2188,148900,-527.8577970040167
42,2189,148963,-472.0119803545702
42,2190,149050,-974.3730359805354
42,2191,149119,-580.6122992226099
42,2192,149178,-454.68496523663885
42,2193,149254,-817.9390240954823
42,2194,149327,-650.945831492874
42,2195,149406,-824.7795530898414
42,2196,149478,-588.3201583413154
42,2197,149549,-623.2388131599873
42,2198,149623,-752.9119240596839
42,2199,149689,-514.2822192377756
42,2200,149756,-634.2925907195403
42,2201,149838,-888.3118903665678
42,2202,149893,-364.8940042711437
42,2203,149944,-408.23904187630006
42,2204,150058,-635.5253978400442
42,2205,150143,-957.454128469015
42,2206,150199,-384.17707652710976
42,2207,150284,-846.665561976956
42,2208,150370,-918.6322732736082
42,2209,150451,-863.8318229864598
42,2210,150510,-438.096936617879
42,2211,150582,-650.231508430394
42,2212,150668,-664.2398297981464
42,2213,150720,-369.28649272823014
42,2214,150799,-745.8409209423234
42,2215,150884,-988.5966100563151
42,2216,150964,-735.0798151872224
42,2217,151042,-718.5126563083213
42,2218,151101,-464.3439874274199
42,2219,151160,-496.64195951686406
42,2220,151231,-639.6238928595288
42,2221,151291,-482.0016679650654
42,2222,151362,-497.9291627298079
42,2223,151418,-488.2995762119952
42,2224,151469,-435.18079980930037
42,2225,151550,-788.1222808814105
42,2226,151624,-446.5251892245989
42,2227,151679,-431.27037443817386
42,2228,151745,-541.222763376771
42,2229,151820,-643.8672133286855
42,2230,151880,-543.9496190480322
42,2231,151972,-926.3403633734557
42,2232,152039,-558.2505712177608
42,2233,152124,-856.6232221437125
42,2234,152181,-513.9518710088252
42,2235,152237,-474.3401847103758
42,2236,152322,-704.8495265545874
42,2237,152400,-818.0400388467531
42,2238,152467,-559.0381119269763
42,2239,152533,-532.131436586744
42,2240,152584,-421.9045638460773
42,2241,152664,-766.9419432902105
42,2242,152730,-507.7534495498875
42,2243,152807,-717.2336194104458
42,2244,152858,-362.2021527824383
42,2245,152914,-501.7108556161611
42,2246,152982,-558.821450787419
42,2247,153045,-574.5911807636288
42,2248,153115,-590.6856022627261
42,2249,153180,-560.3091573685467
42,2250,153239,-521.0154952469784
42,2251,153289,-388.5109475753889
42,2252,153337,-402.44651624179824
42,2253,153395,-519.1746038779788
42,2254,153482,-1005.1039686834669
42,2255,153547,-500.53860862780914
42,2256,153605,-521.4993905920951
42,2257,153663,-547.3945617203099
42,2258,153748,-896.4093997775441
42,2259,153827,-717.7372691668577
42,2260,153896,-484.3379880174555
42,2261,153969,-447.95923152615217
42,2262,154040,-596.0609682154939
42,2263,154121,-810.3565239455713
42,2264,154172,-386.56565765393816
42,2265,154223,-429.7542213614378
42,2266,154297,-662.61681073569
42,2267,154354,-409.1674600683317
42,2268,154439,-790.8618860279709
42,2269,154504,-498.8272995869055
42,2270,154572,-464.52434086810354
42,2271,154657,-605.5728287986589
42,2272,154714,-435.7457806249316
42,2273,154764,-387.8246664582196
42,2274,154819,-385.03651236945285
42,2275,154889,-706.2003824847757
42,2276,154946,-510.283813579186
42,2277,154999,-379.4861934715344
42,2278,155054,-407.3748050142311
42,2279,155110,-414.5579534761802
42,2280,155171,-533.6959982919325
42,2281,155309,-1227.505747951588
42,2282,155389,-746.4816471781993
42,2283,155456,-531.3971839400334
42,2284,155535,-852.4648144959235
42,2285,155599,-528.2761321327175
42,2286,155663,-486.3428540871189
42,2287,155715,-344.5511118727671
42,2288,155783,-546.9902606115435
42,2289,155855,-494.0057947039767
42,2290,155905,-376.7104258691932
42,2291,155977,-750.0162428836358
42,2292,156078,-525.5697798386128
42,2293,156134,-407.5544039216668
42,2294,156205,-592.3635134195487
42,2295,156293,-376.80960194453576
42,2296,156352,-454.00488721779567
42,2297,156415,-511.0909242794258
42,2298,156494,-792.437011766228
42,2299,156566,-723.7901163856524
42,2300,156625,-528.6300921705864
42,2301,156699,-705.7157977761537
42,2302,156809,-748.3881196917242
42,2303,156882,-724.0728379116799
42,2304,156938,-400.0356977095063
42,2305,157010,-580.5811218542215
42,2306,157059,-419.2652003244881
42,2307,157145,-918.5345747881619
42,2308,157230,-730.1240721625624
42,2309,157301,-693.0294921512591
42,2310,157376,-498.9883132884747
42,2311,157458,-776.923356225408
42,2312,157534,-795.7749804992366
42,2313,157589,-406.475634254932
42,2314,157647,-481.74650839168174
42,2315,157708,-597.2260347141469
42,2316,157768,-563.074871592858
42,2317,157826,-494.9891356912458
42,2318,157911,-856.899684879694
42,2319,157998,-885.4744078359292
42,2320,158072,-680.5671237362701
42,2321,158134,-543.7775985909586
42,2322,158188,-489.5916335316647
42,2323,158287,-485.7879762506831
42,2324,158343,-410.2600867847689
42,2325,158420,-705.0183979022947
42,2326,158476,-452.3585897148738
42,2327,158554,-687.6669693197073
42,2328,158621,-550.2759575201551
42,2329,158692,-702.0532177215329
42,2330,158757,-595.6273696271916
42,2331,158832,-807.8556853892093
42,2332,158887,-407.69470775262374
42,2333,158969,-862.6062629157922
42,2334,159024,-450.7215880540961
42,2335,159105,-882.1663203436118
42,2336,159181,-456.2599431376103
42,2337,159267,-833.3252429829067
42,2338,159322,-413.54647321502046
42,2339,159408,-889.4720422848947
42,2340,159484,-669.130664464898
42,2341,159542,-501.0388846648442
42,2342,159612,-564.2257742460788
42,2343,159694,-762.8862302685892
42,2344,159764,-560.5468412598838
42,2345,159829,-516.6285298778147
42,2346,159882,-457.67473552486035
42,2347,159943,-472.87015763306334
42,2348,160005,-562.7569552773737
42,2349,160071,-490.43739848864914
42,2350,160138,-524.6023896223498
42,2351,160196,-411.12736744551626
42,2352,160249,-445.38270972001493
42,2353,160325,-715.3161513618167
42,2354,160404,-748.7249078670045
42,2355,160467,-469.6541645575659
42,2356,160528,-578.2080345915391
42,2357,160594,-519.8483394081227
42,2358,160655,-579.3407361747437
42,2359,160702,-391.7538108203166
42,2360,160754,-409.4136958379537
42,2361,160806,-367.1253696448049
42,2362,160886,-740.6923016938222
42,2363,160956,-551.3014420717353
42,2364,161016,-550.9602948855635
42,2365,161093,-814.1765284888248
42,2366,161144,-356.0505236052591
42,2367,161212,-557.6746150878953
42,2368,161281,-424.9422851117869
42,2369,161358,-647.9570112237832
42,2370,161432,-628.2669525088425
42,2371,161488,-481.8258171747067
42,2372,161577,-847.3522666981577
42,2373,161645,-618.5095074316162
42,2374,161748,-644.4534185379765
42,2375,161804,-503.5911962633329
42,2376,161869,-581.1371909028605
42,2377,161960,-1138.6616735387015
42,2378,162035,-633.2591146419197
42,2379,162109,-690.5374561069509
42,2380,162164,-384.5301645994127
42,2381,162239,-807.074754998918
42,2382,162303,-519.4524287281897
42,2383,162356,-459.0095659234787
42,2384,162417,-477.19968765910295
42,2385,162467,-434.6859618690741
42,2386,162525,-532.2135881519839
42,2387,162575,-392.0772927118215
42,2388,162645,-653.4195551953452
42,2389,162700,-446.20757461779294
42,2390,162785,-880.2995620967589
42,2391,162848,-582.9411080868617
42,2392,162917,-639.2500878781084
42,2393,162972,-399.12579122127573
42,2394,163027,-365.03984833214713
42,2395,163091,-549.323678834767
42,2396,163148,-491.2878580984878
42,2397,163212,-593.6402123758794
42,2398,163262,-315.2689651645238
42,2399,163341,-869.2479181234994
42,2400,163404,-524.5881773154529
42,2401,163466,-520.076157670617
42,2402,163528,-578.3215619441839
42,2403,163606,-847.6699806077038
42,2404,163711,-740.9516638234018
42,2405,163786,-689.4673813722003
42,2406,163841,-460.2512412541137
42,2407,163893,-316.6241663455553
42,2408,163946,-436.86045921995935
42,2409,164028,-910.2371906640709
42,2410,164111,-903.7531676164593
42,2411,164178,-580.1847816045047
42,2412,164252,-741.2155373006544
42,2413,164303,-343.20301506966985
42,2414,164359,-402.3197728207587
42,2415,164420,-486.70997163459197
42,2416,164499,-647.2420780351285
42,2417,164560,-464.834121407329
42,2418,164639,-690.8452995975176
42,2419,164721,-389.69181722716934
42,2420,164798,-715.5410031966044
42,2421,164852,-387.3058521282557
42,2422,164902,-387.8867703942521
42,2423,164960,-436.2276870021334
42,2424,165055,-696.7462491549766
42,2425,165111,-446.74270519922646
42,2426,165169,-427.57188243602116
42,2427,165247,-525.8883336556579
42,2428,165332,-882.3323295199731
42,2429,165414,-785.9235962232702
42,2430,165489,-652.128769074569
42,2431,165541,-457.6653780204851
42,2432,165617,-763.5997192835623
42,2433,165693,-761.3558408209526
42,2434,165771,-826.5666215590934
42,2435,165825,-462.7035004961523
42,2436,165902,-807.6409358257379
42,2437,165953,-318.8767322316853
42,2438,166012,-535.5897529596027
42,2439,166085,-408.1990765864251
42,2440,166148,-592.3413169357777
42,2441,166201,-476.20856980401857
42,2442,166256,-413.7043418832515
42,2443,166311,-440.21994436933574
42,2444,166394,-872.4276306134407
42,2445,166495,-875.5761452175038
42,2446,166546,-390.8029185446875
42,2447,166597,-372.33623994368384
42,2448,166671,-629.5609701918812
42,2449,166733,-560.606027388234
42,2450,166795,-469.40730946527776
42,2451,166871,-733.2744857558955
42,2452,166947,-774.9779511385478
42,2453,167017,-476.262124511706
42,2454,167092,-394.0302711709786
42,2455,167154,-578.285175048283
42,2456,167227,-456.2431909991485
42,2457,167293,-593.0547765164483
42,2458,167357,-589.673923966787
42,2459,167408,-432.83621526762647
42,2460,167470,-584.8960190516509
42,2461,167536,-600.8245113913756
42,2462,167618,-725.9135733678864
42,2463,167675,-519.7495780512925
42,2464,167750,-770.7507910449192
42,2465,167834,-786.1963442128988
42,2466,167893,-487.5602662400325
42,2467,167956,-470.8550946661153
42,2468,168026,-560.4485378135706
42,2469,168110,-784.7743515147935
42,2470,168173,-519.8564938614734
42,2471,168229,-518.4589329801636
42,2472,168287,-537.0517107272467
42,2473,168340,-345.0380587745078
42,2474,168427,-842.9917647849531
42,2475,168493,-602.1434400101693
42,2476,168552,-504.97908238329325
42,2477,168640,-678.1487717946683
42,2478,168698,-474.8887860288831
42,2479,168756,-532.6903217867757
42,2480,168830,-480.67525750014613
42,2481,168901,-693.9640801203763
42,2482,168954,-424.5248385401599
42,2483,169026,-494.85346919396034
42,2484,169100,-733.7028817252327
42,2485,169181,-734.7925081681692
42,2486,169245,-523.2080773807083
42,2487,169322,-840.4273731004449
42,2488,169382,-442.1805797452129
42,2489,169434,-339.46623751154686
42,2490,169520,-824.2306472982056
42,2491,169623,-1050.3428009855481
42,2492,169677,-398.3593665307652
42,2493,169727,-403.82986623469617
42,2494,169794,-612.7346106422166
42,2495,169854,-549.3989512992066
42,2496,169932,-761.5143871205537
42,2497,170014,-730.4712031567932
42,2498,170064,-370.74482248981224
42,2499,170135,-712.9056215240139
42,2500,170218,-809.82492712631
42,2501,170300,-760.357450956174
42,2502,170368,-648.6975453633814
42,2503,170437,-483.09000975624485
42,2504,170502,-535.3217166615236
42,2505,170567,-550.3362890176568
42,2506,170635,-528.9887326354743
42,2507,170713,-702.770792428275
42,2508,170763,-430.4602936038862
42,2509,170845,-824.6104809473225
42,2510,170895,-391.0542276550668
42,2511,170978,-845.6507416405359
42,2512,171065,-865.3519644363479
42,2513,171133,-584.494613101491
42,2514,171184,-336.17993395970143
42,2515,171245,-565.5684689110337
42,2516,171331,-853.0118682289445
42,2517,171389,-412.02582288938083
42,2518,171446,-426.29232005158354
42,2519,171501,-448.9030704865434
42,2520,171578,-661.3749338662004
42,2521,171648,-496.3687260319398
42,2522,171705,-501.98034461207925
42,2523,171766,-452.7733293456671
42,2524,171853,-859.1383576631134
42,2525,171912,-461.1323141535376
42,2526,171984,-505.25302956483483
42,2527,172035,-363.6350667798801
42,2528,172096,-575.9316524073156
42,2529,172186,-1093.8339905091475
42,2530,172248,-579.1595887943286
42,2531,172330,-927.8496659421746
42,2532,172410,-833.2299259159897
42,2533,172465,-384.96963967601783
42,2534,172519,-480.0113289773519
42,2535,172578,-438.21711901960697
42,2536,172634,-412.3605754911416
42,2537,172703,-548.0794905611665
42,2538,172754,-342.9213882366321
42,2539,172810,-397.62300407122245
42,2540,172875,-519.7712027313793
42,2541,172936,-552.0876674704729
42,2542,172992,-424.8768812775592
42,2543,173050,-499.53873446013904
42,2544,173121,-652.4784544004233
42,2545,173178,-538.6843523456848
42,2546,173257,-830.9702991237145
42,2547,173312,-363.5068593405111
42,2548,173369,-395.3029600276015
42,2549,173428,-442.4069843543602
42,2550,173488,-449.442753681353
42,2551,173549,-576.6256506635925
42,2552,173635,-775.1898691681907
42,2553,173716,-811.226485133442
42,2554,173781,-601.0568138688532
42,2555,173831,-432.1863103038222
42,2556,173900,-568.9477104625164
42,2557,173967,-448.17320943534867
42,2558,174029,-525.0196281160156
42,2559,174109,-729.5761654276548
42,2560,174163,-476.03988215248654
42,2561,174216,-482.2293493280285
42,2562,174281,-615.6395920200886
42,2563,174331,-362.17220944064076
42,2564,174395,-613.7390963879305
42,2565,174458,-543.3026303646141
42,2566,174517,-434.9493893065656
42,2567,174594,-741.3624051788113
42,2568,174725,-1239.6178021953494
42,2569,174804,-823.7376080911451
42,2570,174860,-430.80006059884266
42,2571,174937,-794.9762842584207
42,2572,174997,-500.44592952854475
42,2573,175071,-772.2301178121486
42,2574,175134,-569.1684231354806
42,2575,175217,-864.730033059586
42,2576,175287,-505.3778502442607
42,2577,175370,-759.6297734333529
42,2578,175449,-801.5790198045252
42,2579,175502,-344.6144738743667
42,2580,175562,-493.32013214540814
42,2581,175651,-1008.9746849483126
42,2582,175710,-456.9018795734144
42,2583,175785,-763.096307839231
42,2584,175862,-782.6295445535974
42,2585,175911,-425.0249023195788
42,2586,175962,-444.5084943580849
42,2587,176020,-504.685422756151
42,2588,176074,-375.7611874149433
42,2589,176129,-489.7607704659106
42,2590,176189,-578.2311310809358
42,2591,176246,-444.4939015668973
42,2592,176305,-530.398592913263
42,2593,176375,-481.882233633787
42,2594,176463,-985.9463121784942
42,2595,176539,-426.7666851083733
42,2596,176594,-478.56121296468586
42,2597,176648,-418.30337451675416
42,2598,176710,-486.29016904909156
42,2599,176803,-846.3100974749498
42,2600,176860,-454.51909518248567
42,2601,176929,-597.7140848500972
42,2602,176986,-487.63079972109887
42,2603,177044,-455.2065643935765
42,2604,177105,-570.3510359685727
42,2605,177185,-806.1915117763847
42,2606,177262,-670.3377656669336
42,2607,177317,-365.91877135386534
42,2608,177384,-578.0373958925842
42,2609,177455,-585.1227108851504
42,2610,177521,-594.4694987213638
42,2611,177641,-377.94550288746734
42,2612,177713,-517.4228082120695
42,2613,177766,-369.87476649506954
42,2614,177836,-511.15616157236195
42,2615,177912,-724.9687516653271
42,2616,177968,-400.3380847776107
42,2617,178037,-481.30516687532986
42,2618,178100,-512.6283111116697
42,2619,178162,-486.5549329057479
42,2620,178240,-680.5621327643976
42,2621,178325,-906.242538058468
42,2622,178386,-559.3552855791679
42,2623,178460,-676.1575396594378
42,2624,178521,-536.125747395183
42,2625,178603,-889.5353643416327
42,2626,178656,-449.3100352089075
42,2627,178712,-504.9127038364642
42,2628,178770,-440.9397369990511
42,2629,178827,-394.45822574054534
42,2630,178892,-602.1807887414595
42,2631,178963,-655.8944550574461
42,2632,179038,-547.9514710385428
42,2633,179126,-909.9229481000294
42,2634,179183,-468.2488729507917
42,2635,179250,-629.0753101875788
42,2636,179303,-406.2898701108774
42,2637,179360,-528.1629125351647
42,2638,179419,-564.9416359187146
42,2639,179469,-363.82564672119537
42,2640,179545,-510.7232234073747
42,2641,179629,-707.7903941254239
42,2642,179688,-437.67472132924803
42,2643,179743,-411.32275276953106
42,2644,179803,-484.19878399336886
42,2645,179853,-449.0500155022617
42,2646,179903,-317.16363720429695
42,2647,179965,-563.739347489697
42,2648,180044,-738.5958544417113
42,2649,180106,-504.36897444406264
42,2650,180188,-907.1951343342103
42,2651,180246,-526.1540433078176
42,2652,180298,-455.80969879966074
42,2653,180353,-418.6686242829888
42,2654,180410,-511.7321105036777
42,2655,180470,-542.3546809154607
42,2656,180531,-464.94801452463196
42,2657,180589,-455.6668509357337
42,2658,180640,-321.7137454613078
42,2659,180707,-587.4140869602248
42,2660,180787,-773.8969393923043
42,2661,180843,-480.6727958700451
42,2662,180916,-758.0500740362817
42,2663,180982,-458.9022372460048
42,2664,181060,-730.5830345567283
42,2665,181120,-503.05948115359007
42,2666,181193,-732.6342349672534
42,2667,181260,-506.50978484709174
42,2668,181343,-737.965501645665
42,2669,181412,-497.4309627875407
42,2670,181462,-352.67386502474903
42,2671,181537,-592.1031002503139
42,2672,181618,-390.4529906211861
42,2673,181702,-899.6728813153226
42,2674,181752,-419.4126101311106
42,2675,181826,-762.3485252342958
42,2676,181883,-527.5212841096377
42,2677,181960,-516.6253161664439
42,2678,182050,-1045.5704501514392
42,2679,182126,-681.2892139214853
42,2680,182178,-445.48007017511003
42,2681,182230,-454.6394391385318
42,2682,182297,-568.6722441887096
42,2683,182384,-861.6399871778648
42,2684,182439,-407.4185918263098
42,2685,182509,-495.65998695568896
42,2686,182560,-334.77276060708436
42,2687,182645,-944.0786339444895
42,2688,182708,-473.71149067482605
42,2689,182763,-477.5017359471547
42,2690,182822,-443.59985814388483
42,2691,182909,-361.39234404790096
42,2692,182970,-506.4160540116553
42,2693,183026,-371.69285776770073
42,2694,183086,-549.2897127465916
42,2695,183142,-483.716917359424
42,2696,183231,-1030.4581354831985
42,2697,183297,-593.0506267168266
42,2698,183378,-764.6033813873944
42,2699,183437,-444.62047935991336
42,2700,183517,-763.1275512263688
42,2701,183581,-561.6799740365207
42,2702,183666,-783.2744632807776
42,2703,183717,-449.72968949910336
42,2704,183791,-760.5043052418253
42,2705,183850,-453.5041593548607
42,2706,183934,-962.4791150135608
42,2707,184020,-941.9436006725183
42,2708,184107,-792.6058671245713
42,2709,184162,-405.87827712486745
42,2710,184225,-478.67515751888686
42,2711,184301,-675.6071922839043
42,2712,184368,-514.0530619932435
42,2713,184424,-387.3571560460588
42,2714,184499,-773.103644754441
42,2715,184572,-753.5736150162409
42,2716,184635,-487.09625422399205
42,2717,184689,-381.34827269711667
42,2718,184740,-332.0315098268474
42,2719,184799,-564.1270700036536
42,2720,184859,-576.7326627080615
42,2721,184907,-397.90965235457605
42,2722,184987,-739.0872454304891
42,2723,185051,-595.3425813616977
42,2724,185110,-420.71612813340954
42,2725,185160,-331.1994534944919
42,2726,185227,-491.3231221718419
42,2727,185284,-464.931632013761
42,2728,185349,-544.7787629952413
42,2729,185402,-480.12507709440797
42,2730,185465,-507.38192390584527
42,2731,185545,-819.7817083174576
42,2732,185612,-526.1586736027418
42,2733,185670,-521.4211760809479
42,2734,185748,-767.0372547605975
42,2735,185811,-539.7121244242451
42,2736,185871,-559.9431257929186
42,2737,185950,-790.7049784840177
42,2738,186003,-369.9677015698694
42,2739,186070,-563.1970398453996
42,2740,186142,-451.2794262013399
42,2741,186220,-754.7489045460691
42,2742,186273,-359.3109901186093
42,2743,186333,-553.6103724821793
42,2744,186403,-547.3592850600955
42,2745,186474,-597.1222503172148
42,2746,186533,-463.2753179427777
42,2747,186599,-564.7236758732606
42,2748,186684,-888.887415294403
42,2749,186762,-776.4121478067647
42,2750,186834,-686.6248943647926
42,2751,186914,-729.4448500425609
42,2752,186974,-508.0393262125308
42,2753,187026,-462.74187446575246
42,2754,187086,-481.125924599911
42,2755,187138,-443.29191632043666
42,2756,187195,-438.73360433036424
42,2757,187249,-449.9894438650087
42,2758,187325,-683.3778609297358
42,2759,187387,-445.4869639051208
42,2760,187464,-698.4224605142324
42,2761,187550,-859.010970290574
42,2762,187612,-584.2084470343652
42,2763,187666,-426.80470304693796
42,2764,187745,-802.4206019057982
42,2765,187798,-403.96573318515095
42,2766,187850,-423.81141109251604
42,2767,187906,-470.5749972602212
42,2768,187964,-536.8483992784111
42,2769,188021,-481.47785667425484
42,2770,188106,-913.8833566754739
42,2771,188161,-376.22376301650206
42,2772,188221,-462.66461717526437
42,2773,188304,-828.5275414291176
42,2774,188359,-388.487071577288
42,2775,188424,-614.0178011469192
42,2776,188484,-554.9252995837819
42,2777,188562,-636.7455728349768
42,2778,188650,-939.0384311903682
42,2779,188723,-407.5345903048569
42,2780,188779,-432.4453963758802
42,2781,188861,-761.4957768591919
42,2782,188919,-466.7734045196495
42,2783,188992,-764.2367878656603
42,2784,189046,-393.5238627319032
42,2785,189128,-843.9743781361568
42,2786,189192,-539.3103744225314
42,2787,189272,-724.4754077402754
42,2788,189347,-794.5841173155443
42,2789,189405,-420.9966561005527
42,2790,189456,-383.22096248751814
42,2791,189514,-538.1048759551468
42,2792,189575,-495.94059362048324
42,2793,189636,-566.1002328079007
42,2794,189714,-691.803189317105
42,2795,189787,-621.0945565110641
42,2796,189865,-707.4538389063158
42,2797,189942,-656.8940463000492
42,2798,189995,-414.8922476427445
42,2799,190066,-731.494634138165
42,2800,190148,-738.7368193997978
42,2801,190211,-482.89498616681124
42,2802,190298,-601.5512440982342
42,2803,190349,-405.1878724814883
42,2804,190400,-453.1298663927775
42,2805,190474,-757.5648035511435
42,2806,190543,-672.9968100904218
42,2807,190649,-973.862532889703
42,2808,190700,-401.1936722625821
42,2809,190766,-472.15798064461353
42,2810,190846,-755.6780006450065
42,2811,190932,-1006.3767984004983
42,2812,190998,-638.1928936302452
42,2813,191069,-579.5332581683921
42,2814,191150,-843.0783872552429
42,2815,191202,-438.1421824139234
42,2816,191259,-434.140101351135
42,2817,191319,-566.4023661184804
42,2818,191384,-541.792771479872
42,2819,191457,-622.922806720341
42,2820,191518,-448.6050954295012
42,2821,191572,-466.0792137191704
42,2822,191641,-528.2931266825901
42,2823,191696,-387.26506520326154
42,2824,191755,-519.5843246991143
42,2825,191837,-776.7694328459834
42,2826,191906,-664.9796094771307
42,2827,191961,-362.47869077694384
42,2828,192025,-563.6591165546483
42,2829,192084,-543.6467119145211
42,2830,192136,-370.6497988058142
42,2831,192190,-389.2076367624407
42,2832,192259,-430.58735967921086
42,2833,192332,-526.9273492979659
42,2834,192392,-577.514331014564
42,2835,192459,-572.121226688572
42,2836,192525,-474.96567569798276
42,2837,192586,-578.3421384369581
42,2838,192632,-397.50215401356843
42,2839,192699,-488.6180713420687
42,2840,192782,-768.1732369461465
42,2841,192864,-729.6212828646696
42,2842,192944,-467.21354028125336
42,2843,193028,-694.2053631810293
42,2844,193114,-870.3463449416913
42,2845,193172,-459.77603799473764
42,2846,193227,-478.01321709747657
42,2847,193281,-390.3875477095561
42,2848,193341,-480.1582808184125
42,2849,193425,-913.2467112296683
42,2850,193486,-500.25257351164595
42,2851,193571,-987.5755625471293
42,2852,193635,-584.6284277822913
42,2853,193742,-613.1914670514767
42,2854,193816,-504.0604306714059
42,2855,193884,-650.3857540016128
42,2856,193963,-822.9528167071137
42,2857,194017,-402.3851812374209
42,2858,194076,-459.0696689852422
42,2859,194135,-498.5637638477427
42,2860,194188,-459.7244256934328
42,2861,194264,-773.532275565179
42,2862,194330,-504.12534466448966
42,2863,194413,-790.4660551166928
42,2864,194465,-421.62772619866763
42,2865,194548,-739.9499093775748
42,2866,194611,-540.4660838543496
42,2867,194693,-814.2702461106455
42,2868,194747,-493.606283666703
42,2869,194835,-926.1363483640472
42,2870,194914,-798.0989902920153
42,2871,194967,-466.7717247943215
42,2872,195039,-474.01605451448415
42,2873,195104,-611.1552892309433
42,2874,195159,-470.86205561923066
42,2875,195219,-558.6039650752903
42,2876,195297,-714.9711824956868
42,2877,195353,-437.65268846779986
42,2878,195436,-759.1847863809073
42,2879,195498,-581.2902023899258
42,2880,195556,-486.7013210889816
42,2881,195629,-465.3849806030354
42,2882,195681,-378.80329160311527
42,2883,195748,-531.8635853828794
42,2884,195814,-511.80440663489287
42,2885,195894,-730.7821856058173
42,2886,195965,-493.3165304062255
42,2887,196031,-536.0445049803309
42,2888,196105,-744.3349313655095
42,2889,196162,-432.6386261023537
42,2890,196213,-329.0599379244836
42,2891,196271,-486.68257724071947
42,2892,196349,-821.2554539968927
42,2893,196405,-386.5925490579917
42,2894,196460,-393.5800103223557
42,2895,196510,-372.9088433407058
42,2896,196579,-597.6029802674859
42,2897,196647,-564.871311359977
42,2898,196714,-531.5023457842209
42,2899,196771,-442.7449793939074
42,2900,196838,-624.9602500045585
42,2901,196898,-548.2042863620204
42,2902,196967,-582.6558545437001
42,2903,197046,-451.3204330231746
42,2904,197108,-555.9940124006159
42,2905,197163,-411.54265035224563
42,2906,197243,-830.4226167084173
42,2907,197306,-475.964428384464
42,2908,197370,-527.3061109769135
42,2909,197437,-553.9975875343008
42,2910,197497,-445.0014888758949
42,2911,197573,-465.1823351007676
42,2912,197658,-792.2595771073679
42,2913,197713,-396.2204342568413
42,2914,197784,-726.9425839202214
42,2915,197860,-742.6810616285128
42,2916,197945,-886.0738956659111
42,2917,198011,-624.1910184323461
42,2918,198076,-515.7800841896657
42,2919,198152,-745.5254979655268
42,2920,198208,-439.553168400086
42,2921,198295,-1033.9450257072012
42,2922,198372,-661.682536579387
42,2923,198432,-544.7494227745599
42,2924,198513,-756.3435289195235
42,2925,198590,-579.467611116671
42,2926,198667,-807.2723265035839
42,2927,198717,-426.71175558187014
42,2928,198792,-690.8021138153877
42,2929,198845,-376.48126201368905
42,2930,198908,-505.6587801682992
42,2931,198982,-747.3312029895803
42,2932,199063,-840.0690446664352
42,2933,199116,-358.9144990305357
42,2934,199180,-590.3171420518484
42,2935,199244,-510.66466077223805
42,2936,199305,-558.8676902977231
42,2937,199369,-608.6062432067406
42,2938,199433,-591.2455268439829
42,2939,199518,-842.3412122321765
42,2940,199576,-490.0594150540361
42,2941,199657,-763.255746027842
42,2942,199725,-535.5766071582501
42,2943,199788,-475.654817510696
42,2944,199861,-618.6044043050116
42,2945,199938,-660.845534511567
42,2946,200017,-795.3668590430447
42,2947,200075,-451.29896057024325
42,2948,200156,-809.9266746586721
42,2949,200208,-425.1301823052917
42,2950,200259,-414.5407183154879
42,2951,200328,-509.69247183122206
42,2952,200380,-451.2674234564153
42,2953,200445,-496.94316252188844
42,2954,200528,-904.684712317427
42,2955,200588,-463.6099505298891
42,2956,200638,-303.7685834541265
42,2957,200720,-841.82307787036
42,2958,200789,-568.840087629043
42,2959,200840,-313.5920185384862
42,2960,200922,-924.0145613300481
42,2961,201008,-841.5243573579193
42,2962,201081,-750.1304720807263
42,2963,201152,-483.7135162398632
42,2964,201206,-463.6803480947146
42,2965,201274,-634.8428568197115
42,2966,201335,-454.2724005664168
42,2967,201393,-488.5258417640769
42,2968,201472,-852.2323347449757
42,2969,201555,-835.0930615525571
42,2970,201612,-500.73128336115764
42,2971,201691,-841.5301440243161
42,2972,201762,-488.357699035221
42,2973,201812,-321.26233595472047
42,2974,201897,-780.496726931267
42,2975,201979,-717.8353342260906
42,2976,202056,-782.461678778104
42,2977,202122,-633.4867273923678
42,2978,202188,-528.7124922233909
42,2979,202247,-519.6504085385201
42,2980,202327,-717.5718280600639
42,2981,202391,-495.701745587587
42,2982,202444,-348.59014513460266
42,2983,202499,-479.31945092335803
42,2984,202549,-435.8528550453295
42,2985,202616,-548.0579867840981
42,2986,202671,-506.8677223599757
42,2987,202738,-503.6619881165517
42,2988,202810,-653.1978649081079
42,2989,202883,-667.3488391350854
42,2990,202971,-614.3356161174523
42,2991,203035,-589.6908569570744
42,2992,203100,-622.1283353364311
42,2993,203166,-556.6998225450195
42,2994,203221,-438.9153691045418
42,2995,203306,-770.2216808463024
42,2996,203358,-364.11810224432537
42,2997,203435,-661.8775263148399
42,2998,203486,-435.44026969848073
42,2999,203559,-704.4141369873345
42,3000,203608,-416.78106596713894
42,3001,203670,-613.2473416406286
42,3002,203745,-702.159572534228
42,3003,203803,-503.8834763017367
42,3004,203863,-500.332358543411
42,3005,203916,-391.22180411649924
42,3006,203966,-373.60837476988775
42,3007,204022,-500.445458835013
42,3008,204097,-811.99736361611
42,3009,204150,-392.2292274697035
42,3010,204235,-779.4521310368507
42,3011,204287,-438.70182469888215
42,3012,204348,-464.5143968343697
42,3013,204402,-483.0710528982951
42,3014,204461,-444.6470391490332
42,3015,204519,-422.49983685678166
42,3016,204597,-694.5604705564821
42,3017,204683,-1024.089238984467
42,3018,204747,-589.5535339793732
42,3019,204805,-531.5025615168177
42,3020,204891,-764.0730645019603
42,3021,204973,-814.2447848371635
42,3022,205047,-637.5532174010056
42,3023,205107,-554.1564454121021
42,3024,205180,-427.9920254161127
42,3025,205238,-456.6384965075981
42,3026,205305,-462.6212619271578
42,3027,205378,-661.5270443338478
42,3028,205455,-735.1232651281844
42,3029,205513,-483.3860129925683
42,3030,205563,-311.3061753583289
42,3031,205621,-517.712668286706
42,3032,205689,-505.7720695068569
42,3033,205756,-536.3849844516892
42,3034,205823,-566.9443718822686
42,3035,205884,-490.1290165796004
42,3036,205959,-626.9895867983519
42,3037,206065,-678.7399063156797
42,3038,206131,-540.4455611346657
42,3039,206210,-695.7591734119179
42,3040,206281,-746.0078509215175
42,3041,206361,-702.6379583880623
42,3042,206446,-1020.5611348146133
42,3043,206531,-753.192345687712
42,3044,206584,-436.46476998695255
42,3045,206647,-589.0115765721201
42,3046,206704,-393.76924370761395
42,3047,206755,-334.1899330707055
42,3048,206827,-735.8435763403585
42,3049,206879,-335.6710880366805
42,3050,206937,-537.4662940504705
42,3051,206998,-453.2408484830793
42,3052,207073,-459.67570092459835
42,3053,207132,-514.6168172851844
42,3054,207185,-458.98182413875213
42,3055,207247,-486.66069940272166
42,3056,207325,-737.7845881155996
42,3057,207403,-701.1293297819777
42,3058,207465,-480.68576805655067
42,3059,207524,-452.1370284405837
42,3060,207590,-501.8511769819093
42,3061,207640,-328.1589850919504
42,3062,207712,-707.9888723292562
42,3063,207766,-348.71460755322823
42,3064,207844,-758.1629164538174
42,3065,207928,-766.5426361792814
42,3066,207996,-509.9852679745877
42,3067,208063,-529.9620759325342
42,3068,208122,-532.2715256134529
42,3069,208185,-500.87512039760236
42,3070,208245,-425.0806927261181
42,3071,208310,-505.6001546945921
42,3072,208361,-314.8392376960311
42,3073,208418,-556.057244700963
42,3074,208478,-572.3664281657326
42,3075,208539,-552.7109896929935
42,3076,208593,-351.2962706136659
42,3077,208660,-572.168081120202
42,3078,208716,-373.5085537484
42,3079,208795,-687.9101485782429
42,3080,208877,-755.2559239769565
42,3081,208932,-464.84649158079367
42,3082,209013,-706.745362547294
42,3083,209069,-398.7054136416695
42,3084,209141,-488.6049050074762
42,3085,209201,-437.27942223994546
42,3086,209264,-525.2497959961327
42,3087,209335,-745.6362750864971
42,3088,209401,-580.7963393267955
42,3089,209463,-502.8654931979599
42,3090,209529,-600.9090585648457
42,3091,209590,-537.1751763155771
42,3092,209646,-475.1281768697256
42,3093,209733,-1049.500120965065
42,3094,209799,-633.6379020488174
42,3095,209879,-889.9818958009538
42,3096,209930,-455.8653272795305
42,3097,210003,-659.0405660844681
42,3098,210068,-627.3432378469939
42,3099,210125,-397.0632074031806
42,3100,210192,-567.7764439326799
42,3101,210256,-542.8230972291403
42,3102,210309,-375.2721156726917
42,3103,210373,-552.7179864083389
42,3104,210434,-565.4171638304715
42,3105,210501,-563.5183897652445
42,3106,210559,-434.34860127706276
42,3107,210612,-373.56371695578014
42,3108,210687,-585.750414302547
42,3109,210737,-369.9582252251398
42,3110,210809,-436.0179202449697
42,3111,210871,-469.2629352814094
42,3112,210927,-491.47168265872534
42,3113,211007,-885.4365830681835
42,3114,211090,-770.0090834602194
42,3115,211162,-718.3073139637296
42,3116,211216,-411.30352836726405
42,3117,211276,-433.4254655901732
42,3118,211330,-383.02846495004815
42,3119,211408,-724.3460191044419
42,3120,211493,-873.6826031743784
42,3121,211563,-477.8887559412759
42,3122,211627,-547.8857236905782
42,3123,211689,-467.6850161801071
42,3124,211775,-1001.9582665872915
42,3125,211843,-544.4484200463648
42,3126,211896,-387.22031700092845
42,3127,211980,-770.4349234021801
42,3128,212032,-430.1068397745969
42,3129,212093,-515.6981253428196
42,3130,212161,-629.2946553264213
42,3131,212219,-417.9669372836499
42,3132,212274,-489.09946690786387
42,3133,212331,-481.7046417431363
42,3134,212384,-390.44923895062175
42,3135,212443,-433.80125661585794
42,3136,212508,-593.8744101949869
42,3137,212578,-493.2769079845323
42,3138,212632,-475.1300463617452
42,3139,212697,-488.1067688889991
42,3140,212775,-733.151977664656
42,3141,212861,-981.2374195627264
42,3142,212921,-541.8911115164997
42,3143,212978,-494.0000848146871
42,3144,213056,-829.1646181390745
42,3145,213115,-508.3557068488895
42,3146,213198,-757.3426327128765
42,3147,213267,-562.4031409266224
42,3148,213347,-768.9185692946369
42,3149,213422,-770.9946508801684
42,3150,213489,-447.3497962531196
42,3151,213545,-482.04272377716023
42,3152,213605,-581.817563775002
42,3153,213661,-516.5190433143974
42,3154,213717,-481.1447934422077
42,3155,213793,-500.06588298036627
42,3156,213874,-892.8680691236372
42,3157,213927,-460.84803244202584
42,3158,214012,-905.6203516619914
42,3159,214077,-497.8439606945068
42,3160,214157,-840.6749543162088
42,3161,214223,-637.6818048505555
42,3162,214300,-481.3418206654676
42,3163,214367,-637.0282208583687
42,3164,214447,-737.707882802511
42,3165,214515,-562.6767239143237
42,3166,214573,-543.8910792437875
42,3167,214642,-591.6285269729148
42,3168,214694,-359.05152643572495
42,3169,214747,-408.1316235663077
42,3170,214809,-490.1836691003598
42,3171,214867,-566.1226615816109
42,3172,214962,-441.8545841968597
42,3173,215021,-508.0146201568833
42,3174,215096,-813.2665194744959
42,3175,215153,-426.7759714287537
42,3176,215208,-481.2064069252121
42,3177,215259,-449.90176934632933
42,3178,215318,-518.0669404556461
42,3179,215387,-561.8519814569606
42,3180,215510,-452.9823158957456
42,3181,215562,-331.3453388109325
42,3182,215627,-614.5381299345154
42,3183,215693,-528.2897045770162
42,3184,215743,-369.2445756504178
42,3185,215807,-633.0961398701788
42,3186,215875,-583.3153488463772
42,3187,215963,-634.6686478255423
42,3188,216024,-464.08297349399606
42,3189,216107,-785.8110062276427
42,3190,216185,-713.0482817154988
42,3191,216269,-741.8994308975393
42,3192,216322,-381.5940662259048
42,3193,216383,-496.62347524766255
42,3194,216445,-600.0048342451961
42,3195,216520,-736.0142120006736
42,3196,216593,-607.6809656285004
42,3197,216686,-329.85259003505837
42,3198,216738,-425.1776879787809
42,3199,216867,-561.037915187574
42,3200,216919,-448.4631072125972
42,3201,216978,-453.29896883704646
42,3202,217044,-546.960042184083
42,3203,217139,-729.0613175779525
42,3204,217212,-705.4940801230263
42,3205,217269,-487.4984313601043
42,3206,217320,-427.87955619931785
42,3207,217370,-379.9540276568756
42,3208,217424,-439.1101646145079
42,3209,217480,-504.7236585748751
42,3210,217559,-339.0729649694549
42,3211,217628,-596.5823886983816
42,3212,217709,-748.1858379061924
42,3213,217762,-468.39834145449396
42,3214,217827,-485.64062999767845
42,3215,217908,-860.9485030404318
42,3216,217981,-451.85707449153927
42,3217,218035,-373.1407570402543
42,3218,218089,-459.34114482746196
42,3219,218143,-383.2695420867023
42,3220,218224,-912.221358411409
42,3221,218285,-536.3337500963892
42,3222,218346,-486.1088752136944
42,3223,218423,-782.9808860045058
42,3224,218481,-508.6098576309552
42,3225,218534,-373.41827917884297
42,3226,218586,-395.7510981315585
42,3227,218668,-931.145358599402
42,3228,218721,-341.0122654059294
42,3229,218788,-504.3533467890044
42,3230,218871,-368.5070794883582
42,3231,218920,-420.4817014261369
42,3232,219002,-762.0939648895469
42,3233,219091,-847.0258768624589
42,3234,219178,-897.9917114962086
42,3235,219252,-620.1054242734353
42,3236,219335,-779.5470799532727
42,3237,219406,-594.8570701887141
42,3238,219470,-446.029800670144
42,3239,219524,-465.2577166935047
42,3240,219586,-490.5158069602003
42,3241,219642,-415.08486125057436
42,3242,219702,-446.34984822205047
42,3243,219770,-552.4535719463164
42,3244,219830,-525.0102031724175
42,3245,219892,-564.9852980981534
42,3246,219953,-486.3288183277393
42,3247,220027,-695.8654358421662
42,3248,220080,-384.9959533264228
42,3249,220148,-437.514479140914
42,3250,220233,-941.4638361245399
42,3251,220286,-483.68722432276684
42,3252,220367,-837.8933073895397
42,3253,220426,-510.8370578093936
42,3254,220499,-722.7256799783668
42,3255,220554,-480.9932491419234
42,3256,220608,-440.6580703781961
42,3257,220664,-413.8193899055529
42,3258,220721,-453.3126367788996
42,3259,220855,-1261.7783728731958
42,3260,220928,-629.0008788917035
42,3261,220981,-381.757310109218
42,3262,221062,-829.887498118717
42,3263,221127,-577.0445780930398
42,3264,221177,-403.04243278230064
42,3265,221263,-795.5398229935096
42,3266,221335,-477.9058249308159
42,3267,221455,-377.09533676409615
42,3268,221506,-436.0967921229278
42,3269,221578,-668.2078608242881
42,3270,221671,-919.6176092450563
42,3271,221730,-540.9297123854901
42,3272,221797,-568.3046411668852
42,3273,221850,-481.8719555054514
42,3274,221914,-490.3091304374493
42,3275,221988,-748.9503204353991
42,3276,222055,-567.4741791531442
42,3277,222103,-384.752110488065
42,3278,222160,-412.52569457785785
42,3279,222211,-321.0168673932594
42,3280,222282,-509.2345408850963
42,3281,222353,-578.6882230251946
42,3282,222427,-629.9877293720149
42,3283,222490,-463.16036070583976
42,3284,222566,-677.7024998998888
42,3285,222640,-696.8214826960404
42,3286,222719,-786.4903450504626
42,3287,222781,-507.26710449431494
42,3288,222859,-793.3484829091099
42,3289,222924,-512.139559989892
42,3290,222977,-374.7530216771775
42,3291,223055,-853.3711425220487
42,3292,223116,-466.6818545743364
42,3293,223198,-777.9250781016077
42,3294,223255,-427.2861975685079
42,3295,223315,-462.9231313937287
42,3296,223389,-448.21163773750857
42,3297,223468,-766.6159498819625
42,3298,223534,-547.0650546763759
42,3299,223598,-602.5554877111381
42,3300,223684,-885.6881931249038
42,3301,223738,-474.5898467755822
42,3302,223813,-564.2380743655858
42,3303,223967,-1191.8954681876223
42,3304,224020,-448.3709758673669
42,3305,224070,-397.43323674653834
42,3306,224135,-609.7060412665014
42,3307,224195,-495.6752818288485
42,3308,224282,-916.8470601200373
42,3309,224344,-449.1644734596488
42,3310,224416,-499.9495570233072
42,3311,224491,-463.3054142599044
42,3312,224557,-499.9879299152519
42,3313,224634,-647.7386525549865
42,3314,224693,-518.0589783735882
42,3315,224779,-827.5020244821109
42,3316,224846,-573.421146045682
42,3317,224904,-531.4521793065207
42,3318,224986,-847.5668525508518
42,3319,225044,-471.74769645418445
42,3320,225102,-527.5446736044144
42,3321,225179,-764.4187696597952
42,3322,225239,-553.1621934498024
42,3323,225292,-348.3135036160199
42,3324,225344,-357.1564608887989
42,3325,225431,-853.9714485243823
42,3326,225504,-771.0925884349489
42,3327,225584,-766.0673672659875
42,3328,225649,-531.4459719882509
42,3329,225720,-483.79930421465053
42,3330,225783,-593.067092679726
42,3331,225836,-359.4361719423502
42,3332,225907,-593.6500722596874
42,3333,225965,-466.1750181587289
42,3334,226033,-512.9113366774488
42,3335,226116,-765.3293431491289
42,3336,226173,-520.049465586166
42,3337,226225,-367.32766554573357
42,3338,226296,-685.4989354972291
42,3339,226373,-827.6968555675837
42,3340,226429,-529.0473203174862
42,3341,226479,-380.7207742098271
42,3342,226546,-571.5133903503306
42,3343,226604,-510.5828101500461
42,3344,226675,-652.1254923887785
42,3345,226734,-491.7148203859149
42,3346,226809,-709.8068068767282
42,3347,226888,-423.4836611337915
42,3348,226952,-494.0278411665447
42,3349,227039,-989.7719277493248
42,3350,227094,-483.84091553046414
42,3351,227169,-689.7636681022428
42,3352,227242,-603.4793601189302
42,3353,227324,-867.419885841862
42,3354,227394,-491.500049159716
42,3355,227450,-481.56721094759826
42,3356,227519,-552.083766248249
42,3357,227569,-398.62010018143326
42,3358,227642,-425.0294412904374
42,3359,227724,-760.2271376342552
42,3360,227782,-422.1357221211217
42,3361,227863,-762.4975473995078
42,3362,227913,-439.8072481801633
42,3363,227967,-450.23636785737705
42,3364,228027,-466.74842766270245
42,3365,228087,-459.71867468121565
42,3366,228143,-425.1603088389515
42,3367,228203,-551.0714273880692
42,3368,228253,-361.2229730797378
42,3369,228305,-388.1842506380703
42,3370,228388,-802.1567848890835
42,3371,228463,-543.8390395743148
42,3372,228549,-982.212395865844
42,3373,228606,-511.8210790042902
42,3374,228674,-520.7345048494706
42,3375,228737,-497.3932558551986
42,3376,228796,-412.8597537359048
42,3377,228856,-461.1898765289108
42,3378,228962,-649.4355458549015
42,3379,229042,-805.8333277464329
42,3380,229114,-716.1484882907916
42,3381,229191,-718.5658931999155
42,3382,229259,-564.372068600104
42,3383,229328,-470.20814595973206
42,3384,229379,-411.155007141627
42,3385,229443,-548.4871061440911
42,3386,229519,-739.6788308901334
42,3387,229596,-769.7723076086268
42,3388,229654,-502.2206562357192
42,3389,229724,-515.5456990799241
42,3390,229777,-420.9203503443755
42,3391,229833,-499.2866690306794
42,3392,229916,-808.2460347419341
42,3393,229990,-460.8708414363091
42,3394,230074,-830.4942498822653
42,3395,230135,-541.275492646072
42,3396,230185,-393.02853064268083
42,3397,230239,-368.55774486871326
42,3398,230300,-570.7276561275905
42,3399,230370,-693.5975335163998
42,3400,230430,-454.96246421731564
42,3401,230510,-852.0699766331595
42,3402,230561,-330.30602954383346
42,3403,230619,-442.3334262747002
42,3404,230679,-529.0764250557684
42,3405,230755,-804.8582820200451
42,3406,230818,-497.5714714701034
42,3407,230884,-502.68509297994507
42,3408,230966,-799.217199478853
42,3409,231036,-718.9749744938069
42,3410,231089,-476.2715314580904
42,3411,231172,-784.6366690093002
42,3412,231222,-419.7932211632213
42,3413,231286,-504.9439465744398
42,3414,231355,-508.7961379407634
42,3415,231433,-789.8506932269843
42,3416,231490,-431.15906509916044
42,3417,231579,-1067.5582927639646
42,3418,231651,-553.9909170875565
42,3419,231705,-373.9972856390457
42,3420,231791,-701.7810377572611
42,3421,231845,-467.9789300827094
42,3422,231916,-683.4474427356092
42,3423,231993,-425.49731926054517
42,3424,232070,-792.3017972553563
42,3425,232144,-781.4246136033868
42,3426,232209,-439.6768838529831
42,3427,232271,-512.4525933112784
42,3428,232351,-778.9828110095347
42,3429,232403,-445.8197422742536
42,3430,232458,-456.67928570311653
42,3431,232529,-500.4950780992988
42,3432,232584,-401.6276833468374
42,3433,232635,-401.36377498468113
42,3434,232714,-411.395896382583
42,3435,232776,-524.7123441235485
42,3436,232849,-468.0558480401304
42,3437,232899,-323.33633710696034
42,3438,232978,-691.9703809316799
42,3439,233045,-562.7216434849183
42,3440,233130,-823.9462952452773
42,3441,233191,-559.4349852888718
42,3442,233261,-483.79465241973753
42,3443,233334,-727.7153822707722
42,3444,233403,-482.20513324347246
42,3445,233473,-553.9941558100768
42,3446,233542,-493.31985178703576
42,3447,233595,-417.1714013114142
42,3448,233673,-689.9603512246434
42,3449,233728,-496.13370161961524
42,3450,233778,-425.9706630255076
42,3451,233868,-990.8756895595924
42,3452,233943,-658.5219284300505
42,3453,234000,-421.7687129121526
42,3454,234084,-675.3222572145501
42,3455,234153,-697.7707193004078
42,3456,234244,-565.7754962880721
42,3457,234311,-520.6505079248542
42,3458,234397,-813.8762676253708
42,3459,234480,-795.556508054727
42,3460,234530,-276.47233532267705
42,3461,234592,-505.05095025032267
42,3462,234649,-526.0698769105297
42,3463,234698,-365.04595921480285
42,3464,234754,-470.65206043106235
42,3465,234819,-497.8937073278603
42,3466,234904,-790.118584285327
42,3467,234960,-457.62887844313053
42,3468,235044,-789.1428859046804
42,3469,235114,-475.51452896116655
42,3470,235172,-418.22577695055656
42,3471,235222,-313.98974088323973
42,3472,235283,-479.4242314641476
42,3473,235361,-511.65736459173604
42,3474,235422,-507.89542242784324
42,3475,235480,-490.9171682210966
42,3476,235558,-701.4273037748445
42,3477,235621,-494.7524670269895
42,3478,235704,-781.5470510137753
42,3479,235758,-491.0087611438247
42,3480,235843,-911.2383023101005
42,3481,235912,-430.6870242363075
42,3482,235966,-376.10383624797157
42,3483,236049,-819.1346538597957
42,3484,236117,-505.7258941409275
42,3485,236170,-469.38308145016106
42,3486,236244,-737.4197118955663
42,3487,236312,-665.3609775292782
42,3488,236373,-540.2191977918519
42,3489,236425,-463.4718365313962
42,3490,236490,-485.60501693704185
42,3491,236568,-825.3129605379346
42,3492,236654,-990.0576242167643
42,3493,236760,-680.7414414251931
42,3494,236842,-784.1451636310873
42,3495,236899,-531.1544827321925
42,3496,236948,-399.1494983747617
42,3497,237017,-493.81936270644246
42,3498,237097,-859.6783649523674
42,3499,237150,-337.0527124918055
42,3500,237229,-823.4500570193369
42,3501,237291,-548.1484106879385
42,3502,237370,-750.1426950606991
42,3503,237455,-903.8235527752205
42,3504,237533,-703.0199307832136
42,3505,237613,-788.1242923059198
42,3506,237665,-416.84303524101443
42,3507,237714,-415.93024409794793
42,3508,237793,-767.1564154551885
42,3509,237874,-704.4534702673158
42,3510,237950,-766.8357735212818
42,3511,238016,-530.7484160455576
42,3512,238100,-867.8416743019369
42,3513,238177,-434.93810619524277
42,3514,238252,-506.0552900155177
42,3515,238314,-568.9132369034533
42,3516,238368,-482.95254177245334
42,3517,238424,-391.8502150516559
42,3518,238493,-587.3769536990047
42,3519,238550,-536.7221579885735
42,3520,238622,-619.8835101455381
42,3521,238674,-337.90701830574454
42,3522,238729,-377.3427971728857
42,3523,238781,-357.012092877204
42,3524,238862,-725.5530760163988
42,3525,238921,-519.4772669538503
42,3526,238981,-535.1249478905991
42,3527,239042,-562.7093519129777
42,3528,239102,-535.5706059580934
42,3529,239184,-796.4744591569172
42,3530,239265,-825.4966879322376
42,3531,239351,-922.4438443381194
42,3532,239403,-427.62465711480814
42,3533,239489,-844.5236510032382
42,3534,239541,-315.73673002986584
42,3535,239645,-914.8242624263007
42,3536,239710,-537.3585090394934
42,3537,239767,-404.21724915345044
42,3538,239839,-463.0643660931821
42,3539,239899,-453.5710943294188
42,3540,239977,-831.3495054297581
42,3541,240050,-615.98081916018
42,3542,240104,-441.59513911876087
42,3543,240171,-560.4214691618138
42,3544,240231,-565.0824936792225
42,3545,240318,-979.8467814651641
42,3546,240378,-574.1009861169986
42,3547,240437,-527.9671725246262
42,3548,240490,-390.4653422923345
42,3549,240569,-672.726294107527
42,3550,240633,-488.2255433904579
42,3551,240699,-599.7340076713726
42,3552,240788,-705.1486857381861
42,3553,240845,-492.66598192694335
42,3554,240903,-508.5823415299653
42,3555,240959,-402.8640820745722
42,3556,241039,-862.0067540876498
42,3557,241103,-509.7195828033595
42,3558,241160,-538.3687629501823
42,3559,241216,-516.8196041472139
42,3560,241269,-405.49408335862745
42,3561,241347,-678.6309799766817
42,3562,241434,-374.5824620277101
42,3563,241517,-859.1993580908883
42,3564,241607,-901.12127549116
42,3565,241695,-1040.7465232903476
42,3566,241759,-640.4477778359352
42,3567,241813,-431.7921695019392
42,3568,241864,-373.71355422180443
42,3569,241936,-665.2610975090115
42,3570,241993,-430.33615818334886
42,3571,242069,-796.0716105511815
42,3572,242144,-825.464618361721
42,3573,242224,-634.90940779765
42,3574,242297,-610.9299158089461
42,3575,242346,-411.68627430114185
42,3576,242408,-566.1708063242381
42,3577,242478,-565.2976081821585
42,3578,242547,-495.3645131677978
42,3579,242606,-547.2706315002681
42,3580,242685,-678.325833782109
42,3581,242754,-531.540592097512
42,3582,242809,-400.66164428084494
42,3583,242875,-569.1727636983879
42,3584,242930,-359.86953442413295
42,3585,242981,-333.8916347391935
42,3586,243057,-704.1329477762999
42,3587,243124,-509.4222390739419
42,3588,243177,-443.1702217020269
42,3589,243258,-710.4602148317455
42,3590,243336,-621.015156649068
42,3591,243386,-417.3596307445435
42,3592,243460,-473.7562633398056
42,3593,243518,-446.64530120613375
42,3594,243606,-918.1119686313372
42,3595,243686,-711.0424769666588
42,3596,243751,-565.2108455678095
42,3597,243803,-451.00244681994747
42,3598,243876,-670.1243511507159
42,3599,243929,-428.2253394187552
42,3600,244008,-842.3959281689168
42,3601,244078,-492.48852438532924
42,3602,244149,-668.6218507093635
42,3603,244235,-866.1497625937752
42,3604,244286,-459.20753390332857
42,3605,244422,-1018.6100698244761
42,3606,244474,-453.6408961216856
42,3607,244530,-448.1967548721682
42,3608,244580,-399.24203159157787
42,3609,244660,-664.3930939731276
42,3610,244737,-695.5412063196767
42,3611,244795,-461.66625381484783
42,3612,244859,-529.1054761729015
42,3613,244913,-455.8749840182455
42,3614,244981,-545.3951878895825
42,3615,245049,-637.5281970127842
42,3616,245122,-726.9718637456174
42,3617,245210,-1097.6631422393475
42,3618,245282,-689.2871534945754
42,3619,245365,-807.7042042221121
42,3620,245425,-467.87255217578354
42,3621,245507,-848.2627228528203
42,3622,245570,-602.5749063044233
42,3623,245649,-836.6097781916615
42,3624,245732,-907.8595340374611
42,3625,245813,-696.780991463752
42,3626,245891,-666.7248126599128
42,3627,245962,-490.91229144268743
42,3628,246019,-463.5443875864161
42,3629,246082,-467.4350203725996
42,3630,246136,-399.01558549696074
42,3631,246214,-736.9842281156955
42,3632,246283,-446.01828762104026
42,3633,246364,-821.3653587281694
42,3634,246448,-792.9502449385733
42,3635,246523,-439.73699829847214
42,3636,246588,-602.7822702719473
42,3637,246657,-641.7489767846894
42,3638,246742,-916.9420482925378
42,3639,246818,-765.5388705140672
42,3640,246901,-931.4611356878337
42,3641,246964,-474.86445794677536
42,3642,247017,-371.08769597595
42,3643,247085,-532.0264012853938
42,3644,247151,-564.3309706599916
42,3645,247213,-535.0730789397079
42,3646,247349,-1592.3517982460767
42,3647,247401,-346.76778595964976
42,3648,247458,-497.1023503746374
42,3649,247512,-487.4866462354857
42,3650,247578,-610.8863372721344
42,3651,247634,-512.7327639636144
42,3652,247700,-485.1122856132281
42,3653,247784,-807.950370537284
42,3654,247843,-550.7669510394978
42,3655,247923,-868.426904123858
42,3656,248006,-760.3081025495761
42,3657,248093,-1039.3167875175673
42,3658,248149,-513.9957265716628
42,3659,248212,-486.7756795279973
42,3660,248287,-616.6170536405334
42,3661,248356,-706.3231313526488
42,3662,248435,-821.9246474316037
42,3663,248503,-536.7896422718356
42,3664,248553,-388.7979095489762
42,3665,248627,-753.743207358292
42,3666,248698,-715.3451981502178
42,3667,248749,-367.45690810395774
42,3668,248822,-720.4085152852109
42,3669,248890,-533.0197405510272
42,3670,248961,-501.9924472940322
42,3671,249039,-819.252699180308
42,3672,249104,-550.4044070774657
42,3673,249154,-310.4664138451963
42,3674,249208,-385.2639371470387
42,3675,249284,-747.644125869181
42,3676,249371,-819.6004847548976
42,3677,249449,-701.1301977232703
42,3678,249500,-378.29501446740534
42,3679,249581,-771.9556847762709
42,3680,249632,-349.6234275973744
42,3681,249705,-629.9688162862178
42,3682,249758,-343.30749229373987
42,3683,249819,-562.0831280524815
42,3684,249893,-483.6117345085628
42,3685,249949,-441.60980907427825
42,3686,250032,-740.7918612999435
42,3687,250121,-733.3287881337246
42,3688,250183,-586.1054741489597
42,3689,250238,-369.70174069448683
42,3690,250288,-321.6747008543706
42,3691,250355,-618.3218097235856
42,3692,250416,-595.4225140417423
42,3693,250520,-629.0840189813362
42,3694,250579,-441.5609832147534
42,3695,250637,-522.6548341641728
42,3696,250694,-501.9959808717165
42,3697,250772,-664.7465170947858
42,3698,250843,-481.4119781901934
42,3699,250895,-383.52615245375466
42,3700,250978,-833.2990267941976
42,3701,251059,-827.7334307830788
42,3702,251118,-466.1031842990594
42,3703,251178,-485.44712988434645
42,3704,251246,-569.4554971672358
42,3705,251312,-571.0647135254483
42,3706,251382,-661.3272539902031
42,3707,251453,-491.15301744803276
42,3708,251518,-499.48713300348936
42,3709,251573,-361.06923835634217
42,3710,251630,-469.47802300175425
42,3711,251695,-624.2417529497551
42,3712,251746,-436.3889459424052
42,3713,251829,-399.7860489688246
42,3714,251889,-490.46221079418973
42,3715,251943,-405.21721959626694
42,3716,252021,-657.5965456749723
42,3717,252072,-420.67614575501517
42,3718,252122,-326.50221173048027
42,3719,252181,-523.0281095545886
42,3720,252242,-573.1237447158078
42,3721,252295,-364.0972011642738
42,3722,252359,-496.08499583466164
42,3723,252412,-378.8872593146651
42,3724,252478,-490.66851789203406
42,3725,252546,-476.02012593481413
42,3726,252621,-504.363320073938
42,3727,252671,-379.0712348743997
42,3728,252723,-379.9464832154742
42,3729,252776,-424.43443595515373
42,3730,252828,-345.6284975942766
42,3731,252900,-552.7850582531742
42,3732,252959,-527.3484197080086
42,3733,253018,-460.8266141786463
42,3734,253068,-412.6916037712588
42,3735,253127,-518.6141610273022
42,3736,253183,-479.7151126992411
42,3737,253238,-484.7078317434395
42,3738,253289,-338.963266409108
42,3739,253347,-478.81214912147954
42,3740,253418,-468.3104050674825
42,3741,253475,-388.7478751162501
42,3742,253538,-500.70296588084057
42,3743,253591,-461.50066877782274
42,3744,253640,-402.2488130443101
42,3745,253714,-648.2222402566985
42,3746,253771,-510.42276238377343
42,3747,253830,-501.0248331232166
42,3748,253884,-386.8416328890503
42,3749,253935,-413.01190092268826
42,3750,253997,-529.1672826195684
42,3751,254048,-336.9010167822461
42,3752,254109,-455.65057544756576
42,3753,254195,-918.0997691484654
42,3754,254249,-435.25995287800794
42,3755,254304,-368.7199492082889
42,3756,254376,-494.4069633931002
42,3757,254442,-489.9355988556914
42,3758,254495,-453.90321631709725
42,3759,254551,-429.5368567448607
42,3760,254624,-498.9216884413197
42,3761,254690,-527.7956153940561
42,3762,254762,-577.1035375917752
42,3763,254823,-488.5024482331123
42,3764,254876,-489.68392252149494
42,3765,254926,-383.4588828178648
42,3766,254979,-447.7607672552094
42,3767,255034,-481.0995292080637
42,3768,255102,-468.55662990915687
42,3769,255187,-980.0280272977973
42,3770,255248,-549.2382083331195
42,3771,255320,-730.4774931062344
42,3772,255374,-383.0729337630132
42,3773,255473,-620.884854608108
42,3774,255527,-475.17905356122105
42,3775,255578,-359.40025759291
42,3776,255661,-755.4538148040295
42,3777,255711,-310.23919270383294
42,3778,255763,-388.21697249671024
42,3779,255822,-458.4488819843971
42,3780,255873,-329.31713094776273
42,3781,255953,-700.2273466119753
42,3782,256030,-696.3676509568274
42,3783,256096,-509.6580952867433
42,3784,256153,-532.3780914175326
42,3785,256202,-424.03885140773946
42,3786,256252,-339.7493867458077
42,3787,256326,-697.2195649184888
42,3788,256382,-425.5261417123527
42,3789,256448,-631.8786266681743
42,3790,256508,-490.6103509292431
42,3791,256578,-649.9676174197497
42,3792,256650,-629.7391369917482
42,3793,256708,-518.726771266367
42,3794,256785,-707.0778287771637
42,3795,256857,-729.586546972844
42,3796,256946,-939.245667140689
42,3797,257011,-663.6807008918081
42,3798,257061,-424.27755722324974
42,3799,257122,-456.788435619195
42,3800,257196,-515.7584035977967
42,3801,257247,-415.49387870244794
42,3802,257324,-785.8564212767942
42,3803,257402,-689.4950097212591
42,3804,257468,-618.1875186278824
42,3805,257535,-512.4820220234975
42,3806,257601,-660.2800644055158
42,3807,257727,-1076.3864123650644
42,3808,257780,-471.2197720452551
42,3809,257863,-888.1564068559707
42,3810,257947,-776.4207350500209
42,3811,258029,-867.4599050643322
42,3812,258099,-524.4924880474044
42,3813,258163,-493.79824441901144
42,3814,258238,-736.5602357227061
42,3815,258313,-777.661625822284
42,3816,258366,-358.8060686992625
42,3817,258430,-603.1899664420393
42,3818,258499,-519.9590263240889
42,3819,258565,-508.81338077207073
42,3820,258645,-675.4009106010487
42,3821,258735,-979.1031134714787
42,3822,258801,-601.5814540994127
42,3823,258868,-622.3036288073223
42,3824,258933,-526.873310495811
42,3825,259005,-752.6318650230073
42,3826,259065,-547.6591446736307
42,3827,259119,-383.39824770226477
42,3828,259202,-782.4381230623178
42,3829,259266,-608.2139829111369
42,3830,259342,-739.421743775532
42,3831,259394,-334.51175000087926
42,3832,259460,-590.4627675383526
42,3833,259521,-472.5776238738461
42,3834,259572,-358.7821724456193
42,3835,259630,-420.3319374720705
42,3836,259688,-526.5678727165393
42,3837,259770,-861.7799821221159
42,3838,259840,-482.68434803940545
42,3839,259891,-341.30458905316846
42,3840,259967,-689.94771990831
42,3841,260034,-529.4743682599504
42,3842,260112,-688.505311116819
42,3843,260177,-549.2708433138368
42,3844,260242,-599.3676318589712
42,3845,260308,-621.7209298544504
42,3846,260389,-470.43743497435037
42,3847,260459,-495.35354279521664
42,3848,260542,-896.7520605555911
42,3849,260619,-819.9181129689957
42,3850,260680,-532.9865958582712
42,3851,260747,-611.3759111178915
42,3852,260809,-496.6409981667398
42,3853,260874,-498.88367705859275
42,3854,260950,-562.5862089753622
42,3855,261008,-463.7832838497115
42,3856,261065,-412.76428157753963
42,3857,261119,-484.3567118150704
42,3858,261173,-379.1717686774422
42,3859,261250,-785.9165748559243
42,3860,261305,-430.4104306754381
42,3861,261377,-668.0012319415778
42,3862,261439,-484.893256301032
42,3863,261514,-629.9230887734699
42,3864,261567,-477.1264907284956
42,3865,261645,-443.6437978435247
42,3866,261697,-359.1907097468553
42,3867,261776,-824.6667309746509
42,3868,261829,-476.78262584943576
42,3869,261880,-314.32550704709206
42,3870,261949,-524.8493619245196
42,3871,262027,-410.20246908662034
42,3872,262087,-463.3642436403006
42,3873,262169,-786.7099521897777
42,3874,262223,-417.4487078579684
42,3875,262273,-408.87128820481666
42,3876,262349,-792.2803306280314
42,3877,262432,-784.2764040179211
42,3878,262510,-794.0074363544359
42,3879,262568,-507.0532336813406
42,3880,262620,-363.1524891749367
42,3881,262683,-582.5390579477395
42,3882,262757,-458.3798883832409
42,3883,262823,-609.95102709262
42,3884,262886,-544.6286201303465
42,3885,262961,-697.9758271235855
42,3886,263040,-812.6577967509105
42,3887,263111,-592.0717440243884
42,3888,263164,-436.7415362653743
42,3889,263219,-398.4363406876858
42,3890,263281,-452.60595055649867
42,3891,263355,-451.59812690491776
42,3892,263422,-467.34807558224054
42,3893,263482,-477.59809390063486
42,3894,263541,-559.3006888287193
42,3895,263599,-424.60199841444904
42,3896,263664,-559.1711743472127
42,3897,263715,-370.8531708961769
42,3898,263794,-762.396448793172
42,3899,263867,-603.1705398639567
42,3900,263948,-619.952881563446
42,3901,264008,-171.87896001830944
42,3902,264075,-284.6104170895445
42,3903,264162,-809.9913687647357
42,3904,264233,-501.04367744528236
42,3905,264292,-446.25418281675275
42,3906,264361,-561.86769135571
42,3907,264415,-351.66977652028277
42,3908,264485,-564.5384009379618
42,3909,264543,-485.0928370340354
42,3910,264593,-395.46138684638294
42,3911,264666,-596.4987087583623
42,3912,264745,-790.5229624596773
42,3913,264801,-477.78883981687306
42,3914,264861,-521.3143262009697
42,3915,264916,-396.69864049182866
42,3916,264964,-409.6966084385956
42,3917,265046,-906.3409397225478
42,3918,265123,-806.564882876669
42,3919,265203,-748.7369234274624
42,3920,265274,-512.9715449396444
42,3921,265337,-565.331971698746
42,3922,265420,-768.8295382325775
42,3923,265498,-715.4530342603188
42,3924,265575,-467.85569952493995
42,3925,265640,-553.7199865635807
42,3926,265695,-492.4470777651311
42,3927,265745,-311.31194329115306
42,3928,265823,-814.9934353250811
42,3929,265904,-683.209893566542
42,3930,265967,-586.6247654662134
42,3931,266037,-465.5091278303231
42,3932,266088,-332.380425858281
42,3933,266148,-448.46205903157505
42,3934,266199,-421.40692528406095
42,3935,266259,-548.7410561914545
42,3936,266327,-609.2148576114271
42,3937,266383,-505.7595054342982
42,3938,266459,-791.03312755802
42,3939,266515,-457.54866582283177
42,3940,266593,-796.1028785665333
42,3941,266658,-599.2779142445455
42,3942,266716,-446.7813302490444
42,3943,266787,-617.9713438516872
42,3944,266838,-364.58456622239925
42,3945,266906,-506.3625401376448
42,3946,266986,-763.5222280260724
42,3947,267050,-549.6602974025616
42,3948,267127,-658.6522766686933
42,3949,267193,-546.3322393624244
42,3950,267247,-385.9644769021785
42,3951,267310,-586.1570300378022
42,3952,267379,-491.3658060457476
42,3953,267470,-826.6084098086886
42,3954,267522,-332.4637867495562
42,3955,267586,-478.9518510207474
42,3956,267661,-742.7075007391629
42,3957,267712,-425.68154852382105
42,3958,267777,-541.0795658033313
42,3959,267857,-792.3728134439831
42,3960,267910,-391.2528558522059
42,3961,267966,-390.72038956813185
42,3962,268017,-372.8053069819815
42,3963,268089,-493.78425415048207
42,3964,268145,-494.8171329850805
42,3965,268214,-507.39754462432927
42,3966,268280,-547.033821620812
42,3967,268338,-442.13960311674055
42,3968,268390,-353.75907353787176
42,3969,268448,-525.1063036375999
42,3970,268513,-608.2338219656926
42,3971,268578,-527.3485978688046
42,3972,268638,-543.5632019991547
42,3973,268702,-503.16854399369913
42,3974,268769,-579.4710126847694
42,3975,268852,-781.2161665185221
42,3976,268908,-505.6614108165037
42,3977,268984,-365.92803202490467
42,3978,269063,-775.6762654235644
42,3979,269120,-428.43195839747
42,3980,269204,-788.4822112476489
42,3981,269261,-522.2509314953841
42,3982,269322,-444.09479710948483
42,3983,269384,-508.08168999288586
42,3984,269444,-545.4293724486417
42,3985,269510,-554.4776771852653
42,3986,269591,-837.64315527516
42,3987,269647,-447.6588130796103
42,3988,269723,-760.6108186901727
42,3989,269773,-339.1100528507326
42,3990,269901,-1238.7564933264875
42,3991,269954,-448.8232895808374
42,3992,270017,-561.8250755187889
42,3993,270071,-378.5363421748467
42,3994,270131,-507.4175687327593
42,3995,270193,-475.6996568702086
42,3996,270245,-469.0628104868706
42,3997,270322,-723.6464713630785
42,3998,270409,-928.7594626710014
42,3999,270472,-491.7571157398718
42,4000,270540,-569.5325401796763
42,4001,270621,-914.2822754519751
42,4002,270690,-489.4936947598154
42,4003,270743,-400.3196257100064
42,4004,270805,-569.0474652307616
42,4005,270866,-548.599419939024
42,4006,270934,-602.3800678779637
42,4007,271004,-572.2544189657409
42,4008,271066,-523.8720062784719
42,4009,271137,-481.1635629941961
42,4010,271202,-500.30981081480184
42,4011,271259,-480.6097468809447
42,4012,271334,-446.0507836621656
42,4013,271399,-615.8255509518445
42,4014,271453,-406.64923306578174
42,4015,271518,-519.4337304181461
42,4016,271572,-474.06061026918127
42,4017,271686,-611.1893931133154
42,4018,271764,-814.0198294934614
42,4019,271820,-505.2006760305201
42,4020,271872,-454.92831087949315
42,4021,271947,-778.235148645239
42,4022,272017,-545.6953486269001
42,4023,272075,-435.6529328564197
42,4024,272144,-518.331845990716
42,4025,272214,-594.0201349834597
42,4026,272265,-438.82525100630414
42,4027,272337,-647.3070147262488
42,4028,272404,-674.9865473841809
42,4029,272457,-366.501581212732
42,4030,272514,-502.7616579650292
42,4031,272573,-506.0071829875609
42,4032,272636,-501.4731403999487
42,4033,272723,-804.5319076176231
42,4034,272783,-552.4607836516652
42,4035,272853,-718.9794931947864
42,4036,272903,-384.2701379872264
42,4037,272984,-875.0395334614142
42,4038,273040,-510.2843653349941
42,4039,273116,-794.2228878566582
42,4040,273167,-404.359787071035
42,4041,273229,-585.8015026442213
42,4042,273380,-992.2598443383476
42,4043,273449,-675.416614045486
42,4044,273508,-531.9105662878214
42,4045,273568,-563.6669670973947
42,4046,273629,-466.64178169665286
42,4047,273700,-707.7070393056081
42,4048,273757,-406.5542109632773
42,4049,273822,-503.0770125700294
42,4050,273880,-553.0937494876506
42,4051,273943,-595.6782362085376
42,4052,273996,-444.28604175895515
42,4053,274076,-848.9517235032623
42,4054,274144,-525.2548838576172
42,4055,274215,-674.2492604410601
42,4056,274275,-553.3294511037157
42,4057,274348,-608.4610828439097
42,4058,274415,-487.5933773703582
42,4059,274499,-860.8132152249713
42,4060,274578,-830.4955128098544
42,4061,274635,-399.20902743427376
42,4062,274696,-571.6970608689718
42,4063,274782,-919.7790330492367
42,4064,274844,-569.8137765593331
42,4065,274926,-824.9158822357039
42,4066,275003,-824.5087714534897
42,4067,275083,-679.6611769171047
42,4068,275139,-399.0483478272436
42,4069,275227,-342.5962256406038
42,4070,275308,-739.003641601855
42,4071,275384,-715.8714043287904
42,4072,275469,-355.64574955137766
42,4073,275525,-445.2774179282555
42,4074,275592,-540.1154614745778
42,4075,275661,-685.2197165731334
42,4076,275728,-534.6308054841361
42,4077,275784,-451.7111196549472
42,4078,275844,-551.506472310831
42,4079,275920,-498.6582049303478
42,4080,275980,-443.28832798829234
42,4081,276040,-554.5055878447886
42,4082,276099,-480.1368064961001
42,4083,276171,-545.9001715591182
42,4084,276228,-458.4758003756691
42,4085,276306,-820.8880750874852
42,4086,276369,-493.2332783693074
42,4087,276420,-428.50744002176873
42,4088,276499,-769.0503725985805
42,4089,276565,-583.5625816248103
42,4090,276637,-475.2320637642109
42,4091,276690,-386.65033452484556
42,4092,276750,-543.7515112973492
42,4093,276822,-584.6308298851936
42,4094,276882,-553.0812881459367
42,4095,276948,-607.782943194901
42,4096,277034,-1025.9031345579467
42,4097,277081,-394.97139028804844
42,4098,277132,-347.4705918700347
42,4099,277211,-437.34137578568254
42,4100,277279,-656.1043299261678
42,4101,277345,-531.6941186791048
42,4102,277431,-1000.8814154524365
42,4103,277510,-827.0383651458783
42,4104,277563,-439.1853250639422
42,4105,277620,-549.0690682361812
42,4106,277687,-564.7015405028385
42,4107,277749,-566.0729806828149
42,4108,277806,-435.9361912706822
42,4109,277859,-357.1031914933963
42,4110,277941,-815.3589729553134
42,4111,277998,-526.1417777002816
42,4112,278049,-434.49713712554194
42,4113,278151,-836.0661789471553
42,4114,278236,-760.8035353308507
42,4115,278287,-412.44678281877816
42,4116,278353,-609.2995040183273
42,4117,278411,-426.21259289676584
42,4118,278476,-646.1077750497744
42,4119,278583,-865.3369898520153
42,4120,278653,-703.2646576677881
42,4121,278721,-491.3516946394726
42,4122,278790,-632.9897087011717
42,4123,278877,-886.0836490565227
42,4124,278931,-496.49797230330637
42,4125,279013,-765.682140105752
42,4126,279076,-612.1620963102285
42,4127,279136,-494.6845147545639
42,4128,279189,-392.3027681377753
42,4129,279279,-1095.291841076029
42,4130,279347,-556.3271461909286
42,4131,279397,-343.97929304561194
42,4132,279460,-582.2368756491223
42,4133,279515,-473.08949268786057
42,4134,279620,-599.3019694828481
42,4135,279705,-959.1622703816624
42,4136,279769,-573.7407213440185
42,4137,279820,-384.8925365954046
42,4138,279899,-827.6150905809121
42,4139,279950,-432.23634498819064
42,4140,280014,-499.9187584179715
42,4141,280068,-463.01367521302706
42,4142,280146,-816.1855294203484
42,4143,280215,-512.6079490969158
42,4144,280284,-614.794965069055
42,4145,280364,-789.2776204680529
42,4146,280421,-427.0166913527932
42,4147,280482,-435.5560173721126
42,4148,280547,-504.2992724550969
42,4149,280629,-867.0515609033167
42,4150,280705,-771.0549006798404
42,4151,280756,-463.65763636548235
42,4152,280843,-1033.973483353098
42,4153,280915,-704.9349638099117
42,4154,280999,-800.1668837551712
42,4155,281068,-495.6121814235771
42,4156,281150,-813.455558226949
42,4157,281227,-658.0889365770422
42,4158,281289,-567.6059894677624
42,4159,281366,-852.8810759364675
42,4160,281433,-425.3929749594946
42,4161,281485,-437.1059305688384
42,4162,281558,-749.0093431650479
42,4163,281620,-564.9193312835948
42,4164,281676,-478.09377796207167
42,4165,281753,-652.9428723283158
42,4166,281822,-551.0715451687249
42,4167,281877,-402.930137051495
42,4168,281961,-836.7994883855848
42,4169,282015,-353.04489931198566
42,4170,282089,-440.81432334062583
42,4171,282141,-439.08257656322445
42,4172,282201,-531.7440608732443
42,4173,282280,-760.664705879691
42,4174,282336,-496.0541771471111
42,4175,282388,-370.12948834630106
42,4176,282474,-787.3291078234433
42,4177,282524,-355.77112246806195
42,4178,282577,-353.50489706753206
42,4179,282674,-362.1938382181113
42,4180,282735,-541.6714841040513
42,4181,282804,-567.0961397067101
42,4182,282886,-758.2390832241172
42,4183,282968,-856.8815954116482
42,4184,283045,-782.6721127035606
42,4185,283103,-537.360489327094
42,4186,283167,-565.3914391890137
42,4187,283232,-602.6340851670103
42,4188,283284,-450.2097309919678
42,4189,283335,-390.67843559794727
42,4190,283405,-658.713810158558
42,4191,283462,-409.05706449184964
42,4192,283517,-355.503953091216
42,4193,283568,-396.706201520581
42,4194,283619,-409.3630340957183
42,4195,283702,-831.2395314025383
42,4196,283779,-721.6915621239519
42,4197,283850,-675.0591996838566
42,4198,283918,-545.1231312571156
42,4199,283996,-876.6155600898877
42,4200,284079,-657.734597058909
42,4201,284145,-569.0096189834659
42,4202,284201,-374.5811943057374
42,4203,284253,-370.7515972765492
42,4204,284331,-758.0635600000678
42,4205,284383,-456.21477881350853
42,4206,284435,-328.98385956391667
42,4207,284487,-474.9751056417015
42,4208,284558,-695.5967328628043
42,4209,284644,-977.5483824921511
42,4210,284722,-514.2408083233173
42,4211,284782,-560.0633409614802
42,4212,284861,-756.689001490288
42,4213,284916,-504.3892899984996
42,4214,284996,-772.744824768061
42,4215,285066,-561.5183646966524
42,4216,285150,-781.6920456764841
42,4217,285207,-470.4063341325707
42,4218,285270,-591.1142988302195
42,4219,285341,-464.35762865438653
42,4220,285451,-611.8842899203441
42,4221,285523,-615.4733950494991
42,4222,285593,-545.321067218893
42,4223,285669,-793.9659319678213
42,4224,285750,-725.6214992960573
42,4225,285836,-1007.0751272239258
42,4226,285897,-555.3216525152429
42,4227,285955,-445.6055476815347
42,4228,286033,-828.5809384406775
42,4229,286114,-634.3389615462186
42,4230,286179,-605.1383074239175
42,4231,286242,-530.0138507907828
42,4232,286317,-783.2933953877803
42,4233,286376,-513.9063864411521
42,4234,286439,-620.9177790963697
42,4235,286512,-411.22030158457517
42,4236,286570,-528.3409443944179
42,4237,286635,-616.4431730321492
42,4238,286692,-462.78785250662855
42,4239,286752,-506.65684436022826
42,4240,286807,-446.80235027766736
42,4241,286863,-427.4055808987287
42,4242,286916,-444.74994759983696
42,4243,286985,-581.7491238426667
42,4244,287062,-665.5547696409534
42,4245,287110,-391.16460002637945
42,4246,287171,-478.7540454760406
42,4247,287244,-593.906777745855
42,4248,287300,-405.83473635085517
42,4249,287352,-446.95732787263483
42,4250,287407,-459.8132902822439
42,4251,287476,-538.4949548616233
42,4252,287560,-690.710364056693
42,4253,287626,-549.892702934499
42,4254,287700,-460.369762267478
42,4255,287756,-508.89647852594504
42,4256,287844,-828.8242375634144
42,4257,287904,-561.7666990426967
42,4258,287959,-359.3930035176334
42,4259,288017,-498.1239912765114
42,4260,288092,-669.7697992829894
42,4261,288149,-535.5011846166014
42,4262,288207,-520.7082128277451
42,4263,288275,-538.1653811727019
42,4264,288387,-1001.2743642764467
42,4265,288435,-416.5775427036492
42,4266,288512,-742.6684303798086
42,4267,288566,-476.81289715206765
42,4268,288641,-752.0352740192685
42,4269,288691,-422.9570929001346
42,4270,288769,-769.5363936888252
42,4271,288825,-454.12616160110196
42,4272,288907,-772.6533432283277
42,4273,288962,-382.96516369536033
42,4274,289015,-340.2274386630004
42,4275,289083,-637.4412059625137
42,4276,289154,-732.9346026625475
42,4277,289230,-458.09612903042444
42,4278,289287,-452.5203904583926
42,4279,289350,-522.8548068419532
42,4280,289407,-427.72804582038214
42,4281,289494,-991.3181609642344
42,4282,289562,-630.5328777018689
42,4283,289615,-381.48549157483365
42,4284,289672,-406.81952219557155
42,4285,289733,-472.91942619580215
42,4286,289803,-586.9138949787733
42,4287,289861,-515.8893369277451
42,4288,289946,-503.3053511404887
42,4289,290029,-316.8131362307138
42,4290,290105,-738.6512391677387
42,4291,290164,-445.61175423960583
42,4292,290247,-834.400856348055
42,4293,290302,-391.1420636134468
42,4294,290357,-508.303276465702
42,4295,290431,-650.2298450629938
42,4296,290497,-558.6110541644995
42,4297,290574,-807.0417106654992
42,4298,290643,-653.8671201492075
42,4299,290700,-416.60757360967784
42,4300,290760,-469.5925961166731
42,4301,290816,-438.6851687018659
42,4302,290889,-606.7858352636079
42,4303,290946,-466.19605288248135
42,4304,291004,-444.37031749637293
42,4305,291084,-717.1968079428559
42,4306,291164,-741.1614126079778
42,4307,291237,-677.5135543492847
42,4308,291297,-488.4734306253014
42,4309,291357,-550.8850289287141
42,4310,291436,-731.6002787503692
42,4311,291521,-786.1286292695806
42,4312,291604,-864.8472501904348
42,4313,291656,-428.3618798001874
42,4314,291721,-543.6149524917013
42,4315,291784,-540.5049724226956
42,4316,291870,-851.1077780399186
42,4317,291933,-477.79315748663663
42,4318,291990,-530.1528639096043
42,4319,292063,-712.6401766565764
42,4320,292114,-335.5557236672656
42,4321,292165,-433.9290144412347
42,4322,292217,-366.902592294446
42,4323,292268,-371.216888909012
42,4324,292339,-495.78277104736856
42,4325,292399,-567.677845815207
42,4326,292484,-769.4369840157588
42,4327,292542,-498.51633735172874
42,4328,292594,-433.66128091189313
42,4329,292666,-594.0965267894326
42,4330,292732,-614.0907151912495
42,4331,292816,-883.5042949083223
42,4332,292889,-444.53966134548375
42,4333,292963,-769.2276823229187
42,4334,293029,-528.6441113123935
42,4335,293100,-735.0296861109571
42,4336,293178,-788.1885903519048
42,4337,293238,-441.78227774973516
42,4338,293313,-766.4362477039574
42,4339,293399,-978.2046434509427
42,4340,293451,-467.84255986417594
42,4341,293520,-601.7565904989159
42,4342,293594,-443.2616989128717
42,4343,293644,-437.63452673028047
42,4344,293703,-412.92390588866635
42,4345,293785,-921.2532411409818
42,4346,293855,-637.3206464726469
42,4347,293909,-377.50806527850403
42,4348,293987,-762.3444357128685
42,4349,294076,-1090.6106054130864
42,4350,294146,-473.3415642733182
42,4351,294220,-627.3166798369306
42,4352,294307,-850.089550654782
42,4353,294364,-468.01567174191337
42,4354,294418,-378.4953327272979
42,4355,294472,-369.393820836125
42,4356,294552,-883.1113935521088
42,4357,294608,-392.90678837572943
42,4358,294674,-499.8906107802369
42,4359,294754,-723.0520366712233
42,4360,294833,-826.6340510287195
42,4361,294895,-509.8074881767429
42,4362,294968,-489.97124595004266
42,4363,295058,-1075.7843303825448
42,4364,295129,-616.7851113075565
42,4365,295201,-451.3200836160338
42,4366,295263,-497.23784751525903
42,4367,295316,-458.76838465486827
42,4368,295367,-416.682075010692
42,4369,295445,-781.7132964458001
42,4370,295504,-540.3843275292942
42,4371,295555,-447.0095557890361
42,4372,295620,-603.6670716513224
42,4373,295681,-563.8655322187377
42,4374,295734,-372.95756097890205
42,4375,295807,-717.521800051744
42,4376,295886,-706.401842998419
42,4377,295965,-565.7590092880253
42,4378,296019,-435.6808676759974
42,4379,296072,-375.7552625413573
42,4380,296159,-691.0330708094494
42,4381,296214,-394.7154513325983
42,4382,296280,-527.2794347539159
42,4383,296331,-416.8620779685878
42,4384,296408,-761.3973393502231
42,4385,296478,-603.2233352160642
42,4386,296534,-402.28459607403806
42,4387,296593,-512.3081136381968
42,4388,296664,-541.3693434053674
42,4389,296750,-781.1223204101607
42,4390,296810,-483.5701815124804
42,4391,296866,-379.1762931436901
42,4392,296939,-608.2412383787736
42,4393,297014,-755.0302528559251
42,4394,297075,-477.07687977174857
42,4395,297136,-578.4845799557886
42,4396,297218,-762.880833914771
42,4397,297273,-495.277240893115
42,4398,297334,-495.95281637374535
42,4399,297415,-630.2556252127137
42,4400,297496,-920.3549638914832
42,4401,297571,-505.7086267947162
42,4402,297646,-500.94914677552026
42,4403,297707,-545.6819490617601
42,4404,297777,-538.5160910000552
42,4405,297824,-395.1568683594897
42,4406,297873,-413.87463278209515
42,4407,297950,-801.2162013181085
42,4408,298021,-689.3540415734434
42,4409,298090,-617.5675767387607
42,4410,298141,-427.417235567439
42,4411,298197,-477.94003138074106
42,4412,298268,-493.43099443209394
42,4413,298350,-750.4637102741133
42,4414,298400,-405.3088864553656
42,4415,298471,-632.3422939960808
42,4416,298537,-569.444650142882
42,4417,298594,-506.4323408403368
42,4418,298650,-493.52172984359146
42,4419,298717,-459.48996607109655
42,4420,298795,-813.9331674466189
42,4421,298848,-465.30740156131344
42,4422,298929,-849.1219651749633
42,4423,298982,-482.0655314553227
42,4424,299057,-768.4377405357909
42,4425,299120,-504.6858883857879
42,4426,299174,-467.0340975124531
42,4427,299232,-527.090402069937
42,4428,299310,-729.8781669682596
42,4429,299374,-531.1159701146248
42,4430,299425,-342.7919591932704
42,4431,299489,-462.15911645774474
42,4432,299545,-403.8220969641923
42,4433,299609,-514.0254592083518
42,4434,299683,-755.1612305714382
42,4435,299760,-708.1584832131759
42,4436,299826,-644.2799952744632
42,4437,299876,-342.8409095964183
42,4438,299961,-890.2672250968936
42,4439,300011,-351.8185675577462
42,4440,300063,-412.695888804015
42,4441,300120,-437.2906587474259
42,4442,300172,-438.37935537374227
42,4443,300257,-811.2746352832205
42,4444,300310,-480.5460193057522
42,4445,300388,-668.1438326135017
42,4446,300438,-434.0725785517168
42,4447,300491,-410.2929840737468
42,4448,300545,-393.75169355686836
42,4449,300617,-728.2876282025783
42,4450,300673,-507.40582554013844
42,4451,300756,-947.0963928647388
42,4452,300836,-741.4752250814871
42,4453,300900,-502.96099199321145
42,4454,300980,-633.5914290433161
42,4455,301046,-570.8430144842209
42,4456,301115,-621.7539015773455
42,4457,301185,-495.47424495913504
42,4458,301237,-430.34247006765554
42,4459,301299,-463.49803898266845
42,4460,301372,-690.1087125364738
42,4461,301439,-522.7426544973721
42,4462,301504,-524.4185287073637
42,4463,301566,-590.5429006967331
42,4464,301624,-448.5417104001421
42,4465,301676,-386.8945676401961
42,4466,301731,-432.52234800705105
42,4467,301782,-364.108595661313
42,4468,301845,-502.63557229658807
42,4469,301900,-461.45038082294025
42,4470,301956,-506.9562350406871
42,4471,302020,-478.28591325556204
42,4472,302078,-517.5624763844755
42,4473,302151,-440.08453900596544
42,4474,302235,-925.2826221866363
42,4475,302292,-512.5639498445445
42,4476,302369,-658.6709372963245
42,4477,302427,-529.9084912337632
42,4478,302477,-313.95167352892315
42,4479,302562,-941.2879552367376
42,4480,302625,-519.6484327046481
42,4481,302678,-361.60010889309495
42,4482,302727,-413.76428734154933
42,4483,302807,-664.5531848697048
42,4484,302863,-380.2610071740186
42,4485,302920,-523.6352559758309
42,4486,302971,-361.38406115251695
42,4487,303052,-663.5887880337735
42,4488,303108,-485.6017614713777
42,4489,303163,-386.0662181112234
42,4490,303235,-459.28012178538324
42,4491,303305,-690.7468324042586
42,4492,303371,-610.7782303582389
42,4493,303434,-546.0314243165709
42,4494,303494,-453.79250913772796
42,4495,303572,-709.7497426503098
42,4496,303644,-671.5693617806594
42,4497,303706,-523.6022117426489
42,4498,303763,-484.0218094535515
42,4499,303855,-612.912060259645
42,4500,303909,-385.40214364212625
42,4501,303960,-423.06364034986024
42,4502,304044,-845.7815205676715
42,4503,304098,-393.93235782178573
42,4504,304150,-320.44878988332704
42,4505,304208,-460.71575521039915
42,4506,304294,-847.7158590053212
42,4507,304352,-439.5202953958471
42,4508,304426,-623.6376564239374
42,4509,304490,-596.0464630620504
42,4510,304548,-530.6657985764483
42,4511,304628,-706.6133809986887
42,4512,304709,-824.4741774411642
42,4513,304796,-358.7418816313384
42,4514,304865,-550.872759005578
42,4515,304922,-479.9668030749736
42,4516,304978,-491.3243597033296
42,4517,305049,-483.0651251202705
42,4518,305135,-979.4707847397937
42,4519,305198,-480.50588993512577
42,4520,305299,-682.7506858790547
42,4521,305351,-431.62103445043664
42,4522,305415,-533.704630802304
42,4523,305490,-661.9909370899477
42,4524,305568,-767.8357250329016
42,4525,305646,-774.1634856183776
42,4526,305714,-571.0402353787031
42,4527,305765,-411.25186029068357
42,4528,305830,-589.8881787084204
42,4529,305913,-770.1167881853199
42,4530,305977,-608.5693355364097
42,4531,306030,-348.2394013167619
42,4532,306107,-696.299928349117
42,4533,306167,-454.05030684515043
42,4534,306237,-711.736208402617
42,4535,306300,-506.64839549210535
42,4536,306366,-544.1532580836938
42,4537,306418,-410.2072221765947
42,4538,306481,-488.77676099716325
42,4539,306544,-483.19041441010904
42,4540,306608,-592.4203767410863
42,4541,306676,-518.841015009397
42,4542,306736,-439.5110337351984
42,4543,306819,-726.9585001245266
42,4544,306888,-591.3202241224798
42,4545,306958,-477.2289627029354
42,4546,307035,-742.3656188490772
42,4547,307094,-438.531566175015
42,4548,307145,-436.08909879244925
42,4549,307198,-438.0698885169521
42,4550,307283,-987.0542267689875
42,4551,307335,-465.85078334332405
42,4552,307420,-964.0830024576896
42,4553,307492,-720.6126918185278
42,4554,307544,-444.7753417635741
42,4555,307629,-766.8462927581812
42,4556,307688,-555.7327385519104
42,4557,307738,-341.6486863127457
42,4558,307791,-343.92413296994766
42,4559,307843,-374.365685346677
42,4560,307908,-601.2040037139284
42,4561,307992,-798.222483982635
42,4562,308052,-451.4383095123816
42,4563,308132,-727.8413782117618
42,4564,308208,-737.3529090537012
42,4565,308258,-386.60174667735095
42,4566,308331,-607.2414872583624
42,4567,308412,-914.462914782447
42,4568,308495,-886.1524807572322
42,4569,308545,-375.8150154823447
42,4570,308601,-456.8302087215609
42,4571,308650,-421.7638649112946
42,4572,308704,-383.77681374619453
42,4573,308769,-527.2762821949557
42,4574,308825,-511.65977115231203
42,4575,308886,-564.7707507627342
42,4576,308954,-530.6692544873608
42,4577,309008,-498.7361983625276
42,4578,309067,-542.3695983690802
42,4579,309118,-308.37292250965174
42,4580,309176,-471.84648410977974
42,4581,309323,-1247.3846031111373
42,4582,309377,-374.41298980582275
42,4583,309462,-350.85767780326546
42,4584,309521,-550.2239874201291
42,4585,309602,-489.36528348949184
42,4586,309671,-643.9954037297155
42,4587,309780,-610.8484645097868
42,4588,309836,-484.03864492197243
42,4589,309916,-721.8645886865961
42,4590,309993,-798.9620150680521
42,4591,310073,-743.4573492767693
42,4592,310138,-626.8459533985146
42,4593,310193,-426.33256476630174
42,4594,310249,-442.2860132731054
42,4595,310300,-391.18909935834097
42,4596,310356,-396.35329198878713
42,4597,310429,-468.8455027352795
42,4598,310508,-764.6149564422037
42,4599,310581,-759.7010906412711
42,4600,310669,-912.8266066848527
42,4601,310725,-401.6661008196793
42,4602,310783,-508.3964568511116
42,4603,310851,-539.8216844282163
42,4604,310927,-751.9484949099258
42,4605,311003,-513.218144499214
42,4606,311062,-428.39552804619086
42,4607,311112,-342.02893481026587
42,4608,311169,-434.4859348752936
42,4609,311227,-534.3497887180937
42,4610,311281,-471.20728020302585
42,4611,311333,-354.0307910820062
42,4612,311403,-694.6806983770257
42,4613,311474,-682.4101376703968
42,4614,311529,-419.1301114622153
42,4615,311597,-516.4913326535242
42,4616,311657,-535.050878564062
42,4617,311733,-790.2166802627379
42,4618,311815,-744.0423167242665
42,4619,311870,-490.2125785688533
42,4620,311930,-559.4434713123405
42,4621,311983,-392.53871392873606
42,4622,312065,-825.7799268693833
42,4623,312142,-715.8649146870064
42,4624,312215,-486.4802101455816
42,4625,312269,-484.644647986319
42,4626,312328,-470.71830761064507
42,4627,312396,-662.0374346273472
42,4628,312454,-502.05904914333786
42,4629,312533,-725.5946822507123
42,4630,312591,-541.9812331593398
42,4631,312658,-652.6202451442497
42,4632,312729,-660.2668461740512
42,4633,312793,-539.5585702371219
42,4634,312843,-337.43999797393127
42,4635,312918,-657.3422830640591
42,4636,312995,-426.5800038685028
42,4637,313051,-498.6390505200803
42,4638,313120,-583.0649480155653
42,4639,313179,-484.6872011850241
42,4640,313234,-451.52201608879415
42,4641,313318,-997.2704195253592
42,4642,313371,-396.1983647677192
42,4643,313451,-814.8256608153523
42,4644,313507,-454.48773249667585
42,4645,313570,-468.81840495390605
42,4646,313625,-400.3997806645645
42,4647,313682,-424.2145920117867
42,4648,313732,-378.384836591044
42,4649,313796,-557.9061776724254
42,4650,313870,-483.79449575771207
42,4651,313928,-472.34393963091446
42,4652,313986,-482.7641963210008
42,4653,314048,-525.732371588728
42,4654,314114,-496.051190764294
42,4655,314200,-883.762205911844
42,4656,314262,-472.85044607777337
42,4657,314313,-449.8022835268746
42,4658,314403,-1149.0331355196156
42,4659,314466,-480.0928066842004
42,4660,314545,-771.1553133498195
42,4661,314602,-471.3170945994467
42,4662,314666,-604.6590567777588
42,4663,314731,-551.3832252439411
42,4664,314800,-623.548728952568
42,4665,314856,-458.37824739421245
42,4666,314941,-778.7413775906114
42,4667,315001,-431.2997319456908
42,4668,315051,-339.3393407062805
42,4669,315131,-639.885488560261
42,4670,315190,-539.5913778488604
42,4671,315268,-757.9556785532103
42,4672,315337,-551.7890373620803
42,4673,315390,-373.2728341954014
42,4674,315443,-461.97157208154755
42,4675,315522,-703.0246027423468
42,4676,315583,-505.66235640109187
42,4677,315668,-958.8179418720734
42,4678,315723,-511.6271759536485
42,4679,315784,-531.6331785170753
42,4680,315844,-490.13916294230125
42,4681,315898,-396.3999047143769
42,4682,315952,-379.226387952109
42,4683,316013,-491.1627959443872
42,4684,316100,-960.4677010696689
42,4685,316169,-515.6665983264744
42,4686,316278,-648.4939125957924
42,4687,316349,-670.1727331105906
42,4688,316423,-446.65071533054595
42,4689,316481,-524.8183834301863
42,4690,316542,-567.3838099960292
42,4691,316595,-447.80056692698787
42,4692,316662,-526.1977427054237
42,4693,316738,-657.1641987411556
42,4694,316815,-742.6962405704465
42,4695,316889,-777.0777555291032
42,4696,316942,-455.0561161206863
42,4697,316992,-331.2954511682107
42,4698,317042,-324.0901882914289
42,4699,317122,-772.8583453657791
42,4700,317174,-350.7243998226684
42,4701,317247,-659.2433290867386
42,4702,317299,-354.1486571271075
42,4703,317348,-405.25521967566806
42,4704,317430,-897.1509851757005
42,4705,317488,-526.9181447929121
42,4706,317563,-442.12324445778097
42,4707,317644,-885.2974114470142
42,4708,317710,-622.8337588899146
42,4709,317783,-572.2332625253731
42,4710,317834,-372.5169433512671
42,4711,317884,-414.190661137273
42,4712,317950,-634.7950696652919
42,4713,318037,-598.8427137621944
42,4714,318095,-519.1883223287125
42,4715,318167,-609.6742723592201
42,4716,318219,-461.9795406790261
42,4717,318269,-309.1840141340495
42,4718,318338,-565.7295533310785
42,4719,318396,-483.7744283333819
42,4720,318472,-808.2778458776306
42,4721,318528,-484.58054198252785
42,4722,318605,-820.7577771601519
42,4723,318662,-423.0815651606406
42,4724,318730,-671.8910793864783
42,4725,318784,-484.0394895143672
42,4726,318865,-671.135536271992
42,4727,318922,-501.7408955812372
42,4728,318980,-498.77473099741565
42,4729,319033,-418.5179753349994
42,4730,319117,-852.4390149856185
42,4731,319184,-613.6991039044126
42,4732,319256,-616.7047236248017
42,4733,319335,-854.4499212914594
42,4734,319393,-531.5074430960456
42,4735,319447,-469.6813337146058
42,4736,319499,-340.42581878305396
42,4737,319561,-446.5874127578692
42,4738,319613,-438.3389486696897
42,4739,319682,-551.8056671252748
42,4740,319742,-557.7408448695505
42,4741,319825,-745.4706138524574
42,4742,319885,-441.73721077940985
42,4743,319968,-824.2095829204463
42,4744,320025,-442.32755985349473
42,4745,320083,-446.0255013809963
42,4746,320139,-454.8377539055213
42,4747,320189,-398.0253048409045
42,4748,320251,-503.04090906066904
42,4749,320310,-489.75523643758
42,4750,320388,-664.7212592653751
42,4751,320454,-530.3032030227778
42,4752,320531,-417.4159921293773
42,4753,320587,-513.0157851879143
42,4754,320663,-439.50541250748256
42,4755,320724,-472.2618384371935
42,4756,320778,-435.656326751548
42,4757,320850,-606.1670111038511
42,4758,320904,-356.87281163387365
42,4759,320989,-878.9394517293177
42,4760,321052,-567.9934535990069
42,4761,321128,-702.5123028114417
42,4762,321183,-385.71564304241275
42,4763,321248,-526.9259333427061
42,4764,321316,-628.2284817556733
42,4765,321366,-354.7970030673604
42,4766,321437,-682.8205626137074
42,4767,321520,-877.2157741102093
42,4768,321597,-650.6127432900049
42,4769,321654,-412.2689008146118
42,4770,321727,-453.11022915521824
42,4771,321805,-790.8423358974163
42,4772,321883,-788.3172059931472
42,4773,321936,-485.3860904954212
42,4774,322015,-830.5046511133081
42,4775,322082,-533.9790132564976
42,4776,322139,-528.3498528444458
42,4777,322215,-646.482902525177
42,4778,322296,-774.5243335278002
42,4779,322367,-616.7016233100397
42,4780,322437,-539.6129744803326
42,4781,322505,-489.7361027019224
42,4782,322561,-521.9099106314533
42,4783,322624,-557.4352783372779
42,4784,322711,-1024.1571123731164
42,4785,322789,-841.9520994244644
42,4786,322848,-481.04011581455245
42,4787,322910,-460.3828138489225
42,4788,322991,-783.6524322340745
42,4789,323048,-487.91590451941704
42,4790,323111,-487.90555322650897
42,4791,323163,-428.640119825446
42,4792,323239,-718.6924373570096
42,4793,323308,-545.61437223406
42,4794,323359,-428.1385979921124
42,4795,323417,-422.2157104926493
42,4796,323470,-375.2203602191831
42,4797,323524,-467.3550690563156
42,4798,323582,-501.51398474327186
42,4799,323666,-487.6654823145833
42,4800,323723,-478.94428300714475
42,4801,323782,-479.92441705375046
42,4802,323862,-754.8936170030101
42,4803,323917,-506.25960671677217
42,4804,323974,-403.4523681087208
42,4805,324031,-453.2180228676243
42,4806,324088,-538.5311510939957
42,4807,324171,-718.2980192311846
42,4808,324244,-782.5766363802807
42,4809,324297,-487.7952306333266
42,4810,324397,-689.9330560343191
42,4811,324455,-426.409794311927
42,4812,324525,-560.5340824291575
42,4813,324638,-1074.0821547525584
42,4814,324702,-483.3323637056586
42,4815,324777,-735.5937016038082
42,4816,324842,-507.52963308523056
42,4817,324930,-837.514045121309
42,4818,324984,-456.77953835441036
42,4819,325069,-950.4780240559973
42,4820,325153,-764.768450690921
42,4821,325223,-494.9119969938454
42,4822,325285,-557.3268164147498
42,4823,325370,-786.040129039593
42,4824,325420,-321.42505781386944
42,4825,325487,-548.9760357354916
42,4826,325541,-395.1674848496197
42,4827,325614,-605.7543695216234
42,4828,325693,-425.8634282606953
42,4829,325750,-533.0499114866755
42,4830,325832,-727.9378602672534
42,4831,325899,-524.1173311615387
42,4832,325959,-556.2536506033782
42,4833,326040,-859.9087007379925
42,4834,326123,-770.5117364040832
42,4835,326187,-503.6973226336496
42,4836,326238,-438.5535618178242
42,4837,326300,-547.5917514947134
42,4838,326360,-452.1139550891726
42,4839,326414,-414.67315274890797
42,4840,326489,-802.3590595964766
42,4841,326562,-729.4661005544032
42,4842,326614,-436.16397450242005
42,4843,326666,-412.88393896678826
42,4844,326717,-339.29555427144317
42,4845,326771,-472.1819391871819
42,4846,326834,-548.0678708384685
42,4847,326920,-796.0443422084186
42,4848,326988,-564.3661974206157
42,4849,327036,-396.6642706276533
42,4850,327095,-539.8144804573806
42,4851,327174,-708.7076829719001
42,4852,327248,-762.98927322157
42,4853,327336,-362.11764398501447
42,4854,327389,-346.3980798832682
42,4855,327476,-830.4664526490702
42,4856,327535,-550.3403356753888
42,4857,327601,-502.5826194901186
42,4858,327676,-730.9714719000201
42,4859,327726,-428.8039909633619
42,4860,327780,-459.5041241132197
42,4861,327851,-668.3269274467201
42,4862,327909,-528.9386538927029
42,4863,327989,-735.08567897171
42,4864,328068,-812.9928879087679
42,4865,328136,-595.7875815210712
42,4866,328196,-552.0988377333806
42,4867,328252,-485.6027586576851
42,4868,328304,-431.08607053228604
42,4869,328386,-878.6066930603118
42,4870,328449,-587.7770391461072
42,4871,328513,-479.46875215107775
42,4872,328590,-732.6380238928946
42,4873,328675,-814.717679719825
42,4874,328724,-371.63438705509924
42,4875,328779,-494.87879167653756
42,4876,328851,-695.2686283067891
42,4877,328934,-710.579289571802
42,4878,328987,-405.14311458266076
42,4879,329036,-419.30548591831933
42,4880,329091,-459.96034621444005
42,4881,329147,-448.37075230649134
42,4882,329224,-785.2542114916471
42,4883,329289,-563.2512455751759
42,4884,329372,-779.9296838146614
42,4885,329459,-927.9228033676882
42,4886,329540,-785.2059892041134
42,4887,329602,-468.59032892455593
42,4888,329677,-800.9028467371885
42,4889,329759,-759.1874641257446
42,4890,329812,-357.0778018304404
42,4891,329873,-536.5465117061115
42,4892,329930,-521.8429969443876
42,4893,329988,-405.8811435797117
42,4894,330048,-468.82299480366913
42,4895,330127,-684.8420299643464
42,4896,330210,-768.8804686903221
42,4897,330265,-447.5763424069508
42,4898,330349,-807.0379969424994
42,4899,330415,-517.9342756363823
42,4900,330472,-439.54052261337296
42,4901,330536,-593.3592251063609
42,4902,330622,-826.8701692416114
42,4903,330698,-429.51455602411966
42,4904,330760,-510.94018910567206
42,4905,330815,-369.6899843449613
42,4906,330877,-519.0619710903184
42,4907,330931,-487.79520239232573
42,4908,330985,-395.3586173781253
42,4909,331046,-553.1938810963162
42,4910,331127,-899.3231672403522
42,4911,331204,-805.0514937676701
42,4912,331287,-799.0900837517167
42,4913,331355,-518.7152591069815
42,4914,331416,-539.6247739335055
42,4915,331477,-513.1125083188122
42,4916,331555,-716.0126398656614
42,4917,331608,-368.62667638583434
42,4918,331665,-391.2472308904315
42,4919,331741,-746.6537471327156
42,4920,331793,-343.0309673020823
42,4921,331848,-373.0443276337581
42,4922,331898,-340.2679290463743
42,4923,331949,-335.7246736498213
42,4924,332039,-838.3700357086918
42,4925,332109,-472.8341488851736
42,4926,332164,-489.88170160767334
42,4927,332250,-834.3125416350089
42,4928,332307,-428.05672162590236
42,4929,332361,-409.4883626476765
42,4930,332417,-524.5751665139953
42,4931,332500,-873.046473205289
42,4932,332569,-505.9206853092966
42,4933,332625,-478.5014713249605
42,4934,332678,-372.27948624583024
42,4935,332738,-449.2731012506503
42,4936,332788,-393.0603162754931
42,4937,332856,-526.5836658304377
42,4938,332925,-547.0952946190183
42,4939,333007,-729.7527139082525
42,4940,333087,-726.6779659726466
42,4941,333138,-356.01598883395627
42,4942,333208,-502.62026173489494
42,4943,333281,-588.8006727286622
42,4944,333356,-497.46950095464115
42,4945,333426,-549.332244262122
42,4946,333501,-748.4876121658522
42,4947,333570,-643.6856240887412
42,4948,333644,-496.5717755421035
42,4949,333719,-796.7475495220941
42,4950,333798,-718.781435254945
42,4951,333867,-682.7701917476371
42,4952,333929,-554.546487501879
42,4953,333984,-395.10460583000446
42,4954,334046,-509.95065576922684
42,4955,334116,-574.4253165868857
42,4956,334187,-552.4201488785412
42,4957,334270,-809.084601096465
42,4958,334348,-792.4752977108424
42,4959,334426,-768.0130943706445
42,4960,334507,-808.0550835788291
42,4961,334560,-440.66481044247774
42,4962,334620,-573.1990001464842
42,4963,334677,-500.27777260064914
42,4964,334751,-604.251717931931
42,4965,334805,-375.8929075668032
42,4966,334861,-434.114708259766
42,4967,334915,-477.05846440432106
42,4968,334972,-403.03274098783623
42,4969,335027,-412.2468141057407
42,4970,335105,-751.9484387627242
42,4971,335156,-341.8652192781642
42,4972,335224,-560.110358271007
42,4973,335287,-494.42503259599476
42,4974,335345,-519.2026451042184
42,4975,335421,-679.2102131628699
42,4976,335497,-790.7445752875849
42,4977,335567,-657.723255853056
42,4978,335621,-424.8772050409097
42,4979,335698,-496.1971476105682
42,4980,335751,-496.4891776787942
42,4981,335809,-502.6335974744683
42,4982,335867,-441.19623765991867
42,4983,335939,-470.2858966055078
42,4984,336002,-487.13230139053906
42,4985,336073,-596.6916749021641
42,4986,336141,-534.9663568883996
42,4987,336213,-488.3417319873299
42,4988,336286,-764.5654822030746
42,4989,336354,-512.1168948146002
42,4990,336405,-339.8662151174698
42,4991,336484,-709.7749200165088
42,4992,336555,-406.79104264806085
42,4993,336632,-815.4300055195511
42,4994,336698,-632.0384702657735
42,4995,336783,-853.8311683915662
42,4996,336845,-570.9525778171001
42,4997,336919,-751.4902282613607
42,4998,336981,-512.5054565123164
42,4999,337047,-603.1008632849106
42,5000,337123,-774.776772364652
42,5001,337209,-892.4581993240081
42,5002,337260,-317.8143962118793
42,5003,337322,-595.2619831916741
42,5004,337373,-393.9389962448266
42,5005,337434,-480.94265039283005
42,5006,337492,-514.927180049141
42,5007,337597,-401.273867535711
42,5008,337659,-538.9917465054411
42,5009,337742,-898.9131147441797
42,5010,337833,-1118.4250552840379
42,5011,337891,-506.0258152861128
42,5012,337948,-449.2520849745101
42,5013,338021,-670.5389482992381
42,5014,338094,-660.5991060618567
42,5015,338149,-499.6452801268062
42,5016,338239,-458.01399629705656
42,5017,338297,-468.7977387276213
42,5018,338380,-845.5725690716285
42,5019,338455,-656.9649550643186
42,5020,338557,-1006.2535067751232
42,5021,338621,-537.5801328126504
42,5022,338671,-378.30943694090934
42,5023,338740,-609.2608937412101
42,5024,338794,-434.19105233300627
42,5025,338871,-810.6293751233347
42,5026,338954,-776.5208081710817
42,5027,339028,-487.74445444968126
42,5028,339084,-483.0484080118125
42,5029,339148,-586.8898290301197
42,5030,339232,-797.7851057504196
42,5031,339311,-723.6226316469384
42,5032,339389,-698.5851555296352
42,5033,339467,-719.0240302155477
42,5034,339525,-546.6804191653235
42,5035,339575,-420.118113368406
42,5036,339646,-486.3006676433665
42,5037,339707,-540.4914100798464
42,5038,339780,-483.95565226211875
42,5039,339836,-443.02112434494717
42,5040,339910,-650.1317539350257
42,5041,339962,-447.3534313784449
42,5042,340025,-518.7624664289804
42,5043,340117,-651.2199606881985
42,5044,340178,-482.23493295779826
42,5045,340236,-530.3250059237412
42,5046,340325,-1065.7936604145511
42,5047,340405,-712.3119249281943
42,5048,340462,-393.61894442049874
42,5049,340529,-579.9069964761936
42,5050,340609,-780.1870568512428
42,5051,340665,-519.6136003790696
42,5052,340741,-859.6536992458599
42,5053,340803,-492.60867854328336
42,5054,340860,-523.2583987446963
42,5055,340945,-769.8975329925246
42,5056,341026,-803.1775874316384
42,5057,341095,-513.6813885556164
42,5058,341151,-504.77008264856073
42,5059,341201,-346.66114862276754
42,5060,341288,-837.3870424758052
42,5061,341351,-557.4744110212093
42,5062,341414,-579.8110558308072
42,5063,341472,-410.15466854945043
42,5064,341542,-530.278352070915
42,5065,341594,-372.684993846253
42,5066,341672,-738.9896859396289
42,5067,341736,-508.64452044133094
42,5068,341805,-472.25226622758305
42,5069,341863,-511.32402980266016
42,5070,341922,-546.0662700508552
42,5071,341988,-627.2646008045291
42,5072,342053,-512.5384725586753
42,5073,342129,-842.7824336248237
42,5074,342213,-956.9170825715026
42,5075,342292,-818.5822271178919
42,5076,342372,-856.3933417893651
42,5077,342452,-763.0234782266406
42,5078,342526,-646.6712282952343
42,5079,342579,-354.36575817093365
42,5080,342635,-380.17875132012983
42,5081,342715,-708.9467094749942
42,5082,342775,-453.1788917519453
42,5083,342847,-481.1888661782235
42,5084,342902,-384.94327216804106
42,5085,342976,-761.3584619490664
42,5086,343121,-1254.8822981026847
42,5087,343182,-526.9992025412491
42,5088,343257,-451.63015276621877
42,5089,343315,-467.6193914774352
42,5090,343376,-521.7822606337679
42,5091,343451,-681.5125812589208
42,5092,343554,-611.9416451277259
42,5093,343634,-862.939816028224
42,5094,343687,-351.9307633846698
42,5095,343765,-780.846509055
42,5096,343823,-409.8940495802814
42,5097,343872,-397.72441046981453
42,5098,343932,-459.67775203486406
42,5099,343994,-480.5339943919779
42,5100,344071,-752.7352105474815
42,5101,344158,-851.2786705517799
42,5102,344219,-455.4023409718427
42,5103,344298,-869.6590285034302
42,5104,344359,-563.9569825024394
42,5105,344436,-817.8013755730045
42,5106,344498,-463.22376362387536
42,5107,344551,-413.6284305527629
42,5108,344629,-768.2418700598181
42,5109,344690,-570.7245994704333
42,5110,344748,-513.5558694496475
42,5111,344823,-749.2989330930433
42,5112,344895,-690.1321969855443
42,5113,344948,-405.9513123322116
42,5114,345012,-614.2651137452983
42,5115,345085,-440.47641288423165
42,5116,345175,-1044.5134849774363
42,5117,345228,-474.1799032071288
42,5118,345299,-693.0544473310144
42,5119,345367,-587.9303224968535
42,5120,345429,-559.1325386978473
42,5121,345480,-412.7058511028909
42,5122,345535,-440.0367839895554
42,5123,345608,-376.5942079121654
42,5124,345672,-614.3793091600011
42,5125,345728,-494.8264515975277
42,5126,345810,-936.1874282553455
42,5127,345878,-600.2691529639492
42,5128,345945,-616.5588983375497
42,5129,346021,-663.9769060642226
42,5130,346073,-338.60575960628694
42,5131,346156,-780.2201304104818
42,5132,346223,-487.9716138306991
42,5133,346278,-470.92185784411424
42,5134,346330,-374.5458868175328
42,5135,346414,-737.8674222472795
42,5136,346475,-560.287117788653
42,5137,346557,-753.2581006899097
42,5138,346611,-459.013599040572
42,5139,346663,-464.51518301251144
42,5140,346722,-502.8112892795879
42,5141,346798,-652.1223943276453
42,5142,346875,-659.8326084532611
42,5143,346940,-633.605525042379
42,5144,347015,-655.9791424058149
42,5145,347070,-479.545672859768
42,5146,347124,-367.1125600249616
42,5147,347176,-348.8892821811728
42,5148,347233,-503.7724641505126
42,5149,347307,-513.9764908975512
42,5150,347373,-570.4090570687731
42,5151,347448,-703.5830536463144
42,5152,347516,-535.0290956915856
42,5153,347588,-459.5736410118915
42,5154,347651,-575.0414797521496
42,5155,347709,-461.25920027223117
42,5156,347763,-378.24430829888473
42,5157,347825,-439.28233549608217
42,5158,347900,-629.4815475926367
42,5159,347971,-715.6269736331903
42,5160,348034,-553.7410880668618
42,5161,348089,-457.42001461641365
42,5162,348146,-427.04042608610615
42,5163,348204,-451.3851593556116
42,5164,348259,-489.83998842043195
42,5165,348339,-724.7043671767462
42,5166,348413,-683.7634940752617
42,5167,348476,-393.6517250221441
42,5168,348560,-954.0461440984186
42,5169,348627,-653.0679422239207
42,5170,348714,-854.0670726067157
42,5171,348777,-460.5819362044074
42,5172,348847,-703.7106887429179
42,5173,348906,-547.9730881779592
42,5174,348963,-438.4677906929053
42,5175,349015,-439.822425856247
42,5176,349078,-510.3292999258657
42,5177,349132,-434.7794060535594
42,5178,349191,-436.09079502763177
42,5179,349277,-864.8711212218144
42,5180,349358,-720.0029211413446
42,5181,349415,-478.50151378953973
42,5182,349481,-515.1769517835749
42,5183,349540,-542.3781956820762
42,5184,349595,-448.78913388229194
42,5185,349675,-851.1385528614886
42,5186,349761,-839.6445173744995
42,5187,349847,-781.4348138049356
42,5188,349907,-539.2730694983544
42,5189,349968,-548.4023709654879
42,5190,350050,-741.87841122892
42,5191,350113,-477.9904332587431
42,5192,350164,-409.1044609928137
42,5193,350227,-472.19580037736966
42,5194,350296,-541.3906193336387
42,5195,350368,-624.529737441372
42,5196,350425,-514.8071998429972
42,5197,350503,-704.6701919462877
42,5198,350574,-575.3438255163646
42,5199,350634,-590.7840766417255
42,5200,350686,-401.5954421704278
42,5201,350760,-775.3466675901096
42,5202,350847,-1013.1358125473297
42,5203,350920,-448.05910528484003
42,5204,350980,-503.9540278045437
42,5205,351046,-517.3120713656549
42,5206,351097,-386.29607847432305
42,5207,351177,-678.4120334465383
42,5208,351239,-466.0221519565776
42,5209,351313,-754.8998936673182
42,5210,351400,-600.3474594238922
42,5211,351450,-400.43763266631913
42,5212,351503,-458.64361141412047
42,5213,351583,-721.6195550469321
42,5214,351658,-694.5959339323633
42,5215,351742,-767.8405115639272
42,5216,351795,-471.8579877708025
42,5217,351852,-518.0116467396681
42,5218,351936,-883.6318434977678
42,5219,352003,-535.9106685311843
42,5220,352082,-673.5493133193206
42,5221,352138,-434.9480780921813
42,5222,352202,-619.8298418993375
42,5223,352282,-855.9605186087238
42,5224,352345,-600.0754453193333
42,5225,352403,-414.00775740491287
42,5226,352484,-838.4111432850993
42,5227,352552,-470.99253723759796
42,5228,352625,-752.2552199125538
42,5229,352703,-842.7778810907008
42,5230,352783,-857.6881057651237
42,5231,352856,-468.8789990420405
42,5232,352919,-578.933290710763
42,5233,352971,-458.3678076945991
42,5234,353031,-539.7959851051321
42,5235,353116,-846.2022130273443
42,5236,353187,-722.9421152002509
42,5237,353253,-524.4033899039667
42,5238,353303,-272.3500463730546
42,5239,353367,-494.5561016102628
42,5240,353421,-489.4822289499806
42,5241,353499,-670.1694470223246
42,5242,353570,-527.1195588274471
42,5243,353647,-769.6640777548566
42,5244,353701,-404.18371873481925
42,5245,353758,-522.5742111176083
42,5246,353816,-505.25544935516245
42,5247,353897,-746.6924077696117
42,5248,353958,-570.0483925681385
42,5249,354019,-538.3829557033423
42,5250,354085,-523.091493775985
42,5251,354162,-655.7990461698877
42,5252,354212,-391.10670015402434
42,5253,354266,-449.65275523354995
42,5254,354319,-472.43167561749976
42,5255,354393,-728.2004918258298
42,5256,354445,-337.8666874352887
42,5257,354527,-872.9933801232195
42,5258,354577,-344.91243573040265
42,5259,354627,-326.28651491943833
42,5260,354688,-480.0441697908032
42,5261,354764,-628.1654367127037
42,5262,354820,-417.972052637973
42,5263,354872,-340.8720541577801
42,5264,354933,-513.3896898298469
42,5265,355007,-527.2607514347625
42,5266,355096,-1006.3143585770948
42,5267,355169,-667.2762919657592
42,5268,355226,-409.6180185134456
42,5269,355283,-405.9921102265806
42,5270,355355,-664.0610140999814
42,5271,355430,-682.4261994135952
42,5272,355534,-905.2468167081763
42,5273,355611,-458.7674508967888
42,5274,355672,-527.887501935844
42,5275,355722,-406.55710969025677
42,5276,355780,-540.6117299782834
42,5277,355834,-395.97361411069454
42,5278,355900,-581.1320688141473
42,5279,355952,-355.90122271875924
42,5280,356005,-383.45324903265043
42,5281,356086,-768.9946886843665
42,5282,356140,-374.7784978299512
42,5283,356201,-548.8148070463897
42,5284,356284,-759.762121120958
42,5285,356356,-487.3522164256226
42,5286,356430,-503.387964568288
42,5287,356491,-449.11557863879307
42,5288,356555,-595.4367349496708
42,5289,356609,-488.1249035767686
42,5290,356677,-562.3229151057207
42,5291,356729,-458.849092101246
42,5292,356783,-454.71231644566205
42,5293,356840,-409.9705772422886
42,5294,356895,-515.3758587470264
42,5295,356978,-884.0468597187368
42,5296,357050,-713.6468218720705
42,5297,357108,-407.356517546087
42,5298,357162,-410.4865903520499
42,5299,357219,-490.4061017250461
42,5300,357293,-788.1819100400729
42,5301,357379,-981.6153740872599
42,5302,357447,-505.42009696817786
42,5303,357516,-516.9222944317647
42,5304,357597,-737.0330329250405
42,5305,357652,-409.05178671131193
42,5306,357702,-422.03476323684663
42,5307,357766,-533.6093459546287
42,5308,357831,-607.3836872876718
42,5309,357895,-587.6431326234342
42,5310,357957,-604.3177541796404
42,5311,358026,-520.5615659703174
42,5312,358088,-483.984100838889
42,5313,358141,-435.70306246128894
42,5314,358197,-484.5798500333641
42,5315,358269,-445.78953702120214
42,5316,358329,-442.70573509920575
42,5317,358381,-359.54183549681824
42,5318,358464,-895.3437394514103
42,5319,358540,-690.0598913074748
42,5320,358595,-505.50913383085776
42,5321,358654,-540.0861221156849
42,5322,358724,-648.5076626976661
42,5323,358790,-615.8360013672295
42,5324,358849,-548.0820402642305
42,5325,358928,-668.6638721577924
42,5326,358986,-404.6665785355275
42,5327,359055,-706.2183625891819
42,5328,359135,-770.3362065915617
42,5329,359185,-391.63950331752653
42,5330,359244,-521.9228439394493
42,5331,359325,-801.9727211984551
42,5332,359385,-557.1742828773479
42,5333,359468,-782.6728019090054
42,5334,359541,-492.6085281187221
42,5335,359605,-454.9876516927369
42,5336,359675,-519.8142457729565
42,5337,359749,-784.7269890715365
42,5338,359825,-760.6583448970543
42,5339,359893,-605.4661688177212
42,5340,359947,-476.2801751566733
42,5341,359999,-443.6503168904606
42,5342,360067,-620.7403550923259
42,5343,360129,-535.5964330747659
42,5344,360183,-403.3986251663697
42,5345,360264,-839.8259110954184
42,5346,360322,-416.1146258087499
42,5347,360375,-485.8805310396593
42,5348,360444,-646.7271934084786
42,5349,360520,-432.9574729437529
42,5350,360572,-333.33121399737234
42,5351,360654,-882.1779619378755
42,5352,360714,-514.9733106498338
42,5353,360798,-808.5797655116404
42,5354,360851,-434.37461919119215
42,5355,360916,-610.7361015575048
42,5356,360983,-563.5582821458866
42,5357,361047,-490.4389755085871
42,5358,361122,-777.8220365994003
42,5359,361177,-496.71547204103035
42,5360,361232,-438.01220627781595
42,5361,361284,-342.17793438714426
42,5362,361347,-566.7046409357038
42,5363,361398,-342.31302121097553
42,5364,361473,-746.7533280296246
42,5365,361552,-679.0915839657122
42,5366,361609,-481.12195651250846
42,5367,361688,-805.1688287028422
42,5368,361761,-657.865056762327
42,5369,361838,-778.6986496169487
42,5370,361915,-709.4035871204275
42,5371,361967,-449.4388958896805
42,5372,362033,-630.6484801147923
42,5373,362084,-385.39248843292285
42,5374,362138,-423.42763047748025
42,5375,362205,-493.0932950437415
42,5376,362281,-836.821002193749
42,5377,362340,-408.2621725051523
42,5378,362426,-905.5590131808084
42,5379,362512,-1006.250542508186
42,5380,362575,-576.0821154539542
42,5381,362655,-776.9220333392606
42,5382,362716,-493.86075126635563
42,5383,362777,-467.19629970028586
42,5384,362843,-602.7460805794317
42,5385,362899,-395.5571703465214
42,5386,362977,-785.3531733773069
42,5387,363047,-583.6757423954456
42,5388,363102,-485.6127571101099
42,5389,363153,-389.93489986832225
42,5390,363220,-613.6986130810633
42,5391,363298,-712.0814070187778
42,5392,363359,-545.9879334242036
42,5393,363427,-672.0893922051016
42,5394,363515,-847.8741486230655
42,5395,363585,-520.2926173512026
42,5396,363644,-507.5372870428422
42,5397,363698,-451.6734250834075
42,5398,363753,-462.19890184539855
42,5399,363808,-484.82704940761965
42,5400,363865,-426.6767302975488
42,5401,363923,-496.341498353675
42,5402,363979,-389.0608926951874
42,5403,364032,-396.7897775617722
42,5404,364108,-782.8451389067292
42,5405,364182,-734.0327984589693
42,5406,364246,-479.9761638147138
42,5407,364301,-407.31791984092354
42,5408,364363,-571.6665442757001
42,5409,364430,-513.6503510739841
42,5410,364526,-732.5828955459076
42,5411,364588,-518.080588357163
42,5412,364675,-938.3933983979854
42,5413,364731,-396.41134465063965
42,5414,364798,-567.3596786631398
42,5415,364875,-528.0712681179366
42,5416,364932,-502.8548201251362
42,5417,364986,-491.47145179120776
42,5418,365045,-451.65946309321595
42,5419,365124,-723.4952161176358
42,5420,365206,-842.0576602036372
42,5421,365256,-423.59410169361036
42,5422,365320,-477.8266636034678
42,5423,365378,-424.7008747365936
42,5424,365430,-460.73092037029426
42,5425,365495,-521.7017769649003
42,5426,365558,-570.6320249118803
42,5427,365615,-429.39406595769515
42,5428,365686,-492.5744597353664
42,5429,365761,-420.94841398318863
42,5430,365819,-511.8468146288703
42,5431,365887,-581.1012336866073
42,5432,365953,-555.0911309828632
42,5433,366007,-470.2188662889612
42,5434,366084,-791.3800291969881
42,5435,366158,-645.0980915519974
42,5436,366214,-483.38056321561913
42,5437,366275,-577.7590489656156
42,5438,366328,-358.5366849287128
42,5439,366394,-666.4426148135276
42,5440,366467,-447.0152685476111
42,5441,366545,-688.8431406125736
42,5442,366617,-467.61561017616293
42,5443,366669,-385.3073255707118
42,5444,366719,-373.0710454863689
42,5445,366770,-346.47515720421654
42,5446,366853,-779.6730823123052
42,5447,366912,-517.1850545405764
42,5448,366970,-529.765379918301
42,5449,367038,-589.7740873173685
42,5450,367107,-455.49542107188233
42,5451,367162,-459.86213006714803
42,5452,367229,-505.41220078917087
42,5453,367285,-381.8685712308074
42,5454,367349,-524.3823602857666
42,5455,367416,-636.999193428197
42,5456,367478,-584.4470597680187
42,5457,367528,-347.4847612457603
42,5458,367588,-435.2915501501233
42,5459,367672,-778.2074518709187
42,5460,367752,-732.4719451189408
42,5461,367830,-414.0967847418847
42,5462,367896,-539.4294287289642
42,5463,367972,-788.6185310651807
42,5464,368041,-663.8941967655609
42,5465,368115,-730.8892203750344
42,5466,368174,-523.9521063394449
42,5467,368228,-394.50643304739003
42,5468,368305,-794.2691381357612
42,5469,368376,-691.0875958309189
42,5470,368434,-413.9633022192582
42,5471,368508,-810.6389768335538
42,5472,368589,-733.8893699911546
42,5473,368648,-516.5800389541237
42,5474,368711,-549.9950549664426
42,5475,368780,-580.1275082763041
42,5476,368838,-465.20936090991864
42,5477,368897,-444.9033001611776
42,5478,368948,-350.4654382892319
42,5479,369037,-844.9459773120452
42,5480,369122,-940.2799063606275
42,5481,369174,-393.50572464789434
42,5482,369237,-597.8831428837301
42,5483,369287,-397.81129747973154
42,5484,369362,-831.7226755807837
42,5485,369436,-745.0930254593592
42,5486,369489,-459.3118707884246
42,5487,369575,-844.8711790023503
42,5488,369634,-538.298615589895
42,5489,369715,-724.3752363786106
42,5490,369798,-784.3973607671236
42,5491,369877,-730.9960143053687
42,5492,369930,-372.30510472213496
42,5493,369985,-498.0049090878632
42,5494,370044,-533.2967277809958
42,5495,370092,-397.656759354704
42,5496,370178,-894.6698084649342
42,5497,370249,-443.5937286219778
42,5498,370300,-320.84357227754924
42,5499,370386,-875.2210007972052
42,5500,370444,-520.6560818904762
42,5501,370505,-521.0668664867944
42,5502,370566,-537.5421059243081
42,5503,370620,-361.8751206780511
42,5504,370676,-497.9438710739905
42,5505,370733,-532.5293592594437
42,5506,370799,-560.9598915665586
42,5507,370880,-906.6185832425205
42,5508,370965,-845.131388380378
42,5509,371039,-425.70865700042964
42,5510,371106,-618.3244478970022
42,5511,371180,-752.9092857344928
42,5512,371240,-542.6064803311863
42,5513,371296,-411.53599493094913
42,5514,371358,-541.9222470454309
42,5515,371413,-471.5479962159354
42,5516,371472,-437.48379166856097
42,5517,371528,-514.0052665256635
42,5518,371610,-787.5490984487012
42,5519,371665,-419.05974513613666
42,5520,371736,-714.1297048350237
42,5521,371788,-431.59949626583347
42,5522,371850,-511.1404070238849
42,5523,371932,-767.421145912106
42,5524,372007,-630.3196392528
42,5525,372087,-818.1651837162512
42,5526,372161,-509.8870431547259
42,5527,372239,-811.1402085991439
42,5528,372294,-483.87088035628904
42,5529,372346,-454.1780020947443
42,5530,372404,-454.6922928197758
42,5531,372455,-387.11611651716595
42,5532,372525,-564.4791658618667
42,5533,372575,-285.6777812724936
42,5534,372644,-561.8367891984431
42,5535,372715,-511.1470811769859
42,5536,372796,-834.9963859749421
42,5537,372860,-488.613201901745
42,5538,372942,-777.5999264534382
42,5539,373013,-677.1113466501962
42,5540,373072,-536.1953643134121
42,5541,373134,-504.5454645289522
42,5542,373219,-794.0686133035674
42,5543,373271,-447.5730728318695
42,5544,373346,-633.3057577624152
42,5545,373428,-773.2588618087449
42,5546,373479,-353.4040663136266
42,5547,373529,-306.01876076821407
42,5548,373581,-388.74525237803346
42,5549,373634,-391.6069090768377
42,5550,373711,-806.1294071206473
42,5551,373774,-483.4404559321839
42,5552,373846,-522.4299163681414
42,5553,373901,-421.1488323797846
42,5554,373953,-467.75070459846484
42,5555,374019,-634.4082137610185
42,5556,374091,-649.0290387211629
42,5557,374197,-742.3527282568785
42,5558,374248,-442.7320369111898
42,5559,374327,-664.831928328477
42,5560,374404,-784.8689149486953
42,5561,374460,-384.7445535262038
42,5562,374533,-591.9391009006064
42,5563,374590,-513.9700356093294
42,5564,374659,-686.4667922688619
42,5565,374722,-606.6572141897532
42,5566,374779,-449.4484876186597
42,5567,374846,-628.493297961981
42,5568,374897,-438.7511714592763
42,5569,374971,-610.1187660433402
42,5570,375025,-473.01215489590254
42,5571,375077,-344.2551772330391
42,5572,375148,-493.01242148901576
42,5573,375221,-426.39632384627464
42,5574,375296,-467.4809996272867
42,5575,375376,-737.2261818176248
42,5576,375440,-599.2071274175166
42,5577,375524,-381.56091701916483
42,5578,375574,-387.3699382677103
42,5579,375658,-750.9559986374843
42,5580,375716,-495.2751735721765
42,5581,375788,-500.0253168801422
42,5582,375863,-745.781849814476
42,5583,375947,-789.6676940984437
42,5584,376023,-789.1512507544547
42,5585,376082,-526.7781542497273
42,5586,376165,-932.4107958253987
42,5587,376242,-454.10250917762426
42,5588,376309,-549.6575276694923
42,5589,376373,-556.7020560904357
42,5590,376439,-633.0400569368612
42,5591,376497,-526.2461059565705
42,5592,376564,-544.3310531964971
42,5593,376616,-347.3597960068133
42,5594,376694,-808.7306117619294
42,5595,376757,-471.0800068372039
42,5596,376841,-762.3281906091473
42,5597,376898,-525.7167665580271
42,5598,376983,-805.4700298239096
42,5599,377037,-431.06566336379177
42,5600,377118,-770.5217164955874
42,5601,377201,-636.6043129219488
42,5602,377269,-563.7680009085813
42,5603,377339,-594.2310905557332
42,5604,377407,-539.5367286463613
42,5605,377483,-757.1277208101204
42,5606,377559,-799.563858804562
42,5607,377637,-364.68907451470534
42,5608,377706,-638.442623191305
42,5609,377757,-427.1156147249109
42,5610,377840,-776.8168679529421
42,5611,377898,-551.8691847523133
42,5612,377952,-433.5387796924704
42,5613,378007,-365.9325671163279
42,5614,378092,-957.2783216239868
42,5615,378163,-494.90226406280476
42,5616,378218,-473.98558138817657
42,5617,378297,-695.0937007903545
42,5618,378353,-517.7612453429947
42,5619,378413,-510.2846411649806
42,5620,378471,-508.881450679433
42,5621,378541,-669.9430370610933
42,5622,378605,-484.492380771993
42,5623,378662,-504.50446972623115
42,5624,378733,-649.1268496927696
42,5625,378811,-462.06131685848663
42,5626,378871,-536.9798102660492
42,5627,378919,-406.96799653171064
42,5628,378976,-536.3724934275253
42,5629,379058,-898.8477710526813
42,5630,379111,-484.521285648301
42,5631,379177,-621.2120908463523
42,5632,379228,-359.2113399684796
42,5633,379290,-487.3131152900179
42,5634,379354,-601.24761914144
42,5635,379416,-565.1209699678229
42,5636,379473,-437.90921083821206
42,5637,379537,-494.59948579304483
42,5638,379592,-422.107536023411
42,5639,379662,-467.52186104039754
42,5640,379738,-651.8297726012436
42,5641,379804,-618.2625920280175
42,5642,379859,-488.7287551689391
42,5643,379921,-521.8288877227001
42,5644,380048,-1317.161950486297
42,5645,380120,-487.7882076443011
42,5646,380207,-613.6734861553497
42,5647,380265,-545.7746906827001
42,5648,380325,-543.6522220581869
42,5649,380380,-472.45601980265417
42,5650,380444,-609.869874708775
42,5651,380495,-349.21635103867334
42,5652,380555,-554.0098426711404
42,5653,380610,-464.7678156815712
42,5654,380690,-836.7041679700604
42,5655,380753,-600.4109866587689
42,5656,380824,-483.5335691870307
42,5657,380892,-571.6351939538716
42,5658,380950,-446.38377951582635
42,5659,381013,-492.22324208936266
42,5660,381088,-679.4970905095454
42,5661,381154,-508.7474241686035
42,5662,381217,-493.3752137643844
42,5663,381300,-754.835391483026
42,5664,381351,-362.65048550300025
42,5665,381408,-518.1296674402314
42,5666,381460,-331.68990160478563
42,5667,381511,-322.63165886255484
42,5668,381588,-687.6012252769307
42,5669,381650,-466.7822914444225
42,5670,381717,-671.7641612462712
42,5671,381777,-572.4073616735358
42,5672,381838,-468.751711355677
42,5673,381891,-439.9262796375834
42,5674,381955,-480.3320353977805
42,5675,382008,-467.9868876289562
42,5676,382086,-800.5474602866
42,5677,382145,-497.981778864354
42,5678,382207,-487.61337009212605
42,5679,382269,-538.6035453699927
42,5680,382343,-761.6494046799988
42,5681,382395,-372.68270556883687
42,5682,382481,-799.9597639059224
42,5683,382545,-483.22519975358176
42,5684,382606,-523.7137961519618
42,5685,382685,-848.5150167595423
42,5686,382746,-477.00151702009424
42,5687,382796,-408.4800359312767
42,5688,382854,-426.5482859153109
42,5689,382923,-476.3177014380277
42,5690,383010,-849.5108772060274
42,5691,383076,-541.6657644537402
42,5692,383137,-575.2959752924498
42,5693,383214,-819.2383503882444
42,5694,383275,-506.6629162542323
42,5695,383335,-548.2245792418523
42,5696,383397,-484.58988300141897
42,5697,383450,-407.3469051867437
42,5698,383516,-546.3861226742351
42,5699,383580,-577.5743539985505
42,5700,383631,-417.1698439320719
42,5701,383707,-785.4729769508936
42,5702,383797,-1098.745515182729
42,5703,383865,-538.3460191237364
42,5704,383921,-505.1536817164942
42,5705,383985,-515.1331282888526
42,5706,384061,-487.3332274435129
42,5707,384150,-1077.4701855480066
42,5708,384212,-554.0272897649024
42,5709,384291,-768.6237983109858
42,5710,384343,-419.56122783995613
42,5711,384401,-490.92425153457674
42,5712,384479,-742.7780397662843
42,5713,384541,-469.8019105964506
42,5714,384605,-486.3906835267469
42,5715,384687,-862.5281320698514
42,5716,384745,-461.6305879274005
42,5717,384821,-785.6969042375782
42,5718,384902,-810.8943158625513
42,5719,384957,-489.4500592943396
42,5720,385028,-694.9732604633364
42,5721,385087,-453.41811666777926
42,5722,385168,-901.4059263848957
42,5723,385232,-484.08820136421355
42,5724,385311,-835.3701665423692
42,5725,385374,-493.68362764474386
42,5726,385460,-871.1361273019985
42,5727,385542,-915.4736851940344
42,5728,385622,-830.1572422266864
42,5729,385701,-734.264032331086
42,5730,385756,-454.770638871118
42,5731,385832,-431.03705692205324
42,5732,385886,-364.0343300361331
42,5733,385940,-404.8641376258892
42,5734,385999,-475.45816814134514
42,5735,386085,-988.5148996499227
42,5736,386163,-701.5718244756954
42,5737,386213,-332.9944185160899
42,5738,386295,-883.8190942632358
42,5739,386379,-917.1457759651516
42,5740,386460,-772.8758968209584
42,5741,386518,-506.787645008546
42,5742,386584,-603.7100930193278
42,5743,386660,-505.7246143530159
42,5744,386739,-807.0713355472999
42,5745,386826,-1020.7621959640177
42,5746,386880,-371.5359453435072
42,5747,386947,-550.3116043009368
42,5748,387002,-407.6848469058328
42,5749,387056,-377.3819161142669
42,5750,387123,-528.8782385817735
42,5751,387184,-508.4112020056152
42,5752,387234,-398.1024124214615
42,5753,387340,-997.2593000248983
42,5754,387413,-729.4480003579655
42,5755,387477,-594.6222259554633
42,5756,387535,-464.0310152279684
42,5757,387600,-588.7919195736965
42,5758,387652,-376.48174543392815
42,5759,387707,-444.3067616108238
42,5760,387765,-532.4182779918953
42,5761,387843,-740.9820185195997
42,5762,387913,-502.8742838282485
42,5763,387965,-410.86950654891115
42,5764,388027,-485.8993737756934
42,5765,388081,-485.81170842907295
42,5766,388168,-999.2041339560546
42,5767,388222,-367.482916826626
42,5768,388293,-481.1829156424932
42,5769,388357,-585.379488860722
42,5770,388409,-359.2742393583158
42,5771,388490,-785.6576961994272
42,5772,388568,-670.1129639746326
42,5773,388639,-515.0762380823771
42,5774,388700,-471.7984751701956
42,5775,388767,-468.33133145176805
42,5776,388853,-913.6649329769965
42,5777,388911,-535.4469313473876
42,5778,388966,-482.64394789939604
42,5779,389028,-482.88354450452607
42,5780,389101,-494.8427499745907
42,5781,389156,-475.6408947773826
42,5782,389214,-431.70299964558734
42,5783,389286,-488.34044815656205
42,5784,389354,-624.7771136090123
42,5785,389416,-526.4504598669348
42,5786,389473,-485.7923035469597
42,5787,389543,-502.3084200252147
42,5788,389615,-622.2930979468736
42,5789,389684,-578.6223898427727
42,5790,389734,-370.76500672974066
42,5791,389811,-807.7557107197745
42,5792,389883,-643.7570285673402
42,5793,389943,-544.7395200026309
42,5794,390030,-721.4029812549866
42,5795,390107,-772.7975331640956
42,5796,390192,-852.1394107365198
42,5797,390247,-391.23406456494115
42,5798,390332,-763.5200166534988
42,5799,390388,-456.14598452145526
42,5800,390439,-433.42177706757934
42,5801,390527,-965.8811298357747
42,5802,390614,-871.3242565403517
42,5803,390695,-758.6037670218349
42,5804,390751,-418.6045724660126
42,5805,390812,-572.3503137078908
42,5806,390886,-782.9095032134287
42,5807,390945,-528.4037113197847
42,5808,391001,-503.13177328976064
42,5809,391078,-705.2534458179019
42,5810,391166,-410.8654557763722
42,5811,391219,-412.59627910970846
42,5812,391302,-764.797126308608
42,5813,391370,-548.3740693209776
42,5814,391421,-327.0152219152237
42,5815,391481,-539.1426880589604
42,5816,391559,-657.9986016457073
42,5817,391619,-521.065768845426
42,5818,391702,-784.9378549937143
42,5819,391770,-512.9114884956819
42,5820,391841,-670.2540078879056
42,5821,391919,-803.096421160026
42,5822,392003,-890.5788584510103
42,5823,392062,-459.70298263249447
42,5824,392133,-579.0244377480211
42,5825,392194,-436.76791746395656
42,5826,392252,-449.3265461444948
42,5827,392326,-760.5455157366603
42,5828,392409,-754.6276997102902
42,5829,392485,-755.4904155755252
42,5830,392545,-533.2971754414809
42,5831,392623,-718.8245415333504
42,5832,392675,-450.36264010064735
42,5833,392742,-551.4558823521187
42,5834,392801,-526.6811764179205
42,5835,392873,-722.8596968273007
42,5836,392948,-738.899392433193
42,5837,393022,-457.36972650235464
42,5838,393079,-492.9724767440754
42,5839,393158,-828.155171441722
42,5840,393239,-738.6802301807427
42,5841,393302,-604.9808571794105
42,5842,393359,-404.5049209376072
42,5843,393427,-648.6599515788314
42,5844,393500,-639.9563811532325
42,5845,393564,-604.7390241489426
42,5846,393623,-498.9976171119387
42,5847,393690,-626.1456717236616
42,5848,393760,-522.2772019043143
42,5849,393839,-745.5902080409902
42,5850,393894,-434.1597895270567
42,5851,393962,-514.5312584170454
42,5852,394028,-509.9402017853297
42,5853,394104,-713.7209959403058
42,5854,394191,-914.3459471260041
42,5855,394267,-786.2649714753122
42,5856,394322,-432.9841765260247
42,5857,394379,-385.26096916797735
42,5858,394456,-767.8346138293743
42,5859,394526,-491.7183693462721
42,5860,394595,-595.1853363013925
42,5861,394647,-354.8744226271909
42,5862,394702,-405.3774019786886
42,5863,394756,-465.6137539210979
42,5864,394829,-750.1075499640817
42,5865,394906,-665.7268851564908
42,5866,394987,-766.4428182276429
42,5867,395044,-491.05241638238834
42,5868,395121,-819.7222104605811
42,5869,395180,-475.30789677130974
42,5870,395286,-598.5846472489209
42,5871,395354,-608.4917587936825
42,5872,395408,-500.4604001555264
42,5873,395461,-367.20184319534246
42,5874,395535,-655.510236562931
42,5875,395606,-663.8959945052047
42,5876,395678,-498.82386978284865
42,5877,395762,-857.1447294807523
42,5878,395847,-782.9084196886721
42,5879,395904,-412.43557060308194
42,5880,395993,-1031.3611646651489
42,5881,396066,-700.6631305529188
42,5882,396116,-357.43402418713987
42,5883,396167,-306.03896022072445
42,5884,396252,-851.5225178155811
42,5885,396303,-351.6876440517095
42,5886,396370,-601.3601026167976
42,5887,396420,-409.23006495151566
42,5888,396479,-488.993924946217
42,5889,396535,-433.85243948621525
42,5890,396600,-542.8776740310664
42,5891,396663,-497.2381419348336
42,5892,396749,-840.4480114519722
42,5893,396808,-433.6984794136293
42,5894,396873,-497.12386874892616
42,5895,396928,-464.14321067058285
42,5896,396993,-560.8847984776675
42,5897,397051,-450.9490792086446
42,5898,397111,-426.98626422358006
42,5899,397190,-746.1318666511748
42,5900,397259,-515.3083909115956
42,5901,397341,-777.4946799649327
42,5902,397425,-962.8101822592861
42,5903,397495,-729.6592293630048
42,5904,397554,-446.64149740659957
42,5905,397610,-495.63520298090964
42,5906,397661,-326.168992832247
42,5907,397713,-417.4363208285758
42,5908,397771,-439.9498413875526
42,5909,397850,-852.2348603106117
42,5910,397909,-495.32533683327125
42,5911,397994,-368.14351389050734
42,5912,398050,-514.7653878009227
42,5913,398116,-632.0978464842316
42,5914,398166,-408.7253976811015
42,5915,398236,-498.9592359656572
42,5916,398291,-393.2114426285329
42,5917,398368,-666.2592562405897
42,5918,398439,-542.6175102658275
42,5919,398499,-459.60070551339464
42,5920,398568,-634.3095673930117
42,5921,398643,-751.097149168859
42,5922,398697,-474.744744562211
42,5923,398762,-472.3002324863219
42,5924,398824,-569.9777346239114
42,5925,398900,-793.5658988794661
42,5926,398978,-863.0747657850135
42,5927,399043,-547.9507282267248
42,5928,399113,-669.8032301616373
42,5929,399180,-505.72037638784786
42,5930,399240,-559.7340366344677
42,5931,399304,-520.2400524688381
42,5932,399363,-536.9255560609886
42,5933,399425,-519.0661856047653
42,5934,399485,-453.47204894608467
42,5935,399545,-466.3236574684023
42,5936,399628,-761.1963970626932
42,5937,399690,-504.8026940261466
42,5938,399740,-434.3222000253083
42,5939,399809,-521.9930641099886
42,5940,399880,-497.0019046092573
42,5941,399960,-749.6306384529801
42,5942,400011,-419.7430660673726
42,5943,400069,-501.14715078005815
42,5944,400154,-1003.7726573317032
42,5945,400209,-378.14979544724093
42,5946,400286,-432.7625719226543
42,5947,400342,-532.7788077134885
42,5948,400394,-452.2417164948204
42,5949,400472,-669.2798007024446
42,5950,400522,-358.42991310068766
42,5951,400601,-887.6438440903036
42,5952,400668,-576.0329699104545
42,5953,400748,-727.1049980661554
42,5954,400819,-697.1545779554986
42,5955,400885,-495.9336512984322
42,5956,400944,-475.8814634164528
42,5957,401004,-483.25138005405086
42,5958,401081,-450.7182578578987
42,5959,401135,-469.40125079297644
42,5960,401211,-787.937340712249
42,5961,401276,-488.45474860502316
42,5962,401361,-946.5850225816358
42,5963,401416,-465.1464743117732
42,5964,401488,-680.9307944942868
42,5965,401558,-608.5694447094957
42,5966,401615,-504.443812875877
42,5967,401689,-657.6778400844019
42,5968,401741,-444.60433294932875
42,5969,401818,-700.2086095012779
42,5970,401876,-539.199125154404
42,5971,401934,-516.720007219939
42,5972,402005,-674.818836179811
42,5973,402063,-487.31078631077355
42,5974,402130,-646.2312046793753
42,5975,402206,-628.4350946054889
42,5976,402305,-431.0277538894681
42,5977,402388,-374.5153333564433
42,5978,402440,-386.78535664335624
42,5979,402501,-474.0879339710849
42,5980,402556,-419.9441697120832
42,5981,402621,-500.06121550700414
42,5982,402701,-411.1511192239548
42,5983,402772,-604.1610889744184
42,5984,402840,-534.8866019359415
42,5985,402913,-492.97516148951206
42,5986,402970,-510.82518159593565
42,5987,403020,-315.2426362647335
42,5988,403105,-864.2556419880199
42,5989,403189,-845.6008798672202
42,5990,403257,-550.5516306133832
42,5991,403314,-518.96572139014
42,5992,403368,-374.9588737073984
42,5993,403430,-566.8388875941155
42,5994,403497,-524.456216228444
42,5995,403570,-646.6558044965437
42,5996,403633,-606.9613180881298
42,5997,403689,-483.57075176388184
42,5998,403740,-382.1768553327855
42,5999,403801,-574.6728178705305
42,6000,403879,-698.4492389489926
42,6001,403956,-470.2190726987774
42,6002,404035,-457.9526012524608
42,6003,404086,-349.6682679786097
42,6004,404164,-802.7771797406143
42,6005,404213,-430.1851647079122
42,6006,404276,-582.8804734023714
42,6007,404394,-985.7574645176388
42,6008,404466,-469.73790427810195
42,6009,404516,-319.80940733316135
42,6010,404589,-666.5283209714969
42,6011,404664,-767.4484604677735
42,6012,404724,-572.8288070830428
42,6013,404797,-446.31681964319944
42,6014,404876,-670.0426607781853
42,6015,404940,-485.364487508166
42,6016,404992,-452.7412994445248
42,6017,405048,-458.8801490485213
42,6018,405112,-608.2874801193293
42,6019,405168,-501.4151632172303
42,6020,405245,-836.4830557026813
42,6021,405316,-690.2650033409808
42,6022,405386,-655.586404078453
42,6023,405446,-436.23931199878734
42,6024,405499,-334.9776306991745
42,6025,405550,-416.78859896736066
42,6026,405604,-386.7077340929857
42,6027,405661,-536.1639243213165
42,6028,405732,-481.0542155515743
42,6029,405798,-511.5909381053901
42,6030,405887,-571.0879492768481
42,6031,405937,-385.87434681642856
42,6032,406025,-852.6549860249595
42,6033,406093,-525.2560900945007
42,6034,406168,-719.0051760813724
42,6035,406220,-365.5014054440591
42,6036,406289,-479.6473375016416
42,6037,406357,-558.5800610276733
42,6038,406420,-583.5462508287901
42,6039,406488,-557.936822113323
42,6040,406543,-430.6419614346695
42,6041,406601,-511.7100722729893
42,6042,406660,-500.3019677548048
42,6043,406723,-577.4309604812229
42,6044,406776,-460.7579598496246
42,6045,406867,-1120.104284748616
42,6046,406926,-478.298624350462
42,6047,407003,-834.6135380243862
42,6048,407073,-542.2822661606068
42,6049,407124,-432.14516058706414
42,6050,407186,-552.9436316312017
42,6051,407242,-490.42617337849407
42,6052,407320,-449.73701080975536
42,6053,407375,-452.2479713850844
42,6054,407459,-793.0135961976272
42,6055,407519,-445.4000316525737
42,6056,407573,-491.3683254430741
42,6057,407644,-502.686136382246
42,6058,407713,-566.3264694923969
42,6059,407768,-393.3997843804433
42,6060,407828,-433.21431915568576
42,6061,407906,-722.066247315129
42,6062,407985,-784.8568147985566
42,6063,408057,-520.9371422024899
42,6064,408125,-661.633562909664
42,6065,408202,-789.6801552265781
42,6066,408281,-651.3945020938035
42,6067,408351,-573.6280393923078
42,6068,408436,-696.8061703971746
42,6069,408497,-601.2550342884376
42,6070,408571,-645.9831960942348
42,6071,408626,-395.9506523890351
42,6072,408688,-584.7584028080471
42,6073,408765,-571.09025465136
42,6074,408818,-442.3729027509301
42,6075,408894,-462.2200868646854
42,6076,408947,-469.2768826019383
42,6077,409029,-823.4182217775598
42,6078,409078,-391.54692163100077
42,6079,409133,-451.4673165060479
42,6080,409227,-344.83147387148495
42,6081,409290,-615.048892333799
42,6082,409353,-555.5361633618897
42,6083,409422,-483.5037041821332
42,6084,409481,-449.1712735608843
42,6085,409534,-382.17578133349446
42,6086,409597,-561.0223242395172
42,6087,409673,-750.5625303523177
42,6088,409729,-499.7267006189378
42,6089,409813,-691.1773196629999
42,6090,409864,-421.96812784180133
42,6091,409934,-574.8642086465982
42,6092,409990,-399.296541093959
42,6093,410065,-804.9522761992954
42,6094,410132,-537.1448087227996
42,6095,410211,-771.25973421215
42,6096,410275,-602.9709268275649
42,6097,410325,-337.77982515317166
42,6098,410384,-538.7830491738007
42,6099,410433,-331.6380903147114
42,6100,410509,-630.9478036175628
42,6101,410578,-531.7567174022404
42,6102,410642,-573.0979544755954
42,6103,410724,-817.9577255342508
42,6104,410783,-431.50179192466635
42,6105,410847,-532.053462968132
42,6106,410902,-468.4118642823602
42,6107,410957,-488.35421406855744
42,6108,411012,-405.86376951412745
42,6109,411087,-453.78957064895326
42,6110,411144,-503.97049728076075
42,6111,411194,-349.786125578509
42,6112,411279,-894.3911455251175
42,6113,411332,-390.0531400345576
42,6114,411406,-593.3093675469322
42,6115,411461,-406.35960852166085
42,6116,411513,-360.3900066223724
42,6117,411599,-791.7608729447528
42,6118,411665,-567.7281260509578
42,6119,411719,-422.27488854391777
42,6120,411774,-374.15219011912814
42,6121,411828,-502.827331195552
42,6122,411897,-566.1535127835498
42,6123,411955,-525.3279799765785
42,6124,412005,-322.2793469559391
42,6125,412084,-708.0794443892113
42,6126,412139,-505.13131789542996
42,6127,412212,-605.0564440876713
42,6128,412306,-712.7118814494478
42,6129,412367,-572.8228362979266
42,6130,412438,-579.4264938516238
42,6131,412492,-389.9130280665868
42,6132,412549,-427.3333253482964
42,6133,412605,-391.1269984717606
42,6134,412667,-464.5564210903016
42,6135,412718,-339.1680949473358
42,6136,412790,-780.4064593495193
42,6137,412846,-522.2806943147123
42,6138,412928,-883.2809139091772
42,6139,412983,-468.43389018947846
42,6140,413058,-641.0520540632594
42,6141,413135,-766.5597759860963
42,6142,413222,-809.3367389236569
42,6143,413276,-420.5763077006502
42,6144,413329,-370.87008686850817
42,6145,413383,-358.8057345305146
42,6146,413436,-372.0312313786228
42,6147,413522,-1001.071720159811
42,6148,413593,-574.6553398779661
42,6149,413652,-455.70955808566737
42,6150,413730,-680.8208676608587
42,6151,413830,-604.5620912506658
42,6152,413887,-478.15924896651654
42,6153,413959,-467.23177293050287
42,6154,414035,-741.8443273694392
42,6155,414114,-680.4294588546443
42,6156,414162,-386.112662541325
42,6157,414236,-798.791644677224
42,6158,414298,-479.5919904226881
42,6159,414353,-477.4334515672486
42,6160,414424,-718.6853443000648
42,6161,414477,-359.8389600780574
42,6162,414553,-778.9787138461729
42,6163,414606,-441.6797067579908
42,6164,414656,-412.98658922022474
42,6165,414725,-457.7857237665818
42,6166,414781,-506.81929472232616
42,6167,414853,-749.7757293477871
42,6168,414905,-418.7143050955796
42,6169,414956,-455.5076210348099
42,6170,415020,-623.454226776275
42,6171,415078,-437.52395636987535
42,6172,415152,-632.0309837928319
42,6173,415208,-500.62577746450444
42,6174,415266,-528.2169148904807
42,6175,415326,-547.6794908053566
42,6176,415379,-452.4725496545084
42,6177,415432,-472.9241374389833
42,6178,415484,-368.3942551887636
42,6179,415546,-444.5299757765823
42,6180,415605,-541.384163996396
42,6181,415686,-742.1061235376932
42,6182,415737,-358.592114159093
42,6183,415788,-433.9912488975444
42,6184,415853,-511.95867053704876
42,6185,415909,-486.82515028186424
42,6186,415984,-712.4013679030846
42,6187,416060,-689.5548291535607
42,6188,416146,-957.4300021401017
42,6189,416201,-422.0995344959987
42,6190,416253,-353.61700412974307
42,6191,416322,-503.1633237200091
42,6192,416393,-473.1862915753462
42,6193,416482,-446.24296929325214
42,6194,416542,-447.7133997375515
42,6195,416622,-756.8026467696257
42,6196,416675,-386.87942726969936
42,6197,416737,-500.8028176372185
42,6198,416806,-552.0448592865462
42,6199,416862,-502.1575417836152
42,6200,416927,-591.8754097723306
42,6201,416988,-443.73899475937924
42,6202,417041,-452.0193300519631
42,6203,417097,-429.9491788131147
42,6204,417157,-457.8613814991732
42,6205,417263,-618.5627060988855
42,6206,417334,-662.7795608070112
42,6207,417396,-542.0950777251608
42,6208,417482,-794.5895814124042
42,6209,417554,-653.5439383028871
42,6210,417611,-494.5549038219777
42,6211,417673,-502.83514765407074
42,6212,417723,-327.6059735573057
42,6213,417804,-862.206881663385
42,6214,417872,-508.5910635587676
42,6215,417941,-581.2561577293466
42,6216,418003,-569.0741125566453
42,6217,418065,-555.179033373405
42,6218,418116,-423.8393801592956
42,6219,418203,-669.6016177946719
42,6220,418285,-766.2359413648446
42,6221,418356,-701.3097052075489
42,6222,418417,-543.1554859458427
42,6223,418489,-745.1309815413397
42,6224,418566,-777.2165071015113
42,6225,418619,-374.5254237161522
42,6226,418700,-782.8293927799119
42,6227,418751,-433.5807165222249
42,6228,418807,-399.0153035605672
42,6229,418858,-446.8719549414332
42,6230,418931,-715.5444311372084
42,6231,418999,-560.38222200675
42,6232,419050,-345.5943178852941
42,6233,419135,-843.8428260058465
42,6234,419215,-714.5001158972775
42,6235,419288,-779.6016658334103
42,6236,419365,-682.657278223981
42,6237,419450,-825.9311638961135
42,6238,419509,-523.5485881043835
42,6239,419581,-560.5711137987336
42,6240,419639,-455.3426083721202
42,6241,419704,-553.2774995642267
42,6242,419774,-558.1902894425893
42,6243,419843,-542.2866346855818
42,6244,419905,-443.7809122873652
42,6245,419988,-736.6701747961938
42,6246,420063,-430.5036906270773
42,6247,420135,-696.412151033232
42,6248,420222,-979.0298971560492
42,6249,420301,-684.0526688105549
42,6250,420390,-625.2091197835948
42,6251,420449,-442.0062598331942
42,6252,420571,-994.6578589688421
42,6253,420632,-492.4718721141649
42,6254,420696,-476.9435231192019
42,6255,420751,-484.9953170379338
42,6256,420809,-521.9536547980657
42,6257,420885,-647.0646303376174
42,6258,420961,-630.80418948254
42,6259,421022,-477.68502713443917
42,6260,421099,-817.9335251674927
42,6261,421150,-312.86469547247646
42,6262,421229,-812.4988177150515
42,6263,421283,-501.134148693525
42,6264,421343,-444.7005778729536
42,6265,421411,-562.6690880834503
42,6266,421495,-771.7948703023328
42,6267,421543,-408.6484608241828
42,6268,421593,-328.69829251034605
42,6269,421641,-403.69112341151515
42,6270,421692,-439.4047740243186
42,6271,421743,-438.5607844448901
42,6272,421814,-480.0505731554264
42,6273,421863,-395.7028508657199
42,6274,421926,-515.6335354184673
42,6275,421980,-388.637148186497
42,6276,422047,-531.3494761934564
42,6277,422101,-387.81708176766546
42,6278,422161,-479.4299090010793
42,6279,422213,-447.3496003586777
42,6280,422263,-375.3013087850174
42,6281,422345,-905.341952763374
42,6282,422420,-744.9547719197366
42,6283,422481,-513.4649994624965
42,6284,422568,-1003.1915852582588
42,6285,422624,-393.9608099494274
42,6286,422715,-868.6277634001179
42,6287,422789,-626.9815696351895
42,6288,422839,-347.38319315810725
42,6289,422892,-489.52068901765796
42,6290,422961,-541.4304090052784
42,6291,423050,-550.8557697069388
42,6292,423106,-503.2792759605371
42,6293,423190,-907.6342150482749
42,6294,423268,-833.9162570640744
42,6295,423347,-649.476821972571
42,6296,423436,-319.91284513255954
42,6297,423492,-461.0033082745789
42,6298,423566,-741.1736222553302
42,6299,423636,-472.92315665214494
42,6300,423710,-436.74592216047074
42,6301,423793,-757.7216448085613
42,6302,423875,-825.5481814458311
42,6303,423929,-335.15998749626476
42,6304,424012,-755.0075176970565
42,6305,424096,-761.9368962908361
42,6306,424163,-627.4273051593818
42,6307,424242,-884.3451316944471
42,6308,424322,-709.460947778101
42,6309,424386,-594.2110149602138
42,6310,424440,-465.2642801321592
42,6311,424496,-428.9975369625835
42,6312,424583,-892.9610666956283
42,6313,424654,-710.4581179474692
42,6314,424741,-848.8239511021446
42,6315,424820,-695.8678416195487
42,6316,424897,-673.8704612047148
42,6317,424962,-506.034622047072
42,6318,425015,-335.0769297707592
42,6319,425097,-803.3967378414716
42,6320,425173,-656.4767208112037
42,6321,425230,-516.0490120480665
42,6322,425316,-774.871074138258
42,6323,425373,-538.8156358993947
42,6324,425453,-776.9052567462976
42,6325,425533,-849.3325049052585
42,6326,425588,-467.14191245117536
42,6327,425643,-386.9377004009101
42,6328,425709,-646.3061273187426
42,6329,425811,-602.3936695848071
42,6330,425871,-451.63930808646927
42,6331,425928,-435.12361670901015
42,6332,426007,-715.7745482250682
42,6333,426091,-806.4521913400927
42,6334,426162,-488.71032967124904
42,6335,426232,-698.9438887922796
42,6336,426312,-694.4224769274336
42,6337,426375,-499.014279823236
42,6338,426443,-526.6046532856922
42,6339,426508,-527.7030924098433
42,6340,426574,-540.8186737981023
42,6341,426660,-994.0092225775302
42,6342,426711,-454.09063830691343
42,6343,426791,-823.8462666523586
42,6344,426865,-452.92706927701306
42,6345,426915,-417.6845282223928
42,6346,426980,-510.7993898978469
42,6347,427038,-539.163486752206
42,6348,427090,-406.6093202819546
42,6349,427148,-441.31160877435815
42,6350,427221,-475.36750646734095
42,6351,427297,-763.07900652419
42,6352,427394,-387.63298792543463
42,6353,427450,-452.9150681768044
42,6354,427521,-508.1210919069306
42,6355,427578,-521.1356727215339
42,6356,427659,-866.3142096706088
42,6357,427709,-442.80880134703057
42,6358,427762,-445.0316812832403
42,6359,427840,-788.4345826771977
42,6360,427892,-344.2684294875693
42,6361,427975,-781.0175110391721
42,6362,428032,-540.3245130154868
42,6363,428111,-807.2903254223077
42,6364,428177,-514.2115349418692
42,6365,428230,-368.4021085961867
42,6366,428297,-588.890571012001
42,6367,428376,-752.1970494946352
42,6368,428432,-515.8298958150152
42,6369,428482,-400.79898613844523
42,6370,428538,-436.70892680151263
42,6371,428594,-505.01439215875723
42,6372,428651,-513.8857099126194
42,6373,428735,-803.1916456606016
42,6374,428820,-941.4357923641645
42,6375,428871,-319.0333918762957
42,6376,428923,-339.7942913281167
42,6377,429003,-754.4083137363015
42,6378,429076,-710.9636436497095
42,6379,429162,-822.2978004154033
42,6380,429219,-393.55892455872925
42,6381,429292,-685.5036247633569
42,6382,429343,-408.55041050203585
42,6383,429394,-387.32168756824063
42,6384,429480,-977.2275492219019
42,6385,429541,-455.8648299401686
42,6386,429602,-571.0032747496834
42,6387,429660,-450.98491167089975
42,6388,429725,-553.2134126784447
42,6389,429797,-659.7851220465741
42,6390,429848,-378.5846923314129
42,6391,429932,-795.6027456553448
42,6392,430016,-968.9068340740222
42,6393,430082,-541.6972079975164
42,6394,430159,-678.7969250980703
42,6395,430215,-483.24602204390635
42,6396,430298,-721.247270065074
42,6397,430360,-582.4435142566679
42,6398,430436,-825.2274284870678
42,6399,430493,-506.11509038281827
42,6400,430551,-532.5955345023877
42,6401,430629,-820.3677467219085
42,6402,430684,-436.59449193011403
42,6403,430736,-419.0717397165248
42,6404,430804,-536.9164775308649
42,6405,430859,-408.30462093869437
42,6406,430932,-757.8313223183551
42,6407,431022,-319.53260494935546
42,6408,431104,-800.5245555817154
42,6409,431174,-439.57119265002837
42,6410,431232,-548.5106912586386
42,6411,431290,-524.4084721566621
42,6412,431348,-444.2077120261236
42,6413,431424,-768.0549199337194
42,6414,431508,-853.2460088823713
42,6415,431578,-575.4236255970372
42,6416,431649,-717.5812622106334
42,6417,431724,-729.1398394236954
42,6418,431784,-543.031034969332
42,6419,431862,-761.2424707888434
42,6420,431915,-466.6017863430737
42,6421,431968,-359.91418657742764
42,6422,432038,-674.6051266132818
42,6423,432091,-401.87462295931863
42,6424,432169,-417.6569660588672
42,6425,432251,-769.1167277402144
42,6426,432313,-473.1799898923323
42,6427,432366,-441.690694550632
42,6428,432418,-437.8233798532044
42,6429,432489,-669.8385442289076
42,6430,432553,-483.3579624285739
42,6431,432621,-675.0415354450809
42,6432,432688,-522.3035719476833
42,6433,432750,-554.269065286808
42,6434,432800,-335.12397471217304
42,6435,432855,-494.0658910151188
42,6436,432921,-553.6945546615934
42,6437,432993,-539.2495308720914
42,6438,433043,-286.68163580839996
42,6439,433126,-830.631781303523
42,6440,433191,-519.3670033414049
42,6441,433245,-370.62626204596916
42,6442,433316,-424.48079836207637
42,6443,433397,-707.9516019483875
42,6444,433469,-605.0399883089126
42,6445,433530,-496.7696137159909
42,6446,433669,-590.4627996957107
42,6447,433728,-462.02548629010147
42,6448,433797,-558.0266459762898
42,6449,433882,-790.676284195211
42,6450,433940,-525.0804977379071
42,6451,433993,-348.8354840569863
42,6452,434043,-297.99246044306824
42,6453,434095,-349.42021686721233
42,6454,434168,-668.9881993513532
42,6455,434267,-672.417559740529
42,6456,434350,-791.0429552239173
42,6457,434424,-669.904668239483
42,6458,434484,-511.55498397365403
42,6459,434578,-941.5670734063206
42,6460,434661,-753.1935597876658
42,6461,434711,-416.32504545512035
42,6462,434793,-939.2502062353238
42,6463,434876,-789.5431157071554
42,6464,434940,-587.9803369208635
42,6465,435024,-979.4192306654965
42,6466,435100,-645.3082584019465
42,6467,435157,-510.33964876967394
42,6468,435240,-840.2317807052508
42,6469,435304,-600.8479119924684
42,6470,435358,-455.6850899389083
42,6471,435412,-406.9639196056139
42,6472,435478,-555.9809105093774
42,6473,435548,-562.4966373508115
42,6474,435607,-539.2042768076294
42,6475,435671,-539.0805338826174
42,6476,435740,-483.8719220036403
42,6477,435799,-545.5773281422895
42,6478,435866,-545.5613480585644
42,6479,435950,-920.9785393551559
42,6480,436003,-388.7327838446759
42,6481,436086,-827.2417503306474
42,6482,436160,-653.0295592961606
42,6483,436223,-495.9144374991818
42,6484,436304,-768.6982818204643
42,6485,436361,-502.090538968218
42,6486,436412,-314.87199348448735
42,6487,436478,-622.250345811325
42,6488,436534,-494.6915180027946
42,6489,436605,-684.2700597128568
42,6490,436655,-395.5938433944131
42,6491,436722,-661.9499941071593
42,6492,436788,-601.5758624265773
42,6493,436856,-549.5408041178111
42,6494,436913,-450.7926914428397
42,6495,436984,-482.39504835004504
42,6496,437034,-332.3199832440332
42,6497,437119,-997.2310581210711
42,6498,437196,-731.6486802398116
42,6499,437261,-639.2002066390609
42,6500,437308,-402.0532410735707
42,6501,437367,-536.4955902949798
42,6502,437448,-876.2167971683554
42,6503,437507,-537.6850381125191
42,6504,437560,-343.5692860285849
42,6505,437632,-490.4075208690699
42,6506,437698,-640.6085995438265
42,6507,437779,-743.3354144312412
42,6508,437860,-753.2197283769902
42,6509,437911,-341.50883006759204
42,6510,437993,-741.0770474318703
42,6511,438074,-848.621565060529
42,6512,438138,-514.0315595379925
42,6513,438210,-494.27071663118545
42,6514,438292,-751.8193277426357
42,6515,438348,-383.2643766731699
42,6516,438412,-581.7618566794292
42,6517,438468,-428.37382117359545
42,6518,438527,-461.6599011364773
42,6519,438598,-501.7353706386756
42,6520,438687,-1076.1435317630358
42,6521,438755,-580.9825113986208
42,6522,438821,-643.7853532314924
42,6523,438894,-745.7087442740515
42,6524,438965,-453.961099059714
42,6525,439027,-580.5437814223039
42,6526,439106,-712.9519251524271
42,6527,439181,-759.6596768235984
42,6528,439250,-450.00823080702287
42,6529,439312,-494.69646349111855
42,6530,439371,-431.4206266444035
42,6531,439454,-773.1142371869146
42,6532,439531,-697.441252296467
42,6533,439609,-774.6555688800164
42,6534,439669,-550.8678529178858
42,6535,439744,-759.0451451541643
42,6536,439821,-786.9625240931139
42,6537,439905,-954.3993537346454
42,6538,439955,-362.6396547626153
42,6539,440030,-492.4367760346378
42,6540,440114,-734.2172944719694
42,6541,440186,-502.34980641049526
42,6542,440270,-793.3542428115447
42,6543,440339,-591.6524682711668
42,6544,440410,-742.2723272522107
42,6545,440482,-517.1252126845665
42,6546,440542,-455.21829790178043
42,6547,440592,-319.8035749354912
42,6548,440677,-844.4570837092475
42,6549,440740,-460.44032190898474
42,6550,440825,-835.475546066239
42,6551,440913,-352.80402118787515
42,6552,440970,-447.4018256238799
42,6553,441025,-397.95638237725996
42,6554,441103,-722.0353806274891
42,6555,441160,-432.82702912964294
42,6556,441236,-667.4501133366234
42,6557,441290,-456.3778620084834
42,6558,441342,-384.6823400019181
42,6559,441390,-396.2867199834678
42,6560,441442,-449.5794210051183
42,6561,441494,-387.9530283499535
42,6562,441582,-835.094720458714
42,6563,441633,-343.1855745986453
42,6564,441695,-552.0514844810132
42,6565,441746,-328.36409875477216
42,6566,441804,-519.3518024827064
42,6567,441875,-490.7772062156903
42,6568,441926,-431.38111660333175
42,6569,442001,-572.9759163962723
42,6570,442114,-691.1256015458662
42,6571,442177,-545.385728635899
42,6572,442240,-498.0798273258427
42,6573,442317,-819.4175643931014
42,6574,442447,-1062.6889332106916
42,6575,442499,-363.46108258169744
42,6576,442552,-462.0397841194629
42,6577,442602,-420.8867364084345
42,6578,442674,-594.59831485734
42,6579,442745,-566.4031422027274
42,6580,442796,-335.5683630521081
42,6581,442884,-841.661154227617
42,6582,442979,-592.0833969993101
42,6583,443039,-462.9356634973769
42,6584,443095,-501.681781814334
42,6585,443175,-408.536366669622
42,6586,443252,-648.6323398260706
42,6587,443330,-812.6114069335334
42,6588,443390,-542.0110574086733
42,6589,443450,-524.3525538059464
42,6590,443511,-482.97967034892565
42,6591,443566,-503.63550067347603
42,6592,443622,-387.1346720662784
42,6593,443682,-451.44554734234583
42,6594,443751,-546.2095981869758
42,6595,443817,-515.4199739781864
42,6596,443889,-599.6865243093813
42,6597,443946,-513.0838686886113
42,6598,444019,-661.2280407158975
42,6599,444093,-487.518377680679
42,6600,444168,-448.4140656420668
42,6601,444247,-767.6950004040166
42,6602,444321,-623.2244924059127
42,6603,444523,-341.60848788254305
42,6604,444574,-456.4254326947484
42,6605,444642,-561.5058269632591
42,6606,444703,-576.6407829077765
42,6607,444762,-444.45661962991784
42,6608,444835,-633.2525162935415
42,6609,444903,-554.0747938059139
42,6610,444987,-766.8294412769816
42,6611,445042,-414.65754215654323
42,6612,445128,-997.1222580480907
42,6613,445200,-619.7987108908594
42,6614,445272,-491.5701289709257
42,6615,445341,-496.4598532395852
42,6616,445418,-627.8228042833825
42,6617,445485,-533.4090896936456
42,6618,445559,-735.2482208980886
42,6619,445636,-746.9285423137892
42,6620,445716,-531.3207556209204
42,6621,445782,-530.3835991601845
42,6622,445850,-494.74918570219745
42,6623,445930,-778.4965471822142
42,6624,445983,-458.2069601806677
42,6625,446055,-620.7647457984117
42,6626,446117,-574.4667568009068
42,6627,446175,-414.1626039123556
42,6628,446230,-467.2949487101714
42,6629,446304,-701.5659490809246
42,6630,446369,-593.2278171455353
42,6631,446434,-522.04126289707
42,6632,446497,-477.1540256675918
42,6633,446561,-491.7668300671315
42,6634,446614,-362.05824900947493
42,6635,446683,-672.4661455850112
42,6636,446735,-384.9911853770051
42,6637,446784,-430.84561626778316
42,6638,446837,-435.9964642025921
42,6639,446922,-828.4036754297248
42,6640,446976,-476.06756649082473
42,6641,447029,-383.0111959506491
42,6642,447111,-784.4146326220092
42,6643,447170,-561.6595294539758
42,6644,447224,-458.0896816235233
42,6645,447278,-390.3553833237122
42,6646,447328,-421.08935783282107
42,6647,447416,-1007.4810323811153
42,6648,447525,-626.3502924420746
42,6649,447581,-494.6941027939504
42,6650,447636,-483.51338500159835
42,6651,447697,-534.050413629581
42,6652,447747,-355.40193328699206
42,6653,447826,-857.2280423943602
42,6654,447910,-852.1151846521813
42,6655,447961,-461.1355628972836
42,6656,448053,-349.03825167889386
42,6657,448118,-605.013678560729
42,6658,448193,-648.9569519288331
42,6659,448246,-425.03798563650474
42,6660,448296,-347.44920940457285
42,6661,448358,-460.7790658629247
42,6662,448441,-390.92083024611406
42,6663,448515,-461.5294130893002
42,6664,448583,-549.9093496855194
42,6665,448658,-460.0259147639829
42,6666,448716,-535.3893030199545
42,6667,448798,-790.9758668208593
42,6668,448848,-416.4231887051287
42,6669,448908,-563.0277368669344
42,6670,448957,-398.4492187583252
42,6671,449010,-480.3082578814427
42,6672,449061,-438.4264596046485
42,6673,449140,-725.5778618712101
42,6674,449200,-544.405782094776
42,6675,449258,-433.19439541398003
42,6676,449324,-600.4477645800669
42,6677,449407,-766.4398671402074
42,6678,449485,-690.6063991303862
42,6679,449549,-567.0666358551093
42,6680,449617,-568.0145734740825
42,6681,449683,-532.719983055352
42,6682,449750,-608.4196630089154
42,6683,449819,-497.9702011654482
42,6684,449903,-779.5344158889523
42,6685,449963,-549.9614138405075
42,6686,450042,-681.822011240034
42,6687,450100,-537.4744947098388
42,6688,450180,-793.7931970488144
42,6689,450261,-754.8135429858609
42,6690,450338,-766.0970283590018
42,6691,450406,-527.2767056491311
42,6692,450476,-474.15303783874947
42,6693,450532,-481.6255378575764
42,6694,450592,-503.5143232309871
42,6695,450670,-480.6037992099798
42,6696,450747,-633.1706503533741
42,6697,450834,-886.0616019810169
42,6698,450884,-422.6615640198433
42,6699,450955,-738.582852925883
42,6700,451034,-807.5167572864232
42,6701,451092,-466.08047378092726
42,6702,451169,-848.7415565992965
42,6703,451224,-398.2639804763704
42,6704,451274,-428.1164671691684
42,6705,451355,-674.0638234798305
42,6706,451436,-749.1580415851607
42,6707,451513,-795.4564081150544
42,6708,451577,-599.1745948532903
42,6709,451666,-768.0671530050256
42,6710,451754,-609.7117045632097
42,6711,451808,-387.31315711238454
42,6712,451885,-735.4622066983085
42,6713,451966,-811.7449870881978
42,6714,452055,-893.1633209092782
42,6715,452122,-593.8852435094733
42,6716,452197,-802.5734076495273
42,6717,452245,-393.32222099140785
42,6718,452303,-439.03790440228323
42,6719,452353,-343.84977405152256
42,6720,452406,-339.2462753678175
42,6721,452461,-461.9528487878129
42,6722,452518,-392.3961531618659
42,6723,452593,-797.3289606277857
42,6724,452654,-555.2007861388352
42,6725,452716,-559.8568605958446
42,6726,452781,-480.42942910688873
42,6727,452863,-790.1129372712313
42,6728,452953,-1065.7248689910998
42,6729,453025,-654.4689926792252
42,6730,453085,-557.0074936736969
42,6731,453171,-973.1629573290797
42,6732,453241,-484.34910307792927
42,6733,453322,-771.4734353830959
42,6734,453384,-581.1245007122486
42,6735,453462,-654.6606084769124
42,6736,453517,-438.8113289126473
42,6737,453583,-602.5687360807816
42,6738,453640,-406.8176111704895
42,6739,453697,-523.5577821490058
42,6740,453763,-514.8954318079441
42,6741,453836,-726.8241628293454
42,6742,453907,-485.6065247243239
42,6743,453986,-871.9524505953726
42,6744,454041,-472.72702803561396
42,6745,454107,-522.3701023292192
42,6746,454183,-450.9706500952626
42,6747,454256,-497.8792010393289
42,6748,454346,-1065.5351674431715
42,6749,454431,-781.2470537005945
42,6750,454485,-466.1837793849271
42,6751,454567,-753.9639380486449
42,6752,454620,-379.91919966950695
42,6753,454693,-741.1194048805921
42,6754,454767,-475.91588386119327
42,6755,454837,-607.9852830542518
42,6756,454893,-412.2166798402717
42,6757,454951,-433.4497751447111
42,6758,455026,-665.5919203174728
42,6759,455080,-400.93637789279546
42,6760,455149,-671.8744701540201
42,6761,455236,-950.9387756356253
42,6762,455299,-582.6890067859065
42,6763,455359,-507.23119421898133
42,6764,455422,-590.0758264709427
42,6765,455494,-489.2561777792604
42,6766,455573,-812.5866979228693
42,6767,455650,-781.3198484552597
42,6768,455737,-892.3015259035404
42,6769,455792,-513.262438682276
42,6770,455842,-391.96982777336376
42,6771,455906,-465.66059789540446
42,6772,455981,-447.6197359936025
42,6773,456062,-730.8658114192059
42,6774,456118,-382.951797056479
42,6775,456251,-1580.4674076122524
42,6776,456326,-716.0995972227048
42,6777,456384,-545.4522691612868
42,6778,456439,-472.05440730857043
42,6779,456527,-1083.8902429964912
42,6780,456591,-591.4447024807895
42,6781,456649,-516.4437096950459
42,6782,456728,-840.1472973796472
42,6783,456820,-903.182301024644
42,6784,456870,-383.9006574938462
42,6785,456931,-447.4116773963787
42,6786,457009,-779.3992079393178
42,6787,457093,-838.4612202506496
42,6788,457144,-341.866555286117
42,6789,457222,-719.6602859432955
42,6790,457274,-365.92162533123843
42,6791,457387,-1015.8788677614473
42,6792,457452,-518.794897096315
42,6793,457522,-536.0865706628582
42,6794,457595,-495.2217990927421
42,6795,457671,-787.9999303283697
42,6796,457757,-928.5005870795796
42,6797,457809,-451.46916762292255
42,6798,457863,-462.0332496711053
42,6799,457927,-493.22107354885514
42,6800,458010,-736.8484504988209
42,6801,458090,-835.0012861731436
42,6802,458177,-1033.5406267502553
42,6803,458251,-483.2676901679823
42,6804,458306,-405.8790072152505
42,6805,458363,-493.08077852191946
42,6806,458426,-506.18816892686374
42,6807,458506,-842.1581054459222
42,6808,458585,-665.0474798982184
42,6809,458642,-430.28974691251796
42,6810,458692,-350.6074459163777
42,6811,458755,-561.2123086714364
42,6812,458825,-577.3552195433406
42,6813,458888,-521.0049082687501
42,6814,458944,-411.67654950356444
42,6815,459003,-553.0322307559367
42,6816,459078,-757.6875158716266
42,6817,459130,-400.7105802843951
42,6818,459193,-474.88312986671184
42,6819,459256,-614.035555144397
42,6820,459320,-508.51911952633037
42,6821,459383,-578.2368336319505
42,6822,459450,-587.4048211635536
42,6823,459501,-409.2290182721043
42,6824,459558,-395.7557151293801
42,6825,459618,-538.8234452097361
42,6826,459666,-420.3407937111964
42,6827,459751,-952.3343268747822
42,6828,459807,-517.5968105443997
42,6829,459880,-619.1495060982617
42,6830,459958,-807.9200793815139
42,6831,460016,-551.8667437125264
42,6832,460081,-530.7745980669438
42,6833,460140,-479.7917480436516
42,6834,460199,-457.2931309636182
42,6835,460279,-858.627871687054
42,6836,460332,-356.35880015112417
42,6837,460384,-435.83610808464766
42,6838,460438,-386.23087271434366
42,6839,460490,-451.23058934020935
42,6840,460546,-383.45728421533346
42,6841,460614,-673.2140561624125
42,6842,460686,-484.36025980466604
42,6843,460745,-484.6467398673508
42,6844,460800,-501.25328563773655
42,6845,460854,-418.552890289753
42,6846,460918,-592.5076510171925
42,6847,460987,-560.9559570533496
42,6848,461040,-470.8945279541055
42,6849,461102,-528.8720246226778
42,6850,461173,-456.86333326871136
42,6851,461255,-827.4595766731425
42,6852,461313,-544.5525765102865
42,6853,461384,-498.80773681948665
42,6854,461438,-485.86406213929604
42,6855,461523,-358.6298460742686
42,6856,461606,-785.9128672085267
42,6857,461685,-805.4801264545268
42,6858,461764,-809.1143567381922
42,6859,461823,-480.0776366891135
42,6860,461894,-687.4723442758464
42,6861,461960,-600.4600834881528
42,6862,462016,-495.3463240973516
42,6863,462094,-865.5134398517938
42,6864,462177,-773.9142321223658
42,6865,462239,-471.6251126714743
42,6866,462301,-589.1466814589464
42,6867,462354,-403.63023654701595
42,6868,462418,-521.4227391159011
42,6869,462505,-826.6452986832362
42,6870,462563,-461.4827614307398
42,6871,462645,-931.242532071202
42,6872,462703,-499.53857252174083
42,6873,462757,-373.2832620568341
42,6874,462811,-487.50933667721597
42,6875,462896,-893.3022206454068
42,6876,462975,-828.3357933843203
42,6877,463048,-450.85241387430165
42,6878,463101,-463.3679700577433
42,6879,463160,-517.0180152787119
42,6880,463244,-776.8136561584464
42,6881,463328,-988.0820631412765
42,6882,463401,-751.6405842479808
42,6883,463452,-421.79612144720636
42,6884,463540,-1041.3836558593148
42,6885,463595,-489.72068515951577
42,6886,463660,-609.027693742478
42,6887,463713,-372.4587783360615
42,6888,463773,-504.54569987556243
42,6889,463848,-772.2481635896191
42,6890,463921,-504.6008453167045
42,6891,463984,-493.4916699901331
42,6892,464059,-791.7952887596049
42,6893,464127,-444.6384664632351
42,6894,464199,-507.24524130175575
42,6895,464281,-795.7450213850742
42,6896,464343,-503.0480206089089
42,6897,464419,-531.176172124796
42,6898,464498,-764.9926789103627
42,6899,464566,-583.3566451016059
42,6900,464640,-500.1326839280258
42,6901,464718,-768.6090657555893
42,6902,464791,-625.206175755891
42,6903,464856,-635.7712742683232
42,6904,464911,-378.27132707528847
42,6905,464994,-743.2814631313648
42,6906,465077,-781.9396003191341
42,6907,465142,-501.5346906379724
42,6908,465229,-828.1918487048675
42,6909,465281,-366.98427992767563
42,6910,465358,-748.3529406047289
42,6911,465414,-516.1681026432902
42,6912,465469,-505.5856689868768
42,6913,465530,-526.8506523049987
42,6914,465643,-851.2657058565043
42,6915,465720,-750.8825783644313
42,6916,465810,-901.4217194224615
42,6917,465885,-525.3642819584421
42,6918,465968,-747.1654851135237
42,6919,466078,-616.4755779582134
42,6920,466140,-489.86899461412014
42,6921,466200,-541.7360086967466
42,6922,466263,-575.6855683517429
42,6923,466312,-406.0096250172558
42,6924,466362,-380.1317723592702
42,6925,466433,-489.9409263654111
42,6926,466493,-553.2131300450618
42,6927,466552,-507.2973264019072
42,6928,466608,-457.990598362942
42,6929,466672,-436.6507425332369
42,6930,466735,-500.70456584152873
42,6931,466811,-624.7232446204482
42,6932,466869,-428.08433530173306
42,6933,466944,-629.7594293438267
42,6934,467006,-491.33572655496823
42,6935,467078,-689.4013434747854
42,6936,467137,-534.1348913629004
42,6937,467195,-446.65570397701896
42,6938,467246,-404.78384429328037
42,6939,467295,-359.7409683917803
42,6940,467373,-661.3413475662555
42,6941,467428,-391.9338800013202
42,6942,467501,-730.4777037834979
42,6943,467569,-555.0010493129744
42,6944,467628,-488.72653570137146
42,6945,467684,-397.68641868784516
42,6946,467739,-372.8439544543268
42,6947,467820,-903.4688112535324
42,6948,467901,-736.4923302604074
42,6949,467958,-477.33200824252884
42,6950,468009,-402.3219385821393
42,6951,468106,-1006.4376824446238
42,6952,468189,-775.0848359231516
42,6953,468239,-333.2991148414203
42,6954,468316,-800.5292555389125
42,6955,468372,-426.80293416072203
42,6956,468446,-644.8081510773316
42,6957,468526,-753.6311101054381
42,6958,468605,-813.8693628461664
42,6959,468662,-428.049944084696
42,6960,468738,-686.4105847209979
42,6961,468791,-390.8705179720152
42,6962,468868,-812.9000368975592
42,6963,468926,-448.77245286887995
42,6964,468978,-416.8389935794131
42,6965,469035,-444.8244730901751
42,6966,469088,-476.5671023233117
42,6967,469148,-481.74515930463684
42,6968,469231,-821.8267059329479
42,6969,469280,-381.7664557740904
42,6970,469351,-507.3812877146098
42,6971,469459,-401.855979041674
42,6972,469510,-338.1200829680648
42,6973,469586,-714.808090329038
42,6974,469651,-481.1039413241564
42,6975,469712,-463.48333906315605
42,6976,469796,-927.6891167646114
42,6977,469851,-379.5359432244359
42,6978,469938,-904.8365412138666
42,6979,470004,-556.2019283034231
42,6980,470086,-867.1877316016062
42,6981,470144,-532.8506337138798
42,6982,470225,-780.6636422371018
42,6983,470279,-370.1599193531085
42,6984,470338,-459.52592273540864
42,6985,470419,-385.870070403865
42,6986,470501,-663.5631315673751
42,6987,470557,-462.15492834596205
42,6988,470619,-488.54401328687635
42,6989,470671,-430.88741679227445
42,6990,470733,-486.78126440977996
42,6991,470802,-541.91549653533
42,6992,470853,-341.80802214267953
42,6993,470921,-544.2229789168784
42,6994,470989,-517.3348087989586
42,6995,471075,-975.2743211042633
42,6996,471153,-765.4545003932478
42,6997,471210,-477.2359773559616
42,6998,471289,-666.6919641706156
42,6999,471340,-425.33195510061086
42,7000,471410,-707.5202713359388
42,7001,471492,-748.4066903576754
42,7002,471577,-704.2270409218744
42,7003,471626,-413.2360512307751
42,7004,471713,-891.8551098778711
42,7005,471774,-570.4373670717175
42,7006,471844,-673.1863441286413
42,7007,471922,-775.5589086595962
42,7008,472002,-862.0478370289459
42,7009,472053,-334.55981298572453
42,7010,472134,-759.5429233215618
42,7011,472194,-547.045864156906
42,7012,472261,-530.8290488151504
42,7013,472346,-932.0402731492885
42,7014,472400,-417.0708949100875
42,7015,472458,-531.1510125984995
42,7016,472518,-570.6409423699474
42,7017,472600,-681.5861879098486
42,7018,472673,-443.5532831877641
42,7019,472747,-481.23580230130335
42,7020,472811,-478.73476854581713
42,7021,472877,-614.8926021548729
42,7022,472935,-409.47947568577433
42,7023,473000,-498.5663164293194
42,7024,473056,-484.53833824015754
42,7025,473131,-791.603811164217
42,7026,473194,-534.9023502174957
42,7027,473263,-568.8555684171722
42,7028,473315,-443.82172411437534
42,7029,473372,-487.77201177941146
42,7030,473429,-512.9506828696638
42,7031,473514,-800.2049972017332
42,7032,473565,-438.283504209117
42,7033,473617,-369.308621606847
42,7034,473685,-702.2743424072306
42,7035,473736,-385.41211408664446
42,7036,473793,-498.037174576214
42,7037,473849,-407.2015347445498
42,7038,473907,-529.5512402446847
42,7039,473978,-490.0635463071451
42,7040,474041,-499.2861173500754
42,7041,474097,-399.4402722060057
42,7042,474149,-388.3063321661097
42,7043,474208,-518.3528763724978
42,7044,474293,-799.1970416515836
42,7045,474374,-798.8059361998538
42,7046,474433,-556.2249409588024
42,7047,474498,-564.4355645296639
42,7048,474556,-522.9157045608788
42,7049,474633,-782.6798179998104
42,7050,474699,-503.68104354749477
42,7051,474749,-370.5206579184292
42,7052,474841,-426.4035584499286
42,7053,474925,-769.4702696638416
42,7054,475002,-507.6478640851242
42,7055,475084,-784.144764456551
42,7056,475140,-496.53579662583576
42,7057,475217,-700.5134721101011
42,7058,475277,-556.2453936253644
42,7059,475328,-366.53721288232003
42,7060,475400,-464.97261571118634
42,7061,475488,-1025.8288966562413
42,7062,475548,-523.0595613754414
42,7063,475606,-543.7720734227706
42,7064,475662,-489.36275292500096
42,7065,475720,-530.8280003293763
42,7066,475790,-566.38171776268
42,7067,475848,-410.2076912892147
42,7068,475919,-580.3488920706135
42,7069,475987,-468.5585794758757
42,7070,476040,-469.18904850631145
42,7071,476095,-473.8140694059462
42,7072,476147,-344.52578867256085
42,7073,476213,-548.7886923674814
42,7074,476270,-525.2589639992913
42,7075,476353,-618.936225877122
42,7076,476409,-419.82045641693657
42,7077,476479,-615.4914279639954
42,7078,476559,-821.0600809574262
42,7079,476634,-729.0426302597348
42,7080,476701,-518.1209486678576
42,7081,476756,-479.87637775596653
42,7082,476824,-599.8585572575555
42,7083,476883,-511.52716107734426
42,7084,476942,-488.7868259711352
42,7085,477001,-457.2423060239939
42,7086,477065,-567.3095696849382
42,7087,477144,-451.92067999177027
42,7088,477209,-587.8267333280012
42,7089,477263,-397.55974139209377
42,7090,477322,-472.23893860743357
42,7091,477372,-409.24550253488695
42,7092,477436,-528.7817561022107
42,7093,477486,-415.15806298272736
42,7094,477560,-745.5501532360549
42,7095,477613,-456.13863266649884
42,7096,477673,-554.1415935819537
42,7097,477732,-427.23905786797354
42,7098,477802,-484.4977181521548
42,7099,477862,-498.2337761930773
42,7100,477939,-790.3251083980092
42,7101,478004,-627.1959616690949
42,7102,478070,-500.50651179387813
42,7103,478129,-446.43204824282077
42,7104,478180,-316.2745009203335
42,7105,478232,-383.0910898363989
42,7106,478300,-555.5561571398215
42,7107,478369,-659.056050130326
42,7108,478432,-593.1933033410413
42,7109,478484,-394.13823483293214
42,7110,478543,-483.59345557157616
42,7111,478615,-683.2645945195534
42,7112,478684,-579.7222053704719
42,7113,478763,-682.0782488063206
42,7114,478848,-796.3231202175745
42,7115,478931,-602.1197296141215
42,7116,478981,-371.3282407966459
42,7117,479052,-458.4553722011826
42,7118,479132,-766.6391769971548
42,7119,479185,-359.1510501922818
42,7120,479244,-530.637404944385
42,7121,479306,-454.82085397118203
42,7122,479360,-443.4920905429938
42,7123,479436,-662.432813927702
42,7124,479495,-449.4613920902678
42,7125,479553,-503.94417682264157
42,7126,479612,-428.959588439417
42,7127,479685,-457.54445985505674
42,7128,479758,-753.2795497274097
42,7129,479839,-912.7694462915755
42,7130,479906,-505.2579069242324
42,7131,479958,-462.3230815793955
42,7132,480042,-782.5138533368929
42,7133,480094,-430.16519878693884
42,7134,480155,-572.2135463923997
42,7135,480211,-382.17773834568874
42,7136,480290,-742.3136686971432
42,7137,480361,-480.6646814276843
42,7138,480422,-542.2686954488879
42,7139,480483,-510.1021732636375
42,7140,480544,-520.1109307995195
42,7141,480602,-405.52703142096715
42,7142,480669,-542.8070110519312
42,7143,480734,-558.9448234970637
42,7144,480786,-360.1621279929007
42,7145,480855,-668.159100352272
42,7146,480913,-534.1554403770631
42,7147,480968,-443.21134943805185
42,7148,481025,-532.5868308340376
42,7149,481083,-526.3070911034163
42,7150,481151,-679.6011373943672
42,7151,481201,-421.8267904388803
42,7152,481277,-787.3434430409304
42,7153,481327,-442.6048791998601
42,7154,481391,-497.852475657138
42,7155,481448,-534.4134679413787
42,7156,481505,-379.7485888537444
42,7157,481587,-838.5421276365159
42,7158,481665,-873.046760558949
42,7159,481731,-548.7274763659694
42,7160,481782,-379.03944149330613
42,7161,481832,-332.91539689301743
42,7162,481886,-466.44356466624754
42,7163,481961,-364.7636000956935
42,7164,482033,-637.7412359457885
42,7165,482093,-502.2614419514975
42,7166,482153,-426.8250948664949
42,7167,482211,-539.5030864612396
42,7168,482273,-472.0577376718154
42,7169,482330,-497.97650455405585
42,7170,482392,-491.3705656272599
42,7171,482464,-741.4849628617426
42,7172,482515,-423.49618505436973
42,7173,482583,-463.40178764408415
42,7174,482644,-549.3682211107563
42,7175,482698,-466.7760894530888
42,7176,482774,-731.3929801608715
42,7177,482832,-453.2732716295724
42,7178,482888,-381.31460443805963
42,7179,482960,-591.4376690435151
42,7180,483023,-563.1074104522056
42,7181,483078,-388.92384980775626
42,7182,483180,-849.0183829651723
42,7183,483233,-467.8887148525589
42,7184,483286,-420.1739735651169
42,7185,483370,-558.0078017026674
42,7186,483424,-445.05143703711536
42,7187,483503,-752.7951577312036
42,7188,483584,-881.1192520683816
42,7189,483638,-487.80013716317126
42,7190,483701,-567.4784627897961
42,7191,483772,-713.7725241050349
42,7192,483822,-427.8352905745425
42,7193,483904,-396.9081095598341
42,7194,483956,-374.1630827051872
42,7195,484008,-407.011787725057
42,7196,484085,-796.5902269930426
42,7197,484170,-984.8068227558524
42,7198,484241,-489.3947133615951
42,7199,484303,-586.7986024766212
42,7200,484378,-803.4330316289355
42,7201,484464,-795.399913437419
42,7202,484526,-457.1813018387306
42,7203,484604,-668.5812133548044
42,7204,484681,-715.253652670596
42,7205,484760,-826.6812820779213
42,7206,484825,-543.9405682379788
42,7207,484908,-753.7890587738078
42,7208,484979,-482.9403549605041
42,7209,485035,-449.39323120082673
42,7210,485118,-444.5783973263491
42,7211,485179,-482.06301803241035
42,7212,485238,-545.274073761326
42,7213,485305,-631.9335192951261
42,7214,485381,-807.0986442431513
42,7215,485438,-514.9913314902963
42,7216,485514,-639.5779807084143
42,7217,485586,-603.4015401344034
42,7218,485638,-383.2375411581042
42,7219,485700,-525.7530613070398
42,7220,485750,-327.502902109932
42,7221,485818,-514.5182069525371
42,7222,485872,-462.2809467922366
42,7223,485949,-780.0249359497715
42,7224,486010,-466.5809024167626
42,7225,486089,-797.4923051617187
42,7226,486172,-782.0079865651376
42,7227,486239,-566.3905603329958
42,7228,486300,-507.96594704937763
42,7229,486357,-486.8829536149414
42,7230,486437,-784.9583388363501
42,7231,486508,-609.2014495419631
42,7232,486569,-447.72627756191304
42,7233,486636,-641.0548158392405
42,7234,486705,-572.7564361590842
42,7235,486789,-749.8346386618767
42,7236,486847,-504.0505507231025
42,7237,486900,-446.9242162529711
42,7238,486950,-438.71350476345043
42,7239,487012,-457.96623916509435
42,7240,487079,-428.54293426360834
42,7241,487141,-506.47823187247144
42,7242,487220,-779.9464005651225
42,7243,487287,-559.8439480810068
42,7244,487354,-605.0814936651432
42,7245,487434,-716.0227775440698
42,7246,487519,-684.6513199653501
42,7247,487600,-408.7028480510728
42,7248,487653,-437.28158099882853
42,7249,487704,-353.17378519739543
42,7250,487756,-432.2565621446066
42,7251,487829,-619.2519860890285
42,7252,487916,-849.9664509433144
42,7253,488003,-858.3054211973197
42,7254,488085,-775.7508866871569
42,7255,488154,-496.660857342119
42,7256,488208,-386.1651950574865
42,7257,488283,-787.8632405539839
42,7258,488340,-450.5876737334352
42,7259,488419,-708.2730349465421
42,7260,488489,-513.3174586291652
42,7261,488547,-477.3943507319592
42,7262,488627,-817.3127095126179
42,7263,488699,-462.04058368772075
42,7264,488760,-548.2016550343665
42,7265,488816,-454.9502555225245
42,7266,488918,-604.680299070743
42,7267,489002,-741.1490330015527
42,7268,489056,-384.007528235145
42,7269,489143,-856.4504943402519
42,7270,489202,-483.9064638093253
42,7271,489257,-388.7081664139287
42,7272,489315,-554.4010892212468
42,7273,489381,-520.3156389439877
42,7274,489451,-662.9952136461858
42,7275,489506,-493.60643691136346
42,7276,489594,-1036.7581865912516
42,7277,489656,-548.4846005452057
42,7278,489707,-382.59445052281137
42,7279,489786,-759.6149352556885
42,7280,489842,-461.55569272543835
42,7281,489918,-661.936958577801
42,7282,489983,-490.34682201049407
42,7283,490039,-440.26723640499176
42,7284,490090,-343.23451957879615
42,7285,490175,-784.6890007699695
42,7286,490241,-405.4966583159277
42,7287,490311,-448.75279563710194
42,7288,490396,-820.6203011429557
42,7289,490463,-566.4287606228327
42,7290,490548,-771.106111216023
42,7291,490633,-774.7228753597074
42,7292,490694,-448.3705317700383
42,7293,490752,-415.8017428760995
42,7294,490823,-510.8517397121436
42,7295,490903,-738.6023963868099
42,7296,490974,-560.4679011459
42,7297,491042,-661.9809068476765
42,7298,491097,-414.4444326495508
42,7299,491182,-773.346304363632
42,7300,491255,-741.7126067062062
42,7301,491315,-552.1478144110955
42,7302,491385,-499.71679976063047
42,7303,491442,-457.88299059699295
42,7304,491519,-773.1030201514948
42,7305,491578,-444.43602176502276
42,7306,491661,-971.1050077631037
42,7307,491740,-699.5142148178891
42,7308,491800,-522.4249410876292
42,7309,491871,-628.5101865650942
42,7310,491925,-394.4363561166931
42,7311,492003,-787.4673293572494
42,7312,492085,-896.2951661341978
42,7313,492168,-757.7369104354557
42,7314,492221,-469.45592507989954
42,7315,492284,-467.3195505784063
42,7316,492339,-385.89630479694097
42,7317,492399,-497.3749739659431
42,7318,492482,-739.7888416593267
42,7319,492576,-981.2234939080574
42,7320,492653,-755.3055605396921
42,7321,492722,-554.9697570305925
42,7322,492799,-788.1462036600386
42,7323,492877,-459.0424597966746
42,7324,492934,-399.5202381900472
42,7325,493007,-451.7622255040769
42,7326,493094,-962.927508701257
42,7327,493160,-606.5902772828713
42,7328,493221,-454.33417554797404
42,7329,493305,-741.0960759316765
42,7330,493376,-507.2726891640135
42,7331,493451,-749.8723331907684
42,7332,493512,-577.5827927464455
42,7333,493602,-970.4287805970462
42,7334,493686,-777.8875828088999
42,7335,493775,-1023.8972318417257
42,7336,493850,-684.0177930699823
42,7337,493936,-1005.8264655806429
42,7338,494011,-747.7584501836525
42,7339,494068,-512.3201583552354
42,7340,494150,-637.1086157314331
42,7341,494227,-825.3987985858475
42,7342,494286,-482.287824160445
42,7343,494355,-556.484668520561
42,7344,494411,-463.2654770708647
42,7345,494464,-437.25249493040377
42,7346,494518,-463.1358504940447
42,7347,494598,-711.300322242967
42,7348,494663,-523.5005934767034
42,7349,494750,-1056.114666501355
42,7350,494840,-904.3384863813918
42,7351,494893,-442.73152550484343
42,7352,494945,-347.341535694086
42,7353,495005,-569.7984901172657
42,7354,495071,-541.1610036583694
42,7355,495130,-530.6791245677114
42,7356,495186,-454.11692992883974
42,7357,495271,-954.1694046255774
42,7358,495327,-455.79297452734625
42,7359,495413,-813.5663950299726
42,7360,495498,-889.505695425662
42,7361,495555,-494.8242600444432
42,7362,495625,-673.2841783438382
42,7363,495694,-645.9567068438372
42,7364,495749,-464.0082464796138
42,7365,495800,-386.00610739141166
42,7366,495874,-747.6556814447895
42,7367,495930,-485.83733066476896
42,7368,495992,-480.09990885808287
42,7369,496048,-516.2718767698119
42,7370,496103,-491.62749820416974
42,7371,496162,-441.7942210219812
42,7372,496229,-543.9456474593044
42,7373,496289,-478.35065477718894
42,7374,496351,-463.38595636915386
42,7375,496402,-356.9274082533725
42,7376,496459,-405.73481440453514
42,7377,496515,-460.7938164368207
42,7378,496601,-878.0478744051019
42,7379,496702,-663.2276396576693
42,7380,496777,-807.9771423254504
42,7381,496852,-478.1523345241777
42,7382,496910,-443.25907765126647
42,7383,496995,-787.6469086850976
42,7384,497054,-485.41702844213825
42,7385,497106,-385.3509518801735
42,7386,497162,-483.52317544454525
42,7387,497231,-658.9620727617481
42,7388,497313,-739.6611102802989
42,7389,497370,-542.2823906283196
42,7390,497427,-476.2342497113637
42,7391,497488,-578.9422033292824
42,7392,497546,-423.1522501880982
42,7393,497599,-378.46265841851545
42,7394,497699,-627.4112745625931
42,7395,497757,-438.2717270146059
42,7396,497817,-452.247294106121
42,7397,497895,-772.2181887831143
42,7398,497967,-521.7764193120108
42,7399,498028,-497.33790870551184
42,7400,498106,-739.6524891044234
42,7401,498162,-377.45900912945007
42,7402,498217,-371.0501142946497
42,7403,498286,-528.201301249257
42,7404,498367,-778.5591096643191
42,7405,498434,-498.0850970602776
42,7406,498493,-481.84245513143446
42,7407,498552,-484.764988452218
42,7408,498611,-485.97825915855094
42,7409,498668,-410.6802129491019
42,7410,498724,-420.12388982289076
42,7411,498782,-467.85964084597845
42,7412,498841,-437.224257001914
42,7413,498902,-453.9338238428426
42,7414,498980,-813.6227557599299
42,7415,499037,-451.4849050501804
42,7416,499121,-642.0231069998766
42,7417,499171,-315.4529146241658
42,7418,499249,-715.4259950922158
42,7419,499327,-821.6620914059603
42,7420,499387,-466.3975394429636
42,7421,499456,-482.7646014286995
42,7422,499514,-535.300735235169
42,7423,499589,-419.6979436382948
42,7424,499656,-518.926900940249
42,7425,499742,-816.9591768546258
42,7426,499792,-303.06410333455653
42,7427,499853,-470.75952117103213
42,7428,499937,-839.4496312409775
42,7429,499989,-447.98790019575887
42,7430,500040,-350.3745257784677
