seed,episode,total_steps,return
42,1,11,11.0
42,2,25,14.0
42,3,40,15.0
42,4,71,31.0
42,5,113,42.0
42,6,150,37.0
42,7,170,20.0
42,8,205,35.0
42,9,219,14.0
42,10,231,12.0
42,11,244,13.0
42,12,274,30.0
42,13,305,31.0
42,14,321,16.0
42,15,336,15.0
42,16,345,9.0
42,17,356,11.0
42,18,374,18.0
42,19,396,22.0
42,20,425,29.0
42,21,436,11.0
42,22,454,18.0
42,23,473,19.0
42,24,503,30.0
42,25,520,17.0
42,26,532,12.0
42,27,548,16.0
42,28,562,14.0
42,29,575,13.0
42,30,593,18.0
42,31,623,30.0
42,32,653,30.0
42,33,668,15.0
42,34,684,16.0
42,35,709,25.0
42,36,739,30.0
42,37,769,30.0
42,38,789,20.0
42,39,828,39.0
42,40,853,25.0
42,41,910,57.0
42,42,938,28.0
42,43,959,21.0
42,44,982,23.0
42,45,1006,24.0
42,46,1046,40.0
42,47,1062,16.0
42,48,1076,14.0
42,49,1086,10.0
42,50,1097,11.0
42,51,1112,15.0
42,52,1164,52.0
42,53,1194,30.0
42,54,1210,16.0
42,55,1233,23.0
42,56,1243,10.0
42,57,1324,81.0
42,58,1340,16.0
42,59,1351,11.0
42,60,1364,13.0
42,61,1387,23.0
42,62,1400,13.0
42,63,1410,10.0
42,64,1426,16.0
42,65,1450,24.0
42,66,1462,12.0
42,67,1473,11.0
42,68,1513,40.0
42,69,1533,20.0
42,70,1548,15.0
42,71,1561,13.0
42,72,1587,26.0
42,73,1613,26.0
42,74,1623,10.0
42,75,1640,17.0
42,76,1655,15.0
42,77,1672,17.0
42,78,1736,64.0
42,79,1758,22.0
42,80,1771,13.0
42,81,1793,22.0
42,82,1828,35.0
42,83,1844,16.0
42,84,1854,10.0
42,85,1865,11.0
42,86,1883,18.0
42,87,1929,46.0
42,88,1957,28.0
42,89,1986,29.0
42,90,2003,17.0
42,91,2032,29.0
42,92,2049,17.0
42,93,2064,15.0
42,94,2090,26.0
42,95,2101,11.0
42,96,2119,18.0
42,97,2135,16.0
42,98,2156,21.0
42,99,2189,33.0
42,100,2200,11.0
42,101,2240,40.0
42,102,2255,15.0
42,103,2295,40.0
42,104,2318,23.0
42,105,2330,12.0
42,106,2342,12.0
42,107,2369,27.0
42,108,2391,22.0
42,109,2404,13.0
42,110,2415,11.0
42,111,2427,12.0
42,112,2442,15.0
42,113,2477,35.0
42,114,2508,31.0
42,115,2524,16.0
42,116,2538,14.0
42,117,2558,20.0
42,118,2576,18.0
42,119,2594,18.0
42,120,2612,18.0
42,121,2628,16.0
42,122,2648,20.0
42,123,2691,43.0
42,124,2705,14.0
42,125,2715,10.0
42,126,2734,19.0
42,127,2763,29.0
42,128,2776,13.0
42,129,2786,10.0
42,130,2836,50.0
42,131,2858,22.0
42,132,2872,14.0
42,133,2884,12.0
42,134,2913,29.0
42,135,2937,24.0
42,136,2966,29.0
42,137,2989,23.0
42,138,3011,22.0
42,139,3025,14.0
42,140,3046,21.0
42,141,3086,40.0
42,142,3115,29.0
42,143,3141,26.0
42,144,3155,14.0
42,145,3214,59.0
42,146,3251,37.0
42,147,3262,11.0
42,148,3273,11.0
42,149,3284,11.0
42,150,3298,14.0
42,151,3336,38.0
42,152,3367,31.0
42,153,3381,14.0
42,154,3395,14.0
42,155,3406,11.0
42,156,3432,26.0
42,157,3457,25.0
42,158,3467,10.0
42,159,3533,66.0
42,160,3555,22.0
42,161,3591,36.0
42,162,3637,46.0
42,163,3673,36.0
42,164,3694,21.0
42,165,3713,19.0
42,166,3747,34.0
42,167,3764,17.0
42,168,3774,10.0
42,169,3800,26.0
42,170,3826,26.0
42,171,3846,20.0
42,172,3862,16.0
42,173,3946,84.0
42,174,3964,18.0
42,175,3980,16.0
42,176,3989,9.0
42,177,4005,16.0
42,178,4030,25.0
42,179,4078,48.0
42,180,4101,23.0
42,181,4119,18.0
42,182,4150,31.0
42,183,4176,26.0
42,184,4213,37.0
42,185,4246,33.0
42,186,4266,20.0
42,187,4318,52.0
42,188,4349,31.0
42,189,4361,12.0
42,190,4378,17.0
42,191,4398,20.0
42,192,4410,12.0
42,193,4425,15.0
42,194,4439,14.0
42,195,4448,9.0
42,196,4461,13.0
42,197,4484,23.0
42,198,4535,51.0
42,199,4548,13.0
42,200,4616,68.0
42,201,4644,28.0
42,202,4668,24.0
42,203,4713,45.0
42,204,4725,12.0
42,205,4759,34.0
42,206,4782,23.0
42,207,4792,10.0
42,208,4804,12.0
42,209,4896,92.0
42,210,4920,24.0
42,211,4955,35.0
42,212,4993,38.0
42,213,5022,29.0
42,214,5037,15.0
42,215,5053,16.0
42,216,5071,18.0
42,217,5088,17.0
42,218,5100,12.0
42,219,5129,29.0
42,220,5154,25.0
42,221,5176,22.0
42,222,5295,119.0
42,223,5306,11.0
42,224,5330,24.0
42,225,5362,32.0
42,226,5383,21.0
42,227,5419,36.0
42,228,5432,13.0
42,229,5445,13.0
42,230,5473,28.0
42,231,5488,15.0
42,232,5545,57.0
42,233,5565,20.0
42,234,5631,66.0
42,235,5663,32.0
42,236,5674,11.0
42,237,5695,21.0
42,238,5711,16.0
42,239,5725,14.0
42,240,5743,18.0
42,241,5778,35.0
42,242,5813,35.0
42,243,5828,15.0
42,244,5857,29.0
42,245,5880,23.0
42,246,5910,30.0
42,247,5981,71.0
42,248,6013,32.0
42,249,6052,39.0
42,250,6063,11.0
42,251,6093,30.0
42,252,6116,23.0
42,253,6139,23.0
42,254,6149,10.0
42,255,6163,14.0
42,256,6183,20.0
42,257,6193,10.0
42,258,6207,14.0
42,259,6225,18.0
42,260,6241,16.0
42,261,6254,13.0
42,262,6271,17.0
42,263,6289,18.0
42,264,6307,18.0
42,265,6347,40.0
42,266,6360,13.0
42,267,6383,23.0
42,268,6407,24.0
42,269,6427,20.0
42,270,6443,16.0
42,271,6463,20.0
42,272,6491,28.0
42,273,6507,16.0
42,274,6520,13.0
42,275,6561,41.0
42,276,6570,9.0
42,277,6641,71.0
42,278,6656,15.0
42,279,6668,12.0
42,280,6710,42.0
42,281,6744,34.0
42,282,6767,23.0
42,283,6791,24.0
42,284,6804,13.0
42,285,6814,10.0
42,286,6879,65.0
42,287,6901,22.0
42,288,6946,45.0
42,289,6973,27.0
42,290,7008,35.0
42,291,7018,10.0
42,292,7035,17.0
42,293,7050,15.0
42,294,7082,32.0
42,295,7103,21.0
42,296,7123,20.0
42,297,7136,13.0
42,298,7163,27.0
42,299,7190,27.0
42,300,7231,41.0
42,301,7245,14.0
42,302,7299,54.0
42,303,7316,17.0
42,304,7325,9.0
42,305,7402,77.0
42,306,7430,28.0
42,307,7442,12.0
42,308,7452,10.0
42,309,7463,11.0
42,310,7489,26.0
42,311,7506,17.0
42,312,7531,25.0
42,313,7561,30.0
42,314,7578,17.0
42,315,7627,49.0
42,316,7654,27.0
42,317,7669,15.0
42,318,7681,12.0
42,319,7697,16.0
42,320,7743,46.0
42,321,7752,9.0
42,322,7777,25.0
42,323,7805,28.0
42,324,7827,22.0
42,325,7846,19.0
42,326,7856,10.0
42,327,7882,26.0
42,328,7898,16.0
42,329,7928,30.0
42,330,7943,15.0
42,331,7984,41.0
42,332,8006,22.0
42,333,8058,52.0
42,334,8074,16.0
42,335,8127,53.0
42,336,8159,32.0
42,337,8175,16.0
42,338,8184,9.0
42,339,8208,24.0
42,340,8232,24.0
42,341,8265,33.0
42,342,8277,12.0
42,343,8296,19.0
42,344,8314,18.0
42,345,8437,123.0
42,346,8459,22.0
42,347,8498,39.0
42,348,8534,36.0
42,349,8566,32.0
42,350,8604,38.0
42,351,8627,23.0
42,352,8653,26.0
42,353,8675,22.0
42,354,8703,28.0
42,355,8727,24.0
42,356,8754,27.0
42,357,8772,18.0
42,358,8811,39.0
42,359,8826,15.0
42,360,8853,27.0
42,361,8875,22.0
42,362,8887,12.0
42,363,8900,13.0
42,364,8929,29.0
42,365,8942,13.0
42,366,8955,13.0
42,367,8974,19.0
42,368,8990,16.0
42,369,9013,23.0
42,370,9029,16.0
42,371,9075,46.0
42,372,9109,34.0
42,373,9186,77.0
42,374,9239,53.0
42,375,9250,11.0
42,376,9288,38.0
42,377,9319,31.0
42,378,9338,19.0
42,379,9391,53.0
42,380,9416,25.0
42,381,9443,27.0
42,382,9462,19.0
42,383,9480,18.0
42,384,9579,99.0
42,385,9602,23.0
42,386,9629,27.0
42,387,9658,29.0
42,388,9688,30.0
42,389,9702,14.0
42,390,9724,22.0
42,391,9737,13.0
42,392,9754,17.0
42,393,9856,102.0
42,394,9886,30.0
42,395,9958,72.0
42,396,9970,12.0
42,397,9995,25.0
42,398,10027,32.0
42,399,10068,41.0
42,400,10101,33.0
42,401,10122,21.0
42,402,10147,25.0
42,403,10175,28.0
42,404,10210,35.0
42,405,10261,51.0
42,406,10292,31.0
42,407,10332,40.0
42,408,10363,31.0
42,409,10428,65.0
42,410,10477,49.0
42,411,10487,10.0
42,412,10503,16.0
42,413,10548,45.0
42,414,10565,17.0
42,415,10590,25.0
42,416,10614,24.0
42,417,10657,43.0
42,418,10679,22.0
42,419,10727,48.0
42,420,10737,10.0
42,421,10783,46.0
42,422,10794,11.0
42,423,10855,61.0
42,424,10865,10.0
42,425,10889,24.0
42,426,10908,19.0
42,427,10925,17.0
42,428,10947,22.0
42,429,10966,19.0
42,430,11003,37.0
42,431,11075,72.0
42,432,11105,30.0
42,433,11115,10.0
42,434,11124,9.0
42,435,11137,13.0
42,436,11150,13.0
42,437,11168,18.0
42,438,11224,56.0
42,439,11262,38.0
42,440,11282,20.0
42,441,11300,18.0
42,442,11321,21.0
42,443,11340,19.0
42,444,11356,16.0
42,445,11403,47.0
42,446,11433,30.0
42,447,11451,18.0
42,448,11467,16.0
42,449,11489,22.0
42,450,11509,20.0
42,451,11563,54.0
42,452,11614,51.0
42,453,11654,40.0
42,454,11664,10.0
42,455,11676,12.0
42,456,11726,50.0
42,457,11780,54.0
42,458,11794,14.0
42,459,11842,48.0
42,460,11889,47.0
42,461,11919,30.0
42,462,11940,21.0
42,463,11989,49.0
42,464,12001,12.0
42,465,12030,29.0
42,466,12044,14.0
42,467,12057,13.0
42,468,12085,28.0
42,469,12102,17.0
42,470,12138,36.0
42,471,12159,21.0
42,472,12178,19.0
42,473,12196,18.0
42,474,12211,15.0
42,475,12247,36.0
42,476,12270,23.0
42,477,12281,11.0
42,478,12292,11.0
42,479,12318,26.0
42,480,12355,37.0
42,481,12378,23.0
42,482,12417,39.0
42,483,12426,9.0
42,484,12448,22.0
42,485,12460,12.0
42,486,12484,24.0
42,487,12512,28.0
42,488,12575,63.0
42,489,12599,24.0
42,490,12630,31.0
42,491,12669,39.0
42,492,12728,59.0
42,493,12741,13.0
42,494,12762,21.0
42,495,12816,54.0
42,496,12831,15.0
42,497,12869,38.0
42,498,12888,19.0
42,499,12912,24.0
42,500,12923,11.0
42,501,12994,71.0
42,502,13034,40.0
42,503,13066,32.0
42,504,13142,76.0
42,505,13183,41.0
42,506,13218,35.0
42,507,13241,23.0
42,508,13253,12.0
42,509,13277,24.0
42,510,13294,17.0
42,511,13323,29.0
42,512,13376,53.0
42,513,13405,29.0
42,514,13488,83.0
42,515,13512,24.0
42,516,13591,79.0
42,517,13602,11.0
42,518,13614,12.0
42,519,13645,31.0
42,520,13710,65.0
42,521,13809,99.0
42,522,13865,56.0
42,523,14031,166.0
42,524,14092,61.0
42,525,14138,46.0
42,526,14157,19.0
42,527,14191,34.0
42,528,14204,13.0
42,529,14242,38.0
42,530,14279,37.0
42,531,14318,39.0
42,532,14335,17.0
42,533,14389,54.0
42,534,14404,15.0
42,535,14443,39.0
42,536,14464,21.0
42,537,14485,21.0
42,538,14535,50.0
42,539,14549,14.0
42,540,14563,14.0
42,541,14578,15.0
42,542,14669,91.0
42,543,14701,32.0
42,544,14722,21.0
42,545,14757,35.0
42,546,14781,24.0
42,547,14816,35.0
42,548,14864,48.0
42,549,14892,28.0
42,550,14916,24.0
42,551,14950,34.0
42,552,15034,84.0
42,553,15059,25.0
42,554,15088,29.0
42,555,15097,9.0
42,556,15118,21.0
42,557,15145,27.0
42,558,15175,30.0
42,559,15216,41.0
42,560,15256,40.0
42,561,15271,15.0
42,562,15292,21.0
42,563,15317,25.0
42,564,15347,30.0
42,565,15401,54.0
42,566,15425,24.0
42,567,15451,26.0
42,568,15482,31.0
42,569,15511,29.0
42,570,15520,9.0
42,571,15535,15.0
42,572,15668,133.0
42,573,15693,25.0
42,574,15706,13.0
42,575,15730,24.0
42,576,15776,46.0
42,577,15789,13.0
42,578,15806,17.0
42,579,15823,17.0
42,580,15941,118.0
42,581,15972,31.0
42,582,16025,53.0
42,583,16049,24.0
42,584,16065,16.0
42,585,16113,48.0
42,586,16148,35.0
42,587,16163,15.0
42,588,16176,13.0
42,589,16211,35.0
42,590,16227,16.0
42,591,16244,17.0
42,592,16269,25.0
42,593,16316,47.0
42,594,16350,34.0
42,595,16373,23.0
42,596,16394,21.0
42,597,16472,78.0
42,598,16562,90.0
42,599,16618,56.0
42,600,16652,34.0
42,601,16695,43.0
42,602,16728,33.0
42,603,16749,21.0
42,604,16783,34.0
42,605,16836,53.0
42,606,16865,29.0
42,607,16917,52.0
42,608,16945,28.0
42,609,17010,65.0
42,610,17059,49.0
42,611,17082,23.0
42,612,17172,90.0
42,613,17254,82.0
42,614,17340,86.0
42,615,17360,20.0
42,616,17373,13.0
42,617,17404,31.0
42,618,17456,52.0
42,619,17488,32.0
42,620,17525,37.0
42,621,17549,24.0
42,622,17655,106.0
42,623,17698,43.0
42,624,17743,45.0
42,625,17754,11.0
42,626,17779,25.0
42,627,17796,17.0
42,628,17806,10.0
42,629,17826,20.0
42,630,17834,8.0
42,631,17861,27.0
42,632,17882,21.0
42,633,17894,12.0
42,634,17923,29.0
42,635,17946,23.0
42,636,17961,15.0
42,637,17997,36.0
42,638,18100,103.0
42,639,18116,16.0
42,640,18160,44.0
42,641,18236,76.0
42,642,18253,17.0
42,643,18290,37.0
42,644,18323,33.0
42,645,18379,56.0
42,646,18405,26.0
42,647,18430,25.0
42,648,18444,14.0
42,649,18458,14.0
42,650,18501,43.0
42,651,18512,11.0
42,652,18558,46.0
42,653,18574,16.0
42,654,18599,25.0
42,655,18651,52.0
42,656,18729,78.0
42,657,18786,57.0
42,658,18837,51.0
42,659,18873,36.0
42,660,18888,15.0
42,661,18902,14.0
42,662,18922,20.0
42,663,18976,54.0
42,664,19018,42.0
42,665,19049,31.0
42,666,19148,99.0
42,667,19162,14.0
42,668,19223,61.0
42,669,19264,41.0
42,670,19316,52.0
42,671,19377,61.0
42,672,19427,50.0
42,673,19450,23.0
42,674,19503,53.0
42,675,19548,45.0
42,676,19583,35.0
42,677,19602,19.0
42,678,19690,88.0
42,679,19712,22.0
42,680,19769,57.0
42,681,19806,37.0
42,682,19822,16.0
42,683,19855,33.0
42,684,19881,26.0
42,685,19949,68.0
42,686,19974,25.0
42,687,20049,75.0
42,688,20095,46.0
42,689,20176,81.0
42,690,20219,43.0
42,691,20271,52.0
42,692,20348,77.0
42,693,20391,43.0
42,694,20422,31.0
42,695,20438,16.0
42,696,20489,51.0
42,697,20520,31.0
42,698,20571,51.0
42,699,20585,14.0
42,700,20601,16.0
42,701,20620,19.0
42,702,20664,44.0
42,703,20731,67.0
42,704,20742,11.0
42,705,20787,45.0
42,706,20819,32.0
42,707,20853,34.0
42,708,20904,51.0
42,709,20930,26.0
42,710,20976,46.0
42,711,21021,45.0
42,712,21041,20.0
42,713,21102,61.0
42,714,21175,73.0
42,715,21193,18.0
42,716,21232,39.0
42,717,21270,38.0
42,718,21364,94.0
42,719,21422,58.0
42,720,21505,83.0
42,721,21564,59.0
42,722,21578,14.0
42,723,21589,11.0
42,724,21658,69.0
42,725,21752,94.0
42,726,21781,29.0
42,727,21853,72.0
42,728,21888,35.0
42,729,21914,26.0
42,730,21934,20.0
42,731,22004,70.0
42,732,22094,90.0
42,733,22132,38.0
42,734,22169,37.0
42,735,22306,137.0
42,736,22498,192.0
42,737,22512,14.0
42,738,22651,139.0
42,739,22690,39.0
42,740,22771,81.0
42,741,22781,10.0
42,742,22899,118.0
42,743,22920,21.0
42,744,23016,96.0
42,745,23093,77.0
42,746,23254,161.0
42,747,23304,50.0
42,748,23342,38.0
42,749,23376,34.0
42,750,23449,73.0
42,751,23469,20.0
42,752,23533,64.0
42,753,23561,28.0
42,754,23659,98.0
42,755,23712,53.0
42,756,23748,36.0
42,757,23765,17.0
42,758,23780,15.0
42,759,23837,57.0
42,760,23876,39.0
42,761,23893,17.0
42,762,23971,78.0
42,763,23983,12.0
42,764,23995,12.0
42,765,24019,24.0
42,766,24113,94.0
42,767,24165,52.0
42,768,24179,14.0
42,769,24281,102.0
42,770,24293,12.0
42,771,24321,28.0
42,772,24386,65.0
42,773,24448,62.0
42,774,24476,28.0
42,775,24540,64.0
42,776,24574,34.0
42,777,24642,68.0
42,778,24697,55.0
42,779,24713,16.0
42,780,24735,22.0
42,781,24824,89.0
42,782,24923,99.0
42,783,25010,87.0
42,784,25049,39.0
42,785,25073,24.0
42,786,25106,33.0
42,787,25271,165.0
42,788,25325,54.0
42,789,25361,36.0
42,790,25389,28.0
42,791,25452,63.0
42,792,25468,16.0
42,793,25493,25.0
42,794,25531,38.0
42,795,25571,40.0
42,796,25613,42.0
42,797,25678,65.0
42,798,25732,54.0
42,799,25869,137.0
42,800,25992,123.0
42,801,26017,25.0
42,802,26109,92.0
42,803,26151,42.0
42,804,26174,23.0
42,805,26273,99.0
42,806,26313,40.0
42,807,26330,17.0
42,808,26384,54.0
42,809,26477,93.0
42,810,26668,191.0
42,811,26699,31.0
42,812,26793,94.0
42,813,26845,52.0
42,814,26856,11.0
42,815,26947,91.0
42,816,27004,57.0
42,817,27026,22.0
42,818,27100,74.0
42,819,27117,17.0
42,820,27126,9.0
42,821,27171,45.0
42,822,27192,21.0
42,823,27230,38.0
42,824,27247,17.0
42,825,27262,15.0
42,826,27337,75.0
42,827,27365,28.0
42,828,27376,11.0
42,829,27450,74.0
42,830,27524,74.0
42,831,27537,13.0
42,832,27595,58.0
42,833,27631,36.0
42,834,27654,23.0
42,835,27723,69.0
42,836,27870,147.0
42,837,27890,20.0
42,838,27960,70.0
42,839,27995,35.0
42,840,28064,69.0
42,841,28103,39.0
42,842,28138,35.0
42,843,28226,88.0
42,844,28239,13.0
42,845,28275,36.0
42,846,28288,13.0
42,847,28305,17.0
42,848,28387,82.0
42,849,28405,18.0
42,850,28424,19.0
42,851,28454,30.0
42,852,28571,117.0
42,853,28659,88.0
42,854,28721,62.0
42,855,28857,136.0
42,856,28939,82.0
42,857,28971,32.0
42,858,28979,8.0
42,859,28997,18.0
42,860,29048,51.0
42,861,29065,17.0
42,862,29079,14.0
42,863,29090,11.0
42,864,29131,41.0
42,865,29179,48.0
42,866,29214,35.0
42,867,29226,12.0
42,868,29380,154.0
42,869,29405,25.0
42,870,29529,124.0
42,871,29596,67.0
42,872,29677,81.0
42,873,29819,142.0
42,874,29852,33.0
42,875,29866,14.0
42,876,29916,50.0
42,877,29967,51.0
42,878,29986,19.0
42,879,30081,95.0
42,880,30112,31.0
42,881,30134,22.0
42,882,30212,78.0
42,883,30237,25.0
42,884,30266,29.0
42,885,30309,43.0
42,886,30326,17.0
42,887,30349,23.0
42,888,30363,14.0
42,889,30421,58.0
42,890,30565,144.0
42,891,30709,144.0
42,892,30756,47.0
42,893,30834,78.0
42,894,30870,36.0
42,895,31048,178.0
42,896,31091,43.0
42,897,31177,86.0
42,898,31227,50.0
42,899,31255,28.0
42,900,31310,55.0
42,901,31502,192.0
42,902,31553,51.0
42,903,31661,108.0
42,904,31671,10.0
42,905,31688,17.0
42,906,31723,35.0
42,907,31734,11.0
42,908,31764,30.0
42,909,31842,78.0
42,910,31907,65.0
42,911,32018,111.0
42,912,32038,20.0
42,913,32070,32.0
42,914,32085,15.0
42,915,32102,17.0
42,916,32132,30.0
42,917,32145,13.0
42,918,32211,66.0
42,919,32287,76.0
42,920,32320,33.0
42,921,32352,32.0
42,922,32363,11.0
42,923,32518,155.0
42,924,32657,139.0
42,925,32782,125.0
42,926,32843,61.0
42,927,32973,130.0
42,928,33043,70.0
42,929,33109,66.0
42,930,33135,26.0
42,931,33175,40.0
42,932,33241,66.0
42,933,33275,34.0
42,934,33319,44.0
42,935,33357,38.0
42,936,33418,61.0
42,937,33479,61.0
42,938,33513,34.0
42,939,33555,42.0
42,940,33596,41.0
42,941,33646,50.0
42,942,33700,54.0
42,943,33733,33.0
42,944,33744,11.0
42,945,33761,17.0
42,946,33833,72.0
42,947,33938,105.0
42,948,33961,23.0
42,949,33974,13.0
42,950,34123,149.0
42,951,34196,73.0
42,952,34216,20.0
42,953,34327,111.0
42,954,34489,162.0
42,955,34551,62.0
42,956,34663,112.0
42,957,34694,31.0
42,958,34706,12.0
42,959,34766,60.0
42,960,34885,119.0
42,961,34963,78.0
42,962,35106,143.0
42,963,35265,159.0
42,964,35321,56.0
42,965,35362,41.0
42,966,35397,35.0
42,967,35482,85.0
42,968,35539,57.0
42,969,35620,81.0
42,970,35778,158.0
42,971,35885,107.0
42,972,35998,113.0
42,973,36026,28.0
42,974,36116,90.0
42,975,36131,15.0
42,976,36155,24.0
42,977,36201,46.0
42,978,36215,14.0
42,979,36226,11.0
42,980,36322,96.0
42,981,36507,185.0
42,982,36589,82.0
42,983,36604,15.0
42,984,36654,50.0
42,985,36723,69.0
42,986,36748,25.0
42,987,36830,82.0
42,988,36907,77.0
42,989,36921,14.0
42,990,36948,27.0
42,991,36997,49.0
42,992,37063,66.0
42,993,37078,15.0
42,994,37137,59.0
42,995,37185,48.0
42,996,37299,114.0
42,997,37365,66.0
42,998,37446,81.0
42,999,37558,112.0
42,1000,37652,94.0
42,1001,37724,72.0
42,1002,37790,66.0
42,1003,37922,132.0
42,1004,37966,44.0
42,1005,38119,153.0
42,1006,38282,163.0
42,1007,38382,100.0
42,1008,38453,71.0
42,1009,38520,67.0
42,1010,38580,60.0
42,1011,38597,17.0
42,1012,38620,23.0
42,1013,38653,33.0
42,1014,38742,89.0
42,1015,38825,83.0
42,1016,38877,52.0
42,1017,38934,57.0
42,1018,39002,68.0
42,1019,39017,15.0
42,1020,39113,96.0
42,1021,39171,58.0
42,1022,39198,27.0
42,1023,39229,31.0
42,1024,39264,35.0
42,1025,39293,29.0
42,1026,39338,45.0
42,1027,39423,85.0
42,1028,39459,36.0
42,1029,39636,177.0
42,1030,39754,118.0
42,1031,39827,73.0
42,1032,39864,37.0
42,1033,39875,11.0
42,1034,39989,114.0
42,1035,40075,86.0
42,1036,40297,222.0
42,1037,40438,141.0
42,1038,40578,140.0
42,1039,40653,75.0
42,1040,40740,87.0
42,1041,41071,331.0
42,1042,41186,115.0
42,1043,41283,97.0
42,1044,41412,129.0
42,1045,41480,68.0
42,1046,41630,150.0
42,1047,41644,14.0
42,1048,41691,47.0
42,1049,41737,46.0
42,1050,41762,25.0
42,1051,41775,13.0
42,1052,41920,145.0
42,1053,42041,121.0
42,1054,42186,145.0
42,1055,42229,43.0
42,1056,42396,167.0
42,1057,42441,45.0
42,1058,42515,74.0
42,1059,42554,39.0
42,1060,42628,74.0
42,1061,42684,56.0
42,1062,42814,130.0
42,1063,42920,106.0
42,1064,43000,80.0
42,1065,43142,142.0
42,1066,43274,132.0
42,1067,43363,89.0
42,1068,43401,38.0
42,1069,43417,16.0
42,1070,43523,106.0
42,1071,43671,148.0
42,1072,43742,71.0
42,1073,43754,12.0
42,1074,43765,11.0
42,1075,43882,117.0
42,1076,43926,44.0
42,1077,44008,82.0
42,1078,44050,42.0
42,1079,44170,120.0
42,1080,44191,21.0
42,1081,44312,121.0
42,1082,44400,88.0
42,1083,44416,16.0
42,1084,44447,31.0
42,1085,44538,91.0
42,1086,44684,146.0
42,1087,44714,30.0
42,1088,44887,173.0
42,1089,45117,230.0
42,1090,45258,141.0
42,1091,45359,101.0
42,1092,45388,29.0
42,1093,45510,122.0
42,1094,45584,74.0
42,1095,45686,102.0
42,1096,45756,70.0
42,1097,45855,99.0
42,1098,45930,75.0
42,1099,46079,149.0
42,1100,46208,129.0
42,1101,46270,62.0
42,1102,46322,52.0
42,1103,46337,15.0
42,1104,46515,178.0
42,1105,46586,71.0
42,1106,46617,31.0
42,1107,46761,144.0
42,1108,46877,116.0
42,1109,46913,36.0
42,1110,46952,39.0
42,1111,46995,43.0
42,1112,47028,33.0
42,1113,47146,118.0
42,1114,47221,75.0
42,1115,47338,117.0
42,1116,47379,41.0
42,1117,47586,207.0
42,1118,47644,58.0
42,1119,47805,161.0
42,1120,47857,52.0
42,1121,47972,115.0
42,1122,48060,88.0
42,1123,48127,67.0
42,1124,48191,64.0
42,1125,48253,62.0
42,1126,48362,109.0
42,1127,48523,161.0
42,1128,48697,174.0
42,1129,48856,159.0
42,1130,48968,112.0
42,1131,49129,161.0
42,1132,49299,170.0
42,1133,49529,230.0
42,1134,49634,105.0
42,1135,49705,71.0
42,1136,49760,55.0
42,1137,49875,115.0
42,1138,49886,11.0
42,1139,49899,13.0
42,1140,49954,55.0
42,1141,50009,55.0
42,1142,50091,82.0
42,1143,50214,123.0
42,1144,50363,149.0
42,1145,50391,28.0
42,1146,50456,65.0
42,1147,50469,13.0
42,1148,50517,48.0
42,1149,50574,57.0
42,1150,50701,127.0
42,1151,50805,104.0
42,1152,50872,67.0
42,1153,51105,233.0
42,1154,51293,188.0
42,1155,51353,60.0
42,1156,51373,20.0
42,1157,51393,20.0
42,1158,51530,137.0
42,1159,51603,73.0
42,1160,51737,134.0
42,1161,51860,123.0
42,1162,51991,131.0
42,1163,52076,85.0
42,1164,52168,92.0
42,1165,52197,29.0
42,1166,52325,128.0
42,1167,52435,110.0
42,1168,52564,129.0
42,1169,52615,51.0
42,1170,52731,116.0
42,1171,52815,84.0
42,1172,52900,85.0
42,1173,52938,38.0
42,1174,52952,14.0
42,1175,52980,28.0
42,1176,52991,11.0
42,1177,53010,19.0
42,1178,53061,51.0
42,1179,53217,156.0
42,1180,53416,199.0
42,1181,53530,114.0
42,1182,53630,100.0
42,1183,53716,86.0
42,1184,53777,61.0
42,1185,53874,97.0
42,1186,53989,115.0
42,1187,54126,137.0
42,1188,54216,90.0
42,1189,54270,54.0
42,1190,54524,254.0
42,1191,54627,103.0
42,1192,54742,115.0
42,1193,54893,151.0
42,1194,55213,320.0
42,1195,55375,162.0
42,1196,55455,80.0
42,1197,55478,23.0
42,1198,55594,116.0
42,1199,55860,266.0
42,1200,55984,124.0
42,1201,56082,98.0
42,1202,56159,77.0
42,1203,56223,64.0
42,1204,56350,127.0
42,1205,56422,72.0
42,1206,56541,119.0
42,1207,56625,84.0
42,1208,56685,60.0
42,1209,56698,13.0
42,1210,56914,216.0
42,1211,56988,74.0
42,1212,57098,110.0
42,1213,57202,104.0
42,1214,57317,115.0
42,1215,57597,280.0
42,1216,57710,113.0
42,1217,57752,42.0
42,1218,57850,98.0
42,1219,58018,168.0
42,1220,58128,110.0
42,1221,58235,107.0
42,1222,58373,138.0
42,1223,58433,60.0
42,1224,58616,183.0
42,1225,58729,113.0
42,1226,58793,64.0
42,1227,58962,169.0
42,1228,59184,222.0
42,1229,59297,113.0
42,1230,59531,234.0
42,1231,59697,166.0
42,1232,59816,119.0
42,1233,59993,177.0
42,1234,60148,155.0
42,1235,60206,58.0
42,1236,60240,34.0
42,1237,60403,163.0
42,1238,60445,42.0
42,1239,60563,118.0
42,1240,60690,127.0
42,1241,60803,113.0
42,1242,60945,142.0
42,1243,61141,196.0
42,1244,61220,79.0
42,1245,61375,155.0
42,1246,61414,39.0
42,1247,61502,88.0
42,1248,61658,156.0
42,1249,61744,86.0
42,1250,61816,72.0
42,1251,62028,212.0
42,1252,62175,147.0
42,1253,62274,99.0
42,1254,62333,59.0
42,1255,62345,12.0
42,1256,62443,98.0
42,1257,62479,36.0
42,1258,62574,95.0
42,1259,62689,115.0
42,1260,62794,105.0
42,1261,63009,215.0
42,1262,63083,74.0
42,1263,63159,76.0
42,1264,63174,15.0
42,1265,63239,65.0
42,1266,63255,16.0
42,1267,63293,38.0
42,1268,63327,34.0
42,1269,63344,17.0
42,1270,63623,279.0
42,1271,63668,45.0
42,1272,63681,13.0
42,1273,63812,131.0
42,1274,63951,139.0
42,1275,64029,78.0
42,1276,64228,199.0
42,1277,64487,259.0
42,1278,64586,99.0
42,1279,64644,58.0
42,1280,64816,172.0
42,1281,64894,78.0
42,1282,65046,152.0
42,1283,65195,149.0
42,1284,65302,107.0
42,1285,65423,121.0
42,1286,65495,72.0
42,1287,65603,108.0
42,1288,65758,155.0
42,1289,65900,142.0
42,1290,65990,90.0
42,1291,66173,183.0
42,1292,66303,130.0
42,1293,66419,116.0
42,1294,66488,69.0
42,1295,66649,161.0
42,1296,66735,86.0
42,1297,66808,73.0
42,1298,67003,195.0
42,1299,67051,48.0
42,1300,67212,161.0
42,1301,67362,150.0
42,1302,67578,216.0
42,1303,67630,52.0
42,1304,67885,255.0
42,1305,68016,131.0
42,1306,68188,172.0
42,1307,68347,159.0
42,1308,68501,154.0
42,1309,68568,67.0
42,1310,68646,78.0
42,1311,68702,56.0
42,1312,68864,162.0
42,1313,68910,46.0
42,1314,68976,66.0
42,1315,69059,83.0
42,1316,69135,76.0
42,1317,69302,167.0
42,1318,69337,35.0
42,1319,69380,43.0
42,1320,69403,23.0
42,1321,69506,103.0
42,1322,69524,18.0
42,1323,69541,17.0
42,1324,69631,90.0
42,1325,69822,191.0
42,1326,69943,121.0
42,1327,70058,115.0
42,1328,70277,219.0
42,1329,70346,69.0
42,1330,70378,32.0
42,1331,70543,165.0
42,1332,70662,119.0
42,1333,70699,37.0
42,1334,70867,168.0
42,1335,70937,70.0
42,1336,71092,155.0
42,1337,71227,135.0
42,1338,71257,30.0
42,1339,71447,190.0
42,1340,71520,73.0
42,1341,71558,38.0
42,1342,71702,144.0
42,1343,71876,174.0
42,1344,72064,188.0
42,1345,72219,155.0
42,1346,72358,139.0
42,1347,72513,155.0
42,1348,72634,121.0
42,1349,72808,174.0
42,1350,72987,179.0
42,1351,72998,11.0
42,1352,73167,169.0
42,1353,73246,79.0
42,1354,73307,61.0
42,1355,73324,17.0
42,1356,73412,88.0
42,1357,73526,114.0
42,1358,73564,38.0
42,1359,73601,37.0
42,1360,73728,127.0
42,1361,73739,11.0
42,1362,73763,24.0
42,1363,73887,124.0
42,1364,73994,107.0
42,1365,74020,26.0
42,1366,74167,147.0
42,1367,74195,28.0
42,1368,74320,125.0
42,1369,74457,137.0
42,1370,74566,109.0
42,1371,74701,135.0
42,1372,74756,55.0
42,1373,74795,39.0
42,1374,74933,138.0
42,1375,75188,255.0
42,1376,75411,223.0
42,1377,75544,133.0
42,1378,75655,111.0
42,1379,75766,111.0
42,1380,75944,178.0
42,1381,76150,206.0
42,1382,76245,95.0
42,1383,76392,147.0
42,1384,76503,111.0
42,1385,76643,140.0
42,1386,76761,118.0
42,1387,76878,117.0
42,1388,76945,67.0
42,1389,77258,313.0
42,1390,77626,368.0
42,1391,77777,151.0
42,1392,77900,123.0
42,1393,78017,117.0
42,1394,78215,198.0
42,1395,78314,99.0
42,1396,78429,115.0
42,1397,78440,11.0
42,1398,78547,107.0
42,1399,78596,49.0
42,1400,78666,70.0
42,1401,78811,145.0
42,1402,78976,165.0
42,1403,79078,102.0
42,1404,79188,110.0
42,1405,79308,120.0
42,1406,79385,77.0
42,1407,79552,167.0
42,1408,79588,36.0
42,1409,79612,24.0
42,1410,79684,72.0
42,1411,79715,31.0
42,1412,79769,54.0
42,1413,79800,31.0
42,1414,79843,43.0
42,1415,80032,189.0
42,1416,80164,132.0
42,1417,80294,130.0
42,1418,80308,14.0
42,1419,80539,231.0
42,1420,80655,116.0
42,1421,80768,113.0
42,1422,80902,134.0
42,1423,81081,179.0
42,1424,81124,43.0
42,1425,81350,226.0
42,1426,81491,141.0
42,1427,81764,273.0
42,1428,81811,47.0
42,1429,81928,117.0
42,1430,81964,36.0
42,1431,82020,56.0
42,1432,82130,110.0
42,1433,82263,133.0
42,1434,82427,164.0
42,1435,82605,178.0
42,1436,82619,14.0
42,1437,82709,90.0
42,1438,83017,308.0
42,1439,83159,142.0
42,1440,83327,168.0
42,1441,83390,63.0
42,1442,83599,209.0
42,1443,83791,192.0
42,1444,84076,285.0
42,1445,84274,198.0
42,1446,84438,164.0
42,1447,84468,30.0
42,1448,84691,223.0
42,1449,84936,245.0
42,1450,85291,355.0
42,1451,85401,110.0
42,1452,85521,120.0
42,1453,85682,161.0
42,1454,85694,12.0
42,1455,85817,123.0
42,1456,86008,191.0
42,1457,86018,10.0
42,1458,86302,284.0
42,1459,86414,112.0
42,1460,86589,175.0
42,1461,86641,52.0
42,1462,86822,181.0
42,1463,86966,144.0
42,1464,87151,185.0
42,1465,87267,116.0
42,1466,87395,128.0
42,1467,87535,140.0
42,1468,87548,13.0
42,1469,87642,94.0
42,1470,87801,159.0
42,1471,87928,127.0
42,1472,87950,22.0
42,1473,88040,90.0
42,1474,88107,67.0
42,1475,88147,40.0
42,1476,88208,61.0
42,1477,88685,477.0
42,1478,88844,159.0
42,1479,88885,41.0
42,1480,88903,18.0
42,1481,88916,13.0
42,1482,88968,52.0
42,1483,89175,207.0
42,1484,89258,83.0
42,1485,89515,257.0
42,1486,89701,186.0
42,1487,89805,104.0
42,1488,89991,186.0
42,1489,90231,240.0
42,1490,90455,224.0
42,1491,90665,210.0
42,1492,90785,120.0
42,1493,90908,123.0
42,1494,91134,226.0
42,1495,91274,140.0
42,1496,91358,84.0
42,1497,91480,122.0
42,1498,91650,170.0
42,1499,91835,185.0
42,1500,92082,247.0
42,1501,92324,242.0
42,1502,92485,161.0
42,1503,92657,172.0
42,1504,92807,150.0
42,1505,92945,138.0
42,1506,93180,235.0
42,1507,93288,108.0
42,1508,93390,102.0
42,1509,93726,336.0
42,1510,93862,136.0
42,1511,94096,234.0
42,1512,94295,199.0
42,1513,94534,239.0
42,1514,94653,119.0
42,1515,94680,27.0
42,1516,94962,282.0
42,1517,95102,140.0
42,1518,95219,117.0
42,1519,95281,62.0
42,1520,95467,186.0
42,1521,95655,188.0
42,1522,95666,11.0
42,1523,95752,86.0
42,1524,95846,94.0
42,1525,96012,166.0
42,1526,96156,144.0
42,1527,96262,106.0
42,1528,96382,120.0
42,1529,96408,26.0
42,1530,96633,225.0
42,1531,96873,240.0
42,1532,97038,165.0
42,1533,97119,81.0
42,1534,97259,140.0
42,1535,97445,186.0
42,1536,97576,131.0
42,1537,97684,108.0
42,1538,97878,194.0
42,1539,98007,129.0
42,1540,98122,115.0
42,1541,98268,146.0
42,1542,98396,128.0
42,1543,98408,12.0
42,1544,98536,128.0
42,1545,98639,103.0
42,1546,98753,114.0
42,1547,98884,131.0
42,1548,99009,125.0
42,1549,99289,280.0
42,1550,99435,146.0
42,1551,99469,34.0
42,1552,99480,11.0
42,1553,99545,65.0
42,1554,99576,31.0
42,1555,99639,63.0
42,1556,99820,181.0
42,1557,99897,77.0
42,1558,100075,178.0
42,1559,100144,69.0
42,1560,100216,72.0
42,1561,100304,88.0
42,1562,100507,203.0
42,1563,100674,167.0
42,1564,100775,101.0
42,1565,100838,63.0
42,1566,100889,51.0
42,1567,100913,24.0
42,1568,100975,62.0
42,1569,101036,61.0
42,1570,101131,95.0
42,1571,101178,47.0
42,1572,101188,10.0
42,1573,101231,43.0
42,1574,101407,176.0
42,1575,101721,314.0
42,1576,101915,194.0
42,1577,101953,38.0
42,1578,102067,114.0
42,1579,102296,229.0
42,1580,102562,266.0
42,1581,102711,149.0
42,1582,102852,141.0
42,1583,102977,125.0
42,1584,103106,129.0
42,1585,103118,12.0
42,1586,103133,15.0
42,1587,103266,133.0
42,1588,103334,68.0
42,1589,103437,103.0
42,1590,103614,177.0
42,1591,103773,159.0
42,1592,103804,31.0
42,1593,103897,93.0
42,1594,103966,69.0
42,1595,103981,15.0
42,1596,104146,165.0
42,1597,104547,401.0
42,1598,104788,241.0
42,1599,104901,113.0
42,1600,105103,202.0
42,1601,105418,315.0
42,1602,105656,238.0
42,1603,105892,236.0
42,1604,106068,176.0
42,1605,106245,177.0
42,1606,106424,179.0
42,1607,106583,159.0
42,1608,106702,119.0
42,1609,106864,162.0
42,1610,106974,110.0
42,1611,107124,150.0
42,1612,107249,125.0
42,1613,107260,11.0
42,1614,107414,154.0
42,1615,107554,140.0
42,1616,107716,162.0
42,1617,107727,11.0
42,1618,107851,124.0
42,1619,108085,234.0
42,1620,108233,148.0
42,1621,108498,265.0
42,1622,108543,45.0
42,1623,108661,118.0
42,1624,108709,48.0
42,1625,108926,217.0
42,1626,109066,140.0
42,1627,109124,58.0
42,1628,109189,65.0
42,1629,109393,204.0
42,1630,109524,131.0
42,1631,109721,197.0
42,1632,109874,153.0
42,1633,110010,136.0
42,1634,110150,140.0
42,1635,110236,86.0
42,1636,110348,112.0
42,1637,110503,155.0
42,1638,110660,157.0
42,1639,110706,46.0
42,1640,110845,139.0
42,1641,110917,72.0
42,1642,111037,120.0
42,1643,111183,146.0
42,1644,111486,303.0
42,1645,111538,52.0
42,1646,111781,243.0
42,1647,111931,150.0
42,1648,112075,144.0
42,1649,112250,175.0
42,1650,112456,206.0
42,1651,112626,170.0
42,1652,112744,118.0
42,1653,112866,122.0
42,1654,112982,116.0
42,1655,113113,131.0
42,1656,113238,125.0
42,1657,113347,109.0
42,1658,113517,170.0
42,1659,113744,227.0
42,1660,113888,144.0
42,1661,114039,151.0
42,1662,114195,156.0
42,1663,114291,96.0
42,1664,114479,188.0
42,1665,114792,313.0
42,1666,114864,72.0
42,1667,114918,54.0
42,1668,115020,102.0
42,1669,115061,41.0
42,1670,115230,169.0
42,1671,115376,146.0
42,1672,115521,145.0
42,1673,115648,127.0
42,1674,115826,178.0
42,1675,115933,107.0
42,1676,116081,148.0
42,1677,116148,67.0
42,1678,116250,102.0
42,1679,116376,126.0
42,1680,116387,11.0
42,1681,116613,226.0
42,1682,116730,117.0
42,1683,117041,311.0
42,1684,117302,261.0
42,1685,117471,169.0
42,1686,117529,58.0
42,1687,117629,100.0
42,1688,117770,141.0
42,1689,117820,50.0
42,1690,117936,116.0
42,1691,118277,341.0
42,1692,118432,155.0
42,1693,118566,134.0
42,1694,118729,163.0
42,1695,118742,13.0
42,1696,119041,299.0
42,1697,119170,129.0
42,1698,119198,28.0
42,1699,119356,158.0
42,1700,119471,115.0
42,1701,119634,163.0
42,1702,119844,210.0
42,1703,119911,67.0
42,1704,120018,107.0
42,1705,120185,167.0
42,1706,120525,340.0
42,1707,120684,159.0
42,1708,120829,145.0
42,1709,120982,153.0
42,1710,121440,458.0
42,1711,121613,173.0
42,1712,121878,265.0
42,1713,122187,309.0
42,1714,122390,203.0
42,1715,122572,182.0
42,1716,122841,269.0
42,1717,122975,134.0
42,1718,123083,108.0
42,1719,123223,140.0
42,1720,123430,207.0
42,1721,123603,173.0
42,1722,123763,160.0
42,1723,124099,336.0
42,1724,124287,188.0
42,1725,124476,189.0
42,1726,124696,220.0
42,1727,124892,196.0
42,1728,125012,120.0
42,1729,125123,111.0
42,1730,125308,185.0
42,1731,125425,117.0
42,1732,125570,145.0
42,1733,125582,12.0
42,1734,125695,113.0
42,1735,125893,198.0
42,1736,126091,198.0
42,1737,126381,290.0
42,1738,126579,198.0
42,1739,126705,126.0
42,1740,126831,126.0
42,1741,126844,13.0
42,1742,126904,60.0
42,1743,127064,160.0
42,1744,127216,152.0
42,1745,127335,119.0
42,1746,127482,147.0
42,1747,127656,174.0
42,1748,127835,179.0
42,1749,127901,66.0
42,1750,127951,50.0
42,1751,128159,208.0
42,1752,128343,184.0
42,1753,128506,163.0
42,1754,128584,78.0
42,1755,128804,220.0
42,1756,128922,118.0
42,1757,129042,120.0
42,1758,129146,104.0
42,1759,129313,167.0
42,1760,129452,139.0
42,1761,129684,232.0
42,1762,129898,214.0
42,1763,130047,149.0
42,1764,130184,137.0
42,1765,130419,235.0
42,1766,130603,184.0
42,1767,130728,125.0
42,1768,130932,204.0
42,1769,131024,92.0
42,1770,131091,67.0
42,1771,131160,69.0
42,1772,131457,297.0
42,1773,131625,168.0
42,1774,132026,401.0
42,1775,132166,140.0
42,1776,132343,177.0
42,1777,132470,127.0
42,1778,132586,116.0
42,1779,132747,161.0
42,1780,132902,155.0
42,1781,133090,188.0
42,1782,133208,118.0
42,1783,133496,288.0
42,1784,133632,136.0
42,1785,133827,195.0
42,1786,134277,450.0
42,1787,134502,225.0
42,1788,134643,141.0
42,1789,134768,125.0
42,1790,134986,218.0
42,1791,135151,165.0
42,1792,135452,301.0
42,1793,135624,172.0
42,1794,135679,55.0
42,1795,135798,119.0
42,1796,135911,113.0
42,1797,136071,160.0
42,1798,136245,174.0
42,1799,136369,124.0
42,1800,136394,25.0
42,1801,136597,203.0
42,1802,136770,173.0
42,1803,136889,119.0
42,1804,137025,136.0
42,1805,137244,219.0
42,1806,137356,112.0
42,1807,137433,77.0
42,1808,137523,90.0
42,1809,137650,127.0
42,1810,137785,135.0
42,1811,137920,135.0
42,1812,137931,11.0
42,1813,138086,155.0
42,1814,138230,144.0
42,1815,138313,83.0
42,1816,138498,185.0
42,1817,138610,112.0
42,1818,138737,127.0
42,1819,138843,106.0
42,1820,139035,192.0
42,1821,139170,135.0
42,1822,139327,157.0
42,1823,139425,98.0
42,1824,139489,64.0
42,1825,139659,170.0
42,1826,139774,115.0
42,1827,139953,179.0
42,1828,139972,19.0
42,1829,140102,130.0
42,1830,140244,142.0
42,1831,140358,114.0
42,1832,140525,167.0
42,1833,140664,139.0
42,1834,140786,122.0
42,1835,140931,145.0
42,1836,141046,115.0
42,1837,141132,86.0
42,1838,141348,216.0
42,1839,141630,282.0
42,1840,141808,178.0
42,1841,141930,122.0
42,1842,142092,162.0
42,1843,142273,181.0
42,1844,142395,122.0
42,1845,142549,154.0
42,1846,142711,162.0
42,1847,142916,205.0
42,1848,143089,173.0
42,1849,143198,109.0
42,1850,143290,92.0
42,1851,143373,83.0
42,1852,143489,116.0
42,1853,143621,132.0
42,1854,143833,212.0
42,1855,144000,167.0
42,1856,144178,178.0
42,1857,144285,107.0
42,1858,144467,182.0
42,1859,144756,289.0
42,1860,144877,121.0
42,1861,145002,125.0
42,1862,145067,65.0
42,1863,145134,67.0
42,1864,145272,138.0
42,1865,145418,146.0
42,1866,145618,200.0
42,1867,145788,170.0
42,1868,145989,201.0
42,1869,146152,163.0
42,1870,146360,208.0
42,1871,146475,115.0
42,1872,146672,197.0
42,1873,146811,139.0
42,1874,146964,153.0
42,1875,147119,155.0
42,1876,147283,164.0
42,1877,147401,118.0
42,1878,147565,164.0
42,1879,147578,13.0
42,1880,147750,172.0
42,1881,147892,142.0
42,1882,148043,151.0
42,1883,148169,126.0
42,1884,148326,157.0
42,1885,148457,131.0
42,1886,148518,61.0
42,1887,148713,195.0
42,1888,148819,106.0
42,1889,148830,11.0
42,1890,148910,80.0
42,1891,149024,114.0
42,1892,149181,157.0
42,1893,149348,167.0
42,1894,149694,346.0
42,1895,149848,154.0
42,1896,150041,193.0
42,1897,150183,142.0
42,1898,150359,176.0
42,1899,150419,60.0
42,1900,150538,119.0
42,1901,150654,116.0
42,1902,150805,151.0
42,1903,150951,146.0
42,1904,151162,211.0
42,1905,151203,41.0
42,1906,151282,79.0
42,1907,151336,54.0
42,1908,151386,50.0
42,1909,151450,64.0
42,1910,151490,40.0
42,1911,151550,60.0
42,1912,151564,14.0
42,1913,151628,64.0
42,1914,151667,39.0
42,1915,151694,27.0
42,1916,151757,63.0
42,1917,151793,36.0
42,1918,151838,45.0
42,1919,151914,76.0
42,1920,151924,10.0
42,1921,151937,13.0
42,1922,151972,35.0
42,1923,152006,34.0
42,1924,152019,13.0
42,1925,152064,45.0
42,1926,152199,135.0
42,1927,152275,76.0
42,1928,152407,132.0
42,1929,152559,152.0
42,1930,152778,219.0
42,1931,152974,196.0
42,1932,153166,192.0
42,1933,153333,167.0
42,1934,153442,109.0
42,1935,153656,214.0
42,1936,153856,200.0
42,1937,154017,161.0
42,1938,154147,130.0
42,1939,154192,45.0
42,1940,154363,171.0
42,1941,154500,137.0
42,1942,154637,137.0
42,1943,154906,269.0
42,1944,155182,276.0
42,1945,155331,149.0
42,1946,155503,172.0
42,1947,155615,112.0
42,1948,155701,86.0
42,1949,155826,125.0
42,1950,156087,261.0
42,1951,156256,169.0
42,1952,156344,88.0
42,1953,156497,153.0
42,1954,156707,210.0
42,1955,156817,110.0
42,1956,156828,11.0
42,1957,157016,188.0
42,1958,157133,117.0
42,1959,157263,130.0
42,1960,157361,98.0
42,1961,157503,142.0
42,1962,157618,115.0
42,1963,157721,103.0
42,1964,157882,161.0
42,1965,158069,187.0
42,1966,158277,208.0
42,1967,158402,125.0
42,1968,158474,72.0
42,1969,158637,163.0
42,1970,158761,124.0
42,1971,158792,31.0
42,1972,158821,29.0
42,1973,159057,236.0
42,1974,159235,178.0
42,1975,159349,114.0
42,1976,159521,172.0
42,1977,159680,159.0
42,1978,159766,86.0
42,1979,159932,166.0
42,1980,160094,162.0
42,1981,160202,108.0
42,1982,160220,18.0
42,1983,160325,105.0
42,1984,160459,134.0
42,1985,160505,46.0
42,1986,160572,67.0
42,1987,160596,24.0
42,1988,160609,13.0
42,1989,160791,182.0
42,1990,160953,162.0
42,1991,161171,218.0
42,1992,161429,258.0
42,1993,161614,185.0
42,1994,161780,166.0
42,1995,162054,274.0
42,1996,162266,212.0
42,1997,162499,233.0
42,1998,162561,62.0
42,1999,162688,127.0
42,2000,162849,161.0
123,1,25,25.0
123,2,53,28.0
123,3,69,16.0
123,4,97,28.0
123,5,135,38.0
123,6,157,22.0
123,7,187,30.0
123,8,221,34.0
123,9,267,46.0
123,10,279,12.0
123,11,295,16.0
123,12,309,14.0
123,13,327,18.0
123,14,336,9.0
123,15,362,26.0
123,16,388,26.0
123,17,410,22.0
123,18,432,22.0
123,19,480,48.0
123,20,510,30.0
123,21,528,18.0
123,22,543,15.0
123,23,558,15.0
123,24,581,23.0
123,25,599,18.0
123,26,625,26.0
123,27,649,24.0
123,28,663,14.0
123,29,706,43.0
123,30,733,27.0
123,31,758,25.0
123,32,770,12.0
123,33,784,14.0
123,34,810,26.0
123,35,821,11.0
123,36,838,17.0
123,37,855,17.0
123,38,881,26.0
123,39,905,24.0
123,40,920,15.0
123,41,936,16.0
123,42,951,15.0
123,43,967,16.0
123,44,982,15.0
123,45,1002,20.0
123,46,1043,41.0
123,47,1072,29.0
123,48,1095,23.0
123,49,1110,15.0
123,50,1122,12.0
123,51,1163,41.0
123,52,1175,12.0
123,53,1196,21.0
123,54,1227,31.0
123,55,1256,29.0
123,56,1268,12.0
123,57,1287,19.0
123,58,1307,20.0
123,59,1322,15.0
123,60,1421,99.0
123,61,1436,15.0
123,62,1460,24.0
123,63,1488,28.0
123,64,1509,21.0
123,65,1531,22.0
123,66,1561,30.0
123,67,1595,34.0
123,68,1614,19.0
123,69,1628,14.0
123,70,1650,22.0
123,71,1680,30.0
123,72,1693,13.0
123,73,1706,13.0
123,74,1735,29.0
123,75,1771,36.0
123,76,1782,11.0
123,77,1796,14.0
123,78,1810,14.0
123,79,1827,17.0
123,80,1850,23.0
123,81,1874,24.0
123,82,1889,15.0
123,83,1936,47.0
123,84,1949,13.0
123,85,1978,29.0
123,86,2006,28.0
123,87,2026,20.0
123,88,2045,19.0
123,89,2068,23.0
123,90,2105,37.0
123,91,2138,33.0
123,92,2150,12.0
123,93,2166,16.0
123,94,2194,28.0
123,95,2221,27.0
123,96,2237,16.0
123,97,2262,25.0
123,98,2275,13.0
123,99,2289,14.0
123,100,2313,24.0
123,101,2331,18.0
123,102,2349,18.0
123,103,2361,12.0
123,104,2398,37.0
123,105,2416,18.0
123,106,2452,36.0
123,107,2466,14.0
123,108,2480,14.0
123,109,2496,16.0
123,110,2516,20.0
123,111,2543,27.0
123,112,2611,68.0
123,113,2642,31.0
123,114,2657,15.0
123,115,2672,15.0
123,116,2694,22.0
123,117,2727,33.0
123,118,2779,52.0
123,119,2793,14.0
123,120,2812,19.0
123,121,2835,23.0
123,122,2852,17.0
123,123,2881,29.0
123,124,2894,13.0
123,125,2911,17.0
123,126,2922,11.0
123,127,2937,15.0
123,128,2974,37.0
123,129,3003,29.0
123,130,3022,19.0
123,131,3040,18.0
123,132,3057,17.0
123,133,3087,30.0
123,134,3108,21.0
123,135,3126,18.0
123,136,3140,14.0
123,137,3156,16.0
123,138,3183,27.0
123,139,3201,18.0
123,140,3212,11.0
123,141,3239,27.0
123,142,3327,88.0
123,143,3385,58.0
123,144,3402,17.0
123,145,3427,25.0
123,146,3456,29.0
123,147,3503,47.0
123,148,3523,20.0
123,149,3545,22.0
123,150,3563,18.0
123,151,3577,14.0
123,152,3598,21.0
123,153,3626,28.0
123,154,3648,22.0
123,155,3669,21.0
123,156,3692,23.0
123,157,3710,18.0
123,158,3740,30.0
123,159,3759,19.0
123,160,3770,11.0
123,161,3786,16.0
123,162,3808,22.0
123,163,3827,19.0
123,164,3844,17.0
123,165,3865,21.0
123,166,3877,12.0
123,167,3890,13.0
123,168,3906,16.0
123,169,3928,22.0
123,170,3969,41.0
123,171,4003,34.0
123,172,4018,15.0
123,173,4032,14.0
123,174,4053,21.0
123,175,4069,16.0
123,176,4083,14.0
123,177,4115,32.0
123,178,4143,28.0
123,179,4190,47.0
123,180,4215,25.0
123,181,4243,28.0
123,182,4277,34.0
123,183,4291,14.0
123,184,4311,20.0
123,185,4325,14.0
123,186,4340,15.0
123,187,4358,18.0
123,188,4388,30.0
123,189,4404,16.0
123,190,4434,30.0
123,191,4461,27.0
123,192,4489,28.0
123,193,4516,27.0
123,194,4533,17.0
123,195,4584,51.0
123,196,4593,9.0
123,197,4609,16.0
123,198,4621,12.0
123,199,4636,15.0
123,200,4682,46.0
123,201,4698,16.0
123,202,4729,31.0
123,203,4760,31.0
123,204,4776,16.0
123,205,4798,22.0
123,206,4864,66.0
123,207,4889,25.0
123,208,4908,19.0
123,209,4923,15.0
123,210,4943,20.0
123,211,4956,13.0
123,212,5023,67.0
123,213,5040,17.0
123,214,5051,11.0
123,215,5119,68.0
123,216,5202,83.0
123,217,5225,23.0
123,218,5242,17.0
123,219,5263,21.0
123,220,5307,44.0
123,221,5381,74.0
123,222,5422,41.0
123,223,5445,23.0
123,224,5458,13.0
123,225,5473,15.0
123,226,5493,20.0
123,227,5530,37.0
123,228,5580,50.0
123,229,5592,12.0
123,230,5615,23.0
123,231,5643,28.0
123,232,5674,31.0
123,233,5696,22.0
123,234,5728,32.0
123,235,5795,67.0
123,236,5828,33.0
123,237,5850,22.0
123,238,5861,11.0
123,239,5926,65.0
123,240,5984,58.0
123,241,6006,22.0
123,242,6031,25.0
123,243,6045,14.0
123,244,6060,15.0
123,245,6073,13.0
123,246,6117,44.0
123,247,6145,28.0
123,248,6173,28.0
123,249,6239,66.0
123,250,6255,16.0
123,251,6282,27.0
123,252,6296,14.0
123,253,6319,23.0
123,254,6331,12.0
123,255,6357,26.0
123,256,6374,17.0
123,257,6408,34.0
123,258,6424,16.0
123,259,6436,12.0
123,260,6472,36.0
123,261,6523,51.0
123,262,6536,13.0
123,263,6574,38.0
123,264,6626,52.0
123,265,6666,40.0
123,266,6679,13.0
123,267,6694,15.0
123,268,6709,15.0
123,269,6726,17.0
123,270,6767,41.0
123,271,6816,49.0
123,272,6832,16.0
123,273,6858,26.0
123,274,6879,21.0
123,275,6905,26.0
123,276,6915,10.0
123,277,6938,23.0
123,278,6980,42.0
123,279,6999,19.0
123,280,7014,15.0
123,281,7033,19.0
123,282,7148,115.0
123,283,7177,29.0
123,284,7191,14.0
123,285,7243,52.0
123,286,7269,26.0
123,287,7278,9.0
123,288,7290,12.0
123,289,7303,13.0
123,290,7319,16.0
123,291,7339,20.0
123,292,7356,17.0
123,293,7383,27.0
123,294,7436,53.0
123,295,7449,13.0
123,296,7468,19.0
123,297,7510,42.0
123,298,7520,10.0
123,299,7541,21.0
123,300,7557,16.0
123,301,7595,38.0
123,302,7616,21.0
123,303,7637,21.0
123,304,7688,51.0
123,305,7717,29.0
123,306,7748,31.0
123,307,7775,27.0
123,308,7813,38.0
123,309,7834,21.0
123,310,7845,11.0
123,311,7864,19.0
123,312,7878,14.0
123,313,7901,23.0
123,314,8013,112.0
123,315,8028,15.0
123,316,8051,23.0
123,317,8077,26.0
123,318,8098,21.0
123,319,8112,14.0
123,320,8128,16.0
123,321,8157,29.0
123,322,8180,23.0
123,323,8214,34.0
123,324,8223,9.0
123,325,8241,18.0
123,326,8264,23.0
123,327,8313,49.0
123,328,8328,15.0
123,329,8341,13.0
123,330,8355,14.0
123,331,8376,21.0
123,332,8393,17.0
123,333,8405,12.0
123,334,8445,40.0
123,335,8455,10.0
123,336,8480,25.0
123,337,8531,51.0
123,338,8543,12.0
123,339,8562,19.0
123,340,8585,23.0
123,341,8623,38.0
123,342,8638,15.0
123,343,8653,15.0
123,344,8671,18.0
123,345,8692,21.0
123,346,8720,28.0
123,347,8745,25.0
123,348,8768,23.0
123,349,8803,35.0
123,350,8823,20.0
123,351,8838,15.0
123,352,8848,10.0
123,353,8861,13.0
123,354,8875,14.0
123,355,8893,18.0
123,356,8906,13.0
123,357,8917,11.0
123,358,8929,12.0
123,359,8974,45.0
123,360,9005,31.0
123,361,9028,23.0
123,362,9044,16.0
123,363,9072,28.0
123,364,9096,24.0
123,365,9151,55.0
123,366,9189,38.0
123,367,9218,29.0
123,368,9252,34.0
123,369,9280,28.0
123,370,9319,39.0
123,371,9362,43.0
123,372,9419,57.0
123,373,9453,34.0
123,374,9467,14.0
123,375,9481,14.0
123,376,9507,26.0
123,377,9524,17.0
123,378,9542,18.0
123,379,9556,14.0
123,380,9594,38.0
123,381,9610,16.0
123,382,9648,38.0
123,383,9659,11.0
123,384,9753,94.0
123,385,9796,43.0
123,386,9836,40.0
123,387,9861,25.0
123,388,9921,60.0
123,389,9955,34.0
123,390,9976,21.0
123,391,10001,25.0
123,392,10023,22.0
123,393,10047,24.0
123,394,10098,51.0
123,395,10139,41.0
123,396,10155,16.0
123,397,10171,16.0
123,398,10217,46.0
123,399,10227,10.0
123,400,10242,15.0
123,401,10256,14.0
123,402,10294,38.0
123,403,10371,77.0
123,404,10406,35.0
123,405,10424,18.0
123,406,10453,29.0
123,407,10506,53.0
123,408,10537,31.0
123,409,10553,16.0
123,410,10570,17.0
123,411,10605,35.0
123,412,10620,15.0
123,413,10641,21.0
123,414,10656,15.0
123,415,10694,38.0
123,416,10744,50.0
123,417,10772,28.0
123,418,10806,34.0
123,419,10839,33.0
123,420,10885,46.0
123,421,10903,18.0
123,422,10930,27.0
123,423,10952,22.0
123,424,10969,17.0
123,425,11055,86.0
123,426,11095,40.0
123,427,11108,13.0
123,428,11125,17.0
123,429,11147,22.0
123,430,11193,46.0
123,431,11237,44.0
123,432,11250,13.0
123,433,11327,77.0
123,434,11385,58.0
123,435,11406,21.0
123,436,11462,56.0
123,437,11492,30.0
123,438,11508,16.0
123,439,11530,22.0
123,440,11569,39.0
123,441,11581,12.0
123,442,11646,65.0
123,443,11654,8.0
123,444,11683,29.0
123,445,11707,24.0
123,446,11835,128.0
123,447,11886,51.0
123,448,11936,50.0
123,449,11959,23.0
123,450,12013,54.0
123,451,12030,17.0
123,452,12052,22.0
123,453,12109,57.0
123,454,12132,23.0
123,455,12151,19.0
123,456,12175,24.0
123,457,12199,24.0
123,458,12235,36.0
123,459,12253,18.0
123,460,12286,33.0
123,461,12329,43.0
123,462,12340,11.0
123,463,12378,38.0
123,464,12420,42.0
123,465,12458,38.0
123,466,12472,14.0
123,467,12502,30.0
123,468,12520,18.0
123,469,12552,32.0
123,470,12631,79.0
123,471,12669,38.0
123,472,12684,15.0
123,473,12703,19.0
123,474,12738,35.0
123,475,12753,15.0
123,476,12775,22.0
123,477,12797,22.0
123,478,12809,12.0
123,479,12879,70.0
123,480,12902,23.0
123,481,12975,73.0
123,482,12992,17.0
123,483,13005,13.0
123,484,13018,13.0
123,485,13032,14.0
123,486,13104,72.0
123,487,13124,20.0
123,488,13168,44.0
123,489,13250,82.0
123,490,13269,19.0
123,491,13288,19.0
123,492,13300,12.0
123,493,13322,22.0
123,494,13422,100.0
123,495,13465,43.0
123,496,13491,26.0
123,497,13513,22.0
123,498,13524,11.0
123,499,13550,26.0
123,500,13571,21.0
123,501,13600,29.0
123,502,13624,24.0
123,503,13709,85.0
123,504,13730,21.0
123,505,13767,37.0
123,506,13778,11.0
123,507,13809,31.0
123,508,13880,71.0
123,509,13976,96.0
123,510,13989,13.0
123,511,14024,35.0
123,512,14051,27.0
123,513,14097,46.0
123,514,14117,20.0
123,515,14134,17.0
123,516,14145,11.0
123,517,14163,18.0
123,518,14173,10.0
123,519,14189,16.0
123,520,14221,32.0
123,521,14251,30.0
123,522,14278,27.0
123,523,14312,34.0
123,524,14407,95.0
123,525,14429,22.0
123,526,14442,13.0
123,527,14470,28.0
123,528,14484,14.0
123,529,14511,27.0
123,530,14524,13.0
123,531,14568,44.0
123,532,14595,27.0
123,533,14616,21.0
123,534,14632,16.0
123,535,14662,30.0
123,536,14712,50.0
123,537,14724,12.0
123,538,14782,58.0
123,539,14821,39.0
123,540,14885,64.0
123,541,14965,80.0
123,542,14982,17.0
123,543,14994,12.0
123,544,15007,13.0
123,545,15064,57.0
123,546,15084,20.0
123,547,15189,105.0
123,548,15208,19.0
123,549,15251,43.0
123,550,15263,12.0
123,551,15296,33.0
123,552,15323,27.0
123,553,15425,102.0
123,554,15479,54.0
123,555,15523,44.0
123,556,15553,30.0
123,557,15563,10.0
123,558,15598,35.0
123,559,15631,33.0
123,560,15680,49.0
123,561,15691,11.0
123,562,15743,52.0
123,563,15766,23.0
123,564,15827,61.0
123,565,15868,41.0
123,566,15916,48.0
123,567,15942,26.0
123,568,15972,30.0
123,569,15982,10.0
123,570,16037,55.0
123,571,16075,38.0
123,572,16089,14.0
123,573,16115,26.0
123,574,16216,101.0
123,575,16249,33.0
123,576,16289,40.0
123,577,16309,20.0
123,578,16339,30.0
123,579,16355,16.0
123,580,16383,28.0
123,581,16398,15.0
123,582,16431,33.0
123,583,16511,80.0
123,584,16601,90.0
123,585,16622,21.0
123,586,16653,31.0
123,587,16699,46.0
123,588,16741,42.0
123,589,16754,13.0
123,590,16808,54.0
123,591,16888,80.0
123,592,16919,31.0
123,593,16970,51.0
123,594,16996,26.0
123,595,17089,93.0
123,596,17143,54.0
123,597,17211,68.0
123,598,17257,46.0
123,599,17272,15.0
123,600,17291,19.0
123,601,17310,19.0
123,602,17380,70.0
123,603,17430,50.0
123,604,17446,16.0
123,605,17462,16.0
123,606,17478,16.0
123,607,17489,11.0
123,608,17499,10.0
123,609,17528,29.0
123,610,17586,58.0
123,611,17602,16.0
123,612,17614,12.0
123,613,17650,36.0
123,614,17667,17.0
123,615,17686,19.0
123,616,17706,20.0
123,617,17760,54.0
123,618,17773,13.0
123,619,17813,40.0
123,620,17835,22.0
123,621,17862,27.0
123,622,17897,35.0
123,623,17926,29.0
123,624,17982,56.0
123,625,18008,26.0
123,626,18069,61.0
123,627,18137,68.0
123,628,18159,22.0
123,629,18193,34.0
123,630,18253,60.0
123,631,18271,18.0
123,632,18359,88.0
123,633,18455,96.0
123,634,18479,24.0
123,635,18521,42.0
123,636,18673,152.0
123,637,18727,54.0
123,638,18836,109.0
123,639,18869,33.0
123,640,18901,32.0
123,641,18942,41.0
123,642,19018,76.0
123,643,19060,42.0
123,644,19083,23.0
123,645,19133,50.0
123,646,19175,42.0
123,647,19192,17.0
123,648,19222,30.0
123,649,19249,27.0
123,650,19260,11.0
123,651,19339,79.0
123,652,19355,16.0
123,653,19440,85.0
123,654,19452,12.0
123,655,19468,16.0
123,656,19483,15.0
123,657,19499,16.0
123,658,19554,55.0
123,659,19703,149.0
123,660,19814,111.0
123,661,19886,72.0
123,662,19955,69.0
123,663,19986,31.0
123,664,20049,63.0
123,665,20060,11.0
123,666,20089,29.0
123,667,20124,35.0
123,668,20143,19.0
123,669,20161,18.0
123,670,20178,17.0
123,671,20305,127.0
123,672,20319,14.0
123,673,20358,39.0
123,674,20392,34.0
123,675,20434,42.0
123,676,20462,28.0
123,677,20509,47.0
123,678,20539,30.0
123,679,20576,37.0
123,680,20592,16.0
123,681,20630,38.0
123,682,20681,51.0
123,683,20701,20.0
123,684,20762,61.0
123,685,20829,67.0
123,686,20878,49.0
123,687,20926,48.0
123,688,20939,13.0
123,689,21008,69.0
123,690,21091,83.0
123,691,21105,14.0
123,692,21138,33.0
123,693,21153,15.0
123,694,21205,52.0
123,695,21258,53.0
123,696,21331,73.0
123,697,21347,16.0
123,698,21379,32.0
123,699,21428,49.0
123,700,21465,37.0
123,701,21510,45.0
123,702,21561,51.0
123,703,21614,53.0
123,704,21762,148.0
123,705,21774,12.0
123,706,21792,18.0
123,707,21839,47.0
123,708,21925,86.0
123,709,21989,64.0
123,710,22043,54.0
123,711,22073,30.0
123,712,22112,39.0
123,713,22134,22.0
123,714,22195,61.0
123,715,22248,53.0
123,716,22261,13.0
123,717,22296,35.0
123,718,22328,32.0
123,719,22371,43.0
123,720,22401,30.0
123,721,22430,29.0
123,722,22509,79.0
123,723,22543,34.0
123,724,22596,53.0
123,725,22644,48.0
123,726,22681,37.0
123,727,22718,37.0
123,728,22882,164.0
123,729,22938,56.0
123,730,22960,22.0
123,731,23017,57.0
123,732,23029,12.0
123,733,23061,32.0
123,734,23102,41.0
123,735,23158,56.0
123,736,23181,23.0
123,737,23219,38.0
123,738,23239,20.0
123,739,23265,26.0
123,740,23276,11.0
123,741,23310,34.0
123,742,23343,33.0
123,743,23401,58.0
123,744,23431,30.0
123,745,23480,49.0
123,746,23579,99.0
123,747,23635,56.0
123,748,23651,16.0
123,749,23660,9.0
123,750,23767,107.0
123,751,23806,39.0
123,752,23849,43.0
123,753,23873,24.0
123,754,23902,29.0
123,755,23990,88.0
123,756,24024,34.0
123,757,24038,14.0
123,758,24054,16.0
123,759,24092,38.0
123,760,24132,40.0
123,761,24177,45.0
123,762,24201,24.0
123,763,24228,27.0
123,764,24267,39.0
123,765,24344,77.0
123,766,24447,103.0
123,767,24508,61.0
123,768,24563,55.0
123,769,24573,10.0
123,770,24661,88.0
123,771,24733,72.0
123,772,24807,74.0
123,773,24823,16.0
123,774,24834,11.0
123,775,24946,112.0
123,776,25061,115.0
123,777,25098,37.0
123,778,25157,59.0
123,779,25181,24.0
123,780,25236,55.0
123,781,25277,41.0
123,782,25405,128.0
123,783,25499,94.0
123,784,25513,14.0
123,785,25555,42.0
123,786,25596,41.0
123,787,25633,37.0
123,788,25666,33.0
123,789,25728,62.0
123,790,25796,68.0
123,791,25821,25.0
123,792,25881,60.0
123,793,25918,37.0
123,794,25969,51.0
123,795,26015,46.0
123,796,26068,53.0
123,797,26089,21.0
123,798,26141,52.0
123,799,26191,50.0
123,800,26238,47.0
123,801,26268,30.0
123,802,26347,79.0
123,803,26425,78.0
123,804,26491,66.0
123,805,26583,92.0
123,806,26678,95.0
123,807,26727,49.0
123,808,26757,30.0
123,809,26802,45.0
123,810,27038,236.0
123,811,27085,47.0
123,812,27149,64.0
123,813,27223,74.0
123,814,27243,20.0
123,815,27321,78.0
123,816,27369,48.0
123,817,27380,11.0
123,818,27402,22.0
123,819,27437,35.0
123,820,27453,16.0
123,821,27466,13.0
123,822,27479,13.0
123,823,27527,48.0
123,824,27568,41.0
123,825,27649,81.0
123,826,27659,10.0
123,827,27796,137.0
123,828,27843,47.0
123,829,27906,63.0
123,830,28026,120.0
123,831,28163,137.0
123,832,28255,92.0
123,833,28266,11.0
123,834,28285,19.0
123,835,28303,18.0
123,836,28382,79.0
123,837,28408,26.0
123,838,28630,222.0
123,839,28749,119.0
123,840,28804,55.0
123,841,28832,28.0
123,842,28907,75.0
123,843,28995,88.0
123,844,29126,131.0
123,845,29194,68.0
123,846,29240,46.0
123,847,29307,67.0
123,848,29337,30.0
123,849,29363,26.0
123,850,29510,147.0
123,851,29624,114.0
123,852,29648,24.0
123,853,29682,34.0
123,854,29699,17.0
123,855,29801,102.0
123,856,29842,41.0
123,857,29970,128.0
123,858,30010,40.0
123,859,30095,85.0
123,860,30203,108.0
123,861,30318,115.0
123,862,30369,51.0
123,863,30478,109.0
123,864,30564,86.0
123,865,30669,105.0
123,866,30790,121.0
123,867,30928,138.0
123,868,30942,14.0
123,869,30968,26.0
123,870,31029,61.0
123,871,31058,29.0
123,872,31164,106.0
123,873,31218,54.0
123,874,31242,24.0
123,875,31338,96.0
123,876,31364,26.0
123,877,31418,54.0
123,878,31648,230.0
123,879,31684,36.0
123,880,31715,31.0
123,881,31798,83.0
123,882,31815,17.0
123,883,31904,89.0
123,884,31960,56.0
123,885,32050,90.0
123,886,32153,103.0
123,887,32223,70.0
123,888,32276,53.0
123,889,32413,137.0
123,890,32467,54.0
123,891,32527,60.0
123,892,32574,47.0
123,893,32621,47.0
123,894,32684,63.0
123,895,32704,20.0
123,896,32801,97.0
123,897,32852,51.0
123,898,32945,93.0
123,899,32965,20.0
123,900,33065,100.0
123,901,33122,57.0
123,902,33213,91.0
123,903,33303,90.0
123,904,33420,117.0
123,905,33599,179.0
123,906,33695,96.0
123,907,33772,77.0
123,908,33794,22.0
123,909,33857,63.0
123,910,33920,63.0
123,911,33946,26.0
123,912,34016,70.0
123,913,34135,119.0
123,914,34162,27.0
123,915,34198,36.0
123,916,34226,28.0
123,917,34281,55.0
123,918,34307,26.0
123,919,34365,58.0
123,920,34449,84.0
123,921,34592,143.0
123,922,34637,45.0
123,923,34754,117.0
123,924,34811,57.0
123,925,34859,48.0
123,926,34891,32.0
123,927,34937,46.0
123,928,34980,43.0
123,929,35018,38.0
123,930,35045,27.0
123,931,35166,121.0
123,932,35205,39.0
123,933,35245,40.0
123,934,35309,64.0
123,935,35333,24.0
123,936,35460,127.0
123,937,35611,151.0
123,938,35674,63.0
123,939,35723,49.0
123,940,35737,14.0
123,941,35776,39.0
123,942,35868,92.0
123,943,35927,59.0
123,944,35982,55.0
123,945,36073,91.0
123,946,36106,33.0
123,947,36229,123.0
123,948,36291,62.0
123,949,36309,18.0
123,950,36342,33.0
123,951,36390,48.0
123,952,36411,21.0
123,953,36517,106.0
123,954,36610,93.0
123,955,36657,47.0
123,956,36667,10.0
123,957,36691,24.0
123,958,36717,26.0
123,959,36777,60.0
123,960,36810,33.0
123,961,36855,45.0
123,962,36893,38.0
123,963,36981,88.0
123,964,36996,15.0
123,965,37025,29.0
123,966,37120,95.0
123,967,37183,63.0
123,968,37201,18.0
123,969,37228,27.0
123,970,37263,35.0
123,971,37294,31.0
123,972,37353,59.0
123,973,37370,17.0
123,974,37392,22.0
123,975,37417,25.0
123,976,37475,58.0
123,977,37492,17.0
123,978,37529,37.0
123,979,37611,82.0
123,980,37731,120.0
123,981,37798,67.0
123,982,37885,87.0
123,983,37937,52.0
123,984,38163,226.0
123,985,38229,66.0
123,986,38313,84.0
123,987,38334,21.0
123,988,38429,95.0
123,989,38479,50.0
123,990,38505,26.0
123,991,38516,11.0
123,992,38624,108.0
123,993,38745,121.0
123,994,38760,15.0
123,995,38913,153.0
123,996,38959,46.0
123,997,39004,45.0
123,998,39025,21.0
123,999,39035,10.0
123,1000,39191,156.0
123,1001,39302,111.0
123,1002,39362,60.0
123,1003,39428,66.0
123,1004,39441,13.0
123,1005,39544,103.0
123,1006,39564,20.0
123,1007,39610,46.0
123,1008,39629,19.0
123,1009,39680,51.0
123,1010,39804,124.0
123,1011,39841,37.0
123,1012,39890,49.0
123,1013,39912,22.0
123,1014,39923,11.0
123,1015,40017,94.0
123,1016,40029,12.0
123,1017,40039,10.0
123,1018,40207,168.0
123,1019,40326,119.0
123,1020,40402,76.0
123,1021,40449,47.0
123,1022,40462,13.0
123,1023,40530,68.0
123,1024,40630,100.0
123,1025,40718,88.0
123,1026,40792,74.0
123,1027,40883,91.0
123,1028,40956,73.0
123,1029,40973,17.0
123,1030,40999,26.0
123,1031,41130,131.0
123,1032,41263,133.0
123,1033,41449,186.0
123,1034,41487,38.0
123,1035,41603,116.0
123,1036,41709,106.0
123,1037,41786,77.0
123,1038,41855,69.0
123,1039,41916,61.0
123,1040,41981,65.0
123,1041,42041,60.0
123,1042,42073,32.0
123,1043,42109,36.0
123,1044,42191,82.0
123,1045,42258,67.0
123,1046,42364,106.0
123,1047,42398,34.0
123,1048,42540,142.0
123,1049,42847,307.0
123,1050,43107,260.0
123,1051,43189,82.0
123,1052,43351,162.0
123,1053,43440,89.0
123,1054,43499,59.0
123,1055,43630,131.0
123,1056,43739,109.0
123,1057,43807,68.0
123,1058,43860,53.0
123,1059,43920,60.0
123,1060,44085,165.0
123,1061,44205,120.0
123,1062,44319,114.0
123,1063,44395,76.0
123,1064,44461,66.0
123,1065,44502,41.0
123,1066,44528,26.0
123,1067,44585,57.0
123,1068,44597,12.0
123,1069,44681,84.0
123,1070,44706,25.0
123,1071,44802,96.0
123,1072,44831,29.0
123,1073,44842,11.0
123,1074,45008,166.0
123,1075,45085,77.0
123,1076,45159,74.0
123,1077,45237,78.0
123,1078,45331,94.0
123,1079,45386,55.0
123,1080,45459,73.0
123,1081,45558,99.0
123,1082,45627,69.0
123,1083,45675,48.0
123,1084,45756,81.0
123,1085,45818,62.0
123,1086,45841,23.0
123,1087,45994,153.0
123,1088,46213,219.0
123,1089,46223,10.0
123,1090,46234,11.0
123,1091,46285,51.0
123,1092,46460,175.0
123,1093,46598,138.0
123,1094,46639,41.0
123,1095,46650,11.0
123,1096,46888,238.0
123,1097,46986,98.0
123,1098,47054,68.0
123,1099,47140,86.0
123,1100,47253,113.0
123,1101,47278,25.0
123,1102,47298,20.0
123,1103,47325,27.0
123,1104,47334,9.0
123,1105,47346,12.0
123,1106,47479,133.0
123,1107,47608,129.0
123,1108,47651,43.0
123,1109,47784,133.0
123,1110,47815,31.0
123,1111,47853,38.0
123,1112,47884,31.0
123,1113,47919,35.0
123,1114,47930,11.0
123,1115,47981,51.0
123,1116,47994,13.0
123,1117,48125,131.0
123,1118,48197,72.0
123,1119,48252,55.0
123,1120,48269,17.0
123,1121,48287,18.0
123,1122,48302,15.0
123,1123,48545,243.0
123,1124,48811,266.0
123,1125,48882,71.0
123,1126,48976,94.0
123,1127,49097,121.0
123,1128,49177,80.0
123,1129,49197,20.0
123,1130,49210,13.0
123,1131,49342,132.0
123,1132,49406,64.0
123,1133,49606,200.0
123,1134,49848,242.0
123,1135,49936,88.0
123,1136,50050,114.0
123,1137,50064,14.0
123,1138,50144,80.0
123,1139,50155,11.0
123,1140,50210,55.0
123,1141,50221,11.0
123,1142,50270,49.0
123,1143,50321,51.0
123,1144,50368,47.0
123,1145,50383,15.0
123,1146,50465,82.0
123,1147,50526,61.0
123,1148,50590,64.0
123,1149,50656,66.0
123,1150,50783,127.0
123,1151,50846,63.0
123,1152,50911,65.0
123,1153,51030,119.0
123,1154,51200,170.0
123,1155,51235,35.0
123,1156,51472,237.0
123,1157,51498,26.0
123,1158,51513,15.0
123,1159,51593,80.0
123,1160,51695,102.0
123,1161,51886,191.0
123,1162,51986,100.0
123,1163,52095,109.0
123,1164,52266,171.0
123,1165,52380,114.0
123,1166,52396,16.0
123,1167,52465,69.0
123,1168,52598,133.0
123,1169,52670,72.0
123,1170,52727,57.0
123,1171,53001,274.0
123,1172,53260,259.0
123,1173,53375,115.0
123,1174,53471,96.0
123,1175,53605,134.0
123,1176,53659,54.0
123,1177,53778,119.0
123,1178,53789,11.0
123,1179,53831,42.0
123,1180,53861,30.0
123,1181,54106,245.0
123,1182,54200,94.0
123,1183,54258,58.0
123,1184,54307,49.0
123,1185,54362,55.0
123,1186,54499,137.0
123,1187,54558,59.0
123,1188,54589,31.0
123,1189,54623,34.0
123,1190,54632,9.0
123,1191,54709,77.0
123,1192,54850,141.0
123,1193,54949,99.0
123,1194,55119,170.0
123,1195,55229,110.0
123,1196,55242,13.0
123,1197,55281,39.0
123,1198,55352,71.0
123,1199,55385,33.0
123,1200,55456,71.0
123,1201,55508,52.0
123,1202,55552,44.0
123,1203,55709,157.0
123,1204,55826,117.0
123,1205,55841,15.0
123,1206,55860,19.0
123,1207,56022,162.0
123,1208,56269,247.0
123,1209,56374,105.0
123,1210,56497,123.0
123,1211,56705,208.0
123,1212,56827,122.0
123,1213,56922,95.0
123,1214,57113,191.0
123,1215,57284,171.0
123,1216,57423,139.0
123,1217,57479,56.0
123,1218,57580,101.0
123,1219,57629,49.0
123,1220,57674,45.0
123,1221,57802,128.0
123,1222,57859,57.0
123,1223,57963,104.0
123,1224,57976,13.0
123,1225,58000,24.0
123,1226,58013,13.0
123,1227,58025,12.0
123,1228,58074,49.0
123,1229,58166,92.0
123,1230,58286,120.0
123,1231,58354,68.0
123,1232,58561,207.0
123,1233,58720,159.0
123,1234,58784,64.0
123,1235,58961,177.0
123,1236,59095,134.0
123,1237,59174,79.0
123,1238,59257,83.0
123,1239,59268,11.0
123,1240,59491,223.0
123,1241,59751,260.0
123,1242,59929,178.0
123,1243,60078,149.0
123,1244,60166,88.0
123,1245,60264,98.0
123,1246,60305,41.0
123,1247,60485,180.0
123,1248,60731,246.0
123,1249,60877,146.0
123,1250,60942,65.0
123,1251,61102,160.0
123,1252,61216,114.0
123,1253,61355,139.0
123,1254,61458,103.0
123,1255,61590,132.0
123,1256,61793,203.0
123,1257,61874,81.0
123,1258,62139,265.0
123,1259,62228,89.0
123,1260,62312,84.0
123,1261,62454,142.0
123,1262,62615,161.0
123,1263,62722,107.0
123,1264,62815,93.0
123,1265,62889,74.0
123,1266,62970,81.0
123,1267,63022,52.0
123,1268,63069,47.0
123,1269,63204,135.0
123,1270,63287,83.0
123,1271,63416,129.0
123,1272,63550,134.0
123,1273,63746,196.0
123,1274,63866,120.0
123,1275,63953,87.0
123,1276,64142,189.0
123,1277,64267,125.0
123,1278,64378,111.0
123,1279,64581,203.0
123,1280,64724,143.0
123,1281,64755,31.0
123,1282,64809,54.0
123,1283,64971,162.0
123,1284,65006,35.0
123,1285,65196,190.0
123,1286,65254,58.0
123,1287,65313,59.0
123,1288,65658,345.0
123,1289,65671,13.0
123,1290,65748,77.0
123,1291,65879,131.0
123,1292,65944,65.0
123,1293,66161,217.0
123,1294,66303,142.0
123,1295,66400,97.0
123,1296,66519,119.0
123,1297,66647,128.0
123,1298,66849,202.0
123,1299,66859,10.0
123,1300,66939,80.0
123,1301,67136,197.0
123,1302,67385,249.0
123,1303,67478,93.0
123,1304,67557,79.0
123,1305,67660,103.0
123,1306,67787,127.0
123,1307,67898,111.0
123,1308,68033,135.0
123,1309,68092,59.0
123,1310,68105,13.0
123,1311,68151,46.0
123,1312,68165,14.0
123,1313,68212,47.0
123,1314,68297,85.0
123,1315,68380,83.0
123,1316,68462,82.0
123,1317,68486,24.0
123,1318,68588,102.0
123,1319,68733,145.0
123,1320,68776,43.0
123,1321,68795,19.0
123,1322,68830,35.0
123,1323,68922,92.0
123,1324,69057,135.0
123,1325,69075,18.0
123,1326,69236,161.0
123,1327,69393,157.0
123,1328,69520,127.0
123,1329,69573,53.0
123,1330,69622,49.0
123,1331,69796,174.0
123,1332,69945,149.0
123,1333,70006,61.0
123,1334,70066,60.0
123,1335,70128,62.0
123,1336,70154,26.0
123,1337,70214,60.0
123,1338,70270,56.0
123,1339,70349,79.0
123,1340,70418,69.0
123,1341,70518,100.0
123,1342,70586,68.0
123,1343,70708,122.0
123,1344,70848,140.0
123,1345,71107,259.0
123,1346,71237,130.0
123,1347,71315,78.0
123,1348,71496,181.0
123,1349,71628,132.0
123,1350,71785,157.0
123,1351,71957,172.0
123,1352,72124,167.0
123,1353,72250,126.0
123,1354,72504,254.0
123,1355,72614,110.0
123,1356,72781,167.0
123,1357,72987,206.0
123,1358,73068,81.0
123,1359,73248,180.0
123,1360,73393,145.0
123,1361,73565,172.0
123,1362,73738,173.0
123,1363,73839,101.0
123,1364,74007,168.0
123,1365,74141,134.0
123,1366,74357,216.0
123,1367,74399,42.0
123,1368,74510,111.0
123,1369,74730,220.0
123,1370,74872,142.0
123,1371,75026,154.0
123,1372,75216,190.0
123,1373,75337,121.0
123,1374,75541,204.0
123,1375,75665,124.0
123,1376,75802,137.0
123,1377,75920,118.0
123,1378,76083,163.0
123,1379,76218,135.0
123,1380,76365,147.0
123,1381,76599,234.0
123,1382,76800,201.0
123,1383,76879,79.0
123,1384,77014,135.0
123,1385,77095,81.0
123,1386,77131,36.0
123,1387,77282,151.0
123,1388,77328,46.0
123,1389,77368,40.0
123,1390,77511,143.0
123,1391,77521,10.0
123,1392,77651,130.0
123,1393,77664,13.0
123,1394,77800,136.0
123,1395,77832,32.0
123,1396,77988,156.0
123,1397,78097,109.0
123,1398,78234,137.0
123,1399,78312,78.0
123,1400,78344,32.0
123,1401,78445,101.0
123,1402,78600,155.0
123,1403,78860,260.0
123,1404,79072,212.0
123,1405,79219,147.0
123,1406,79403,184.0
123,1407,79494,91.0
123,1408,79631,137.0
123,1409,79702,71.0
123,1410,79824,122.0
123,1411,79986,162.0
123,1412,80206,220.0
123,1413,80399,193.0
123,1414,80470,71.0
123,1415,80509,39.0
123,1416,80623,114.0
123,1417,80825,202.0
123,1418,80988,163.0
123,1419,81186,198.0
123,1420,81214,28.0
123,1421,81256,42.0
123,1422,81548,292.0
123,1423,81643,95.0
123,1424,81691,48.0
123,1425,81760,69.0
123,1426,81993,233.0
123,1427,82126,133.0
123,1428,82277,151.0
123,1429,82484,207.0
123,1430,82618,134.0
123,1431,82773,155.0
123,1432,83026,253.0
123,1433,83174,148.0
123,1434,83360,186.0
123,1435,83624,264.0
123,1436,83809,185.0
123,1437,84111,302.0
123,1438,84470,359.0
123,1439,84572,102.0
123,1440,84682,110.0
123,1441,84829,147.0
123,1442,84892,63.0
123,1443,84944,52.0
123,1444,85089,145.0
123,1445,85305,216.0
123,1446,85362,57.0
123,1447,85409,47.0
123,1448,85651,242.0
123,1449,85862,211.0
123,1450,85998,136.0
123,1451,86113,115.0
123,1452,86286,173.0
123,1453,86439,153.0
123,1454,86655,216.0
123,1455,86794,139.0
123,1456,87171,377.0
123,1457,87235,64.0
123,1458,87313,78.0
123,1459,87354,41.0
123,1460,87477,123.0
123,1461,87648,171.0
123,1462,87687,39.0
123,1463,87861,174.0
123,1464,87904,43.0
123,1465,88017,113.0
123,1466,88197,180.0
123,1467,88341,144.0
123,1468,88398,57.0
123,1469,88558,160.0
123,1470,88665,107.0
123,1471,88857,192.0
123,1472,88985,128.0
123,1473,89112,127.0
123,1474,89337,225.0
123,1475,89591,254.0
123,1476,89819,228.0
123,1477,90065,246.0
123,1478,90259,194.0
123,1479,90284,25.0
123,1480,90460,176.0
123,1481,90646,186.0
123,1482,90840,194.0
123,1483,91024,184.0
123,1484,91152,128.0
123,1485,91304,152.0
123,1486,91439,135.0
123,1487,91578,139.0
123,1488,91728,150.0
123,1489,91889,161.0
123,1490,91933,44.0
123,1491,91943,10.0
123,1492,92072,129.0
123,1493,92083,11.0
123,1494,92228,145.0
123,1495,92402,174.0
123,1496,92551,149.0
123,1497,92710,159.0
123,1498,92758,48.0
123,1499,92838,80.0
123,1500,93096,258.0
123,1501,93397,301.0
123,1502,93608,211.0
123,1503,93788,180.0
123,1504,94145,357.0
123,1505,94306,161.0
123,1506,94443,137.0
123,1507,94638,195.0
123,1508,94792,154.0
123,1509,94989,197.0
123,1510,95156,167.0
123,1511,95307,151.0
123,1512,95421,114.0
123,1513,95601,180.0
123,1514,95807,206.0
123,1515,95850,43.0
123,1516,96107,257.0
123,1517,96392,285.0
123,1518,96607,215.0
123,1519,96774,167.0
123,1520,96964,190.0
123,1521,97381,417.0
123,1522,97419,38.0
123,1523,97472,53.0
123,1524,97508,36.0
123,1525,97560,52.0
123,1526,97599,39.0
123,1527,97753,154.0
123,1528,97962,209.0
123,1529,98110,148.0
123,1530,98263,153.0
123,1531,98393,130.0
123,1532,98568,175.0
123,1533,98698,130.0
123,1534,98853,155.0
123,1535,99006,153.0
123,1536,99158,152.0
123,1537,99258,100.0
123,1538,99401,143.0
123,1539,99583,182.0
123,1540,99816,233.0
123,1541,99964,148.0
123,1542,100117,153.0
123,1543,100181,64.0
123,1544,100319,138.0
123,1545,100435,116.0
123,1546,100605,170.0
123,1547,100724,119.0
123,1548,100860,136.0
123,1549,100984,124.0
123,1550,101110,126.0
123,1551,101176,66.0
123,1552,101237,61.0
123,1553,101304,67.0
123,1554,101489,185.0
123,1555,101716,227.0
123,1556,101830,114.0
123,1557,101892,62.0
123,1558,102063,171.0
123,1559,102189,126.0
123,1560,102409,220.0
123,1561,102610,201.0
123,1562,102677,67.0
123,1563,102690,13.0
123,1564,102883,193.0
123,1565,103065,182.0
123,1566,103208,143.0
123,1567,103440,232.0
123,1568,103453,13.0
123,1569,103501,48.0
123,1570,103667,166.0
123,1571,103834,167.0
123,1572,104082,248.0
123,1573,104312,230.0
123,1574,104377,65.0
123,1575,104498,121.0
123,1576,104815,317.0
123,1577,104948,133.0
123,1578,105283,335.0
123,1579,105541,258.0
123,1580,105744,203.0
123,1581,105891,147.0
123,1582,106003,112.0
123,1583,106087,84.0
123,1584,106100,13.0
123,1585,106259,159.0
123,1586,106317,58.0
123,1587,106398,81.0
123,1588,106606,208.0
123,1589,106785,179.0
123,1590,106918,133.0
123,1591,107081,163.0
123,1592,107298,217.0
123,1593,107481,183.0
123,1594,107639,158.0
123,1595,107885,246.0
123,1596,107905,20.0
123,1597,107965,60.0
123,1598,108132,167.0
123,1599,108235,103.0
123,1600,108394,159.0
123,1601,108568,174.0
123,1602,108619,51.0
123,1603,108732,113.0
123,1604,108917,185.0
123,1605,109010,93.0
123,1606,109032,22.0
123,1607,109075,43.0
123,1608,109327,252.0
123,1609,109510,183.0
123,1610,109627,117.0
123,1611,109908,281.0
123,1612,110024,116.0
123,1613,110280,256.0
123,1614,110293,13.0
123,1615,110341,48.0
123,1616,110351,10.0
123,1617,110401,50.0
123,1618,110474,73.0
123,1619,110485,11.0
123,1620,110588,103.0
123,1621,110719,131.0
123,1622,110823,104.0
123,1623,110959,136.0
123,1624,111014,55.0
123,1625,111026,12.0
123,1626,111071,45.0
123,1627,111298,227.0
123,1628,111514,216.0
123,1629,111647,133.0
123,1630,111734,87.0
123,1631,111944,210.0
123,1632,112229,285.0
123,1633,112486,257.0
123,1634,112636,150.0
123,1635,112777,141.0
123,1636,112980,203.0
123,1637,113148,168.0
123,1638,113254,106.0
123,1639,113407,153.0
123,1640,113631,224.0
123,1641,113790,159.0
123,1642,114024,234.0
123,1643,114049,25.0
123,1644,114198,149.0
123,1645,114413,215.0
123,1646,114721,308.0
123,1647,114838,117.0
123,1648,114852,14.0
123,1649,114934,82.0
123,1650,114945,11.0
123,1651,114957,12.0
123,1652,114986,29.0
123,1653,115129,143.0
123,1654,115234,105.0
123,1655,115283,49.0
123,1656,115350,67.0
123,1657,115445,95.0
123,1658,115536,91.0
123,1659,115645,109.0
123,1660,115766,121.0
123,1661,115865,99.0
123,1662,115974,109.0
123,1663,116157,183.0
123,1664,116278,121.0
123,1665,116387,109.0
123,1666,116492,105.0
123,1667,116647,155.0
123,1668,116728,81.0
123,1669,116777,49.0
123,1670,116913,136.0
123,1671,117052,139.0
123,1672,117154,102.0
123,1673,117256,102.0
123,1674,117376,120.0
123,1675,117542,166.0
123,1676,117682,140.0
123,1677,117796,114.0
123,1678,117910,114.0
123,1679,117921,11.0
123,1680,118018,97.0
123,1681,118163,145.0
123,1682,118434,271.0
123,1683,118605,171.0
123,1684,118694,89.0
123,1685,118852,158.0
123,1686,118966,114.0
123,1687,119013,47.0
123,1688,119025,12.0
123,1689,119138,113.0
123,1690,119276,138.0
123,1691,119415,139.0
123,1692,119549,134.0
123,1693,119660,111.0
123,1694,119697,37.0
123,1695,119880,183.0
123,1696,120089,209.0
123,1697,120196,107.0
123,1698,120311,115.0
123,1699,120524,213.0
123,1700,120681,157.0
123,1701,120787,106.0
123,1702,120973,186.0
123,1703,121123,150.0
123,1704,121319,196.0
123,1705,121431,112.0
123,1706,121647,216.0
123,1707,121786,139.0
123,1708,121942,156.0
123,1709,122151,209.0
123,1710,122352,201.0
123,1711,122539,187.0
123,1712,122770,231.0
123,1713,122918,148.0
123,1714,123069,151.0
123,1715,123104,35.0
123,1716,123318,214.0
123,1717,123360,42.0
123,1718,123576,216.0
123,1719,123713,137.0
123,1720,123899,186.0
123,1721,124046,147.0
123,1722,124106,60.0
123,1723,124284,178.0
123,1724,124464,180.0
123,1725,124654,190.0
123,1726,124746,92.0
123,1727,124982,236.0
123,1728,125157,175.0
123,1729,125206,49.0
123,1730,125360,154.0
123,1731,125371,11.0
123,1732,125600,229.0
123,1733,125824,224.0
123,1734,125984,160.0
123,1735,126193,209.0
123,1736,126372,179.0
123,1737,126551,179.0
123,1738,126680,129.0
123,1739,126831,151.0
123,1740,126958,127.0
123,1741,127127,169.0
123,1742,127275,148.0
123,1743,127425,150.0
123,1744,127517,92.0
123,1745,127621,104.0
123,1746,127730,109.0
123,1747,127803,73.0
123,1748,127974,171.0
123,1749,128152,178.0
123,1750,128353,201.0
123,1751,128499,146.0
123,1752,128602,103.0
123,1753,128744,142.0
123,1754,128857,113.0
123,1755,128939,82.0
123,1756,129067,128.0
123,1757,129179,112.0
123,1758,129289,110.0
123,1759,129418,129.0
123,1760,129528,110.0
123,1761,129657,129.0
123,1762,129812,155.0
123,1763,129891,79.0
123,1764,130042,151.0
123,1765,130218,176.0
123,1766,130374,156.0
123,1767,130554,180.0
123,1768,130703,149.0
123,1769,130814,111.0
123,1770,130991,177.0
123,1771,131142,151.0
123,1772,131297,155.0
123,1773,131478,181.0
123,1774,131579,101.0
123,1775,131687,108.0
123,1776,131730,43.0
123,1777,131852,122.0
123,1778,131885,33.0
123,1779,131949,64.0
123,1780,132105,156.0
123,1781,132210,105.0
123,1782,132340,130.0
123,1783,132502,162.0
123,1784,132666,164.0
123,1785,132729,63.0
123,1786,132815,86.0
123,1787,132993,178.0
123,1788,133129,136.0
123,1789,133210,81.0
123,1790,133248,38.0
123,1791,133279,31.0
123,1792,133448,169.0
123,1793,133585,137.0
123,1794,133685,100.0
123,1795,133817,132.0
123,1796,133971,154.0
123,1797,134101,130.0
123,1798,134243,142.0
123,1799,134323,80.0
123,1800,134469,146.0
123,1801,134591,122.0
123,1802,134733,142.0
123,1803,134939,206.0
123,1804,135121,182.0
123,1805,135242,121.0
123,1806,135427,185.0
123,1807,135539,112.0
123,1808,135715,176.0
123,1809,135834,119.0
123,1810,135887,53.0
123,1811,136021,134.0
123,1812,136182,161.0
123,1813,136306,124.0
123,1814,136465,159.0
123,1815,136636,171.0
123,1816,136693,57.0
123,1817,136758,65.0
123,1818,136789,31.0
123,1819,136917,128.0
123,1820,137031,114.0
123,1821,137130,99.0
123,1822,137239,109.0
123,1823,137323,84.0
123,1824,137453,130.0
123,1825,137574,121.0
123,1826,137691,117.0
123,1827,137866,175.0
123,1828,138050,184.0
123,1829,138170,120.0
123,1830,138364,194.0
123,1831,138478,114.0
123,1832,138581,103.0
123,1833,138620,39.0
123,1834,138724,104.0
123,1835,138826,102.0
123,1836,138929,103.0
123,1837,138986,57.0
123,1838,139102,116.0
123,1839,139219,117.0
123,1840,139295,76.0
123,1841,139464,169.0
123,1842,139613,149.0
123,1843,139752,139.0
123,1844,139912,160.0
123,1845,140041,129.0
123,1846,140108,67.0
123,1847,140219,111.0
123,1848,140265,46.0
123,1849,140304,39.0
123,1850,140346,42.0
123,1851,140573,227.0
123,1852,140625,52.0
123,1853,140775,150.0
123,1854,140922,147.0
123,1855,140978,56.0
123,1856,141064,86.0
123,1857,141172,108.0
123,1858,141293,121.0
123,1859,141479,186.0
123,1860,141616,137.0
123,1861,141742,126.0
123,1862,141856,114.0
123,1863,142011,155.0
123,1864,142183,172.0
123,1865,142368,185.0
123,1866,142463,95.0
123,1867,142648,185.0
123,1868,142702,54.0
123,1869,142851,149.0
123,1870,142990,139.0
123,1871,143052,62.0
123,1872,143186,134.0
123,1873,143205,19.0
123,1874,143337,132.0
123,1875,143525,188.0
123,1876,143626,101.0
123,1877,143798,172.0
123,1878,143906,108.0
123,1879,144097,191.0
123,1880,144248,151.0
123,1881,144345,97.0
123,1882,144454,109.0
123,1883,144593,139.0
123,1884,144785,192.0
123,1885,144964,179.0
123,1886,145104,140.0
123,1887,145215,111.0
123,1888,145388,173.0
123,1889,145464,76.0
123,1890,145658,194.0
123,1891,145721,63.0
123,1892,145828,107.0
123,1893,145867,39.0
123,1894,145922,55.0
123,1895,145988,66.0
123,1896,146094,106.0
123,1897,146182,88.0
123,1898,146196,14.0
123,1899,146322,126.0
123,1900,146370,48.0
123,1901,146500,130.0
123,1902,146579,79.0
123,1903,146690,111.0
123,1904,146817,127.0
123,1905,146980,163.0
123,1906,147120,140.0
123,1907,147187,67.0
123,1908,147432,245.0
123,1909,147557,125.0
123,1910,147618,61.0
123,1911,147731,113.0
123,1912,147781,50.0
123,1913,147839,58.0
123,1914,148055,216.0
123,1915,148204,149.0
123,1916,148267,63.0
123,1917,148409,142.0
123,1918,148453,44.0
123,1919,148562,109.0
123,1920,148618,56.0
123,1921,148687,69.0
123,1922,148699,12.0
123,1923,148825,126.0
123,1924,148939,114.0
123,1925,149081,142.0
123,1926,149264,183.0
123,1927,149365,101.0
123,1928,149446,81.0
123,1929,149462,16.0
123,1930,149513,51.0
123,1931,149619,106.0
123,1932,149702,83.0
123,1933,149757,55.0
123,1934,149770,13.0
123,1935,149880,110.0
123,1936,149935,55.0
123,1937,149963,28.0
123,1938,150372,409.0
123,1939,150515,143.0
123,1940,150767,252.0
123,1941,150858,91.0
123,1942,151050,192.0
123,1943,151357,307.0
123,1944,151421,64.0
123,1945,151477,56.0
123,1946,151635,158.0
123,1947,152015,380.0
123,1948,152230,215.0
123,1949,152514,284.0
123,1950,152831,317.0
123,1951,153270,439.0
123,1952,153426,156.0
123,1953,153594,168.0
123,1954,153758,164.0
123,1955,153973,215.0
123,1956,154123,150.0
123,1957,154268,145.0
123,1958,154468,200.0
123,1959,154666,198.0
123,1960,154883,217.0
123,1961,155203,320.0
123,1962,155345,142.0
123,1963,155466,121.0
123,1964,155686,220.0
123,1965,155812,126.0
123,1966,155922,110.0
123,1967,156067,145.0
123,1968,156368,301.0
123,1969,156504,136.0
123,1970,156516,12.0
123,1971,156660,144.0
123,1972,156888,228.0
123,1973,157121,233.0
123,1974,157307,186.0
123,1975,157541,234.0
123,1976,157676,135.0
123,1977,157820,144.0
123,1978,158052,232.0
123,1979,158223,171.0
123,1980,158393,170.0
123,1981,158515,122.0
123,1982,158632,117.0
123,1983,158758,126.0
123,1984,158915,157.0
123,1985,159281,366.0
123,1986,159442,161.0
123,1987,159622,180.0
123,1988,159802,180.0
123,1989,160150,348.0
123,1990,160319,169.0
123,1991,160819,500.0
123,1992,161020,201.0
123,1993,161143,123.0
123,1994,161364,221.0
123,1995,161584,220.0
123,1996,161741,157.0
123,1997,161890,149.0
123,1998,162127,237.0
123,1999,162355,228.0
123,2000,162433,78.0
777,1,10,10.0
777,2,31,21.0
777,3,41,10.0
777,4,52,11.0
777,5,70,18.0
777,6,85,15.0
777,7,133,48.0
777,8,162,29.0
777,9,228,66.0
777,10,238,10.0
777,11,267,29.0
777,12,295,28.0
777,13,309,14.0
777,14,322,13.0
777,15,334,12.0
777,16,342,8.0
777,17,366,24.0
777,18,378,12.0
777,19,413,35.0
777,20,436,23.0
777,21,446,10.0
777,22,464,18.0
777,23,479,15.0
777,24,489,10.0
777,25,513,24.0
777,26,526,13.0
777,27,543,17.0
777,28,580,37.0
777,29,634,54.0
777,30,645,11.0
777,31,669,24.0
777,32,713,44.0
777,33,725,12.0
777,34,742,17.0
777,35,757,15.0
777,36,780,23.0
777,37,797,17.0
777,38,812,15.0
777,39,838,26.0
777,40,862,24.0
777,41,875,13.0
777,42,886,11.0
777,43,900,14.0
777,44,952,52.0
777,45,967,15.0
777,46,992,25.0
777,47,1004,12.0
777,48,1019,15.0
777,49,1033,14.0
777,50,1070,37.0
777,51,1117,47.0
777,52,1131,14.0
777,53,1148,17.0
777,54,1167,19.0
777,55,1197,30.0
777,56,1211,14.0
777,57,1232,21.0
777,58,1250,18.0
777,59,1287,37.0
777,60,1317,30.0
777,61,1336,19.0
777,62,1356,20.0
777,63,1389,33.0
777,64,1401,12.0
777,65,1415,14.0
777,66,1432,17.0
777,67,1446,14.0
777,68,1483,37.0
777,69,1522,39.0
777,70,1533,11.0
777,71,1545,12.0
777,72,1560,15.0
777,73,1574,14.0
777,74,1596,22.0
777,75,1620,24.0
777,76,1639,19.0
777,77,1655,16.0
777,78,1676,21.0
777,79,1693,17.0
777,80,1711,18.0
777,81,1729,18.0
777,82,1746,17.0
777,83,1755,9.0
777,84,1792,37.0
777,85,1801,9.0
777,86,1810,9.0
777,87,1831,21.0
777,88,1884,53.0
777,89,1902,18.0
777,90,1921,19.0
777,91,1940,19.0
777,92,1977,37.0
777,93,2001,24.0
777,94,2034,33.0
777,95,2056,22.0
777,96,2086,30.0
777,97,2108,22.0
777,98,2148,40.0
777,99,2161,13.0
777,100,2173,12.0
777,101,2189,16.0
777,102,2213,24.0
777,103,2241,28.0
777,104,2262,21.0
777,105,2357,95.0
777,106,2377,20.0
777,107,2393,16.0
777,108,2408,15.0
777,109,2430,22.0
777,110,2448,18.0
777,111,2462,14.0
777,112,2485,23.0
777,113,2511,26.0
777,114,2527,16.0
777,115,2539,12.0
777,116,2570,31.0
777,117,2589,19.0
777,118,2609,20.0
777,119,2642,33.0
777,120,2656,14.0
777,121,2695,39.0
777,122,2712,17.0
777,123,2746,34.0
777,124,2799,53.0
777,125,2811,12.0
777,126,2844,33.0
777,127,2864,20.0
777,128,2911,47.0
777,129,2933,22.0
777,130,2954,21.0
777,131,2981,27.0
777,132,2991,10.0
777,133,3003,12.0
777,134,3022,19.0
777,135,3058,36.0
777,136,3085,27.0
777,137,3103,18.0
777,138,3134,31.0
777,139,3173,39.0
777,140,3186,13.0
777,141,3238,52.0
777,142,3269,31.0
777,143,3285,16.0
777,144,3301,16.0
777,145,3331,30.0
777,146,3349,18.0
777,147,3378,29.0
777,148,3398,20.0
777,149,3414,16.0
777,150,3435,21.0
777,151,3499,64.0
777,152,3527,28.0
777,153,3564,37.0
777,154,3583,19.0
777,155,3617,34.0
777,156,3657,40.0
777,157,3679,22.0
777,158,3712,33.0
777,159,3790,78.0
777,160,3809,19.0
777,161,3820,11.0
777,162,3853,33.0
777,163,3899,46.0
777,164,3922,23.0
777,165,3933,11.0
777,166,3948,15.0
777,167,3962,14.0
777,168,3984,22.0
777,169,4007,23.0
777,170,4025,18.0
777,171,4042,17.0
777,172,4060,18.0
777,173,4073,13.0
777,174,4091,18.0
777,175,4127,36.0
777,176,4141,14.0
777,177,4185,44.0
777,178,4198,13.0
777,179,4223,25.0
777,180,4243,20.0
777,181,4252,9.0
777,182,4282,30.0
777,183,4322,40.0
777,184,4377,55.0
777,185,4412,35.0
777,186,4451,39.0
777,187,4494,43.0
777,188,4504,10.0
777,189,4544,40.0
777,190,4577,33.0
777,191,4610,33.0
777,192,4636,26.0
777,193,4656,20.0
777,194,4672,16.0
777,195,4694,22.0
777,196,4704,10.0
777,197,4736,32.0
777,198,4794,58.0
777,199,4808,14.0
777,200,4825,17.0
777,201,4875,50.0
777,202,4926,51.0
777,203,4938,12.0
777,204,4964,26.0
777,205,4982,18.0
777,206,5006,24.0
777,207,5037,31.0
777,208,5080,43.0
777,209,5094,14.0
777,210,5114,20.0
777,211,5131,17.0
777,212,5154,23.0
777,213,5170,16.0
777,214,5193,23.0
777,215,5208,15.0
777,216,5242,34.0
777,217,5256,14.0
777,218,5267,11.0
777,219,5288,21.0
777,220,5335,47.0
777,221,5351,16.0
777,222,5372,21.0
777,223,5382,10.0
777,224,5404,22.0
777,225,5418,14.0
777,226,5450,32.0
777,227,5482,32.0
777,228,5517,35.0
777,229,5530,13.0
777,230,5539,9.0
777,231,5581,42.0
777,232,5640,59.0
777,233,5659,19.0
777,234,5676,17.0
777,235,5693,17.0
777,236,5715,22.0
777,237,5744,29.0
777,238,5767,23.0
777,239,5792,25.0
777,240,5804,12.0
777,241,5822,18.0
777,242,5832,10.0
777,243,5871,39.0
777,244,5914,43.0
777,245,5944,30.0
777,246,5968,24.0
777,247,6013,45.0
777,248,6052,39.0
777,249,6070,18.0
777,250,6124,54.0
777,251,6153,29.0
777,252,6187,34.0
777,253,6204,17.0
777,254,6230,26.0
777,255,6242,12.0
777,256,6256,14.0
777,257,6339,83.0
777,258,6358,19.0
777,259,6373,15.0
777,260,6402,29.0
777,261,6420,18.0
777,262,6441,21.0
777,263,6461,20.0
777,264,6484,23.0
777,265,6503,19.0
777,266,6522,19.0
777,267,6553,31.0
777,268,6564,11.0
777,269,6621,57.0
777,270,6646,25.0
777,271,6660,14.0
777,272,6675,15.0
777,273,6689,14.0
777,274,6708,19.0
777,275,6729,21.0
777,276,6746,17.0
777,277,6761,15.0
777,278,6783,22.0
777,279,6809,26.0
777,280,6823,14.0
777,281,6868,45.0
777,282,6924,56.0
777,283,6946,22.0
777,284,7018,72.0
777,285,7035,17.0
777,286,7056,21.0
777,287,7093,37.0
777,288,7105,12.0
777,289,7120,15.0
777,290,7141,21.0
777,291,7208,67.0
777,292,7250,42.0
777,293,7285,35.0
777,294,7305,20.0
777,295,7338,33.0
777,296,7357,19.0
777,297,7374,17.0
777,298,7383,9.0
777,299,7406,23.0
777,300,7472,66.0
777,301,7488,16.0
777,302,7503,15.0
777,303,7524,21.0
777,304,7540,16.0
777,305,7559,19.0
777,306,7572,13.0
777,307,7614,42.0
777,308,7628,14.0
777,309,7641,13.0
777,310,7664,23.0
777,311,7682,18.0
777,312,7692,10.0
777,313,7708,16.0
777,314,7745,37.0
777,315,7779,34.0
777,316,7792,13.0
777,317,7810,18.0
777,318,7831,21.0
777,319,7847,16.0
777,320,7878,31.0
777,321,7890,12.0
777,322,7914,24.0
777,323,7931,17.0
777,324,7942,11.0
777,325,7951,9.0
777,326,7983,32.0
777,327,8001,18.0
777,328,8023,22.0
777,329,8053,30.0
777,330,8074,21.0
777,331,8110,36.0
777,332,8128,18.0
777,333,8143,15.0
777,334,8167,24.0
777,335,8195,28.0
777,336,8208,13.0
777,337,8276,68.0
777,338,8289,13.0
777,339,8314,25.0
777,340,8341,27.0
777,341,8369,28.0
777,342,8389,20.0
777,343,8410,21.0
777,344,8443,33.0
777,345,8456,13.0
777,346,8483,27.0
777,347,8517,34.0
777,348,8531,14.0
777,349,8586,55.0
777,350,8598,12.0
777,351,8610,12.0
777,352,8627,17.0
777,353,8654,27.0
777,354,8667,13.0
777,355,8714,47.0
777,356,8728,14.0
777,357,8757,29.0
777,358,8786,29.0
777,359,8802,16.0
777,360,8875,73.0
777,361,8894,19.0
777,362,8922,28.0
777,363,8934,12.0
777,364,8952,18.0
777,365,8995,43.0
777,366,9039,44.0
777,367,9073,34.0
777,368,9091,18.0
777,369,9115,24.0
777,370,9127,12.0
777,371,9152,25.0
777,372,9179,27.0
777,373,9193,14.0
777,374,9213,20.0
777,375,9228,15.0
777,376,9244,16.0
777,377,9256,12.0
777,378,9275,19.0
777,379,9294,19.0
777,380,9312,18.0
777,381,9352,40.0
777,382,9410,58.0
777,383,9427,17.0
777,384,9464,37.0
777,385,9482,18.0
777,386,9504,22.0
777,387,9520,16.0
777,388,9544,24.0
777,389,9555,11.0
777,390,9601,46.0
777,391,9667,66.0
777,392,9691,24.0
777,393,9714,23.0
777,394,9791,77.0
777,395,9805,14.0
777,396,9830,25.0
777,397,9861,31.0
777,398,9899,38.0
777,399,9934,35.0
777,400,9947,13.0
777,401,9962,15.0
777,402,9977,15.0
777,403,9992,15.0
777,404,10006,14.0
777,405,10041,35.0
777,406,10055,14.0
777,407,10072,17.0
777,408,10104,32.0
777,409,10122,18.0
777,410,10178,56.0
777,411,10204,26.0
777,412,10222,18.0
777,413,10240,18.0
777,414,10270,30.0
777,415,10293,23.0
777,416,10312,19.0
777,417,10341,29.0
777,418,10352,11.0
777,419,10383,31.0
777,420,10404,21.0
777,421,10509,105.0
777,422,10540,31.0
777,423,10573,33.0
777,424,10675,102.0
777,425,10689,14.0
777,426,10711,22.0
777,427,10789,78.0
777,428,10836,47.0
777,429,10852,16.0
777,430,10916,64.0
777,431,10966,50.0
777,432,10981,15.0
777,433,11056,75.0
777,434,11073,17.0
777,435,11091,18.0
777,436,11106,15.0
777,437,11135,29.0
777,438,11162,27.0
777,439,11177,15.0
777,440,11189,12.0
777,441,11216,27.0
777,442,11257,41.0
777,443,11292,35.0
777,444,11335,43.0
777,445,11389,54.0
777,446,11438,49.0
777,447,11467,29.0
777,448,11502,35.0
777,449,11515,13.0
777,450,11564,49.0
777,451,11630,66.0
777,452,11689,59.0
777,453,11720,31.0
777,454,11735,15.0
777,455,11751,16.0
777,456,11764,13.0
777,457,11845,81.0
777,458,11869,24.0
777,459,11895,26.0
777,460,11910,15.0
777,461,11947,37.0
777,462,11969,22.0
777,463,11985,16.0
777,464,12020,35.0
777,465,12044,24.0
777,466,12057,13.0
777,467,12087,30.0
777,468,12098,11.0
777,469,12120,22.0
777,470,12141,21.0
777,471,12152,11.0
777,472,12189,37.0
777,473,12333,144.0
777,474,12411,78.0
777,475,12455,44.0
777,476,12477,22.0
777,477,12506,29.0
777,478,12536,30.0
777,479,12552,16.0
777,480,12568,16.0
777,481,12593,25.0
777,482,12605,12.0
777,483,12622,17.0
777,484,12659,37.0
777,485,12669,10.0
777,486,12686,17.0
777,487,12726,40.0
777,488,12755,29.0
777,489,12789,34.0
777,490,12801,12.0
777,491,12830,29.0
777,492,12890,60.0
777,493,12907,17.0
777,494,12926,19.0
777,495,12943,17.0
777,496,12990,47.0
777,497,13055,65.0
777,498,13127,72.0
777,499,13182,55.0
777,500,13205,23.0
777,501,13217,12.0
777,502,13229,12.0
777,503,13342,113.0
777,504,13356,14.0
777,505,13396,40.0
777,506,13482,86.0
777,507,13514,32.0
777,508,13557,43.0
777,509,13573,16.0
777,510,13585,12.0
777,511,13606,21.0
777,512,13639,33.0
777,513,13686,47.0
777,514,13706,20.0
777,515,13722,16.0
777,516,13742,20.0
777,517,13776,34.0
777,518,13796,20.0
777,519,13809,13.0
777,520,13856,47.0
777,521,13894,38.0
777,522,13915,21.0
777,523,13959,44.0
777,524,13970,11.0
777,525,14033,63.0
777,526,14053,20.0
777,527,14068,15.0
777,528,14090,22.0
777,529,14109,19.0
777,530,14151,42.0
777,531,14200,49.0
777,532,14228,28.0
777,533,14293,65.0
777,534,14306,13.0
777,535,14347,41.0
777,536,14361,14.0
777,537,14375,14.0
777,538,14405,30.0
777,539,14417,12.0
777,540,14444,27.0
777,541,14458,14.0
777,542,14556,98.0
777,543,14602,46.0
777,544,14650,48.0
777,545,14702,52.0
777,546,14792,90.0
777,547,14806,14.0
777,548,14828,22.0
777,549,14859,31.0
777,550,14884,25.0
777,551,14907,23.0
777,552,14953,46.0
777,553,14980,27.0
777,554,15049,69.0
777,555,15082,33.0
777,556,15094,12.0
777,557,15143,49.0
777,558,15234,91.0
777,559,15254,20.0
777,560,15316,62.0
777,561,15350,34.0
777,562,15383,33.0
777,563,15398,15.0
777,564,15416,18.0
777,565,15445,29.0
777,566,15459,14.0
777,567,15496,37.0
777,568,15551,55.0
777,569,15564,13.0
777,570,15616,52.0
777,571,15677,61.0
777,572,15713,36.0
777,573,15731,18.0
777,574,15765,34.0
777,575,15775,10.0
777,576,15803,28.0
777,577,15818,15.0
777,578,15842,24.0
777,579,15859,17.0
777,580,15926,67.0
777,581,15948,22.0
777,582,15969,21.0
777,583,15987,18.0
777,584,16002,15.0
777,585,16032,30.0
777,586,16058,26.0
777,587,16071,13.0
777,588,16105,34.0
777,589,16123,18.0
777,590,16184,61.0
777,591,16239,55.0
777,592,16282,43.0
777,593,16300,18.0
777,594,16309,9.0
777,595,16327,18.0
777,596,16356,29.0
777,597,16401,45.0
777,598,16445,44.0
777,599,16496,51.0
777,600,16592,96.0
777,601,16662,70.0
777,602,16720,58.0
777,603,16733,13.0
777,604,16748,15.0
777,605,16760,12.0
777,606,16774,14.0
777,607,16795,21.0
777,608,16831,36.0
777,609,16857,26.0
777,610,16886,29.0
777,611,16935,49.0
777,612,16947,12.0
777,613,16957,10.0
777,614,16967,10.0
777,615,17006,39.0
777,616,17046,40.0
777,617,17061,15.0
777,618,17074,13.0
777,619,17161,87.0
777,620,17190,29.0
777,621,17235,45.0
777,622,17279,44.0
777,623,17330,51.0
777,624,17382,52.0
777,625,17410,28.0
777,626,17424,14.0
777,627,17448,24.0
777,628,17462,14.0
777,629,17496,34.0
777,630,17535,39.0
777,631,17559,24.0
777,632,17597,38.0
777,633,17638,41.0
777,634,17653,15.0
777,635,17679,26.0
777,636,17691,12.0
777,637,17703,12.0
777,638,17732,29.0
777,639,17744,12.0
777,640,17758,14.0
777,641,17790,32.0
777,642,17844,54.0
777,643,17865,21.0
777,644,17906,41.0
777,645,18025,119.0
777,646,18044,19.0
777,647,18100,56.0
777,648,18122,22.0
777,649,18136,14.0
777,650,18161,25.0
777,651,18200,39.0
777,652,18235,35.0
777,653,18247,12.0
777,654,18267,20.0
777,655,18286,19.0
777,656,18325,39.0
777,657,18353,28.0
777,658,18370,17.0
777,659,18411,41.0
777,660,18426,15.0
777,661,18457,31.0
777,662,18502,45.0
777,663,18519,17.0
777,664,18608,89.0
777,665,18700,92.0
777,666,18733,33.0
777,667,18805,72.0
777,668,18829,24.0
777,669,18867,38.0
777,670,18905,38.0
777,671,18927,22.0
777,672,18956,29.0
777,673,18973,17.0
777,674,19020,47.0
777,675,19105,85.0
777,676,19130,25.0
777,677,19146,16.0
777,678,19186,40.0
777,679,19260,74.0
777,680,19313,53.0
777,681,19386,73.0
777,682,19408,22.0
777,683,19455,47.0
777,684,19473,18.0
777,685,19553,80.0
777,686,19582,29.0
777,687,19649,67.0
777,688,19671,22.0
777,689,19683,12.0
777,690,19717,34.0
777,691,19784,67.0
777,692,19853,69.0
777,693,19874,21.0
777,694,19890,16.0
777,695,19920,30.0
777,696,19962,42.0
777,697,19994,32.0
777,698,20047,53.0
777,699,20065,18.0
777,700,20119,54.0
777,701,20158,39.0
777,702,20204,46.0
777,703,20267,63.0
777,704,20276,9.0
777,705,20315,39.0
777,706,20384,69.0
777,707,20499,115.0
777,708,20540,41.0
777,709,20586,46.0
777,710,20701,115.0
777,711,20839,138.0
777,712,20877,38.0
777,713,20976,99.0
777,714,21020,44.0
777,715,21062,42.0
777,716,21097,35.0
777,717,21137,40.0
777,718,21154,17.0
777,719,21208,54.0
777,720,21240,32.0
777,721,21255,15.0
777,722,21270,15.0
777,723,21302,32.0
777,724,21347,45.0
777,725,21406,59.0
777,726,21509,103.0
777,727,21551,42.0
777,728,21598,47.0
777,729,21623,25.0
777,730,21645,22.0
777,731,21701,56.0
777,732,21764,63.0
777,733,21776,12.0
777,734,21792,16.0
777,735,21820,28.0
777,736,21899,79.0
777,737,21947,48.0
777,738,22029,82.0
777,739,22109,80.0
777,740,22241,132.0
777,741,22312,71.0
777,742,22403,91.0
777,743,22453,50.0
777,744,22617,164.0
777,745,22642,25.0
777,746,22679,37.0
777,747,22772,93.0
777,748,22802,30.0
777,749,22827,25.0
777,750,22899,72.0
777,751,22923,24.0
777,752,22970,47.0
777,753,23091,121.0
777,754,23137,46.0
777,755,23256,119.0
777,756,23319,63.0
777,757,23332,13.0
777,758,23462,130.0
777,759,23507,45.0
777,760,23586,79.0
777,761,23618,32.0
777,762,23636,18.0
777,763,23683,47.0
777,764,23782,99.0
777,765,23833,51.0
777,766,23852,19.0
777,767,23932,80.0
777,768,23948,16.0
777,769,23982,34.0
777,770,24006,24.0
777,771,24018,12.0
777,772,24047,29.0
777,773,24071,24.0
777,774,24091,20.0
777,775,24234,143.0
777,776,24262,28.0
777,777,24288,26.0
777,778,24348,60.0
777,779,24382,34.0
777,780,24493,111.0
777,781,24569,76.0
777,782,24607,38.0
777,783,24720,113.0
777,784,24752,32.0
777,785,24825,73.0
777,786,24851,26.0
777,787,24907,56.0
777,788,24945,38.0
777,789,24967,22.0
777,790,25023,56.0
777,791,25136,113.0
777,792,25177,41.0
777,793,25208,31.0
777,794,25230,22.0
777,795,25261,31.0
777,796,25357,96.0
777,797,25393,36.0
777,798,25414,21.0
777,799,25494,80.0
777,800,25519,25.0
777,801,25563,44.0
777,802,25588,25.0
777,803,25643,55.0
777,804,25696,53.0
777,805,25844,148.0
777,806,25872,28.0
777,807,25899,27.0
777,808,25910,11.0
777,809,25928,18.0
777,810,25940,12.0
777,811,25969,29.0
777,812,26013,44.0
777,813,26044,31.0
777,814,26075,31.0
777,815,26095,20.0
777,816,26114,19.0
777,817,26218,104.0
777,818,26231,13.0
777,819,26274,43.0
777,820,26309,35.0
777,821,26321,12.0
777,822,26374,53.0
777,823,26389,15.0
777,824,26538,149.0
777,825,26611,73.0
777,826,26702,91.0
777,827,26718,16.0
777,828,26792,74.0
777,829,26893,101.0
777,830,26975,82.0
777,831,27024,49.0
777,832,27044,20.0
777,833,27061,17.0
777,834,27081,20.0
777,835,27129,48.0
777,836,27193,64.0
777,837,27275,82.0
777,838,27304,29.0
777,839,27348,44.0
777,840,27382,34.0
777,841,27483,101.0
777,842,27530,47.0
777,843,27551,21.0
777,844,27593,42.0
777,845,27630,37.0
777,846,27647,17.0
777,847,27684,37.0
777,848,27695,11.0
777,849,27810,115.0
777,850,27928,118.0
777,851,27967,39.0
777,852,28020,53.0
777,853,28035,15.0
777,854,28110,75.0
777,855,28143,33.0
777,856,28187,44.0
777,857,28308,121.0
777,858,28370,62.0
777,859,28415,45.0
777,860,28434,19.0
777,861,28472,38.0
777,862,28489,17.0
777,863,28537,48.0
777,864,28652,115.0
777,865,28718,66.0
777,866,28756,38.0
777,867,28835,79.0
777,868,28894,59.0
777,869,29006,112.0
777,870,29041,35.0
777,871,29063,22.0
777,872,29084,21.0
777,873,29190,106.0
777,874,29241,51.0
777,875,29270,29.0
777,876,29286,16.0
777,877,29308,22.0
777,878,29327,19.0
777,879,29339,12.0
777,880,29435,96.0
777,881,29446,11.0
777,882,29463,17.0
777,883,29493,30.0
777,884,29613,120.0
777,885,29628,15.0
777,886,29663,35.0
777,887,29704,41.0
777,888,29785,81.0
777,889,29849,64.0
777,890,29860,11.0
777,891,29934,74.0
777,892,30026,92.0
777,893,30078,52.0
777,894,30122,44.0
777,895,30137,15.0
777,896,30172,35.0
777,897,30260,88.0
777,898,30332,72.0
777,899,30393,61.0
777,900,30420,27.0
777,901,30590,170.0
777,902,30622,32.0
777,903,30693,71.0
777,904,30790,97.0
777,905,30858,68.0
777,906,30932,74.0
777,907,30979,47.0
777,908,31050,71.0
777,909,31061,11.0
777,910,31150,89.0
777,911,31230,80.0
777,912,31260,30.0
777,913,31274,14.0
777,914,31301,27.0
777,915,31440,139.0
777,916,31476,36.0
777,917,31492,16.0
777,918,31613,121.0
777,919,31658,45.0
777,920,31738,80.0
777,921,31828,90.0
777,922,31848,20.0
777,923,31958,110.0
777,924,32024,66.0
777,925,32040,16.0
777,926,32070,30.0
777,927,32186,116.0
777,928,32219,33.0
777,929,32373,154.0
777,930,32422,49.0
777,931,32565,143.0
777,932,32597,32.0
777,933,32665,68.0
777,934,32692,27.0
777,935,32792,100.0
777,936,32812,20.0
777,937,32980,168.0
777,938,33082,102.0
777,939,33134,52.0
777,940,33177,43.0
777,941,33297,120.0
777,942,33384,87.0
777,943,33437,53.0
777,944,33478,41.0
777,945,33545,67.0
777,946,33585,40.0
777,947,33699,114.0
777,948,33833,134.0
777,949,33869,36.0
777,950,33950,81.0
777,951,34044,94.0
777,952,34113,69.0
777,953,34148,35.0
777,954,34164,16.0
777,955,34215,51.0
777,956,34301,86.0
777,957,34463,162.0
777,958,34590,127.0
777,959,34604,14.0
777,960,34675,71.0
777,961,34769,94.0
777,962,34810,41.0
777,963,34903,93.0
777,964,34978,75.0
777,965,35035,57.0
777,966,35201,166.0
777,967,35289,88.0
777,968,35315,26.0
777,969,35477,162.0
777,970,35528,51.0
777,971,35626,98.0
777,972,35703,77.0
777,973,35854,151.0
777,974,35980,126.0
777,975,36041,61.0
777,976,36092,51.0
777,977,36104,12.0
777,978,36233,129.0
777,979,36324,91.0
777,980,36453,129.0
777,981,36583,130.0
777,982,36720,137.0
777,983,36822,102.0
777,984,36880,58.0
777,985,37007,127.0
777,986,37070,63.0
777,987,37184,114.0
777,988,37219,35.0
777,989,37370,151.0
777,990,37424,54.0
777,991,37466,42.0
777,992,37601,135.0
777,993,37727,126.0
777,994,37892,165.0
777,995,37966,74.0
777,996,38098,132.0
777,997,38179,81.0
777,998,38228,49.0
777,999,38241,13.0
777,1000,38269,28.0
777,1001,38428,159.0
777,1002,38521,93.0
777,1003,38640,119.0
777,1004,38704,64.0
777,1005,38804,100.0
777,1006,38835,31.0
777,1007,38847,12.0
777,1008,38902,55.0
777,1009,39019,117.0
777,1010,39121,102.0
777,1011,39200,79.0
777,1012,39297,97.0
777,1013,39326,29.0
777,1014,39348,22.0
777,1015,39408,60.0
777,1016,39487,79.0
777,1017,39513,26.0
777,1018,39611,98.0
777,1019,39662,51.0
777,1020,39706,44.0
777,1021,39849,143.0
777,1022,39901,52.0
777,1023,40016,115.0
777,1024,40091,75.0
777,1025,40276,185.0
777,1026,40426,150.0
777,1027,40491,65.0
777,1028,40646,155.0
777,1029,40702,56.0
777,1030,40815,113.0
777,1031,40932,117.0
777,1032,41077,145.0
777,1033,41211,134.0
777,1034,41330,119.0
777,1035,41414,84.0
777,1036,41500,86.0
777,1037,41677,177.0
777,1038,41823,146.0
777,1039,41910,87.0
777,1040,41968,58.0
777,1041,42077,109.0
777,1042,42274,197.0
777,1043,42318,44.0
777,1044,42336,18.0
777,1045,42372,36.0
777,1046,42412,40.0
777,1047,42465,53.0
777,1048,42545,80.0
777,1049,42591,46.0
777,1050,42712,121.0
777,1051,42796,84.0
777,1052,42883,87.0
777,1053,42935,52.0
777,1054,43085,150.0
777,1055,43178,93.0
777,1056,43297,119.0
777,1057,43360,63.0
777,1058,43437,77.0
777,1059,43546,109.0
777,1060,43570,24.0
777,1061,43647,77.0
777,1062,43765,118.0
777,1063,43870,105.0
777,1064,44039,169.0
777,1065,44093,54.0
777,1066,44111,18.0
777,1067,44251,140.0
777,1068,44305,54.0
777,1069,44341,36.0
777,1070,44373,32.0
777,1071,44391,18.0
777,1072,44438,47.0
777,1073,44487,49.0
777,1074,44508,21.0
777,1075,44632,124.0
777,1076,44643,11.0
777,1077,44701,58.0
777,1078,44740,39.0
777,1079,44855,115.0
777,1080,44964,109.0
777,1081,44984,20.0
777,1082,45025,41.0
777,1083,45037,12.0
777,1084,45081,44.0
777,1085,45148,67.0
777,1086,45168,20.0
777,1087,45221,53.0
777,1088,45264,43.0
777,1089,45339,75.0
777,1090,45350,11.0
777,1091,45460,110.0
777,1092,45519,59.0
777,1093,45552,33.0
777,1094,45567,15.0
777,1095,45578,11.0
777,1096,45620,42.0
777,1097,45651,31.0
777,1098,45668,17.0
777,1099,45720,52.0
777,1100,45749,29.0
777,1101,45759,10.0
777,1102,45891,132.0
777,1103,45930,39.0
777,1104,46070,140.0
777,1105,46082,12.0
777,1106,46251,169.0
777,1107,46366,115.0
777,1108,46428,62.0
777,1109,46439,11.0
777,1110,46589,150.0
777,1111,46686,97.0
777,1112,46806,120.0
777,1113,46847,41.0
777,1114,46860,13.0
777,1115,46873,13.0
777,1116,46949,76.0
777,1117,47032,83.0
777,1118,47124,92.0
777,1119,47224,100.0
777,1120,47246,22.0
777,1121,47292,46.0
777,1122,47327,35.0
777,1123,47411,84.0
777,1124,47524,113.0
777,1125,47588,64.0
777,1126,47612,24.0
777,1127,47790,178.0
777,1128,47945,155.0
777,1129,47980,35.0
777,1130,47991,11.0
777,1131,48063,72.0
777,1132,48289,226.0
777,1133,48398,109.0
777,1134,48566,168.0
777,1135,48698,132.0
777,1136,48851,153.0
777,1137,48912,61.0
777,1138,49033,121.0
777,1139,49161,128.0
777,1140,49274,113.0
777,1141,49326,52.0
777,1142,49436,110.0
777,1143,49476,40.0
777,1144,49525,49.0
777,1145,49653,128.0
777,1146,49753,100.0
777,1147,49776,23.0
777,1148,49870,94.0
777,1149,49979,109.0
777,1150,50098,119.0
777,1151,50178,80.0
777,1152,50276,98.0
777,1153,50289,13.0
777,1154,50302,13.0
777,1155,50444,142.0
777,1156,50465,21.0
777,1157,50607,142.0
777,1158,50746,139.0
777,1159,50864,118.0
777,1160,50883,19.0
777,1161,50945,62.0
777,1162,50954,9.0
777,1163,50970,16.0
777,1164,51085,115.0
777,1165,51289,204.0
777,1166,51338,49.0
777,1167,51472,134.0
777,1168,51509,37.0
777,1169,51639,130.0
777,1170,51663,24.0
777,1171,51742,79.0
777,1172,51853,111.0
777,1173,51892,39.0
777,1174,51920,28.0
777,1175,52065,145.0
777,1176,52124,59.0
777,1177,52295,171.0
777,1178,52346,51.0
777,1179,52426,80.0
777,1180,52483,57.0
777,1181,52506,23.0
777,1182,52624,118.0
777,1183,52797,173.0
777,1184,52809,12.0
777,1185,52832,23.0
777,1186,52861,29.0
777,1187,52912,51.0
777,1188,53010,98.0
777,1189,53045,35.0
777,1190,53149,104.0
777,1191,53203,54.0
777,1192,53269,66.0
777,1193,53360,91.0
777,1194,53598,238.0
777,1195,53625,27.0
777,1196,53643,18.0
777,1197,53684,41.0
777,1198,53840,156.0
777,1199,53951,111.0
777,1200,54000,49.0
777,1201,54193,193.0
777,1202,54334,141.0
777,1203,54424,90.0
777,1204,54587,163.0
777,1205,54677,90.0
777,1206,54782,105.0
777,1207,54930,148.0
777,1208,55100,170.0
777,1209,55237,137.0
777,1210,55328,91.0
777,1211,55385,57.0
777,1212,55554,169.0
777,1213,55768,214.0
777,1214,55907,139.0
777,1215,55963,56.0
777,1216,56136,173.0
777,1217,56159,23.0
777,1218,56263,104.0
777,1219,56393,130.0
777,1220,56530,137.0
777,1221,56631,101.0
777,1222,56701,70.0
777,1223,56721,20.0
777,1224,56889,168.0
777,1225,57053,164.0
777,1226,57096,43.0
777,1227,57199,103.0
777,1228,57270,71.0
777,1229,57443,173.0
777,1230,57575,132.0
777,1231,57762,187.0
777,1232,57789,27.0
777,1233,57823,34.0
777,1234,57906,83.0
777,1235,57939,33.0
777,1236,58022,83.0
777,1237,58237,215.0
777,1238,58417,180.0
777,1239,58552,135.0
777,1240,58747,195.0
777,1241,58881,134.0
777,1242,58958,77.0
777,1243,59053,95.0
777,1244,59366,313.0
777,1245,59438,72.0
777,1246,59522,84.0
777,1247,59651,129.0
777,1248,59833,182.0
777,1249,59891,58.0
777,1250,59947,56.0
777,1251,60098,151.0
777,1252,60136,38.0
777,1253,60187,51.0
777,1254,60233,46.0
777,1255,60266,33.0
777,1256,60309,43.0
777,1257,60424,115.0
777,1258,60477,53.0
777,1259,60550,73.0
777,1260,60757,207.0
777,1261,60816,59.0
777,1262,61006,190.0
777,1263,61338,332.0
777,1264,61476,138.0
777,1265,61581,105.0
777,1266,61783,202.0
777,1267,61961,178.0
777,1268,62057,96.0
777,1269,62085,28.0
777,1270,62121,36.0
777,1271,62195,74.0
777,1272,62378,183.0
777,1273,62404,26.0
777,1274,62546,142.0
777,1275,62599,53.0
777,1276,62729,130.0
777,1277,62811,82.0
777,1278,63037,226.0
777,1279,63274,237.0
777,1280,63503,229.0
777,1281,63660,157.0
777,1282,63787,127.0
777,1283,63969,182.0
777,1284,64080,111.0
777,1285,64243,163.0
777,1286,64255,12.0
777,1287,64366,111.0
777,1288,64546,180.0
777,1289,64796,250.0
777,1290,65094,298.0
777,1291,65277,183.0
777,1292,65388,111.0
777,1293,65515,127.0
777,1294,65601,86.0
777,1295,65756,155.0
777,1296,65780,24.0
777,1297,65899,119.0
777,1298,66036,137.0
777,1299,66118,82.0
777,1300,66222,104.0
777,1301,66329,107.0
777,1302,66435,106.0
777,1303,66557,122.0
777,1304,66698,141.0
777,1305,66723,25.0
777,1306,66859,136.0
777,1307,66988,129.0
777,1308,67161,173.0
777,1309,67237,76.0
777,1310,67320,83.0
777,1311,67524,204.0
777,1312,67567,43.0
777,1313,67626,59.0
777,1314,67734,108.0
777,1315,67870,136.0
777,1316,68059,189.0
777,1317,68144,85.0
777,1318,68161,17.0
777,1319,68302,141.0
777,1320,68338,36.0
777,1321,68451,113.0
777,1322,68527,76.0
777,1323,68570,43.0
777,1324,68629,59.0
777,1325,68690,61.0
777,1326,68916,226.0
777,1327,69122,206.0
777,1328,69294,172.0
777,1329,69378,84.0
777,1330,69579,201.0
777,1331,69624,45.0
777,1332,69860,236.0
777,1333,69977,117.0
777,1334,70198,221.0
777,1335,70259,61.0
777,1336,70322,63.0
777,1337,70354,32.0
777,1338,70417,63.0
777,1339,70464,47.0
777,1340,70511,47.0
777,1341,70559,48.0
777,1342,70627,68.0
777,1343,70664,37.0
777,1344,70807,143.0
777,1345,70842,35.0
777,1346,70856,14.0
777,1347,70926,70.0
777,1348,70967,41.0
777,1349,70983,16.0
777,1350,71040,57.0
777,1351,71093,53.0
777,1352,71179,86.0
777,1353,71251,72.0
777,1354,71262,11.0
777,1355,71327,65.0
777,1356,71461,134.0
777,1357,71584,123.0
777,1358,71815,231.0
777,1359,71988,173.0
777,1360,72100,112.0
777,1361,72243,143.0
777,1362,72422,179.0
777,1363,72545,123.0
777,1364,72956,411.0
777,1365,73456,500.0
777,1366,73574,118.0
777,1367,73651,77.0
777,1368,73930,279.0
777,1369,73997,67.0
777,1370,74093,96.0
777,1371,74160,67.0
777,1372,74244,84.0
777,1373,74453,209.0
777,1374,74516,63.0
777,1375,74616,100.0
777,1376,74629,13.0
777,1377,74797,168.0
777,1378,74889,92.0
777,1379,75078,189.0
777,1380,75307,229.0
777,1381,75368,61.0
777,1382,75489,121.0
777,1383,75592,103.0
777,1384,75643,51.0
777,1385,75684,41.0
777,1386,75892,208.0
777,1387,76014,122.0
777,1388,76117,103.0
777,1389,76236,119.0
777,1390,76403,167.0
777,1391,76750,347.0
777,1392,76841,91.0
777,1393,76856,15.0
777,1394,76902,46.0
777,1395,76973,71.0
777,1396,77060,87.0
777,1397,77153,93.0
777,1398,77318,165.0
777,1399,77493,175.0
777,1400,77738,245.0
777,1401,77923,185.0
777,1402,78204,281.0
777,1403,78237,33.0
777,1404,78267,30.0
777,1405,78403,136.0
777,1406,78589,186.0
777,1407,78864,275.0
777,1408,78879,15.0
777,1409,79037,158.0
777,1410,79174,137.0
777,1411,79390,216.0
777,1412,79549,159.0
777,1413,79599,50.0
777,1414,79614,15.0
777,1415,79842,228.0
777,1416,79927,85.0
777,1417,80148,221.0
777,1418,80204,56.0
777,1419,80470,266.0
777,1420,80612,142.0
777,1421,80631,19.0
777,1422,80690,59.0
777,1423,81019,329.0
777,1424,81275,256.0
777,1425,81418,143.0
777,1426,81655,237.0
777,1427,81872,217.0
777,1428,81929,57.0
777,1429,82114,185.0
777,1430,82217,103.0
777,1431,82392,175.0
777,1432,82728,336.0
777,1433,82860,132.0
777,1434,82880,20.0
777,1435,82910,30.0
777,1436,83024,114.0
777,1437,83074,50.0
777,1438,83240,166.0
777,1439,83251,11.0
777,1440,83454,203.0
777,1441,83672,218.0
777,1442,83849,177.0
777,1443,84253,404.0
777,1444,84431,178.0
777,1445,84571,140.0
777,1446,84619,48.0
777,1447,84793,174.0
777,1448,85057,264.0
777,1449,85186,129.0
777,1450,85307,121.0
777,1451,85431,124.0
777,1452,85666,235.0
777,1453,85692,26.0
777,1454,85866,174.0
777,1455,86048,182.0
777,1456,86073,25.0
777,1457,86174,101.0
777,1458,86324,150.0
777,1459,86455,131.0
777,1460,86468,13.0
777,1461,86591,123.0
777,1462,86772,181.0
777,1463,86932,160.0
777,1464,87075,143.0
777,1465,87123,48.0
777,1466,87307,184.0
777,1467,87375,68.0
777,1468,87397,22.0
777,1469,87438,41.0
777,1470,87467,29.0
777,1471,87488,21.0
777,1472,87820,332.0
777,1473,87995,175.0
777,1474,88113,118.0
777,1475,88412,299.0
777,1476,88587,175.0
777,1477,88742,155.0
777,1478,88854,112.0
777,1479,88992,138.0
777,1480,89118,126.0
777,1481,89176,58.0
777,1482,89394,218.0
777,1483,89559,165.0
777,1484,89693,134.0
777,1485,89754,61.0
777,1486,89957,203.0
777,1487,90132,175.0
777,1488,90212,80.0
777,1489,90350,138.0
777,1490,90549,199.0
777,1491,90731,182.0
777,1492,90944,213.0
777,1493,91029,85.0
777,1494,91105,76.0
777,1495,91136,31.0
777,1496,91314,178.0
777,1497,91359,45.0
777,1498,91407,48.0
777,1499,91553,146.0
777,1500,91741,188.0
777,1501,91948,207.0
777,1502,92095,147.0
777,1503,92306,211.0
777,1504,92453,147.0
777,1505,92628,175.0
777,1506,92817,189.0
777,1507,92871,54.0
777,1508,93091,220.0
777,1509,93276,185.0
777,1510,93548,272.0
777,1511,93670,122.0
777,1512,93833,163.0
777,1513,94085,252.0
777,1514,94217,132.0
777,1515,94250,33.0
777,1516,94509,259.0
777,1517,94671,162.0
777,1518,94772,101.0
777,1519,94958,186.0
777,1520,95091,133.0
777,1521,95239,148.0
777,1522,95351,112.0
777,1523,95504,153.0
777,1524,95680,176.0
777,1525,95888,208.0
777,1526,96095,207.0
777,1527,96250,155.0
777,1528,96449,199.0
777,1529,96685,236.0
777,1530,96890,205.0
777,1531,97134,244.0
777,1532,97330,196.0
777,1533,97467,137.0
777,1534,97605,138.0
777,1535,97779,174.0
777,1536,97942,163.0
777,1537,98212,270.0
777,1538,98361,149.0
777,1539,98588,227.0
777,1540,98742,154.0
777,1541,98889,147.0
777,1542,99126,237.0
777,1543,99287,161.0
777,1544,99435,148.0
777,1545,99568,133.0
777,1546,99700,132.0
777,1547,99804,104.0
777,1548,99924,120.0
777,1549,100056,132.0
777,1550,100103,47.0
777,1551,100324,221.0
777,1552,100438,114.0
777,1553,100449,11.0
777,1554,100646,197.0
777,1555,100661,15.0
777,1556,100801,140.0
777,1557,100812,11.0
777,1558,100823,11.0
777,1559,100932,109.0
777,1560,101070,138.0
777,1561,101257,187.0
777,1562,101353,96.0
777,1563,101552,199.0
777,1564,101756,204.0
777,1565,102008,252.0
777,1566,102174,166.0
777,1567,102269,95.0
777,1568,102410,141.0
777,1569,102529,119.0
777,1570,102727,198.0
777,1571,102911,184.0
777,1572,103103,192.0
777,1573,103163,60.0
777,1574,103518,355.0
777,1575,103868,350.0
777,1576,104028,160.0
777,1577,104118,90.0
777,1578,104394,276.0
777,1579,104507,113.0
777,1580,104738,231.0
777,1581,104775,37.0
777,1582,104857,82.0
777,1583,104877,20.0
777,1584,104947,70.0
777,1585,105231,284.0
777,1586,105420,189.0
777,1587,105604,184.0
777,1588,105659,55.0
777,1589,105699,40.0
777,1590,105978,279.0
777,1591,106069,91.0
777,1592,106145,76.0
777,1593,106320,175.0
777,1594,106476,156.0
777,1595,106738,262.0
777,1596,106809,71.0
777,1597,106865,56.0
777,1598,106960,95.0
777,1599,107181,221.0
777,1600,107346,165.0
777,1601,107593,247.0
777,1602,107710,117.0
777,1603,107753,43.0
777,1604,107811,58.0
777,1605,107917,106.0
777,1606,108023,106.0
777,1607,108165,142.0
777,1608,108191,26.0
777,1609,108354,163.0
777,1610,108627,273.0
777,1611,108781,154.0
777,1612,108939,158.0
777,1613,109173,234.0
777,1614,109295,122.0
777,1615,109306,11.0
777,1616,109435,129.0
777,1617,109513,78.0
777,1618,109628,115.0
777,1619,109764,136.0
777,1620,109951,187.0
777,1621,110025,74.0
777,1622,110117,92.0
777,1623,110233,116.0
777,1624,110413,180.0
777,1625,110908,495.0
777,1626,111180,272.0
777,1627,111402,222.0
777,1628,111422,20.0
777,1629,111627,205.0
777,1630,111698,71.0
777,1631,111734,36.0
777,1632,111974,240.0
777,1633,112154,180.0
777,1634,112167,13.0
777,1635,112305,138.0
777,1636,112690,385.0
777,1637,112880,190.0
777,1638,113133,253.0
777,1639,113262,129.0
777,1640,113484,222.0
777,1641,113716,232.0
777,1642,113976,260.0
777,1643,114107,131.0
777,1644,114236,129.0
777,1645,114539,303.0
777,1646,114742,203.0
777,1647,115171,429.0
777,1648,115514,343.0
777,1649,115832,318.0
777,1650,116144,312.0
777,1651,116331,187.0
777,1652,116502,171.0
777,1653,116515,13.0
777,1654,116638,123.0
777,1655,116881,243.0
777,1656,117047,166.0
777,1657,117137,90.0
777,1658,117229,92.0
777,1659,117492,263.0
777,1660,117599,107.0
777,1661,117844,245.0
777,1662,118093,249.0
777,1663,118302,209.0
777,1664,118412,110.0
777,1665,118557,145.0
777,1666,118728,171.0
777,1667,118885,157.0
777,1668,118896,11.0
777,1669,119052,156.0
777,1670,119169,117.0
777,1671,119402,233.0
777,1672,119534,132.0
777,1673,119786,252.0
777,1674,119918,132.0
777,1675,120083,165.0
777,1676,120246,163.0
777,1677,120432,186.0
777,1678,120593,161.0
777,1679,120756,163.0
777,1680,120774,18.0
777,1681,120913,139.0
777,1682,121174,261.0
777,1683,121304,130.0
777,1684,121454,150.0
777,1685,121594,140.0
777,1686,121780,186.0
777,1687,121936,156.0
777,1688,122176,240.0
777,1689,122196,20.0
777,1690,122244,48.0
777,1691,122373,129.0
777,1692,122512,139.0
777,1693,122773,261.0
777,1694,122987,214.0
777,1695,123215,228.0
777,1696,123304,89.0
777,1697,123448,144.0
777,1698,123652,204.0
777,1699,123701,49.0
777,1700,123893,192.0
777,1701,124146,253.0
777,1702,124333,187.0
777,1703,124465,132.0
777,1704,124617,152.0
777,1705,124780,163.0
777,1706,124973,193.0
777,1707,125088,115.0
777,1708,125213,125.0
777,1709,125397,184.0
777,1710,125595,198.0
777,1711,125736,141.0
777,1712,125881,145.0
777,1713,126008,127.0
777,1714,126230,222.0
777,1715,126485,255.0
777,1716,126557,72.0
777,1717,126660,103.0
777,1718,126998,338.0
777,1719,127240,242.0
777,1720,127667,427.0
777,1721,127792,125.0
777,1722,127926,134.0
777,1723,128136,210.0
777,1724,128276,140.0
777,1725,128393,117.0
777,1726,128548,155.0
777,1727,128764,216.0
777,1728,129044,280.0
777,1729,129279,235.0
777,1730,129468,189.0
777,1731,129601,133.0
777,1732,129773,172.0
777,1733,129940,167.0
777,1734,130074,134.0
777,1735,130574,500.0
777,1736,130708,134.0
777,1737,130893,185.0
777,1738,131293,400.0
777,1739,131410,117.0
777,1740,131539,129.0
777,1741,131789,250.0
777,1742,132064,275.0
777,1743,132183,119.0
777,1744,132312,129.0
777,1745,132812,500.0
777,1746,133014,202.0
777,1747,133147,133.0
777,1748,133314,167.0
777,1749,133514,200.0
777,1750,133581,67.0
777,1751,133656,75.0
777,1752,133765,109.0
777,1753,133875,110.0
777,1754,133968,93.0
777,1755,134079,111.0
777,1756,134212,133.0
777,1757,134379,167.0
777,1758,134538,159.0
777,1759,134774,236.0
777,1760,134973,199.0
777,1761,135104,131.0
777,1762,135154,50.0
777,1763,135313,159.0
777,1764,135478,165.0
777,1765,135639,161.0
777,1766,135861,222.0
777,1767,136112,251.0
777,1768,136362,250.0
777,1769,136623,261.0
777,1770,136915,292.0
777,1771,137122,207.0
777,1772,137287,165.0
777,1773,137521,234.0
777,1774,137690,169.0
777,1775,137874,184.0
777,1776,138011,137.0
777,1777,138245,234.0
777,1778,138309,64.0
777,1779,138393,84.0
777,1780,138595,202.0
777,1781,138809,214.0
777,1782,138905,96.0
777,1783,139066,161.0
777,1784,139216,150.0
777,1785,139614,398.0
777,1786,139704,90.0
777,1787,139909,205.0
777,1788,140184,275.0
777,1789,140412,228.0
777,1790,140640,228.0
777,1791,140766,126.0
777,1792,140986,220.0
777,1793,141117,131.0
777,1794,141353,236.0
777,1795,141619,266.0
777,1796,141914,295.0
777,1797,142055,141.0
777,1798,142203,148.0
777,1799,142428,225.0
777,1800,142654,226.0
777,1801,142907,253.0
777,1802,143097,190.0
777,1803,143194,97.0
777,1804,143372,178.0
777,1805,143626,254.0
777,1806,143829,203.0
777,1807,144052,223.0
777,1808,144140,88.0
777,1809,144237,97.0
777,1810,144249,12.0
777,1811,144420,171.0
777,1812,144632,212.0
777,1813,144726,94.0
777,1814,144977,251.0
777,1815,145343,366.0
777,1816,145565,222.0
777,1817,145844,279.0
777,1818,146104,260.0
777,1819,146116,12.0
777,1820,146412,296.0
777,1821,146429,17.0
777,1822,146442,13.0
777,1823,146632,190.0
777,1824,146979,347.0
777,1825,147165,186.0
777,1826,147355,190.0
777,1827,147493,138.0
777,1828,147585,92.0
777,1829,147668,83.0
777,1830,147794,126.0
777,1831,147924,130.0
777,1832,148136,212.0
777,1833,148232,96.0
777,1834,148383,151.0
777,1835,148510,127.0
777,1836,148750,240.0
777,1837,148873,123.0
777,1838,148969,96.0
777,1839,149170,201.0
777,1840,149345,175.0
777,1841,149416,71.0
777,1842,149528,112.0
777,1843,149877,349.0
777,1844,150105,228.0
777,1845,150292,187.0
777,1846,150307,15.0
777,1847,150385,78.0
777,1848,150518,133.0
777,1849,150598,80.0
777,1850,150675,77.0
777,1851,150778,103.0
777,1852,150977,199.0
777,1853,151060,83.0
777,1854,151207,147.0
777,1855,151449,242.0
777,1856,151651,202.0
777,1857,151973,322.0
777,1858,152035,62.0
777,1859,152285,250.0
777,1860,152555,270.0
777,1861,152774,219.0
777,1862,153051,277.0
777,1863,153216,165.0
777,1864,153325,109.0
777,1865,153431,106.0
777,1866,153484,53.0
777,1867,153594,110.0
777,1868,153838,244.0
777,1869,154338,500.0
777,1870,154763,425.0
777,1871,154978,215.0
777,1872,155093,115.0
777,1873,155357,264.0
777,1874,155567,210.0
777,1875,155691,124.0
777,1876,155906,215.0
777,1877,156053,147.0
777,1878,156553,500.0
777,1879,157021,468.0
777,1880,157265,244.0
777,1881,157449,184.0
777,1882,157673,224.0
777,1883,157812,139.0
777,1884,157964,152.0
777,1885,158106,142.0
777,1886,158169,63.0
777,1887,158463,294.0
777,1888,158680,217.0
777,1889,158762,82.0
777,1890,158982,220.0
777,1891,159075,93.0
777,1892,159157,82.0
777,1893,159327,170.0
777,1894,159340,13.0
777,1895,159473,133.0
777,1896,159497,24.0
777,1897,159585,88.0
777,1898,159761,176.0
777,1899,159835,74.0
777,1900,159964,129.0
777,1901,160114,150.0
777,1902,160614,500.0
777,1903,160871,257.0
777,1904,161258,387.0
777,1905,161374,116.0
777,1906,161529,155.0
777,1907,161932,403.0
777,1908,162116,184.0
777,1909,162391,275.0
777,1910,162546,155.0
777,1911,162646,100.0
777,1912,163086,440.0
777,1913,163325,239.0
777,1914,163507,182.0
777,1915,163650,143.0
777,1916,163664,14.0
777,1917,163768,104.0
777,1918,163967,199.0
777,1919,164041,74.0
777,1920,164096,55.0
777,1921,164485,389.0
777,1922,164667,182.0
777,1923,164972,305.0
777,1924,165400,428.0
777,1925,165551,151.0
777,1926,165758,207.0
777,1927,165928,170.0
777,1928,166074,146.0
777,1929,166204,130.0
777,1930,166298,94.0
777,1931,166446,148.0
777,1932,166627,181.0
777,1933,167127,500.0
777,1934,167277,150.0
777,1935,167409,132.0
777,1936,167476,67.0
777,1937,167540,64.0
777,1938,167716,176.0
777,1939,168095,379.0
777,1940,168300,205.0
777,1941,168427,127.0
777,1942,168766,339.0
777,1943,168954,188.0
777,1944,169239,285.0
777,1945,169528,289.0
777,1946,169916,388.0
777,1947,170292,376.0
777,1948,170478,186.0
777,1949,170721,243.0
777,1950,170862,141.0
777,1951,170965,103.0
777,1952,171308,343.0
777,1953,171456,148.0
777,1954,171695,239.0
777,1955,172069,374.0
777,1956,172214,145.0
777,1957,172431,217.0
777,1958,172904,473.0
777,1959,172920,16.0
777,1960,173006,86.0
777,1961,173506,500.0
777,1962,173915,409.0
777,1963,174120,205.0
777,1964,174328,208.0
777,1965,174384,56.0
777,1966,174786,402.0
777,1967,174804,18.0
777,1968,174997,193.0
777,1969,175119,122.0
777,1970,175132,13.0
777,1971,175148,16.0
777,1972,175208,60.0
777,1973,175708,500.0
777,1974,175956,248.0
777,1975,176222,266.0
777,1976,176531,309.0
777,1977,176632,101.0
777,1978,176763,131.0
777,1979,177059,296.0
777,1980,177214,155.0
777,1981,177368,154.0
777,1982,177505,137.0
777,1983,177700,195.0
777,1984,177805,105.0
777,1985,177986,181.0
777,1986,178117,131.0
777,1987,178160,43.0
777,1988,178291,131.0
777,1989,178791,500.0
777,1990,179138,347.0
777,1991,179583,445.0
777,1992,180083,500.0
777,1993,180554,471.0
777,1994,180908,354.0
777,1995,180966,58.0
777,1996,181217,251.0
777,1997,181290,73.0
777,1998,181618,328.0
777,1999,181904,286.0
777,2000,182212,308.0
