seed,episode,total_steps,return
123,1,19,19.0
123,2,34,15.0
123,3,64,30.0
123,4,100,36.0
123,5,137,37.0
123,6,168,31.0
123,7,190,22.0
123,8,227,37.0
123,9,255,28.0
123,10,274,19.0
123,11,297,23.0
123,12,309,12.0
123,13,332,23.0
123,14,344,12.0
123,15,361,17.0
123,16,401,40.0
123,17,418,17.0
123,18,445,27.0
123,19,464,19.0
123,20,490,26.0
123,21,524,34.0
123,22,544,20.0
123,23,553,9.0
123,24,575,22.0
123,25,604,29.0
123,26,625,21.0
123,27,677,52.0
123,28,688,11.0
123,29,703,15.0
123,30,721,18.0
123,31,737,16.0
123,32,751,14.0
123,33,773,22.0
123,34,787,14.0
123,35,810,23.0
123,36,829,19.0
123,37,845,16.0
123,38,874,29.0
123,39,894,20.0
123,40,917,23.0
123,41,939,22.0
123,42,949,10.0
123,43,968,19.0
123,44,996,28.0
123,45,1008,12.0
123,46,1023,15.0
123,47,1034,11.0
123,48,1070,36.0
123,49,1090,20.0
123,50,1124,34.0
123,51,1136,12.0
123,52,1172,36.0
123,53,1203,31.0
123,54,1230,27.0
123,55,1257,27.0
123,56,1285,28.0
123,57,1331,46.0
123,58,1347,16.0
123,59,1394,47.0
123,60,1407,13.0
123,61,1448,41.0
123,62,1459,11.0
123,63,1472,13.0
123,64,1489,17.0
123,65,1511,22.0
123,66,1521,10.0
123,67,1542,21.0
123,68,1552,10.0
123,69,1573,21.0
123,70,1588,15.0
123,71,1599,11.0
123,72,1609,10.0
123,73,1620,11.0
123,74,1719,99.0
123,75,1743,24.0
123,76,1757,14.0
123,77,1766,9.0
123,78,1802,36.0
123,79,1812,10.0
123,80,1828,16.0
123,81,1839,11.0
123,82,1868,29.0
123,83,1901,33.0
123,84,1917,16.0
123,85,1940,23.0
123,86,1989,49.0
123,87,2008,19.0
123,88,2026,18.0
123,89,2060,34.0
123,90,2083,23.0
123,91,2113,30.0
123,92,2137,24.0
123,93,2166,29.0
123,94,2178,12.0
123,95,2196,18.0
123,96,2220,24.0
123,97,2247,27.0
123,98,2259,12.0
123,99,2287,28.0
123,100,2330,43.0
123,101,2376,46.0
123,102,2389,13.0
123,103,2399,10.0
123,104,2430,31.0
123,105,2459,29.0
123,106,2545,86.0
123,107,2570,25.0
123,108,2583,13.0
123,109,2604,21.0
123,110,2622,18.0
123,111,2638,16.0
123,112,2652,14.0
123,113,2666,14.0
123,114,2677,11.0
123,115,2703,26.0
123,116,2729,26.0
123,117,2741,12.0
123,118,2775,34.0
123,119,2787,12.0
123,120,2797,10.0
123,121,2807,10.0
123,122,2818,11.0
123,123,2839,21.0
123,124,2853,14.0
123,125,2865,12.0
123,126,2904,39.0
123,127,2918,14.0
123,128,2933,15.0
123,129,2951,18.0
123,130,2988,37.0
123,131,3013,25.0
123,132,3030,17.0
123,133,3044,14.0
123,134,3055,11.0
123,135,3067,12.0
123,136,3076,9.0
123,137,3089,13.0
123,138,3126,37.0
123,139,3136,10.0
123,140,3145,9.0
123,141,3171,26.0
123,142,3190,19.0
123,143,3208,18.0
123,144,3224,16.0
123,145,3248,24.0
123,146,3259,11.0
123,147,3298,39.0
123,148,3316,18.0
123,149,3332,16.0
123,150,3346,14.0
123,151,3363,17.0
123,152,3387,24.0
123,153,3417,30.0
123,154,3452,35.0
123,155,3474,22.0
123,156,3500,26.0
123,157,3536,36.0
123,158,3548,12.0
123,159,3564,16.0
123,160,3595,31.0
123,161,3616,21.0
123,162,3645,29.0
123,163,3672,27.0
123,164,3689,17.0
123,165,3700,11.0
123,166,3724,24.0
123,167,3749,25.0
123,168,3767,18.0
123,169,3782,15.0
123,170,3801,19.0
123,171,3846,45.0
123,172,3872,26.0
123,173,3895,23.0
123,174,3924,29.0
123,175,3944,20.0
123,176,3970,26.0
123,177,3984,14.0
123,178,4005,21.0
123,179,4014,9.0
123,180,4026,12.0
123,181,4039,13.0
123,182,4052,13.0
123,183,4068,16.0
123,184,4082,14.0
123,185,4096,14.0
123,186,4114,18.0
123,187,4134,20.0
123,188,4155,21.0
123,189,4172,17.0
123,190,4202,30.0
123,191,4221,19.0
123,192,4236,15.0
123,193,4250,14.0
123,194,4272,22.0
123,195,4283,11.0
123,196,4297,14.0
123,197,4337,40.0
123,198,4376,39.0
123,199,4393,17.0
123,200,4414,21.0
123,201,4444,30.0
123,202,4470,26.0
123,203,4492,22.0
123,204,4520,28.0
123,205,4534,14.0
123,206,4545,11.0
123,207,4567,22.0
123,208,4582,15.0
123,209,4594,12.0
123,210,4616,22.0
123,211,4642,26.0
123,212,4661,19.0
123,213,4683,22.0
123,214,4697,14.0
123,215,4711,14.0
123,216,4731,20.0
123,217,4750,19.0
123,218,4777,27.0
123,219,4790,13.0
123,220,4860,70.0
123,221,4873,13.0
123,222,4884,11.0
123,223,4899,15.0
123,224,4910,11.0
123,225,4940,30.0
123,226,4959,19.0
123,227,4987,28.0
123,228,4999,12.0
123,229,5020,21.0
123,230,5030,10.0
123,231,5050,20.0
123,232,5071,21.0
123,233,5098,27.0
123,234,5115,17.0
123,235,5124,9.0
123,236,5137,13.0
123,237,5152,15.0
123,238,5165,13.0
123,239,5214,49.0
123,240,5226,12.0
123,241,5249,23.0
123,242,5265,16.0
123,243,5276,11.0
123,244,5301,25.0
123,245,5311,10.0
123,246,5329,18.0
123,247,5381,52.0
123,248,5393,12.0
123,249,5408,15.0
123,250,5422,14.0
123,251,5466,44.0
123,252,5511,45.0
123,253,5525,14.0
123,254,5542,17.0
123,255,5553,11.0
123,256,5576,23.0
123,257,5593,17.0
123,258,5609,16.0
123,259,5627,18.0
123,260,5638,11.0
123,261,5662,24.0
123,262,5674,12.0
123,263,5696,22.0
123,264,5711,15.0
123,265,5723,12.0
123,266,5750,27.0
123,267,5773,23.0
123,268,5801,28.0
123,269,5814,13.0
123,270,5834,20.0
123,271,5847,13.0
123,272,5874,27.0
123,273,5898,24.0
123,274,5911,13.0
123,275,5941,30.0
123,276,5975,34.0
123,277,5996,21.0
123,278,6013,17.0
123,279,6031,18.0
123,280,6044,13.0
123,281,6062,18.0
123,282,6092,30.0
123,283,6115,23.0
123,284,6143,28.0
123,285,6153,10.0
123,286,6170,17.0
123,287,6208,38.0
123,288,6222,14.0
123,289,6239,17.0
123,290,6273,34.0
123,291,6298,25.0
123,292,6329,31.0
123,293,6345,16.0
123,294,6360,15.0
123,295,6370,10.0
123,296,6392,22.0
123,297,6412,20.0
123,298,6422,10.0
123,299,6432,10.0
123,300,6445,13.0
123,301,6464,19.0
123,302,6478,14.0
123,303,6489,11.0
123,304,6504,15.0
123,305,6524,20.0
123,306,6542,18.0
123,307,6559,17.0
123,308,6573,14.0
123,309,6589,16.0
123,310,6616,27.0
123,311,6650,34.0
123,312,6672,22.0
123,313,6689,17.0
123,314,6706,17.0
123,315,6720,14.0
123,316,6729,9.0
123,317,6738,9.0
123,318,6750,12.0
123,319,6761,11.0
123,320,6775,14.0
123,321,6807,32.0
123,322,6822,15.0
123,323,6846,24.0
123,324,6878,32.0
123,325,6888,10.0
123,326,6933,45.0
123,327,6956,23.0
123,328,6979,23.0
123,329,7009,30.0
123,330,7033,24.0
123,331,7046,13.0
123,332,7075,29.0
123,333,7090,15.0
123,334,7102,12.0
123,335,7126,24.0
123,336,7138,12.0
123,337,7165,27.0
123,338,7178,13.0
123,339,7218,40.0
123,340,7238,20.0
123,341,7248,10.0
123,342,7275,27.0
123,343,7298,23.0
123,344,7319,21.0
123,345,7331,12.0
123,346,7342,11.0
123,347,7359,17.0
123,348,7374,15.0
123,349,7394,20.0
123,350,7410,16.0
123,351,7428,18.0
123,352,7439,11.0
123,353,7462,23.0
123,354,7479,17.0
123,355,7495,16.0
123,356,7541,46.0
123,357,7561,20.0
123,358,7575,14.0
123,359,7596,21.0
123,360,7612,16.0
123,361,7637,25.0
123,362,7649,12.0
123,363,7665,16.0
123,364,7687,22.0
123,365,7704,17.0
123,366,7723,19.0
123,367,7735,12.0
123,368,7746,11.0
123,369,7830,84.0
123,370,7854,24.0
123,371,7868,14.0
123,372,7893,25.0
123,373,7921,28.0
123,374,7933,12.0
123,375,7955,22.0
123,376,7976,21.0
123,377,7990,14.0
123,378,8020,30.0
123,379,8032,12.0
123,380,8051,19.0
123,381,8066,15.0
123,382,8076,10.0
123,383,8089,13.0
123,384,8099,10.0
123,385,8113,14.0
123,386,8123,10.0
123,387,8136,13.0
123,388,8149,13.0
123,389,8171,22.0
123,390,8231,60.0
123,391,8256,25.0
123,392,8267,11.0
123,393,8276,9.0
123,394,8286,10.0
123,395,8306,20.0
123,396,8321,15.0
123,397,8343,22.0
123,398,8354,11.0
123,399,8365,11.0
123,400,8391,26.0
123,401,8406,15.0
123,402,8441,35.0
123,403,8452,11.0
123,404,8469,17.0
123,405,8502,33.0
123,406,8526,24.0
123,407,8538,12.0
123,408,8552,14.0
123,409,8566,14.0
123,410,8582,16.0
123,411,8597,15.0
123,412,8621,24.0
123,413,8652,31.0
123,414,8666,14.0
123,415,8679,13.0
123,416,8702,23.0
123,417,8713,11.0
123,418,8728,15.0
123,419,8743,15.0
123,420,8767,24.0
123,421,8780,13.0
123,422,8792,12.0
123,423,8802,10.0
123,424,8820,18.0
123,425,8834,14.0
123,426,8844,10.0
123,427,8879,35.0
123,428,8897,18.0
123,429,8933,36.0
123,430,8946,13.0
123,431,8958,12.0
123,432,8971,13.0
123,433,8988,17.0
123,434,9000,12.0
123,435,9012,12.0
123,436,9024,12.0
123,437,9036,12.0
123,438,9058,22.0
123,439,9110,52.0
123,440,9123,13.0
123,441,9133,10.0
123,442,9154,21.0
123,443,9189,35.0
123,444,9217,28.0
123,445,9246,29.0
123,446,9257,11.0
123,447,9270,13.0
123,448,9297,27.0
123,449,9307,10.0
123,450,9334,27.0
123,451,9345,11.0
123,452,9355,10.0
123,453,9367,12.0
123,454,9378,11.0
123,455,9396,18.0
123,456,9415,19.0
123,457,9426,11.0
123,458,9440,14.0
123,459,9456,16.0
123,460,9507,51.0
123,461,9533,26.0
123,462,9545,12.0
123,463,9557,12.0
123,464,9570,13.0
123,465,9610,40.0
123,466,9628,18.0
123,467,9661,33.0
123,468,9682,21.0
123,469,9715,33.0
123,470,9751,36.0
123,471,9764,13.0
123,472,9776,12.0
123,473,9788,12.0
123,474,9805,17.0
123,475,9824,19.0
123,476,9835,11.0
123,477,9848,13.0
123,478,9860,12.0
123,479,9872,12.0
123,480,9882,10.0
123,481,9896,14.0
123,482,9916,20.0
123,483,9934,18.0
123,484,9952,18.0
123,485,9967,15.0
123,486,9981,14.0
123,487,10006,25.0
123,488,10026,20.0
123,489,10039,13.0
123,490,10056,17.0
123,491,10067,11.0
123,492,10086,19.0
123,493,10100,14.0
123,494,10112,12.0
123,495,10122,10.0
123,496,10133,11.0
123,497,10166,33.0
123,498,10190,24.0
123,499,10201,11.0
123,500,10211,10.0
123,501,10222,11.0
123,502,10239,17.0
123,503,10255,16.0
123,504,10268,13.0
123,505,10309,41.0
123,506,10347,38.0
123,507,10358,11.0
123,508,10405,47.0
123,509,10427,22.0
123,510,10436,9.0
123,511,10449,13.0
123,512,10471,22.0
123,513,10486,15.0
123,514,10502,16.0
123,515,10510,8.0
123,516,10522,12.0
123,517,10550,28.0
123,518,10568,18.0
123,519,10578,10.0
123,520,10588,10.0
123,521,10600,12.0
123,522,10611,11.0
123,523,10628,17.0
123,524,10639,11.0
123,525,10651,12.0
123,526,10660,9.0
123,527,10674,14.0
123,528,10687,13.0
123,529,10700,13.0
123,530,10713,13.0
123,531,10725,12.0
123,532,10740,15.0
123,533,10751,11.0
123,534,10762,11.0
123,535,10781,19.0
123,536,10799,18.0
123,537,10817,18.0
123,538,10833,16.0
123,539,10844,11.0
123,540,10871,27.0
123,541,10885,14.0
123,542,10903,18.0
123,543,10914,11.0
123,544,10927,13.0
123,545,10940,13.0
123,546,10951,11.0
123,547,10961,10.0
123,548,10973,12.0
123,549,10983,10.0
123,550,10994,11.0
123,551,11010,16.0
123,552,11021,11.0
123,553,11031,10.0
123,554,11043,12.0
123,555,11058,15.0
123,556,11074,16.0
123,557,11092,18.0
123,558,11104,12.0
123,559,11113,9.0
123,560,11126,13.0
123,561,11136,10.0
123,562,11147,11.0
123,563,11164,17.0
123,564,11178,14.0
123,565,11195,17.0
123,566,11209,14.0
123,567,11227,18.0
123,568,11244,17.0
123,569,11255,11.0
123,570,11268,13.0
123,571,11280,12.0
123,572,11290,10.0
123,573,11301,11.0
123,574,11313,12.0
123,575,11330,17.0
123,576,11358,28.0
123,577,11367,9.0
123,578,11379,12.0
123,579,11395,16.0
123,580,11407,12.0
123,581,11424,17.0
123,582,11440,16.0
123,583,11450,10.0
123,584,11464,14.0
123,585,11477,13.0
123,586,11490,13.0
123,587,11504,14.0
123,588,11513,9.0
123,589,11526,13.0
123,590,11537,11.0
123,591,11547,10.0
123,592,11567,20.0
123,593,11578,11.0
123,594,11587,9.0
123,595,11597,10.0
123,596,11608,11.0
123,597,11619,11.0
123,598,11647,28.0
123,599,11656,9.0
123,600,11677,21.0
123,601,11706,29.0
123,602,11737,31.0
123,603,11765,28.0
123,604,11776,11.0
123,605,11790,14.0
123,606,11824,34.0
123,607,11834,10.0
123,608,11851,17.0
123,609,11864,13.0
123,610,11876,12.0
123,611,11890,14.0
123,612,11922,32.0
123,613,11938,16.0
123,614,11947,9.0
123,615,11958,11.0
123,616,11981,23.0
123,617,11993,12.0
123,618,12014,21.0
123,619,12025,11.0
123,620,12034,9.0
123,621,12047,13.0
123,622,12059,12.0
123,623,12067,8.0
123,624,12109,42.0
123,625,12142,33.0
123,626,12151,9.0
123,627,12172,21.0
123,628,12191,19.0
123,629,12203,12.0
123,630,12215,12.0
123,631,12228,13.0
123,632,12244,16.0
123,633,12287,43.0
123,634,12306,19.0
123,635,12321,15.0
123,636,12333,12.0
123,637,12352,19.0
123,638,12362,10.0
123,639,12372,10.0
123,640,12383,11.0
123,641,12402,19.0
123,642,12412,10.0
123,643,12436,24.0
123,644,12458,22.0
123,645,12471,13.0
123,646,12490,19.0
123,647,12504,14.0
123,648,12516,12.0
123,649,12533,17.0
123,650,12543,10.0
123,651,12561,18.0
123,652,12581,20.0
123,653,12594,13.0
123,654,12603,9.0
123,655,12616,13.0
123,656,12631,15.0
123,657,12647,16.0
123,658,12661,14.0
123,659,12674,13.0
123,660,12686,12.0
123,661,12718,32.0
123,662,12727,9.0
123,663,12737,10.0
123,664,12746,9.0
123,665,12763,17.0
123,666,12793,30.0
123,667,12821,28.0
123,668,12841,20.0
123,669,12859,18.0
123,670,12867,8.0
123,671,12885,18.0
123,672,12897,12.0
123,673,12907,10.0
123,674,12920,13.0
123,675,12929,9.0
123,676,12942,13.0
123,677,12951,9.0
123,678,12969,18.0
123,679,12985,16.0
123,680,13001,16.0
123,681,13031,30.0
123,682,13043,12.0
123,683,13060,17.0
123,684,13081,21.0
123,685,13093,12.0
123,686,13117,24.0
123,687,13141,24.0
123,688,13154,13.0
123,689,13170,16.0
123,690,13184,14.0
123,691,13202,18.0
123,692,13231,29.0
123,693,13243,12.0
123,694,13262,19.0
123,695,13273,11.0
123,696,13296,23.0
123,697,13323,27.0
123,698,13341,18.0
123,699,13351,10.0
123,700,13361,10.0
123,701,13374,13.0
123,702,13394,20.0
123,703,13407,13.0
123,704,13429,22.0
123,705,13460,31.0
123,706,13473,13.0
123,707,13490,17.0
123,708,13499,9.0
123,709,13515,16.0
123,710,13526,11.0
123,711,13536,10.0
123,712,13548,12.0
123,713,13564,16.0
123,714,13580,16.0
123,715,13593,13.0
123,716,13603,10.0
123,717,13617,14.0
123,718,13626,9.0
123,719,13644,18.0
123,720,13655,11.0
123,721,13673,18.0
123,722,13683,10.0
123,723,13691,8.0
123,724,13710,19.0
123,725,13723,13.0
123,726,13738,15.0
123,727,13748,10.0
123,728,13762,14.0
123,729,13782,20.0
123,730,13793,11.0
123,731,13820,27.0
123,732,13840,20.0
123,733,13851,11.0
123,734,13862,11.0
123,735,13872,10.0
123,736,13882,10.0
123,737,13897,15.0
123,738,13912,15.0
123,739,13925,13.0
123,740,13935,10.0
123,741,13948,13.0
123,742,13976,28.0
123,743,13993,17.0
123,744,14007,14.0
123,745,14019,12.0
123,746,14028,9.0
123,747,14042,14.0
123,748,14053,11.0
123,749,14069,16.0
123,750,14078,9.0
123,751,14087,9.0
123,752,14098,11.0
123,753,14109,11.0
123,754,14122,13.0
123,755,14137,15.0
123,756,14147,10.0
123,757,14166,19.0
123,758,14182,16.0
123,759,14191,9.0
123,760,14211,20.0
123,761,14224,13.0
123,762,14242,18.0
123,763,14255,13.0
123,764,14279,24.0
123,765,14290,11.0
123,766,14312,22.0
123,767,14328,16.0
123,768,14339,11.0
123,769,14353,14.0
123,770,14363,10.0
123,771,14372,9.0
123,772,14380,8.0
123,773,14393,13.0
123,774,14403,10.0
123,775,14414,11.0
123,776,14436,22.0
123,777,14458,22.0
123,778,14468,10.0
123,779,14484,16.0
123,780,14496,12.0
123,781,14509,13.0
123,782,14529,20.0
123,783,14539,10.0
123,784,14549,10.0
123,785,14561,12.0
123,786,14592,31.0
123,787,14603,11.0
123,788,14616,13.0
123,789,14637,21.0
123,790,14647,10.0
123,791,14663,16.0
123,792,14680,17.0
123,793,14689,9.0
123,794,14700,11.0
123,795,14711,11.0
123,796,14725,14.0
123,797,14736,11.0
123,798,14747,11.0
123,799,14759,12.0
123,800,14769,10.0
123,801,14781,12.0
123,802,14805,24.0
123,803,14815,10.0
123,804,14826,11.0
123,805,14844,18.0
123,806,14855,11.0
123,807,14865,10.0
123,808,14877,12.0
123,809,14892,15.0
123,810,14910,18.0
123,811,14923,13.0
123,812,14933,10.0
123,813,14949,16.0
123,814,14961,12.0
123,815,14994,33.0
123,816,15006,12.0
123,817,15019,13.0
123,818,15028,9.0
123,819,15048,20.0
123,820,15061,13.0
123,821,15072,11.0
123,822,15087,15.0
123,823,15097,10.0
123,824,15108,11.0
123,825,15118,10.0
123,826,15129,11.0
123,827,15168,39.0
123,828,15186,18.0
123,829,15200,14.0
123,830,15214,14.0
123,831,15229,15.0
123,832,15242,13.0
123,833,15253,11.0
123,834,15263,10.0
123,835,15274,11.0
123,836,15290,16.0
123,837,15300,10.0
123,838,15315,15.0
123,839,15327,12.0
123,840,15340,13.0
123,841,15350,10.0
123,842,15368,18.0
123,843,15379,11.0
123,844,15392,13.0
123,845,15409,17.0
123,846,15421,12.0
123,847,15431,10.0
123,848,15443,12.0
123,849,15453,10.0
123,850,15463,10.0
123,851,15472,9.0
123,852,15484,12.0
123,853,15497,13.0
123,854,15506,9.0
123,855,15531,25.0
123,856,15540,9.0
123,857,15550,10.0
123,858,15560,10.0
123,859,15570,10.0
123,860,15579,9.0
123,861,15591,12.0
123,862,15607,16.0
123,863,15622,15.0
123,864,15632,10.0
123,865,15643,11.0
123,866,15652,9.0
123,867,15673,21.0
123,868,15685,12.0
123,869,15694,9.0
123,870,15705,11.0
123,871,15725,20.0
123,872,15737,12.0
123,873,15756,19.0
123,874,15767,11.0
123,875,15782,15.0
123,876,15795,13.0
123,877,15818,23.0
123,878,15829,11.0
123,879,15840,11.0
123,880,15853,13.0
123,881,15869,16.0
123,882,15879,10.0
123,883,15905,26.0
123,884,15918,13.0
123,885,15927,9.0
123,886,15937,10.0
123,887,15955,18.0
123,888,15963,8.0
123,889,15973,10.0
123,890,15988,15.0
123,891,16005,17.0
123,892,16013,8.0
123,893,16022,9.0
123,894,16032,10.0
123,895,16048,16.0
123,896,16058,10.0
123,897,16067,9.0
123,898,16082,15.0
123,899,16100,18.0
123,900,16115,15.0
123,901,16125,10.0
123,902,16144,19.0
123,903,16162,18.0
123,904,16182,20.0
123,905,16195,13.0
123,906,16207,12.0
123,907,16218,11.0
123,908,16234,16.0
123,909,16245,11.0
123,910,16260,15.0
123,911,16272,12.0
123,912,16283,11.0
123,913,16292,9.0
123,914,16307,15.0
123,915,16320,13.0
123,916,16332,12.0
123,917,16341,9.0
123,918,16353,12.0
123,919,16365,12.0
123,920,16379,14.0
123,921,16394,15.0
123,922,16410,16.0
123,923,16430,20.0
123,924,16439,9.0
123,925,16450,11.0
123,926,16476,26.0
123,927,16489,13.0
123,928,16501,12.0
123,929,16550,49.0
123,930,16559,9.0
123,931,16588,29.0
123,932,16604,16.0
123,933,16613,9.0
123,934,16625,12.0
123,935,16637,12.0
123,936,16648,11.0
123,937,16671,23.0
123,938,16681,10.0
123,939,16712,31.0
123,940,16722,10.0
123,941,16736,14.0
123,942,16750,14.0
123,943,16776,26.0
123,944,16787,11.0
123,945,16806,19.0
123,946,16823,17.0
123,947,16843,20.0
123,948,16853,10.0
123,949,16865,12.0
123,950,16873,8.0
123,951,16886,13.0
123,952,16897,11.0
123,953,16911,14.0
123,954,16927,16.0
123,955,16954,27.0
123,956,16968,14.0
123,957,16989,21.0
123,958,17000,11.0
123,959,17021,21.0
123,960,17031,10.0
123,961,17042,11.0
123,962,17053,11.0
123,963,17063,10.0
123,964,17072,9.0
123,965,17100,28.0
123,966,17109,9.0
123,967,17119,10.0
123,968,17130,11.0
123,969,17142,12.0
123,970,17154,12.0
123,971,17163,9.0
123,972,17186,23.0
123,973,17211,25.0
123,974,17221,10.0
123,975,17237,16.0
123,976,17246,9.0
123,977,17259,13.0
123,978,17270,11.0
123,979,17281,11.0
123,980,17291,10.0
123,981,17301,10.0
123,982,17310,9.0
123,983,17323,13.0
123,984,17334,11.0
123,985,17351,17.0
123,986,17364,13.0
123,987,17376,12.0
123,988,17386,10.0
123,989,17395,9.0
123,990,17418,23.0
123,991,17432,14.0
123,992,17445,13.0
123,993,17455,10.0
123,994,17470,15.0
123,995,17484,14.0
123,996,17497,13.0
123,997,17506,9.0
123,998,17515,9.0
123,999,17528,13.0
123,1000,17538,10.0
123,1001,17554,16.0
123,1002,17569,15.0
123,1003,17580,11.0
123,1004,17590,10.0
123,1005,17603,13.0
123,1006,17613,10.0
123,1007,17623,10.0
123,1008,17639,16.0
123,1009,17651,12.0
123,1010,17663,12.0
123,1011,17676,13.0
123,1012,17694,18.0
123,1013,17705,11.0
123,1014,17716,11.0
123,1015,17727,11.0
123,1016,17766,39.0
123,1017,17779,13.0
123,1018,17789,10.0
123,1019,17801,12.0
123,1020,17813,12.0
123,1021,17838,25.0
123,1022,17846,8.0
123,1023,17857,11.0
123,1024,17872,15.0
123,1025,17883,11.0
123,1026,17895,12.0
123,1027,17906,11.0
123,1028,17914,8.0
123,1029,17951,37.0
123,1030,17969,18.0
123,1031,17979,10.0
123,1032,17989,10.0
123,1033,17999,10.0
123,1034,18010,11.0
123,1035,18027,17.0
123,1036,18036,9.0
123,1037,18045,9.0
123,1038,18054,9.0
123,1039,18068,14.0
123,1040,18085,17.0
123,1041,18101,16.0
123,1042,18111,10.0
123,1043,18123,12.0
123,1044,18133,10.0
123,1045,18143,10.0
123,1046,18156,13.0
123,1047,18171,15.0
123,1048,18182,11.0
123,1049,18192,10.0
123,1050,18217,25.0
123,1051,18238,21.0
123,1052,18249,11.0
123,1053,18260,11.0
123,1054,18271,11.0
123,1055,18284,13.0
123,1056,18296,12.0
123,1057,18306,10.0
123,1058,18326,20.0
123,1059,18337,11.0
123,1060,18347,10.0
123,1061,18356,9.0
123,1062,18367,11.0
123,1063,18376,9.0
123,1064,18388,12.0
123,1065,18398,10.0
123,1066,18410,12.0
123,1067,18422,12.0
123,1068,18431,9.0
123,1069,18444,13.0
123,1070,18453,9.0
123,1071,18480,27.0
123,1072,18492,12.0
123,1073,18503,11.0
123,1074,18515,12.0
123,1075,18527,12.0
123,1076,18542,15.0
123,1077,18551,9.0
123,1078,18563,12.0
123,1079,18579,16.0
123,1080,18591,12.0
123,1081,18602,11.0
123,1082,18612,10.0
123,1083,18625,13.0
123,1084,18638,13.0
123,1085,18654,16.0
123,1086,18662,8.0
123,1087,18676,14.0
123,1088,18687,11.0
123,1089,18698,11.0
123,1090,18711,13.0
123,1091,18720,9.0
123,1092,18737,17.0
123,1093,18747,10.0
123,1094,18761,14.0
123,1095,18771,10.0
123,1096,18784,13.0
123,1097,18798,14.0
123,1098,18809,11.0
123,1099,18820,11.0
123,1100,18838,18.0
123,1101,18851,13.0
123,1102,18862,11.0
123,1103,18873,11.0
123,1104,18887,14.0
123,1105,18900,13.0
123,1106,18914,14.0
123,1107,18926,12.0
123,1108,18937,11.0
123,1109,18953,16.0
123,1110,18970,17.0
123,1111,18984,14.0
123,1112,18995,11.0
123,1113,19007,12.0
123,1114,19023,16.0
123,1115,19034,11.0
123,1116,19044,10.0
123,1117,19053,9.0
123,1118,19064,11.0
123,1119,19088,24.0
123,1120,19098,10.0
123,1121,19111,13.0
123,1122,19120,9.0
123,1123,19130,10.0
123,1124,19144,14.0
123,1125,19155,11.0
123,1126,19163,8.0
123,1127,19177,14.0
123,1128,19189,12.0
123,1129,19198,9.0
123,1130,19210,12.0
123,1131,19221,11.0
123,1132,19232,11.0
123,1133,19245,13.0
123,1134,19255,10.0
123,1135,19267,12.0
123,1136,19282,15.0
123,1137,19294,12.0
123,1138,19303,9.0
123,1139,19315,12.0
123,1140,19327,12.0
123,1141,19339,12.0
123,1142,19355,16.0
123,1143,19372,17.0
123,1144,19381,9.0
123,1145,19395,14.0
123,1146,19405,10.0
123,1147,19416,11.0
123,1148,19429,13.0
123,1149,19443,14.0
123,1150,19454,11.0
123,1151,19467,13.0
123,1152,19482,15.0
123,1153,19495,13.0
123,1154,19507,12.0
123,1155,19519,12.0
123,1156,19531,12.0
123,1157,19544,13.0
123,1158,19554,10.0
123,1159,19571,17.0
123,1160,19580,9.0
123,1161,19598,18.0
123,1162,19610,12.0
123,1163,19621,11.0
123,1164,19634,13.0
123,1165,19644,10.0
123,1166,19658,14.0
123,1167,19668,10.0
123,1168,19679,11.0
123,1169,19695,16.0
123,1170,19706,11.0
123,1171,19715,9.0
123,1172,19727,12.0
123,1173,19742,15.0
123,1174,19765,23.0
123,1175,19781,16.0
123,1176,19792,11.0
123,1177,19802,10.0
123,1178,19813,11.0
123,1179,19833,20.0
123,1180,19844,11.0
123,1181,19854,10.0
123,1182,19863,9.0
123,1183,19873,10.0
123,1184,19882,9.0
123,1185,19891,9.0
123,1186,19900,9.0
123,1187,19910,10.0
123,1188,19921,11.0
123,1189,19934,13.0
123,1190,19943,9.0
123,1191,19954,11.0
123,1192,19965,11.0
123,1193,19976,11.0
123,1194,19994,18.0
123,1195,20007,13.0
123,1196,20016,9.0
123,1197,20028,12.0
123,1198,20039,11.0
123,1199,20049,10.0
123,1200,20058,9.0
123,1201,20069,11.0
123,1202,20079,10.0
123,1203,20091,12.0
123,1204,20101,10.0
123,1205,20117,16.0
123,1206,20128,11.0
123,1207,20140,12.0
123,1208,20150,10.0
123,1209,20164,14.0
123,1210,20174,10.0
123,1211,20185,11.0
123,1212,20198,13.0
123,1213,20212,14.0
123,1214,20226,14.0
123,1215,20243,17.0
123,1216,20254,11.0
123,1217,20265,11.0
123,1218,20280,15.0
123,1219,20291,11.0
123,1220,20300,9.0
123,1221,20313,13.0
123,1222,20331,18.0
123,1223,20340,9.0
123,1224,20351,11.0
123,1225,20362,11.0
123,1226,20370,8.0
123,1227,20378,8.0
123,1228,20390,12.0
123,1229,20400,10.0
123,1230,20410,10.0
123,1231,20422,12.0
123,1232,20433,11.0
123,1233,20446,13.0
123,1234,20461,15.0
123,1235,20491,30.0
123,1236,20501,10.0
123,1237,20509,8.0
123,1238,20521,12.0
123,1239,20530,9.0
123,1240,20554,24.0
123,1241,20564,10.0
123,1242,20576,12.0
123,1243,20587,11.0
123,1244,20599,12.0
123,1245,20607,8.0
123,1246,20617,10.0
123,1247,20627,10.0
123,1248,20642,15.0
123,1249,20661,19.0
123,1250,20687,26.0
123,1251,20696,9.0
123,1252,20711,15.0
123,1253,20723,12.0
123,1254,20734,11.0
123,1255,20745,11.0
123,1256,20762,17.0
123,1257,20772,10.0
123,1258,20784,12.0
123,1259,20793,9.0
123,1260,20802,9.0
123,1261,20812,10.0
123,1262,20834,22.0
123,1263,20849,15.0
123,1264,20860,11.0
123,1265,20872,12.0
123,1266,20883,11.0
123,1267,20891,8.0
123,1268,20908,17.0
123,1269,20918,10.0
123,1270,20927,9.0
123,1271,20938,11.0
123,1272,20948,10.0
123,1273,20960,12.0
123,1274,20977,17.0
123,1275,20987,10.0
123,1276,21000,13.0
123,1277,21012,12.0
123,1278,21022,10.0
123,1279,21035,13.0
123,1280,21056,21.0
123,1281,21067,11.0
123,1282,21083,16.0
123,1283,21094,11.0
123,1284,21106,12.0
123,1285,21116,10.0
123,1286,21133,17.0
123,1287,21148,15.0
123,1288,21160,12.0
123,1289,21168,8.0
123,1290,21178,10.0
123,1291,21187,9.0
123,1292,21197,10.0
123,1293,21208,11.0
123,1294,21220,12.0
123,1295,21230,10.0
123,1296,21242,12.0
123,1297,21252,10.0
123,1298,21261,9.0
123,1299,21274,13.0
123,1300,21284,10.0
123,1301,21297,13.0
123,1302,21306,9.0
123,1303,21317,11.0
123,1304,21331,14.0
123,1305,21343,12.0
123,1306,21359,16.0
123,1307,21373,14.0
123,1308,21382,9.0
123,1309,21394,12.0
123,1310,21406,12.0
123,1311,21418,12.0
123,1312,21431,13.0
123,1313,21444,13.0
123,1314,21464,20.0
123,1315,21474,10.0
123,1316,21487,13.0
123,1317,21499,12.0
123,1318,21509,10.0
123,1319,21518,9.0
123,1320,21535,17.0
123,1321,21544,9.0
123,1322,21556,12.0
123,1323,21567,11.0
123,1324,21578,11.0
123,1325,21594,16.0
123,1326,21603,9.0
123,1327,21613,10.0
123,1328,21623,10.0
123,1329,21636,13.0
123,1330,21649,13.0
123,1331,21658,9.0
123,1332,21674,16.0
123,1333,21689,15.0
123,1334,21702,13.0
123,1335,21716,14.0
123,1336,21729,13.0
123,1337,21740,11.0
123,1338,21751,11.0
123,1339,21762,11.0
123,1340,21776,14.0
123,1341,21787,11.0
123,1342,21796,9.0
123,1343,21804,8.0
123,1344,21816,12.0
123,1345,21827,11.0
123,1346,21839,12.0
123,1347,21851,12.0
123,1348,21867,16.0
123,1349,21878,11.0
123,1350,21887,9.0
123,1351,21896,9.0
123,1352,21909,13.0
123,1353,21925,16.0
123,1354,21935,10.0
123,1355,21943,8.0
123,1356,21956,13.0
123,1357,21970,14.0
123,1358,21978,8.0
123,1359,21989,11.0
123,1360,21999,10.0
123,1361,22013,14.0
123,1362,22022,9.0
123,1363,22033,11.0
123,1364,22043,10.0
123,1365,22055,12.0
123,1366,22065,10.0
123,1367,22077,12.0
123,1368,22085,8.0
123,1369,22095,10.0
123,1370,22107,12.0
123,1371,22117,10.0
123,1372,22126,9.0
123,1373,22135,9.0
123,1374,22146,11.0
123,1375,22161,15.0
123,1376,22170,9.0
123,1377,22184,14.0
123,1378,22198,14.0
123,1379,22210,12.0
123,1380,22221,11.0
123,1381,22231,10.0
123,1382,22243,12.0
123,1383,22253,10.0
123,1384,22275,22.0
123,1385,22289,14.0
123,1386,22303,14.0
123,1387,22312,9.0
123,1388,22321,9.0
123,1389,22343,22.0
123,1390,22353,10.0
123,1391,22364,11.0
123,1392,22374,10.0
123,1393,22388,14.0
123,1394,22396,8.0
123,1395,22406,10.0
123,1396,22416,10.0
123,1397,22426,10.0
123,1398,22444,18.0
123,1399,22454,10.0
123,1400,22463,9.0
123,1401,22477,14.0
123,1402,22493,16.0
123,1403,22501,8.0
123,1404,22512,11.0
123,1405,22522,10.0
123,1406,22533,11.0
123,1407,22543,10.0
123,1408,22553,10.0
123,1409,22562,9.0
123,1410,22572,10.0
123,1411,22584,12.0
123,1412,22597,13.0
123,1413,22611,14.0
123,1414,22625,14.0
123,1415,22638,13.0
123,1416,22649,11.0
123,1417,22661,12.0
123,1418,22671,10.0
123,1419,22681,10.0
123,1420,22696,15.0
123,1421,22711,15.0
123,1422,22731,20.0
123,1423,22743,12.0
123,1424,22753,10.0
123,1425,22762,9.0
123,1426,22771,9.0
123,1427,22780,9.0
123,1428,22789,9.0
123,1429,22801,12.0
123,1430,22813,12.0
123,1431,22828,15.0
123,1432,22838,10.0
123,1433,22851,13.0
123,1434,22862,11.0
123,1435,22872,10.0
123,1436,22882,10.0
123,1437,22902,20.0
123,1438,22912,10.0
123,1439,22947,35.0
123,1440,22957,10.0
123,1441,22967,10.0
123,1442,22977,10.0
123,1443,22987,10.0
123,1444,22997,10.0
123,1445,23007,10.0
123,1446,23023,16.0
123,1447,23032,9.0
123,1448,23052,20.0
123,1449,23062,10.0
123,1450,23071,9.0
123,1451,23083,12.0
123,1452,23092,9.0
123,1453,23101,9.0
123,1454,23111,10.0
123,1455,23120,9.0
123,1456,23130,10.0
123,1457,23139,9.0
123,1458,23151,12.0
123,1459,23164,13.0
123,1460,23172,8.0
123,1461,23180,8.0
123,1462,23192,12.0
123,1463,23201,9.0
123,1464,23217,16.0
123,1465,23228,11.0
123,1466,23239,11.0
123,1467,23249,10.0
123,1468,23258,9.0
123,1469,23267,9.0
123,1470,23277,10.0
123,1471,23288,11.0
123,1472,23299,11.0
123,1473,23311,12.0
123,1474,23320,9.0
123,1475,23329,9.0
123,1476,23342,13.0
123,1477,23351,9.0
123,1478,23361,10.0
123,1479,23371,10.0
123,1480,23380,9.0
123,1481,23390,10.0
123,1482,23400,10.0
123,1483,23420,20.0
123,1484,23434,14.0
123,1485,23446,12.0
123,1486,23458,12.0
123,1487,23468,10.0
123,1488,23480,12.0
123,1489,23488,8.0
123,1490,23497,9.0
123,1491,23509,12.0
123,1492,23523,14.0
123,1493,23538,15.0
123,1494,23549,11.0
123,1495,23570,21.0
123,1496,23582,12.0
123,1497,23600,18.0
123,1498,23610,10.0
123,1499,23624,14.0
123,1500,23634,10.0
123,1501,23648,14.0
123,1502,23659,11.0
123,1503,23669,10.0
123,1504,23678,9.0
123,1505,23688,10.0
123,1506,23697,9.0
123,1507,23711,14.0
123,1508,23722,11.0
123,1509,23731,9.0
123,1510,23741,10.0
123,1511,23751,10.0
123,1512,23761,10.0
123,1513,23775,14.0
123,1514,23785,10.0
123,1515,23797,12.0
123,1516,23805,8.0
123,1517,23817,12.0
123,1518,23828,11.0
123,1519,23837,9.0
123,1520,23846,9.0
123,1521,23855,9.0
123,1522,23863,8.0
123,1523,23877,14.0
123,1524,23887,10.0
123,1525,23897,10.0
123,1526,23909,12.0
123,1527,23918,9.0
123,1528,23929,11.0
123,1529,23939,10.0
123,1530,23953,14.0
123,1531,23964,11.0
123,1532,23974,10.0
123,1533,23984,10.0
123,1534,23993,9.0
123,1535,24006,13.0
123,1536,24015,9.0
123,1537,24024,9.0
123,1538,24035,11.0
123,1539,24045,10.0
123,1540,24059,14.0
123,1541,24069,10.0
123,1542,24099,30.0
123,1543,24109,10.0
123,1544,24117,8.0
123,1545,24128,11.0
123,1546,24137,9.0
123,1547,24147,10.0
123,1548,24158,11.0
123,1549,24168,10.0
123,1550,24178,10.0
123,1551,24189,11.0
123,1552,24202,13.0
123,1553,24214,12.0
123,1554,24223,9.0
123,1555,24237,14.0
123,1556,24251,14.0
123,1557,24263,12.0
123,1558,24276,13.0
123,1559,24290,14.0
123,1560,24306,16.0
123,1561,24315,9.0
123,1562,24325,10.0
123,1563,24337,12.0
123,1564,24345,8.0
123,1565,24356,11.0
123,1566,24378,22.0
123,1567,24387,9.0
123,1568,24397,10.0
123,1569,24408,11.0
123,1570,24418,10.0
123,1571,24428,10.0
123,1572,24437,9.0
123,1573,24446,9.0
123,1574,24455,9.0
123,1575,24470,15.0
123,1576,24481,11.0
123,1577,24491,10.0
123,1578,24502,11.0
123,1579,24513,11.0
123,1580,24526,13.0
123,1581,24538,12.0
123,1582,24548,10.0
123,1583,24561,13.0
123,1584,24573,12.0
123,1585,24583,10.0
123,1586,24593,10.0
123,1587,24601,8.0
123,1588,24612,11.0
123,1589,24625,13.0
123,1590,24633,8.0
123,1591,24643,10.0
123,1592,24664,21.0
123,1593,24676,12.0
123,1594,24684,8.0
123,1595,24694,10.0
123,1596,24706,12.0
123,1597,24717,11.0
123,1598,24728,11.0
123,1599,24738,10.0
123,1600,24747,9.0
123,1601,24757,10.0
123,1602,24767,10.0
123,1603,24782,15.0
123,1604,24791,9.0
123,1605,24803,12.0
123,1606,24818,15.0
123,1607,24828,10.0
123,1608,24842,14.0
123,1609,24852,10.0
123,1610,24863,11.0
123,1611,24874,11.0
123,1612,24888,14.0
123,1613,24898,10.0
123,1614,24909,11.0
123,1615,24919,10.0
123,1616,24928,9.0
123,1617,24939,11.0
123,1618,24948,9.0
123,1619,24957,9.0
123,1620,24967,10.0
123,1621,24977,10.0
123,1622,24989,12.0
123,1623,24998,9.0
123,1624,25012,14.0
123,1625,25021,9.0
123,1626,25031,10.0
123,1627,25043,12.0
123,1628,25056,13.0
123,1629,25066,10.0
123,1630,25075,9.0
123,1631,25084,9.0
123,1632,25094,10.0
123,1633,25104,10.0
123,1634,25121,17.0
123,1635,25132,11.0
123,1636,25143,11.0
123,1637,25151,8.0
123,1638,25161,10.0
123,1639,25173,12.0
123,1640,25187,14.0
123,1641,25199,12.0
123,1642,25212,13.0
123,1643,25221,9.0
123,1644,25231,10.0
123,1645,25242,11.0
123,1646,25253,11.0
123,1647,25263,10.0
123,1648,25273,10.0
123,1649,25282,9.0
123,1650,25292,10.0
123,1651,25301,9.0
123,1652,25313,12.0
123,1653,25324,11.0
123,1654,25336,12.0
123,1655,25346,10.0
123,1656,25355,9.0
123,1657,25365,10.0
123,1658,25376,11.0
123,1659,25388,12.0
123,1660,25400,12.0
123,1661,25412,12.0
123,1662,25423,11.0
123,1663,25433,10.0
123,1664,25441,8.0
123,1665,25454,13.0
123,1666,25472,18.0
123,1667,25481,9.0
123,1668,25490,9.0
123,1669,25499,9.0
123,1670,25512,13.0
123,1671,25522,10.0
123,1672,25534,12.0
123,1673,25543,9.0
123,1674,25552,9.0
123,1675,25562,10.0
123,1676,25572,10.0
123,1677,25587,15.0
123,1678,25596,9.0
123,1679,25613,17.0
123,1680,25634,21.0
123,1681,25644,10.0
123,1682,25663,19.0
123,1683,25675,12.0
123,1684,25684,9.0
123,1685,25696,12.0
123,1686,25705,9.0
123,1687,25718,13.0
123,1688,25733,15.0
123,1689,25752,19.0
123,1690,25764,12.0
123,1691,25773,9.0
123,1692,25782,9.0
123,1693,25793,11.0
123,1694,25807,14.0
123,1695,25818,11.0
123,1696,25833,15.0
123,1697,25841,8.0
123,1698,25852,11.0
123,1699,25863,11.0
123,1700,25873,10.0
123,1701,25881,8.0
123,1702,25898,17.0
123,1703,25908,10.0
123,1704,25916,8.0
123,1705,25928,12.0
123,1706,25941,13.0
123,1707,25950,9.0
123,1708,25959,9.0
123,1709,25969,10.0
123,1710,25979,10.0
123,1711,25991,12.0
123,1712,26003,12.0
123,1713,26015,12.0
123,1714,26025,10.0
123,1715,26034,9.0
123,1716,26051,17.0
123,1717,26061,10.0
123,1718,26071,10.0
123,1719,26084,13.0
123,1720,26095,11.0
123,1721,26107,12.0
123,1722,26117,10.0
123,1723,26129,12.0
123,1724,26142,13.0
123,1725,26150,8.0
123,1726,26159,9.0
123,1727,26169,10.0
123,1728,26179,10.0
123,1729,26191,12.0
123,1730,26201,10.0
123,1731,26222,21.0
123,1732,26233,11.0
123,1733,26243,10.0
123,1734,26254,11.0
123,1735,26264,10.0
123,1736,26273,9.0
123,1737,26287,14.0
123,1738,26299,12.0
123,1739,26308,9.0
123,1740,26320,12.0
123,1741,26329,9.0
123,1742,26340,11.0
123,1743,26350,10.0
123,1744,26360,10.0
123,1745,26368,8.0
123,1746,26378,10.0
123,1747,26387,9.0
123,1748,26398,11.0
123,1749,26408,10.0
123,1750,26418,10.0
123,1751,26427,9.0
123,1752,26436,9.0
123,1753,26450,14.0
123,1754,26461,11.0
123,1755,26469,8.0
123,1756,26478,9.0
123,1757,26492,14.0
123,1758,26506,14.0
123,1759,26516,10.0
123,1760,26527,11.0
123,1761,26539,12.0
123,1762,26553,14.0
123,1763,26563,10.0
123,1764,26576,13.0
123,1765,26587,11.0
123,1766,26597,10.0
123,1767,26608,11.0
123,1768,26621,13.0
123,1769,26629,8.0
123,1770,26652,23.0
123,1771,26663,11.0
123,1772,26674,11.0
123,1773,26687,13.0
123,1774,26697,10.0
123,1775,26707,10.0
123,1776,26715,8.0
123,1777,26724,9.0
123,1778,26734,10.0
123,1779,26744,10.0
123,1780,26755,11.0
123,1781,26765,10.0
123,1782,26778,13.0
123,1783,26792,14.0
123,1784,26802,10.0
123,1785,26814,12.0
123,1786,26824,10.0
123,1787,26833,9.0
123,1788,26843,10.0
123,1789,26853,10.0
123,1790,26862,9.0
123,1791,26871,9.0
123,1792,26890,19.0
123,1793,26901,11.0
123,1794,26913,12.0
123,1795,26925,12.0
123,1796,26936,11.0
123,1797,26947,11.0
123,1798,26956,9.0
123,1799,26966,10.0
123,1800,26977,11.0
123,1801,26987,10.0
123,1802,26998,11.0
123,1803,27009,11.0
123,1804,27026,17.0
123,1805,27034,8.0
123,1806,27046,12.0
123,1807,27057,11.0
123,1808,27069,12.0
123,1809,27080,11.0
123,1810,27089,9.0
123,1811,27099,10.0
123,1812,27115,16.0
123,1813,27124,9.0
123,1814,27133,9.0
123,1815,27142,9.0
123,1816,27155,13.0
123,1817,27165,10.0
123,1818,27177,12.0
123,1819,27185,8.0
123,1820,27195,10.0
123,1821,27205,10.0
123,1822,27214,9.0
123,1823,27223,9.0
123,1824,27232,9.0
123,1825,27241,9.0
123,1826,27251,10.0
123,1827,27267,16.0
123,1828,27281,14.0
123,1829,27292,11.0
123,1830,27304,12.0
123,1831,27313,9.0
123,1832,27322,9.0
123,1833,27332,10.0
123,1834,27342,10.0
123,1835,27359,17.0
123,1836,27369,10.0
123,1837,27380,11.0
123,1838,27388,8.0
123,1839,27402,14.0
123,1840,27412,10.0
123,1841,27423,11.0
123,1842,27431,8.0
123,1843,27443,12.0
123,1844,27455,12.0
123,1845,27465,10.0
123,1846,27475,10.0
123,1847,27486,11.0
123,1848,27498,12.0
123,1849,27507,9.0
123,1850,27515,8.0
123,1851,27526,11.0
123,1852,27538,12.0
123,1853,27548,10.0
123,1854,27559,11.0
123,1855,27568,9.0
123,1856,27578,10.0
123,1857,27589,11.0
123,1858,27608,19.0
123,1859,27617,9.0
123,1860,27627,10.0
123,1861,27646,19.0
123,1862,27656,10.0
123,1863,27665,9.0
123,1864,27678,13.0
123,1865,27688,10.0
123,1866,27699,11.0
123,1867,27709,10.0
123,1868,27720,11.0
123,1869,27730,10.0
123,1870,27741,11.0
123,1871,27752,11.0
123,1872,27762,10.0
123,1873,27772,10.0
123,1874,27780,8.0
123,1875,27792,12.0
123,1876,27801,9.0
123,1877,27814,13.0
123,1878,27831,17.0
123,1879,27840,9.0
123,1880,27849,9.0
123,1881,27859,10.0
123,1882,27867,8.0
123,1883,27877,10.0
123,1884,27887,10.0
123,1885,27897,10.0
123,1886,27906,9.0
123,1887,27915,9.0
123,1888,27926,11.0
123,1889,27935,9.0
123,1890,27948,13.0
123,1891,27964,16.0
123,1892,27974,10.0
123,1893,27990,16.0
123,1894,28002,12.0
123,1895,28012,10.0
123,1896,28024,12.0
123,1897,28035,11.0
123,1898,28043,8.0
123,1899,28052,9.0
123,1900,28065,13.0
123,1901,28077,12.0
123,1902,28087,10.0
123,1903,28095,8.0
123,1904,28106,11.0
123,1905,28119,13.0
123,1906,28128,9.0
123,1907,28142,14.0
123,1908,28154,12.0
123,1909,28162,8.0
123,1910,28172,10.0
123,1911,28183,11.0
123,1912,28192,9.0
123,1913,28218,26.0
123,1914,28227,9.0
123,1915,28238,11.0
123,1916,28248,10.0
123,1917,28256,8.0
123,1918,28269,13.0
123,1919,28279,10.0
123,1920,28292,13.0
123,1921,28303,11.0
123,1922,28326,23.0
123,1923,28335,9.0
123,1924,28346,11.0
123,1925,28355,9.0
123,1926,28364,9.0
123,1927,28376,12.0
123,1928,28389,13.0
123,1929,28399,10.0
123,1930,28409,10.0
123,1931,28419,10.0
123,1932,28429,10.0
123,1933,28442,13.0
123,1934,28453,11.0
123,1935,28465,12.0
123,1936,28475,10.0
123,1937,28486,11.0
123,1938,28498,12.0
123,1939,28507,9.0
123,1940,28518,11.0
123,1941,28529,11.0
123,1942,28542,13.0
123,1943,28554,12.0
123,1944,28563,9.0
123,1945,28574,11.0
123,1946,28585,11.0
123,1947,28596,11.0
123,1948,28605,9.0
123,1949,28616,11.0
123,1950,28626,10.0
123,1951,28636,10.0
123,1952,28646,10.0
123,1953,28656,10.0
123,1954,28665,9.0
123,1955,28679,14.0
123,1956,28689,10.0
123,1957,28698,9.0
123,1958,28707,9.0
123,1959,28716,9.0
123,1960,28727,11.0
123,1961,28738,11.0
123,1962,28748,10.0
123,1963,28757,9.0
123,1964,28766,9.0
123,1965,28780,14.0
123,1966,28788,8.0
123,1967,28801,13.0
123,1968,28813,12.0
123,1969,28825,12.0
123,1970,28837,12.0
123,1971,28845,8.0
123,1972,28855,10.0
123,1973,28869,14.0
123,1974,28880,11.0
123,1975,28890,10.0
123,1976,28901,11.0
123,1977,28910,9.0
123,1978,28920,10.0
123,1979,28928,8.0
123,1980,28936,8.0
123,1981,28950,14.0
123,1982,28962,12.0
123,1983,28973,11.0
123,1984,28984,11.0
123,1985,28993,9.0
123,1986,29002,9.0
123,1987,29010,8.0
123,1988,29019,9.0
123,1989,29029,10.0
123,1990,29039,10.0
123,1991,29048,9.0
123,1992,29059,11.0
123,1993,29067,8.0
123,1994,29076,9.0
123,1995,29085,9.0
123,1996,29097,12.0
123,1997,29111,14.0
123,1998,29120,9.0
123,1999,29130,10.0
123,2000,29140,10.0
123,2001,29150,10.0
123,2002,29159,9.0
123,2003,29173,14.0
123,2004,29183,10.0
123,2005,29194,11.0
123,2006,29203,9.0
123,2007,29214,11.0
123,2008,29230,16.0
123,2009,29238,8.0
123,2010,29248,10.0
123,2011,29256,8.0
123,2012,29267,11.0
123,2013,29277,10.0
123,2014,29289,12.0
123,2015,29298,9.0
123,2016,29308,10.0
123,2017,29319,11.0
123,2018,29328,9.0
123,2019,29339,11.0
123,2020,29348,9.0
123,2021,29358,10.0
123,2022,29370,12.0
123,2023,29379,9.0
123,2024,29391,12.0
123,2025,29403,12.0
123,2026,29412,9.0
123,2027,29424,12.0
123,2028,29434,10.0
123,2029,29444,10.0
123,2030,29453,9.0
123,2031,29463,10.0
123,2032,29474,11.0
123,2033,29484,10.0
123,2034,29493,9.0
123,2035,29505,12.0
123,2036,29514,9.0
123,2037,29524,10.0
123,2038,29534,10.0
123,2039,29544,10.0
123,2040,29553,9.0
123,2041,29564,11.0
123,2042,29576,12.0
123,2043,29588,12.0
123,2044,29601,13.0
123,2045,29611,10.0
123,2046,29621,10.0
123,2047,29630,9.0
123,2048,29642,12.0
123,2049,29651,9.0
123,2050,29660,9.0
123,2051,29671,11.0
123,2052,29680,9.0
123,2053,29690,10.0
123,2054,29700,10.0
123,2055,29709,9.0
123,2056,29719,10.0
123,2057,29735,16.0
123,2058,29747,12.0
123,2059,29771,24.0
123,2060,29782,11.0
123,2061,29794,12.0
123,2062,29807,13.0
123,2063,29820,13.0
123,2064,29830,10.0
123,2065,29842,12.0
123,2066,29852,10.0
123,2067,29863,11.0
123,2068,29875,12.0
123,2069,29886,11.0
123,2070,29895,9.0
123,2071,29907,12.0
123,2072,29917,10.0
123,2073,29927,10.0
123,2074,29936,9.0
123,2075,29951,15.0
123,2076,29962,11.0
123,2077,29975,13.0
123,2078,29986,11.0
123,2079,29995,9.0
123,2080,30007,12.0
123,2081,30017,10.0
123,2082,30029,12.0
123,2083,30044,15.0
123,2084,30055,11.0
123,2085,30065,10.0
123,2086,30077,12.0
123,2087,30090,13.0
123,2088,30100,10.0
123,2089,30111,11.0
123,2090,30121,10.0
123,2091,30130,9.0
123,2092,30140,10.0
123,2093,30151,11.0
123,2094,30161,10.0
123,2095,30169,8.0
123,2096,30179,10.0
123,2097,30190,11.0
123,2098,30200,10.0
123,2099,30210,10.0
123,2100,30222,12.0
123,2101,30232,10.0
123,2102,30242,10.0
123,2103,30252,10.0
123,2104,30261,9.0
123,2105,30273,12.0
123,2106,30284,11.0
123,2107,30294,10.0
123,2108,30305,11.0
123,2109,30316,11.0
123,2110,30327,11.0
123,2111,30336,9.0
123,2112,30348,12.0
123,2113,30366,18.0
123,2114,30375,9.0
123,2115,30385,10.0
123,2116,30395,10.0
123,2117,30405,10.0
123,2118,30418,13.0
123,2119,30430,12.0
123,2120,30439,9.0
123,2121,30450,11.0
123,2122,30460,10.0
123,2123,30470,10.0
123,2124,30480,10.0
123,2125,30490,10.0
123,2126,30502,12.0
123,2127,30516,14.0
123,2128,30528,12.0
123,2129,30538,10.0
123,2130,30549,11.0
123,2131,30559,10.0
123,2132,30568,9.0
123,2133,30580,12.0
123,2134,30589,9.0
123,2135,30597,8.0
123,2136,30609,12.0
123,2137,30619,10.0
123,2138,30631,12.0
123,2139,30641,10.0
123,2140,30651,10.0
123,2141,30661,10.0
123,2142,30671,10.0
123,2143,30681,10.0
123,2144,30690,9.0
123,2145,30700,10.0
123,2146,30712,12.0
123,2147,30723,11.0
123,2148,30734,11.0
123,2149,30755,21.0
123,2150,30764,9.0
123,2151,30774,10.0
123,2152,30784,10.0
123,2153,30797,13.0
123,2154,30808,11.0
123,2155,30821,13.0
123,2156,30834,13.0
123,2157,30849,15.0
123,2158,30858,9.0
123,2159,30867,9.0
123,2160,30876,9.0
123,2161,30892,16.0
123,2162,30901,9.0
123,2163,30911,10.0
123,2164,30921,10.0
123,2165,30931,10.0
123,2166,30945,14.0
123,2167,30956,11.0
123,2168,30971,15.0
123,2169,30982,11.0
123,2170,30991,9.0
123,2171,31000,9.0
123,2172,31009,9.0
123,2173,31020,11.0
123,2174,31032,12.0
123,2175,31044,12.0
123,2176,31057,13.0
123,2177,31067,10.0
123,2178,31076,9.0
123,2179,31092,16.0
123,2180,31102,10.0
123,2181,31111,9.0
123,2182,31121,10.0
123,2183,31131,10.0
123,2184,31139,8.0
123,2185,31151,12.0
123,2186,31161,10.0
123,2187,31173,12.0
123,2188,31185,12.0
123,2189,31201,16.0
123,2190,31213,12.0
123,2191,31223,10.0
123,2192,31232,9.0
123,2193,31241,9.0
123,2194,31259,18.0
123,2195,31267,8.0
123,2196,31276,9.0
123,2197,31285,9.0
123,2198,31295,10.0
123,2199,31305,10.0
123,2200,31314,9.0
123,2201,31327,13.0
123,2202,31336,9.0
123,2203,31348,12.0
123,2204,31359,11.0
123,2205,31372,13.0
123,2206,31387,15.0
123,2207,31397,10.0
123,2208,31409,12.0
123,2209,31425,16.0
123,2210,31441,16.0
123,2211,31452,11.0
123,2212,31462,10.0
123,2213,31470,8.0
123,2214,31479,9.0
123,2215,31488,9.0
123,2216,31503,15.0
123,2217,31513,10.0
123,2218,31525,12.0
123,2219,31534,9.0
123,2220,31546,12.0
123,2221,31554,8.0
123,2222,31562,8.0
123,2223,31573,11.0
123,2224,31581,8.0
123,2225,31590,9.0
123,2226,31600,10.0
123,2227,31609,9.0
123,2228,31619,10.0
123,2229,31629,10.0
123,2230,31641,12.0
123,2231,31651,10.0
123,2232,31661,10.0
123,2233,31673,12.0
123,2234,31685,12.0
123,2235,31695,10.0
123,2236,31704,9.0
123,2237,31716,12.0
123,2238,31733,17.0
123,2239,31743,10.0
123,2240,31755,12.0
123,2241,31767,12.0
123,2242,31777,10.0
123,2243,31786,9.0
123,2244,31796,10.0
123,2245,31810,14.0
123,2246,31818,8.0
123,2247,31829,11.0
123,2248,31837,8.0
123,2249,31851,14.0
123,2250,31861,10.0
123,2251,31871,10.0
123,2252,31880,9.0
123,2253,31889,9.0
123,2254,31904,15.0
123,2255,31913,9.0
123,2256,31924,11.0
123,2257,31933,9.0
123,2258,31942,9.0
123,2259,31952,10.0
123,2260,31962,10.0
123,2261,31973,11.0
123,2262,31985,12.0
123,2263,31994,9.0
123,2264,32003,9.0
123,2265,32018,15.0
123,2266,32028,10.0
123,2267,32038,10.0
123,2268,32046,8.0
123,2269,32056,10.0
123,2270,32069,13.0
123,2271,32084,15.0
123,2272,32094,10.0
123,2273,32103,9.0
123,2274,32112,9.0
123,2275,32123,11.0
123,2276,32132,9.0
123,2277,32154,22.0
123,2278,32171,17.0
123,2279,32181,10.0
123,2280,32191,10.0
123,2281,32200,9.0
123,2282,32210,10.0
123,2283,32221,11.0
123,2284,32231,10.0
123,2285,32242,11.0
123,2286,32252,10.0
123,2287,32262,10.0
123,2288,32271,9.0
123,2289,32281,10.0
123,2290,32291,10.0
123,2291,32304,13.0
123,2292,32315,11.0
123,2293,32325,10.0
123,2294,32335,10.0
123,2295,32343,8.0
123,2296,32356,13.0
123,2297,32367,11.0
123,2298,32377,10.0
123,2299,32389,12.0
123,2300,32400,11.0
123,2301,32409,9.0
123,2302,32422,13.0
123,2303,32434,12.0
123,2304,32447,13.0
123,2305,32457,10.0
123,2306,32468,11.0
123,2307,32478,10.0
123,2308,32489,11.0
123,2309,32506,17.0
123,2310,32516,10.0
123,2311,32526,10.0
123,2312,32535,9.0
123,2313,32545,10.0
123,2314,32555,10.0
123,2315,32568,13.0
123,2316,32578,10.0
123,2317,32588,10.0
123,2318,32599,11.0
123,2319,32609,10.0
123,2320,32621,12.0
123,2321,32631,10.0
123,2322,32640,9.0
123,2323,32651,11.0
123,2324,32664,13.0
123,2325,32674,10.0
123,2326,32683,9.0
123,2327,32695,12.0
123,2328,32704,9.0
123,2329,32712,8.0
123,2330,32722,10.0
123,2331,32734,12.0
123,2332,32750,16.0
123,2333,32761,11.0
123,2334,32777,16.0
123,2335,32788,11.0
123,2336,32801,13.0
123,2337,32813,12.0
123,2338,32834,21.0
123,2339,32843,9.0
123,2340,32852,9.0
123,2341,32861,9.0
123,2342,32870,9.0
123,2343,32880,10.0
123,2344,32889,9.0
123,2345,32900,11.0
123,2346,32908,8.0
123,2347,32917,9.0
123,2348,32927,10.0
123,2349,32943,16.0
123,2350,32952,9.0
123,2351,32961,9.0
123,2352,32969,8.0
123,2353,32978,9.0
123,2354,32987,9.0
123,2355,32997,10.0
123,2356,33010,13.0
123,2357,33019,9.0
123,2358,33032,13.0
123,2359,33042,10.0
123,2360,33052,10.0
123,2361,33060,8.0
123,2362,33068,8.0
123,2363,33077,9.0
123,2364,33087,10.0
123,2365,33096,9.0
123,2366,33106,10.0
123,2367,33116,10.0
123,2368,33126,10.0
123,2369,33136,10.0
123,2370,33145,9.0
123,2371,33158,13.0
123,2372,33170,12.0
123,2373,33180,10.0
123,2374,33191,11.0
123,2375,33199,8.0
123,2376,33209,10.0
123,2377,33217,8.0
123,2378,33226,9.0
123,2379,33238,12.0
123,2380,33247,9.0
123,2381,33256,9.0
123,2382,33266,10.0
123,2383,33278,12.0
123,2384,33288,10.0
123,2385,33301,13.0
123,2386,33313,12.0
123,2387,33322,9.0
123,2388,33333,11.0
123,2389,33343,10.0
123,2390,33355,12.0
123,2391,33363,8.0
123,2392,33379,16.0
123,2393,33388,9.0
123,2394,33404,16.0
123,2395,33415,11.0
123,2396,33429,14.0
123,2397,33437,8.0
123,2398,33446,9.0
123,2399,33461,15.0
123,2400,33472,11.0
123,2401,33481,9.0
123,2402,33490,9.0
123,2403,33501,11.0
123,2404,33511,10.0
123,2405,33521,10.0
123,2406,33531,10.0
123,2407,33540,9.0
123,2408,33549,9.0
123,2409,33560,11.0
123,2410,33569,9.0
123,2411,33581,12.0
123,2412,33592,11.0
123,2413,33604,12.0
123,2414,33613,9.0
123,2415,33626,13.0
123,2416,33634,8.0
123,2417,33644,10.0
123,2418,33655,11.0
123,2419,33666,11.0
123,2420,33676,10.0
123,2421,33691,15.0
123,2422,33703,12.0
123,2423,33712,9.0
123,2424,33723,11.0
123,2425,33733,10.0
123,2426,33743,10.0
123,2427,33752,9.0
123,2428,33768,16.0
123,2429,33779,11.0
123,2430,33788,9.0
123,2431,33798,10.0
123,2432,33810,12.0
123,2433,33826,16.0
123,2434,33839,13.0
123,2435,33851,12.0
123,2436,33862,11.0
123,2437,33874,12.0
123,2438,33884,10.0
123,2439,33894,10.0
123,2440,33906,12.0
123,2441,33916,10.0
123,2442,33927,11.0
123,2443,33940,13.0
123,2444,33952,12.0
123,2445,33961,9.0
123,2446,33971,10.0
123,2447,33981,10.0
123,2448,33993,12.0
123,2449,34002,9.0
123,2450,34012,10.0
123,2451,34027,15.0
123,2452,34038,11.0
123,2453,34049,11.0
123,2454,34059,10.0
123,2455,34070,11.0
123,2456,34081,11.0
123,2457,34091,10.0
123,2458,34101,10.0
123,2459,34110,9.0
123,2460,34123,13.0
123,2461,34132,9.0
123,2462,34144,12.0
123,2463,34155,11.0
123,2464,34165,10.0
123,2465,34174,9.0
123,2466,34183,9.0
123,2467,34192,9.0
123,2468,34201,9.0
123,2469,34217,16.0
123,2470,34228,11.0
123,2471,34238,10.0
123,2472,34248,10.0
123,2473,34258,10.0
123,2474,34269,11.0
123,2475,34279,10.0
123,2476,34291,12.0
123,2477,34301,10.0
123,2478,34312,11.0
123,2479,34321,9.0
123,2480,34330,9.0
123,2481,34340,10.0
123,2482,34350,10.0
123,2483,34359,9.0
123,2484,34371,12.0
123,2485,34381,10.0
123,2486,34393,12.0
123,2487,34403,10.0
123,2488,34413,10.0
123,2489,34422,9.0
123,2490,34438,16.0
123,2491,34449,11.0
123,2492,34457,8.0
123,2493,34473,16.0
123,2494,34490,17.0
123,2495,34498,8.0
123,2496,34510,12.0
123,2497,34521,11.0
123,2498,34531,10.0
123,2499,34542,11.0
123,2500,34552,10.0
123,2501,34562,10.0
123,2502,34572,10.0
123,2503,34582,10.0
123,2504,34591,9.0
123,2505,34599,8.0
123,2506,34611,12.0
123,2507,34622,11.0
123,2508,34632,10.0
123,2509,34641,9.0
123,2510,34651,10.0
123,2511,34665,14.0
123,2512,34673,8.0
123,2513,34683,10.0
123,2514,34692,9.0
123,2515,34708,16.0
123,2516,34718,10.0
123,2517,34730,12.0
123,2518,34739,9.0
123,2519,34750,11.0
123,2520,34760,10.0
123,2521,34768,8.0
123,2522,34777,9.0
123,2523,34786,9.0
123,2524,34795,9.0
123,2525,34807,12.0
123,2526,34822,15.0
123,2527,34836,14.0
123,2528,34845,9.0
123,2529,34855,10.0
123,2530,34865,10.0
123,2531,34878,13.0
123,2532,34892,14.0
123,2533,34904,12.0
123,2534,34912,8.0
123,2535,34922,10.0
123,2536,34934,12.0
123,2537,34943,9.0
123,2538,34957,14.0
123,2539,34968,11.0
123,2540,34976,8.0
123,2541,34989,13.0
123,2542,34998,9.0
123,2543,35007,9.0
123,2544,35017,10.0
123,2545,35026,9.0
123,2546,35034,8.0
123,2547,35044,10.0
123,2548,35053,9.0
123,2549,35063,10.0
123,2550,35074,11.0
123,2551,35084,10.0
123,2552,35096,12.0
123,2553,35107,11.0
123,2554,35117,10.0
123,2555,35127,10.0
123,2556,35136,9.0
123,2557,35148,12.0
123,2558,35160,12.0
123,2559,35169,9.0
123,2560,35179,10.0
123,2561,35190,11.0
123,2562,35199,9.0
123,2563,35211,12.0
123,2564,35221,10.0
123,2565,35231,10.0
123,2566,35243,12.0
123,2567,35255,12.0
123,2568,35265,10.0
123,2569,35276,11.0
123,2570,35286,10.0
123,2571,35297,11.0
123,2572,35307,10.0
123,2573,35316,9.0
123,2574,35325,9.0
123,2575,35334,9.0
123,2576,35348,14.0
123,2577,35358,10.0
123,2578,35368,10.0
123,2579,35389,21.0
123,2580,35398,9.0
123,2581,35409,11.0
123,2582,35420,11.0
123,2583,35429,9.0
123,2584,35438,9.0
123,2585,35447,9.0
123,2586,35455,8.0
123,2587,35465,10.0
123,2588,35477,12.0
123,2589,35486,9.0
123,2590,35499,13.0
123,2591,35509,10.0
123,2592,35522,13.0
123,2593,35531,9.0
123,2594,35541,10.0
123,2595,35550,9.0
123,2596,35559,9.0
123,2597,35568,9.0
123,2598,35580,12.0
123,2599,35589,9.0
123,2600,35599,10.0
123,2601,35610,11.0
123,2602,35623,13.0
123,2603,35634,11.0
123,2604,35646,12.0
123,2605,35655,9.0
123,2606,35665,10.0
123,2607,35674,9.0
123,2608,35682,8.0
123,2609,35697,15.0
123,2610,35707,10.0
123,2611,35715,8.0
123,2612,35725,10.0
123,2613,35736,11.0
123,2614,35747,11.0
123,2615,35758,11.0
123,2616,35770,12.0
123,2617,35780,10.0
123,2618,35790,10.0
123,2619,35802,12.0
123,2620,35812,10.0
123,2621,35821,9.0
123,2622,35831,10.0
123,2623,35841,10.0
123,2624,35850,9.0
123,2625,35860,10.0
123,2626,35869,9.0
123,2627,35879,10.0
123,2628,35891,12.0
123,2629,35902,11.0
123,2630,35922,20.0
123,2631,35942,20.0
123,2632,35952,10.0
123,2633,35965,13.0
123,2634,35980,15.0
123,2635,35991,11.0
123,2636,35999,8.0
123,2637,36008,9.0
123,2638,36020,12.0
123,2639,36031,11.0
123,2640,36041,10.0
123,2641,36051,10.0
123,2642,36060,9.0
123,2643,36070,10.0
123,2644,36084,14.0
123,2645,36094,10.0
123,2646,36104,10.0
123,2647,36114,10.0
123,2648,36124,10.0
123,2649,36135,11.0
123,2650,36147,12.0
123,2651,36159,12.0
123,2652,36171,12.0
123,2653,36180,9.0
123,2654,36195,15.0
123,2655,36204,9.0
123,2656,36212,8.0
123,2657,36220,8.0
123,2658,36232,12.0
123,2659,36242,10.0
123,2660,36255,13.0
123,2661,36264,9.0
123,2662,36276,12.0
123,2663,36284,8.0
123,2664,36293,9.0
123,2665,36304,11.0
123,2666,36315,11.0
123,2667,36324,9.0
123,2668,36335,11.0
123,2669,36343,8.0
123,2670,36353,10.0
123,2671,36367,14.0
123,2672,36376,9.0
123,2673,36392,16.0
123,2674,36402,10.0
123,2675,36412,10.0
123,2676,36421,9.0
123,2677,36430,9.0
123,2678,36439,9.0
123,2679,36449,10.0
123,2680,36458,9.0
123,2681,36472,14.0
123,2682,36485,13.0
123,2683,36494,9.0
123,2684,36502,8.0
123,2685,36510,8.0
123,2686,36522,12.0
123,2687,36536,14.0
123,2688,36545,9.0
123,2689,36554,9.0
123,2690,36564,10.0
123,2691,36574,10.0
123,2692,36583,9.0
123,2693,36594,11.0
123,2694,36602,8.0
123,2695,36611,9.0
123,2696,36623,12.0
123,2697,36632,9.0
123,2698,36644,12.0
123,2699,36654,10.0
123,2700,36664,10.0
123,2701,36674,10.0
123,2702,36685,11.0
123,2703,36696,11.0
123,2704,36705,9.0
123,2705,36720,15.0
123,2706,36730,10.0
123,2707,36740,10.0
123,2708,36755,15.0
123,2709,36766,11.0
123,2710,36783,17.0
123,2711,36792,9.0
123,2712,36802,10.0
123,2713,36811,9.0
123,2714,36825,14.0
123,2715,36839,14.0
123,2716,36853,14.0
123,2717,36864,11.0
123,2718,36875,11.0
123,2719,36885,10.0
123,2720,36895,10.0
123,2721,36904,9.0
123,2722,36916,12.0
123,2723,36927,11.0
123,2724,36937,10.0
123,2725,36946,9.0
123,2726,36961,15.0
123,2727,36972,11.0
123,2728,36982,10.0
123,2729,36992,10.0
123,2730,37001,9.0
123,2731,37011,10.0
123,2732,37022,11.0
123,2733,37034,12.0
123,2734,37046,12.0
123,2735,37054,8.0
123,2736,37064,10.0
123,2737,37074,10.0
123,2738,37088,14.0
123,2739,37096,8.0
123,2740,37106,10.0
123,2741,37117,11.0
123,2742,37127,10.0
123,2743,37136,9.0
123,2744,37146,10.0
123,2745,37156,10.0
123,2746,37166,10.0
123,2747,37180,14.0
123,2748,37188,8.0
123,2749,37199,11.0
123,2750,37209,10.0
123,2751,37221,12.0
123,2752,37230,9.0
123,2753,37260,30.0
123,2754,37272,12.0
123,2755,37281,9.0
123,2756,37292,11.0
123,2757,37303,11.0
123,2758,37321,18.0
123,2759,37332,11.0
123,2760,37342,10.0
123,2761,37351,9.0
123,2762,37361,10.0
123,2763,37377,16.0
123,2764,37386,9.0
123,2765,37396,10.0
123,2766,37408,12.0
123,2767,37420,12.0
123,2768,37431,11.0
123,2769,37442,11.0
123,2770,37450,8.0
123,2771,37469,19.0
123,2772,37480,11.0
123,2773,37489,9.0
123,2774,37501,12.0
123,2775,37511,10.0
123,2776,37522,11.0
123,2777,37531,9.0
123,2778,37543,12.0
123,2779,37552,9.0
123,2780,37562,10.0
123,2781,37579,17.0
123,2782,37590,11.0
123,2783,37598,8.0
123,2784,37611,13.0
123,2785,37623,12.0
123,2786,37632,9.0
123,2787,37642,10.0
123,2788,37656,14.0
123,2789,37667,11.0
123,2790,37679,12.0
123,2791,37689,10.0
123,2792,37698,9.0
123,2793,37709,11.0
123,2794,37721,12.0
123,2795,37732,11.0
123,2796,37743,11.0
123,2797,37753,10.0
123,2798,37764,11.0
123,2799,37774,10.0
123,2800,37788,14.0
123,2801,37799,11.0
123,2802,37809,10.0
123,2803,37820,11.0
123,2804,37835,15.0
123,2805,37850,15.0
123,2806,37860,10.0
123,2807,37872,12.0
123,2808,37884,12.0
123,2809,37894,10.0
123,2810,37904,10.0
123,2811,37913,9.0
123,2812,37921,8.0
123,2813,37932,11.0
123,2814,37943,11.0
123,2815,37955,12.0
123,2816,37964,9.0
123,2817,37974,10.0
123,2818,37989,15.0
123,2819,38001,12.0
123,2820,38029,28.0
123,2821,38052,23.0
123,2822,38065,13.0
123,2823,38076,11.0
123,2824,38087,11.0
123,2825,38101,14.0
123,2826,38113,12.0
123,2827,38122,9.0
123,2828,38135,13.0
123,2829,38145,10.0
123,2830,38155,10.0
123,2831,38164,9.0
123,2832,38179,15.0
123,2833,38189,10.0
123,2834,38206,17.0
123,2835,38215,9.0
123,2836,38227,12.0
123,2837,38235,8.0
123,2838,38246,11.0
123,2839,38254,8.0
123,2840,38264,10.0
123,2841,38274,10.0
123,2842,38283,9.0
123,2843,38291,8.0
123,2844,38300,9.0
123,2845,38309,9.0
123,2846,38321,12.0
123,2847,38331,10.0
123,2848,38342,11.0
123,2849,38360,18.0
123,2850,38369,9.0
123,2851,38378,9.0
123,2852,38388,10.0
123,2853,38397,9.0
123,2854,38408,11.0
123,2855,38419,11.0
123,2856,38430,11.0
123,2857,38440,10.0
123,2858,38452,12.0
123,2859,38461,9.0
123,2860,38470,9.0
123,2861,38479,9.0
123,2862,38489,10.0
123,2863,38500,11.0
123,2864,38509,9.0
123,2865,38519,10.0
123,2866,38532,13.0
123,2867,38542,10.0
123,2868,38552,10.0
123,2869,38563,11.0
123,2870,38574,11.0
123,2871,38583,9.0
123,2872,38595,12.0
123,2873,38607,12.0
123,2874,38617,10.0
123,2875,38627,10.0
123,2876,38642,15.0
123,2877,38651,9.0
123,2878,38663,12.0
123,2879,38672,9.0
123,2880,38681,9.0
123,2881,38692,11.0
123,2882,38703,11.0
123,2883,38713,10.0
123,2884,38722,9.0
123,2885,38735,13.0
123,2886,38745,10.0
123,2887,38758,13.0
123,2888,38768,10.0
123,2889,38779,11.0
123,2890,38792,13.0
123,2891,38801,9.0
123,2892,38810,9.0
123,2893,38822,12.0
123,2894,38831,9.0
123,2895,38841,10.0
123,2896,38851,10.0
123,2897,38863,12.0
123,2898,38874,11.0
123,2899,38884,10.0
123,2900,38894,10.0
123,2901,38904,10.0
123,2902,38915,11.0
123,2903,38925,10.0
123,2904,38934,9.0
123,2905,38943,9.0
123,2906,38958,15.0
123,2907,38968,10.0
123,2908,38978,10.0
123,2909,38992,14.0
123,2910,39005,13.0
123,2911,39014,9.0
123,2912,39026,12.0
123,2913,39035,9.0
123,2914,39044,9.0
123,2915,39056,12.0
123,2916,39067,11.0
123,2917,39077,10.0
123,2918,39088,11.0
123,2919,39100,12.0
123,2920,39108,8.0
123,2921,39118,10.0
123,2922,39129,11.0
123,2923,39145,16.0
123,2924,39154,9.0
123,2925,39165,11.0
123,2926,39174,9.0
123,2927,39184,10.0
123,2928,39194,10.0
123,2929,39205,11.0
123,2930,39216,11.0
123,2931,39224,8.0
123,2932,39237,13.0
123,2933,39253,16.0
123,2934,39264,11.0
123,2935,39273,9.0
123,2936,39285,12.0
123,2937,39295,10.0
123,2938,39306,11.0
123,2939,39315,9.0
123,2940,39326,11.0
123,2941,39338,12.0
123,2942,39350,12.0
123,2943,39363,13.0
123,2944,39374,11.0
123,2945,39386,12.0
123,2946,39398,12.0
123,2947,39408,10.0
123,2948,39423,15.0
123,2949,39431,8.0
123,2950,39443,12.0
123,2951,39452,9.0
123,2952,39461,9.0
123,2953,39478,17.0
123,2954,39488,10.0
123,2955,39498,10.0
123,2956,39508,10.0
123,2957,39519,11.0
123,2958,39529,10.0
123,2959,39539,10.0
123,2960,39548,9.0
123,2961,39557,9.0
123,2962,39567,10.0
123,2963,39576,9.0
123,2964,39590,14.0
123,2965,39600,10.0
123,2966,39609,9.0
123,2967,39618,9.0
123,2968,39628,10.0
123,2969,39642,14.0
123,2970,39652,10.0
123,2971,39662,10.0
123,2972,39676,14.0
123,2973,39685,9.0
123,2974,39693,8.0
123,2975,39702,9.0
123,2976,39718,16.0
123,2977,39730,12.0
123,2978,39742,12.0
123,2979,39752,10.0
123,2980,39761,9.0
123,2981,39774,13.0
123,2982,39785,11.0
123,2983,39793,8.0
123,2984,39802,9.0
123,2985,39814,12.0
123,2986,39832,18.0
123,2987,39842,10.0
123,2988,39855,13.0
123,2989,39864,9.0
123,2990,39875,11.0
123,2991,39886,11.0
123,2992,39896,10.0
123,2993,39905,9.0
123,2994,39917,12.0
123,2995,39926,9.0
123,2996,39937,11.0
123,2997,39947,10.0
123,2998,39957,10.0
123,2999,39969,12.0
123,3000,39979,10.0
123,3001,39990,11.0
123,3002,40001,11.0
123,3003,40009,8.0
123,3004,40019,10.0
123,3005,40029,10.0
123,3006,40042,13.0
123,3007,40052,10.0
123,3008,40063,11.0
123,3009,40073,10.0
123,3010,40084,11.0
123,3011,40094,10.0
123,3012,40106,12.0
123,3013,40115,9.0
123,3014,40125,10.0
123,3015,40137,12.0
123,3016,40157,20.0
123,3017,40167,10.0
123,3018,40177,10.0
123,3019,40187,10.0
123,3020,40203,16.0
123,3021,40214,11.0
123,3022,40224,10.0
123,3023,40237,13.0
123,3024,40252,15.0
123,3025,40264,12.0
123,3026,40278,14.0
123,3027,40289,11.0
123,3028,40299,10.0
123,3029,40310,11.0
123,3030,40321,11.0
123,3031,40330,9.0
123,3032,40340,10.0
123,3033,40350,10.0
123,3034,40358,8.0
123,3035,40369,11.0
123,3036,40380,11.0
123,3037,40388,8.0
123,3038,40401,13.0
123,3039,40411,10.0
123,3040,40428,17.0
123,3041,40438,10.0
123,3042,40448,10.0
123,3043,40459,11.0
123,3044,40471,12.0
123,3045,40480,9.0
123,3046,40490,10.0
123,3047,40500,10.0
123,3048,40512,12.0
123,3049,40521,9.0
123,3050,40533,12.0
123,3051,40546,13.0
123,3052,40556,10.0
123,3053,40567,11.0
123,3054,40577,10.0
123,3055,40590,13.0
123,3056,40602,12.0
123,3057,40621,19.0
123,3058,40632,11.0
123,3059,40644,12.0
123,3060,40652,8.0
123,3061,40662,10.0
123,3062,40672,10.0
123,3063,40681,9.0
123,3064,40691,10.0
123,3065,40699,8.0
123,3066,40708,9.0
123,3067,40717,9.0
123,3068,40730,13.0
123,3069,40741,11.0
123,3070,40750,9.0
123,3071,40763,13.0
123,3072,40774,11.0
123,3073,40787,13.0
123,3074,40806,19.0
123,3075,40818,12.0
123,3076,40828,10.0
123,3077,40838,10.0
123,3078,40847,9.0
123,3079,40860,13.0
123,3080,40869,9.0
123,3081,40878,9.0
123,3082,40886,8.0
123,3083,40895,9.0
123,3084,40904,9.0
123,3085,40914,10.0
123,3086,40924,10.0
123,3087,40934,10.0
123,3088,40946,12.0
123,3089,40958,12.0
123,3090,40967,9.0
123,3091,40976,9.0
123,3092,40990,14.0
123,3093,41000,10.0
123,3094,41009,9.0
123,3095,41021,12.0
123,3096,41030,9.0
123,3097,41041,11.0
123,3098,41050,9.0
123,3099,41058,8.0
123,3100,41067,9.0
123,3101,41079,12.0
123,3102,41090,11.0
123,3103,41104,14.0
123,3104,41116,12.0
123,3105,41127,11.0
123,3106,41139,12.0
123,3107,41149,10.0
123,3108,41160,11.0
123,3109,41170,10.0
123,3110,41179,9.0
123,3111,41188,9.0
123,3112,41201,13.0
123,3113,41213,12.0
123,3114,41227,14.0
123,3115,41237,10.0
123,3116,41246,9.0
123,3117,41256,10.0
123,3118,41268,12.0
123,3119,41280,12.0
123,3120,41291,11.0
123,3121,41301,10.0
123,3122,41313,12.0
123,3123,41323,10.0
123,3124,41332,9.0
123,3125,41345,13.0
123,3126,41354,9.0
123,3127,41364,10.0
123,3128,41377,13.0
123,3129,41390,13.0
123,3130,41405,15.0
123,3131,41417,12.0
123,3132,41436,19.0
123,3133,41447,11.0
123,3134,41456,9.0
123,3135,41467,11.0
123,3136,41478,11.0
123,3137,41487,9.0
123,3138,41496,9.0
123,3139,41509,13.0
123,3140,41522,13.0
123,3141,41533,11.0
123,3142,41542,9.0
123,3143,41554,12.0
123,3144,41563,9.0
123,3145,41576,13.0
123,3146,41587,11.0
123,3147,41596,9.0
123,3148,41609,13.0
123,3149,41618,9.0
123,3150,41628,10.0
123,3151,41637,9.0
123,3152,41654,17.0
123,3153,41662,8.0
123,3154,41672,10.0
123,3155,41682,10.0
123,3156,41690,8.0
123,3157,41699,9.0
123,3158,41711,12.0
123,3159,41720,9.0
123,3160,41730,10.0
123,3161,41741,11.0
123,3162,41749,8.0
123,3163,41761,12.0
123,3164,41769,8.0
123,3165,41778,9.0
123,3166,41789,11.0
123,3167,41798,9.0
123,3168,41809,11.0
123,3169,41820,11.0
123,3170,41829,9.0
123,3171,41841,12.0
123,3172,41851,10.0
123,3173,41860,9.0
123,3174,41871,11.0
123,3175,41881,10.0
123,3176,41894,13.0
123,3177,41903,9.0
123,3178,41918,15.0
123,3179,41928,10.0
123,3180,41937,9.0
123,3181,41952,15.0
123,3182,41963,11.0
123,3183,41976,13.0
123,3184,41986,10.0
123,3185,41999,13.0
123,3186,42010,11.0
123,3187,42020,10.0
123,3188,42032,12.0
123,3189,42044,12.0
123,3190,42056,12.0
123,3191,42065,9.0
123,3192,42073,8.0
123,3193,42087,14.0
123,3194,42105,18.0
123,3195,42118,13.0
123,3196,42128,10.0
123,3197,42143,15.0
123,3198,42153,10.0
123,3199,42162,9.0
123,3200,42173,11.0
123,3201,42183,10.0
123,3202,42197,14.0
123,3203,42208,11.0
123,3204,42218,10.0
123,3205,42235,17.0
123,3206,42245,10.0
123,3207,42257,12.0
123,3208,42267,10.0
123,3209,42279,12.0
123,3210,42290,11.0
123,3211,42302,12.0
123,3212,42310,8.0
123,3213,42319,9.0
123,3214,42327,8.0
123,3215,42337,10.0
123,3216,42348,11.0
123,3217,42358,10.0
123,3218,42368,10.0
123,3219,42378,10.0
123,3220,42392,14.0
123,3221,42402,10.0
123,3222,42413,11.0
123,3223,42422,9.0
123,3224,42432,10.0
123,3225,42442,10.0
123,3226,42457,15.0
123,3227,42472,15.0
123,3228,42482,10.0
123,3229,42491,9.0
123,3230,42504,13.0
123,3231,42513,9.0
123,3232,42523,10.0
123,3233,42537,14.0
123,3234,42546,9.0
123,3235,42560,14.0
123,3236,42570,10.0
123,3237,42579,9.0
123,3238,42590,11.0
123,3239,42609,19.0
123,3240,42620,11.0
123,3241,42630,10.0
123,3242,42644,14.0
123,3243,42655,11.0
123,3244,42668,13.0
123,3245,42678,10.0
123,3246,42686,8.0
123,3247,42698,12.0
123,3248,42711,13.0
123,3249,42720,9.0
123,3250,42744,24.0
123,3251,42754,10.0
123,3252,42764,10.0
123,3253,42776,12.0
123,3254,42787,11.0
123,3255,42799,12.0
123,3256,42811,12.0
123,3257,42832,21.0
123,3258,42844,12.0
123,3259,42854,10.0
123,3260,42864,10.0
123,3261,42873,9.0
123,3262,42884,11.0
123,3263,42894,10.0
123,3264,42903,9.0
123,3265,42916,13.0
123,3266,42924,8.0
123,3267,42937,13.0
123,3268,42955,18.0
123,3269,42964,9.0
123,3270,42978,14.0
123,3271,42987,9.0
123,3272,42996,9.0
123,3273,43007,11.0
123,3274,43015,8.0
123,3275,43024,9.0
123,3276,43038,14.0
123,3277,43055,17.0
123,3278,43066,11.0
123,3279,43075,9.0
123,3280,43088,13.0
123,3281,43100,12.0
123,3282,43115,15.0
123,3283,43125,10.0
123,3284,43148,23.0
123,3285,43160,12.0
123,3286,43169,9.0
123,3287,43178,9.0
123,3288,43189,11.0
123,3289,43207,18.0
123,3290,43217,10.0
123,3291,43234,17.0
123,3292,43249,15.0
123,3293,43257,8.0
123,3294,43268,11.0
123,3295,43278,10.0
123,3296,43292,14.0
123,3297,43304,12.0
123,3298,43314,10.0
123,3299,43324,10.0
123,3300,43335,11.0
123,3301,43347,12.0
123,3302,43359,12.0
123,3303,43369,10.0
123,3304,43378,9.0
123,3305,43410,32.0
123,3306,43420,10.0
123,3307,43431,11.0
123,3308,43440,9.0
123,3309,43451,11.0
123,3310,43460,9.0
123,3311,43468,8.0
123,3312,43480,12.0
123,3313,43501,21.0
123,3314,43510,9.0
123,3315,43520,10.0
123,3316,43530,10.0
123,3317,43541,11.0
123,3318,43556,15.0
123,3319,43565,9.0
123,3320,43575,10.0
123,3321,43585,10.0
123,3322,43594,9.0
123,3323,43602,8.0
123,3324,43614,12.0
123,3325,43626,12.0
123,3326,43638,12.0
123,3327,43648,10.0
123,3328,43657,9.0
123,3329,43670,13.0
123,3330,43680,10.0
123,3331,43691,11.0
123,3332,43700,9.0
123,3333,43708,8.0
123,3334,43717,9.0
123,3335,43734,17.0
123,3336,43744,10.0
123,3337,43753,9.0
123,3338,43773,20.0
123,3339,43783,10.0
123,3340,43794,11.0
123,3341,43803,9.0
123,3342,43816,13.0
123,3343,43826,10.0
123,3344,43839,13.0
123,3345,43850,11.0
123,3346,43863,13.0
123,3347,43876,13.0
123,3348,43893,17.0
123,3349,43903,10.0
123,3350,43913,10.0
123,3351,43927,14.0
123,3352,43937,10.0
123,3353,43947,10.0
123,3354,43956,9.0
123,3355,43966,10.0
123,3356,43978,12.0
123,3357,43992,14.0
123,3358,44002,10.0
123,3359,44012,10.0
123,3360,44030,18.0
123,3361,44044,14.0
123,3362,44053,9.0
123,3363,44071,18.0
123,3364,44080,9.0
123,3365,44089,9.0
123,3366,44099,10.0
123,3367,44119,20.0
123,3368,44129,10.0
123,3369,44137,8.0
123,3370,44147,10.0
123,3371,44155,8.0
123,3372,44168,13.0
123,3373,44177,9.0
123,3374,44186,9.0
123,3375,44200,14.0
123,3376,44211,11.0
123,3377,44220,9.0
123,3378,44230,10.0
123,3379,44248,18.0
123,3380,44259,11.0
123,3381,44270,11.0
123,3382,44279,9.0
123,3383,44290,11.0
123,3384,44299,9.0
123,3385,44309,10.0
123,3386,44318,9.0
123,3387,44333,15.0
123,3388,44343,10.0
123,3389,44353,10.0
123,3390,44364,11.0
123,3391,44372,8.0
123,3392,44388,16.0
123,3393,44398,10.0
123,3394,44408,10.0
123,3395,44420,12.0
123,3396,44432,12.0
123,3397,44443,11.0
123,3398,44452,9.0
123,3399,44461,9.0
123,3400,44471,10.0
123,3401,44479,8.0
123,3402,44490,11.0
123,3403,44499,9.0
123,3404,44509,10.0
123,3405,44519,10.0
123,3406,44530,11.0
123,3407,44543,13.0
123,3408,44552,9.0
123,3409,44560,8.0
123,3410,44572,12.0
123,3411,44583,11.0
123,3412,44592,9.0
123,3413,44602,10.0
123,3414,44616,14.0
123,3415,44629,13.0
123,3416,44639,10.0
123,3417,44652,13.0
123,3418,44662,10.0
123,3419,44672,10.0
123,3420,44687,15.0
123,3421,44698,11.0
123,3422,44710,12.0
123,3423,44726,16.0
123,3424,44738,12.0
123,3425,44747,9.0
123,3426,44769,22.0
123,3427,44779,10.0
123,3428,44793,14.0
123,3429,44805,12.0
123,3430,44813,8.0
123,3431,44823,10.0
123,3432,44834,11.0
123,3433,44843,9.0
123,3434,44853,10.0
123,3435,44864,11.0
123,3436,44875,11.0
123,3437,44885,10.0
123,3438,44895,10.0
123,3439,44903,8.0
123,3440,44912,9.0
123,3441,44924,12.0
123,3442,44934,10.0
123,3443,44948,14.0
123,3444,44957,9.0
123,3445,44967,10.0
123,3446,44981,14.0
123,3447,44992,11.0
123,3448,45001,9.0
123,3449,45015,14.0
123,3450,45025,10.0
123,3451,45035,10.0
123,3452,45049,14.0
123,3453,45058,9.0
123,3454,45069,11.0
123,3455,45079,10.0
123,3456,45089,10.0
123,3457,45100,11.0
123,3458,45110,10.0
123,3459,45119,9.0
123,3460,45131,12.0
123,3461,45140,9.0
123,3462,45150,10.0
123,3463,45159,9.0
123,3464,45172,13.0
123,3465,45187,15.0
123,3466,45195,8.0
123,3467,45214,19.0
123,3468,45224,10.0
123,3469,45235,11.0
123,3470,45246,11.0
123,3471,45258,12.0
123,3472,45267,9.0
123,3473,45275,8.0
123,3474,45285,10.0
123,3475,45294,9.0
123,3476,45304,10.0
123,3477,45315,11.0
123,3478,45324,9.0
123,3479,45335,11.0
123,3480,45345,10.0
123,3481,45369,24.0
123,3482,45381,12.0
123,3483,45394,13.0
123,3484,45406,12.0
123,3485,45417,11.0
123,3486,45426,9.0
123,3487,45437,11.0
123,3488,45449,12.0
123,3489,45462,13.0
123,3490,45473,11.0
123,3491,45487,14.0
123,3492,45502,15.0
123,3493,45512,10.0
123,3494,45522,10.0
123,3495,45531,9.0
123,3496,45542,11.0
123,3497,45559,17.0
123,3498,45575,16.0
123,3499,45586,11.0
123,3500,45595,9.0
123,3501,45608,13.0
123,3502,45620,12.0
123,3503,45629,9.0
123,3504,45638,9.0
123,3505,45647,9.0
123,3506,45657,10.0
123,3507,45668,11.0
123,3508,45679,11.0
123,3509,45690,11.0
123,3510,45699,9.0
123,3511,45709,10.0
123,3512,45723,14.0
123,3513,45732,9.0
123,3514,45740,8.0
123,3515,45748,8.0
123,3516,45756,8.0
123,3517,45769,13.0
123,3518,45784,15.0
123,3519,45792,8.0
123,3520,45805,13.0
123,3521,45817,12.0
123,3522,45827,10.0
123,3523,45847,20.0
123,3524,45858,11.0
123,3525,45868,10.0
123,3526,45879,11.0
123,3527,45889,10.0
123,3528,45897,8.0
123,3529,45906,9.0
123,3530,45915,9.0
123,3531,45925,10.0
123,3532,45936,11.0
123,3533,45946,10.0
123,3534,45958,12.0
123,3535,45970,12.0
123,3536,45980,10.0
123,3537,45995,15.0
123,3538,46008,13.0
123,3539,46017,9.0
123,3540,46028,11.0
123,3541,46040,12.0
123,3542,46050,10.0
123,3543,46058,8.0
123,3544,46067,9.0
123,3545,46076,9.0
123,3546,46086,10.0
123,3547,46104,18.0
123,3548,46116,12.0
123,3549,46125,9.0
123,3550,46134,9.0
123,3551,46142,8.0
123,3552,46153,11.0
123,3553,46162,9.0
123,3554,46176,14.0
123,3555,46184,8.0
123,3556,46195,11.0
123,3557,46206,11.0
123,3558,46221,15.0
123,3559,46231,10.0
123,3560,46240,9.0
123,3561,46250,10.0
123,3562,46262,12.0
123,3563,46281,19.0
123,3564,46289,8.0
123,3565,46301,12.0
123,3566,46312,11.0
123,3567,46322,10.0
123,3568,46332,10.0
123,3569,46344,12.0
123,3570,46356,12.0
123,3571,46366,10.0
123,3572,46374,8.0
123,3573,46385,11.0
123,3574,46400,15.0
123,3575,46412,12.0
123,3576,46422,10.0
123,3577,46437,15.0
123,3578,46447,10.0
123,3579,46456,9.0
123,3580,46466,10.0
123,3581,46480,14.0
123,3582,46489,9.0
123,3583,46504,15.0
123,3584,46516,12.0
123,3585,46527,11.0
123,3586,46539,12.0
123,3587,46550,11.0
123,3588,46558,8.0
123,3589,46570,12.0
123,3590,46579,9.0
123,3591,46588,9.0
123,3592,46600,12.0
123,3593,46610,10.0
123,3594,46620,10.0
123,3595,46630,10.0
123,3596,46642,12.0
123,3597,46650,8.0
123,3598,46661,11.0
123,3599,46673,12.0
123,3600,46683,10.0
123,3601,46693,10.0
123,3602,46706,13.0
123,3603,46717,11.0
123,3604,46728,11.0
123,3605,46737,9.0
123,3606,46749,12.0
123,3607,46757,8.0
123,3608,46770,13.0
123,3609,46780,10.0
123,3610,46790,10.0
123,3611,46799,9.0
123,3612,46811,12.0
123,3613,46819,8.0
123,3614,46830,11.0
123,3615,46841,11.0
123,3616,46853,12.0
123,3617,46864,11.0
123,3618,46874,10.0
123,3619,46883,9.0
123,3620,46894,11.0
123,3621,46904,10.0
123,3622,46913,9.0
123,3623,46926,13.0
123,3624,46935,9.0
123,3625,46947,12.0
123,3626,46958,11.0
123,3627,46972,14.0
123,3628,46982,10.0
123,3629,46992,10.0
123,3630,47002,10.0
123,3631,47010,8.0
123,3632,47022,12.0
123,3633,47033,11.0
123,3634,47042,9.0
123,3635,47052,10.0
123,3636,47064,12.0
123,3637,47072,8.0
123,3638,47082,10.0
123,3639,47095,13.0
123,3640,47105,10.0
123,3641,47119,14.0
123,3642,47129,10.0
123,3643,47141,12.0
123,3644,47151,10.0
123,3645,47160,9.0
123,3646,47170,10.0
123,3647,47178,8.0
123,3648,47188,10.0
123,3649,47200,12.0
123,3650,47210,10.0
123,3651,47222,12.0
123,3652,47233,11.0
123,3653,47245,12.0
123,3654,47257,12.0
123,3655,47266,9.0
123,3656,47278,12.0
123,3657,47286,8.0
123,3658,47299,13.0
123,3659,47308,9.0
123,3660,47317,9.0
123,3661,47328,11.0
123,3662,47338,10.0
123,3663,47350,12.0
123,3664,47361,11.0
123,3665,47371,10.0
123,3666,47380,9.0
123,3667,47390,10.0
123,3668,47400,10.0
123,3669,47415,15.0
123,3670,47425,10.0
123,3671,47435,10.0
123,3672,47444,9.0
123,3673,47454,10.0
123,3674,47463,9.0
123,3675,47475,12.0
123,3676,47485,10.0
123,3677,47497,12.0
123,3678,47507,10.0
123,3679,47516,9.0
123,3680,47528,12.0
123,3681,47545,17.0
123,3682,47556,11.0
123,3683,47565,9.0
123,3684,47575,10.0
123,3685,47584,9.0
123,3686,47595,11.0
123,3687,47604,9.0
123,3688,47613,9.0
123,3689,47623,10.0
123,3690,47632,9.0
123,3691,47646,14.0
123,3692,47656,10.0
123,3693,47667,11.0
123,3694,47677,10.0
123,3695,47688,11.0
123,3696,47697,9.0
123,3697,47706,9.0
123,3698,47716,10.0
123,3699,47725,9.0
123,3700,47734,9.0
123,3701,47747,13.0
123,3702,47766,19.0
123,3703,47776,10.0
123,3704,47791,15.0
123,3705,47801,10.0
123,3706,47813,12.0
123,3707,47823,10.0
123,3708,47833,10.0
123,3709,47842,9.0
123,3710,47852,10.0
123,3711,47863,11.0
123,3712,47873,10.0
123,3713,47882,9.0
123,3714,47891,9.0
123,3715,47900,9.0
123,3716,47910,10.0
123,3717,47927,17.0
123,3718,47937,10.0
123,3719,47955,18.0
123,3720,47968,13.0
123,3721,47979,11.0
123,3722,47989,10.0
123,3723,47997,8.0
123,3724,48010,13.0
123,3725,48023,13.0
123,3726,48034,11.0
123,3727,48045,11.0
123,3728,48055,10.0
123,3729,48068,13.0
123,3730,48077,9.0
123,3731,48088,11.0
123,3732,48098,10.0
123,3733,48108,10.0
123,3734,48119,11.0
123,3735,48134,15.0
123,3736,48145,11.0
123,3737,48156,11.0
123,3738,48166,10.0
123,3739,48175,9.0
123,3740,48187,12.0
123,3741,48197,10.0
123,3742,48209,12.0
123,3743,48218,9.0
123,3744,48234,16.0
123,3745,48247,13.0
123,3746,48259,12.0
123,3747,48267,8.0
123,3748,48276,9.0
123,3749,48289,13.0
123,3750,48298,9.0
123,3751,48328,30.0
123,3752,48338,10.0
123,3753,48348,10.0
123,3754,48358,10.0
123,3755,48373,15.0
123,3756,48383,10.0
123,3757,48398,15.0
123,3758,48408,10.0
123,3759,48418,10.0
123,3760,48433,15.0
123,3761,48443,10.0
123,3762,48451,8.0
123,3763,48460,9.0
123,3764,48469,9.0
123,3765,48479,10.0
123,3766,48493,14.0
123,3767,48506,13.0
123,3768,48523,17.0
123,3769,48534,11.0
123,3770,48544,10.0
123,3771,48553,9.0
123,3772,48564,11.0
123,3773,48575,11.0
123,3774,48585,10.0
123,3775,48596,11.0
123,3776,48606,10.0
123,3777,48618,12.0
123,3778,48627,9.0
123,3779,48636,9.0
123,3780,48648,12.0
123,3781,48664,16.0
123,3782,48681,17.0
123,3783,48694,13.0
123,3784,48705,11.0
123,3785,48717,12.0
123,3786,48729,12.0
123,3787,48744,15.0
123,3788,48757,13.0
123,3789,48766,9.0
123,3790,48777,11.0
123,3791,48788,11.0
123,3792,48799,11.0
123,3793,48813,14.0
123,3794,48830,17.0
123,3795,48839,9.0
123,3796,48858,19.0
123,3797,48869,11.0
123,3798,48879,10.0
123,3799,48888,9.0
123,3800,48902,14.0
123,3801,48915,13.0
123,3802,48925,10.0
123,3803,48934,9.0
123,3804,48946,12.0
123,3805,48959,13.0
123,3806,48975,16.0
123,3807,48984,9.0
123,3808,49000,16.0
123,3809,49013,13.0
123,3810,49023,10.0
123,3811,49036,13.0
123,3812,49049,13.0
123,3813,49059,10.0
123,3814,49069,10.0
123,3815,49081,12.0
123,3816,49092,11.0
123,3817,49104,12.0
123,3818,49116,12.0
123,3819,49127,11.0
123,3820,49145,18.0
123,3821,49157,12.0
123,3822,49167,10.0
123,3823,49177,10.0
123,3824,49187,10.0
123,3825,49196,9.0
123,3826,49208,12.0
123,3827,49222,14.0
123,3828,49236,14.0
123,3829,49247,11.0
123,3830,49257,10.0
123,3831,49273,16.0
123,3832,49283,10.0
123,3833,49293,10.0
123,3834,49304,11.0
123,3835,49316,12.0
123,3836,49325,9.0
123,3837,49338,13.0
123,3838,49349,11.0
123,3839,49359,10.0
123,3840,49370,11.0
123,3841,49381,11.0
123,3842,49398,17.0
123,3843,49408,10.0
123,3844,49417,9.0
123,3845,49428,11.0
123,3846,49438,10.0
123,3847,49447,9.0
123,3848,49455,8.0
123,3849,49465,10.0
123,3850,49475,10.0
123,3851,49485,10.0
123,3852,49497,12.0
123,3853,49509,12.0
123,3854,49521,12.0
123,3855,49532,11.0
123,3856,49547,15.0
123,3857,49557,10.0
123,3858,49567,10.0
123,3859,49579,12.0
123,3860,49587,8.0
123,3861,49601,14.0
123,3862,49610,9.0
123,3863,49618,8.0
123,3864,49634,16.0
123,3865,49643,9.0
123,3866,49653,10.0
123,3867,49670,17.0
123,3868,49680,10.0
123,3869,49688,8.0
123,3870,49702,14.0
123,3871,49714,12.0
123,3872,49724,10.0
123,3873,49732,8.0
123,3874,49743,11.0
123,3875,49751,8.0
123,3876,49761,10.0
123,3877,49771,10.0
123,3878,49787,16.0
123,3879,49797,10.0
123,3880,49807,10.0
123,3881,49817,10.0
123,3882,49827,10.0
123,3883,49843,16.0
123,3884,49855,12.0
123,3885,49864,9.0
123,3886,49874,10.0
123,3887,49885,11.0
123,3888,49894,9.0
123,3889,49905,11.0
123,3890,49917,12.0
123,3891,49927,10.0
123,3892,49936,9.0
123,3893,49946,10.0
123,3894,49956,10.0
123,3895,49965,9.0
123,3896,49980,15.0
123,3897,49988,8.0
123,3898,49997,9.0
123,3899,50006,9.0
123,3900,50017,11.0
123,3901,50028,11.0
123,3902,50040,12.0
123,3903,50049,9.0
123,3904,50059,10.0
123,3905,50069,10.0
123,3906,50080,11.0
123,3907,50089,9.0
123,3908,50097,8.0
123,3909,50109,12.0
123,3910,50119,10.0
123,3911,50130,11.0
123,3912,50140,10.0
123,3913,50151,11.0
123,3914,50163,12.0
123,3915,50171,8.0
123,3916,50184,13.0
123,3917,50195,11.0
123,3918,50209,14.0
123,3919,50219,10.0
123,3920,50229,10.0
123,3921,50241,12.0
123,3922,50253,12.0
123,3923,50262,9.0
123,3924,50270,8.0
123,3925,50283,13.0
123,3926,50296,13.0
123,3927,50304,8.0
123,3928,50314,10.0
123,3929,50339,25.0
123,3930,50350,11.0
123,3931,50359,9.0
123,3932,50372,13.0
123,3933,50382,10.0
123,3934,50392,10.0
123,3935,50400,8.0
123,3936,50411,11.0
123,3937,50423,12.0
123,3938,50433,10.0
123,3939,50443,10.0
123,3940,50456,13.0
123,3941,50476,20.0
123,3942,50490,14.0
123,3943,50499,9.0
123,3944,50508,9.0
123,3945,50522,14.0
123,3946,50531,9.0
123,3947,50543,12.0
123,3948,50554,11.0
123,3949,50564,10.0
123,3950,50574,10.0
123,3951,50584,10.0
123,3952,50593,9.0
123,3953,50603,10.0
123,3954,50612,9.0
123,3955,50624,12.0
123,3956,50638,14.0
123,3957,50648,10.0
123,3958,50659,11.0
123,3959,50670,11.0
123,3960,50680,10.0
123,3961,50692,12.0
123,3962,50702,10.0
123,3963,50711,9.0
123,3964,50723,12.0
123,3965,50734,11.0
123,3966,50743,9.0
123,3967,50757,14.0
123,3968,50766,9.0
123,3969,50778,12.0
123,3970,50790,12.0
123,3971,50800,10.0
123,3972,50813,13.0
123,3973,50822,9.0
123,3974,50834,12.0
123,3975,50847,13.0
123,3976,50857,10.0
123,3977,50871,14.0
123,3978,50882,11.0
123,3979,50892,10.0
123,3980,50903,11.0
123,3981,50914,11.0
123,3982,50926,12.0
123,3983,50939,13.0
123,3984,50951,12.0
123,3985,50961,10.0
123,3986,50970,9.0
123,3987,50983,13.0
123,3988,50994,11.0
123,3989,51002,8.0
123,3990,51011,9.0
123,3991,51024,13.0
123,3992,51034,10.0
123,3993,51043,9.0
123,3994,51055,12.0
123,3995,51065,10.0
123,3996,51075,10.0
123,3997,51088,13.0
123,3998,51098,10.0
123,3999,51107,9.0
123,4000,51116,9.0
123,4001,51131,15.0
123,4002,51140,9.0
123,4003,51150,10.0
123,4004,51160,10.0
123,4005,51169,9.0
123,4006,51181,12.0
123,4007,51191,10.0
123,4008,51203,12.0
123,4009,51214,11.0
123,4010,51230,16.0
123,4011,51246,16.0
123,4012,51258,12.0
123,4013,51271,13.0
123,4014,51283,12.0
123,4015,51293,10.0
123,4016,51301,8.0
123,4017,51310,9.0
123,4018,51319,9.0
123,4019,51333,14.0
123,4020,51342,9.0
123,4021,51353,11.0
123,4022,51362,9.0
123,4023,51372,10.0
123,4024,51387,15.0
123,4025,51397,10.0
123,4026,51409,12.0
123,4027,51421,12.0
123,4028,51434,13.0
123,4029,51442,8.0
123,4030,51451,9.0
123,4031,51463,12.0
123,4032,51474,11.0
123,4033,51483,9.0
123,4034,51494,11.0
123,4035,51509,15.0
123,4036,51520,11.0
123,4037,51530,10.0
123,4038,51540,10.0
123,4039,51551,11.0
123,4040,51560,9.0
123,4041,51571,11.0
123,4042,51580,9.0
123,4043,51590,10.0
123,4044,51598,8.0
123,4045,51608,10.0
123,4046,51618,10.0
123,4047,51628,10.0
123,4048,51638,10.0
123,4049,51648,10.0
123,4050,51658,10.0
123,4051,51671,13.0
123,4052,51682,11.0
123,4053,51693,11.0
123,4054,51703,10.0
123,4055,51712,9.0
123,4056,51724,12.0
123,4057,51737,13.0
123,4058,51747,10.0
123,4059,51757,10.0
123,4060,51767,10.0
123,4061,51795,28.0
123,4062,51806,11.0
123,4063,51818,12.0
123,4064,51827,9.0
123,4065,51840,13.0
123,4066,51851,11.0
123,4067,51860,9.0
123,4068,51869,9.0
123,4069,51878,9.0
123,4070,51886,8.0
123,4071,51898,12.0
123,4072,51910,12.0
123,4073,51918,8.0
123,4074,51930,12.0
123,4075,51939,9.0
123,4076,51950,11.0
123,4077,51959,9.0
123,4078,51969,10.0
123,4079,51980,11.0
123,4080,51989,9.0
123,4081,51997,8.0
123,4082,52006,9.0
123,4083,52020,14.0
123,4084,52030,10.0
123,4085,52039,9.0
123,4086,52048,9.0
123,4087,52059,11.0
123,4088,52071,12.0
123,4089,52082,11.0
123,4090,52092,10.0
123,4091,52103,11.0
123,4092,52117,14.0
123,4093,52129,12.0
123,4094,52140,11.0
123,4095,52151,11.0
123,4096,52162,11.0
123,4097,52172,10.0
123,4098,52180,8.0
123,4099,52190,10.0
123,4100,52200,10.0
123,4101,52210,10.0
123,4102,52220,10.0
123,4103,52229,9.0
123,4104,52239,10.0
123,4105,52248,9.0
123,4106,52262,14.0
123,4107,52272,10.0
123,4108,52284,12.0
123,4109,52294,10.0
123,4110,52304,10.0
123,4111,52316,12.0
123,4112,52326,10.0
123,4113,52335,9.0
123,4114,52345,10.0
123,4115,52361,16.0
123,4116,52371,10.0
123,4117,52382,11.0
123,4118,52394,12.0
123,4119,52402,8.0
123,4120,52412,10.0
123,4121,52422,10.0
123,4122,52434,12.0
123,4123,52445,11.0
123,4124,52453,8.0
123,4125,52464,11.0
123,4126,52473,9.0
123,4127,52482,9.0
123,4128,52492,10.0
123,4129,52501,9.0
123,4130,52511,10.0
123,4131,52521,10.0
123,4132,52532,11.0
123,4133,52544,12.0
123,4134,52553,9.0
123,4135,52565,12.0
123,4136,52573,8.0
123,4137,52584,11.0
123,4138,52594,10.0
123,4139,52606,12.0
123,4140,52617,11.0
123,4141,52627,10.0
123,4142,52637,10.0
123,4143,52648,11.0
123,4144,52658,10.0
123,4145,52667,9.0
123,4146,52676,9.0
123,4147,52685,9.0
123,4148,52697,12.0
123,4149,52709,12.0
123,4150,52723,14.0
123,4151,52731,8.0
123,4152,52742,11.0
123,4153,52755,13.0
123,4154,52766,11.0
123,4155,52776,10.0
123,4156,52785,9.0
123,4157,52799,14.0
123,4158,52810,11.0
123,4159,52820,10.0
123,4160,52834,14.0
123,4161,52843,9.0
123,4162,52856,13.0
123,4163,52869,13.0
123,4164,52880,11.0
123,4165,52891,11.0
123,4166,52913,22.0
123,4167,52923,10.0
123,4168,52931,8.0
123,4169,52939,8.0
123,4170,52948,9.0
123,4171,52957,9.0
123,4172,52966,9.0
123,4173,52976,10.0
123,4174,52986,10.0
123,4175,52997,11.0
123,4176,53007,10.0
123,4177,53019,12.0
123,4178,53031,12.0
123,4179,53040,9.0
123,4180,53050,10.0
123,4181,53064,14.0
123,4182,53077,13.0
123,4183,53088,11.0
123,4184,53099,11.0
123,4185,53111,12.0
123,4186,53124,13.0
123,4187,53134,10.0
123,4188,53143,9.0
123,4189,53152,9.0
123,4190,53162,10.0
123,4191,53174,12.0
123,4192,53183,9.0
123,4193,53193,10.0
123,4194,53205,12.0
123,4195,53217,12.0
123,4196,53229,12.0
123,4197,53238,9.0
123,4198,53250,12.0
123,4199,53263,13.0
123,4200,53276,13.0
123,4201,53287,11.0
123,4202,53297,10.0
123,4203,53309,12.0
123,4204,53318,9.0
123,4205,53331,13.0
123,4206,53343,12.0
123,4207,53360,17.0
123,4208,53369,9.0
123,4209,53380,11.0
123,4210,53394,14.0
123,4211,53406,12.0
123,4212,53417,11.0
123,4213,53428,11.0
123,4214,53438,10.0
123,4215,53451,13.0
123,4216,53461,10.0
123,4217,53470,9.0
123,4218,53481,11.0
123,4219,53492,11.0
123,4220,53502,10.0
123,4221,53511,9.0
123,4222,53526,15.0
123,4223,53549,23.0
123,4224,53559,10.0
123,4225,53569,10.0
123,4226,53580,11.0
123,4227,53593,13.0
123,4228,53604,11.0
123,4229,53613,9.0
123,4230,53621,8.0
123,4231,53631,10.0
123,4232,53641,10.0
123,4233,53651,10.0
123,4234,53662,11.0
123,4235,53674,12.0
123,4236,53683,9.0
123,4237,53693,10.0
123,4238,53702,9.0
123,4239,53710,8.0
123,4240,53721,11.0
123,4241,53730,9.0
123,4242,53738,8.0
123,4243,53749,11.0
123,4244,53758,9.0
123,4245,53771,13.0
123,4246,53779,8.0
123,4247,53790,11.0
123,4248,53805,15.0
123,4249,53813,8.0
123,4250,53824,11.0
123,4251,53836,12.0
123,4252,53847,11.0
123,4253,53855,8.0
123,4254,53869,14.0
123,4255,53881,12.0
123,4256,53890,9.0
123,4257,53900,10.0
123,4258,53910,10.0
123,4259,53919,9.0
123,4260,53929,10.0
123,4261,53939,10.0
123,4262,53948,9.0
123,4263,53958,10.0
123,4264,53968,10.0
123,4265,53977,9.0
123,4266,53993,16.0
123,4267,54006,13.0
123,4268,54015,9.0
123,4269,54023,8.0
123,4270,54031,8.0
123,4271,54042,11.0
123,4272,54052,10.0
123,4273,54062,10.0
123,4274,54073,11.0
123,4275,54082,9.0
123,4276,54093,11.0
123,4277,54103,10.0
123,4278,54113,10.0
123,4279,54121,8.0
123,4280,54129,8.0
123,4281,54139,10.0
123,4282,54149,10.0
123,4283,54160,11.0
123,4284,54172,12.0
123,4285,54181,9.0
123,4286,54192,11.0
123,4287,54203,11.0
123,4288,54213,10.0
123,4289,54222,9.0
123,4290,54232,10.0
123,4291,54244,12.0
123,4292,54254,10.0
123,4293,54264,10.0
123,4294,54274,10.0
123,4295,54283,9.0
123,4296,54292,9.0
123,4297,54302,10.0
123,4298,54311,9.0
123,4299,54320,9.0
123,4300,54330,10.0
123,4301,54340,10.0
123,4302,54349,9.0
123,4303,54359,10.0
123,4304,54372,13.0
123,4305,54381,9.0
123,4306,54391,10.0
123,4307,54400,9.0
123,4308,54413,13.0
123,4309,54424,11.0
123,4310,54434,10.0
123,4311,54446,12.0
123,4312,54456,10.0
123,4313,54465,9.0
123,4314,54475,10.0
123,4315,54492,17.0
123,4316,54502,10.0
123,4317,54511,9.0
123,4318,54521,10.0
123,4319,54531,10.0
123,4320,54540,9.0
123,4321,54552,12.0
123,4322,54561,9.0
123,4323,54571,10.0
123,4324,54580,9.0
123,4325,54591,11.0
123,4326,54602,11.0
123,4327,54611,9.0
123,4328,54621,10.0
123,4329,54630,9.0
123,4330,54644,14.0
123,4331,54654,10.0
123,4332,54663,9.0
123,4333,54674,11.0
123,4334,54683,9.0
123,4335,54693,10.0
123,4336,54701,8.0
123,4337,54714,13.0
123,4338,54723,9.0
123,4339,54734,11.0
123,4340,54743,9.0
123,4341,54754,11.0
123,4342,54766,12.0
123,4343,54774,8.0
123,4344,54783,9.0
123,4345,54792,9.0
123,4346,54802,10.0
123,4347,54811,9.0
123,4348,54822,11.0
123,4349,54834,12.0
123,4350,54848,14.0
123,4351,54856,8.0
123,4352,54864,8.0
123,4353,54877,13.0
123,4354,54886,9.0
123,4355,54895,9.0
123,4356,54907,12.0
123,4357,54916,9.0
123,4358,54926,10.0
123,4359,54936,10.0
123,4360,54946,10.0
123,4361,54956,10.0
123,4362,54965,9.0
123,4363,54974,9.0
123,4364,54988,14.0
123,4365,54997,9.0
123,4366,55006,9.0
123,4367,55018,12.0
123,4368,55029,11.0
123,4369,55038,9.0
123,4370,55048,10.0
123,4371,55059,11.0
123,4372,55069,10.0
123,4373,55081,12.0
123,4374,55090,9.0
123,4375,55099,9.0
123,4376,55108,9.0
123,4377,55117,9.0
123,4378,55127,10.0
123,4379,55140,13.0
123,4380,55149,9.0
123,4381,55158,9.0
123,4382,55172,14.0
123,4383,55180,8.0
123,4384,55188,8.0
123,4385,55196,8.0
123,4386,55205,9.0
123,4387,55215,10.0
123,4388,55225,10.0
123,4389,55236,11.0
123,4390,55246,10.0
123,4391,55255,9.0
123,4392,55265,10.0
123,4393,55274,9.0
123,4394,55284,10.0
123,4395,55296,12.0
123,4396,55306,10.0
123,4397,55315,9.0
123,4398,55328,13.0
123,4399,55337,9.0
123,4400,55349,12.0
123,4401,55358,9.0
123,4402,55367,9.0
123,4403,55377,10.0
123,4404,55388,11.0
123,4405,55398,10.0
123,4406,55410,12.0
123,4407,55421,11.0
123,4408,55432,11.0
123,4409,55442,10.0
123,4410,55454,12.0
123,4411,55464,10.0
123,4412,55475,11.0
123,4413,55485,10.0
123,4414,55496,11.0
123,4415,55511,15.0
123,4416,55521,10.0
123,4417,55536,15.0
123,4418,55544,8.0
123,4419,55554,10.0
123,4420,55572,18.0
123,4421,55582,10.0
123,4422,55592,10.0
123,4423,55601,9.0
123,4424,55613,12.0
123,4425,55624,11.0
123,4426,55633,9.0
123,4427,55642,9.0
123,4428,55653,11.0
123,4429,55665,12.0
123,4430,55680,15.0
123,4431,55691,11.0
123,4432,55704,13.0
123,4433,55718,14.0
123,4434,55728,10.0
123,4435,55737,9.0
123,4436,55748,11.0
123,4437,55759,11.0
123,4438,55770,11.0
123,4439,55778,8.0
123,4440,55788,10.0
123,4441,55797,9.0
123,4442,55810,13.0
123,4443,55820,10.0
123,4444,55830,10.0
123,4445,55845,15.0
123,4446,55854,9.0
123,4447,55864,10.0
123,4448,55874,10.0
123,4449,55887,13.0
123,4450,55897,10.0
123,4451,55912,15.0
123,4452,55923,11.0
123,4453,55937,14.0
123,4454,55946,9.0
123,4455,55957,11.0
123,4456,55968,11.0
123,4457,55981,13.0
123,4458,55996,15.0
123,4459,56007,11.0
123,4460,56017,10.0
123,4461,56028,11.0
123,4462,56037,9.0
123,4463,56049,12.0
123,4464,56060,11.0
123,4465,56070,10.0
123,4466,56080,10.0
123,4467,56090,10.0
123,4468,56102,12.0
123,4469,56114,12.0
123,4470,56129,15.0
123,4471,56147,18.0
123,4472,56158,11.0
123,4473,56171,13.0
123,4474,56184,13.0
123,4475,56200,16.0
123,4476,56209,9.0
123,4477,56220,11.0
123,4478,56228,8.0
123,4479,56238,10.0
123,4480,56248,10.0
123,4481,56257,9.0
123,4482,56267,10.0
123,4483,56277,10.0
123,4484,56290,13.0
123,4485,56302,12.0
123,4486,56313,11.0
123,4487,56324,11.0
123,4488,56333,9.0
123,4489,56344,11.0
123,4490,56355,11.0
123,4491,56367,12.0
123,4492,56381,14.0
123,4493,56391,10.0
123,4494,56402,11.0
123,4495,56416,14.0
123,4496,56427,11.0
123,4497,56437,10.0
123,4498,56448,11.0
123,4499,56460,12.0
123,4500,56473,13.0
123,4501,56485,12.0
123,4502,56494,9.0
123,4503,56502,8.0
123,4504,56511,9.0
123,4505,56520,9.0
123,4506,56531,11.0
123,4507,56540,9.0
123,4508,56553,13.0
123,4509,56562,9.0
123,4510,56571,9.0
123,4511,56579,8.0
123,4512,56588,9.0
123,4513,56597,9.0
123,4514,56610,13.0
123,4515,56620,10.0
123,4516,56628,8.0
123,4517,56637,9.0
123,4518,56647,10.0
123,4519,56658,11.0
123,4520,56669,11.0
123,4521,56679,10.0
123,4522,56688,9.0
123,4523,56697,9.0
123,4524,56708,11.0
123,4525,56718,10.0
123,4526,56727,9.0
123,4527,56737,10.0
123,4528,56747,10.0
123,4529,56758,11.0
123,4530,56767,9.0
123,4531,56790,23.0
123,4532,56800,10.0
123,4533,56808,8.0
123,4534,56817,9.0
123,4535,56828,11.0
123,4536,56844,16.0
123,4537,56853,9.0
123,4538,56865,12.0
123,4539,56876,11.0
123,4540,56886,10.0
123,4541,56896,10.0
123,4542,56911,15.0
123,4543,56921,10.0
123,4544,56931,10.0
123,4545,56940,9.0
123,4546,56952,12.0
123,4547,56962,10.0
123,4548,56975,13.0
123,4549,56987,12.0
123,4550,57000,13.0
123,4551,57010,10.0
123,4552,57018,8.0
123,4553,57028,10.0
123,4554,57042,14.0
123,4555,57052,10.0
123,4556,57061,9.0
123,4557,57071,10.0
123,4558,57082,11.0
123,4559,57092,10.0
123,4560,57102,10.0
123,4561,57112,10.0
123,4562,57120,8.0
123,4563,57132,12.0
123,4564,57141,9.0
123,4565,57150,9.0
123,4566,57161,11.0
123,4567,57171,10.0
123,4568,57179,8.0
123,4569,57190,11.0
123,4570,57199,9.0
123,4571,57208,9.0
123,4572,57218,10.0
123,4573,57227,9.0
123,4574,57237,10.0
123,4575,57247,10.0
123,4576,57256,9.0
123,4577,57264,8.0
123,4578,57273,9.0
123,4579,57283,10.0
123,4580,57295,12.0
123,4581,57315,20.0
123,4582,57324,9.0
123,4583,57333,9.0
123,4584,57343,10.0
123,4585,57354,11.0
123,4586,57364,10.0
123,4587,57376,12.0
123,4588,57385,9.0
123,4589,57396,11.0
123,4590,57406,10.0
123,4591,57416,10.0
123,4592,57428,12.0
123,4593,57438,10.0
123,4594,57446,8.0
123,4595,57458,12.0
123,4596,57467,9.0
123,4597,57477,10.0
123,4598,57486,9.0
123,4599,57498,12.0
123,4600,57513,15.0
123,4601,57523,10.0
123,4602,57533,10.0
123,4603,57544,11.0
123,4604,57552,8.0
123,4605,57560,8.0
123,4606,57569,9.0
123,4607,57579,10.0
123,4608,57589,10.0
123,4609,57598,9.0
123,4610,57608,10.0
123,4611,57618,10.0
123,4612,57627,9.0
123,4613,57639,12.0
123,4614,57650,11.0
123,4615,57660,10.0
123,4616,57669,9.0
123,4617,57679,10.0
123,4618,57687,8.0
123,4619,57697,10.0
123,4620,57706,9.0
123,4621,57715,9.0
123,4622,57724,9.0
123,4623,57735,11.0
123,4624,57752,17.0
123,4625,57761,9.0
123,4626,57771,10.0
123,4627,57781,10.0
123,4628,57791,10.0
123,4629,57802,11.0
123,4630,57814,12.0
123,4631,57825,11.0
123,4632,57835,10.0
123,4633,57844,9.0
123,4634,57857,13.0
123,4635,57868,11.0
123,4636,57885,17.0
123,4637,57895,10.0
123,4638,57905,10.0
123,4639,57917,12.0
123,4640,57927,10.0
123,4641,57943,16.0
123,4642,57954,11.0
123,4643,57963,9.0
123,4644,57972,9.0
123,4645,57980,8.0
123,4646,57994,14.0
123,4647,58003,9.0
123,4648,58012,9.0
123,4649,58028,16.0
123,4650,58039,11.0
123,4651,58049,10.0
123,4652,58059,10.0
123,4653,58068,9.0
123,4654,58077,9.0
123,4655,58086,9.0
123,4656,58095,9.0
123,4657,58106,11.0
123,4658,58115,9.0
123,4659,58124,9.0
123,4660,58134,10.0
123,4661,58144,10.0
123,4662,58154,10.0
123,4663,58165,11.0
123,4664,58175,10.0
123,4665,58186,11.0
123,4666,58196,10.0
123,4667,58206,10.0
123,4668,58216,10.0
123,4669,58229,13.0
123,4670,58241,12.0
123,4671,58250,9.0
123,4672,58260,10.0
123,4673,58269,9.0
123,4674,58279,10.0
123,4675,58289,10.0
123,4676,58298,9.0
123,4677,58311,13.0
123,4678,58320,9.0
123,4679,58330,10.0
123,4680,58340,10.0
123,4681,58354,14.0
123,4682,58364,10.0
123,4683,58373,9.0
123,4684,58383,10.0
123,4685,58393,10.0
123,4686,58404,11.0
123,4687,58419,15.0
123,4688,58430,11.0
123,4689,58440,10.0
123,4690,58450,10.0
123,4691,58462,12.0
123,4692,58473,11.0
123,4693,58484,11.0
123,4694,58494,10.0
123,4695,58504,10.0
123,4696,58516,12.0
123,4697,58526,10.0
123,4698,58536,10.0
123,4699,58547,11.0
123,4700,58557,10.0
123,4701,58574,17.0
123,4702,58588,14.0
123,4703,58598,10.0
123,4704,58607,9.0
123,4705,58617,10.0
123,4706,58627,10.0
123,4707,58645,18.0
123,4708,58656,11.0
123,4709,58665,9.0
123,4710,58674,9.0
123,4711,58683,9.0
123,4712,58693,10.0
123,4713,58704,11.0
123,4714,58714,10.0
123,4715,58726,12.0
123,4716,58734,8.0
123,4717,58744,10.0
123,4718,58753,9.0
123,4719,58763,10.0
123,4720,58773,10.0
123,4721,58783,10.0
123,4722,58792,9.0
123,4723,58802,10.0
123,4724,58814,12.0
123,4725,58824,10.0
123,4726,58834,10.0
123,4727,58846,12.0
123,4728,58856,10.0
123,4729,58867,11.0
123,4730,58877,10.0
123,4731,58887,10.0
123,4732,58896,9.0
123,4733,58905,9.0
123,4734,58915,10.0
123,4735,58924,9.0
123,4736,58933,9.0
123,4737,58947,14.0
123,4738,58955,8.0
123,4739,58964,9.0
123,4740,58975,11.0
123,4741,58984,9.0
123,4742,58995,11.0
123,4743,59006,11.0
123,4744,59016,10.0
123,4745,59027,11.0
123,4746,59037,10.0
123,4747,59047,10.0
123,4748,59059,12.0
123,4749,59068,9.0
123,4750,59078,10.0
123,4751,59092,14.0
123,4752,59102,10.0
123,4753,59119,17.0
123,4754,59128,9.0
123,4755,59144,16.0
123,4756,59154,10.0
123,4757,59164,10.0
123,4758,59176,12.0
123,4759,59185,9.0
123,4760,59195,10.0
123,4761,59204,9.0
123,4762,59214,10.0
123,4763,59226,12.0
123,4764,59234,8.0
123,4765,59246,12.0
123,4766,59255,9.0
123,4767,59264,9.0
123,4768,59273,9.0
123,4769,59283,10.0
123,4770,59292,9.0
123,4771,59300,8.0
123,4772,59310,10.0
123,4773,59320,10.0
123,4774,59329,9.0
123,4775,59339,10.0
123,4776,59350,11.0
123,4777,59361,11.0
123,4778,59371,10.0
123,4779,59381,10.0
123,4780,59394,13.0
123,4781,59402,8.0
123,4782,59411,9.0
123,4783,59421,10.0
123,4784,59430,9.0
123,4785,59441,11.0
123,4786,59450,9.0
123,4787,59460,10.0
123,4788,59470,10.0
123,4789,59483,13.0
123,4790,59492,9.0
123,4791,59502,10.0
123,4792,59511,9.0
123,4793,59521,10.0
123,4794,59530,9.0
123,4795,59539,9.0
123,4796,59552,13.0
123,4797,59561,9.0
123,4798,59572,11.0
123,4799,59582,10.0
123,4800,59595,13.0
123,4801,59605,10.0
123,4802,59614,9.0
123,4803,59625,11.0
123,4804,59636,11.0
123,4805,59647,11.0
123,4806,59658,11.0
123,4807,59669,11.0
123,4808,59679,10.0
123,4809,59692,13.0
123,4810,59707,15.0
123,4811,59715,8.0
123,4812,59724,9.0
123,4813,59734,10.0
123,4814,59749,15.0
123,4815,59759,10.0
123,4816,59770,11.0
123,4817,59781,11.0
123,4818,59791,10.0
123,4819,59801,10.0
123,4820,59812,11.0
123,4821,59823,11.0
123,4822,59834,11.0
123,4823,59846,12.0
123,4824,59855,9.0
123,4825,59865,10.0
123,4826,59874,9.0
123,4827,59887,13.0
123,4828,59896,9.0
123,4829,59904,8.0
123,4830,59914,10.0
123,4831,59923,9.0
123,4832,59932,9.0
123,4833,59941,9.0
123,4834,59954,13.0
123,4835,59963,9.0
123,4836,59972,9.0
123,4837,59981,9.0
123,4838,59991,10.0
123,4839,60005,14.0
123,4840,60015,10.0
123,4841,60023,8.0
123,4842,60034,11.0
123,4843,60045,11.0
123,4844,60054,9.0
123,4845,60065,11.0
123,4846,60075,10.0
123,4847,60084,9.0
123,4848,60092,8.0
123,4849,60103,11.0
123,4850,60115,12.0
123,4851,60124,9.0
123,4852,60138,14.0
123,4853,60147,9.0
123,4854,60157,10.0
123,4855,60165,8.0
123,4856,60178,13.0
123,4857,60190,12.0
123,4858,60200,10.0
123,4859,60211,11.0
123,4860,60222,11.0
123,4861,60230,8.0
123,4862,60241,11.0
123,4863,60251,10.0
123,4864,60261,10.0
123,4865,60272,11.0
123,4866,60282,10.0
123,4867,60292,10.0
123,4868,60301,9.0
123,4869,60310,9.0
123,4870,60320,10.0
123,4871,60330,10.0
123,4872,60341,11.0
123,4873,60352,11.0
123,4874,60361,9.0
123,4875,60372,11.0
123,4876,60381,9.0
123,4877,60391,10.0
123,4878,60400,9.0
123,4879,60412,12.0
123,4880,60424,12.0
123,4881,60433,9.0
123,4882,60443,10.0
123,4883,60455,12.0
123,4884,60465,10.0
123,4885,60479,14.0
123,4886,60488,9.0
123,4887,60499,11.0
123,4888,60508,9.0
123,4889,60520,12.0
123,4890,60530,10.0
123,4891,60544,14.0
123,4892,60555,11.0
123,4893,60569,14.0
123,4894,60579,10.0
123,4895,60588,9.0
123,4896,60598,10.0
123,4897,60608,10.0
123,4898,60617,9.0
123,4899,60629,12.0
123,4900,60640,11.0
123,4901,60652,12.0
123,4902,60663,11.0
123,4903,60671,8.0
123,4904,60679,8.0
123,4905,60690,11.0
123,4906,60701,11.0
123,4907,60711,10.0
123,4908,60720,9.0
123,4909,60729,9.0
123,4910,60739,10.0
123,4911,60751,12.0
123,4912,60760,9.0
123,4913,60773,13.0
123,4914,60783,10.0
123,4915,60793,10.0
123,4916,60802,9.0
123,4917,60818,16.0
123,4918,60829,11.0
123,4919,60838,9.0
123,4920,60847,9.0
123,4921,60857,10.0
123,4922,60868,11.0
123,4923,60877,9.0
123,4924,60898,21.0
123,4925,60911,13.0
123,4926,60922,11.0
123,4927,60931,9.0
123,4928,60940,9.0
123,4929,60951,11.0
123,4930,60962,11.0
123,4931,60970,8.0
123,4932,60979,9.0
123,4933,60988,9.0
123,4934,61002,14.0
123,4935,61011,9.0
123,4936,61021,10.0
123,4937,61032,11.0
123,4938,61040,8.0
123,4939,61051,11.0
123,4940,61061,10.0
123,4941,61073,12.0
123,4942,61086,13.0
123,4943,61098,12.0
123,4944,61107,9.0
123,4945,61118,11.0
123,4946,61128,10.0
123,4947,61138,10.0
123,4948,61149,11.0
123,4949,61159,10.0
123,4950,61168,9.0
123,4951,61178,10.0
123,4952,61189,11.0
123,4953,61202,13.0
123,4954,61210,8.0
123,4955,61220,10.0
123,4956,61232,12.0
123,4957,61244,12.0
123,4958,61254,10.0
123,4959,61263,9.0
123,4960,61276,13.0
123,4961,61287,11.0
123,4962,61295,8.0
123,4963,61304,9.0
123,4964,61313,9.0
123,4965,61323,10.0
123,4966,61332,9.0
123,4967,61340,8.0
123,4968,61351,11.0
123,4969,61360,9.0
123,4970,61368,8.0
123,4971,61378,10.0
123,4972,61389,11.0
123,4973,61399,10.0
123,4974,61413,14.0
123,4975,61426,13.0
123,4976,61438,12.0
123,4977,61448,10.0
123,4978,61457,9.0
123,4979,61466,9.0
123,4980,61475,9.0
123,4981,61485,10.0
123,4982,61494,9.0
123,4983,61503,9.0
123,4984,61515,12.0
123,4985,61525,10.0
123,4986,61534,9.0
123,4987,61544,10.0
123,4988,61555,11.0
123,4989,61565,10.0
123,4990,61574,9.0
123,4991,61584,10.0
123,4992,61594,10.0
123,4993,61606,12.0
123,4994,61616,10.0
123,4995,61626,10.0
123,4996,61636,10.0
123,4997,61646,10.0
123,4998,61657,11.0
123,4999,61665,8.0
123,5000,61675,10.0
123,5001,61687,12.0
123,5002,61696,9.0
123,5003,61706,10.0
123,5004,61716,10.0
123,5005,61729,13.0
123,5006,61738,9.0
123,5007,61747,9.0
123,5008,61756,9.0
123,5009,61766,10.0
123,5010,61777,11.0
123,5011,61788,11.0
123,5012,61799,11.0
123,5013,61809,10.0
123,5014,61819,10.0
123,5015,61831,12.0
123,5016,61843,12.0
123,5017,61852,9.0
123,5018,61863,11.0
123,5019,61871,8.0
123,5020,61881,10.0
123,5021,61891,10.0
123,5022,61900,9.0
123,5023,61910,10.0
123,5024,61921,11.0
123,5025,61931,10.0
123,5026,61942,11.0
123,5027,61951,9.0
123,5028,61961,10.0
123,5029,61970,9.0
123,5030,61979,9.0
123,5031,61987,8.0
123,5032,61998,11.0
123,5033,62010,12.0
123,5034,62022,12.0
123,5035,62032,10.0
123,5036,62045,13.0
123,5037,62057,12.0
123,5038,62066,9.0
123,5039,62076,10.0
123,5040,62086,10.0
123,5041,62095,9.0
123,5042,62105,10.0
123,5043,62114,9.0
123,5044,62123,9.0
123,5045,62133,10.0
123,5046,62144,11.0
123,5047,62161,17.0
123,5048,62171,10.0
123,5049,62180,9.0
123,5050,62191,11.0
123,5051,62202,11.0
123,5052,62216,14.0
123,5053,62225,9.0
123,5054,62235,10.0
123,5055,62244,9.0
123,5056,62254,10.0
123,5057,62263,9.0
123,5058,62273,10.0
123,5059,62282,9.0
123,5060,62297,15.0
123,5061,62306,9.0
123,5062,62320,14.0
123,5063,62329,9.0
123,5064,62339,10.0
123,5065,62349,10.0
123,5066,62359,10.0
123,5067,62368,9.0
123,5068,62377,9.0
123,5069,62388,11.0
123,5070,62398,10.0
123,5071,62407,9.0
123,5072,62418,11.0
123,5073,62430,12.0
123,5074,62440,10.0
123,5075,62450,10.0
123,5076,62460,10.0
123,5077,62474,14.0
123,5078,62486,12.0
123,5079,62499,13.0
123,5080,62510,11.0
123,5081,62522,12.0
123,5082,62536,14.0
123,5083,62546,10.0
123,5084,62556,10.0
123,5085,62565,9.0
123,5086,62574,9.0
123,5087,62598,24.0
123,5088,62609,11.0
123,5089,62630,21.0
123,5090,62639,9.0
123,5091,62649,10.0
123,5092,62659,10.0
123,5093,62669,10.0
123,5094,62678,9.0
123,5095,62689,11.0
123,5096,62699,10.0
123,5097,62709,10.0
123,5098,62718,9.0
123,5099,62730,12.0
123,5100,62739,9.0
123,5101,62750,11.0
123,5102,62759,9.0
123,5103,62770,11.0
123,5104,62783,13.0
123,5105,62794,11.0
123,5106,62804,10.0
123,5107,62815,11.0
123,5108,62826,11.0
123,5109,62838,12.0
123,5110,62847,9.0
123,5111,62856,9.0
123,5112,62865,9.0
123,5113,62877,12.0
123,5114,62886,9.0
123,5115,62894,8.0
123,5116,62902,8.0
123,5117,62912,10.0
123,5118,62924,12.0
123,5119,62933,9.0
123,5120,62945,12.0
123,5121,62957,12.0
123,5122,62969,12.0
123,5123,62980,11.0
123,5124,62992,12.0
123,5125,63000,8.0
123,5126,63009,9.0
123,5127,63018,9.0
123,5128,63027,9.0
123,5129,63037,10.0
123,5130,63049,12.0
123,5131,63059,10.0
123,5132,63069,10.0
123,5133,63079,10.0
123,5134,63090,11.0
123,5135,63099,9.0
123,5136,63109,10.0
123,5137,63120,11.0
123,5138,63129,9.0
123,5139,63139,10.0
123,5140,63149,10.0
123,5141,63164,15.0
123,5142,63172,8.0
123,5143,63182,10.0
123,5144,63193,11.0
123,5145,63204,11.0
123,5146,63215,11.0
123,5147,63224,9.0
123,5148,63234,10.0
123,5149,63243,9.0
123,5150,63256,13.0
123,5151,63265,9.0
123,5152,63275,10.0
123,5153,63287,12.0
123,5154,63300,13.0
123,5155,63312,12.0
123,5156,63325,13.0
123,5157,63336,11.0
123,5158,63347,11.0
123,5159,63358,11.0
123,5160,63370,12.0
123,5161,63379,9.0
123,5162,63388,9.0
123,5163,63398,10.0
123,5164,63408,10.0
123,5165,63416,8.0
123,5166,63426,10.0
123,5167,63436,10.0
123,5168,63448,12.0
123,5169,63458,10.0
123,5170,63467,9.0
123,5171,63478,11.0
123,5172,63487,9.0
123,5173,63504,17.0
123,5174,63513,9.0
123,5175,63523,10.0
123,5176,63532,9.0
123,5177,63542,10.0
123,5178,63551,9.0
123,5179,63560,9.0
123,5180,63572,12.0
123,5181,63582,10.0
123,5182,63591,9.0
123,5183,63599,8.0
123,5184,63609,10.0
123,5185,63619,10.0
123,5186,63628,9.0
123,5187,63639,11.0
123,5188,63648,9.0
123,5189,63659,11.0
123,5190,63668,9.0
123,5191,63679,11.0
123,5192,63694,15.0
123,5193,63704,10.0
123,5194,63717,13.0
123,5195,63726,9.0
123,5196,63736,10.0
123,5197,63747,11.0
123,5198,63757,10.0
123,5199,63766,9.0
123,5200,63776,10.0
123,5201,63786,10.0
123,5202,63796,10.0
123,5203,63808,12.0
123,5204,63817,9.0
123,5205,63827,10.0
123,5206,63839,12.0
123,5207,63849,10.0
123,5208,63859,10.0
123,5209,63869,10.0
123,5210,63878,9.0
123,5211,63899,21.0
123,5212,63909,10.0
123,5213,63920,11.0
123,5214,63932,12.0
123,5215,63941,9.0
123,5216,63951,10.0
123,5217,63964,13.0
123,5218,63974,10.0
123,5219,63986,12.0
123,5220,64011,25.0
123,5221,64021,10.0
123,5222,64033,12.0
123,5223,64044,11.0
123,5224,64053,9.0
123,5225,64062,9.0
123,5226,64072,10.0
123,5227,64083,11.0
123,5228,64092,9.0
123,5229,64103,11.0
123,5230,64112,9.0
123,5231,64121,9.0
123,5232,64131,10.0
123,5233,64140,9.0
123,5234,64149,9.0
123,5235,64158,9.0
123,5236,64168,10.0
123,5237,64180,12.0
123,5238,64190,10.0
123,5239,64199,9.0
123,5240,64209,10.0
123,5241,64229,20.0
123,5242,64240,11.0
123,5243,64250,10.0
123,5244,64263,13.0
123,5245,64273,10.0
123,5246,64284,11.0
123,5247,64295,11.0
123,5248,64303,8.0
123,5249,64313,10.0
123,5250,64323,10.0
123,5251,64331,8.0
123,5252,64341,10.0
123,5253,64351,10.0
123,5254,64361,10.0
123,5255,64374,13.0
123,5256,64384,10.0
123,5257,64394,10.0
123,5258,64406,12.0
123,5259,64414,8.0
123,5260,64425,11.0
123,5261,64433,8.0
123,5262,64441,8.0
123,5263,64453,12.0
123,5264,64466,13.0
123,5265,64484,18.0
123,5266,64493,9.0
123,5267,64503,10.0
123,5268,64514,11.0
123,5269,64525,11.0
123,5270,64542,17.0
123,5271,64551,9.0
123,5272,64561,10.0
123,5273,64575,14.0
123,5274,64587,12.0
123,5275,64600,13.0
123,5276,64610,10.0
123,5277,64620,10.0
123,5278,64631,11.0
123,5279,64643,12.0
123,5280,64653,10.0
123,5281,64663,10.0
123,5282,64672,9.0
123,5283,64684,12.0
123,5284,64693,9.0
123,5285,64705,12.0
123,5286,64716,11.0
123,5287,64727,11.0
123,5288,64738,11.0
123,5289,64751,13.0
123,5290,64763,12.0
123,5291,64772,9.0
123,5292,64781,9.0
123,5293,64790,9.0
123,5294,64799,9.0
123,5295,64809,10.0
123,5296,64818,9.0
123,5297,64830,12.0
123,5298,64843,13.0
123,5299,64852,9.0
123,5300,64865,13.0
123,5301,64875,10.0
123,5302,64885,10.0
123,5303,64893,8.0
123,5304,64902,9.0
123,5305,64911,9.0
123,5306,64921,10.0
123,5307,64931,10.0
123,5308,64941,10.0
123,5309,64949,8.0
123,5310,64961,12.0
123,5311,64976,15.0
123,5312,64986,10.0
123,5313,64995,9.0
123,5314,65008,13.0
123,5315,65018,10.0
123,5316,65029,11.0
123,5317,65039,10.0
123,5318,65047,8.0
123,5319,65058,11.0
123,5320,65069,11.0
123,5321,65080,11.0
123,5322,65090,10.0
123,5323,65099,9.0
123,5324,65109,10.0
123,5325,65120,11.0
123,5326,65132,12.0
123,5327,65143,11.0
123,5328,65152,9.0
123,5329,65162,10.0
123,5330,65173,11.0
123,5331,65183,10.0
123,5332,65192,9.0
123,5333,65202,10.0
123,5334,65213,11.0
123,5335,65222,9.0
123,5336,65233,11.0
123,5337,65243,10.0
123,5338,65253,10.0
123,5339,65268,15.0
123,5340,65278,10.0
123,5341,65288,10.0
123,5342,65298,10.0
123,5343,65307,9.0
123,5344,65319,12.0
123,5345,65328,9.0
123,5346,65339,11.0
123,5347,65350,11.0
123,5348,65363,13.0
123,5349,65372,9.0
123,5350,65383,11.0
123,5351,65393,10.0
123,5352,65401,8.0
123,5353,65411,10.0
123,5354,65420,9.0
123,5355,65429,9.0
123,5356,65437,8.0
123,5357,65447,10.0
123,5358,65458,11.0
123,5359,65470,12.0
123,5360,65484,14.0
123,5361,65492,8.0
123,5362,65501,9.0
123,5363,65511,10.0
123,5364,65525,14.0
123,5365,65535,10.0
123,5366,65544,9.0
123,5367,65554,10.0
123,5368,65564,10.0
123,5369,65574,10.0
123,5370,65584,10.0
123,5371,65597,13.0
123,5372,65608,11.0
123,5373,65617,9.0
123,5374,65626,9.0
123,5375,65637,11.0
123,5376,65645,8.0
123,5377,65655,10.0
123,5378,65669,14.0
123,5379,65699,30.0
123,5380,65708,9.0
123,5381,65716,8.0
123,5382,65726,10.0
123,5383,65735,9.0
123,5384,65744,9.0
123,5385,65754,10.0
123,5386,65766,12.0
123,5387,65777,11.0
123,5388,65786,9.0
123,5389,65797,11.0
123,5390,65808,11.0
123,5391,65819,11.0
123,5392,65833,14.0
123,5393,65843,10.0
123,5394,65854,11.0
123,5395,65866,12.0
123,5396,65876,10.0
123,5397,65887,11.0
123,5398,65897,10.0
123,5399,65910,13.0
123,5400,65919,9.0
123,5401,65930,11.0
123,5402,65938,8.0
123,5403,65948,10.0
123,5404,65957,9.0
123,5405,65966,9.0
123,5406,65978,12.0
123,5407,65990,12.0
123,5408,65998,8.0
123,5409,66006,8.0
123,5410,66015,9.0
123,5411,66023,8.0
123,5412,66033,10.0
123,5413,66043,10.0
123,5414,66052,9.0
123,5415,66061,9.0
123,5416,66071,10.0
123,5417,66079,8.0
123,5418,66090,11.0
123,5419,66101,11.0
123,5420,66113,12.0
123,5421,66124,11.0
123,5422,66135,11.0
123,5423,66144,9.0
123,5424,66154,10.0
123,5425,66163,9.0
123,5426,66173,10.0
123,5427,66183,10.0
123,5428,66195,12.0
123,5429,66206,11.0
123,5430,66220,14.0
123,5431,66230,10.0
123,5432,66238,8.0
123,5433,66247,9.0
123,5434,66257,10.0
123,5435,66269,12.0
123,5436,66283,14.0
123,5437,66294,11.0
123,5438,66306,12.0
123,5439,66316,10.0
123,5440,66328,12.0
123,5441,66343,15.0
123,5442,66353,10.0
123,5443,66365,12.0
123,5444,66375,10.0
123,5445,66383,8.0
123,5446,66392,9.0
123,5447,66401,9.0
123,5448,66411,10.0
123,5449,66420,9.0
123,5450,66431,11.0
123,5451,66440,9.0
123,5452,66450,10.0
123,5453,66465,15.0
123,5454,66476,11.0
123,5455,66486,10.0
123,5456,66500,14.0
123,5457,66509,9.0
123,5458,66520,11.0
123,5459,66529,9.0
123,5460,66539,10.0
123,5461,66548,9.0
123,5462,66561,13.0
123,5463,66578,17.0
123,5464,66588,10.0
123,5465,66598,10.0
123,5466,66609,11.0
123,5467,66619,10.0
123,5468,66629,10.0
123,5469,66638,9.0
123,5470,66653,15.0
123,5471,66663,10.0
123,5472,66672,9.0
123,5473,66686,14.0
123,5474,66698,12.0
123,5475,66708,10.0
123,5476,66721,13.0
123,5477,66729,8.0
123,5478,66743,14.0
123,5479,66752,9.0
123,5480,66762,10.0
123,5481,66770,8.0
123,5482,66782,12.0
123,5483,66795,13.0
123,5484,66804,9.0
123,5485,66817,13.0
123,5486,66826,9.0
123,5487,66835,9.0
123,5488,66847,12.0
123,5489,66857,10.0
123,5490,66867,10.0
123,5491,66877,10.0
123,5492,66887,10.0
123,5493,66899,12.0
123,5494,66910,11.0
123,5495,66922,12.0
123,5496,66931,9.0
123,5497,66944,13.0
123,5498,66954,10.0
123,5499,66965,11.0
123,5500,66975,10.0
123,5501,66985,10.0
123,5502,66996,11.0
123,5503,67008,12.0
123,5504,67018,10.0
123,5505,67028,10.0
123,5506,67038,10.0
123,5507,67047,9.0
123,5508,67056,9.0
123,5509,67069,13.0
123,5510,67080,11.0
123,5511,67089,9.0
123,5512,67099,10.0
123,5513,67109,10.0
123,5514,67118,9.0
123,5515,67133,15.0
123,5516,67143,10.0
123,5517,67158,15.0
123,5518,67167,9.0
123,5519,67176,9.0
123,5520,67187,11.0
123,5521,67198,11.0
123,5522,67208,10.0
123,5523,67218,10.0
123,5524,67229,11.0
123,5525,67239,10.0
123,5526,67253,14.0
123,5527,67264,11.0
123,5528,67274,10.0
123,5529,67286,12.0
123,5530,67297,11.0
123,5531,67306,9.0
123,5532,67317,11.0
123,5533,67325,8.0
123,5534,67335,10.0
123,5535,67346,11.0
123,5536,67355,9.0
123,5537,67371,16.0
123,5538,67380,9.0
123,5539,67391,11.0
123,5540,67402,11.0
123,5541,67411,9.0
123,5542,67421,10.0
123,5543,67435,14.0
123,5544,67445,10.0
123,5545,67456,11.0
123,5546,67468,12.0
123,5547,67479,11.0
123,5548,67489,10.0
123,5549,67500,11.0
123,5550,67509,9.0
123,5551,67525,16.0
123,5552,67536,11.0
123,5553,67552,16.0
123,5554,67562,10.0
123,5555,67570,8.0
123,5556,67579,9.0
123,5557,67588,9.0
123,5558,67598,10.0
123,5559,67611,13.0
123,5560,67623,12.0
123,5561,67632,9.0
123,5562,67640,8.0
123,5563,67649,9.0
123,5564,67660,11.0
123,5565,67670,10.0
123,5566,67683,13.0
123,5567,67692,9.0
123,5568,67703,11.0
123,5569,67713,10.0
123,5570,67723,10.0
123,5571,67733,10.0
123,5572,67746,13.0
123,5573,67759,13.0
123,5574,67770,11.0
123,5575,67781,11.0
123,5576,67791,10.0
123,5577,67807,16.0
123,5578,67817,10.0
123,5579,67828,11.0
123,5580,67837,9.0
123,5581,67846,9.0
123,5582,67855,9.0
123,5583,67864,9.0
123,5584,67872,8.0
123,5585,67880,8.0
123,5586,67889,9.0
123,5587,67898,9.0
123,5588,67908,10.0
123,5589,67917,9.0
123,5590,67927,10.0
123,5591,67936,9.0
123,5592,67946,10.0
123,5593,67955,9.0
123,5594,67964,9.0
123,5595,67972,8.0
123,5596,67982,10.0
123,5597,67993,11.0
123,5598,68002,9.0
123,5599,68012,10.0
123,5600,68022,10.0
123,5601,68032,10.0
123,5602,68043,11.0
123,5603,68055,12.0
123,5604,68065,10.0
123,5605,68077,12.0
123,5606,68088,11.0
123,5607,68098,10.0
123,5608,68113,15.0
123,5609,68128,15.0
123,5610,68137,9.0
123,5611,68146,9.0
123,5612,68156,10.0
123,5613,68166,10.0
123,5614,68175,9.0
123,5615,68184,9.0
123,5616,68193,9.0
123,5617,68203,10.0
123,5618,68214,11.0
123,5619,68223,9.0
123,5620,68233,10.0
123,5621,68244,11.0
123,5622,68255,11.0
123,5623,68273,18.0
123,5624,68284,11.0
123,5625,68294,10.0
123,5626,68305,11.0
123,5627,68314,9.0
123,5628,68327,13.0
123,5629,68337,10.0
123,5630,68346,9.0
123,5631,68356,10.0
123,5632,68367,11.0
123,5633,68378,11.0
123,5634,68389,11.0
123,5635,68399,10.0
123,5636,68411,12.0
123,5637,68423,12.0
123,5638,68432,9.0
123,5639,68442,10.0
123,5640,68456,14.0
123,5641,68467,11.0
123,5642,68479,12.0
123,5643,68489,10.0
123,5644,68499,10.0
123,5645,68508,9.0
123,5646,68517,9.0
123,5647,68525,8.0
123,5648,68534,9.0
123,5649,68544,10.0
123,5650,68553,9.0
123,5651,68563,10.0
123,5652,68576,13.0
123,5653,68586,10.0
123,5654,68599,13.0
123,5655,68613,14.0
123,5656,68625,12.0
123,5657,68635,10.0
123,5658,68649,14.0
123,5659,68658,9.0
123,5660,68666,8.0
123,5661,68677,11.0
123,5662,68690,13.0
123,5663,68700,10.0
123,5664,68709,9.0
123,5665,68720,11.0
123,5666,68730,10.0
123,5667,68739,9.0
123,5668,68747,8.0
123,5669,68759,12.0
123,5670,68772,13.0
123,5671,68782,10.0
123,5672,68796,14.0
123,5673,68805,9.0
123,5674,68813,8.0
123,5675,68822,9.0
123,5676,68832,10.0
123,5677,68842,10.0
123,5678,68852,10.0
123,5679,68863,11.0
123,5680,68875,12.0
123,5681,68891,16.0
123,5682,68901,10.0
123,5683,68911,10.0
123,5684,68919,8.0
123,5685,68928,9.0
123,5686,68937,9.0
123,5687,68946,9.0
123,5688,68956,10.0
123,5689,68967,11.0
123,5690,68978,11.0
123,5691,68988,10.0
123,5692,68998,10.0
123,5693,69007,9.0
123,5694,69016,9.0
123,5695,69025,9.0
123,5696,69037,12.0
123,5697,69048,11.0
123,5698,69058,10.0
123,5699,69068,10.0
123,5700,69077,9.0
123,5701,69089,12.0
123,5702,69099,10.0
123,5703,69108,9.0
123,5704,69118,10.0
123,5705,69127,9.0
123,5706,69135,8.0
123,5707,69147,12.0
123,5708,69158,11.0
123,5709,69167,9.0
123,5710,69176,9.0
123,5711,69185,9.0
123,5712,69195,10.0
123,5713,69206,11.0
123,5714,69215,9.0
123,5715,69225,10.0
123,5716,69237,12.0
123,5717,69246,9.0
123,5718,69258,12.0
123,5719,69267,9.0
123,5720,69277,10.0
123,5721,69287,10.0
123,5722,69296,9.0
123,5723,69308,12.0
123,5724,69318,10.0
123,5725,69327,9.0
123,5726,69339,12.0
123,5727,69351,12.0
123,5728,69361,10.0
123,5729,69371,10.0
123,5730,69383,12.0
123,5731,69392,9.0
123,5732,69402,10.0
123,5733,69411,9.0
123,5734,69426,15.0
123,5735,69439,13.0
123,5736,69451,12.0
123,5737,69461,10.0
123,5738,69471,10.0
123,5739,69482,11.0
123,5740,69493,11.0
123,5741,69504,11.0
123,5742,69519,15.0
123,5743,69529,10.0
123,5744,69539,10.0
123,5745,69551,12.0
123,5746,69561,10.0
123,5747,69570,9.0
123,5748,69578,8.0
123,5749,69587,9.0
123,5750,69596,9.0
123,5751,69607,11.0
123,5752,69617,10.0
123,5753,69626,9.0
123,5754,69640,14.0
123,5755,69650,10.0
123,5756,69659,9.0
123,5757,69669,10.0
123,5758,69684,15.0
123,5759,69695,11.0
123,5760,69708,13.0
123,5761,69720,12.0
123,5762,69732,12.0
123,5763,69742,10.0
123,5764,69755,13.0
123,5765,69764,9.0
123,5766,69772,8.0
123,5767,69782,10.0
123,5768,69791,9.0
123,5769,69805,14.0
123,5770,69816,11.0
123,5771,69825,9.0
123,5772,69834,9.0
123,5773,69846,12.0
123,5774,69858,12.0
123,5775,69868,10.0
123,5776,69879,11.0
123,5777,69888,9.0
123,5778,69896,8.0
123,5779,69908,12.0
123,5780,69921,13.0
123,5781,69930,9.0
123,5782,69942,12.0
123,5783,69952,10.0
123,5784,69960,8.0
123,5785,69969,9.0
123,5786,69982,13.0
123,5787,69994,12.0
123,5788,70006,12.0
123,5789,70018,12.0
123,5790,70029,11.0
123,5791,70041,12.0
123,5792,70050,9.0
123,5793,70060,10.0
123,5794,70070,10.0
123,5795,70080,10.0
123,5796,70088,8.0
123,5797,70098,10.0
123,5798,70108,10.0
123,5799,70119,11.0
123,5800,70130,11.0
123,5801,70141,11.0
123,5802,70150,9.0
123,5803,70159,9.0
123,5804,70171,12.0
123,5805,70183,12.0
123,5806,70194,11.0
123,5807,70203,9.0
123,5808,70211,8.0
123,5809,70220,9.0
123,5810,70230,10.0
123,5811,70241,11.0
123,5812,70250,9.0
123,5813,70258,8.0
123,5814,70267,9.0
123,5815,70278,11.0
123,5816,70289,11.0
123,5817,70298,9.0
123,5818,70314,16.0
123,5819,70324,10.0
123,5820,70336,12.0
123,5821,70345,9.0
123,5822,70355,10.0
123,5823,70367,12.0
123,5824,70375,8.0
123,5825,70385,10.0
123,5826,70398,13.0
123,5827,70408,10.0
123,5828,70417,9.0
123,5829,70428,11.0
123,5830,70438,10.0
123,5831,70450,12.0
123,5832,70458,8.0
123,5833,70467,9.0
123,5834,70476,9.0
123,5835,70486,10.0
123,5836,70496,10.0
123,5837,70507,11.0
123,5838,70518,11.0
123,5839,70530,12.0
123,5840,70539,9.0
123,5841,70548,9.0
123,5842,70556,8.0
123,5843,70566,10.0
123,5844,70580,14.0
123,5845,70592,12.0
123,5846,70601,9.0
123,5847,70610,9.0
123,5848,70618,8.0
123,5849,70628,10.0
123,5850,70637,9.0
123,5851,70647,10.0
123,5852,70657,10.0
123,5853,70668,11.0
123,5854,70678,10.0
123,5855,70688,10.0
123,5856,70698,10.0
123,5857,70707,9.0
123,5858,70716,9.0
123,5859,70725,9.0
123,5860,70735,10.0
123,5861,70748,13.0
123,5862,70760,12.0
123,5863,70770,10.0
123,5864,70781,11.0
123,5865,70790,9.0
123,5866,70799,9.0
123,5867,70811,12.0
123,5868,70824,13.0
123,5869,70837,13.0
123,5870,70848,11.0
123,5871,70859,11.0
123,5872,70870,11.0
123,5873,70878,8.0
123,5874,70886,8.0
123,5875,70898,12.0
123,5876,70908,10.0
123,5877,70919,11.0
123,5878,70931,12.0
123,5879,70941,10.0
123,5880,70953,12.0
123,5881,70962,9.0
123,5882,70972,10.0
123,5883,70982,10.0
123,5884,70992,10.0
123,5885,71002,10.0
123,5886,71012,10.0
123,5887,71023,11.0
123,5888,71031,8.0
123,5889,71045,14.0
123,5890,71055,10.0
123,5891,71064,9.0
123,5892,71076,12.0
123,5893,71088,12.0
123,5894,71096,8.0
123,5895,71108,12.0
123,5896,71120,12.0
123,5897,71130,10.0
123,5898,71141,11.0
123,5899,71152,11.0
123,5900,71163,11.0
123,5901,71177,14.0
123,5902,71190,13.0
123,5903,71200,10.0
123,5904,71210,10.0
123,5905,71221,11.0
123,5906,71233,12.0
123,5907,71244,11.0
123,5908,71256,12.0
123,5909,71267,11.0
123,5910,71276,9.0
123,5911,71286,10.0
123,5912,71297,11.0
123,5913,71309,12.0
123,5914,71324,15.0
123,5915,71334,10.0
123,5916,71344,10.0
123,5917,71355,11.0
123,5918,71367,12.0
123,5919,71382,15.0
123,5920,71391,9.0
123,5921,71401,10.0
123,5922,71413,12.0
123,5923,71423,10.0
123,5924,71434,11.0
123,5925,71442,8.0
123,5926,71451,9.0
123,5927,71461,10.0
123,5928,71470,9.0
123,5929,71479,9.0
123,5930,71488,9.0
123,5931,71498,10.0
123,5932,71513,15.0
123,5933,71523,10.0
123,5934,71533,10.0
123,5935,71543,10.0
123,5936,71552,9.0
123,5937,71564,12.0
123,5938,71575,11.0
123,5939,71584,9.0
123,5940,71592,8.0
123,5941,71601,9.0
123,5942,71611,10.0
123,5943,71624,13.0
123,5944,71632,8.0
123,5945,71648,16.0
123,5946,71657,9.0
123,5947,71672,15.0
123,5948,71682,10.0
123,5949,71692,10.0
123,5950,71701,9.0
123,5951,71710,9.0
123,5952,71721,11.0
123,5953,71731,10.0
123,5954,71741,10.0
123,5955,71749,8.0
123,5956,71758,9.0
123,5957,71775,17.0
123,5958,71794,19.0
123,5959,71809,15.0
123,5960,71818,9.0
123,5961,71830,12.0
123,5962,71846,16.0
123,5963,71855,9.0
123,5964,71865,10.0
123,5965,71874,9.0
123,5966,71883,9.0
123,5967,71893,10.0
123,5968,71903,10.0
123,5969,71914,11.0
123,5970,71924,10.0
123,5971,71934,10.0
123,5972,71949,15.0
123,5973,71961,12.0
123,5974,71978,17.0
123,5975,71993,15.0
123,5976,72005,12.0
123,5977,72015,10.0
123,5978,72027,12.0
123,5979,72035,8.0
123,5980,72044,9.0
123,5981,72056,12.0
123,5982,72068,12.0
123,5983,72083,15.0
123,5984,72093,10.0
123,5985,72104,11.0
123,5986,72114,10.0
123,5987,72124,10.0
123,5988,72134,10.0
123,5989,72144,10.0
123,5990,72156,12.0
123,5991,72166,10.0
123,5992,72178,12.0
123,5993,72189,11.0
123,5994,72201,12.0
123,5995,72214,13.0
123,5996,72223,9.0
123,5997,72232,9.0
123,5998,72242,10.0
123,5999,72254,12.0
123,6000,72265,11.0
123,6001,72273,8.0
123,6002,72283,10.0
123,6003,72294,11.0
123,6004,72302,8.0
123,6005,72311,9.0
123,6006,72321,10.0
123,6007,72331,10.0
123,6008,72339,8.0
123,6009,72348,9.0
123,6010,72356,8.0
123,6011,72365,9.0
123,6012,72375,10.0
123,6013,72384,9.0
123,6014,72394,10.0
123,6015,72404,10.0
123,6016,72413,9.0
123,6017,72424,11.0
123,6018,72433,9.0
123,6019,72443,10.0
123,6020,72455,12.0
123,6021,72464,9.0
123,6022,72474,10.0
123,6023,72484,10.0
123,6024,72501,17.0
123,6025,72511,10.0
123,6026,72520,9.0
123,6027,72530,10.0
123,6028,72545,15.0
123,6029,72554,9.0
123,6030,72565,11.0
123,6031,72574,9.0
123,6032,72584,10.0
123,6033,72592,8.0
123,6034,72609,17.0
123,6035,72619,10.0
123,6036,72629,10.0
123,6037,72637,8.0
123,6038,72649,12.0
123,6039,72658,9.0
123,6040,72669,11.0
123,6041,72678,9.0
123,6042,72686,8.0
123,6043,72696,10.0
123,6044,72704,8.0
123,6045,72712,8.0
123,6046,72721,9.0
123,6047,72729,8.0
123,6048,72741,12.0
123,6049,72752,11.0
123,6050,72761,9.0
123,6051,72771,10.0
123,6052,72781,10.0
123,6053,72791,10.0
123,6054,72801,10.0
123,6055,72811,10.0
123,6056,72821,10.0
123,6057,72831,10.0
123,6058,72841,10.0
123,6059,72849,8.0
123,6060,72858,9.0
123,6061,72866,8.0
123,6062,72879,13.0
123,6063,72889,10.0
123,6064,72898,9.0
123,6065,72907,9.0
123,6066,72923,16.0
123,6067,72932,9.0
123,6068,72948,16.0
123,6069,72960,12.0
123,6070,72969,9.0
123,6071,72980,11.0
123,6072,72990,10.0
123,6073,72999,9.0
123,6074,73009,10.0
123,6075,73022,13.0
123,6076,73032,10.0
123,6077,73042,10.0
123,6078,73052,10.0
123,6079,73062,10.0
123,6080,73072,10.0
123,6081,73081,9.0
123,6082,73092,11.0
123,6083,73103,11.0
123,6084,73114,11.0
123,6085,73124,10.0
123,6086,73133,9.0
123,6087,73145,12.0
123,6088,73156,11.0
123,6089,73166,10.0
123,6090,73176,10.0
123,6091,73187,11.0
123,6092,73199,12.0
123,6093,73210,11.0
123,6094,73222,12.0
123,6095,73230,8.0
123,6096,73239,9.0
123,6097,73248,9.0
123,6098,73257,9.0
123,6099,73267,10.0
123,6100,73281,14.0
123,6101,73292,11.0
123,6102,73301,9.0
123,6103,73310,9.0
123,6104,73321,11.0
123,6105,73331,10.0
123,6106,73340,9.0
123,6107,73350,10.0
123,6108,73359,9.0
123,6109,73368,9.0
123,6110,73377,9.0
123,6111,73386,9.0
123,6112,73396,10.0
123,6113,73407,11.0
123,6114,73417,10.0
123,6115,73429,12.0
123,6116,73438,9.0
123,6117,73449,11.0
123,6118,73458,9.0
123,6119,73470,12.0
123,6120,73479,9.0
123,6121,73487,8.0
123,6122,73501,14.0
123,6123,73517,16.0
123,6124,73527,10.0
123,6125,73539,12.0
123,6126,73547,8.0
123,6127,73557,10.0
123,6128,73567,10.0
123,6129,73577,10.0
123,6130,73587,10.0
123,6131,73599,12.0
123,6132,73609,10.0
123,6133,73619,10.0
123,6134,73629,10.0
123,6135,73639,10.0
123,6136,73655,16.0
123,6137,73667,12.0
123,6138,73678,11.0
123,6139,73687,9.0
123,6140,73699,12.0
123,6141,73707,8.0
123,6142,73723,16.0
123,6143,73733,10.0
123,6144,73743,10.0
123,6145,73754,11.0
123,6146,73763,9.0
123,6147,73772,9.0
123,6148,73781,9.0
123,6149,73790,9.0
123,6150,73800,10.0
123,6151,73810,10.0
123,6152,73823,13.0
123,6153,73833,10.0
123,6154,73845,12.0
123,6155,73856,11.0
123,6156,73866,10.0
123,6157,73878,12.0
123,6158,73889,11.0
123,6159,73897,8.0
123,6160,73906,9.0
123,6161,73919,13.0
123,6162,73930,11.0
123,6163,73940,10.0
123,6164,73961,21.0
123,6165,73971,10.0
123,6166,73983,12.0
123,6167,73993,10.0
123,6168,74003,10.0
123,6169,74012,9.0
123,6170,74021,9.0
123,6171,74030,9.0
123,6172,74039,9.0
123,6173,74048,9.0
123,6174,74059,11.0
123,6175,74068,9.0
123,6176,74078,10.0
123,6177,74093,15.0
123,6178,74102,9.0
123,6179,74114,12.0
123,6180,74125,11.0
123,6181,74137,12.0
123,6182,74148,11.0
123,6183,74158,10.0
123,6184,74170,12.0
123,6185,74180,10.0
123,6186,74188,8.0
123,6187,74200,12.0
123,6188,74209,9.0
123,6189,74218,9.0
123,6190,74227,9.0
123,6191,74238,11.0
123,6192,74247,9.0
123,6193,74257,10.0
123,6194,74265,8.0
123,6195,74274,9.0
123,6196,74283,9.0
123,6197,74291,8.0
123,6198,74301,10.0
123,6199,74310,9.0
123,6200,74320,10.0
123,6201,74329,9.0
123,6202,74339,10.0
123,6203,74348,9.0
123,6204,74358,10.0
123,6205,74369,11.0
123,6206,74378,9.0
123,6207,74388,10.0
123,6208,74400,12.0
123,6209,74411,11.0
123,6210,74420,9.0
123,6211,74429,9.0
123,6212,74439,10.0
123,6213,74456,17.0
123,6214,74466,10.0
123,6215,74475,9.0
123,6216,74485,10.0
123,6217,74493,8.0
123,6218,74506,13.0
123,6219,74518,12.0
123,6220,74530,12.0
123,6221,74540,10.0
123,6222,74550,10.0
123,6223,74561,11.0
123,6224,74569,8.0
123,6225,74579,10.0
123,6226,74591,12.0
123,6227,74601,10.0
123,6228,74612,11.0
123,6229,74620,8.0
123,6230,74630,10.0
123,6231,74640,10.0
123,6232,74650,10.0
123,6233,74663,13.0
123,6234,74677,14.0
123,6235,74686,9.0
123,6236,74698,12.0
123,6237,74707,9.0
123,6238,74719,12.0
123,6239,74729,10.0
123,6240,74738,9.0
123,6241,74749,11.0
123,6242,74760,11.0
123,6243,74772,12.0
123,6244,74782,10.0
123,6245,74791,9.0
123,6246,74802,11.0
123,6247,74814,12.0
123,6248,74823,9.0
123,6249,74832,9.0
123,6250,74840,8.0
123,6251,74849,9.0
123,6252,74861,12.0
123,6253,74873,12.0
123,6254,74882,9.0
123,6255,74894,12.0
123,6256,74902,8.0
123,6257,74914,12.0
123,6258,74927,13.0
123,6259,74937,10.0
123,6260,74947,10.0
123,6261,74964,17.0
123,6262,74974,10.0
123,6263,74984,10.0
123,6264,74993,9.0
123,6265,75005,12.0
123,6266,75016,11.0
123,6267,75027,11.0
123,6268,75037,10.0
123,6269,75047,10.0
123,6270,75057,10.0
123,6271,75068,11.0
123,6272,75076,8.0
123,6273,75088,12.0
123,6274,75098,10.0
123,6275,75109,11.0
123,6276,75118,9.0
123,6277,75126,8.0
123,6278,75135,9.0
123,6279,75144,9.0
123,6280,75158,14.0
123,6281,75170,12.0
123,6282,75180,10.0
123,6283,75188,8.0
123,6284,75202,14.0
123,6285,75212,10.0
123,6286,75220,8.0
123,6287,75230,10.0
123,6288,75240,10.0
123,6289,75249,9.0
123,6290,75258,9.0
123,6291,75267,9.0
123,6292,75282,15.0
123,6293,75292,10.0
123,6294,75302,10.0
123,6295,75312,10.0
123,6296,75321,9.0
123,6297,75330,9.0
123,6298,75339,9.0
123,6299,75349,10.0
123,6300,75358,9.0
123,6301,75367,9.0
123,6302,75379,12.0
123,6303,75391,12.0
123,6304,75402,11.0
123,6305,75411,9.0
123,6306,75421,10.0
123,6307,75431,10.0
123,6308,75440,9.0
123,6309,75450,10.0
123,6310,75458,8.0
123,6311,75469,11.0
123,6312,75480,11.0
123,6313,75491,11.0
123,6314,75499,8.0
123,6315,75508,9.0
123,6316,75518,10.0
123,6317,75528,10.0
123,6318,75540,12.0
123,6319,75549,9.0
123,6320,75560,11.0
123,6321,75569,9.0
123,6322,75583,14.0
123,6323,75592,9.0
123,6324,75601,9.0
123,6325,75612,11.0
123,6326,75625,13.0
123,6327,75637,12.0
123,6328,75647,10.0
123,6329,75660,13.0
123,6330,75670,10.0
123,6331,75680,10.0
123,6332,75692,12.0
123,6333,75700,8.0
123,6334,75708,8.0
123,6335,75718,10.0
123,6336,75733,15.0
123,6337,75742,9.0
123,6338,75752,10.0
123,6339,75763,11.0
123,6340,75772,9.0
123,6341,75781,9.0
123,6342,75789,8.0
123,6343,75798,9.0
123,6344,75810,12.0
123,6345,75820,10.0
123,6346,75829,9.0
123,6347,75838,9.0
123,6348,75850,12.0
123,6349,75860,10.0
123,6350,75872,12.0
123,6351,75882,10.0
123,6352,75891,9.0
123,6353,75899,8.0
123,6354,75915,16.0
123,6355,75925,10.0
123,6356,75936,11.0
123,6357,75945,9.0
123,6358,75962,17.0
123,6359,75970,8.0
123,6360,75980,10.0
123,6361,75990,10.0
123,6362,76002,12.0
123,6363,76012,10.0
123,6364,76022,10.0
123,6365,76031,9.0
123,6366,76040,9.0
123,6367,76052,12.0
123,6368,76062,10.0
123,6369,76071,9.0
123,6370,76080,9.0
123,6371,76089,9.0
123,6372,76102,13.0
123,6373,76111,9.0
123,6374,76123,12.0
123,6375,76133,10.0
123,6376,76142,9.0
123,6377,76151,9.0
123,6378,76164,13.0
123,6379,76174,10.0
123,6380,76185,11.0
123,6381,76194,9.0
123,6382,76204,10.0
123,6383,76213,9.0
123,6384,76223,10.0
123,6385,76233,10.0
123,6386,76243,10.0
123,6387,76256,13.0
123,6388,76268,12.0
123,6389,76279,11.0
123,6390,76289,10.0
123,6391,76299,10.0
123,6392,76311,12.0
123,6393,76322,11.0
123,6394,76333,11.0
123,6395,76343,10.0
123,6396,76353,10.0
123,6397,76361,8.0
123,6398,76370,9.0
123,6399,76384,14.0
123,6400,76392,8.0
123,6401,76400,8.0
123,6402,76410,10.0
123,6403,76422,12.0
123,6404,76432,10.0
123,6405,76441,9.0
123,6406,76454,13.0
123,6407,76464,10.0
123,6408,76474,10.0
123,6409,76484,10.0
123,6410,76494,10.0
123,6411,76506,12.0
123,6412,76516,10.0
123,6413,76526,10.0
123,6414,76535,9.0
123,6415,76544,9.0
123,6416,76554,10.0
123,6417,76565,11.0
123,6418,76575,10.0
123,6419,76584,9.0
123,6420,76597,13.0
123,6421,76607,10.0
123,6422,76617,10.0
123,6423,76625,8.0
123,6424,76633,8.0
123,6425,76656,23.0
123,6426,76666,10.0
123,6427,76676,10.0
123,6428,76688,12.0
123,6429,76696,8.0
123,6430,76706,10.0
123,6431,76718,12.0
123,6432,76727,9.0
123,6433,76737,10.0
123,6434,76747,10.0
123,6435,76756,9.0
123,6436,76766,10.0
123,6437,76785,19.0
123,6438,76794,9.0
123,6439,76806,12.0
123,6440,76815,9.0
123,6441,76827,12.0
123,6442,76837,10.0
123,6443,76846,9.0
123,6444,76856,10.0
123,6445,76868,12.0
123,6446,76877,9.0
123,6447,76886,9.0
123,6448,76897,11.0
123,6449,76908,11.0
123,6450,76922,14.0
123,6451,76931,9.0
123,6452,76942,11.0
123,6453,76953,11.0
123,6454,76963,10.0
123,6455,76973,10.0
123,6456,76982,9.0
123,6457,76994,12.0
123,6458,77006,12.0
123,6459,77014,8.0
123,6460,77024,10.0
123,6461,77034,10.0
123,6462,77045,11.0
123,6463,77056,11.0
123,6464,77065,9.0
123,6465,77075,10.0
123,6466,77086,11.0
123,6467,77095,9.0
123,6468,77105,10.0
123,6469,77117,12.0
123,6470,77126,9.0
123,6471,77136,10.0
123,6472,77144,8.0
123,6473,77155,11.0
123,6474,77167,12.0
123,6475,77179,12.0
123,6476,77192,13.0
123,6477,77201,9.0
123,6478,77209,8.0
123,6479,77218,9.0
123,6480,77226,8.0
123,6481,77236,10.0
123,6482,77248,12.0
123,6483,77259,11.0
123,6484,77267,8.0
123,6485,77276,9.0
123,6486,77285,9.0
123,6487,77294,9.0
123,6488,77306,12.0
123,6489,77318,12.0
123,6490,77331,13.0
123,6491,77340,9.0
123,6492,77350,10.0
123,6493,77361,11.0
123,6494,77373,12.0
123,6495,77387,14.0
123,6496,77395,8.0
123,6497,77406,11.0
123,6498,77416,10.0
123,6499,77425,9.0
123,6500,77433,8.0
123,6501,77445,12.0
123,6502,77453,8.0
123,6503,77461,8.0
123,6504,77470,9.0
123,6505,77480,10.0
123,6506,77490,10.0
123,6507,77502,12.0
123,6508,77511,9.0
123,6509,77521,10.0
123,6510,77529,8.0
123,6511,77541,12.0
123,6512,77555,14.0
123,6513,77565,10.0
123,6514,77574,9.0
123,6515,77589,15.0
123,6516,77597,8.0
123,6517,77608,11.0
123,6518,77620,12.0
123,6519,77630,10.0
123,6520,77639,9.0
123,6521,77648,9.0
123,6522,77658,10.0
123,6523,77667,9.0
123,6524,77675,8.0
123,6525,77686,11.0
123,6526,77694,8.0
123,6527,77703,9.0
123,6528,77711,8.0
123,6529,77722,11.0
123,6530,77733,11.0
123,6531,77742,9.0
123,6532,77751,9.0
123,6533,77761,10.0
123,6534,77771,10.0
123,6535,77780,9.0
123,6536,77792,12.0
123,6537,77801,9.0
123,6538,77814,13.0
123,6539,77824,10.0
123,6540,77835,11.0
123,6541,77847,12.0
123,6542,77860,13.0
123,6543,77872,12.0
123,6544,77884,12.0
123,6545,77894,10.0
123,6546,77902,8.0
123,6547,77916,14.0
123,6548,77925,9.0
123,6549,77937,12.0
123,6550,77947,10.0
123,6551,77955,8.0
123,6552,77964,9.0
123,6553,77973,9.0
123,6554,77984,11.0
123,6555,77993,9.0
123,6556,78001,8.0
123,6557,78011,10.0
123,6558,78020,9.0
123,6559,78030,10.0
123,6560,78038,8.0
123,6561,78047,9.0
123,6562,78061,14.0
123,6563,78070,9.0
123,6564,78081,11.0
123,6565,78090,9.0
123,6566,78101,11.0
123,6567,78112,11.0
123,6568,78123,11.0
123,6569,78133,10.0
123,6570,78145,12.0
123,6571,78156,11.0
123,6572,78166,10.0
123,6573,78177,11.0
123,6574,78187,10.0
123,6575,78200,13.0
123,6576,78208,8.0
123,6577,78220,12.0
123,6578,78229,9.0
123,6579,78237,8.0
123,6580,78248,11.0
123,6581,78257,9.0
123,6582,78265,8.0
123,6583,78277,12.0
123,6584,78289,12.0
123,6585,78299,10.0
123,6586,78309,10.0
123,6587,78319,10.0
123,6588,78341,22.0
123,6589,78349,8.0
123,6590,78359,10.0
123,6591,78369,10.0
123,6592,78378,9.0
123,6593,78391,13.0
123,6594,78401,10.0
123,6595,78409,8.0
123,6596,78417,8.0
123,6597,78428,11.0
123,6598,78438,10.0
123,6599,78448,10.0
123,6600,78462,14.0
123,6601,78472,10.0
123,6602,78482,10.0
123,6603,78496,14.0
123,6604,78512,16.0
123,6605,78520,8.0
123,6606,78532,12.0
123,6607,78541,9.0
123,6608,78551,10.0
123,6609,78560,9.0
123,6610,78573,13.0
123,6611,78585,12.0
123,6612,78595,10.0
123,6613,78606,11.0
123,6614,78615,9.0
123,6615,78625,10.0
123,6616,78634,9.0
123,6617,78645,11.0
123,6618,78654,9.0
123,6619,78664,10.0
123,6620,78674,10.0
123,6621,78683,9.0
123,6622,78693,10.0
123,6623,78705,12.0
123,6624,78714,9.0
123,6625,78723,9.0
123,6626,78732,9.0
123,6627,78742,10.0
123,6628,78757,15.0
123,6629,78768,11.0
123,6630,78777,9.0
123,6631,78786,9.0
123,6632,78795,9.0
123,6633,78804,9.0
123,6634,78814,10.0
123,6635,78826,12.0
123,6636,78834,8.0
123,6637,78846,12.0
123,6638,78855,9.0
123,6639,78865,10.0
123,6640,78875,10.0
123,6641,78888,13.0
123,6642,78900,12.0
123,6643,78910,10.0
123,6644,78919,9.0
123,6645,78929,10.0
123,6646,78938,9.0
123,6647,78948,10.0
123,6648,78958,10.0
123,6649,78968,10.0
123,6650,78978,10.0
123,6651,78988,10.0
123,6652,78997,9.0
123,6653,79005,8.0
123,6654,79018,13.0
123,6655,79028,10.0
123,6656,79037,9.0
123,6657,79047,10.0
123,6658,79056,9.0
123,6659,79067,11.0
123,6660,79076,9.0
123,6661,79085,9.0
123,6662,79095,10.0
123,6663,79105,10.0
123,6664,79114,9.0
123,6665,79123,9.0
123,6666,79132,9.0
123,6667,79144,12.0
123,6668,79154,10.0
123,6669,79164,10.0
123,6670,79173,9.0
123,6671,79185,12.0
123,6672,79195,10.0
123,6673,79205,10.0
123,6674,79214,9.0
123,6675,79224,10.0
123,6676,79234,10.0
123,6677,79244,10.0
123,6678,79253,9.0
123,6679,79262,9.0
123,6680,79273,11.0
123,6681,79283,10.0
123,6682,79295,12.0
123,6683,79305,10.0
123,6684,79316,11.0
123,6685,79329,13.0
123,6686,79338,9.0
123,6687,79349,11.0
123,6688,79360,11.0
123,6689,79372,12.0
123,6690,79381,9.0
123,6691,79392,11.0
123,6692,79401,9.0
123,6693,79413,12.0
123,6694,79423,10.0
123,6695,79431,8.0
123,6696,79441,10.0
123,6697,79450,9.0
123,6698,79459,9.0
123,6699,79469,10.0
123,6700,79480,11.0
123,6701,79492,12.0
123,6702,79515,23.0
123,6703,79524,9.0
123,6704,79533,9.0
123,6705,79543,10.0
123,6706,79555,12.0
123,6707,79564,9.0
123,6708,79574,10.0
123,6709,79583,9.0
123,6710,79592,9.0
123,6711,79601,9.0
123,6712,79609,8.0
123,6713,79622,13.0
123,6714,79632,10.0
123,6715,79642,10.0
123,6716,79653,11.0
123,6717,79662,9.0
123,6718,79674,12.0
123,6719,79684,10.0
123,6720,79693,9.0
123,6721,79704,11.0
123,6722,79715,11.0
123,6723,79725,10.0
123,6724,79750,25.0
123,6725,79758,8.0
123,6726,79772,14.0
123,6727,79781,9.0
123,6728,79792,11.0
123,6729,79802,10.0
123,6730,79823,21.0
123,6731,79833,10.0
123,6732,79843,10.0
123,6733,79851,8.0
123,6734,79862,11.0
123,6735,79870,8.0
123,6736,79887,17.0
123,6737,79899,12.0
123,6738,79910,11.0
123,6739,79919,9.0
123,6740,79928,9.0
123,6741,79937,9.0
123,6742,79949,12.0
123,6743,79959,10.0
123,6744,79969,10.0
123,6745,79978,9.0
123,6746,79988,10.0
123,6747,79998,10.0
123,6748,80008,10.0
123,6749,80018,10.0
123,6750,80027,9.0
123,6751,80036,9.0
123,6752,80045,9.0
123,6753,80054,9.0
123,6754,80063,9.0
123,6755,80073,10.0
123,6756,80084,11.0
123,6757,80093,9.0
123,6758,80102,9.0
123,6759,80114,12.0
123,6760,80123,9.0
123,6761,80133,10.0
123,6762,80143,10.0
123,6763,80155,12.0
123,6764,80169,14.0
123,6765,80180,11.0
123,6766,80189,9.0
123,6767,80199,10.0
123,6768,80208,9.0
123,6769,80217,9.0
123,6770,80229,12.0
123,6771,80239,10.0
123,6772,80249,10.0
123,6773,80258,9.0
123,6774,80271,13.0
123,6775,80281,10.0
123,6776,80291,10.0
123,6777,80301,10.0
123,6778,80311,10.0
123,6779,80322,11.0
123,6780,80333,11.0
123,6781,80343,10.0
123,6782,80353,10.0
123,6783,80364,11.0
123,6784,80375,11.0
123,6785,80385,10.0
123,6786,80397,12.0
123,6787,80408,11.0
123,6788,80416,8.0
123,6789,80424,8.0
123,6790,80433,9.0
123,6791,80443,10.0
123,6792,80453,10.0
123,6793,80462,9.0
123,6794,80472,10.0
123,6795,80483,11.0
123,6796,80491,8.0
123,6797,80499,8.0
123,6798,80507,8.0
123,6799,80516,9.0
123,6800,80525,9.0
123,6801,80538,13.0
123,6802,80547,9.0
123,6803,80557,10.0
123,6804,80566,9.0
123,6805,80575,9.0
123,6806,80584,9.0
123,6807,80595,11.0
123,6808,80604,9.0
123,6809,80614,10.0
123,6810,80624,10.0
123,6811,80635,11.0
123,6812,80644,9.0
123,6813,80655,11.0
123,6814,80666,11.0
123,6815,80675,9.0
123,6816,80685,10.0
123,6817,80694,9.0
123,6818,80703,9.0
123,6819,80716,13.0
123,6820,80726,10.0
123,6821,80736,10.0
123,6822,80752,16.0
123,6823,80762,10.0
123,6824,80772,10.0
123,6825,80785,13.0
123,6826,80798,13.0
123,6827,80808,10.0
123,6828,80818,10.0
123,6829,80826,8.0
123,6830,80839,13.0
123,6831,80853,14.0
123,6832,80863,10.0
123,6833,80872,9.0
123,6834,80882,10.0
123,6835,80892,10.0
123,6836,80902,10.0
123,6837,80911,9.0
123,6838,80922,11.0
123,6839,80931,9.0
123,6840,80941,10.0
123,6841,80951,10.0
123,6842,80960,9.0
123,6843,80970,10.0
123,6844,80981,11.0
123,6845,80991,10.0
123,6846,81002,11.0
123,6847,81014,12.0
123,6848,81023,9.0
123,6849,81033,10.0
123,6850,81043,10.0
123,6851,81053,10.0
123,6852,81065,12.0
123,6853,81074,9.0
123,6854,81085,11.0
123,6855,81102,17.0
123,6856,81113,11.0
123,6857,81128,15.0
123,6858,81137,9.0
123,6859,81147,10.0
123,6860,81157,10.0
123,6861,81167,10.0
123,6862,81177,10.0
123,6863,81193,16.0
123,6864,81202,9.0
123,6865,81216,14.0
123,6866,81228,12.0
123,6867,81238,10.0
123,6868,81247,9.0
123,6869,81258,11.0
123,6870,81269,11.0
123,6871,81279,10.0
123,6872,81288,9.0
123,6873,81298,10.0
123,6874,81311,13.0
123,6875,81321,10.0
123,6876,81331,10.0
123,6877,81341,10.0
123,6878,81352,11.0
123,6879,81363,11.0
123,6880,81373,10.0
123,6881,81382,9.0
123,6882,81393,11.0
123,6883,81402,9.0
123,6884,81412,10.0
123,6885,81421,9.0
123,6886,81430,9.0
123,6887,81445,15.0
123,6888,81454,9.0
123,6889,81463,9.0
123,6890,81472,9.0
123,6891,81483,11.0
123,6892,81497,14.0
123,6893,81508,11.0
123,6894,81520,12.0
123,6895,81530,10.0
123,6896,81541,11.0
123,6897,81557,16.0
123,6898,81566,9.0
123,6899,81575,9.0
123,6900,81585,10.0
123,6901,81593,8.0
123,6902,81609,16.0
123,6903,81620,11.0
123,6904,81629,9.0
123,6905,81639,10.0
123,6906,81651,12.0
123,6907,81662,11.0
123,6908,81676,14.0
123,6909,81684,8.0
123,6910,81694,10.0
123,6911,81703,9.0
123,6912,81716,13.0
123,6913,81726,10.0
123,6914,81737,11.0
123,6915,81747,10.0
123,6916,81756,9.0
123,6917,81766,10.0
123,6918,81775,9.0
123,6919,81787,12.0
123,6920,81797,10.0
123,6921,81807,10.0
123,6922,81816,9.0
123,6923,81827,11.0
123,6924,81838,11.0
123,6925,81846,8.0
123,6926,81858,12.0
123,6927,81871,13.0
123,6928,81881,10.0
123,6929,81896,15.0
123,6930,81907,11.0
123,6931,81917,10.0
123,6932,81926,9.0
123,6933,81939,13.0
123,6934,81949,10.0
123,6935,81960,11.0
123,6936,81969,9.0
123,6937,81978,9.0
123,6938,81987,9.0
123,6939,81996,9.0
123,6940,82006,10.0
123,6941,82014,8.0
123,6942,82024,10.0
123,6943,82032,8.0
123,6944,82043,11.0
123,6945,82054,11.0
123,6946,82064,10.0
123,6947,82074,10.0
123,6948,82085,11.0
123,6949,82095,10.0
123,6950,82105,10.0
123,6951,82115,10.0
123,6952,82131,16.0
123,6953,82139,8.0
123,6954,82154,15.0
123,6955,82166,12.0
123,6956,82175,9.0
123,6957,82185,10.0
123,6958,82195,10.0
123,6959,82205,10.0
123,6960,82217,12.0
123,6961,82225,8.0
123,6962,82238,13.0
123,6963,82251,13.0
123,6964,82263,12.0
123,6965,82273,10.0
123,6966,82284,11.0
123,6967,82297,13.0
123,6968,82307,10.0
123,6969,82319,12.0
123,6970,82328,9.0
123,6971,82339,11.0
123,6972,82350,11.0
123,6973,82360,10.0
123,6974,82370,10.0
123,6975,82378,8.0
123,6976,82396,18.0
123,6977,82405,9.0
123,6978,82417,12.0
123,6979,82427,10.0
123,6980,82438,11.0
123,6981,82447,9.0
123,6982,82457,10.0
123,6983,82467,10.0
123,6984,82480,13.0
123,6985,82490,10.0
123,6986,82502,12.0
123,6987,82512,10.0
123,6988,82524,12.0
123,6989,82534,10.0
123,6990,82546,12.0
123,6991,82556,10.0
123,6992,82570,14.0
123,6993,82579,9.0
123,6994,82589,10.0
123,6995,82598,9.0
123,6996,82606,8.0
123,6997,82618,12.0
123,6998,82627,9.0
123,6999,82636,9.0
123,7000,82645,9.0
123,7001,82655,10.0
123,7002,82667,12.0
123,7003,82676,9.0
123,7004,82687,11.0
123,7005,82697,10.0
123,7006,82706,9.0
123,7007,82715,9.0
123,7008,82725,10.0
123,7009,82735,10.0
123,7010,82744,9.0
123,7011,82756,12.0
123,7012,82765,9.0
123,7013,82775,10.0
123,7014,82785,10.0
123,7015,82796,11.0
123,7016,82807,11.0
123,7017,82818,11.0
123,7018,82832,14.0
123,7019,82841,9.0
123,7020,82851,10.0
123,7021,82862,11.0
123,7022,82873,11.0
123,7023,82882,9.0
123,7024,82890,8.0
123,7025,82902,12.0
123,7026,82912,10.0
123,7027,82922,10.0
123,7028,82932,10.0
123,7029,82941,9.0
123,7030,82954,13.0
123,7031,82964,10.0
123,7032,82973,9.0
123,7033,82987,14.0
123,7034,82997,10.0
123,7035,83008,11.0
123,7036,83020,12.0
123,7037,83031,11.0
123,7038,83040,9.0
123,7039,83049,9.0
123,7040,83059,10.0
123,7041,83068,9.0
123,7042,83079,11.0
123,7043,83093,14.0
123,7044,83105,12.0
123,7045,83115,10.0
123,7046,83129,14.0
123,7047,83139,10.0
123,7048,83148,9.0
123,7049,83156,8.0
123,7050,83166,10.0
123,7051,83175,9.0
123,7052,83186,11.0
123,7053,83197,11.0
123,7054,83205,8.0
123,7055,83216,11.0
123,7056,83226,10.0
123,7057,83234,8.0
123,7058,83243,9.0
123,7059,83253,10.0
123,7060,83264,11.0
123,7061,83276,12.0
123,7062,83285,9.0
123,7063,83298,13.0
123,7064,83307,9.0
123,7065,83319,12.0
123,7066,83328,9.0
123,7067,83337,9.0
123,7068,83347,10.0
123,7069,83361,14.0
123,7070,83370,9.0
123,7071,83379,9.0
123,7072,83390,11.0
123,7073,83403,13.0
123,7074,83425,22.0
123,7075,83434,9.0
123,7076,83445,11.0
123,7077,83456,11.0
123,7078,83464,8.0
123,7079,83474,10.0
123,7080,83486,12.0
123,7081,83501,15.0
123,7082,83511,10.0
123,7083,83520,9.0
123,7084,83533,13.0
123,7085,83544,11.0
123,7086,83554,10.0
123,7087,83568,14.0
123,7088,83583,15.0
123,7089,83593,10.0
123,7090,83603,10.0
123,7091,83614,11.0
123,7092,83624,10.0
123,7093,83633,9.0
123,7094,83642,9.0
123,7095,83652,10.0
123,7096,83666,14.0
123,7097,83678,12.0
123,7098,83691,13.0
123,7099,83700,9.0
123,7100,83710,10.0
123,7101,83720,10.0
123,7102,83735,15.0
123,7103,83750,15.0
123,7104,83760,10.0
123,7105,83769,9.0
123,7106,83778,9.0
123,7107,83789,11.0
123,7108,83797,8.0
123,7109,83806,9.0
123,7110,83817,11.0
123,7111,83825,8.0
123,7112,83836,11.0
123,7113,83846,10.0
123,7114,83855,9.0
123,7115,83866,11.0
123,7116,83875,9.0
123,7117,83885,10.0
123,7118,83894,9.0
123,7119,83907,13.0
123,7120,83919,12.0
123,7121,83934,15.0
123,7122,83944,10.0
123,7123,83957,13.0
123,7124,83971,14.0
123,7125,83980,9.0
123,7126,83996,16.0
123,7127,84005,9.0
123,7128,84015,10.0
123,7129,84024,9.0
123,7130,84032,8.0
123,7131,84043,11.0
123,7132,84055,12.0
123,7133,84072,17.0
123,7134,84083,11.0
123,7135,84093,10.0
123,7136,84102,9.0
123,7137,84111,9.0
123,7138,84124,13.0
123,7139,84137,13.0
123,7140,84146,9.0
123,7141,84155,9.0
123,7142,84165,10.0
123,7143,84175,10.0
123,7144,84185,10.0
123,7145,84195,10.0
123,7146,84205,10.0
123,7147,84216,11.0
123,7148,84224,8.0
123,7149,84234,10.0
123,7150,84245,11.0
123,7151,84253,8.0
123,7152,84262,9.0
123,7153,84271,9.0
123,7154,84284,13.0
123,7155,84293,9.0
123,7156,84302,9.0
123,7157,84312,10.0
123,7158,84322,10.0
123,7159,84332,10.0
123,7160,84343,11.0
123,7161,84354,11.0
123,7162,84364,10.0
123,7163,84375,11.0
123,7164,84383,8.0
123,7165,84392,9.0
123,7166,84401,9.0
123,7167,84409,8.0
123,7168,84418,9.0
123,7169,84427,9.0
123,7170,84437,10.0
123,7171,84446,9.0
123,7172,84454,8.0
123,7173,84467,13.0
123,7174,84477,10.0
123,7175,84488,11.0
123,7176,84499,11.0
123,7177,84508,9.0
123,7178,84520,12.0
123,7179,84529,9.0
123,7180,84538,9.0
123,7181,84551,13.0
123,7182,84563,12.0
123,7183,84575,12.0
123,7184,84584,9.0
123,7185,84595,11.0
123,7186,84606,11.0
123,7187,84618,12.0
123,7188,84627,9.0
123,7189,84638,11.0
123,7190,84649,11.0
123,7191,84659,10.0
123,7192,84668,9.0
123,7193,84679,11.0
123,7194,84694,15.0
123,7195,84706,12.0
123,7196,84716,10.0
123,7197,84726,10.0
123,7198,84735,9.0
123,7199,84745,10.0
123,7200,84756,11.0
123,7201,84767,11.0
123,7202,84778,11.0
123,7203,84786,8.0
123,7204,84796,10.0
123,7205,84804,8.0
123,7206,84813,9.0
123,7207,84824,11.0
123,7208,84836,12.0
123,7209,84845,9.0
123,7210,84855,10.0
123,7211,84867,12.0
123,7212,84878,11.0
123,7213,84889,11.0
123,7214,84901,12.0
123,7215,84911,10.0
123,7216,84923,12.0
123,7217,84933,10.0
123,7218,84946,13.0
123,7219,84956,10.0
123,7220,84964,8.0
123,7221,84973,9.0
123,7222,84983,10.0
123,7223,84996,13.0
123,7224,85015,19.0
123,7225,85028,13.0
123,7226,85040,12.0
123,7227,85053,13.0
123,7228,85063,10.0
123,7229,85071,8.0
123,7230,85081,10.0
123,7231,85093,12.0
123,7232,85101,8.0
123,7233,85114,13.0
123,7234,85123,9.0
123,7235,85136,13.0
123,7236,85147,11.0
123,7237,85160,13.0
123,7238,85170,10.0
123,7239,85181,11.0
123,7240,85190,9.0
123,7241,85202,12.0
123,7242,85213,11.0
123,7243,85224,11.0
123,7244,85236,12.0
123,7245,85246,10.0
123,7246,85256,10.0
123,7247,85266,10.0
123,7248,85276,10.0
123,7249,85286,10.0
123,7250,85295,9.0
123,7251,85306,11.0
123,7252,85320,14.0
123,7253,85330,10.0
123,7254,85340,10.0
123,7255,85349,9.0
123,7256,85358,9.0
123,7257,85375,17.0
123,7258,85386,11.0
123,7259,85395,9.0
123,7260,85406,11.0
123,7261,85417,11.0
123,7262,85427,10.0
123,7263,85437,10.0
123,7264,85448,11.0
123,7265,85457,9.0
123,7266,85468,11.0
123,7267,85478,10.0
123,7268,85490,12.0
123,7269,85505,15.0
123,7270,85515,10.0
123,7271,85524,9.0
123,7272,85540,16.0
123,7273,85554,14.0
123,7274,85563,9.0
123,7275,85577,14.0
123,7276,85588,11.0
123,7277,85597,9.0
123,7278,85607,10.0
123,7279,85618,11.0
123,7280,85629,11.0
123,7281,85641,12.0
123,7282,85652,11.0
123,7283,85661,9.0
123,7284,85669,8.0
123,7285,85679,10.0
123,7286,85689,10.0
123,7287,85703,14.0
123,7288,85716,13.0
123,7289,85726,10.0
123,7290,85735,9.0
123,7291,85744,9.0
123,7292,85753,9.0
123,7293,85763,10.0
123,7294,85772,9.0
123,7295,85781,9.0
123,7296,85793,12.0
123,7297,85804,11.0
123,7298,85814,10.0
123,7299,85826,12.0
123,7300,85836,10.0
123,7301,85848,12.0
123,7302,85859,11.0
123,7303,85871,12.0
123,7304,85883,12.0
123,7305,85893,10.0
123,7306,85904,11.0
123,7307,85915,11.0
123,7308,85927,12.0
123,7309,85937,10.0
123,7310,85955,18.0
123,7311,85970,15.0
123,7312,85982,12.0
123,7313,85992,10.0
123,7314,86003,11.0
123,7315,86014,11.0
123,7316,86023,9.0
123,7317,86032,9.0
123,7318,86042,10.0
123,7319,86052,10.0
123,7320,86060,8.0
123,7321,86069,9.0
123,7322,86078,9.0
123,7323,86094,16.0
123,7324,86104,10.0
123,7325,86113,9.0
123,7326,86122,9.0
123,7327,86132,10.0
123,7328,86140,8.0
123,7329,86149,9.0
123,7330,86158,9.0
123,7331,86168,10.0
123,7332,86181,13.0
123,7333,86192,11.0
123,7334,86202,10.0
123,7335,86212,10.0
123,7336,86227,15.0
123,7337,86237,10.0
123,7338,86253,16.0
123,7339,86263,10.0
123,7340,86274,11.0
123,7341,86283,9.0
123,7342,86292,9.0
123,7343,86300,8.0
123,7344,86309,9.0
123,7345,86319,10.0
123,7346,86329,10.0
123,7347,86338,9.0
123,7348,86347,9.0
123,7349,86364,17.0
123,7350,86373,9.0
123,7351,86384,11.0
123,7352,86394,10.0
123,7353,86404,10.0
123,7354,86414,10.0
123,7355,86424,10.0
123,7356,86434,10.0
123,7357,86448,14.0
123,7358,86459,11.0
123,7359,86469,10.0
123,7360,86479,10.0
123,7361,86490,11.0
123,7362,86501,11.0
123,7363,86509,8.0
123,7364,86519,10.0
123,7365,86530,11.0
123,7366,86539,9.0
123,7367,86549,10.0
123,7368,86560,11.0
123,7369,86570,10.0
123,7370,86579,9.0
123,7371,86591,12.0
123,7372,86599,8.0
123,7373,86608,9.0
123,7374,86617,9.0
123,7375,86626,9.0
123,7376,86638,12.0
123,7377,86649,11.0
123,7378,86658,9.0
123,7379,86668,10.0
123,7380,86678,10.0
123,7381,86692,14.0
123,7382,86703,11.0
123,7383,86713,10.0
123,7384,86727,14.0
123,7385,86737,10.0
123,7386,86747,10.0
123,7387,86761,14.0
123,7388,86771,10.0
123,7389,86781,10.0
123,7390,86796,15.0
123,7391,86807,11.0
123,7392,86817,10.0
123,7393,86829,12.0
123,7394,86838,9.0
123,7395,86848,10.0
123,7396,86858,10.0
123,7397,86868,10.0
123,7398,86877,9.0
123,7399,86889,12.0
123,7400,86900,11.0
123,7401,86912,12.0
123,7402,86924,12.0
123,7403,86935,11.0
123,7404,86947,12.0
123,7405,86957,10.0
123,7406,86967,10.0
123,7407,86984,17.0
123,7408,86995,11.0
123,7409,87012,17.0
123,7410,87023,11.0
123,7411,87034,11.0
123,7412,87043,9.0
123,7413,87052,9.0
123,7414,87061,9.0
123,7415,87071,10.0
123,7416,87083,12.0
123,7417,87093,10.0
123,7418,87104,11.0
123,7419,87117,13.0
123,7420,87129,12.0
123,7421,87137,8.0
123,7422,87147,10.0
123,7423,87155,8.0
123,7424,87165,10.0
123,7425,87178,13.0
123,7426,87188,10.0
123,7427,87197,9.0
123,7428,87207,10.0
123,7429,87219,12.0
123,7430,87228,9.0
123,7431,87239,11.0
123,7432,87249,10.0
123,7433,87258,9.0
123,7434,87268,10.0
123,7435,87280,12.0
123,7436,87296,16.0
123,7437,87306,10.0
123,7438,87316,10.0
123,7439,87325,9.0
123,7440,87335,10.0
123,7441,87345,10.0
123,7442,87358,13.0
123,7443,87368,10.0
123,7444,87378,10.0
123,7445,87388,10.0
123,7446,87397,9.0
123,7447,87407,10.0
123,7448,87419,12.0
123,7449,87434,15.0
123,7450,87445,11.0
123,7451,87454,9.0
123,7452,87462,8.0
123,7453,87472,10.0
123,7454,87482,10.0
123,7455,87492,10.0
123,7456,87503,11.0
123,7457,87514,11.0
123,7458,87523,9.0
123,7459,87534,11.0
123,7460,87550,16.0
123,7461,87559,9.0
123,7462,87573,14.0
123,7463,87581,8.0
123,7464,87591,10.0
123,7465,87600,9.0
123,7466,87609,9.0
123,7467,87622,13.0
123,7468,87632,10.0
123,7469,87642,10.0
123,7470,87652,10.0
123,7471,87664,12.0
123,7472,87674,10.0
123,7473,87685,11.0
123,7474,87696,11.0
123,7475,87707,11.0
123,7476,87721,14.0
123,7477,87730,9.0
123,7478,87740,10.0
123,7479,87753,13.0
123,7480,87762,9.0
123,7481,87775,13.0
123,7482,87792,17.0
123,7483,87801,9.0
123,7484,87809,8.0
123,7485,87819,10.0
123,7486,87830,11.0
123,7487,87839,9.0
123,7488,87848,9.0
123,7489,87857,9.0
123,7490,87865,8.0
123,7491,87876,11.0
123,7492,87885,9.0
123,7493,87898,13.0
123,7494,87907,9.0
123,7495,87917,10.0
123,7496,87926,9.0
123,7497,87935,9.0
123,7498,87947,12.0
123,7499,87957,10.0
123,7500,87967,10.0
123,7501,87977,10.0
123,7502,87988,11.0
123,7503,87997,9.0
123,7504,88008,11.0
123,7505,88019,11.0
123,7506,88028,9.0
123,7507,88038,10.0
123,7508,88048,10.0
123,7509,88056,8.0
123,7510,88066,10.0
123,7511,88075,9.0
123,7512,88087,12.0
123,7513,88100,13.0
123,7514,88108,8.0
123,7515,88117,9.0
123,7516,88126,9.0
123,7517,88135,9.0
123,7518,88144,9.0
123,7519,88153,9.0
123,7520,88162,9.0
123,7521,88172,10.0
123,7522,88183,11.0
123,7523,88191,8.0
123,7524,88200,9.0
123,7525,88211,11.0
123,7526,88220,9.0
123,7527,88228,8.0
123,7528,88239,11.0
123,7529,88251,12.0
123,7530,88260,9.0
123,7531,88270,10.0
123,7532,88281,11.0
123,7533,88291,10.0
123,7534,88303,12.0
123,7535,88312,9.0
123,7536,88322,10.0
123,7537,88332,10.0
123,7538,88342,10.0
123,7539,88351,9.0
123,7540,88360,9.0
123,7541,88371,11.0
123,7542,88381,10.0
123,7543,88392,11.0
123,7544,88403,11.0
123,7545,88412,9.0
123,7546,88422,10.0
123,7547,88431,9.0
123,7548,88441,10.0
123,7549,88450,9.0
123,7550,88460,10.0
123,7551,88470,10.0
123,7552,88479,9.0
123,7553,88489,10.0
123,7554,88500,11.0
123,7555,88510,10.0
123,7556,88520,10.0
123,7557,88532,12.0
123,7558,88543,11.0
123,7559,88553,10.0
123,7560,88568,15.0
123,7561,88577,9.0
123,7562,88588,11.0
123,7563,88598,10.0
123,7564,88609,11.0
123,7565,88619,10.0
123,7566,88628,9.0
123,7567,88639,11.0
123,7568,88650,11.0
123,7569,88659,9.0
123,7570,88670,11.0
123,7571,88679,9.0
123,7572,88688,9.0
123,7573,88697,9.0
123,7574,88706,9.0
123,7575,88716,10.0
123,7576,88728,12.0
123,7577,88737,9.0
123,7578,88746,9.0
123,7579,88756,10.0
123,7580,88765,9.0
123,7581,88773,8.0
123,7582,88783,10.0
123,7583,88793,10.0
123,7584,88805,12.0
123,7585,88815,10.0
123,7586,88825,10.0
123,7587,88835,10.0
123,7588,88846,11.0
123,7589,88854,8.0
123,7590,88863,9.0
123,7591,88877,14.0
123,7592,88888,11.0
123,7593,88897,9.0
123,7594,88906,9.0
123,7595,88916,10.0
123,7596,88925,9.0
123,7597,88934,9.0
123,7598,88943,9.0
123,7599,88957,14.0
123,7600,88966,9.0
123,7601,88976,10.0
123,7602,88986,10.0
123,7603,88996,10.0
123,7604,89007,11.0
123,7605,89017,10.0
123,7606,89026,9.0
123,7607,89034,8.0
123,7608,89044,10.0
123,7609,89055,11.0
123,7610,89065,10.0
123,7611,89075,10.0
123,7612,89084,9.0
123,7613,89094,10.0
123,7614,89105,11.0
123,7615,89115,10.0
123,7616,89127,12.0
123,7617,89136,9.0
123,7618,89147,11.0
123,7619,89157,10.0
123,7620,89169,12.0
123,7621,89180,11.0
123,7622,89190,10.0
123,7623,89203,13.0
123,7624,89217,14.0
123,7625,89227,10.0
123,7626,89237,10.0
123,7627,89249,12.0
123,7628,89257,8.0
123,7629,89266,9.0
123,7630,89276,10.0
123,7631,89284,8.0
123,7632,89297,13.0
123,7633,89307,10.0
123,7634,89319,12.0
123,7635,89328,9.0
123,7636,89339,11.0
123,7637,89348,9.0
123,7638,89358,10.0
123,7639,89377,19.0
123,7640,89387,10.0
123,7641,89401,14.0
123,7642,89411,10.0
123,7643,89420,9.0
123,7644,89429,9.0
123,7645,89438,9.0
123,7646,89452,14.0
123,7647,89462,10.0
123,7648,89472,10.0
123,7649,89482,10.0
123,7650,89491,9.0
123,7651,89503,12.0
123,7652,89513,10.0
123,7653,89523,10.0
123,7654,89538,15.0
123,7655,89547,9.0
123,7656,89555,8.0
123,7657,89566,11.0
123,7658,89578,12.0
123,7659,89588,10.0
123,7660,89598,10.0
123,7661,89608,10.0
123,7662,89619,11.0
123,7663,89629,10.0
123,7664,89639,10.0
123,7665,89651,12.0
123,7666,89660,9.0
123,7667,89671,11.0
123,7668,89680,9.0
123,7669,89690,10.0
123,7670,89700,10.0
123,7671,89710,10.0
123,7672,89721,11.0
123,7673,89730,9.0
123,7674,89739,9.0
123,7675,89749,10.0
123,7676,89758,9.0
123,7677,89771,13.0
123,7678,89783,12.0
123,7679,89792,9.0
123,7680,89805,13.0
123,7681,89815,10.0
123,7682,89824,9.0
123,7683,89835,11.0
123,7684,89845,10.0
123,7685,89855,10.0
123,7686,89866,11.0
123,7687,89880,14.0
123,7688,89890,10.0
123,7689,89898,8.0
123,7690,89908,10.0
123,7691,89920,12.0
123,7692,89929,9.0
123,7693,89939,10.0
123,7694,89951,12.0
123,7695,89959,8.0
123,7696,89971,12.0
123,7697,89979,8.0
123,7698,89991,12.0
123,7699,90000,9.0
123,7700,90010,10.0
123,7701,90025,15.0
123,7702,90035,10.0
123,7703,90046,11.0
123,7704,90054,8.0
123,7705,90076,22.0
123,7706,90087,11.0
123,7707,90099,12.0
123,7708,90109,10.0
123,7709,90120,11.0
123,7710,90130,10.0
123,7711,90139,9.0
123,7712,90149,10.0
123,7713,90160,11.0
123,7714,90170,10.0
123,7715,90181,11.0
123,7716,90191,10.0
123,7717,90203,12.0
123,7718,90217,14.0
123,7719,90225,8.0
123,7720,90236,11.0
123,7721,90248,12.0
123,7722,90258,10.0
123,7723,90267,9.0
123,7724,90277,10.0
123,7725,90288,11.0
123,7726,90297,9.0
123,7727,90306,9.0
123,7728,90316,10.0
123,7729,90324,8.0
123,7730,90335,11.0
123,7731,90347,12.0
123,7732,90357,10.0
123,7733,90365,8.0
123,7734,90374,9.0
123,7735,90385,11.0
123,7736,90395,10.0
123,7737,90404,9.0
123,7738,90414,10.0
123,7739,90424,10.0
123,7740,90432,8.0
123,7741,90442,10.0
123,7742,90452,10.0
123,7743,90462,10.0
123,7744,90476,14.0
123,7745,90485,9.0
123,7746,90496,11.0
123,7747,90508,12.0
123,7748,90517,9.0
123,7749,90528,11.0
123,7750,90538,10.0
123,7751,90548,10.0
123,7752,90557,9.0
123,7753,90568,11.0
123,7754,90578,10.0
123,7755,90589,11.0
123,7756,90599,10.0
123,7757,90610,11.0
123,7758,90619,9.0
123,7759,90629,10.0
123,7760,90639,10.0
123,7761,90651,12.0
123,7762,90662,11.0
123,7763,90671,9.0
123,7764,90680,9.0
123,7765,90691,11.0
123,7766,90701,10.0
123,7767,90721,20.0
123,7768,90733,12.0
123,7769,90743,10.0
123,7770,90754,11.0
123,7771,90765,11.0
123,7772,90774,9.0
123,7773,90785,11.0
123,7774,90794,9.0
123,7775,90803,9.0
123,7776,90812,9.0
123,7777,90824,12.0
123,7778,90834,10.0
123,7779,90843,9.0
123,7780,90851,8.0
123,7781,90864,13.0
123,7782,90876,12.0
123,7783,90886,10.0
123,7784,90896,10.0
123,7785,90905,9.0
123,7786,90914,9.0
123,7787,90925,11.0
123,7788,90933,8.0
123,7789,90945,12.0
123,7790,90959,14.0
123,7791,90970,11.0
123,7792,90986,16.0
123,7793,90996,10.0
123,7794,91005,9.0
123,7795,91015,10.0
123,7796,91024,9.0
123,7797,91036,12.0
123,7798,91047,11.0
123,7799,91057,10.0
123,7800,91069,12.0
123,7801,91077,8.0
123,7802,91086,9.0
123,7803,91096,10.0
123,7804,91105,9.0
123,7805,91115,10.0
123,7806,91125,10.0
123,7807,91134,9.0
123,7808,91144,10.0
123,7809,91153,9.0
123,7810,91164,11.0
123,7811,91174,10.0
123,7812,91187,13.0
123,7813,91196,9.0
123,7814,91207,11.0
123,7815,91217,10.0
123,7816,91228,11.0
123,7817,91238,10.0
123,7818,91246,8.0
123,7819,91256,10.0
123,7820,91266,10.0
123,7821,91276,10.0
123,7822,91285,9.0
123,7823,91296,11.0
123,7824,91306,10.0
123,7825,91315,9.0
123,7826,91324,9.0
123,7827,91333,9.0
123,7828,91342,9.0
123,7829,91351,9.0
123,7830,91374,23.0
123,7831,91382,8.0
123,7832,91391,9.0
123,7833,91400,9.0
123,7834,91411,11.0
123,7835,91420,9.0
123,7836,91432,12.0
123,7837,91443,11.0
123,7838,91452,9.0
123,7839,91462,10.0
123,7840,91472,10.0
123,7841,91482,10.0
123,7842,91493,11.0
123,7843,91503,10.0
123,7844,91512,9.0
123,7845,91522,10.0
123,7846,91532,10.0
123,7847,91540,8.0
123,7848,91551,11.0
123,7849,91561,10.0
123,7850,91579,18.0
123,7851,91589,10.0
123,7852,91598,9.0
123,7853,91606,8.0
123,7854,91617,11.0
123,7855,91627,10.0
123,7856,91641,14.0
123,7857,91656,15.0
123,7858,91667,11.0
123,7859,91676,9.0
123,7860,91687,11.0
123,7861,91696,9.0
123,7862,91709,13.0
123,7863,91722,13.0
123,7864,91732,10.0
123,7865,91742,10.0
123,7866,91751,9.0
123,7867,91760,9.0
123,7868,91771,11.0
123,7869,91780,9.0
123,7870,91795,15.0
123,7871,91807,12.0
123,7872,91815,8.0
123,7873,91826,11.0
123,7874,91836,10.0
123,7875,91845,9.0
123,7876,91857,12.0
123,7877,91867,10.0
123,7878,91876,9.0
123,7879,91884,8.0
123,7880,91895,11.0
123,7881,91906,11.0
123,7882,91915,9.0
123,7883,91924,9.0
123,7884,91934,10.0
123,7885,91943,9.0
123,7886,91954,11.0
123,7887,91963,9.0
123,7888,91975,12.0
123,7889,91986,11.0
123,7890,91996,10.0
123,7891,92005,9.0
123,7892,92017,12.0
123,7893,92026,9.0
123,7894,92035,9.0
123,7895,92046,11.0
123,7896,92056,10.0
123,7897,92068,12.0
123,7898,92078,10.0
123,7899,92088,10.0
123,7900,92097,9.0
123,7901,92116,19.0
123,7902,92126,10.0
123,7903,92136,10.0
123,7904,92146,10.0
123,7905,92158,12.0
123,7906,92167,9.0
123,7907,92178,11.0
123,7908,92191,13.0
123,7909,92199,8.0
123,7910,92210,11.0
123,7911,92219,9.0
123,7912,92231,12.0
123,7913,92243,12.0
123,7914,92252,9.0
123,7915,92264,12.0
123,7916,92273,9.0
123,7917,92283,10.0
123,7918,92293,10.0
123,7919,92305,12.0
123,7920,92316,11.0
123,7921,92326,10.0
123,7922,92335,9.0
123,7923,92345,10.0
123,7924,92357,12.0
123,7925,92367,10.0
123,7926,92380,13.0
123,7927,92390,10.0
123,7928,92399,9.0
123,7929,92409,10.0
123,7930,92423,14.0
123,7931,92432,9.0
123,7932,92446,14.0
123,7933,92454,8.0
123,7934,92464,10.0
123,7935,92474,10.0
123,7936,92487,13.0
123,7937,92496,9.0
123,7938,92506,10.0
123,7939,92516,10.0
123,7940,92530,14.0
123,7941,92540,10.0
123,7942,92550,10.0
123,7943,92560,10.0
123,7944,92569,9.0
123,7945,92579,10.0
123,7946,92590,11.0
123,7947,92599,9.0
123,7948,92609,10.0
123,7949,92621,12.0
123,7950,92630,9.0
123,7951,92640,10.0
123,7952,92650,10.0
123,7953,92660,10.0
123,7954,92676,16.0
123,7955,92687,11.0
123,7956,92698,11.0
123,7957,92708,10.0
123,7958,92717,9.0
123,7959,92729,12.0
123,7960,92738,9.0
123,7961,92746,8.0
123,7962,92761,15.0
123,7963,92770,9.0
123,7964,92778,8.0
123,7965,92789,11.0
123,7966,92798,9.0
123,7967,92809,11.0
123,7968,92821,12.0
123,7969,92830,9.0
123,7970,92840,10.0
123,7971,92853,13.0
123,7972,92865,12.0
123,7973,92875,10.0
123,7974,92884,9.0
123,7975,92893,9.0
123,7976,92905,12.0
123,7977,92914,9.0
123,7978,92924,10.0
123,7979,92934,10.0
123,7980,92943,9.0
123,7981,92955,12.0
123,7982,92968,13.0
123,7983,92979,11.0
123,7984,92989,10.0
123,7985,92999,10.0
123,7986,93008,9.0
123,7987,93018,10.0
123,7988,93028,10.0
123,7989,93038,10.0
123,7990,93050,12.0
123,7991,93061,11.0
123,7992,93071,10.0
123,7993,93089,18.0
123,7994,93099,10.0
123,7995,93108,9.0
123,7996,93118,10.0
123,7997,93128,10.0
123,7998,93139,11.0
123,7999,93150,11.0
123,8000,93164,14.0
123,8001,93177,13.0
123,8002,93187,10.0
123,8003,93197,10.0
123,8004,93211,14.0
123,8005,93222,11.0
123,8006,93231,9.0
123,8007,93240,9.0
123,8008,93249,9.0
123,8009,93259,10.0
123,8010,93268,9.0
123,8011,93282,14.0
123,8012,93292,10.0
123,8013,93301,9.0
123,8014,93311,10.0
123,8015,93332,21.0
123,8016,93341,9.0
123,8017,93350,9.0
123,8018,93359,9.0
123,8019,93369,10.0
123,8020,93379,10.0
123,8021,93390,11.0
123,8022,93402,12.0
123,8023,93412,10.0
123,8024,93425,13.0
123,8025,93434,9.0
123,8026,93443,9.0
123,8027,93453,10.0
123,8028,93462,9.0
123,8029,93470,8.0
123,8030,93480,10.0
123,8031,93488,8.0
123,8032,93498,10.0
123,8033,93508,10.0
123,8034,93519,11.0
123,8035,93529,10.0
123,8036,93538,9.0
123,8037,93554,16.0
123,8038,93563,9.0
123,8039,93573,10.0
123,8040,93583,10.0
123,8041,93592,9.0
123,8042,93608,16.0
123,8043,93616,8.0
123,8044,93626,10.0
123,8045,93641,15.0
123,8046,93650,9.0
123,8047,93659,9.0
123,8048,93669,10.0
123,8049,93681,12.0
123,8050,93690,9.0
123,8051,93702,12.0
123,8052,93712,10.0
123,8053,93720,8.0
123,8054,93731,11.0
123,8055,93740,9.0
123,8056,93750,10.0
123,8057,93762,12.0
123,8058,93772,10.0
123,8059,93781,9.0
123,8060,93790,9.0
123,8061,93799,9.0
123,8062,93810,11.0
123,8063,93819,9.0
123,8064,93827,8.0
123,8065,93837,10.0
123,8066,93848,11.0
123,8067,93856,8.0
123,8068,93866,10.0
123,8069,93874,8.0
123,8070,93884,10.0
123,8071,93896,12.0
123,8072,93911,15.0
123,8073,93921,10.0
123,8074,93932,11.0
123,8075,93941,9.0
123,8076,93952,11.0
123,8077,93964,12.0
123,8078,93973,9.0
123,8079,93983,10.0
123,8080,93994,11.0
123,8081,94003,9.0
123,8082,94014,11.0
123,8083,94023,9.0
123,8084,94032,9.0
123,8085,94044,12.0
123,8086,94053,9.0
123,8087,94061,8.0
123,8088,94070,9.0
123,8089,94081,11.0
123,8090,94091,10.0
123,8091,94101,10.0
123,8092,94118,17.0
123,8093,94129,11.0
123,8094,94140,11.0
123,8095,94150,10.0
123,8096,94160,10.0
123,8097,94170,10.0
123,8098,94178,8.0
123,8099,94188,10.0
123,8100,94196,8.0
123,8101,94206,10.0
123,8102,94216,10.0
123,8103,94229,13.0
123,8104,94239,10.0
123,8105,94248,9.0
123,8106,94257,9.0
123,8107,94266,9.0
123,8108,94278,12.0
123,8109,94294,16.0
123,8110,94303,9.0
123,8111,94317,14.0
123,8112,94330,13.0
123,8113,94340,10.0
123,8114,94351,11.0
123,8115,94363,12.0
123,8116,94377,14.0
123,8117,94387,10.0
123,8118,94398,11.0
123,8119,94407,9.0
123,8120,94417,10.0
123,8121,94431,14.0
123,8122,94439,8.0
123,8123,94449,10.0
123,8124,94460,11.0
123,8125,94468,8.0
123,8126,94478,10.0
123,8127,94488,10.0
123,8128,94497,9.0
123,8129,94509,12.0
123,8130,94518,9.0
123,8131,94533,15.0
123,8132,94545,12.0
123,8133,94555,10.0
123,8134,94565,10.0
123,8135,94574,9.0
123,8136,94584,10.0
123,8137,94593,9.0
123,8138,94603,10.0
123,8139,94616,13.0
123,8140,94627,11.0
123,8141,94636,9.0
123,8142,94648,12.0
123,8143,94658,10.0
123,8144,94671,13.0
123,8145,94680,9.0
123,8146,94689,9.0
123,8147,94698,9.0
123,8148,94709,11.0
123,8149,94720,11.0
123,8150,94732,12.0
123,8151,94742,10.0
123,8152,94752,10.0
123,8153,94766,14.0
123,8154,94776,10.0
123,8155,94786,10.0
123,8156,94796,10.0
123,8157,94810,14.0
123,8158,94821,11.0
123,8159,94832,11.0
123,8160,94842,10.0
123,8161,94853,11.0
123,8162,94862,9.0
123,8163,94872,10.0
123,8164,94884,12.0
123,8165,94893,9.0
123,8166,94904,11.0
123,8167,94916,12.0
123,8168,94928,12.0
123,8169,94941,13.0
123,8170,94951,10.0
123,8171,94961,10.0
123,8172,94973,12.0
123,8173,94984,11.0
123,8174,94994,10.0
123,8175,95004,10.0
123,8176,95014,10.0
123,8177,95023,9.0
123,8178,95033,10.0
123,8179,95044,11.0
123,8180,95054,10.0
123,8181,95063,9.0
123,8182,95073,10.0
123,8183,95083,10.0
123,8184,95092,9.0
123,8185,95105,13.0
123,8186,95116,11.0
123,8187,95126,10.0
123,8188,95135,9.0
123,8189,95146,11.0
123,8190,95156,10.0
123,8191,95173,17.0
123,8192,95184,11.0
123,8193,95193,9.0
123,8194,95203,10.0
123,8195,95213,10.0
123,8196,95222,9.0
123,8197,95231,9.0
123,8198,95241,10.0
123,8199,95254,13.0
123,8200,95262,8.0
123,8201,95272,10.0
123,8202,95281,9.0
123,8203,95291,10.0
123,8204,95300,9.0
123,8205,95310,10.0
123,8206,95320,10.0
123,8207,95329,9.0
123,8208,95339,10.0
123,8209,95351,12.0
123,8210,95361,10.0
123,8211,95369,8.0
123,8212,95379,10.0
123,8213,95388,9.0
123,8214,95399,11.0
123,8215,95408,9.0
123,8216,95419,11.0
123,8217,95428,9.0
123,8218,95437,9.0
123,8219,95447,10.0
123,8220,95460,13.0
123,8221,95472,12.0
123,8222,95482,10.0
123,8223,95493,11.0
123,8224,95502,9.0
123,8225,95513,11.0
123,8226,95524,11.0
123,8227,95535,11.0
123,8228,95546,11.0
123,8229,95557,11.0
123,8230,95566,9.0
123,8231,95577,11.0
123,8232,95592,15.0
123,8233,95601,9.0
123,8234,95612,11.0
123,8235,95621,9.0
123,8236,95632,11.0
123,8237,95642,10.0
123,8238,95654,12.0
123,8239,95666,12.0
123,8240,95677,11.0
123,8241,95688,11.0
123,8242,95697,9.0
123,8243,95707,10.0
123,8244,95718,11.0
123,8245,95727,9.0
123,8246,95735,8.0
123,8247,95744,9.0
123,8248,95754,10.0
123,8249,95768,14.0
123,8250,95777,9.0
123,8251,95787,10.0
123,8252,95797,10.0
123,8253,95805,8.0
123,8254,95816,11.0
123,8255,95826,10.0
123,8256,95838,12.0
123,8257,95850,12.0
123,8258,95864,14.0
123,8259,95874,10.0
123,8260,95885,11.0
123,8261,95893,8.0
123,8262,95909,16.0
123,8263,95920,11.0
123,8264,95934,14.0
123,8265,95944,10.0
123,8266,95958,14.0
123,8267,95966,8.0
123,8268,95975,9.0
123,8269,95988,13.0
123,8270,95996,8.0
123,8271,96005,9.0
123,8272,96014,9.0
123,8273,96024,10.0
123,8274,96034,10.0
123,8275,96044,10.0
123,8276,96053,9.0
123,8277,96062,9.0
123,8278,96072,10.0
123,8279,96084,12.0
123,8280,96095,11.0
123,8281,96105,10.0
123,8282,96115,10.0
123,8283,96124,9.0
123,8284,96134,10.0
123,8285,96151,17.0
123,8286,96161,10.0
123,8287,96171,10.0
123,8288,96186,15.0
123,8289,96198,12.0
123,8290,96207,9.0
123,8291,96219,12.0
123,8292,96229,10.0
123,8293,96238,9.0
123,8294,96247,9.0
123,8295,96257,10.0
123,8296,96273,16.0
123,8297,96282,9.0
123,8298,96292,10.0
123,8299,96301,9.0
123,8300,96311,10.0
123,8301,96322,11.0
123,8302,96331,9.0
123,8303,96339,8.0
123,8304,96351,12.0
123,8305,96362,11.0
123,8306,96372,10.0
123,8307,96383,11.0
123,8308,96391,8.0
123,8309,96399,8.0
123,8310,96410,11.0
123,8311,96419,9.0
123,8312,96430,11.0
123,8313,96440,10.0
123,8314,96451,11.0
123,8315,96470,19.0
123,8316,96486,16.0
123,8317,96496,10.0
123,8318,96509,13.0
123,8319,96520,11.0
123,8320,96529,9.0
123,8321,96538,9.0
123,8322,96549,11.0
123,8323,96558,9.0
123,8324,96570,12.0
123,8325,96588,18.0
123,8326,96597,9.0
123,8327,96608,11.0
123,8328,96618,10.0
123,8329,96629,11.0
123,8330,96639,10.0
123,8331,96650,11.0
123,8332,96659,9.0
123,8333,96670,11.0
123,8334,96683,13.0
123,8335,96694,11.0
123,8336,96706,12.0
123,8337,96715,9.0
123,8338,96726,11.0
123,8339,96736,10.0
123,8340,96746,10.0
123,8341,96758,12.0
123,8342,96769,11.0
123,8343,96777,8.0
123,8344,96787,10.0
123,8345,96796,9.0
123,8346,96806,10.0
123,8347,96816,10.0
123,8348,96825,9.0
123,8349,96834,9.0
123,8350,96844,10.0
123,8351,96853,9.0
123,8352,96862,9.0
123,8353,96871,9.0
123,8354,96880,9.0
123,8355,96889,9.0
123,8356,96899,10.0
123,8357,96909,10.0
123,8358,96920,11.0
123,8359,96930,10.0
123,8360,96940,10.0
123,8361,96948,8.0
123,8362,96961,13.0
123,8363,96972,11.0
123,8364,96982,10.0
123,8365,96992,10.0
123,8366,97001,9.0
123,8367,97016,15.0
123,8368,97024,8.0
123,8369,97033,9.0
123,8370,97047,14.0
123,8371,97057,10.0
123,8372,97075,18.0
123,8373,97085,10.0
123,8374,97101,16.0
123,8375,97111,10.0
123,8376,97121,10.0
123,8377,97132,11.0
123,8378,97144,12.0
123,8379,97156,12.0
123,8380,97174,18.0
123,8381,97182,8.0
123,8382,97192,10.0
123,8383,97203,11.0
123,8384,97217,14.0
123,8385,97227,10.0
123,8386,97237,10.0
123,8387,97247,10.0
123,8388,97257,10.0
123,8389,97267,10.0
123,8390,97276,9.0
123,8391,97288,12.0
123,8392,97296,8.0
123,8393,97305,9.0
123,8394,97316,11.0
123,8395,97324,8.0
123,8396,97333,9.0
123,8397,97343,10.0
123,8398,97353,10.0
123,8399,97362,9.0
123,8400,97372,10.0
123,8401,97381,9.0
123,8402,97393,12.0
123,8403,97409,16.0
123,8404,97418,9.0
123,8405,97430,12.0
123,8406,97438,8.0
123,8407,97448,10.0
123,8408,97458,10.0
123,8409,97473,15.0
123,8410,97483,10.0
123,8411,97493,10.0
123,8412,97505,12.0
123,8413,97516,11.0
123,8414,97526,10.0
123,8415,97536,10.0
123,8416,97548,12.0
123,8417,97562,14.0
123,8418,97572,10.0
123,8419,97584,12.0
123,8420,97596,12.0
123,8421,97606,10.0
123,8422,97617,11.0
123,8423,97626,9.0
123,8424,97635,9.0
123,8425,97647,12.0
123,8426,97656,9.0
123,8427,97668,12.0
123,8428,97681,13.0
123,8429,97691,10.0
123,8430,97699,8.0
123,8431,97715,16.0
123,8432,97723,8.0
123,8433,97732,9.0
123,8434,97741,9.0
123,8435,97751,10.0
123,8436,97759,8.0
123,8437,97770,11.0
123,8438,97787,17.0
123,8439,97796,9.0
123,8440,97806,10.0
123,8441,97816,10.0
123,8442,97827,11.0
123,8443,97836,9.0
123,8444,97846,10.0
123,8445,97856,10.0
123,8446,97872,16.0
123,8447,97881,9.0
123,8448,97893,12.0
123,8449,97903,10.0
123,8450,97913,10.0
123,8451,97921,8.0
123,8452,97930,9.0
123,8453,97942,12.0
123,8454,97954,12.0
123,8455,97965,11.0
123,8456,97974,9.0
123,8457,97990,16.0
123,8458,98000,10.0
123,8459,98010,10.0
123,8460,98021,11.0
123,8461,98029,8.0
123,8462,98040,11.0
123,8463,98050,10.0
123,8464,98059,9.0
123,8465,98069,10.0
123,8466,98079,10.0
123,8467,98088,9.0
123,8468,98099,11.0
123,8469,98111,12.0
123,8470,98121,10.0
123,8471,98132,11.0
123,8472,98140,8.0
123,8473,98152,12.0
123,8474,98162,10.0
123,8475,98173,11.0
123,8476,98183,10.0
123,8477,98194,11.0
123,8478,98203,9.0
123,8479,98213,10.0
123,8480,98225,12.0
123,8481,98240,15.0
123,8482,98252,12.0
123,8483,98261,9.0
123,8484,98270,9.0
123,8485,98281,11.0
123,8486,98292,11.0
123,8487,98301,9.0
123,8488,98310,9.0
123,8489,98320,10.0
123,8490,98333,13.0
123,8491,98344,11.0
123,8492,98354,10.0
123,8493,98363,9.0
123,8494,98372,9.0
123,8495,98384,12.0
123,8496,98394,10.0
123,8497,98405,11.0
123,8498,98415,10.0
123,8499,98425,10.0
123,8500,98436,11.0
123,8501,98446,10.0
123,8502,98457,11.0
123,8503,98470,13.0
123,8504,98480,10.0
123,8505,98492,12.0
123,8506,98505,13.0
123,8507,98517,12.0
123,8508,98526,9.0
123,8509,98535,9.0
123,8510,98544,9.0
123,8511,98554,10.0
123,8512,98563,9.0
123,8513,98574,11.0
123,8514,98582,8.0
123,8515,98591,9.0
123,8516,98600,9.0
123,8517,98611,11.0
123,8518,98620,9.0
123,8519,98637,17.0
123,8520,98646,9.0
123,8521,98656,10.0
123,8522,98668,12.0
123,8523,98678,10.0
123,8524,98689,11.0
123,8525,98700,11.0
123,8526,98710,10.0
123,8527,98722,12.0
123,8528,98732,10.0
123,8529,98745,13.0
123,8530,98754,9.0
123,8531,98764,10.0
123,8532,98776,12.0
123,8533,98784,8.0
123,8534,98817,33.0
123,8535,98827,10.0
123,8536,98840,13.0
123,8537,98849,9.0
123,8538,98859,10.0
123,8539,98869,10.0
123,8540,98879,10.0
123,8541,98889,10.0
123,8542,98899,10.0
123,8543,98909,10.0
123,8544,98920,11.0
123,8545,98932,12.0
123,8546,98943,11.0
123,8547,98952,9.0
123,8548,98960,8.0
123,8549,98968,8.0
123,8550,98977,9.0
123,8551,98987,10.0
123,8552,98995,8.0
123,8553,99005,10.0
123,8554,99017,12.0
123,8555,99028,11.0
123,8556,99043,15.0
123,8557,99054,11.0
123,8558,99065,11.0
123,8559,99075,10.0
123,8560,99086,11.0
123,8561,99097,11.0
123,8562,99109,12.0
123,8563,99124,15.0
123,8564,99134,10.0
123,8565,99144,10.0
123,8566,99154,10.0
123,8567,99163,9.0
123,8568,99174,11.0
123,8569,99184,10.0
123,8570,99195,11.0
123,8571,99206,11.0
123,8572,99217,11.0
123,8573,99230,13.0
123,8574,99240,10.0
123,8575,99251,11.0
123,8576,99259,8.0
123,8577,99268,9.0
123,8578,99280,12.0
123,8579,99289,9.0
123,8580,99298,9.0
123,8581,99306,8.0
123,8582,99316,10.0
123,8583,99324,8.0
123,8584,99334,10.0
123,8585,99344,10.0
123,8586,99355,11.0
123,8587,99365,10.0
123,8588,99379,14.0
123,8589,99392,13.0
123,8590,99402,10.0
123,8591,99414,12.0
123,8592,99424,10.0
123,8593,99434,10.0
123,8594,99444,10.0
123,8595,99453,9.0
123,8596,99462,9.0
123,8597,99471,9.0
123,8598,99480,9.0
123,8599,99491,11.0
123,8600,99501,10.0
123,8601,99512,11.0
123,8602,99521,9.0
123,8603,99533,12.0
123,8604,99543,10.0
123,8605,99553,10.0
123,8606,99561,8.0
123,8607,99573,12.0
123,8608,99583,10.0
123,8609,99592,9.0
123,8610,99607,15.0
123,8611,99616,9.0
123,8612,99625,9.0
123,8613,99635,10.0
123,8614,99646,11.0
123,8615,99656,10.0
123,8616,99666,10.0
123,8617,99675,9.0
123,8618,99686,11.0
123,8619,99695,9.0
123,8620,99705,10.0
123,8621,99716,11.0
123,8622,99724,8.0
123,8623,99735,11.0
123,8624,99747,12.0
123,8625,99759,12.0
123,8626,99769,10.0
123,8627,99781,12.0
123,8628,99793,12.0
123,8629,99802,9.0
123,8630,99811,9.0
123,8631,99821,10.0
123,8632,99832,11.0
123,8633,99843,11.0
123,8634,99852,9.0
123,8635,99861,9.0
123,8636,99871,10.0
123,8637,99881,10.0
123,8638,99891,10.0
123,8639,99901,10.0
123,8640,99916,15.0
123,8641,99931,15.0
123,8642,99941,10.0
123,8643,99950,9.0
123,8644,99963,13.0
123,8645,99977,14.0
123,8646,99989,12.0
123,8647,99998,9.0
123,8648,100012,14.0
123,8649,100020,8.0
123,8650,100029,9.0
123,8651,100037,8.0
123,8652,100047,10.0
123,8653,100055,8.0
123,8654,100065,10.0
123,8655,100075,10.0
123,8656,100086,11.0
123,8657,100100,14.0
123,8658,100110,10.0
123,8659,100120,10.0
123,8660,100130,10.0
123,8661,100138,8.0
123,8662,100148,10.0
123,8663,100159,11.0
123,8664,100167,8.0
123,8665,100179,12.0
123,8666,100189,10.0
123,8667,100200,11.0
123,8668,100215,15.0
123,8669,100228,13.0
123,8670,100238,10.0
123,8671,100248,10.0
123,8672,100258,10.0
123,8673,100266,8.0
123,8674,100278,12.0
123,8675,100288,10.0
123,8676,100298,10.0
123,8677,100306,8.0
123,8678,100315,9.0
123,8679,100325,10.0
123,8680,100338,13.0
123,8681,100348,10.0
123,8682,100358,10.0
123,8683,100368,10.0
123,8684,100377,9.0
123,8685,100387,10.0
123,8686,100399,12.0
123,8687,100408,9.0
123,8688,100425,17.0
123,8689,100433,8.0
123,8690,100442,9.0
123,8691,100452,10.0
123,8692,100462,10.0
123,8693,100473,11.0
123,8694,100482,9.0
123,8695,100496,14.0
123,8696,100505,9.0
123,8697,100515,10.0
123,8698,100526,11.0
123,8699,100538,12.0
123,8700,100550,12.0
123,8701,100559,9.0
123,8702,100568,9.0
123,8703,100578,10.0
123,8704,100587,9.0
123,8705,100596,9.0
123,8706,100605,9.0
123,8707,100617,12.0
123,8708,100627,10.0
123,8709,100639,12.0
123,8710,100650,11.0
123,8711,100660,10.0
123,8712,100671,11.0
123,8713,100681,10.0
123,8714,100692,11.0
123,8715,100701,9.0
123,8716,100710,9.0
123,8717,100723,13.0
123,8718,100736,13.0
123,8719,100747,11.0
123,8720,100756,9.0
123,8721,100773,17.0
123,8722,100782,9.0
123,8723,100792,10.0
123,8724,100801,9.0
123,8725,100815,14.0
123,8726,100824,9.0
123,8727,100834,10.0
123,8728,100844,10.0
123,8729,100854,10.0
123,8730,100866,12.0
123,8731,100875,9.0
123,8732,100886,11.0
123,8733,100898,12.0
123,8734,100907,9.0
123,8735,100917,10.0
123,8736,100927,10.0
123,8737,100937,10.0
123,8738,100946,9.0
123,8739,100956,10.0
123,8740,100965,9.0
123,8741,100975,10.0
123,8742,100989,14.0
123,8743,100998,9.0
123,8744,101007,9.0
123,8745,101017,10.0
123,8746,101025,8.0
123,8747,101037,12.0
123,8748,101047,10.0
123,8749,101058,11.0
123,8750,101068,10.0
123,8751,101082,14.0
123,8752,101091,9.0
123,8753,101101,10.0
123,8754,101111,10.0
123,8755,101123,12.0
123,8756,101133,10.0
123,8757,101142,9.0
123,8758,101151,9.0
123,8759,101164,13.0
123,8760,101175,11.0
123,8761,101186,11.0
123,8762,101196,10.0
123,8763,101206,10.0
123,8764,101218,12.0
123,8765,101226,8.0
123,8766,101234,8.0
123,8767,101245,11.0
123,8768,101254,9.0
123,8769,101263,9.0
123,8770,101278,15.0
123,8771,101288,10.0
123,8772,101298,10.0
123,8773,101308,10.0
123,8774,101316,8.0
123,8775,101326,10.0
123,8776,101341,15.0
123,8777,101353,12.0
123,8778,101361,8.0
123,8779,101371,10.0
123,8780,101381,10.0
123,8781,101393,12.0
123,8782,101406,13.0
123,8783,101415,9.0
123,8784,101426,11.0
123,8785,101436,10.0
123,8786,101447,11.0
123,8787,101459,12.0
123,8788,101469,10.0
123,8789,101478,9.0
123,8790,101488,10.0
123,8791,101501,13.0
123,8792,101511,10.0
123,8793,101520,9.0
123,8794,101529,9.0
123,8795,101541,12.0
123,8796,101551,10.0
123,8797,101561,10.0
123,8798,101572,11.0
123,8799,101582,10.0
123,8800,101593,11.0
123,8801,101604,11.0
123,8802,101617,13.0
123,8803,101626,9.0
123,8804,101635,9.0
123,8805,101647,12.0
123,8806,101659,12.0
123,8807,101670,11.0
123,8808,101682,12.0
123,8809,101690,8.0
123,8810,101699,9.0
123,8811,101708,9.0
123,8812,101722,14.0
123,8813,101733,11.0
123,8814,101742,9.0
123,8815,101751,9.0
123,8816,101765,14.0
123,8817,101774,9.0
123,8818,101782,8.0
123,8819,101794,12.0
123,8820,101804,10.0
123,8821,101813,9.0
123,8822,101822,9.0
123,8823,101831,9.0
123,8824,101841,10.0
123,8825,101849,8.0
123,8826,101859,10.0
123,8827,101869,10.0
123,8828,101882,13.0
123,8829,101892,10.0
123,8830,101902,10.0
123,8831,101916,14.0
123,8832,101925,9.0
123,8833,101937,12.0
123,8834,101945,8.0
123,8835,101955,10.0
123,8836,101963,8.0
123,8837,101973,10.0
123,8838,101982,9.0
123,8839,101994,12.0
123,8840,102005,11.0
123,8841,102019,14.0
123,8842,102036,17.0
123,8843,102046,10.0
123,8844,102062,16.0
123,8845,102073,11.0
123,8846,102082,9.0
123,8847,102091,9.0
123,8848,102102,11.0
123,8849,102112,10.0
123,8850,102122,10.0
123,8851,102133,11.0
123,8852,102144,11.0
123,8853,102155,11.0
123,8854,102163,8.0
123,8855,102172,9.0
123,8856,102184,12.0
123,8857,102193,9.0
123,8858,102203,10.0
123,8859,102213,10.0
123,8860,102221,8.0
123,8861,102231,10.0
123,8862,102241,10.0
123,8863,102251,10.0
123,8864,102261,10.0
123,8865,102275,14.0
123,8866,102285,10.0
123,8867,102294,9.0
123,8868,102305,11.0
123,8869,102314,9.0
123,8870,102326,12.0
123,8871,102336,10.0
123,8872,102345,9.0
123,8873,102355,10.0
123,8874,102365,10.0
123,8875,102374,9.0
123,8876,102384,10.0
123,8877,102393,9.0
123,8878,102404,11.0
123,8879,102414,10.0
123,8880,102423,9.0
123,8881,102432,9.0
123,8882,102442,10.0
123,8883,102452,10.0
123,8884,102461,9.0
123,8885,102472,11.0
123,8886,102481,9.0
123,8887,102493,12.0
123,8888,102506,13.0
123,8889,102515,9.0
123,8890,102527,12.0
123,8891,102537,10.0
123,8892,102547,10.0
123,8893,102556,9.0
123,8894,102565,9.0
123,8895,102575,10.0
123,8896,102585,10.0
123,8897,102596,11.0
123,8898,102605,9.0
123,8899,102615,10.0
123,8900,102626,11.0
123,8901,102639,13.0
123,8902,102648,9.0
123,8903,102657,9.0
123,8904,102666,9.0
123,8905,102676,10.0
123,8906,102686,10.0
123,8907,102696,10.0
123,8908,102705,9.0
123,8909,102714,9.0
123,8910,102724,10.0
123,8911,102734,10.0
123,8912,102743,9.0
123,8913,102751,8.0
123,8914,102763,12.0
123,8915,102772,9.0
123,8916,102782,10.0
123,8917,102793,11.0
123,8918,102805,12.0
123,8919,102819,14.0
123,8920,102829,10.0
123,8921,102841,12.0
123,8922,102850,9.0
123,8923,102866,16.0
123,8924,102878,12.0
123,8925,102888,10.0
123,8926,102902,14.0
123,8927,102910,8.0
123,8928,102922,12.0
123,8929,102930,8.0
123,8930,102939,9.0
123,8931,102952,13.0
123,8932,102962,10.0
123,8933,102972,10.0
123,8934,102981,9.0
123,8935,102989,8.0
123,8936,102999,10.0
123,8937,103011,12.0
123,8938,103026,15.0
123,8939,103037,11.0
123,8940,103046,9.0
123,8941,103056,10.0
123,8942,103065,9.0
123,8943,103073,8.0
123,8944,103082,9.0
123,8945,103092,10.0
123,8946,103105,13.0
123,8947,103118,13.0
123,8948,103128,10.0
123,8949,103139,11.0
123,8950,103154,15.0
123,8951,103164,10.0
123,8952,103174,10.0
123,8953,103185,11.0
123,8954,103195,10.0
123,8955,103203,8.0
123,8956,103218,15.0
123,8957,103227,9.0
123,8958,103237,10.0
123,8959,103246,9.0
123,8960,103261,15.0
123,8961,103272,11.0
123,8962,103282,10.0
123,8963,103292,10.0
123,8964,103301,9.0
123,8965,103311,10.0
123,8966,103320,9.0
123,8967,103330,10.0
123,8968,103346,16.0
123,8969,103358,12.0
123,8970,103367,9.0
123,8971,103378,11.0
123,8972,103388,10.0
123,8973,103402,14.0
123,8974,103412,10.0
123,8975,103422,10.0
123,8976,103432,10.0
123,8977,103442,10.0
123,8978,103451,9.0
123,8979,103460,9.0
123,8980,103468,8.0
123,8981,103478,10.0
123,8982,103490,12.0
123,8983,103503,13.0
123,8984,103512,9.0
123,8985,103522,10.0
123,8986,103532,10.0
123,8987,103542,10.0
123,8988,103551,9.0
123,8989,103563,12.0
123,8990,103573,10.0
123,8991,103581,8.0
123,8992,103599,18.0
123,8993,103608,9.0
123,8994,103620,12.0
123,8995,103630,10.0
123,8996,103642,12.0
123,8997,103654,12.0
123,8998,103664,10.0
123,8999,103673,9.0
123,9000,103683,10.0
123,9001,103692,9.0
123,9002,103704,12.0
123,9003,103712,8.0
123,9004,103723,11.0
123,9005,103732,9.0
123,9006,103741,9.0
123,9007,103750,9.0
123,9008,103762,12.0
123,9009,103773,11.0
123,9010,103783,10.0
123,9011,103793,10.0
123,9012,103804,11.0
123,9013,103814,10.0
123,9014,103823,9.0
123,9015,103832,9.0
123,9016,103842,10.0
123,9017,103850,8.0
123,9018,103862,12.0
123,9019,103872,10.0
123,9020,103885,13.0
123,9021,103895,10.0
123,9022,103905,10.0
123,9023,103914,9.0
123,9024,103926,12.0
123,9025,103935,9.0
123,9026,103946,11.0
123,9027,103957,11.0
123,9028,103974,17.0
123,9029,103986,12.0
123,9030,103995,9.0
123,9031,104007,12.0
123,9032,104018,11.0
123,9033,104028,10.0
123,9034,104040,12.0
123,9035,104051,11.0
123,9036,104062,11.0
123,9037,104072,10.0
123,9038,104085,13.0
123,9039,104094,9.0
123,9040,104107,13.0
123,9041,104117,10.0
123,9042,104126,9.0
123,9043,104134,8.0
123,9044,104144,10.0
123,9045,104153,9.0
123,9046,104161,8.0
123,9047,104176,15.0
123,9048,104186,10.0
123,9049,104195,9.0
123,9050,104207,12.0
123,9051,104218,11.0
123,9052,104230,12.0
123,9053,104240,10.0
123,9054,104251,11.0
123,9055,104262,11.0
123,9056,104273,11.0
123,9057,104284,11.0
123,9058,104292,8.0
123,9059,104303,11.0
123,9060,104315,12.0
123,9061,104323,8.0
123,9062,104332,9.0
123,9063,104343,11.0
123,9064,104354,11.0
123,9065,104366,12.0
123,9066,104376,10.0
123,9067,104391,15.0
123,9068,104402,11.0
123,9069,104413,11.0
123,9070,104422,9.0
123,9071,104434,12.0
123,9072,104444,10.0
123,9073,104454,10.0
123,9074,104466,12.0
123,9075,104476,10.0
123,9076,104488,12.0
123,9077,104497,9.0
123,9078,104507,10.0
123,9079,104516,9.0
123,9080,104527,11.0
123,9081,104540,13.0
123,9082,104552,12.0
123,9083,104560,8.0
123,9084,104569,9.0
123,9085,104580,11.0
123,9086,104588,8.0
123,9087,104599,11.0
123,9088,104609,10.0
123,9089,104619,10.0
123,9090,104628,9.0
123,9091,104636,8.0
123,9092,104649,13.0
123,9093,104657,8.0
123,9094,104666,9.0
123,9095,104676,10.0
123,9096,104686,10.0
123,9097,104698,12.0
123,9098,104708,10.0
123,9099,104718,10.0
123,9100,104728,10.0
123,9101,104741,13.0
123,9102,104758,17.0
123,9103,104767,9.0
123,9104,104777,10.0
123,9105,104788,11.0
123,9106,104798,10.0
123,9107,104810,12.0
123,9108,104820,10.0
123,9109,104832,12.0
123,9110,104846,14.0
123,9111,104856,10.0
123,9112,104869,13.0
123,9113,104877,8.0
123,9114,104888,11.0
123,9115,104898,10.0
123,9116,104908,10.0
123,9117,104918,10.0
123,9118,104932,14.0
123,9119,104943,11.0
123,9120,104957,14.0
123,9121,104967,10.0
123,9122,104976,9.0
123,9123,104987,11.0
123,9124,104996,9.0
123,9125,105004,8.0
123,9126,105014,10.0
123,9127,105024,10.0
123,9128,105033,9.0
123,9129,105045,12.0
123,9130,105054,9.0
123,9131,105065,11.0
123,9132,105074,9.0
123,9133,105086,12.0
123,9134,105097,11.0
123,9135,105109,12.0
123,9136,105119,10.0
123,9137,105130,11.0
123,9138,105140,10.0
123,9139,105150,10.0
123,9140,105161,11.0
123,9141,105171,10.0
123,9142,105179,8.0
123,9143,105188,9.0
123,9144,105203,15.0
123,9145,105212,9.0
123,9146,105221,9.0
123,9147,105230,9.0
123,9148,105240,10.0
123,9149,105253,13.0
123,9150,105264,11.0
123,9151,105273,9.0
123,9152,105281,8.0
123,9153,105290,9.0
123,9154,105300,10.0
123,9155,105309,9.0
123,9156,105321,12.0
123,9157,105343,22.0
123,9158,105354,11.0
123,9159,105366,12.0
123,9160,105376,10.0
123,9161,105387,11.0
123,9162,105401,14.0
123,9163,105410,9.0
123,9164,105421,11.0
123,9165,105431,10.0
123,9166,105442,11.0
123,9167,105450,8.0
123,9168,105459,9.0
123,9169,105471,12.0
123,9170,105484,13.0
123,9171,105492,8.0
123,9172,105501,9.0
123,9173,105510,9.0
123,9174,105518,8.0
123,9175,105528,10.0
123,9176,105536,8.0
123,9177,105546,10.0
123,9178,105559,13.0
123,9179,105570,11.0
123,9180,105581,11.0
123,9181,105589,8.0
123,9182,105600,11.0
123,9183,105609,9.0
123,9184,105618,9.0
123,9185,105629,11.0
123,9186,105641,12.0
123,9187,105653,12.0
123,9188,105663,10.0
123,9189,105672,9.0
123,9190,105682,10.0
123,9191,105692,10.0
123,9192,105702,10.0
123,9193,105713,11.0
123,9194,105723,10.0
123,9195,105737,14.0
123,9196,105751,14.0
123,9197,105761,10.0
123,9198,105773,12.0
123,9199,105783,10.0
123,9200,105792,9.0
123,9201,105804,12.0
123,9202,105819,15.0
123,9203,105828,9.0
123,9204,105841,13.0
123,9205,105851,10.0
123,9206,105859,8.0
123,9207,105867,8.0
123,9208,105879,12.0
123,9209,105888,9.0
123,9210,105896,8.0
123,9211,105906,10.0
123,9212,105917,11.0
123,9213,105926,9.0
123,9214,105937,11.0
123,9215,105945,8.0
123,9216,105958,13.0
123,9217,105967,9.0
123,9218,105976,9.0
123,9219,105984,8.0
123,9220,105993,9.0
123,9221,106003,10.0
123,9222,106013,10.0
123,9223,106023,10.0
123,9224,106034,11.0
123,9225,106046,12.0
123,9226,106056,10.0
123,9227,106065,9.0
123,9228,106076,11.0
123,9229,106087,11.0
123,9230,106097,10.0
123,9231,106106,9.0
123,9232,106118,12.0
123,9233,106126,8.0
123,9234,106137,11.0
123,9235,106151,14.0
123,9236,106162,11.0
123,9237,106171,9.0
123,9238,106179,8.0
123,9239,106187,8.0
123,9240,106196,9.0
123,9241,106206,10.0
123,9242,106216,10.0
123,9243,106225,9.0
123,9244,106234,9.0
123,9245,106243,9.0
123,9246,106253,10.0
123,9247,106262,9.0
123,9248,106275,13.0
123,9249,106292,17.0
123,9250,106301,9.0
123,9251,106311,10.0
123,9252,106319,8.0
123,9253,106331,12.0
123,9254,106339,8.0
123,9255,106356,17.0
123,9256,106365,9.0
123,9257,106375,10.0
123,9258,106389,14.0
123,9259,106404,15.0
123,9260,106416,12.0
123,9261,106426,10.0
123,9262,106435,9.0
123,9263,106447,12.0
123,9264,106457,10.0
123,9265,106466,9.0
123,9266,106476,10.0
123,9267,106484,8.0
123,9268,106495,11.0
123,9269,106504,9.0
123,9270,106515,11.0
123,9271,106525,10.0
123,9272,106535,10.0
123,9273,106543,8.0
123,9274,106552,9.0
123,9275,106562,10.0
123,9276,106576,14.0
123,9277,106586,10.0
123,9278,106594,8.0
123,9279,106604,10.0
123,9280,106615,11.0
123,9281,106624,9.0
123,9282,106634,10.0
123,9283,106644,10.0
123,9284,106654,10.0
123,9285,106667,13.0
123,9286,106675,8.0
123,9287,106685,10.0
123,9288,106693,8.0
123,9289,106704,11.0
123,9290,106713,9.0
123,9291,106723,10.0
123,9292,106733,10.0
123,9293,106744,11.0
123,9294,106754,10.0
123,9295,106766,12.0
123,9296,106776,10.0
123,9297,106785,9.0
123,9298,106794,9.0
123,9299,106806,12.0
123,9300,106816,10.0
123,9301,106829,13.0
123,9302,106838,9.0
123,9303,106847,9.0
123,9304,106858,11.0
123,9305,106867,9.0
123,9306,106877,10.0
123,9307,106888,11.0
123,9308,106899,11.0
123,9309,106910,11.0
123,9310,106919,9.0
123,9311,106929,10.0
123,9312,106938,9.0
123,9313,106948,10.0
123,9314,106958,10.0
123,9315,106967,9.0
123,9316,106986,19.0
123,9317,106996,10.0
123,9318,107006,10.0
123,9319,107018,12.0
123,9320,107032,14.0
123,9321,107042,10.0
123,9322,107052,10.0
123,9323,107065,13.0
123,9324,107074,9.0
123,9325,107087,13.0
123,9326,107097,10.0
123,9327,107109,12.0
123,9328,107118,9.0
123,9329,107130,12.0
123,9330,107141,11.0
123,9331,107162,21.0
123,9332,107175,13.0
123,9333,107184,9.0
123,9334,107196,12.0
123,9335,107205,9.0
123,9336,107214,9.0
123,9337,107223,9.0
123,9338,107232,9.0
123,9339,107241,9.0
123,9340,107251,10.0
123,9341,107259,8.0
123,9342,107270,11.0
123,9343,107281,11.0
123,9344,107290,9.0
123,9345,107299,9.0
123,9346,107310,11.0
123,9347,107324,14.0
123,9348,107332,8.0
123,9349,107341,9.0
123,9350,107350,9.0
123,9351,107359,9.0
123,9352,107367,8.0
123,9353,107377,10.0
123,9354,107387,10.0
123,9355,107402,15.0
123,9356,107411,9.0
123,9357,107420,9.0
123,9358,107429,9.0
123,9359,107439,10.0
123,9360,107451,12.0
123,9361,107459,8.0
123,9362,107469,10.0
123,9363,107479,10.0
123,9364,107490,11.0
123,9365,107499,9.0
123,9366,107509,10.0
123,9367,107523,14.0
123,9368,107531,8.0
123,9369,107542,11.0
123,9370,107553,11.0
123,9371,107563,10.0
123,9372,107572,9.0
123,9373,107581,9.0
123,9374,107590,9.0
123,9375,107602,12.0
123,9376,107611,9.0
123,9377,107623,12.0
123,9378,107633,10.0
123,9379,107642,9.0
123,9380,107650,8.0
123,9381,107663,13.0
123,9382,107671,8.0
123,9383,107685,14.0
123,9384,107695,10.0
123,9385,107708,13.0
123,9386,107717,9.0
123,9387,107727,10.0
123,9388,107737,10.0
123,9389,107749,12.0
123,9390,107757,8.0
123,9391,107767,10.0
123,9392,107777,10.0
123,9393,107785,8.0
123,9394,107793,8.0
123,9395,107803,10.0
123,9396,107811,8.0
123,9397,107824,13.0
123,9398,107835,11.0
123,9399,107843,8.0
123,9400,107852,9.0
123,9401,107863,11.0
123,9402,107875,12.0
123,9403,107883,8.0
123,9404,107892,9.0
123,9405,107907,15.0
123,9406,107921,14.0
123,9407,107930,9.0
123,9408,107941,11.0
123,9409,107955,14.0
123,9410,107964,9.0
123,9411,107975,11.0
123,9412,107984,9.0
123,9413,107994,10.0
123,9414,108003,9.0
123,9415,108016,13.0
123,9416,108025,9.0
123,9417,108036,11.0
123,9418,108046,10.0
123,9419,108056,10.0
123,9420,108065,9.0
123,9421,108077,12.0
123,9422,108092,15.0
123,9423,108101,9.0
123,9424,108114,13.0
123,9425,108123,9.0
123,9426,108138,15.0
123,9427,108148,10.0
123,9428,108157,9.0
123,9429,108167,10.0
123,9430,108176,9.0
123,9431,108185,9.0
123,9432,108197,12.0
123,9433,108206,9.0
123,9434,108218,12.0
123,9435,108228,10.0
123,9436,108236,8.0
123,9437,108244,8.0
123,9438,108255,11.0
123,9439,108264,9.0
123,9440,108275,11.0
123,9441,108288,13.0
123,9442,108300,12.0
123,9443,108310,10.0
123,9444,108323,13.0
123,9445,108335,12.0
123,9446,108345,10.0
123,9447,108354,9.0
123,9448,108363,9.0
123,9449,108373,10.0
123,9450,108383,10.0
123,9451,108393,10.0
123,9452,108406,13.0
123,9453,108415,9.0
123,9454,108424,9.0
123,9455,108433,9.0
123,9456,108445,12.0
123,9457,108453,8.0
123,9458,108464,11.0
123,9459,108476,12.0
123,9460,108486,10.0
123,9461,108495,9.0
123,9462,108511,16.0
123,9463,108525,14.0
123,9464,108536,11.0
123,9465,108548,12.0
123,9466,108558,10.0
123,9467,108569,11.0
123,9468,108578,9.0
123,9469,108587,9.0
123,9470,108597,10.0
123,9471,108607,10.0
123,9472,108616,9.0
123,9473,108627,11.0
123,9474,108636,9.0
123,9475,108647,11.0
123,9476,108656,9.0
123,9477,108667,11.0
123,9478,108676,9.0
123,9479,108684,8.0
123,9480,108693,9.0
123,9481,108715,22.0
123,9482,108726,11.0
123,9483,108737,11.0
123,9484,108748,11.0
123,9485,108759,11.0
123,9486,108774,15.0
123,9487,108790,16.0
123,9488,108802,12.0
123,9489,108811,9.0
123,9490,108821,10.0
123,9491,108830,9.0
123,9492,108838,8.0
123,9493,108847,9.0
123,9494,108856,9.0
123,9495,108866,10.0
123,9496,108876,10.0
123,9497,108886,10.0
123,9498,108896,10.0
123,9499,108907,11.0
123,9500,108916,9.0
123,9501,108926,10.0
123,9502,108942,16.0
123,9503,108954,12.0
123,9504,108964,10.0
123,9505,108972,8.0
123,9506,108987,15.0
123,9507,108997,10.0
123,9508,109007,10.0
123,9509,109017,10.0
123,9510,109026,9.0
123,9511,109036,10.0
123,9512,109047,11.0
123,9513,109059,12.0
123,9514,109070,11.0
123,9515,109081,11.0
123,9516,109089,8.0
123,9517,109102,13.0
123,9518,109115,13.0
123,9519,109126,11.0
123,9520,109137,11.0
123,9521,109148,11.0
123,9522,109158,10.0
123,9523,109168,10.0
123,9524,109177,9.0
123,9525,109187,10.0
123,9526,109195,8.0
123,9527,109206,11.0
123,9528,109214,8.0
123,9529,109222,8.0
123,9530,109234,12.0
123,9531,109243,9.0
123,9532,109254,11.0
123,9533,109267,13.0
123,9534,109278,11.0
123,9535,109288,10.0
123,9536,109297,9.0
123,9537,109306,9.0
123,9538,109316,10.0
123,9539,109324,8.0
123,9540,109334,10.0
123,9541,109345,11.0
123,9542,109355,10.0
123,9543,109372,17.0
123,9544,109380,8.0
123,9545,109392,12.0
123,9546,109401,9.0
123,9547,109415,14.0
123,9548,109426,11.0
123,9549,109434,8.0
123,9550,109443,9.0
123,9551,109455,12.0
123,9552,109467,12.0
123,9553,109480,13.0
123,9554,109493,13.0
123,9555,109501,8.0
123,9556,109511,10.0
123,9557,109521,10.0
123,9558,109530,9.0
123,9559,109540,10.0
123,9560,109549,9.0
123,9561,109561,12.0
123,9562,109574,13.0
123,9563,109586,12.0
123,9564,109596,10.0
123,9565,109607,11.0
123,9566,109620,13.0
123,9567,109632,12.0
123,9568,109643,11.0
123,9569,109653,10.0
123,9570,109666,13.0
123,9571,109678,12.0
123,9572,109687,9.0
123,9573,109697,10.0
123,9574,109709,12.0
123,9575,109722,13.0
123,9576,109730,8.0
123,9577,109741,11.0
123,9578,109751,10.0
123,9579,109761,10.0
123,9580,109771,10.0
123,9581,109780,9.0
123,9582,109791,11.0
123,9583,109800,9.0
123,9584,109811,11.0
123,9585,109821,10.0
123,9586,109830,9.0
123,9587,109841,11.0
123,9588,109850,9.0
123,9589,109860,10.0
123,9590,109871,11.0
123,9591,109880,9.0
123,9592,109889,9.0
123,9593,109897,8.0
123,9594,109905,8.0
123,9595,109915,10.0
123,9596,109924,9.0
123,9597,109934,10.0
123,9598,109947,13.0
123,9599,109957,10.0
123,9600,109970,13.0
123,9601,109979,9.0
123,9602,109991,12.0
123,9603,110001,10.0
123,9604,110012,11.0
123,9605,110023,11.0
123,9606,110032,9.0
123,9607,110041,9.0
123,9608,110049,8.0
123,9609,110058,9.0
123,9610,110068,10.0
123,9611,110078,10.0
123,9612,110086,8.0
123,9613,110094,8.0
123,9614,110104,10.0
123,9615,110113,9.0
123,9616,110125,12.0
123,9617,110134,9.0
123,9618,110144,10.0
123,9619,110155,11.0
123,9620,110163,8.0
123,9621,110173,10.0
123,9622,110182,9.0
123,9623,110192,10.0
123,9624,110201,9.0
123,9625,110214,13.0
123,9626,110225,11.0
123,9627,110234,9.0
123,9628,110243,9.0
123,9629,110253,10.0
123,9630,110263,10.0
123,9631,110274,11.0
123,9632,110283,9.0
123,9633,110292,9.0
123,9634,110303,11.0
123,9635,110312,9.0
123,9636,110323,11.0
123,9637,110333,10.0
123,9638,110342,9.0
123,9639,110352,10.0
123,9640,110362,10.0
123,9641,110378,16.0
123,9642,110386,8.0
123,9643,110396,10.0
123,9644,110406,10.0
123,9645,110416,10.0
123,9646,110428,12.0
123,9647,110437,9.0
123,9648,110446,9.0
123,9649,110465,19.0
123,9650,110475,10.0
123,9651,110484,9.0
123,9652,110493,9.0
123,9653,110502,9.0
123,9654,110516,14.0
123,9655,110528,12.0
123,9656,110538,10.0
123,9657,110550,12.0
123,9658,110560,10.0
123,9659,110568,8.0
123,9660,110577,9.0
123,9661,110588,11.0
123,9662,110600,12.0
123,9663,110608,8.0
123,9664,110616,8.0
123,9665,110625,9.0
123,9666,110635,10.0
123,9667,110645,10.0
123,9668,110655,10.0
123,9669,110664,9.0
123,9670,110677,13.0
123,9671,110694,17.0
123,9672,110703,9.0
123,9673,110712,9.0
123,9674,110724,12.0
123,9675,110733,9.0
123,9676,110741,8.0
123,9677,110751,10.0
123,9678,110759,8.0
123,9679,110769,10.0
123,9680,110779,10.0
123,9681,110790,11.0
123,9682,110799,9.0
123,9683,110810,11.0
123,9684,110820,10.0
123,9685,110831,11.0
123,9686,110841,10.0
123,9687,110850,9.0
123,9688,110861,11.0
123,9689,110871,10.0
123,9690,110882,11.0
123,9691,110892,10.0
123,9692,110904,12.0
123,9693,110914,10.0
123,9694,110923,9.0
123,9695,110932,9.0
123,9696,110947,15.0
123,9697,110959,12.0
123,9698,110969,10.0
123,9699,110979,10.0
123,9700,110991,12.0
123,9701,111003,12.0
123,9702,111011,8.0
123,9703,111022,11.0
123,9704,111032,10.0
123,9705,111050,18.0
123,9706,111064,14.0
123,9707,111075,11.0
123,9708,111084,9.0
123,9709,111096,12.0
123,9710,111108,12.0
123,9711,111117,9.0
123,9712,111129,12.0
123,9713,111143,14.0
123,9714,111152,9.0
123,9715,111162,10.0
123,9716,111172,10.0
123,9717,111186,14.0
123,9718,111195,9.0
123,9719,111205,10.0
123,9720,111217,12.0
123,9721,111228,11.0
123,9722,111237,9.0
123,9723,111252,15.0
123,9724,111262,10.0
123,9725,111272,10.0
123,9726,111284,12.0
123,9727,111295,11.0
123,9728,111303,8.0
123,9729,111313,10.0
123,9730,111325,12.0
123,9731,111337,12.0
123,9732,111347,10.0
123,9733,111360,13.0
123,9734,111373,13.0
123,9735,111383,10.0
123,9736,111391,8.0
123,9737,111400,9.0
123,9738,111420,20.0
123,9739,111429,9.0
123,9740,111438,9.0
123,9741,111447,9.0
123,9742,111458,11.0
123,9743,111471,13.0
123,9744,111481,10.0
123,9745,111490,9.0
123,9746,111502,12.0
123,9747,111516,14.0
123,9748,111525,9.0
123,9749,111534,9.0
123,9750,111546,12.0
123,9751,111558,12.0
123,9752,111566,8.0
123,9753,111578,12.0
123,9754,111588,10.0
123,9755,111597,9.0
123,9756,111608,11.0
123,9757,111621,13.0
123,9758,111633,12.0
123,9759,111642,9.0
123,9760,111659,17.0
123,9761,111668,9.0
123,9762,111679,11.0
123,9763,111689,10.0
123,9764,111698,9.0
123,9765,111709,11.0
123,9766,111720,11.0
123,9767,111731,11.0
123,9768,111740,9.0
123,9769,111758,18.0
123,9770,111767,9.0
123,9771,111777,10.0
123,9772,111787,10.0
123,9773,111798,11.0
123,9774,111810,12.0
123,9775,111820,10.0
123,9776,111829,9.0
123,9777,111837,8.0
123,9778,111846,9.0
123,9779,111857,11.0
123,9780,111872,15.0
123,9781,111884,12.0
123,9782,111897,13.0
123,9783,111907,10.0
123,9784,111921,14.0
123,9785,111931,10.0
123,9786,111943,12.0
123,9787,111951,8.0
123,9788,111963,12.0
123,9789,111973,10.0
123,9790,111984,11.0
123,9791,111995,11.0
123,9792,112005,10.0
123,9793,112016,11.0
123,9794,112028,12.0
123,9795,112039,11.0
123,9796,112048,9.0
123,9797,112059,11.0
123,9798,112071,12.0
123,9799,112079,8.0
123,9800,112088,9.0
123,9801,112098,10.0
123,9802,112108,10.0
123,9803,112120,12.0
123,9804,112130,10.0
123,9805,112141,11.0
123,9806,112152,11.0
123,9807,112163,11.0
123,9808,112173,10.0
123,9809,112185,12.0
123,9810,112195,10.0
123,9811,112207,12.0
123,9812,112218,11.0
123,9813,112227,9.0
123,9814,112236,9.0
123,9815,112247,11.0
123,9816,112257,10.0
123,9817,112269,12.0
123,9818,112284,15.0
123,9819,112293,9.0
123,9820,112303,10.0
123,9821,112313,10.0
123,9822,112327,14.0
123,9823,112338,11.0
123,9824,112354,16.0
123,9825,112367,13.0
123,9826,112376,9.0
123,9827,112386,10.0
123,9828,112395,9.0
123,9829,112406,11.0
123,9830,112417,11.0
123,9831,112426,9.0
123,9832,112437,11.0
123,9833,112447,10.0
123,9834,112456,9.0
123,9835,112465,9.0
123,9836,112476,11.0
123,9837,112484,8.0
123,9838,112494,10.0
123,9839,112504,10.0
123,9840,112513,9.0
123,9841,112528,15.0
123,9842,112538,10.0
123,9843,112547,9.0
123,9844,112563,16.0
123,9845,112572,9.0
123,9846,112584,12.0
123,9847,112593,9.0
123,9848,112602,9.0
123,9849,112614,12.0
123,9850,112627,13.0
123,9851,112638,11.0
123,9852,112651,13.0
123,9853,112660,9.0
123,9854,112668,8.0
123,9855,112678,10.0
123,9856,112687,9.0
123,9857,112696,9.0
123,9858,112709,13.0
123,9859,112720,11.0
123,9860,112729,9.0
123,9861,112739,10.0
123,9862,112748,9.0
123,9863,112757,9.0
123,9864,112768,11.0
123,9865,112778,10.0
123,9866,112802,24.0
123,9867,112810,8.0
123,9868,112822,12.0
123,9869,112836,14.0
123,9870,112847,11.0
123,9871,112855,8.0
123,9872,112866,11.0
123,9873,112876,10.0
123,9874,112886,10.0
123,9875,112895,9.0
123,9876,112905,10.0
123,9877,112915,10.0
123,9878,112924,9.0
123,9879,112934,10.0
123,9880,112949,15.0
123,9881,112957,8.0
123,9882,112969,12.0
123,9883,112977,8.0
123,9884,112989,12.0
123,9885,112999,10.0
123,9886,113008,9.0
123,9887,113017,9.0
123,9888,113026,9.0
123,9889,113036,10.0
123,9890,113048,12.0
123,9891,113057,9.0
123,9892,113067,10.0
123,9893,113077,10.0
123,9894,113087,10.0
123,9895,113096,9.0
123,9896,113106,10.0
123,9897,113122,16.0
123,9898,113132,10.0
123,9899,113143,11.0
123,9900,113155,12.0
123,9901,113164,9.0
123,9902,113177,13.0
123,9903,113186,9.0
123,9904,113195,9.0
123,9905,113204,9.0
123,9906,113214,10.0
123,9907,113224,10.0
123,9908,113234,10.0
123,9909,113245,11.0
123,9910,113256,11.0
123,9911,113267,11.0
123,9912,113276,9.0
123,9913,113287,11.0
123,9914,113297,10.0
123,9915,113305,8.0
123,9916,113314,9.0
123,9917,113326,12.0
123,9918,113340,14.0
123,9919,113350,10.0
123,9920,113358,8.0
123,9921,113368,10.0
123,9922,113378,10.0
123,9923,113387,9.0
123,9924,113395,8.0
123,9925,113410,15.0
123,9926,113419,9.0
123,9927,113431,12.0
123,9928,113440,9.0
123,9929,113448,8.0
123,9930,113461,13.0
123,9931,113473,12.0
123,9932,113485,12.0
123,9933,113495,10.0
123,9934,113504,9.0
123,9935,113515,11.0
123,9936,113524,9.0
123,9937,113534,10.0
123,9938,113543,9.0
123,9939,113552,9.0
123,9940,113561,9.0
123,9941,113572,11.0
123,9942,113581,9.0
123,9943,113590,9.0
123,9944,113599,9.0
123,9945,113608,9.0
123,9946,113617,9.0
123,9947,113627,10.0
123,9948,113640,13.0
123,9949,113653,13.0
123,9950,113665,12.0
123,9951,113678,13.0
123,9952,113686,8.0
123,9953,113695,9.0
123,9954,113713,18.0
123,9955,113723,10.0
123,9956,113734,11.0
123,9957,113744,10.0
123,9958,113753,9.0
123,9959,113763,10.0
123,9960,113774,11.0
123,9961,113783,9.0
123,9962,113798,15.0
123,9963,113808,10.0
123,9964,113829,21.0
123,9965,113838,9.0
123,9966,113848,10.0
123,9967,113862,14.0
123,9968,113872,10.0
123,9969,113883,11.0
123,9970,113897,14.0
123,9971,113907,10.0
123,9972,113916,9.0
123,9973,113926,10.0
123,9974,113936,10.0
123,9975,113946,10.0
123,9976,113956,10.0
123,9977,113967,11.0
123,9978,113981,14.0
123,9979,113998,17.0
123,9980,114008,10.0
123,9981,114016,8.0
123,9982,114025,9.0
123,9983,114034,9.0
123,9984,114043,9.0
123,9985,114055,12.0
123,9986,114066,11.0
123,9987,114078,12.0
123,9988,114088,10.0
123,9989,114097,9.0
123,9990,114107,10.0
123,9991,114117,10.0
123,9992,114131,14.0
123,9993,114142,11.0
123,9994,114151,9.0
123,9995,114161,10.0
123,9996,114169,8.0
123,9997,114178,9.0
123,9998,114188,10.0
123,9999,114199,11.0
123,10000,114210,11.0
123,10001,114224,14.0
123,10002,114236,12.0
123,10003,114246,10.0
123,10004,114255,9.0
123,10005,114265,10.0
123,10006,114275,10.0
123,10007,114288,13.0
123,10008,114297,9.0
123,10009,114308,11.0
123,10010,114317,9.0
123,10011,114330,13.0
123,10012,114340,10.0
123,10013,114350,10.0
123,10014,114361,11.0
123,10015,114373,12.0
123,10016,114381,8.0
123,10017,114391,10.0
123,10018,114400,9.0
123,10019,114408,8.0
123,10020,114419,11.0
123,10021,114432,13.0
123,10022,114442,10.0
123,10023,114451,9.0
123,10024,114460,9.0
123,10025,114474,14.0
123,10026,114483,9.0
123,10027,114493,10.0
123,10028,114505,12.0
123,10029,114515,10.0
123,10030,114527,12.0
123,10031,114537,10.0
123,10032,114547,10.0
123,10033,114557,10.0
123,10034,114567,10.0
123,10035,114577,10.0
123,10036,114586,9.0
123,10037,114600,14.0
123,10038,114611,11.0
123,10039,114620,9.0
123,10040,114632,12.0
123,10041,114643,11.0
123,10042,114653,10.0
123,10043,114663,10.0
123,10044,114676,13.0
123,10045,114685,9.0
123,10046,114695,10.0
123,10047,114707,12.0
123,10048,114716,9.0
123,10049,114726,10.0
123,10050,114737,11.0
123,10051,114745,8.0
123,10052,114757,12.0
123,10053,114767,10.0
123,10054,114776,9.0
123,10055,114786,10.0
123,10056,114801,15.0
123,10057,114813,12.0
123,10058,114823,10.0
123,10059,114839,16.0
123,10060,114849,10.0
123,10061,114861,12.0
123,10062,114870,9.0
123,10063,114879,9.0
123,10064,114891,12.0
123,10065,114901,10.0
123,10066,114912,11.0
123,10067,114924,12.0
123,10068,114934,10.0
123,10069,114942,8.0
123,10070,114951,9.0
123,10071,114962,11.0
123,10072,114971,9.0
123,10073,114981,10.0
123,10074,114993,12.0
123,10075,115001,8.0
123,10076,115012,11.0
123,10077,115022,10.0
123,10078,115032,10.0
123,10079,115043,11.0
123,10080,115052,9.0
123,10081,115064,12.0
123,10082,115075,11.0
123,10083,115085,10.0
123,10084,115093,8.0
123,10085,115103,10.0
123,10086,115114,11.0
123,10087,115124,10.0
123,10088,115133,9.0
123,10089,115143,10.0
123,10090,115153,10.0
123,10091,115162,9.0
123,10092,115171,9.0
123,10093,115180,9.0
123,10094,115194,14.0
123,10095,115203,9.0
123,10096,115213,10.0
123,10097,115222,9.0
123,10098,115234,12.0
123,10099,115243,9.0
123,10100,115254,11.0
123,10101,115264,10.0
123,10102,115273,9.0
123,10103,115286,13.0
123,10104,115296,10.0
123,10105,115304,8.0
123,10106,115314,10.0
123,10107,115324,10.0
123,10108,115332,8.0
123,10109,115342,10.0
123,10110,115351,9.0
123,10111,115360,9.0
123,10112,115371,11.0
123,10113,115382,11.0
123,10114,115394,12.0
123,10115,115403,9.0
123,10116,115411,8.0
123,10117,115422,11.0
123,10118,115432,10.0
123,10119,115443,11.0
123,10120,115454,11.0
123,10121,115465,11.0
123,10122,115475,10.0
123,10123,115485,10.0
123,10124,115496,11.0
123,10125,115507,11.0
123,10126,115515,8.0
123,10127,115526,11.0
123,10128,115536,10.0
123,10129,115550,14.0
123,10130,115561,11.0
123,10131,115570,9.0
123,10132,115582,12.0
123,10133,115594,12.0
123,10134,115604,10.0
123,10135,115613,9.0
123,10136,115632,19.0
123,10137,115642,10.0
123,10138,115652,10.0
123,10139,115663,11.0
123,10140,115674,11.0
123,10141,115685,11.0
123,10142,115697,12.0
123,10143,115707,10.0
123,10144,115716,9.0
123,10145,115727,11.0
123,10146,115736,9.0
123,10147,115745,9.0
123,10148,115757,12.0
123,10149,115767,10.0
123,10150,115776,9.0
123,10151,115788,12.0
123,10152,115797,9.0
123,10153,115807,10.0
123,10154,115816,9.0
123,10155,115824,8.0
123,10156,115834,10.0
123,10157,115847,13.0
123,10158,115857,10.0
123,10159,115867,10.0
123,10160,115875,8.0
123,10161,115884,9.0
123,10162,115895,11.0
123,10163,115907,12.0
123,10164,115916,9.0
123,10165,115931,15.0
123,10166,115944,13.0
123,10167,115955,11.0
123,10168,115967,12.0
123,10169,115976,9.0
123,10170,115990,14.0
123,10171,115999,9.0
123,10172,116009,10.0
123,10173,116020,11.0
123,10174,116031,11.0
123,10175,116042,11.0
123,10176,116050,8.0
123,10177,116060,10.0
123,10178,116069,9.0
123,10179,116078,9.0
123,10180,116087,9.0
123,10181,116101,14.0
123,10182,116110,9.0
123,10183,116121,11.0
123,10184,116136,15.0
123,10185,116147,11.0
123,10186,116162,15.0
123,10187,116173,11.0
123,10188,116188,15.0
123,10189,116202,14.0
123,10190,116213,11.0
123,10191,116222,9.0
123,10192,116232,10.0
123,10193,116240,8.0
123,10194,116249,9.0
123,10195,116257,8.0
123,10196,116267,10.0
123,10197,116277,10.0
123,10198,116286,9.0
123,10199,116297,11.0
123,10200,116307,10.0
123,10201,116317,10.0
123,10202,116327,10.0
123,10203,116337,10.0
123,10204,116347,10.0
123,10205,116356,9.0
123,10206,116364,8.0
123,10207,116376,12.0
123,10208,116386,10.0
123,10209,116395,9.0
123,10210,116405,10.0
123,10211,116414,9.0
123,10212,116423,9.0
123,10213,116435,12.0
123,10214,116446,11.0
123,10215,116456,10.0
123,10216,116467,11.0
123,10217,116479,12.0
123,10218,116489,10.0
123,10219,116502,13.0
123,10220,116510,8.0
123,10221,116520,10.0
123,10222,116529,9.0
123,10223,116542,13.0
123,10224,116552,10.0
123,10225,116561,9.0
123,10226,116570,9.0
123,10227,116581,11.0
123,10228,116592,11.0
123,10229,116602,10.0
123,10230,116610,8.0
123,10231,116618,8.0
123,10232,116628,10.0
123,10233,116636,8.0
123,10234,116645,9.0
123,10235,116658,13.0
123,10236,116667,9.0
123,10237,116677,10.0
123,10238,116689,12.0
123,10239,116698,9.0
123,10240,116709,11.0
123,10241,116719,10.0
123,10242,116729,10.0
123,10243,116739,10.0
123,10244,116751,12.0
123,10245,116760,9.0
123,10246,116770,10.0
123,10247,116779,9.0
123,10248,116792,13.0
123,10249,116802,10.0
123,10250,116814,12.0
123,10251,116825,11.0
123,10252,116834,9.0
123,10253,116845,11.0
123,10254,116855,10.0
123,10255,116864,9.0
123,10256,116876,12.0
123,10257,116885,9.0
123,10258,116893,8.0
123,10259,116902,9.0
123,10260,116911,9.0
123,10261,116920,9.0
123,10262,116928,8.0
123,10263,116938,10.0
123,10264,116949,11.0
123,10265,116962,13.0
123,10266,116972,10.0
123,10267,116981,9.0
123,10268,116992,11.0
123,10269,117000,8.0
123,10270,117009,9.0
123,10271,117019,10.0
123,10272,117027,8.0
123,10273,117039,12.0
123,10274,117050,11.0
123,10275,117060,10.0
123,10276,117069,9.0
123,10277,117079,10.0
123,10278,117088,9.0
123,10279,117098,10.0
123,10280,117112,14.0
123,10281,117126,14.0
123,10282,117136,10.0
123,10283,117145,9.0
123,10284,117154,9.0
123,10285,117164,10.0
123,10286,117175,11.0
123,10287,117185,10.0
123,10288,117196,11.0
123,10289,117205,9.0
123,10290,117215,10.0
123,10291,117226,11.0
123,10292,117235,9.0
123,10293,117244,9.0
123,10294,117252,8.0
123,10295,117267,15.0
123,10296,117277,10.0
123,10297,117287,10.0
123,10298,117298,11.0
123,10299,117309,11.0
123,10300,117318,9.0
123,10301,117327,9.0
123,10302,117344,17.0
123,10303,117355,11.0
123,10304,117364,9.0
123,10305,117373,9.0
123,10306,117382,9.0
123,10307,117391,9.0
123,10308,117399,8.0
123,10309,117410,11.0
123,10310,117421,11.0
123,10311,117430,9.0
123,10312,117439,9.0
123,10313,117450,11.0
123,10314,117459,9.0
123,10315,117468,9.0
123,10316,117477,9.0
123,10317,117487,10.0
123,10318,117498,11.0
123,10319,117507,9.0
123,10320,117517,10.0
123,10321,117526,9.0
123,10322,117537,11.0
123,10323,117549,12.0
123,10324,117558,9.0
123,10325,117570,12.0
123,10326,117581,11.0
123,10327,117595,14.0
123,10328,117606,11.0
123,10329,117614,8.0
123,10330,117623,9.0
123,10331,117635,12.0
123,10332,117643,8.0
123,10333,117655,12.0
123,10334,117665,10.0
123,10335,117675,10.0
123,10336,117684,9.0
123,10337,117696,12.0
123,10338,117708,12.0
123,10339,117718,10.0
123,10340,117729,11.0
123,10341,117740,11.0
123,10342,117749,9.0
123,10343,117761,12.0
123,10344,117770,9.0
123,10345,117780,10.0
123,10346,117789,9.0
123,10347,117797,8.0
123,10348,117809,12.0
123,10349,117819,10.0
123,10350,117835,16.0
123,10351,117845,10.0
123,10352,117854,9.0
123,10353,117866,12.0
123,10354,117876,10.0
123,10355,117885,9.0
123,10356,117894,9.0
123,10357,117904,10.0
123,10358,117913,9.0
123,10359,117923,10.0
123,10360,117933,10.0
123,10361,117942,9.0
123,10362,117952,10.0
123,10363,117961,9.0
123,10364,117973,12.0
123,10365,117988,15.0
123,10366,117998,10.0
123,10367,118010,12.0
123,10368,118027,17.0
123,10369,118036,9.0
123,10370,118045,9.0
123,10371,118054,9.0
123,10372,118063,9.0
123,10373,118072,9.0
123,10374,118082,10.0
123,10375,118092,10.0
123,10376,118100,8.0
123,10377,118109,9.0
123,10378,118119,10.0
123,10379,118129,10.0
123,10380,118139,10.0
123,10381,118151,12.0
123,10382,118163,12.0
123,10383,118173,10.0
123,10384,118183,10.0
123,10385,118193,10.0
123,10386,118203,10.0
123,10387,118212,9.0
123,10388,118223,11.0
123,10389,118234,11.0
123,10390,118247,13.0
123,10391,118255,8.0
123,10392,118264,9.0
123,10393,118273,9.0
123,10394,118291,18.0
123,10395,118301,10.0
123,10396,118309,8.0
123,10397,118319,10.0
123,10398,118328,9.0
123,10399,118340,12.0
123,10400,118350,10.0
123,10401,118362,12.0
123,10402,118372,10.0
123,10403,118381,9.0
123,10404,118391,10.0
123,10405,118400,9.0
123,10406,118410,10.0
123,10407,118420,10.0
123,10408,118431,11.0
123,10409,118440,9.0
123,10410,118450,10.0
123,10411,118459,9.0
123,10412,118469,10.0
123,10413,118481,12.0
123,10414,118489,8.0
123,10415,118498,9.0
123,10416,118511,13.0
123,10417,118523,12.0
123,10418,118538,15.0
123,10419,118548,10.0
123,10420,118557,9.0
123,10421,118569,12.0
123,10422,118578,9.0
123,10423,118588,10.0
123,10424,118599,11.0
123,10425,118611,12.0
123,10426,118627,16.0
123,10427,118636,9.0
123,10428,118646,10.0
123,10429,118654,8.0
123,10430,118663,9.0
123,10431,118674,11.0
123,10432,118683,9.0
123,10433,118692,9.0
123,10434,118702,10.0
123,10435,118711,9.0
123,10436,118721,10.0
123,10437,118739,18.0
123,10438,118750,11.0
123,10439,118760,10.0
123,10440,118771,11.0
123,10441,118782,11.0
123,10442,118791,9.0
123,10443,118804,13.0
123,10444,118815,11.0
123,10445,118826,11.0
123,10446,118840,14.0
123,10447,118849,9.0
123,10448,118861,12.0
123,10449,118869,8.0
123,10450,118879,10.0
123,10451,118892,13.0
123,10452,118901,9.0
123,10453,118915,14.0
123,10454,118925,10.0
123,10455,118934,9.0
123,10456,118943,9.0
123,10457,118952,9.0
123,10458,118961,9.0
123,10459,118970,9.0
123,10460,118979,9.0
123,10461,118991,12.0
123,10462,119002,11.0
123,10463,119013,11.0
123,10464,119024,11.0
123,10465,119034,10.0
123,10466,119043,9.0
123,10467,119056,13.0
123,10468,119066,10.0
123,10469,119075,9.0
123,10470,119087,12.0
123,10471,119099,12.0
123,10472,119109,10.0
123,10473,119125,16.0
123,10474,119136,11.0
123,10475,119144,8.0
123,10476,119153,9.0
123,10477,119164,11.0
123,10478,119173,9.0
123,10479,119188,15.0
123,10480,119197,9.0
123,10481,119206,9.0
123,10482,119216,10.0
123,10483,119226,10.0
123,10484,119242,16.0
123,10485,119250,8.0
123,10486,119262,12.0
123,10487,119274,12.0
123,10488,119283,9.0
123,10489,119294,11.0
123,10490,119303,9.0
123,10491,119314,11.0
123,10492,119326,12.0
123,10493,119336,10.0
123,10494,119348,12.0
123,10495,119359,11.0
123,10496,119368,9.0
123,10497,119378,10.0
123,10498,119391,13.0
123,10499,119401,10.0
123,10500,119410,9.0
123,10501,119427,17.0
123,10502,119440,13.0
123,10503,119449,9.0
123,10504,119458,9.0
123,10505,119468,10.0
123,10506,119479,11.0
123,10507,119490,11.0
123,10508,119498,8.0
123,10509,119510,12.0
123,10510,119518,8.0
123,10511,119528,10.0
123,10512,119537,9.0
123,10513,119547,10.0
123,10514,119563,16.0
123,10515,119573,10.0
123,10516,119582,9.0
123,10517,119590,8.0
123,10518,119600,10.0
123,10519,119610,10.0
123,10520,119623,13.0
123,10521,119633,10.0
123,10522,119646,13.0
123,10523,119657,11.0
123,10524,119666,9.0
123,10525,119674,8.0
123,10526,119686,12.0
123,10527,119695,9.0
123,10528,119709,14.0
123,10529,119718,9.0
123,10530,119727,9.0
123,10531,119736,9.0
123,10532,119746,10.0
123,10533,119759,13.0
123,10534,119769,10.0
123,10535,119777,8.0
123,10536,119787,10.0
123,10537,119806,19.0
123,10538,119816,10.0
123,10539,119824,8.0
123,10540,119836,12.0
123,10541,119846,10.0
123,10542,119856,10.0
123,10543,119868,12.0
123,10544,119878,10.0
123,10545,119888,10.0
123,10546,119897,9.0
123,10547,119905,8.0
123,10548,119916,11.0
123,10549,119926,10.0
123,10550,119935,9.0
123,10551,119944,9.0
123,10552,119953,9.0
123,10553,119965,12.0
123,10554,119978,13.0
123,10555,119986,8.0
123,10556,119996,10.0
123,10557,120006,10.0
123,10558,120016,10.0
123,10559,120030,14.0
123,10560,120040,10.0
123,10561,120049,9.0
123,10562,120061,12.0
123,10563,120070,9.0
123,10564,120078,8.0
123,10565,120088,10.0
123,10566,120096,8.0
123,10567,120105,9.0
123,10568,120114,9.0
123,10569,120124,10.0
123,10570,120136,12.0
123,10571,120148,12.0
123,10572,120161,13.0
123,10573,120173,12.0
123,10574,120186,13.0
123,10575,120196,10.0
123,10576,120206,10.0
123,10577,120216,10.0
123,10578,120226,10.0
123,10579,120236,10.0
123,10580,120245,9.0
123,10581,120257,12.0
123,10582,120270,13.0
123,10583,120280,10.0
123,10584,120290,10.0
123,10585,120300,10.0
123,10586,120309,9.0
123,10587,120319,10.0
123,10588,120329,10.0
123,10589,120339,10.0
123,10590,120348,9.0
123,10591,120358,10.0
123,10592,120368,10.0
123,10593,120376,8.0
123,10594,120388,12.0
123,10595,120397,9.0
123,10596,120407,10.0
123,10597,120417,10.0
123,10598,120427,10.0
123,10599,120438,11.0
123,10600,120447,9.0
123,10601,120459,12.0
123,10602,120469,10.0
123,10603,120479,10.0
123,10604,120488,9.0
123,10605,120500,12.0
123,10606,120509,9.0
123,10607,120521,12.0
123,10608,120532,11.0
123,10609,120543,11.0
123,10610,120553,10.0
123,10611,120563,10.0
123,10612,120572,9.0
123,10613,120582,10.0
123,10614,120591,9.0
123,10615,120602,11.0
123,10616,120611,9.0
123,10617,120621,10.0
123,10618,120630,9.0
123,10619,120640,10.0
123,10620,120648,8.0
123,10621,120658,10.0
123,10622,120672,14.0
123,10623,120680,8.0
123,10624,120691,11.0
123,10625,120704,13.0
123,10626,120713,9.0
123,10627,120723,10.0
123,10628,120733,10.0
123,10629,120745,12.0
123,10630,120755,10.0
123,10631,120764,9.0
123,10632,120774,10.0
123,10633,120783,9.0
123,10634,120799,16.0
123,10635,120808,9.0
123,10636,120817,9.0
123,10637,120826,9.0
123,10638,120836,10.0
123,10639,120847,11.0
123,10640,120856,9.0
123,10641,120865,9.0
123,10642,120877,12.0
123,10643,120889,12.0
123,10644,120903,14.0
123,10645,120917,14.0
123,10646,120926,9.0
123,10647,120936,10.0
123,10648,120945,9.0
123,10649,120954,9.0
123,10650,120964,10.0
123,10651,120974,10.0
123,10652,120987,13.0
123,10653,120997,10.0
123,10654,121006,9.0
123,10655,121014,8.0
123,10656,121024,10.0
123,10657,121032,8.0
123,10658,121042,10.0
123,10659,121054,12.0
123,10660,121063,9.0
123,10661,121074,11.0
123,10662,121087,13.0
123,10663,121096,9.0
123,10664,121106,10.0
123,10665,121116,10.0
123,10666,121126,10.0
123,10667,121138,12.0
123,10668,121147,9.0
123,10669,121156,9.0
123,10670,121167,11.0
123,10671,121179,12.0
123,10672,121188,9.0
123,10673,121198,10.0
123,10674,121210,12.0
123,10675,121223,13.0
123,10676,121232,9.0
123,10677,121243,11.0
123,10678,121257,14.0
123,10679,121268,11.0
123,10680,121284,16.0
123,10681,121294,10.0
123,10682,121302,8.0
123,10683,121313,11.0
123,10684,121323,10.0
123,10685,121333,10.0
123,10686,121342,9.0
123,10687,121353,11.0
123,10688,121362,9.0
123,10689,121375,13.0
123,10690,121384,9.0
123,10691,121396,12.0
123,10692,121406,10.0
123,10693,121416,10.0
123,10694,121426,10.0
123,10695,121439,13.0
123,10696,121452,13.0
123,10697,121462,10.0
123,10698,121476,14.0
123,10699,121487,11.0
123,10700,121496,9.0
123,10701,121508,12.0
123,10702,121518,10.0
123,10703,121528,10.0
123,10704,121537,9.0
123,10705,121552,15.0
123,10706,121562,10.0
123,10707,121571,9.0
123,10708,121583,12.0
123,10709,121593,10.0
123,10710,121603,10.0
123,10711,121614,11.0
123,10712,121626,12.0
123,10713,121636,10.0
123,10714,121648,12.0
123,10715,121657,9.0
123,10716,121666,9.0
123,10717,121676,10.0
123,10718,121685,9.0
123,10719,121695,10.0
123,10720,121708,13.0
123,10721,121723,15.0
123,10722,121732,9.0
123,10723,121741,9.0
123,10724,121752,11.0
123,10725,121762,10.0
123,10726,121775,13.0
123,10727,121787,12.0
123,10728,121799,12.0
123,10729,121811,12.0
123,10730,121823,12.0
123,10731,121833,10.0
123,10732,121844,11.0
123,10733,121854,10.0
123,10734,121865,11.0
123,10735,121875,10.0
123,10736,121888,13.0
123,10737,121901,13.0
123,10738,121912,11.0
123,10739,121921,9.0
123,10740,121931,10.0
123,10741,121943,12.0
123,10742,121951,8.0
123,10743,121961,10.0
123,10744,121974,13.0
123,10745,121987,13.0
123,10746,121997,10.0
123,10747,122007,10.0
123,10748,122017,10.0
123,10749,122027,10.0
123,10750,122039,12.0
123,10751,122048,9.0
123,10752,122057,9.0
123,10753,122067,10.0
123,10754,122076,9.0
123,10755,122086,10.0
123,10756,122096,10.0
123,10757,122111,15.0
123,10758,122124,13.0
123,10759,122136,12.0
123,10760,122146,10.0
123,10761,122155,9.0
123,10762,122165,10.0
123,10763,122176,11.0
123,10764,122186,10.0
123,10765,122197,11.0
123,10766,122208,11.0
123,10767,122221,13.0
123,10768,122235,14.0
123,10769,122243,8.0
123,10770,122261,18.0
123,10771,122270,9.0
123,10772,122281,11.0
123,10773,122291,10.0
123,10774,122303,12.0
123,10775,122318,15.0
123,10776,122327,9.0
123,10777,122337,10.0
123,10778,122345,8.0
123,10779,122358,13.0
123,10780,122367,9.0
123,10781,122377,10.0
123,10782,122387,10.0
123,10783,122397,10.0
123,10784,122408,11.0
123,10785,122425,17.0
123,10786,122435,10.0
123,10787,122445,10.0
123,10788,122454,9.0
123,10789,122464,10.0
123,10790,122473,9.0
123,10791,122482,9.0
123,10792,122493,11.0
123,10793,122503,10.0
123,10794,122517,14.0
123,10795,122528,11.0
123,10796,122537,9.0
123,10797,122545,8.0
123,10798,122554,9.0
123,10799,122569,15.0
123,10800,122577,8.0
123,10801,122589,12.0
123,10802,122598,9.0
123,10803,122612,14.0
123,10804,122622,10.0
123,10805,122631,9.0
123,10806,122643,12.0
123,10807,122651,8.0
123,10808,122660,9.0
123,10809,122670,10.0
123,10810,122680,10.0
123,10811,122690,10.0
123,10812,122699,9.0
123,10813,122709,10.0
123,10814,122719,10.0
123,10815,122732,13.0
123,10816,122742,10.0
123,10817,122753,11.0
123,10818,122762,9.0
123,10819,122771,9.0
123,10820,122782,11.0
123,10821,122792,10.0
123,10822,122801,9.0
123,10823,122810,9.0
123,10824,122834,24.0
123,10825,122846,12.0
123,10826,122855,9.0
123,10827,122868,13.0
123,10828,122882,14.0
123,10829,122890,8.0
123,10830,122900,10.0
123,10831,122909,9.0
123,10832,122919,10.0
123,10833,122929,10.0
123,10834,122938,9.0
123,10835,122947,9.0
123,10836,122957,10.0
123,10837,122966,9.0
123,10838,122976,10.0
123,10839,122985,9.0
123,10840,122994,9.0
123,10841,123002,8.0
123,10842,123011,9.0
123,10843,123020,9.0
123,10844,123030,10.0
123,10845,123041,11.0
123,10846,123051,10.0
123,10847,123060,9.0
123,10848,123069,9.0
123,10849,123081,12.0
123,10850,123092,11.0
123,10851,123102,10.0
123,10852,123114,12.0
123,10853,123123,9.0
123,10854,123133,10.0
123,10855,123143,10.0
123,10856,123153,10.0
123,10857,123162,9.0
123,10858,123170,8.0
123,10859,123179,9.0
123,10860,123190,11.0
123,10861,123199,9.0
123,10862,123213,14.0
123,10863,123236,23.0
123,10864,123245,9.0
123,10865,123253,8.0
123,10866,123268,15.0
123,10867,123279,11.0
123,10868,123289,10.0
123,10869,123298,9.0
123,10870,123307,9.0
123,10871,123324,17.0
123,10872,123336,12.0
123,10873,123348,12.0
123,10874,123357,9.0
123,10875,123367,10.0
123,10876,123378,11.0
123,10877,123390,12.0
123,10878,123400,10.0
123,10879,123409,9.0
123,10880,123418,9.0
123,10881,123427,9.0
123,10882,123435,8.0
123,10883,123445,10.0
123,10884,123456,11.0
123,10885,123466,10.0
123,10886,123477,11.0
123,10887,123494,17.0
123,10888,123503,9.0
123,10889,123512,9.0
123,10890,123528,16.0
123,10891,123538,10.0
123,10892,123547,9.0
123,10893,123557,10.0
123,10894,123567,10.0
123,10895,123575,8.0
123,10896,123586,11.0
123,10897,123595,9.0
123,10898,123607,12.0
123,10899,123621,14.0
123,10900,123630,9.0
123,10901,123639,9.0
123,10902,123652,13.0
123,10903,123662,10.0
123,10904,123671,9.0
123,10905,123681,10.0
123,10906,123692,11.0
123,10907,123705,13.0
123,10908,123716,11.0
123,10909,123725,9.0
123,10910,123735,10.0
123,10911,123751,16.0
123,10912,123761,10.0
123,10913,123772,11.0
123,10914,123783,11.0
123,10915,123792,9.0
123,10916,123805,13.0
123,10917,123816,11.0
123,10918,123826,10.0
123,10919,123838,12.0
123,10920,123847,9.0
123,10921,123857,10.0
123,10922,123867,10.0
123,10923,123878,11.0
123,10924,123888,10.0
123,10925,123898,10.0
123,10926,123908,10.0
123,10927,123919,11.0
123,10928,123928,9.0
123,10929,123941,13.0
123,10930,123952,11.0
123,10931,123961,9.0
123,10932,123970,9.0
123,10933,123980,10.0
123,10934,123988,8.0
123,10935,123997,9.0
123,10936,124008,11.0
123,10937,124018,10.0
123,10938,124028,10.0
123,10939,124038,10.0
123,10940,124054,16.0
123,10941,124062,8.0
123,10942,124072,10.0
123,10943,124082,10.0
123,10944,124094,12.0
123,10945,124105,11.0
123,10946,124117,12.0
123,10947,124127,10.0
123,10948,124137,10.0
123,10949,124146,9.0
123,10950,124155,9.0
123,10951,124165,10.0
123,10952,124174,9.0
123,10953,124184,10.0
123,10954,124194,10.0
123,10955,124205,11.0
123,10956,124214,9.0
123,10957,124224,10.0
123,10958,124237,13.0
123,10959,124249,12.0
123,10960,124263,14.0
123,10961,124274,11.0
123,10962,124284,10.0
123,10963,124294,10.0
123,10964,124305,11.0
123,10965,124317,12.0
123,10966,124327,10.0
123,10967,124338,11.0
123,10968,124350,12.0
123,10969,124364,14.0
123,10970,124377,13.0
123,10971,124385,8.0
123,10972,124394,9.0
123,10973,124404,10.0
123,10974,124419,15.0
123,10975,124429,10.0
123,10976,124440,11.0
123,10977,124452,12.0
123,10978,124462,10.0
123,10979,124471,9.0
123,10980,124481,10.0
123,10981,124493,12.0
123,10982,124503,10.0
123,10983,124512,9.0
123,10984,124521,9.0
123,10985,124530,9.0
123,10986,124540,10.0
123,10987,124548,8.0
123,10988,124558,10.0
123,10989,124568,10.0
123,10990,124577,9.0
123,10991,124587,10.0
123,10992,124596,9.0
123,10993,124607,11.0
123,10994,124617,10.0
123,10995,124629,12.0
123,10996,124638,9.0
123,10997,124649,11.0
123,10998,124657,8.0
123,10999,124668,11.0
123,11000,124677,9.0
123,11001,124687,10.0
123,11002,124697,10.0
123,11003,124706,9.0
123,11004,124716,10.0
123,11005,124725,9.0
123,11006,124735,10.0
123,11007,124743,8.0
123,11008,124753,10.0
123,11009,124763,10.0
123,11010,124772,9.0
123,11011,124782,10.0
123,11012,124795,13.0
123,11013,124806,11.0
123,11014,124818,12.0
123,11015,124831,13.0
123,11016,124839,8.0
123,11017,124851,12.0
123,11018,124863,12.0
123,11019,124873,10.0
123,11020,124881,8.0
123,11021,124890,9.0
123,11022,124900,10.0
123,11023,124910,10.0
123,11024,124922,12.0
123,11025,124933,11.0
123,11026,124943,10.0
123,11027,124954,11.0
123,11028,124965,11.0
123,11029,124976,11.0
123,11030,124987,11.0
123,11031,124999,12.0
123,11032,125009,10.0
123,11033,125026,17.0
123,11034,125040,14.0
123,11035,125049,9.0
123,11036,125062,13.0
123,11037,125071,9.0
123,11038,125085,14.0
123,11039,125095,10.0
123,11040,125105,10.0
123,11041,125114,9.0
123,11042,125123,9.0
123,11043,125132,9.0
123,11044,125141,9.0
123,11045,125150,9.0
123,11046,125162,12.0
123,11047,125171,9.0
123,11048,125179,8.0
123,11049,125190,11.0
123,11050,125201,11.0
123,11051,125212,11.0
123,11052,125222,10.0
123,11053,125233,11.0
123,11054,125241,8.0
123,11055,125252,11.0
123,11056,125262,10.0
123,11057,125272,10.0
123,11058,125282,10.0
123,11059,125290,8.0
123,11060,125300,10.0
123,11061,125318,18.0
123,11062,125329,11.0
123,11063,125339,10.0
123,11064,125350,11.0
123,11065,125361,11.0
123,11066,125373,12.0
123,11067,125381,8.0
123,11068,125391,10.0
123,11069,125404,13.0
123,11070,125413,9.0
123,11071,125426,13.0
123,11072,125435,9.0
123,11073,125444,9.0
123,11074,125461,17.0
123,11075,125472,11.0
123,11076,125481,9.0
123,11077,125494,13.0
123,11078,125505,11.0
123,11079,125514,9.0
123,11080,125525,11.0
123,11081,125537,12.0
123,11082,125548,11.0
123,11083,125560,12.0
123,11084,125569,9.0
123,11085,125579,10.0
123,11086,125588,9.0
123,11087,125597,9.0
123,11088,125606,9.0
123,11089,125616,10.0
123,11090,125625,9.0
123,11091,125635,10.0
123,11092,125645,10.0
123,11093,125658,13.0
123,11094,125671,13.0
123,11095,125683,12.0
123,11096,125692,9.0
123,11097,125705,13.0
123,11098,125713,8.0
123,11099,125726,13.0
123,11100,125739,13.0
123,11101,125747,8.0
123,11102,125757,10.0
123,11103,125766,9.0
123,11104,125775,9.0
123,11105,125785,10.0
123,11106,125795,10.0
123,11107,125805,10.0
123,11108,125816,11.0
123,11109,125826,10.0
123,11110,125835,9.0
123,11111,125845,10.0
123,11112,125857,12.0
123,11113,125867,10.0
123,11114,125875,8.0
123,11115,125885,10.0
123,11116,125893,8.0
123,11117,125904,11.0
123,11118,125913,9.0
123,11119,125924,11.0
123,11120,125934,10.0
123,11121,125944,10.0
123,11122,125953,9.0
123,11123,125963,10.0
123,11124,125974,11.0
123,11125,125982,8.0
123,11126,125990,8.0
123,11127,126000,10.0
123,11128,126013,13.0
123,11129,126023,10.0
123,11130,126032,9.0
123,11131,126045,13.0
123,11132,126054,9.0
123,11133,126068,14.0
123,11134,126078,10.0
123,11135,126088,10.0
123,11136,126103,15.0
123,11137,126111,8.0
123,11138,126121,10.0
123,11139,126131,10.0
123,11140,126141,10.0
123,11141,126151,10.0
123,11142,126162,11.0
123,11143,126173,11.0
123,11144,126185,12.0
123,11145,126194,9.0
123,11146,126202,8.0
123,11147,126220,18.0
123,11148,126231,11.0
123,11149,126239,8.0
123,11150,126249,10.0
123,11151,126257,8.0
123,11152,126266,9.0
123,11153,126279,13.0
123,11154,126288,9.0
123,11155,126300,12.0
123,11156,126311,11.0
123,11157,126321,10.0
123,11158,126330,9.0
123,11159,126339,9.0
123,11160,126348,9.0
123,11161,126358,10.0
123,11162,126371,13.0
123,11163,126380,9.0
123,11164,126393,13.0
123,11165,126402,9.0
123,11166,126412,10.0
123,11167,126422,10.0
123,11168,126436,14.0
123,11169,126446,10.0
123,11170,126457,11.0
123,11171,126466,9.0
123,11172,126478,12.0
123,11173,126488,10.0
123,11174,126497,9.0
123,11175,126507,10.0
123,11176,126518,11.0
123,11177,126532,14.0
123,11178,126540,8.0
123,11179,126550,10.0
123,11180,126559,9.0
123,11181,126569,10.0
123,11182,126583,14.0
123,11183,126592,9.0
123,11184,126600,8.0
123,11185,126610,10.0
123,11186,126618,8.0
123,11187,126628,10.0
123,11188,126640,12.0
123,11189,126649,9.0
123,11190,126658,9.0
123,11191,126666,8.0
123,11192,126680,14.0
123,11193,126689,9.0
123,11194,126698,9.0
123,11195,126710,12.0
123,11196,126719,9.0
123,11197,126728,9.0
123,11198,126739,11.0
123,11199,126750,11.0
123,11200,126759,9.0
123,11201,126768,9.0
123,11202,126778,10.0
123,11203,126789,11.0
123,11204,126798,9.0
123,11205,126809,11.0
123,11206,126819,10.0
123,11207,126834,15.0
123,11208,126842,8.0
123,11209,126851,9.0
123,11210,126861,10.0
123,11211,126871,10.0
123,11212,126879,8.0
123,11213,126890,11.0
123,11214,126899,9.0
123,11215,126908,9.0
123,11216,126917,9.0
123,11217,126927,10.0
123,11218,126936,9.0
123,11219,126945,9.0
123,11220,126954,9.0
123,11221,126964,10.0
123,11222,126975,11.0
123,11223,126984,9.0
123,11224,126998,14.0
123,11225,127011,13.0
123,11226,127021,10.0
123,11227,127033,12.0
123,11228,127042,9.0
123,11229,127051,9.0
123,11230,127061,10.0
123,11231,127071,10.0
123,11232,127080,9.0
123,11233,127090,10.0
123,11234,127100,10.0
123,11235,127116,16.0
123,11236,127126,10.0
123,11237,127136,10.0
123,11238,127145,9.0
123,11239,127156,11.0
123,11240,127164,8.0
123,11241,127175,11.0
123,11242,127186,11.0
123,11243,127194,8.0
123,11244,127204,10.0
123,11245,127214,10.0
123,11246,127223,9.0
123,11247,127232,9.0
123,11248,127244,12.0
123,11249,127259,15.0
123,11250,127269,10.0
123,11251,127280,11.0
123,11252,127289,9.0
123,11253,127300,11.0
123,11254,127312,12.0
123,11255,127326,14.0
123,11256,127337,11.0
123,11257,127350,13.0
123,11258,127360,10.0
123,11259,127370,10.0
123,11260,127379,9.0
123,11261,127390,11.0
123,11262,127400,10.0
123,11263,127409,9.0
123,11264,127419,10.0
123,11265,127431,12.0
123,11266,127445,14.0
123,11267,127454,9.0
123,11268,127464,10.0
123,11269,127474,10.0
123,11270,127485,11.0
123,11271,127495,10.0
123,11272,127505,10.0
123,11273,127515,10.0
123,11274,127525,10.0
123,11275,127538,13.0
123,11276,127547,9.0
123,11277,127557,10.0
123,11278,127568,11.0
123,11279,127584,16.0
123,11280,127594,10.0
123,11281,127605,11.0
123,11282,127613,8.0
123,11283,127623,10.0
123,11284,127636,13.0
123,11285,127646,10.0
123,11286,127655,9.0
123,11287,127665,10.0
123,11288,127679,14.0
123,11289,127687,8.0
123,11290,127698,11.0
123,11291,127708,10.0
123,11292,127719,11.0
123,11293,127732,13.0
123,11294,127740,8.0
123,11295,127753,13.0
123,11296,127765,12.0
123,11297,127776,11.0
123,11298,127786,10.0
123,11299,127801,15.0
123,11300,127811,10.0
123,11301,127824,13.0
123,11302,127834,10.0
123,11303,127844,10.0
123,11304,127853,9.0
123,11305,127865,12.0
123,11306,127875,10.0
123,11307,127886,11.0
123,11308,127895,9.0
123,11309,127905,10.0
123,11310,127916,11.0
123,11311,127929,13.0
123,11312,127939,10.0
123,11313,127948,9.0
123,11314,127960,12.0
123,11315,127971,11.0
123,11316,127982,11.0
123,11317,127991,9.0
123,11318,128003,12.0
123,11319,128013,10.0
123,11320,128023,10.0
123,11321,128035,12.0
123,11322,128045,10.0
123,11323,128056,11.0
123,11324,128073,17.0
123,11325,128083,10.0
123,11326,128093,10.0
123,11327,128103,10.0
123,11328,128117,14.0
123,11329,128125,8.0
123,11330,128135,10.0
123,11331,128147,12.0
123,11332,128159,12.0
123,11333,128168,9.0
123,11334,128179,11.0
123,11335,128188,9.0
123,11336,128198,10.0
123,11337,128212,14.0
123,11338,128224,12.0
123,11339,128233,9.0
123,11340,128249,16.0
123,11341,128259,10.0
123,11342,128268,9.0
123,11343,128277,9.0
123,11344,128285,8.0
123,11345,128295,10.0
123,11346,128304,9.0
123,11347,128315,11.0
123,11348,128325,10.0
123,11349,128336,11.0
123,11350,128345,9.0
123,11351,128354,9.0
123,11352,128365,11.0
123,11353,128374,9.0
123,11354,128386,12.0
123,11355,128396,10.0
123,11356,128406,10.0
123,11357,128418,12.0
123,11358,128427,9.0
123,11359,128436,9.0
123,11360,128446,10.0
123,11361,128457,11.0
123,11362,128467,10.0
123,11363,128476,9.0
123,11364,128485,9.0
123,11365,128494,9.0
123,11366,128506,12.0
123,11367,128515,9.0
123,11368,128524,9.0
123,11369,128538,14.0
123,11370,128547,9.0
123,11371,128557,10.0
123,11372,128566,9.0
123,11373,128575,9.0
123,11374,128588,13.0
123,11375,128598,10.0
123,11376,128608,10.0
123,11377,128616,8.0
123,11378,128625,9.0
123,11379,128634,9.0
123,11380,128643,9.0
123,11381,128653,10.0
123,11382,128662,9.0
123,11383,128678,16.0
123,11384,128688,10.0
123,11385,128705,17.0
123,11386,128714,9.0
123,11387,128724,10.0
123,11388,128737,13.0
123,11389,128747,10.0
123,11390,128756,9.0
123,11391,128766,10.0
123,11392,128776,10.0
123,11393,128785,9.0
123,11394,128795,10.0
123,11395,128805,10.0
123,11396,128820,15.0
123,11397,128829,9.0
123,11398,128839,10.0
123,11399,128849,10.0
123,11400,128857,8.0
123,11401,128868,11.0
123,11402,128880,12.0
123,11403,128892,12.0
123,11404,128902,10.0
123,11405,128910,8.0
123,11406,128919,9.0
123,11407,128929,10.0
123,11408,128939,10.0
123,11409,128950,11.0
123,11410,128960,10.0
123,11411,128974,14.0
123,11412,128983,9.0
123,11413,128996,13.0
123,11414,129005,9.0
123,11415,129014,9.0
123,11416,129026,12.0
123,11417,129039,13.0
123,11418,129048,9.0
123,11419,129059,11.0
123,11420,129072,13.0
123,11421,129084,12.0
123,11422,129100,16.0
123,11423,129109,9.0
123,11424,129118,9.0
123,11425,129144,26.0
123,11426,129154,10.0
123,11427,129165,11.0
123,11428,129174,9.0
123,11429,129184,10.0
123,11430,129198,14.0
123,11431,129209,11.0
123,11432,129219,10.0
123,11433,129230,11.0
123,11434,129240,10.0
123,11435,129250,10.0
123,11436,129258,8.0
123,11437,129269,11.0
123,11438,129279,10.0
123,11439,129288,9.0
123,11440,129297,9.0
123,11441,129309,12.0
123,11442,129320,11.0
123,11443,129332,12.0
123,11444,129341,9.0
123,11445,129351,10.0
123,11446,129361,10.0
123,11447,129371,10.0
123,11448,129382,11.0
123,11449,129392,10.0
123,11450,129403,11.0
123,11451,129417,14.0
123,11452,129428,11.0
123,11453,129437,9.0
123,11454,129446,9.0
123,11455,129455,9.0
123,11456,129465,10.0
123,11457,129477,12.0
123,11458,129486,9.0
123,11459,129498,12.0
123,11460,129514,16.0
123,11461,129526,12.0
123,11462,129535,9.0
123,11463,129546,11.0
123,11464,129560,14.0
123,11465,129573,13.0
123,11466,129583,10.0
123,11467,129592,9.0
123,11468,129604,12.0
123,11469,129615,11.0
123,11470,129624,9.0
123,11471,129633,9.0
123,11472,129643,10.0
123,11473,129654,11.0
123,11474,129666,12.0
123,11475,129677,11.0
123,11476,129690,13.0
123,11477,129699,9.0
123,11478,129709,10.0
123,11479,129723,14.0
123,11480,129733,10.0
123,11481,129744,11.0
123,11482,129754,10.0
123,11483,129763,9.0
123,11484,129771,8.0
123,11485,129780,9.0
123,11486,129790,10.0
123,11487,129813,23.0
123,11488,129822,9.0
123,11489,129834,12.0
123,11490,129847,13.0
123,11491,129857,10.0
123,11492,129866,9.0
123,11493,129874,8.0
123,11494,129884,10.0
123,11495,129893,9.0
123,11496,129903,10.0
123,11497,129913,10.0
123,11498,129923,10.0
123,11499,129932,9.0
123,11500,129941,9.0
123,11501,129950,9.0
123,11502,129961,11.0
123,11503,129971,10.0
123,11504,129985,14.0
123,11505,129995,10.0
123,11506,130003,8.0
123,11507,130012,9.0
123,11508,130021,9.0
123,11509,130031,10.0
123,11510,130040,9.0
123,11511,130051,11.0
123,11512,130060,9.0
123,11513,130074,14.0
123,11514,130084,10.0
123,11515,130092,8.0
123,11516,130106,14.0
123,11517,130116,10.0
123,11518,130127,11.0
123,11519,130140,13.0
123,11520,130155,15.0
123,11521,130165,10.0
123,11522,130174,9.0
123,11523,130184,10.0
123,11524,130196,12.0
123,11525,130208,12.0
123,11526,130219,11.0
123,11527,130228,9.0
123,11528,130238,10.0
123,11529,130248,10.0
123,11530,130259,11.0
123,11531,130270,11.0
123,11532,130280,10.0
123,11533,130291,11.0
123,11534,130305,14.0
123,11535,130316,11.0
123,11536,130326,10.0
123,11537,130338,12.0
123,11538,130346,8.0
123,11539,130357,11.0
123,11540,130365,8.0
123,11541,130375,10.0
123,11542,130384,9.0
123,11543,130393,9.0
123,11544,130405,12.0
123,11545,130415,10.0
123,11546,130425,10.0
123,11547,130434,9.0
123,11548,130444,10.0
123,11549,130454,10.0
123,11550,130463,9.0
123,11551,130472,9.0
123,11552,130482,10.0
123,11553,130493,11.0
123,11554,130504,11.0
123,11555,130516,12.0
123,11556,130525,9.0
123,11557,130534,9.0
123,11558,130543,9.0
123,11559,130553,10.0
123,11560,130571,18.0
123,11561,130580,9.0
123,11562,130590,10.0
123,11563,130599,9.0
123,11564,130609,10.0
123,11565,130620,11.0
123,11566,130633,13.0
123,11567,130645,12.0
123,11568,130656,11.0
123,11569,130666,10.0
123,11570,130677,11.0
123,11571,130685,8.0
123,11572,130693,8.0
123,11573,130712,19.0
123,11574,130724,12.0
123,11575,130736,12.0
123,11576,130748,12.0
123,11577,130756,8.0
123,11578,130769,13.0
123,11579,130787,18.0
123,11580,130796,9.0
123,11581,130807,11.0
123,11582,130819,12.0
123,11583,130827,8.0
123,11584,130839,12.0
123,11585,130852,13.0
123,11586,130863,11.0
123,11587,130872,9.0
123,11588,130884,12.0
123,11589,130895,11.0
123,11590,130906,11.0
123,11591,130915,9.0
123,11592,130926,11.0
123,11593,130938,12.0
123,11594,130952,14.0
123,11595,130962,10.0
123,11596,130971,9.0
123,11597,130994,23.0
123,11598,131004,10.0
123,11599,131019,15.0
123,11600,131029,10.0
123,11601,131041,12.0
123,11602,131051,10.0
123,11603,131064,13.0
123,11604,131072,8.0
123,11605,131081,9.0
123,11606,131089,8.0
123,11607,131100,11.0
123,11608,131108,8.0
123,11609,131118,10.0
123,11610,131128,10.0
123,11611,131144,16.0
123,11612,131154,10.0
123,11613,131164,10.0
123,11614,131177,13.0
123,11615,131186,9.0
123,11616,131197,11.0
123,11617,131208,11.0
123,11618,131222,14.0
123,11619,131232,10.0
123,11620,131243,11.0
123,11621,131252,9.0
123,11622,131260,8.0
123,11623,131271,11.0
123,11624,131281,10.0
123,11625,131294,13.0
123,11626,131304,10.0
123,11627,131314,10.0
123,11628,131326,12.0
123,11629,131336,10.0
123,11630,131346,10.0
123,11631,131356,10.0
123,11632,131371,15.0
123,11633,131385,14.0
123,11634,131396,11.0
123,11635,131408,12.0
123,11636,131416,8.0
123,11637,131426,10.0
123,11638,131436,10.0
123,11639,131447,11.0
123,11640,131457,10.0
123,11641,131467,10.0
123,11642,131478,11.0
123,11643,131488,10.0
123,11644,131501,13.0
123,11645,131516,15.0
123,11646,131529,13.0
123,11647,131539,10.0
123,11648,131548,9.0
123,11649,131558,10.0
123,11650,131566,8.0
123,11651,131574,8.0
123,11652,131586,12.0
123,11653,131595,9.0
123,11654,131607,12.0
123,11655,131616,9.0
123,11656,131626,10.0
123,11657,131640,14.0
123,11658,131649,9.0
123,11659,131659,10.0
123,11660,131671,12.0
123,11661,131683,12.0
123,11662,131694,11.0
123,11663,131702,8.0
123,11664,131711,9.0
123,11665,131720,9.0
123,11666,131731,11.0
123,11667,131741,10.0
123,11668,131753,12.0
123,11669,131763,10.0
123,11670,131776,13.0
123,11671,131786,10.0
123,11672,131796,10.0
123,11673,131806,10.0
123,11674,131822,16.0
123,11675,131836,14.0
123,11676,131847,11.0
123,11677,131860,13.0
123,11678,131870,10.0
123,11679,131881,11.0
123,11680,131894,13.0
123,11681,131909,15.0
123,11682,131920,11.0
123,11683,131930,10.0
123,11684,131938,8.0
123,11685,131949,11.0
123,11686,131958,9.0
123,11687,131970,12.0
123,11688,131982,12.0
123,11689,132001,19.0
123,11690,132011,10.0
123,11691,132023,12.0
123,11692,132032,9.0
123,11693,132046,14.0
123,11694,132058,12.0
123,11695,132068,10.0
123,11696,132084,16.0
123,11697,132096,12.0
123,11698,132105,9.0
123,11699,132115,10.0
123,11700,132126,11.0
123,11701,132137,11.0
123,11702,132147,10.0
123,11703,132157,10.0
123,11704,132165,8.0
123,11705,132176,11.0
123,11706,132186,10.0
123,11707,132198,12.0
123,11708,132208,10.0
123,11709,132217,9.0
123,11710,132230,13.0
123,11711,132240,10.0
123,11712,132249,9.0
123,11713,132261,12.0
123,11714,132269,8.0
123,11715,132281,12.0
123,11716,132291,10.0
123,11717,132300,9.0
123,11718,132310,10.0
123,11719,132320,10.0
123,11720,132328,8.0
123,11721,132346,18.0
123,11722,132356,10.0
123,11723,132364,8.0
123,11724,132375,11.0
123,11725,132385,10.0
123,11726,132394,9.0
123,11727,132404,10.0
123,11728,132414,10.0
123,11729,132425,11.0
123,11730,132433,8.0
123,11731,132443,10.0
123,11732,132451,8.0
123,11733,132465,14.0
123,11734,132473,8.0
123,11735,132484,11.0
123,11736,132493,9.0
123,11737,132506,13.0
123,11738,132516,10.0
123,11739,132526,10.0
123,11740,132536,10.0
123,11741,132545,9.0
123,11742,132556,11.0
123,11743,132566,10.0
123,11744,132575,9.0
123,11745,132584,9.0
123,11746,132598,14.0
123,11747,132610,12.0
123,11748,132618,8.0
123,11749,132629,11.0
123,11750,132640,11.0
123,11751,132652,12.0
123,11752,132665,13.0
123,11753,132675,10.0
123,11754,132685,10.0
123,11755,132695,10.0
123,11756,132705,10.0
123,11757,132714,9.0
123,11758,132726,12.0
123,11759,132736,10.0
123,11760,132753,17.0
123,11761,132762,9.0
123,11762,132770,8.0
123,11763,132780,10.0
123,11764,132790,10.0
123,11765,132801,11.0
123,11766,132810,9.0
123,11767,132823,13.0
123,11768,132838,15.0
123,11769,132847,9.0
123,11770,132859,12.0
123,11771,132869,10.0
123,11772,132878,9.0
123,11773,132889,11.0
123,11774,132899,10.0
123,11775,132908,9.0
123,11776,132922,14.0
123,11777,132932,10.0
123,11778,132948,16.0
123,11779,132956,8.0
123,11780,132965,9.0
123,11781,132974,9.0
123,11782,132987,13.0
123,11783,132998,11.0
123,11784,133006,8.0
123,11785,133017,11.0
123,11786,133027,10.0
123,11787,133037,10.0
123,11788,133048,11.0
123,11789,133056,8.0
123,11790,133069,13.0
123,11791,133083,14.0
123,11792,133092,9.0
123,11793,133102,10.0
123,11794,133113,11.0
123,11795,133123,10.0
123,11796,133133,10.0
123,11797,133143,10.0
123,11798,133154,11.0
123,11799,133162,8.0
123,11800,133171,9.0
123,11801,133182,11.0
123,11802,133191,9.0
123,11803,133204,13.0
123,11804,133217,13.0
123,11805,133228,11.0
123,11806,133238,10.0
123,11807,133249,11.0
123,11808,133259,10.0
123,11809,133269,10.0
123,11810,133282,13.0
123,11811,133291,9.0
123,11812,133304,13.0
123,11813,133316,12.0
123,11814,133325,9.0
123,11815,133338,13.0
123,11816,133348,10.0
123,11817,133365,17.0
123,11818,133373,8.0
123,11819,133396,23.0
123,11820,133405,9.0
123,11821,133415,10.0
123,11822,133426,11.0
123,11823,133435,9.0
123,11824,133444,9.0
123,11825,133454,10.0
123,11826,133464,10.0
123,11827,133474,10.0
123,11828,133488,14.0
123,11829,133498,10.0
123,11830,133507,9.0
123,11831,133526,19.0
123,11832,133534,8.0
123,11833,133544,10.0
123,11834,133554,10.0
123,11835,133567,13.0
123,11836,133577,10.0
123,11837,133586,9.0
123,11838,133599,13.0
123,11839,133611,12.0
123,11840,133621,10.0
123,11841,133632,11.0
123,11842,133641,9.0
123,11843,133649,8.0
123,11844,133659,10.0
123,11845,133668,9.0
123,11846,133678,10.0
123,11847,133688,10.0
123,11848,133697,9.0
123,11849,133708,11.0
123,11850,133718,10.0
123,11851,133731,13.0
123,11852,133741,10.0
123,11853,133750,9.0
123,11854,133761,11.0
123,11855,133772,11.0
123,11856,133781,9.0
123,11857,133791,10.0
123,11858,133801,10.0
123,11859,133814,13.0
123,11860,133825,11.0
123,11861,133836,11.0
123,11862,133847,11.0
123,11863,133857,10.0
123,11864,133867,10.0
123,11865,133876,9.0
123,11866,133887,11.0
123,11867,133896,9.0
123,11868,133908,12.0
123,11869,133932,24.0
123,11870,133941,9.0
123,11871,133951,10.0
123,11872,133965,14.0
123,11873,133976,11.0
123,11874,133988,12.0
123,11875,133996,8.0
123,11876,134006,10.0
123,11877,134014,8.0
123,11878,134025,11.0
123,11879,134037,12.0
123,11880,134046,9.0
123,11881,134056,10.0
123,11882,134065,9.0
123,11883,134074,9.0
123,11884,134086,12.0
123,11885,134100,14.0
123,11886,134110,10.0
123,11887,134120,10.0
123,11888,134133,13.0
123,11889,134143,10.0
123,11890,134152,9.0
123,11891,134164,12.0
123,11892,134174,10.0
123,11893,134189,15.0
123,11894,134199,10.0
123,11895,134209,10.0
123,11896,134220,11.0
123,11897,134230,10.0
123,11898,134239,9.0
123,11899,134252,13.0
123,11900,134261,9.0
123,11901,134269,8.0
123,11902,134280,11.0
123,11903,134296,16.0
123,11904,134305,9.0
123,11905,134317,12.0
123,11906,134328,11.0
123,11907,134339,11.0
123,11908,134347,8.0
123,11909,134359,12.0
123,11910,134369,10.0
123,11911,134380,11.0
123,11912,134390,10.0
123,11913,134398,8.0
123,11914,134407,9.0
123,11915,134417,10.0
123,11916,134427,10.0
123,11917,134435,8.0
123,11918,134445,10.0
123,11919,134455,10.0
123,11920,134465,10.0
123,11921,134474,9.0
123,11922,134485,11.0
123,11923,134495,10.0
123,11924,134504,9.0
123,11925,134513,9.0
123,11926,134522,9.0
123,11927,134535,13.0
123,11928,134546,11.0
123,11929,134560,14.0
123,11930,134569,9.0
123,11931,134585,16.0
123,11932,134595,10.0
123,11933,134605,10.0
123,11934,134614,9.0
123,11935,134625,11.0
123,11936,134636,11.0
123,11937,134645,9.0
123,11938,134657,12.0
123,11939,134667,10.0
123,11940,134677,10.0
123,11941,134686,9.0
123,11942,134701,15.0
123,11943,134709,8.0
123,11944,134718,9.0
123,11945,134728,10.0
123,11946,134737,9.0
123,11947,134753,16.0
123,11948,134762,9.0
123,11949,134771,9.0
123,11950,134782,11.0
123,11951,134792,10.0
123,11952,134800,8.0
123,11953,134810,10.0
123,11954,134820,10.0
123,11955,134829,9.0
123,11956,134839,10.0
123,11957,134851,12.0
123,11958,134860,9.0
123,11959,134870,10.0
123,11960,134882,12.0
123,11961,134892,10.0
123,11962,134901,9.0
123,11963,134910,9.0
123,11964,134922,12.0
123,11965,134932,10.0
123,11966,134946,14.0
123,11967,134955,9.0
123,11968,134966,11.0
123,11969,134975,9.0
123,11970,134987,12.0
123,11971,134996,9.0
123,11972,135006,10.0
123,11973,135023,17.0
123,11974,135033,10.0
123,11975,135044,11.0
123,11976,135055,11.0
123,11977,135064,9.0
123,11978,135075,11.0
123,11979,135084,9.0
123,11980,135095,11.0
123,11981,135114,19.0
123,11982,135123,9.0
123,11983,135133,10.0
123,11984,135145,12.0
123,11985,135156,11.0
123,11986,135170,14.0
123,11987,135179,9.0
123,11988,135190,11.0
123,11989,135198,8.0
123,11990,135208,10.0
123,11991,135219,11.0
123,11992,135229,10.0
123,11993,135241,12.0
123,11994,135253,12.0
123,11995,135265,12.0
123,11996,135281,16.0
123,11997,135295,14.0
123,11998,135304,9.0
123,11999,135315,11.0
123,12000,135324,9.0
123,12001,135335,11.0
123,12002,135347,12.0
123,12003,135355,8.0
123,12004,135365,10.0
123,12005,135386,21.0
123,12006,135395,9.0
123,12007,135409,14.0
123,12008,135417,8.0
123,12009,135427,10.0
123,12010,135437,10.0
123,12011,135447,10.0
123,12012,135456,9.0
123,12013,135465,9.0
123,12014,135474,9.0
123,12015,135487,13.0
123,12016,135496,9.0
123,12017,135505,9.0
123,12018,135516,11.0
123,12019,135525,9.0
123,12020,135534,9.0
123,12021,135544,10.0
123,12022,135554,10.0
123,12023,135564,10.0
123,12024,135574,10.0
123,12025,135584,10.0
123,12026,135592,8.0
123,12027,135602,10.0
123,12028,135612,10.0
123,12029,135622,10.0
123,12030,135634,12.0
123,12031,135644,10.0
123,12032,135655,11.0
123,12033,135670,15.0
123,12034,135680,10.0
123,12035,135688,8.0
123,12036,135698,10.0
123,12037,135709,11.0
123,12038,135721,12.0
123,12039,135730,9.0
123,12040,135740,10.0
123,12041,135750,10.0
123,12042,135759,9.0
123,12043,135769,10.0
123,12044,135781,12.0
123,12045,135792,11.0
123,12046,135804,12.0
123,12047,135814,10.0
123,12048,135825,11.0
123,12049,135833,8.0
123,12050,135842,9.0
123,12051,135852,10.0
123,12052,135861,9.0
123,12053,135873,12.0
123,12054,135883,10.0
123,12055,135892,9.0
123,12056,135902,10.0
123,12057,135911,9.0
123,12058,135922,11.0
123,12059,135936,14.0
123,12060,135946,10.0
123,12061,135959,13.0
123,12062,135972,13.0
123,12063,135982,10.0
123,12064,135991,9.0
123,12065,136001,10.0
123,12066,136012,11.0
123,12067,136024,12.0
123,12068,136038,14.0
123,12069,136050,12.0
123,12070,136061,11.0
123,12071,136070,9.0
123,12072,136079,9.0
123,12073,136089,10.0
123,12074,136098,9.0
123,12075,136108,10.0
123,12076,136119,11.0
123,12077,136128,9.0
123,12078,136142,14.0
123,12079,136151,9.0
123,12080,136162,11.0
123,12081,136172,10.0
123,12082,136184,12.0
123,12083,136194,10.0
123,12084,136202,8.0
123,12085,136212,10.0
123,12086,136221,9.0
123,12087,136232,11.0
123,12088,136242,10.0
123,12089,136252,10.0
123,12090,136262,10.0
123,12091,136270,8.0
123,12092,136279,9.0
123,12093,136288,9.0
123,12094,136299,11.0
123,12095,136309,10.0
123,12096,136318,9.0
123,12097,136328,10.0
123,12098,136340,12.0
123,12099,136348,8.0
123,12100,136357,9.0
123,12101,136368,11.0
123,12102,136379,11.0
123,12103,136388,9.0
123,12104,136399,11.0
123,12105,136409,10.0
123,12106,136417,8.0
123,12107,136427,10.0
123,12108,136437,10.0
123,12109,136448,11.0
123,12110,136460,12.0
123,12111,136471,11.0
123,12112,136483,12.0
123,12113,136494,11.0
123,12114,136503,9.0
123,12115,136515,12.0
123,12116,136524,9.0
123,12117,136538,14.0
123,12118,136549,11.0
123,12119,136558,9.0
123,12120,136568,10.0
123,12121,136576,8.0
123,12122,136584,8.0
123,12123,136594,10.0
123,12124,136603,9.0
123,12125,136611,8.0
123,12126,136621,10.0
123,12127,136630,9.0
123,12128,136640,10.0
123,12129,136650,10.0
123,12130,136662,12.0
123,12131,136672,10.0
123,12132,136682,10.0
123,12133,136695,13.0
123,12134,136707,12.0
123,12135,136716,9.0
123,12136,136728,12.0
123,12137,136739,11.0
123,12138,136749,10.0
123,12139,136760,11.0
123,12140,136773,13.0
123,12141,136781,8.0
123,12142,136793,12.0
123,12143,136802,9.0
123,12144,136812,10.0
123,12145,136822,10.0
123,12146,136834,12.0
123,12147,136844,10.0
123,12148,136853,9.0
123,12149,136863,10.0
123,12150,136872,9.0
123,12151,136883,11.0
123,12152,136893,10.0
123,12153,136912,19.0
123,12154,136922,10.0
123,12155,136939,17.0
123,12156,136949,10.0
123,12157,136958,9.0
123,12158,136967,9.0
123,12159,136976,9.0
123,12160,136986,10.0
123,12161,136995,9.0
123,12162,137007,12.0
123,12163,137017,10.0
123,12164,137026,9.0
123,12165,137035,9.0
123,12166,137045,10.0
123,12167,137054,9.0
123,12168,137062,8.0
123,12169,137073,11.0
123,12170,137084,11.0
123,12171,137093,9.0
123,12172,137109,16.0
123,12173,137119,10.0
123,12174,137131,12.0
123,12175,137144,13.0
123,12176,137157,13.0
123,12177,137169,12.0
123,12178,137179,10.0
123,12179,137191,12.0
123,12180,137201,10.0
123,12181,137210,9.0
123,12182,137220,10.0
123,12183,137229,9.0
123,12184,137237,8.0
123,12185,137247,10.0
123,12186,137261,14.0
123,12187,137273,12.0
123,12188,137283,10.0
123,12189,137294,11.0
123,12190,137303,9.0
123,12191,137318,15.0
123,12192,137327,9.0
123,12193,137339,12.0
123,12194,137348,9.0
123,12195,137360,12.0
123,12196,137372,12.0
123,12197,137382,10.0
123,12198,137393,11.0
123,12199,137403,10.0
123,12200,137411,8.0
123,12201,137422,11.0
123,12202,137438,16.0
123,12203,137451,13.0
123,12204,137460,9.0
123,12205,137469,9.0
123,12206,137480,11.0
123,12207,137490,10.0
123,12208,137500,10.0
123,12209,137509,9.0
123,12210,137517,8.0
123,12211,137527,10.0
123,12212,137536,9.0
123,12213,137553,17.0
123,12214,137565,12.0
123,12215,137577,12.0
123,12216,137586,9.0
123,12217,137597,11.0
123,12218,137608,11.0
123,12219,137620,12.0
123,12220,137632,12.0
123,12221,137642,10.0
123,12222,137652,10.0
123,12223,137664,12.0
123,12224,137673,9.0
123,12225,137681,8.0
123,12226,137690,9.0
123,12227,137706,16.0
123,12228,137717,11.0
123,12229,137729,12.0
123,12230,137741,12.0
123,12231,137752,11.0
123,12232,137762,10.0
123,12233,137774,12.0
123,12234,137784,10.0
123,12235,137793,9.0
123,12236,137802,9.0
123,12237,137812,10.0
123,12238,137820,8.0
123,12239,137831,11.0
123,12240,137841,10.0
123,12241,137850,9.0
123,12242,137860,10.0
123,12243,137869,9.0
123,12244,137878,9.0
123,12245,137891,13.0
123,12246,137901,10.0
123,12247,137911,10.0
123,12248,137919,8.0
123,12249,137927,8.0
123,12250,137941,14.0
123,12251,137950,9.0
123,12252,137963,13.0
123,12253,137973,10.0
123,12254,137983,10.0
123,12255,137993,10.0
123,12256,138011,18.0
123,12257,138023,12.0
123,12258,138042,19.0
123,12259,138050,8.0
123,12260,138060,10.0
123,12261,138071,11.0
123,12262,138081,10.0
123,12263,138092,11.0
123,12264,138103,11.0
123,12265,138113,10.0
123,12266,138123,10.0
123,12267,138134,11.0
123,12268,138144,10.0
123,12269,138152,8.0
123,12270,138172,20.0
123,12271,138182,10.0
123,12272,138192,10.0
123,12273,138204,12.0
123,12274,138215,11.0
123,12275,138224,9.0
123,12276,138243,19.0
123,12277,138253,10.0
123,12278,138262,9.0
123,12279,138271,9.0
123,12280,138281,10.0
123,12281,138290,9.0
123,12282,138301,11.0
123,12283,138311,10.0
123,12284,138322,11.0
123,12285,138332,10.0
123,12286,138344,12.0
123,12287,138356,12.0
123,12288,138367,11.0
123,12289,138377,10.0
123,12290,138385,8.0
123,12291,138395,10.0
123,12292,138406,11.0
123,12293,138418,12.0
123,12294,138429,11.0
123,12295,138439,10.0
123,12296,138447,8.0
123,12297,138457,10.0
123,12298,138467,10.0
123,12299,138476,9.0
123,12300,138485,9.0
123,12301,138494,9.0
123,12302,138505,11.0
123,12303,138515,10.0
123,12304,138524,9.0
123,12305,138534,10.0
123,12306,138543,9.0
123,12307,138552,9.0
123,12308,138561,9.0
123,12309,138571,10.0
123,12310,138584,13.0
123,12311,138594,10.0
123,12312,138606,12.0
123,12313,138615,9.0
123,12314,138625,10.0
123,12315,138636,11.0
123,12316,138646,10.0
123,12317,138655,9.0
123,12318,138664,9.0
123,12319,138674,10.0
123,12320,138684,10.0
123,12321,138697,13.0
123,12322,138707,10.0
123,12323,138719,12.0
123,12324,138730,11.0
123,12325,138741,11.0
123,12326,138751,10.0
123,12327,138762,11.0
123,12328,138774,12.0
123,12329,138783,9.0
123,12330,138794,11.0
123,12331,138803,9.0
123,12332,138814,11.0
123,12333,138826,12.0
123,12334,138844,18.0
123,12335,138852,8.0
123,12336,138864,12.0
123,12337,138874,10.0
123,12338,138887,13.0
123,12339,138897,10.0
123,12340,138905,8.0
123,12341,138913,8.0
123,12342,138922,9.0
123,12343,138931,9.0
123,12344,138942,11.0
123,12345,138950,8.0
123,12346,138962,12.0
123,12347,138973,11.0
123,12348,138986,13.0
123,12349,139000,14.0
123,12350,139011,11.0
123,12351,139023,12.0
123,12352,139033,10.0
123,12353,139042,9.0
123,12354,139053,11.0
123,12355,139064,11.0
123,12356,139073,9.0
123,12357,139082,9.0
123,12358,139094,12.0
123,12359,139105,11.0
123,12360,139114,9.0
123,12361,139123,9.0
123,12362,139131,8.0
123,12363,139140,9.0
123,12364,139150,10.0
123,12365,139159,9.0
123,12366,139168,9.0
123,12367,139177,9.0
123,12368,139185,8.0
123,12369,139196,11.0
123,12370,139206,10.0
123,12371,139220,14.0
123,12372,139231,11.0
123,12373,139244,13.0
123,12374,139254,10.0
123,12375,139264,10.0
123,12376,139273,9.0
123,12377,139284,11.0
123,12378,139293,9.0
123,12379,139305,12.0
123,12380,139315,10.0
123,12381,139324,9.0
123,12382,139333,9.0
123,12383,139342,9.0
123,12384,139352,10.0
123,12385,139365,13.0
123,12386,139374,9.0
123,12387,139383,9.0
123,12388,139399,16.0
123,12389,139409,10.0
123,12390,139419,10.0
123,12391,139428,9.0
123,12392,139439,11.0
123,12393,139450,11.0
123,12394,139463,13.0
123,12395,139475,12.0
123,12396,139487,12.0
123,12397,139497,10.0
123,12398,139512,15.0
123,12399,139522,10.0
123,12400,139530,8.0
123,12401,139541,11.0
123,12402,139552,11.0
123,12403,139561,9.0
123,12404,139571,10.0
123,12405,139582,11.0
123,12406,139591,9.0
123,12407,139601,10.0
123,12408,139616,15.0
123,12409,139627,11.0
123,12410,139639,12.0
123,12411,139649,10.0
123,12412,139661,12.0
123,12413,139673,12.0
123,12414,139683,10.0
123,12415,139693,10.0
123,12416,139704,11.0
123,12417,139714,10.0
123,12418,139727,13.0
123,12419,139737,10.0
123,12420,139749,12.0
123,12421,139758,9.0
123,12422,139767,9.0
123,12423,139778,11.0
123,12424,139786,8.0
123,12425,139796,10.0
123,12426,139805,9.0
123,12427,139815,10.0
123,12428,139826,11.0
123,12429,139835,9.0
123,12430,139844,9.0
123,12431,139853,9.0
123,12432,139863,10.0
123,12433,139872,9.0
123,12434,139883,11.0
123,12435,139893,10.0
123,12436,139902,9.0
123,12437,139915,13.0
123,12438,139925,10.0
123,12439,139937,12.0
123,12440,139948,11.0
123,12441,139958,10.0
123,12442,139968,10.0
123,12443,139978,10.0
123,12444,139987,9.0
123,12445,139998,11.0
123,12446,140007,9.0
123,12447,140024,17.0
123,12448,140033,9.0
123,12449,140043,10.0
123,12450,140053,10.0
123,12451,140062,9.0
123,12452,140073,11.0
123,12453,140086,13.0
123,12454,140096,10.0
123,12455,140105,9.0
123,12456,140113,8.0
123,12457,140121,8.0
123,12458,140132,11.0
123,12459,140141,9.0
123,12460,140153,12.0
123,12461,140163,10.0
123,12462,140175,12.0
123,12463,140187,12.0
123,12464,140195,8.0
123,12465,140205,10.0
123,12466,140219,14.0
123,12467,140230,11.0
123,12468,140239,9.0
123,12469,140256,17.0
123,12470,140268,12.0
123,12471,140279,11.0
123,12472,140289,10.0
123,12473,140303,14.0
123,12474,140314,11.0
123,12475,140323,9.0
123,12476,140333,10.0
123,12477,140342,9.0
123,12478,140353,11.0
123,12479,140365,12.0
123,12480,140378,13.0
123,12481,140390,12.0
123,12482,140401,11.0
123,12483,140411,10.0
123,12484,140424,13.0
123,12485,140434,10.0
123,12486,140446,12.0
123,12487,140457,11.0
123,12488,140465,8.0
123,12489,140476,11.0
123,12490,140488,12.0
123,12491,140499,11.0
123,12492,140514,15.0
123,12493,140523,9.0
123,12494,140537,14.0
123,12495,140546,9.0
123,12496,140563,17.0
123,12497,140573,10.0
123,12498,140589,16.0
123,12499,140599,10.0
123,12500,140607,8.0
123,12501,140618,11.0
123,12502,140627,9.0
123,12503,140637,10.0
123,12504,140647,10.0
123,12505,140657,10.0
123,12506,140669,12.0
123,12507,140678,9.0
123,12508,140690,12.0
123,12509,140702,12.0
123,12510,140711,9.0
123,12511,140721,10.0
123,12512,140734,13.0
123,12513,140745,11.0
123,12514,140757,12.0
123,12515,140774,17.0
123,12516,140785,11.0
123,12517,140794,9.0
123,12518,140804,10.0
123,12519,140814,10.0
123,12520,140823,9.0
123,12521,140834,11.0
123,12522,140844,10.0
123,12523,140853,9.0
123,12524,140863,10.0
123,12525,140876,13.0
123,12526,140886,10.0
123,12527,140897,11.0
123,12528,140907,10.0
123,12529,140917,10.0
123,12530,140927,10.0
123,12531,140939,12.0
123,12532,140948,9.0
123,12533,140961,13.0
123,12534,140971,10.0
123,12535,140981,10.0
123,12536,140991,10.0
123,12537,141000,9.0
123,12538,141009,9.0
123,12539,141021,12.0
123,12540,141032,11.0
123,12541,141042,10.0
123,12542,141052,10.0
123,12543,141062,10.0
123,12544,141072,10.0
123,12545,141081,9.0
123,12546,141094,13.0
123,12547,141103,9.0
123,12548,141113,10.0
123,12549,141123,10.0
123,12550,141137,14.0
123,12551,141146,9.0
123,12552,141155,9.0
123,12553,141165,10.0
123,12554,141173,8.0
123,12555,141183,10.0
123,12556,141194,11.0
123,12557,141203,9.0
123,12558,141214,11.0
123,12559,141223,9.0
123,12560,141233,10.0
123,12561,141242,9.0
123,12562,141251,9.0
123,12563,141260,9.0
123,12564,141269,9.0
123,12565,141278,9.0
123,12566,141288,10.0
123,12567,141302,14.0
123,12568,141317,15.0
123,12569,141326,9.0
123,12570,141336,10.0
123,12571,141346,10.0
123,12572,141356,10.0
123,12573,141366,10.0
123,12574,141379,13.0
123,12575,141394,15.0
123,12576,141402,8.0
123,12577,141412,10.0
123,12578,141424,12.0
123,12579,141434,10.0
123,12580,141442,8.0
123,12581,141453,11.0
123,12582,141462,9.0
123,12583,141475,13.0
123,12584,141485,10.0
123,12585,141495,10.0
123,12586,141505,10.0
123,12587,141513,8.0
123,12588,141523,10.0
123,12589,141533,10.0
123,12590,141546,13.0
123,12591,141556,10.0
123,12592,141565,9.0
123,12593,141587,22.0
123,12594,141595,8.0
123,12595,141607,12.0
123,12596,141618,11.0
123,12597,141626,8.0
123,12598,141638,12.0
123,12599,141647,9.0
123,12600,141656,9.0
123,12601,141666,10.0
123,12602,141679,13.0
123,12603,141690,11.0
123,12604,141702,12.0
123,12605,141713,11.0
123,12606,141722,9.0
123,12607,141730,8.0
123,12608,141738,8.0
123,12609,141748,10.0
123,12610,141762,14.0
123,12611,141772,10.0
123,12612,141782,10.0
123,12613,141795,13.0
123,12614,141804,9.0
123,12615,141818,14.0
123,12616,141830,12.0
123,12617,141838,8.0
123,12618,141848,10.0
123,12619,141861,13.0
123,12620,141871,10.0
123,12621,141882,11.0
123,12622,141891,9.0
123,12623,141902,11.0
123,12624,141912,10.0
123,12625,141921,9.0
123,12626,141930,9.0
123,12627,141943,13.0
123,12628,141953,10.0
123,12629,141965,12.0
123,12630,141976,11.0
123,12631,141986,10.0
123,12632,141997,11.0
123,12633,142006,9.0
123,12634,142015,9.0
123,12635,142026,11.0
123,12636,142038,12.0
123,12637,142046,8.0
123,12638,142056,10.0
123,12639,142066,10.0
123,12640,142076,10.0
123,12641,142086,10.0
123,12642,142095,9.0
123,12643,142106,11.0
123,12644,142116,10.0
123,12645,142125,9.0
123,12646,142135,10.0
123,12647,142143,8.0
123,12648,142155,12.0
123,12649,142164,9.0
123,12650,142178,14.0
123,12651,142189,11.0
123,12652,142199,10.0
123,12653,142208,9.0
123,12654,142218,10.0
123,12655,142227,9.0
123,12656,142237,10.0
123,12657,142246,9.0
123,12658,142257,11.0
123,12659,142272,15.0
123,12660,142285,13.0
123,12661,142296,11.0
123,12662,142305,9.0
123,12663,142315,10.0
123,12664,142328,13.0
123,12665,142339,11.0
123,12666,142352,13.0
123,12667,142363,11.0
123,12668,142375,12.0
123,12669,142384,9.0
123,12670,142396,12.0
123,12671,142406,10.0
123,12672,142416,10.0
123,12673,142426,10.0
123,12674,142439,13.0
123,12675,142447,8.0
123,12676,142459,12.0
123,12677,142474,15.0
123,12678,142483,9.0
123,12679,142492,9.0
123,12680,142505,13.0
123,12681,142516,11.0
123,12682,142528,12.0
123,12683,142541,13.0
123,12684,142551,10.0
123,12685,142561,10.0
123,12686,142571,10.0
123,12687,142580,9.0
123,12688,142591,11.0
123,12689,142601,10.0
123,12690,142610,9.0
123,12691,142620,10.0
123,12692,142629,9.0
123,12693,142640,11.0
123,12694,142651,11.0
123,12695,142662,11.0
123,12696,142674,12.0
123,12697,142684,10.0
123,12698,142694,10.0
123,12699,142704,10.0
123,12700,142714,10.0
123,12701,142725,11.0
123,12702,142738,13.0
123,12703,142749,11.0
123,12704,142758,9.0
123,12705,142770,12.0
123,12706,142779,9.0
123,12707,142792,13.0
123,12708,142802,10.0
123,12709,142812,10.0
123,12710,142822,10.0
123,12711,142833,11.0
123,12712,142843,10.0
123,12713,142855,12.0
123,12714,142866,11.0
123,12715,142875,9.0
123,12716,142886,11.0
123,12717,142899,13.0
123,12718,142909,10.0
123,12719,142920,11.0
123,12720,142932,12.0
123,12721,142945,13.0
123,12722,142957,12.0
123,12723,142967,10.0
123,12724,142975,8.0
123,12725,142985,10.0
123,12726,142994,9.0
123,12727,143006,12.0
123,12728,143018,12.0
123,12729,143026,8.0
123,12730,143036,10.0
123,12731,143045,9.0
123,12732,143056,11.0
123,12733,143065,9.0
123,12734,143075,10.0
123,12735,143085,10.0
123,12736,143096,11.0
123,12737,143105,9.0
123,12738,143120,15.0
123,12739,143130,10.0
123,12740,143140,10.0
123,12741,143155,15.0
123,12742,143167,12.0
123,12743,143178,11.0
123,12744,143188,10.0
123,12745,143197,9.0
123,12746,143212,15.0
123,12747,143221,9.0
123,12748,143239,18.0
123,12749,143248,9.0
123,12750,143260,12.0
123,12751,143270,10.0
123,12752,143281,11.0
123,12753,143291,10.0
123,12754,143301,10.0
123,12755,143310,9.0
123,12756,143320,10.0
123,12757,143329,9.0
123,12758,143342,13.0
123,12759,143351,9.0
123,12760,143361,10.0
123,12761,143373,12.0
123,12762,143382,9.0
123,12763,143394,12.0
123,12764,143408,14.0
123,12765,143417,9.0
123,12766,143427,10.0
123,12767,143436,9.0
123,12768,143444,8.0
123,12769,143457,13.0
123,12770,143469,12.0
123,12771,143482,13.0
123,12772,143492,10.0
123,12773,143502,10.0
123,12774,143513,11.0
123,12775,143523,10.0
123,12776,143535,12.0
123,12777,143551,16.0
123,12778,143560,9.0
123,12779,143574,14.0
123,12780,143584,10.0
123,12781,143596,12.0
123,12782,143604,8.0
123,12783,143621,17.0
123,12784,143632,11.0
123,12785,143645,13.0
123,12786,143657,12.0
123,12787,143666,9.0
123,12788,143674,8.0
123,12789,143687,13.0
123,12790,143702,15.0
123,12791,143710,8.0
123,12792,143724,14.0
123,12793,143733,9.0
123,12794,143743,10.0
123,12795,143752,9.0
123,12796,143763,11.0
123,12797,143773,10.0
123,12798,143781,8.0
123,12799,143795,14.0
123,12800,143805,10.0
123,12801,143814,9.0
123,12802,143826,12.0
123,12803,143836,10.0
123,12804,143854,18.0
123,12805,143867,13.0
123,12806,143876,9.0
123,12807,143885,9.0
123,12808,143899,14.0
123,12809,143912,13.0
123,12810,143922,10.0
123,12811,143941,19.0
123,12812,143952,11.0
123,12813,143961,9.0
123,12814,143972,11.0
123,12815,143981,9.0
123,12816,143996,15.0
123,12817,144007,11.0
123,12818,144025,18.0
123,12819,144038,13.0
123,12820,144048,10.0
123,12821,144059,11.0
123,12822,144070,11.0
123,12823,144082,12.0
123,12824,144093,11.0
123,12825,144105,12.0
123,12826,144118,13.0
123,12827,144129,11.0
123,12828,144139,10.0
123,12829,144148,9.0
123,12830,144157,9.0
123,12831,144167,10.0
123,12832,144183,16.0
123,12833,144196,13.0
123,12834,144204,8.0
123,12835,144215,11.0
123,12836,144224,9.0
123,12837,144232,8.0
123,12838,144243,11.0
123,12839,144253,10.0
123,12840,144261,8.0
123,12841,144272,11.0
123,12842,144283,11.0
123,12843,144294,11.0
123,12844,144303,9.0
123,12845,144317,14.0
123,12846,144328,11.0
123,12847,144337,9.0
123,12848,144350,13.0
123,12849,144359,9.0
123,12850,144369,10.0
123,12851,144383,14.0
123,12852,144393,10.0
123,12853,144403,10.0
123,12854,144414,11.0
123,12855,144427,13.0
123,12856,144437,10.0
123,12857,144447,10.0
123,12858,144458,11.0
123,12859,144468,10.0
123,12860,144477,9.0
123,12861,144491,14.0
123,12862,144502,11.0
123,12863,144517,15.0
123,12864,144527,10.0
123,12865,144537,10.0
123,12866,144547,10.0
123,12867,144560,13.0
123,12868,144568,8.0
123,12869,144579,11.0
123,12870,144591,12.0
123,12871,144602,11.0
123,12872,144613,11.0
123,12873,144622,9.0
123,12874,144630,8.0
123,12875,144645,15.0
123,12876,144655,10.0
123,12877,144666,11.0
123,12878,144677,11.0
123,12879,144687,10.0
123,12880,144703,16.0
123,12881,144712,9.0
123,12882,144722,10.0
123,12883,144731,9.0
123,12884,144741,10.0
123,12885,144751,10.0
123,12886,144761,10.0
123,12887,144771,10.0
123,12888,144780,9.0
123,12889,144789,9.0
123,12890,144799,10.0
123,12891,144812,13.0
123,12892,144825,13.0
123,12893,144843,18.0
123,12894,144854,11.0
123,12895,144866,12.0
123,12896,144879,13.0
123,12897,144890,11.0
123,12898,144898,8.0
123,12899,144907,9.0
123,12900,144918,11.0
123,12901,144931,13.0
123,12902,144941,10.0
123,12903,144953,12.0
123,12904,144964,11.0
123,12905,144987,23.0
123,12906,145000,13.0
123,12907,145009,9.0
123,12908,145019,10.0
123,12909,145036,17.0
123,12910,145049,13.0
123,12911,145061,12.0
123,12912,145070,9.0
123,12913,145085,15.0
123,12914,145097,12.0
123,12915,145106,9.0
123,12916,145114,8.0
123,12917,145124,10.0
123,12918,145133,9.0
123,12919,145143,10.0
123,12920,145153,10.0
123,12921,145164,11.0
123,12922,145176,12.0
123,12923,145187,11.0
123,12924,145199,12.0
123,12925,145208,9.0
123,12926,145218,10.0
123,12927,145230,12.0
123,12928,145247,17.0
123,12929,145259,12.0
123,12930,145269,10.0
123,12931,145278,9.0
123,12932,145290,12.0
123,12933,145302,12.0
123,12934,145311,9.0
123,12935,145323,12.0
123,12936,145333,10.0
123,12937,145341,8.0
123,12938,145350,9.0
123,12939,145368,18.0
123,12940,145385,17.0
123,12941,145395,10.0
123,12942,145405,10.0
123,12943,145423,18.0
123,12944,145435,12.0
123,12945,145446,11.0
123,12946,145455,9.0
123,12947,145466,11.0
123,12948,145475,9.0
123,12949,145484,9.0
123,12950,145493,9.0
123,12951,145503,10.0
123,12952,145512,9.0
123,12953,145523,11.0
123,12954,145534,11.0
123,12955,145545,11.0
123,12956,145559,14.0
123,12957,145569,10.0
123,12958,145582,13.0
123,12959,145591,9.0
123,12960,145600,9.0
123,12961,145615,15.0
123,12962,145625,10.0
123,12963,145635,10.0
123,12964,145646,11.0
123,12965,145656,10.0
123,12966,145667,11.0
123,12967,145681,14.0
123,12968,145690,9.0
123,12969,145700,10.0
123,12970,145710,10.0
123,12971,145721,11.0
123,12972,145732,11.0
123,12973,145743,11.0
123,12974,145753,10.0
123,12975,145765,12.0
123,12976,145776,11.0
123,12977,145785,9.0
123,12978,145797,12.0
123,12979,145806,9.0
123,12980,145827,21.0
123,12981,145835,8.0
123,12982,145844,9.0
123,12983,145857,13.0
123,12984,145878,21.0
123,12985,145888,10.0
123,12986,145898,10.0
123,12987,145913,15.0
123,12988,145923,10.0
123,12989,145932,9.0
123,12990,145943,11.0
123,12991,145952,9.0
123,12992,145962,10.0
123,12993,145971,9.0
123,12994,145981,10.0
123,12995,145990,9.0
123,12996,146010,20.0
123,12997,146022,12.0
123,12998,146032,10.0
123,12999,146041,9.0
123,13000,146054,13.0
123,13001,146066,12.0
123,13002,146080,14.0
123,13003,146091,11.0
123,13004,146101,10.0
123,13005,146111,10.0
123,13006,146120,9.0
123,13007,146130,10.0
123,13008,146145,15.0
123,13009,146157,12.0
123,13010,146169,12.0
123,13011,146179,10.0
123,13012,146189,10.0
123,13013,146199,10.0
123,13014,146207,8.0
123,13015,146217,10.0
123,13016,146237,20.0
123,13017,146247,10.0
123,13018,146259,12.0
123,13019,146269,10.0
123,13020,146280,11.0
123,13021,146289,9.0
123,13022,146298,9.0
123,13023,146308,10.0
123,13024,146317,9.0
123,13025,146327,10.0
123,13026,146337,10.0
123,13027,146349,12.0
123,13028,146357,8.0
123,13029,146371,14.0
123,13030,146381,10.0
123,13031,146389,8.0
123,13032,146398,9.0
123,13033,146412,14.0
123,13034,146421,9.0
123,13035,146431,10.0
123,13036,146441,10.0
123,13037,146453,12.0
123,13038,146463,10.0
123,13039,146471,8.0
123,13040,146482,11.0
123,13041,146491,9.0
123,13042,146501,10.0
123,13043,146512,11.0
123,13044,146522,10.0
123,13045,146531,9.0
123,13046,146541,10.0
123,13047,146551,10.0
123,13048,146563,12.0
123,13049,146573,10.0
123,13050,146582,9.0
123,13051,146590,8.0
123,13052,146603,13.0
123,13053,146614,11.0
123,13054,146627,13.0
123,13055,146637,10.0
123,13056,146649,12.0
123,13057,146662,13.0
123,13058,146672,10.0
123,13059,146683,11.0
123,13060,146692,9.0
123,13061,146702,10.0
123,13062,146714,12.0
123,13063,146722,8.0
123,13064,146737,15.0
123,13065,146748,11.0
123,13066,146757,9.0
123,13067,146768,11.0
123,13068,146777,9.0
123,13069,146788,11.0
123,13070,146797,9.0
123,13071,146806,9.0
123,13072,146816,10.0
123,13073,146826,10.0
123,13074,146837,11.0
123,13075,146845,8.0
123,13076,146856,11.0
123,13077,146866,10.0
123,13078,146875,9.0
123,13079,146884,9.0
123,13080,146894,10.0
123,13081,146904,10.0
123,13082,146913,9.0
123,13083,146922,9.0
123,13084,146932,10.0
123,13085,146942,10.0
123,13086,146950,8.0
123,13087,146960,10.0
123,13088,146972,12.0
123,13089,146984,12.0
123,13090,146993,9.0
123,13091,147003,10.0
123,13092,147017,14.0
123,13093,147028,11.0
123,13094,147040,12.0
123,13095,147049,9.0
123,13096,147058,9.0
123,13097,147069,11.0
123,13098,147081,12.0
123,13099,147089,8.0
123,13100,147108,19.0
123,13101,147118,10.0
123,13102,147127,9.0
123,13103,147141,14.0
123,13104,147150,9.0
123,13105,147159,9.0
123,13106,147168,9.0
123,13107,147179,11.0
123,13108,147188,9.0
123,13109,147197,9.0
123,13110,147207,10.0
123,13111,147216,9.0
123,13112,147226,10.0
123,13113,147236,10.0
123,13114,147244,8.0
123,13115,147256,12.0
123,13116,147265,9.0
123,13117,147280,15.0
123,13118,147289,9.0
123,13119,147299,10.0
123,13120,147311,12.0
123,13121,147324,13.0
123,13122,147334,10.0
123,13123,147346,12.0
123,13124,147363,17.0
123,13125,147375,12.0
123,13126,147387,12.0
123,13127,147396,9.0
123,13128,147406,10.0
123,13129,147415,9.0
123,13130,147427,12.0
123,13131,147436,9.0
123,13132,147447,11.0
123,13133,147460,13.0
123,13134,147470,10.0
123,13135,147479,9.0
123,13136,147489,10.0
123,13137,147499,10.0
123,13138,147509,10.0
123,13139,147520,11.0
123,13140,147531,11.0
123,13141,147541,10.0
123,13142,147550,9.0
123,13143,147562,12.0
123,13144,147576,14.0
123,13145,147586,10.0
123,13146,147596,10.0
123,13147,147606,10.0
123,13148,147616,10.0
123,13149,147626,10.0
123,13150,147636,10.0
123,13151,147647,11.0
123,13152,147656,9.0
123,13153,147666,10.0
123,13154,147676,10.0
123,13155,147684,8.0
123,13156,147693,9.0
123,13157,147703,10.0
123,13158,147721,18.0
123,13159,147730,9.0
123,13160,147745,15.0
123,13161,147754,9.0
123,13162,147766,12.0
123,13163,147777,11.0
123,13164,147789,12.0
123,13165,147799,10.0
123,13166,147807,8.0
123,13167,147815,8.0
123,13168,147825,10.0
123,13169,147835,10.0
123,13170,147849,14.0
123,13171,147876,27.0
123,13172,147885,9.0
123,13173,147895,10.0
123,13174,147905,10.0
123,13175,147916,11.0
123,13176,147926,10.0
123,13177,147936,10.0
123,13178,147945,9.0
123,13179,147955,10.0
123,13180,147965,10.0
123,13181,147977,12.0
123,13182,147986,9.0
123,13183,147999,13.0
123,13184,148008,9.0
123,13185,148020,12.0
123,13186,148030,10.0
123,13187,148043,13.0
123,13188,148052,9.0
123,13189,148061,9.0
123,13190,148073,12.0
123,13191,148083,10.0
123,13192,148092,9.0
123,13193,148104,12.0
123,13194,148115,11.0
123,13195,148130,15.0
123,13196,148146,16.0
123,13197,148158,12.0
123,13198,148171,13.0
123,13199,148183,12.0
123,13200,148194,11.0
123,13201,148203,9.0
123,13202,148212,9.0
123,13203,148224,12.0
123,13204,148234,10.0
123,13205,148246,12.0
123,13206,148256,10.0
123,13207,148264,8.0
123,13208,148276,12.0
123,13209,148292,16.0
123,13210,148307,15.0
123,13211,148318,11.0
123,13212,148331,13.0
123,13213,148341,10.0
123,13214,148352,11.0
123,13215,148362,10.0
123,13216,148374,12.0
123,13217,148386,12.0
123,13218,148399,13.0
123,13219,148407,8.0
123,13220,148417,10.0
123,13221,148426,9.0
123,13222,148437,11.0
123,13223,148447,10.0
123,13224,148457,10.0
123,13225,148466,9.0
123,13226,148476,10.0
123,13227,148486,10.0
123,13228,148498,12.0
123,13229,148507,9.0
123,13230,148520,13.0
123,13231,148532,12.0
123,13232,148545,13.0
123,13233,148555,10.0
123,13234,148567,12.0
123,13235,148575,8.0
123,13236,148584,9.0
123,13237,148595,11.0
123,13238,148608,13.0
123,13239,148618,10.0
123,13240,148627,9.0
123,13241,148636,9.0
123,13242,148646,10.0
123,13243,148656,10.0
123,13244,148666,10.0
123,13245,148680,14.0
123,13246,148689,9.0
123,13247,148699,10.0
123,13248,148709,10.0
123,13249,148721,12.0
123,13250,148735,14.0
123,13251,148744,9.0
123,13252,148753,9.0
123,13253,148766,13.0
123,13254,148778,12.0
123,13255,148795,17.0
123,13256,148809,14.0
123,13257,148818,9.0
123,13258,148828,10.0
123,13259,148837,9.0
123,13260,148848,11.0
123,13261,148859,11.0
123,13262,148868,9.0
123,13263,148880,12.0
123,13264,148890,10.0
123,13265,148898,8.0
123,13266,148908,10.0
123,13267,148917,9.0
123,13268,148927,10.0
123,13269,148937,10.0
123,13270,148950,13.0
123,13271,148962,12.0
123,13272,148971,9.0
123,13273,148982,11.0
123,13274,148994,12.0
123,13275,149004,10.0
123,13276,149014,10.0
123,13277,149023,9.0
123,13278,149033,10.0
123,13279,149042,9.0
123,13280,149052,10.0
123,13281,149061,9.0
123,13282,149072,11.0
123,13283,149084,12.0
123,13284,149092,8.0
123,13285,149102,10.0
123,13286,149113,11.0
123,13287,149127,14.0
123,13288,149139,12.0
123,13289,149149,10.0
123,13290,149160,11.0
123,13291,149172,12.0
123,13292,149185,13.0
123,13293,149195,10.0
123,13294,149205,10.0
123,13295,149224,19.0
123,13296,149234,10.0
123,13297,149244,10.0
123,13298,149258,14.0
123,13299,149268,10.0
123,13300,149281,13.0
123,13301,149291,10.0
123,13302,149301,10.0
123,13303,149312,11.0
123,13304,149324,12.0
123,13305,149336,12.0
123,13306,149351,15.0
123,13307,149361,10.0
123,13308,149377,16.0
123,13309,149390,13.0
123,13310,149401,11.0
123,13311,149410,9.0
123,13312,149419,9.0
123,13313,149432,13.0
123,13314,149442,10.0
123,13315,149452,10.0
123,13316,149469,17.0
123,13317,149484,15.0
123,13318,149493,9.0
123,13319,149506,13.0
123,13320,149514,8.0
123,13321,149524,10.0
123,13322,149535,11.0
123,13323,149544,9.0
123,13324,149554,10.0
123,13325,149564,10.0
123,13326,149577,13.0
123,13327,149593,16.0
123,13328,149601,8.0
123,13329,149612,11.0
123,13330,149622,10.0
123,13331,149630,8.0
123,13332,149638,8.0
123,13333,149646,8.0
123,13334,149655,9.0
123,13335,149664,9.0
123,13336,149674,10.0
123,13337,149686,12.0
123,13338,149696,10.0
123,13339,149706,10.0
123,13340,149714,8.0
123,13341,149725,11.0
123,13342,149735,10.0
123,13343,149747,12.0
123,13344,149763,16.0
123,13345,149774,11.0
123,13346,149786,12.0
123,13347,149795,9.0
123,13348,149805,10.0
123,13349,149815,10.0
123,13350,149825,10.0
123,13351,149834,9.0
123,13352,149842,8.0
123,13353,149856,14.0
123,13354,149867,11.0
123,13355,149877,10.0
123,13356,149887,10.0
123,13357,149898,11.0
123,13358,149908,10.0
123,13359,149917,9.0
123,13360,149932,15.0
123,13361,149942,10.0
123,13362,149951,9.0
123,13363,149961,10.0
123,13364,149970,9.0
123,13365,149983,13.0
123,13366,150000,17.0
