seed,episode,total_steps,return
42,1,10,10.0
42,2,28,18.0
42,3,63,35.0
42,4,75,12.0
42,5,96,21.0
42,6,112,16.0
42,7,131,19.0
42,8,141,10.0
42,9,168,27.0
42,10,192,24.0
42,11,206,14.0
42,12,216,10.0
42,13,238,22.0
42,14,265,27.0
42,15,299,34.0
42,16,331,32.0
42,17,352,21.0
42,18,374,22.0
42,19,416,42.0
42,20,431,15.0
42,21,451,20.0
42,22,464,13.0
42,23,494,30.0
42,24,506,12.0
42,25,543,37.0
42,26,571,28.0
42,27,587,16.0
42,28,641,54.0
42,29,658,17.0
42,30,670,12.0
42,31,691,21.0
42,32,705,14.0
42,33,744,39.0
42,34,758,14.0
42,35,770,12.0
42,36,792,22.0
42,37,830,38.0
42,38,847,17.0
42,39,862,15.0
42,40,877,15.0
42,41,895,18.0
42,42,913,18.0
42,43,933,20.0
42,44,946,13.0
42,45,976,30.0
42,46,989,13.0
42,47,1024,35.0
42,48,1061,37.0
42,49,1092,31.0
42,50,1105,13.0
42,51,1125,20.0
42,52,1148,23.0
42,53,1196,48.0
42,54,1224,28.0
42,55,1244,20.0
42,56,1261,17.0
42,57,1283,22.0
42,58,1306,23.0
42,59,1322,16.0
42,60,1348,26.0
42,61,1368,20.0
42,62,1379,11.0
42,63,1390,11.0
42,64,1402,12.0
42,65,1422,20.0
42,66,1475,53.0
42,67,1490,15.0
42,68,1503,13.0
42,69,1521,18.0
42,70,1561,40.0
42,71,1573,12.0
42,72,1586,13.0
42,73,1602,16.0
42,74,1630,28.0
42,75,1644,14.0
42,76,1667,23.0
42,77,1684,17.0
42,78,1739,55.0
42,79,1752,13.0
42,80,1769,17.0
42,81,1796,27.0
42,82,1823,27.0
42,83,1836,13.0
42,84,1854,18.0
42,85,1866,12.0
42,86,1894,28.0
42,87,1910,16.0
42,88,1919,9.0
42,89,1940,21.0
42,90,1961,21.0
42,91,1972,11.0
42,92,2012,40.0
42,93,2025,13.0
42,94,2035,10.0
42,95,2057,22.0
42,96,2076,19.0
42,97,2096,20.0
42,98,2107,11.0
42,99,2131,24.0
42,100,2141,10.0
42,101,2158,17.0
42,102,2174,16.0
42,103,2191,17.0
42,104,2205,14.0
42,105,2217,12.0
42,106,2229,12.0
42,107,2249,20.0
42,108,2273,24.0
42,109,2296,23.0
42,110,2312,16.0
42,111,2335,23.0
42,112,2357,22.0
42,113,2398,41.0
42,114,2426,28.0
42,115,2530,104.0
42,116,2545,15.0
42,117,2559,14.0
42,118,2588,29.0
42,119,2610,22.0
42,120,2630,20.0
42,121,2644,14.0
42,122,2663,19.0
42,123,2674,11.0
42,124,2687,13.0
42,125,2700,13.0
42,126,2726,26.0
42,127,2744,18.0
42,128,2754,10.0
42,129,2765,11.0
42,130,2794,29.0
42,131,2818,24.0
42,132,2832,14.0
42,133,2847,15.0
42,134,2891,44.0
42,135,2903,12.0
42,136,2920,17.0
42,137,2952,32.0
42,138,2963,11.0
42,139,2986,23.0
42,140,2996,10.0
42,141,3014,18.0
42,142,3027,13.0
42,143,3059,32.0
42,144,3075,16.0
42,145,3088,13.0
42,146,3098,10.0
42,147,3111,13.0
42,148,3123,12.0
42,149,3140,17.0
42,150,3154,14.0
42,151,3165,11.0
42,152,3190,25.0
42,153,3209,19.0
42,154,3232,23.0
42,155,3244,12.0
42,156,3257,13.0
42,157,3285,28.0
42,158,3301,16.0
42,159,3328,27.0
42,160,3347,19.0
42,161,3358,11.0
42,162,3373,15.0
42,163,3409,36.0
42,164,3430,21.0
42,165,3441,11.0
42,166,3519,78.0
42,167,3533,14.0
42,168,3548,15.0
42,169,3560,12.0
42,170,3573,13.0
42,171,3589,16.0
42,172,3608,19.0
42,173,3639,31.0
42,174,3649,10.0
42,175,3662,13.0
42,176,3675,13.0
42,177,3696,21.0
42,178,3723,27.0
42,179,3735,12.0
42,180,3749,14.0
42,181,3764,15.0
42,182,3782,18.0
42,183,3807,25.0
42,184,3822,15.0
42,185,3843,21.0
42,186,3875,32.0
42,187,3893,18.0
42,188,3906,13.0
42,189,3917,11.0
42,190,3934,17.0
42,191,3950,16.0
42,192,3974,24.0
42,193,3985,11.0
42,194,4010,25.0
42,195,4030,20.0
42,196,4055,25.0
42,197,4084,29.0
42,198,4097,13.0
42,199,4114,17.0
42,200,4141,27.0
42,201,4160,19.0
42,202,4173,13.0
42,203,4216,43.0
42,204,4229,13.0
42,205,4263,34.0
42,206,4273,10.0
42,207,4284,11.0
42,208,4301,17.0
42,209,4366,65.0
42,210,4381,15.0
42,211,4397,16.0
42,212,4419,22.0
42,213,4435,16.0
42,214,4449,14.0
42,215,4465,16.0
42,216,4474,9.0
42,217,4496,22.0
42,218,4514,18.0
42,219,4533,19.0
42,220,4548,15.0
42,221,4559,11.0
42,222,4589,30.0
42,223,4603,14.0
42,224,4615,12.0
42,225,4626,11.0
42,226,4647,21.0
42,227,4655,8.0
42,228,4686,31.0
42,229,4703,17.0
42,230,4719,16.0
42,231,4762,43.0
42,232,4778,16.0
42,233,4792,14.0
42,234,4815,23.0
42,235,4836,21.0
42,236,4904,68.0
42,237,4920,16.0
42,238,4950,30.0
42,239,4965,15.0
42,240,4993,28.0
42,241,5017,24.0
42,242,5036,19.0
42,243,5051,15.0
42,244,5085,34.0
42,245,5101,16.0
42,246,5122,21.0
42,247,5133,11.0
42,248,5144,11.0
42,249,5158,14.0
42,250,5181,23.0
42,251,5208,27.0
42,252,5227,19.0
42,253,5240,13.0
42,254,5265,25.0
42,255,5281,16.0
42,256,5339,58.0
42,257,5351,12.0
42,258,5378,27.0
42,259,5398,20.0
42,260,5411,13.0
42,261,5445,34.0
42,262,5469,24.0
42,263,5486,17.0
42,264,5522,36.0
42,265,5536,14.0
42,266,5548,12.0
42,267,5562,14.0
42,268,5577,15.0
42,269,5590,13.0
42,270,5605,15.0
42,271,5630,25.0
42,272,5640,10.0
42,273,5651,11.0
42,274,5695,44.0
42,275,5705,10.0
42,276,5728,23.0
42,277,5745,17.0
42,278,5755,10.0
42,279,5775,20.0
42,280,5788,13.0
42,281,5801,13.0
42,282,5815,14.0
42,283,5833,18.0
42,284,5859,26.0
42,285,5876,17.0
42,286,5893,17.0
42,287,5905,12.0
42,288,5928,23.0
42,289,5960,32.0
42,290,5986,26.0
42,291,6024,38.0
42,292,6039,15.0
42,293,6062,23.0
42,294,6087,25.0
42,295,6115,28.0
42,296,6127,12.0
42,297,6162,35.0
42,298,6170,8.0
42,299,6180,10.0
42,300,6202,22.0
42,301,6232,30.0
42,302,6241,9.0
42,303,6263,22.0
42,304,6286,23.0
42,305,6314,28.0
42,306,6330,16.0
42,307,6368,38.0
42,308,6379,11.0
42,309,6394,15.0
42,310,6407,13.0
42,311,6439,32.0
42,312,6458,19.0
42,313,6484,26.0
42,314,6494,10.0
42,315,6508,14.0
42,316,6523,15.0
42,317,6538,15.0
42,318,6557,19.0
42,319,6573,16.0
42,320,6591,18.0
42,321,6602,11.0
42,322,6626,24.0
42,323,6642,16.0
42,324,6656,14.0
42,325,6670,14.0
42,326,6694,24.0
42,327,6705,11.0
42,328,6723,18.0
42,329,6745,22.0
42,330,6758,13.0
42,331,6778,20.0
42,332,6813,35.0
42,333,6849,36.0
42,334,6884,35.0
42,335,6897,13.0
42,336,6906,9.0
42,337,6920,14.0
42,338,6942,22.0
42,339,6952,10.0
42,340,6974,22.0
42,341,7003,29.0
42,342,7031,28.0
42,343,7056,25.0
42,344,7070,14.0
42,345,7090,20.0
42,346,7114,24.0
42,347,7145,31.0
42,348,7176,31.0
42,349,7220,44.0
42,350,7230,10.0
42,351,7242,12.0
42,352,7264,22.0
42,353,7282,18.0
42,354,7294,12.0
42,355,7336,42.0
42,356,7358,22.0
42,357,7371,13.0
42,358,7386,15.0
42,359,7399,13.0
42,360,7410,11.0
42,361,7426,16.0
42,362,7442,16.0
42,363,7456,14.0
42,364,7465,9.0
42,365,7504,39.0
42,366,7518,14.0
42,367,7531,13.0
42,368,7544,13.0
42,369,7560,16.0
42,370,7575,15.0
42,371,7590,15.0
42,372,7608,18.0
42,373,7625,17.0
42,374,7640,15.0
42,375,7662,22.0
42,376,7682,20.0
42,377,7697,15.0
42,378,7710,13.0
42,379,7735,25.0
42,380,7750,15.0
42,381,7759,9.0
42,382,7768,9.0
42,383,7782,14.0
42,384,7794,12.0
42,385,7814,20.0
42,386,7829,15.0
42,387,7852,23.0
42,388,7867,15.0
42,389,7878,11.0
42,390,7904,26.0
42,391,7932,28.0
42,392,7970,38.0
42,393,7988,18.0
42,394,8037,49.0
42,395,8083,46.0
42,396,8109,26.0
42,397,8118,9.0
42,398,8128,10.0
42,399,8145,17.0
42,400,8169,24.0
42,401,8192,23.0
42,402,8236,44.0
42,403,8250,14.0
42,404,8276,26.0
42,405,8295,19.0
42,406,8324,29.0
42,407,8337,13.0
42,408,8380,43.0
42,409,8402,22.0
42,410,8419,17.0
42,411,8429,10.0
42,412,8446,17.0
42,413,8463,17.0
42,414,8475,12.0
42,415,8500,25.0
42,416,8528,28.0
42,417,8577,49.0
42,418,8600,23.0
42,419,8612,12.0
42,420,8650,38.0
42,421,8685,35.0
42,422,8694,9.0
42,423,8711,17.0
42,424,8742,31.0
42,425,8770,28.0
42,426,8803,33.0
42,427,8814,11.0
42,428,8827,13.0
42,429,8840,13.0
42,430,8860,20.0
42,431,8878,18.0
42,432,8899,21.0
42,433,8938,39.0
42,434,8950,12.0
42,435,8959,9.0
42,436,8984,25.0
42,437,9026,42.0
42,438,9043,17.0
42,439,9086,43.0
42,440,9098,12.0
42,441,9126,28.0
42,442,9187,61.0
42,443,9201,14.0
42,444,9213,12.0
42,445,9238,25.0
42,446,9268,30.0
42,447,9286,18.0
42,448,9306,20.0
42,449,9317,11.0
42,450,9328,11.0
42,451,9343,15.0
42,452,9375,32.0
42,453,9387,12.0
42,454,9402,15.0
42,455,9423,21.0
42,456,9437,14.0
42,457,9455,18.0
42,458,9473,18.0
42,459,9506,33.0
42,460,9519,13.0
42,461,9539,20.0
42,462,9559,20.0
42,463,9574,15.0
42,464,9595,21.0
42,465,9612,17.0
42,466,9636,24.0
42,467,9647,11.0
42,468,9659,12.0
42,469,9707,48.0
42,470,9721,14.0
42,471,9749,28.0
42,472,9762,13.0
42,473,9801,39.0
42,474,9826,25.0
42,475,9848,22.0
42,476,9860,12.0
42,477,9882,22.0
42,478,9896,14.0
42,479,9912,16.0
42,480,9929,17.0
42,481,9942,13.0
42,482,9957,15.0
42,483,9975,18.0
42,484,9991,16.0
42,485,10004,13.0
42,486,10021,17.0
42,487,10031,10.0
42,488,10042,11.0
42,489,10056,14.0
42,490,10076,20.0
42,491,10103,27.0
42,492,10163,60.0
42,493,10187,24.0
42,494,10203,16.0
42,495,10218,15.0
42,496,10232,14.0
42,497,10276,44.0
42,498,10303,27.0
42,499,10318,15.0
42,500,10331,13.0
42,501,10345,14.0
42,502,10358,13.0
42,503,10377,19.0
42,504,10392,15.0
42,505,10410,18.0
42,506,10424,14.0
42,507,10449,25.0
42,508,10468,19.0
42,509,10494,26.0
42,510,10508,14.0
42,511,10526,18.0
42,512,10553,27.0
42,513,10565,12.0
42,514,10582,17.0
42,515,10592,10.0
42,516,10610,18.0
42,517,10633,23.0
42,518,10646,13.0
42,519,10659,13.0
42,520,10677,18.0
42,521,10696,19.0
42,522,10712,16.0
42,523,10734,22.0
42,524,10752,18.0
42,525,10768,16.0
42,526,10788,20.0
42,527,10800,12.0
42,528,10824,24.0
42,529,10839,15.0
42,530,10854,15.0
42,531,10863,9.0
42,532,10906,43.0
42,533,10919,13.0
42,534,10931,12.0
42,535,10944,13.0
42,536,10953,9.0
42,537,10975,22.0
42,538,10993,18.0
42,539,11024,31.0
42,540,11037,13.0
42,541,11055,18.0
42,542,11096,41.0
42,543,11113,17.0
42,544,11146,33.0
42,545,11168,22.0
42,546,11180,12.0
42,547,11197,17.0
42,548,11225,28.0
42,549,11236,11.0
42,550,11252,16.0
42,551,11274,22.0
42,552,11287,13.0
42,553,11300,13.0
42,554,11310,10.0
42,555,11325,15.0
42,556,11347,22.0
42,557,11382,35.0
42,558,11398,16.0
42,559,11410,12.0
42,560,11424,14.0
42,561,11434,10.0
42,562,11449,15.0
42,563,11462,13.0
42,564,11471,9.0
42,565,11494,23.0
42,566,11526,32.0
42,567,11537,11.0
42,568,11560,23.0
42,569,11573,13.0
42,570,11598,25.0
42,571,11615,17.0
42,572,11636,21.0
42,573,11654,18.0
42,574,11679,25.0
42,575,11693,14.0
42,576,11705,12.0
42,577,11724,19.0
42,578,11743,19.0
42,579,11757,14.0
42,580,11765,8.0
42,581,11783,18.0
42,582,11791,8.0
42,583,11809,18.0
42,584,11836,27.0
42,585,11848,12.0
42,586,11857,9.0
42,587,11867,10.0
42,588,11904,37.0
42,589,11919,15.0
42,590,11945,26.0
42,591,11964,19.0
42,592,11988,24.0
42,593,12005,17.0
42,594,12031,26.0
42,595,12043,12.0
42,596,12060,17.0
42,597,12080,20.0
42,598,12096,16.0
42,599,12117,21.0
42,600,12129,12.0
42,601,12146,17.0
42,602,12169,23.0
42,603,12178,9.0
42,604,12191,13.0
42,605,12214,23.0
42,606,12241,27.0
42,607,12270,29.0
42,608,12281,11.0
42,609,12304,23.0
42,610,12317,13.0
42,611,12334,17.0
42,612,12361,27.0
42,613,12372,11.0
42,614,12388,16.0
42,615,12409,21.0
42,616,12420,11.0
42,617,12432,12.0
42,618,12446,14.0
42,619,12460,14.0
42,620,12508,48.0
42,621,12535,27.0
42,622,12545,10.0
42,623,12572,27.0
42,624,12587,15.0
42,625,12603,16.0
42,626,12623,20.0
42,627,12635,12.0
42,628,12655,20.0
42,629,12670,15.0
42,630,12679,9.0
42,631,12694,15.0
42,632,12738,44.0
42,633,12765,27.0
42,634,12809,44.0
42,635,12823,14.0
42,636,12833,10.0
42,637,12861,28.0
42,638,12880,19.0
42,639,12894,14.0
42,640,12908,14.0
42,641,12929,21.0
42,642,12950,21.0
42,643,12962,12.0
42,644,12972,10.0
42,645,12994,22.0
42,646,13006,12.0
42,647,13024,18.0
42,648,13040,16.0
42,649,13051,11.0
42,650,13063,12.0
42,651,13075,12.0
42,652,13084,9.0
42,653,13094,10.0
42,654,13108,14.0
42,655,13129,21.0
42,656,13141,12.0
42,657,13159,18.0
42,658,13183,24.0
42,659,13204,21.0
42,660,13234,30.0
42,661,13280,46.0
42,662,13306,26.0
42,663,13318,12.0
42,664,13328,10.0
42,665,13347,19.0
42,666,13395,48.0
42,667,13426,31.0
42,668,13454,28.0
42,669,13469,15.0
42,670,13490,21.0
42,671,13504,14.0
42,672,13516,12.0
42,673,13537,21.0
42,674,13553,16.0
42,675,13569,16.0
42,676,13586,17.0
42,677,13609,23.0
42,678,13631,22.0
42,679,13662,31.0
42,680,13675,13.0
42,681,13688,13.0
42,682,13704,16.0
42,683,13747,43.0
42,684,13761,14.0
42,685,13772,11.0
42,686,13783,11.0
42,687,13821,38.0
42,688,13837,16.0
42,689,13868,31.0
42,690,13897,29.0
42,691,13920,23.0
42,692,13948,28.0
42,693,13960,12.0
42,694,13970,10.0
42,695,13990,20.0
42,696,14004,14.0
42,697,14016,12.0
42,698,14047,31.0
42,699,14067,20.0
42,700,14084,17.0
42,701,14129,45.0
42,702,14147,18.0
42,703,14156,9.0
42,704,14168,12.0
42,705,14191,23.0
42,706,14206,15.0
42,707,14220,14.0
42,708,14234,14.0
42,709,14246,12.0
42,710,14262,16.0
42,711,14289,27.0
42,712,14319,30.0
42,713,14332,13.0
42,714,14350,18.0
42,715,14360,10.0
42,716,14372,12.0
42,717,14389,17.0
42,718,14402,13.0
42,719,14426,24.0
42,720,14436,10.0
42,721,14451,15.0
42,722,14467,16.0
42,723,14497,30.0
42,724,14509,12.0
42,725,14521,12.0
42,726,14535,14.0
42,727,14551,16.0
42,728,14562,11.0
42,729,14573,11.0
42,730,14594,21.0
42,731,14607,13.0
42,732,14619,12.0
42,733,14630,11.0
42,734,14647,17.0
42,735,14663,16.0
42,736,14677,14.0
42,737,14697,20.0
42,738,14711,14.0
42,739,14732,21.0
42,740,14749,17.0
42,741,14760,11.0
42,742,14777,17.0
42,743,14790,13.0
42,744,14805,15.0
42,745,14826,21.0
42,746,14841,15.0
42,747,14853,12.0
42,748,14866,13.0
42,749,14879,13.0
42,750,14891,12.0
42,751,14899,8.0
42,752,14912,13.0
42,753,14958,46.0
42,754,14972,14.0
42,755,14982,10.0
42,756,14995,13.0
42,757,15007,12.0
42,758,15046,39.0
42,759,15059,13.0
42,760,15083,24.0
42,761,15107,24.0
42,762,15126,19.0
42,763,15135,9.0
42,764,15162,27.0
42,765,15175,13.0
42,766,15188,13.0
42,767,15201,13.0
42,768,15214,13.0
42,769,15244,30.0
42,770,15264,20.0
42,771,15292,28.0
42,772,15317,25.0
42,773,15332,15.0
42,774,15354,22.0
42,775,15367,13.0
42,776,15379,12.0
42,777,15390,11.0
42,778,15410,20.0
42,779,15432,22.0
42,780,15452,20.0
42,781,15467,15.0
42,782,15481,14.0
42,783,15493,12.0
42,784,15509,16.0
42,785,15523,14.0
42,786,15565,42.0
42,787,15581,16.0
42,788,15607,26.0
42,789,15619,12.0
42,790,15637,18.0
42,791,15647,10.0
42,792,15657,10.0
42,793,15674,17.0
42,794,15707,33.0
42,795,15721,14.0
42,796,15733,12.0
42,797,15757,24.0
42,798,15774,17.0
42,799,15790,16.0
42,800,15805,15.0
42,801,15815,10.0
42,802,15828,13.0
42,803,15841,13.0
42,804,15874,33.0
42,805,15884,10.0
42,806,15895,11.0
42,807,15920,25.0
42,808,15932,12.0
42,809,15947,15.0
42,810,15957,10.0
42,811,15975,18.0
42,812,15988,13.0
42,813,16001,13.0
42,814,16010,9.0
42,815,16024,14.0
42,816,16034,10.0
42,817,16053,19.0
42,818,16070,17.0
42,819,16079,9.0
42,820,16092,13.0
42,821,16103,11.0
42,822,16118,15.0
42,823,16131,13.0
42,824,16142,11.0
42,825,16166,24.0
42,826,16181,15.0
42,827,16191,10.0
42,828,16209,18.0
42,829,16220,11.0
42,830,16238,18.0
42,831,16247,9.0
42,832,16264,17.0
42,833,16298,34.0
42,834,16310,12.0
42,835,16330,20.0
42,836,16344,14.0
42,837,16356,12.0
42,838,16386,30.0
42,839,16403,17.0
42,840,16414,11.0
42,841,16449,35.0
42,842,16459,10.0
42,843,16467,8.0
42,844,16484,17.0
42,845,16502,18.0
42,846,16512,10.0
42,847,16528,16.0
42,848,16541,13.0
42,849,16554,13.0
42,850,16564,10.0
42,851,16574,10.0
42,852,16592,18.0
42,853,16600,8.0
42,854,16618,18.0
42,855,16629,11.0
42,856,16644,15.0
42,857,16657,13.0
42,858,16692,35.0
42,859,16702,10.0
42,860,16721,19.0
42,861,16731,10.0
42,862,16743,12.0
42,863,16753,10.0
42,864,16767,14.0
42,865,16781,14.0
42,866,16805,24.0
42,867,16821,16.0
42,868,16838,17.0
42,869,16856,18.0
42,870,16884,28.0
42,871,16905,21.0
42,872,16917,12.0
42,873,16932,15.0
42,874,16944,12.0
42,875,16955,11.0
42,876,16965,10.0
42,877,16979,14.0
42,878,16993,14.0
42,879,17014,21.0
42,880,17028,14.0
42,881,17060,32.0
42,882,17073,13.0
42,883,17086,13.0
42,884,17098,12.0
42,885,17111,13.0
42,886,17132,21.0
42,887,17147,15.0
42,888,17162,15.0
42,889,17181,19.0
42,890,17195,14.0
42,891,17206,11.0
42,892,17216,10.0
42,893,17226,10.0
42,894,17249,23.0
42,895,17266,17.0
42,896,17279,13.0
42,897,17291,12.0
42,898,17300,9.0
42,899,17317,17.0
42,900,17330,13.0
42,901,17345,15.0
42,902,17357,12.0
42,903,17386,29.0
42,904,17397,11.0
42,905,17408,11.0
42,906,17433,25.0
42,907,17449,16.0
42,908,17459,10.0
42,909,17490,31.0
42,910,17530,40.0
42,911,17541,11.0
42,912,17552,11.0
42,913,17564,12.0
42,914,17577,13.0
42,915,17590,13.0
42,916,17601,11.0
42,917,17621,20.0
42,918,17635,14.0
42,919,17659,24.0
42,920,17680,21.0
42,921,17699,19.0
42,922,17712,13.0
42,923,17728,16.0
42,924,17740,12.0
42,925,17750,10.0
42,926,17762,12.0
42,927,17792,30.0
42,928,17806,14.0
42,929,17836,30.0
42,930,17852,16.0
42,931,17861,9.0
42,932,17874,13.0
42,933,17895,21.0
42,934,17907,12.0
42,935,17918,11.0
42,936,17927,9.0
42,937,17940,13.0
42,938,17951,11.0
42,939,17966,15.0
42,940,17975,9.0
42,941,17984,9.0
42,942,17995,11.0
42,943,18009,14.0
42,944,18021,12.0
42,945,18030,9.0
42,946,18041,11.0
42,947,18054,13.0
42,948,18064,10.0
42,949,18075,11.0
42,950,18086,11.0
42,951,18113,27.0
42,952,18146,33.0
42,953,18159,13.0
42,954,18176,17.0
42,955,18189,13.0
42,956,18201,12.0
42,957,18214,13.0
42,958,18232,18.0
42,959,18252,20.0
42,960,18275,23.0
42,961,18288,13.0
42,962,18308,20.0
42,963,18342,34.0
42,964,18361,19.0
42,965,18396,35.0
42,966,18406,10.0
42,967,18421,15.0
42,968,18436,15.0
42,969,18446,10.0
42,970,18461,15.0
42,971,18472,11.0
42,972,18499,27.0
42,973,18514,15.0
42,974,18537,23.0
42,975,18574,37.0
42,976,18595,21.0
42,977,18607,12.0
42,978,18619,12.0
42,979,18639,20.0
42,980,18647,8.0
42,981,18672,25.0
42,982,18682,10.0
42,983,18698,16.0
42,984,18717,19.0
42,985,18728,11.0
42,986,18747,19.0
42,987,18759,12.0
42,988,18773,14.0
42,989,18785,12.0
42,990,18799,14.0
42,991,18812,13.0
42,992,18822,10.0
42,993,18834,12.0
42,994,18845,11.0
42,995,18864,19.0
42,996,18874,10.0
42,997,18891,17.0
42,998,18910,19.0
42,999,18926,16.0
42,1000,18934,8.0
42,1001,18956,22.0
42,1002,18969,13.0
42,1003,18982,13.0
42,1004,18992,10.0
42,1005,19002,10.0
42,1006,19017,15.0
42,1007,19029,12.0
42,1008,19042,13.0
42,1009,19060,18.0
42,1010,19070,10.0
42,1011,19082,12.0
42,1012,19101,19.0
42,1013,19115,14.0
42,1014,19124,9.0
42,1015,19133,9.0
42,1016,19145,12.0
42,1017,19154,9.0
42,1018,19166,12.0
42,1019,19180,14.0
42,1020,19191,11.0
42,1021,19210,19.0
42,1022,19223,13.0
42,1023,19246,23.0
42,1024,19255,9.0
42,1025,19272,17.0
42,1026,19283,11.0
42,1027,19297,14.0
42,1028,19315,18.0
42,1029,19339,24.0
42,1030,19356,17.0
42,1031,19371,15.0
42,1032,19395,24.0
42,1033,19405,10.0
42,1034,19417,12.0
42,1035,19443,26.0
42,1036,19462,19.0
42,1037,19478,16.0
42,1038,19490,12.0
42,1039,19507,17.0
42,1040,19538,31.0
42,1041,19551,13.0
42,1042,19567,16.0
42,1043,19581,14.0
42,1044,19595,14.0
42,1045,19605,10.0
42,1046,19620,15.0
42,1047,19642,22.0
42,1048,19651,9.0
42,1049,19668,17.0
42,1050,19684,16.0
42,1051,19697,13.0
42,1052,19710,13.0
42,1053,19725,15.0
42,1054,19739,14.0
42,1055,19753,14.0
42,1056,19767,14.0
42,1057,19776,9.0
42,1058,19787,11.0
42,1059,19802,15.0
42,1060,19814,12.0
42,1061,19823,9.0
42,1062,19835,12.0
42,1063,19846,11.0
42,1064,19856,10.0
42,1065,19873,17.0
42,1066,19894,21.0
42,1067,19906,12.0
42,1068,19921,15.0
42,1069,19935,14.0
42,1070,19944,9.0
42,1071,19954,10.0
42,1072,19969,15.0
42,1073,19979,10.0
42,1074,20000,21.0
42,1075,20019,19.0
42,1076,20041,22.0
42,1077,20053,12.0
42,1078,20065,12.0
42,1079,20079,14.0
42,1080,20088,9.0
42,1081,20099,11.0
42,1082,20119,20.0
42,1083,20136,17.0
42,1084,20154,18.0
42,1085,20165,11.0
42,1086,20176,11.0
42,1087,20190,14.0
42,1088,20203,13.0
42,1089,20212,9.0
42,1090,20222,10.0
42,1091,20234,12.0
42,1092,20252,18.0
42,1093,20263,11.0
42,1094,20276,13.0
42,1095,20285,9.0
42,1096,20294,9.0
42,1097,20304,10.0
42,1098,20323,19.0
42,1099,20333,10.0
42,1100,20347,14.0
42,1101,20361,14.0
42,1102,20375,14.0
42,1103,20388,13.0
42,1104,20407,19.0
42,1105,20418,11.0
42,1106,20435,17.0
42,1107,20449,14.0
42,1108,20459,10.0
42,1109,20471,12.0
42,1110,20482,11.0
42,1111,20497,15.0
42,1112,20537,40.0
42,1113,20547,10.0
42,1114,20573,26.0
42,1115,20601,28.0
42,1116,20612,11.0
42,1117,20623,11.0
42,1118,20639,16.0
42,1119,20656,17.0
42,1120,20677,21.0
42,1121,20691,14.0
42,1122,20703,12.0
42,1123,20712,9.0
42,1124,20727,15.0
42,1125,20740,13.0
42,1126,20753,13.0
42,1127,20762,9.0
42,1128,20785,23.0
42,1129,20795,10.0
42,1130,20809,14.0
42,1131,20823,14.0
42,1132,20851,28.0
42,1133,20862,11.0
42,1134,20874,12.0
42,1135,20884,10.0
42,1136,20909,25.0
42,1137,20925,16.0
42,1138,20945,20.0
42,1139,20960,15.0
42,1140,20975,15.0
42,1141,20988,13.0
42,1142,21004,16.0
42,1143,21015,11.0
42,1144,21028,13.0
42,1145,21040,12.0
42,1146,21054,14.0
42,1147,21066,12.0
42,1148,21076,10.0
42,1149,21094,18.0
42,1150,21104,10.0
42,1151,21118,14.0
42,1152,21134,16.0
42,1153,21154,20.0
42,1154,21164,10.0
42,1155,21174,10.0
42,1156,21185,11.0
42,1157,21198,13.0
42,1158,21214,16.0
42,1159,21233,19.0
42,1160,21252,19.0
42,1161,21285,33.0
42,1162,21305,20.0
42,1163,21315,10.0
42,1164,21327,12.0
42,1165,21339,12.0
42,1166,21352,13.0
42,1167,21362,10.0
42,1168,21376,14.0
42,1169,21387,11.0
42,1170,21403,16.0
42,1171,21415,12.0
42,1172,21424,9.0
42,1173,21436,12.0
42,1174,21454,18.0
42,1175,21471,17.0
42,1176,21483,12.0
42,1177,21495,12.0
42,1178,21506,11.0
42,1179,21518,12.0
42,1180,21554,36.0
42,1181,21566,12.0
42,1182,21591,25.0
42,1183,21603,12.0
42,1184,21621,18.0
42,1185,21646,25.0
42,1186,21664,18.0
42,1187,21675,11.0
42,1188,21689,14.0
42,1189,21710,21.0
42,1190,21723,13.0
42,1191,21735,12.0
42,1192,21753,18.0
42,1193,21764,11.0
42,1194,21777,13.0
42,1195,21796,19.0
42,1196,21810,14.0
42,1197,21824,14.0
42,1198,21839,15.0
42,1199,21849,10.0
42,1200,21864,15.0
42,1201,21880,16.0
42,1202,21892,12.0
42,1203,21907,15.0
42,1204,21917,10.0
42,1205,21928,11.0
42,1206,21940,12.0
42,1207,21964,24.0
42,1208,21973,9.0
42,1209,21985,12.0
42,1210,21997,12.0
42,1211,22008,11.0
42,1212,22022,14.0
42,1213,22034,12.0
42,1214,22047,13.0
42,1215,22060,13.0
42,1216,22071,11.0
42,1217,22084,13.0
42,1218,22098,14.0
42,1219,22107,9.0
42,1220,22116,9.0
42,1221,22129,13.0
42,1222,22138,9.0
42,1223,22149,11.0
42,1224,22181,32.0
42,1225,22200,19.0
42,1226,22228,28.0
42,1227,22241,13.0
42,1228,22277,36.0
42,1229,22294,17.0
42,1230,22306,12.0
42,1231,22317,11.0
42,1232,22333,16.0
42,1233,22346,13.0
42,1234,22371,25.0
42,1235,22399,28.0
42,1236,22409,10.0
42,1237,22427,18.0
42,1238,22438,11.0
42,1239,22451,13.0
42,1240,22461,10.0
42,1241,22473,12.0
42,1242,22487,14.0
42,1243,22498,11.0
42,1244,22511,13.0
42,1245,22525,14.0
42,1246,22538,13.0
42,1247,22551,13.0
42,1248,22564,13.0
42,1249,22577,13.0
42,1250,22588,11.0
42,1251,22604,16.0
42,1252,22628,24.0
42,1253,22639,11.0
42,1254,22652,13.0
42,1255,22666,14.0
42,1256,22676,10.0
42,1257,22685,9.0
42,1258,22698,13.0
42,1259,22708,10.0
42,1260,22719,11.0
42,1261,22733,14.0
42,1262,22748,15.0
42,1263,22766,18.0
42,1264,22776,10.0
42,1265,22794,18.0
42,1266,22811,17.0
42,1267,22827,16.0
42,1268,22837,10.0
42,1269,22847,10.0
42,1270,22859,12.0
42,1271,22876,17.0
42,1272,22885,9.0
42,1273,22901,16.0
42,1274,22918,17.0
42,1275,22932,14.0
42,1276,22942,10.0
42,1277,22963,21.0
42,1278,22978,15.0
42,1279,22997,19.0
42,1280,23036,39.0
42,1281,23048,12.0
42,1282,23061,13.0
42,1283,23074,13.0
42,1284,23088,14.0
42,1285,23100,12.0
42,1286,23114,14.0
42,1287,23131,17.0
42,1288,23145,14.0
42,1289,23156,11.0
42,1290,23165,9.0
42,1291,23174,9.0
42,1292,23188,14.0
42,1293,23204,16.0
42,1294,23225,21.0
42,1295,23235,10.0
42,1296,23250,15.0
42,1297,23266,16.0
42,1298,23278,12.0
42,1299,23293,15.0
42,1300,23311,18.0
42,1301,23324,13.0
42,1302,23333,9.0
42,1303,23346,13.0
42,1304,23355,9.0
42,1305,23366,11.0
42,1306,23376,10.0
42,1307,23390,14.0
42,1308,23398,8.0
42,1309,23408,10.0
42,1310,23425,17.0
42,1311,23433,8.0
42,1312,23448,15.0
42,1313,23461,13.0
42,1314,23470,9.0
42,1315,23480,10.0
42,1316,23498,18.0
42,1317,23506,8.0
42,1318,23514,8.0
42,1319,23532,18.0
42,1320,23548,16.0
42,1321,23561,13.0
42,1322,23575,14.0
42,1323,23590,15.0
42,1324,23607,17.0
42,1325,23618,11.0
42,1326,23632,14.0
42,1327,23645,13.0
42,1328,23658,13.0
42,1329,23668,10.0
42,1330,23681,13.0
42,1331,23690,9.0
42,1332,23700,10.0
42,1333,23719,19.0
42,1334,23729,10.0
42,1335,23748,19.0
42,1336,23761,13.0
42,1337,23785,24.0
42,1338,23806,21.0
42,1339,23818,12.0
42,1340,23830,12.0
42,1341,23841,11.0
42,1342,23856,15.0
42,1343,23872,16.0
42,1344,23886,14.0
42,1345,23895,9.0
42,1346,23913,18.0
42,1347,23924,11.0
42,1348,23936,12.0
42,1349,23947,11.0
42,1350,23959,12.0
42,1351,23972,13.0
42,1352,23986,14.0
42,1353,23995,9.0
42,1354,24009,14.0
42,1355,24022,13.0
42,1356,24031,9.0
42,1357,24054,23.0
42,1358,24074,20.0
42,1359,24086,12.0
42,1360,24108,22.0
42,1361,24121,13.0
42,1362,24139,18.0
42,1363,24149,10.0
42,1364,24165,16.0
42,1365,24182,17.0
42,1366,24191,9.0
42,1367,24202,11.0
42,1368,24215,13.0
42,1369,24234,19.0
42,1370,24246,12.0
42,1371,24256,10.0
42,1372,24272,16.0
42,1373,24283,11.0
42,1374,24304,21.0
42,1375,24322,18.0
42,1376,24332,10.0
42,1377,24344,12.0
42,1378,24352,8.0
42,1379,24361,9.0
42,1380,24371,10.0
42,1381,24384,13.0
42,1382,24394,10.0
42,1383,24413,19.0
42,1384,24425,12.0
42,1385,24449,24.0
42,1386,24462,13.0
42,1387,24474,12.0
42,1388,24492,18.0
42,1389,24512,20.0
42,1390,24528,16.0
42,1391,24539,11.0
42,1392,24549,10.0
42,1393,24575,26.0
42,1394,24586,11.0
42,1395,24597,11.0
42,1396,24608,11.0
42,1397,24618,10.0
42,1398,24629,11.0
42,1399,24655,26.0
42,1400,24682,27.0
42,1401,24696,14.0
42,1402,24707,11.0
42,1403,24717,10.0
42,1404,24728,11.0
42,1405,24738,10.0
42,1406,24761,23.0
42,1407,24777,16.0
42,1408,24799,22.0
42,1409,24820,21.0
42,1410,24831,11.0
42,1411,24854,23.0
42,1412,24865,11.0
42,1413,24888,23.0
42,1414,24898,10.0
42,1415,24916,18.0
42,1416,24928,12.0
42,1417,24938,10.0
42,1418,24950,12.0
42,1419,24960,10.0
42,1420,24971,11.0
42,1421,24985,14.0
42,1422,25000,15.0
42,1423,25011,11.0
42,1424,25021,10.0
42,1425,25031,10.0
42,1426,25042,11.0
42,1427,25057,15.0
42,1428,25071,14.0
42,1429,25092,21.0
42,1430,25113,21.0
42,1431,25127,14.0
42,1432,25142,15.0
42,1433,25175,33.0
42,1434,25184,9.0
42,1435,25194,10.0
42,1436,25206,12.0
42,1437,25216,10.0
42,1438,25231,15.0
42,1439,25240,9.0
42,1440,25264,24.0
42,1441,25278,14.0
42,1442,25291,13.0
42,1443,25305,14.0
42,1444,25323,18.0
42,1445,25344,21.0
42,1446,25365,21.0
42,1447,25380,15.0
42,1448,25401,21.0
42,1449,25412,11.0
42,1450,25424,12.0
42,1451,25434,10.0
42,1452,25445,11.0
42,1453,25456,11.0
42,1454,25467,11.0
42,1455,25484,17.0
42,1456,25498,14.0
42,1457,25507,9.0
42,1458,25522,15.0
42,1459,25537,15.0
42,1460,25554,17.0
42,1461,25568,14.0
42,1462,25583,15.0
42,1463,25597,14.0
42,1464,25610,13.0
42,1465,25623,13.0
42,1466,25635,12.0
42,1467,25652,17.0
42,1468,25661,9.0
42,1469,25674,13.0
42,1470,25684,10.0
42,1471,25696,12.0
42,1472,25708,12.0
42,1473,25722,14.0
42,1474,25735,13.0
42,1475,25753,18.0
42,1476,25763,10.0
42,1477,25777,14.0
42,1478,25795,18.0
42,1479,25813,18.0
42,1480,25822,9.0
42,1481,25836,14.0
42,1482,25851,15.0
42,1483,25864,13.0
42,1484,25875,11.0
42,1485,25892,17.0
42,1486,25921,29.0
42,1487,25930,9.0
42,1488,25941,11.0
42,1489,25952,11.0
42,1490,25963,11.0
42,1491,25972,9.0
42,1492,25984,12.0
42,1493,25999,15.0
42,1494,26010,11.0
42,1495,26028,18.0
42,1496,26037,9.0
42,1497,26053,16.0
42,1498,26067,14.0
42,1499,26083,16.0
42,1500,26095,12.0
42,1501,26106,11.0
42,1502,26116,10.0
42,1503,26126,10.0
42,1504,26134,8.0
42,1505,26146,12.0
42,1506,26164,18.0
42,1507,26177,13.0
42,1508,26194,17.0
42,1509,26208,14.0
42,1510,26219,11.0
42,1511,26230,11.0
42,1512,26243,13.0
42,1513,26263,20.0
42,1514,26275,12.0
42,1515,26290,15.0
42,1516,26309,19.0
42,1517,26317,8.0
42,1518,26335,18.0
42,1519,26349,14.0
42,1520,26360,11.0
42,1521,26370,10.0
42,1522,26390,20.0
42,1523,26403,13.0
42,1524,26433,30.0
42,1525,26447,14.0
42,1526,26486,39.0
42,1527,26501,15.0
42,1528,26516,15.0
42,1529,26534,18.0
42,1530,26547,13.0
42,1531,26562,15.0
42,1532,26575,13.0
42,1533,26585,10.0
42,1534,26601,16.0
42,1535,26614,13.0
42,1536,26627,13.0
42,1537,26637,10.0
42,1538,26675,38.0
42,1539,26687,12.0
42,1540,26702,15.0
42,1541,26711,9.0
42,1542,26721,10.0
42,1543,26737,16.0
42,1544,26746,9.0
42,1545,26758,12.0
42,1546,26766,8.0
42,1547,26777,11.0
42,1548,26789,12.0
42,1549,26798,9.0
42,1550,26809,11.0
42,1551,26829,20.0
42,1552,26843,14.0
42,1553,26857,14.0
42,1554,26868,11.0
42,1555,26877,9.0
42,1556,26887,10.0
42,1557,26902,15.0
42,1558,26915,13.0
42,1559,26926,11.0
42,1560,26943,17.0
42,1561,26952,9.0
42,1562,26962,10.0
42,1563,26973,11.0
42,1564,26983,10.0
42,1565,26996,13.0
42,1566,27012,16.0
42,1567,27025,13.0
42,1568,27041,16.0
42,1569,27054,13.0
42,1570,27064,10.0
42,1571,27076,12.0
42,1572,27086,10.0
42,1573,27099,13.0
42,1574,27116,17.0
42,1575,27131,15.0
42,1576,27140,9.0
42,1577,27150,10.0
42,1578,27171,21.0
42,1579,27189,18.0
42,1580,27202,13.0
42,1581,27214,12.0
42,1582,27225,11.0
42,1583,27237,12.0
42,1584,27249,12.0
42,1585,27260,11.0
42,1586,27270,10.0
42,1587,27281,11.0
42,1588,27294,13.0
42,1589,27307,13.0
42,1590,27321,14.0
42,1591,27331,10.0
42,1592,27345,14.0
42,1593,27367,22.0
42,1594,27380,13.0
42,1595,27392,12.0
42,1596,27406,14.0
42,1597,27422,16.0
42,1598,27431,9.0
42,1599,27444,13.0
42,1600,27453,9.0
42,1601,27463,10.0
42,1602,27473,10.0
42,1603,27483,10.0
42,1604,27497,14.0
42,1605,27505,8.0
42,1606,27517,12.0
42,1607,27527,10.0
42,1608,27536,9.0
42,1609,27547,11.0
42,1610,27558,11.0
42,1611,27571,13.0
42,1612,27586,15.0
42,1613,27595,9.0
42,1614,27613,18.0
42,1615,27625,12.0
42,1616,27639,14.0
42,1617,27650,11.0
42,1618,27660,10.0
42,1619,27673,13.0
42,1620,27687,14.0
42,1621,27705,18.0
42,1622,27716,11.0
42,1623,27726,10.0
42,1624,27739,13.0
42,1625,27748,9.0
42,1626,27760,12.0
42,1627,27770,10.0
42,1628,27785,15.0
42,1629,27794,9.0
42,1630,27812,18.0
42,1631,27823,11.0
42,1632,27838,15.0
42,1633,27858,20.0
42,1634,27869,11.0
42,1635,27881,12.0
42,1636,27895,14.0
42,1637,27906,11.0
42,1638,27934,28.0
42,1639,27946,12.0
42,1640,27962,16.0
42,1641,27973,11.0
42,1642,27984,11.0
42,1643,27996,12.0
42,1644,28012,16.0
42,1645,28026,14.0
42,1646,28048,22.0
42,1647,28072,24.0
42,1648,28085,13.0
42,1649,28095,10.0
42,1650,28105,10.0
42,1651,28120,15.0
42,1652,28132,12.0
42,1653,28145,13.0
42,1654,28165,20.0
42,1655,28175,10.0
42,1656,28189,14.0
42,1657,28200,11.0
42,1658,28214,14.0
42,1659,28229,15.0
42,1660,28249,20.0
42,1661,28260,11.0
42,1662,28285,25.0
42,1663,28295,10.0
42,1664,28307,12.0
42,1665,28317,10.0
42,1666,28329,12.0
42,1667,28343,14.0
42,1668,28353,10.0
42,1669,28364,11.0
42,1670,28375,11.0
42,1671,28384,9.0
42,1672,28394,10.0
42,1673,28404,10.0
42,1674,28417,13.0
42,1675,28425,8.0
42,1676,28441,16.0
42,1677,28452,11.0
42,1678,28464,12.0
42,1679,28474,10.0
42,1680,28484,10.0
42,1681,28494,10.0
42,1682,28504,10.0
42,1683,28513,9.0
42,1684,28535,22.0
42,1685,28546,11.0
42,1686,28556,10.0
42,1687,28567,11.0
42,1688,28583,16.0
42,1689,28600,17.0
42,1690,28608,8.0
42,1691,28622,14.0
42,1692,28633,11.0
42,1693,28642,9.0
42,1694,28654,12.0
42,1695,28666,12.0
42,1696,28688,22.0
42,1697,28700,12.0
42,1698,28713,13.0
42,1699,28722,9.0
42,1700,28731,9.0
42,1701,28740,9.0
42,1702,28756,16.0
42,1703,28767,11.0
42,1704,28776,9.0
42,1705,28787,11.0
42,1706,28796,9.0
42,1707,28810,14.0
42,1708,28823,13.0
42,1709,28832,9.0
42,1710,28844,12.0
42,1711,28853,9.0
42,1712,28862,9.0
42,1713,28876,14.0
42,1714,28908,32.0
42,1715,28917,9.0
42,1716,28928,11.0
42,1717,28938,10.0
42,1718,28948,10.0
42,1719,28960,12.0
42,1720,28968,8.0
42,1721,28989,21.0
42,1722,29005,16.0
42,1723,29016,11.0
42,1724,29034,18.0
42,1725,29047,13.0
42,1726,29062,15.0
42,1727,29071,9.0
42,1728,29082,11.0
42,1729,29101,19.0
42,1730,29111,10.0
42,1731,29121,10.0
42,1732,29134,13.0
42,1733,29142,8.0
42,1734,29154,12.0
42,1735,29170,16.0
42,1736,29182,12.0
42,1737,29191,9.0
42,1738,29202,11.0
42,1739,29214,12.0
42,1740,29223,9.0
42,1741,29236,13.0
42,1742,29249,13.0
42,1743,29265,16.0
42,1744,29278,13.0
42,1745,29288,10.0
42,1746,29301,13.0
42,1747,29314,13.0
42,1748,29328,14.0
42,1749,29338,10.0
42,1750,29347,9.0
42,1751,29360,13.0
42,1752,29370,10.0
42,1753,29384,14.0
42,1754,29397,13.0
42,1755,29408,11.0
42,1756,29417,9.0
42,1757,29430,13.0
42,1758,29439,9.0
42,1759,29448,9.0
42,1760,29458,10.0
42,1761,29467,9.0
42,1762,29482,15.0
42,1763,29495,13.0
42,1764,29518,23.0
42,1765,29528,10.0
42,1766,29538,10.0
42,1767,29552,14.0
42,1768,29561,9.0
42,1769,29573,12.0
42,1770,29585,12.0
42,1771,29606,21.0
42,1772,29621,15.0
42,1773,29632,11.0
42,1774,29647,15.0
42,1775,29658,11.0
42,1776,29677,19.0
42,1777,29691,14.0
42,1778,29699,8.0
42,1779,29711,12.0
42,1780,29722,11.0
42,1781,29732,10.0
42,1782,29742,10.0
42,1783,29753,11.0
42,1784,29761,8.0
42,1785,29776,15.0
42,1786,29786,10.0
42,1787,29802,16.0
42,1788,29813,11.0
42,1789,29824,11.0
42,1790,29836,12.0
42,1791,29846,10.0
42,1792,29857,11.0
42,1793,29871,14.0
42,1794,29887,16.0
42,1795,29904,17.0
42,1796,29915,11.0
42,1797,29926,11.0
42,1798,29937,11.0
42,1799,29957,20.0
42,1800,29984,27.0
42,1801,29994,10.0
42,1802,30005,11.0
42,1803,30014,9.0
42,1804,30024,10.0
42,1805,30035,11.0
42,1806,30048,13.0
42,1807,30057,9.0
42,1808,30069,12.0
42,1809,30078,9.0
42,1810,30096,18.0
42,1811,30109,13.0
42,1812,30124,15.0
42,1813,30141,17.0
42,1814,30153,12.0
42,1815,30165,12.0
42,1816,30176,11.0
42,1817,30188,12.0
42,1818,30200,12.0
42,1819,30212,12.0
42,1820,30221,9.0
42,1821,30239,18.0
42,1822,30249,10.0
42,1823,30261,12.0
42,1824,30270,9.0
42,1825,30282,12.0
42,1826,30291,9.0
42,1827,30299,8.0
42,1828,30308,9.0
42,1829,30319,11.0
42,1830,30332,13.0
42,1831,30345,13.0
42,1832,30358,13.0
42,1833,30368,10.0
42,1834,30411,43.0
42,1835,30423,12.0
42,1836,30442,19.0
42,1837,30451,9.0
42,1838,30466,15.0
42,1839,30479,13.0
42,1840,30488,9.0
42,1841,30498,10.0
42,1842,30510,12.0
42,1843,30520,10.0
42,1844,30531,11.0
42,1845,30544,13.0
42,1846,30554,10.0
42,1847,30572,18.0
42,1848,30584,12.0
42,1849,30594,10.0
42,1850,30602,8.0
42,1851,30618,16.0
42,1852,30629,11.0
42,1853,30639,10.0
42,1854,30666,27.0
42,1855,30677,11.0
42,1856,30686,9.0
42,1857,30698,12.0
42,1858,30708,10.0
42,1859,30719,11.0
42,1860,30727,8.0
42,1861,30751,24.0
42,1862,30760,9.0
42,1863,30771,11.0
42,1864,30785,14.0
42,1865,30795,10.0
42,1866,30813,18.0
42,1867,30829,16.0
42,1868,30842,13.0
42,1869,30861,19.0
42,1870,30872,11.0
42,1871,30881,9.0
42,1872,30890,9.0
42,1873,30901,11.0
42,1874,30914,13.0
42,1875,30924,10.0
42,1876,30938,14.0
42,1877,30948,10.0
42,1878,30957,9.0
42,1879,30970,13.0
42,1880,30983,13.0
42,1881,30992,9.0
42,1882,31001,9.0
42,1883,31011,10.0
42,1884,31036,25.0
42,1885,31046,10.0
42,1886,31054,8.0
42,1887,31067,13.0
42,1888,31076,9.0
42,1889,31088,12.0
42,1890,31101,13.0
42,1891,31110,9.0
42,1892,31131,21.0
42,1893,31146,15.0
42,1894,31156,10.0
42,1895,31168,12.0
42,1896,31179,11.0
42,1897,31202,23.0
42,1898,31213,11.0
42,1899,31223,10.0
42,1900,31241,18.0
42,1901,31249,8.0
42,1902,31272,23.0
42,1903,31281,9.0
42,1904,31290,9.0
42,1905,31305,15.0
42,1906,31317,12.0
42,1907,31330,13.0
42,1908,31339,9.0
42,1909,31353,14.0
42,1910,31365,12.0
42,1911,31376,11.0
42,1912,31389,13.0
42,1913,31401,12.0
42,1914,31411,10.0
42,1915,31424,13.0
42,1916,31436,12.0
42,1917,31454,18.0
42,1918,31468,14.0
42,1919,31481,13.0
42,1920,31500,19.0
42,1921,31517,17.0
42,1922,31528,11.0
42,1923,31541,13.0
42,1924,31553,12.0
42,1925,31565,12.0
42,1926,31575,10.0
42,1927,31587,12.0
42,1928,31600,13.0
42,1929,31610,10.0
42,1930,31620,10.0
42,1931,31628,8.0
42,1932,31641,13.0
42,1933,31662,21.0
42,1934,31672,10.0
42,1935,31681,9.0
42,1936,31695,14.0
42,1937,31707,12.0
42,1938,31721,14.0
42,1939,31731,10.0
42,1940,31741,10.0
42,1941,31751,10.0
42,1942,31761,10.0
42,1943,31771,10.0
42,1944,31780,9.0
42,1945,31790,10.0
42,1946,31803,13.0
42,1947,31812,9.0
42,1948,31822,10.0
42,1949,31839,17.0
42,1950,31856,17.0
42,1951,31866,10.0
42,1952,31876,10.0
42,1953,31887,11.0
42,1954,31900,13.0
42,1955,31910,10.0
42,1956,31927,17.0
42,1957,31936,9.0
42,1958,31946,10.0
42,1959,31956,10.0
42,1960,31969,13.0
42,1961,31988,19.0
42,1962,31998,10.0
42,1963,32008,10.0
42,1964,32019,11.0
42,1965,32032,13.0
42,1966,32049,17.0
42,1967,32058,9.0
42,1968,32074,16.0
42,1969,32085,11.0
42,1970,32096,11.0
42,1971,32108,12.0
42,1972,32118,10.0
42,1973,32139,21.0
42,1974,32172,33.0
42,1975,32184,12.0
42,1976,32197,13.0
42,1977,32206,9.0
42,1978,32216,10.0
42,1979,32231,15.0
42,1980,32240,9.0
42,1981,32250,10.0
42,1982,32263,13.0
42,1983,32274,11.0
42,1984,32282,8.0
42,1985,32296,14.0
42,1986,32307,11.0
42,1987,32316,9.0
42,1988,32332,16.0
42,1989,32341,9.0
42,1990,32351,10.0
42,1991,32368,17.0
42,1992,32378,10.0
42,1993,32388,10.0
42,1994,32397,9.0
42,1995,32410,13.0
42,1996,32419,9.0
42,1997,32436,17.0
42,1998,32446,10.0
42,1999,32460,14.0
42,2000,32472,12.0
42,2001,32487,15.0
42,2002,32504,17.0
42,2003,32518,14.0
42,2004,32527,9.0
42,2005,32538,11.0
42,2006,32547,9.0
42,2007,32568,21.0
42,2008,32579,11.0
42,2009,32592,13.0
42,2010,32604,12.0
42,2011,32614,10.0
42,2012,32624,10.0
42,2013,32635,11.0
42,2014,32652,17.0
42,2015,32666,14.0
42,2016,32676,10.0
42,2017,32686,10.0
42,2018,32714,28.0
42,2019,32726,12.0
42,2020,32735,9.0
42,2021,32747,12.0
42,2022,32759,12.0
42,2023,32778,19.0
42,2024,32790,12.0
42,2025,32806,16.0
42,2026,32816,10.0
42,2027,32836,20.0
42,2028,32851,15.0
42,2029,32861,10.0
42,2030,32875,14.0
42,2031,32890,15.0
42,2032,32901,11.0
42,2033,32914,13.0
42,2034,32924,10.0
42,2035,32934,10.0
42,2036,32945,11.0
42,2037,32957,12.0
42,2038,32967,10.0
42,2039,32976,9.0
42,2040,32989,13.0
42,2041,33004,15.0
42,2042,33014,10.0
42,2043,33029,15.0
42,2044,33040,11.0
42,2045,33049,9.0
42,2046,33060,11.0
42,2047,33073,13.0
42,2048,33086,13.0
42,2049,33098,12.0
42,2050,33111,13.0
42,2051,33122,11.0
42,2052,33137,15.0
42,2053,33161,24.0
42,2054,33172,11.0
42,2055,33185,13.0
42,2056,33204,19.0
42,2057,33216,12.0
42,2058,33226,10.0
42,2059,33254,28.0
42,2060,33264,10.0
42,2061,33273,9.0
42,2062,33288,15.0
42,2063,33297,9.0
42,2064,33308,11.0
42,2065,33318,10.0
42,2066,33332,14.0
42,2067,33341,9.0
42,2068,33351,10.0
42,2069,33360,9.0
42,2070,33372,12.0
42,2071,33387,15.0
42,2072,33398,11.0
42,2073,33413,15.0
42,2074,33423,10.0
42,2075,33432,9.0
42,2076,33442,10.0
42,2077,33451,9.0
42,2078,33466,15.0
42,2079,33483,17.0
42,2080,33502,19.0
42,2081,33519,17.0
42,2082,33528,9.0
42,2083,33539,11.0
42,2084,33549,10.0
42,2085,33566,17.0
42,2086,33577,11.0
42,2087,33590,13.0
42,2088,33602,12.0
42,2089,33614,12.0
42,2090,33624,10.0
42,2091,33642,18.0
42,2092,33655,13.0
42,2093,33666,11.0
42,2094,33678,12.0
42,2095,33693,15.0
42,2096,33704,11.0
42,2097,33718,14.0
42,2098,33729,11.0
42,2099,33739,10.0
42,2100,33749,10.0
42,2101,33759,10.0
42,2102,33792,33.0
42,2103,33806,14.0
42,2104,33816,10.0
42,2105,33827,11.0
42,2106,33837,10.0
42,2107,33848,11.0
42,2108,33858,10.0
42,2109,33872,14.0
42,2110,33882,10.0
42,2111,33895,13.0
42,2112,33904,9.0
42,2113,33922,18.0
42,2114,33934,12.0
42,2115,33945,11.0
42,2116,33960,15.0
42,2117,33975,15.0
42,2118,33986,11.0
42,2119,33997,11.0
42,2120,34014,17.0
42,2121,34036,22.0
42,2122,34061,25.0
42,2123,34069,8.0
42,2124,34079,10.0
42,2125,34104,25.0
42,2126,34114,10.0
42,2127,34128,14.0
42,2128,34141,13.0
42,2129,34168,27.0
42,2130,34190,22.0
42,2131,34208,18.0
42,2132,34220,12.0
42,2133,34230,10.0
42,2134,34241,11.0
42,2135,34250,9.0
42,2136,34260,10.0
42,2137,34270,10.0
42,2138,34283,13.0
42,2139,34292,9.0
42,2140,34302,10.0
42,2141,34311,9.0
42,2142,34322,11.0
42,2143,34336,14.0
42,2144,34347,11.0
42,2145,34358,11.0
42,2146,34369,11.0
42,2147,34380,11.0
42,2148,34400,20.0
42,2149,34410,10.0
42,2150,34422,12.0
42,2151,34435,13.0
42,2152,34451,16.0
42,2153,34461,10.0
42,2154,34470,9.0
42,2155,34488,18.0
42,2156,34500,12.0
42,2157,34509,9.0
42,2158,34520,11.0
42,2159,34531,11.0
42,2160,34541,10.0
42,2161,34553,12.0
42,2162,34566,13.0
42,2163,34576,10.0
42,2164,34587,11.0
42,2165,34596,9.0
42,2166,34610,14.0
42,2167,34620,10.0
42,2168,34631,11.0
42,2169,34650,19.0
42,2170,34662,12.0
42,2171,34676,14.0
42,2172,34686,10.0
42,2173,34698,12.0
42,2174,34711,13.0
42,2175,34720,9.0
42,2176,34735,15.0
42,2177,34761,26.0
42,2178,34774,13.0
42,2179,34783,9.0
42,2180,34794,11.0
42,2181,34804,10.0
42,2182,34814,10.0
42,2183,34830,16.0
42,2184,34845,15.0
42,2185,34873,28.0
42,2186,34886,13.0
42,2187,34896,10.0
42,2188,34907,11.0
42,2189,34923,16.0
42,2190,34934,11.0
42,2191,34946,12.0
42,2192,34957,11.0
42,2193,34975,18.0
42,2194,34986,11.0
42,2195,34995,9.0
42,2196,35005,10.0
42,2197,35020,15.0
42,2198,35030,10.0
42,2199,35047,17.0
42,2200,35058,11.0
42,2201,35067,9.0
42,2202,35080,13.0
42,2203,35090,10.0
42,2204,35102,12.0
42,2205,35114,12.0
42,2206,35128,14.0
42,2207,35139,11.0
42,2208,35159,20.0
42,2209,35171,12.0
42,2210,35183,12.0
42,2211,35192,9.0
42,2212,35202,10.0
42,2213,35219,17.0
42,2214,35228,9.0
42,2215,35237,9.0
42,2216,35246,9.0
42,2217,35256,10.0
42,2218,35266,10.0
42,2219,35276,10.0
42,2220,35286,10.0
42,2221,35297,11.0
42,2222,35307,10.0
42,2223,35316,9.0
42,2224,35326,10.0
42,2225,35335,9.0
42,2226,35346,11.0
42,2227,35357,11.0
42,2228,35366,9.0
42,2229,35380,14.0
42,2230,35390,10.0
42,2231,35400,10.0
42,2232,35410,10.0
42,2233,35426,16.0
42,2234,35439,13.0
42,2235,35448,9.0
42,2236,35458,10.0
42,2237,35469,11.0
42,2238,35478,9.0
42,2239,35488,10.0
42,2240,35507,19.0
42,2241,35520,13.0
42,2242,35529,9.0
42,2243,35539,10.0
42,2244,35549,10.0
42,2245,35561,12.0
42,2246,35572,11.0
42,2247,35584,12.0
42,2248,35594,10.0
42,2249,35608,14.0
42,2250,35619,11.0
42,2251,35632,13.0
42,2252,35644,12.0
42,2253,35655,11.0
42,2254,35666,11.0
42,2255,35678,12.0
42,2256,35688,10.0
42,2257,35701,13.0
42,2258,35710,9.0
42,2259,35720,10.0
42,2260,35731,11.0
42,2261,35743,12.0
42,2262,35755,12.0
42,2263,35765,10.0
42,2264,35775,10.0
42,2265,35786,11.0
42,2266,35800,14.0
42,2267,35813,13.0
42,2268,35825,12.0
42,2269,35835,10.0
42,2270,35851,16.0
42,2271,35863,12.0
42,2272,35873,10.0
42,2273,35894,21.0
42,2274,35910,16.0
42,2275,35926,16.0
42,2276,35936,10.0
42,2277,35945,9.0
42,2278,35955,10.0
42,2279,35963,8.0
42,2280,35973,10.0
42,2281,35982,9.0
42,2282,35993,11.0
42,2283,36003,10.0
42,2284,36013,10.0
42,2285,36024,11.0
42,2286,36035,11.0
42,2287,36044,9.0
42,2288,36054,10.0
42,2289,36066,12.0
42,2290,36077,11.0
42,2291,36087,10.0
42,2292,36098,11.0
42,2293,36110,12.0
42,2294,36122,12.0
42,2295,36137,15.0
42,2296,36147,10.0
42,2297,36160,13.0
42,2298,36174,14.0
42,2299,36186,12.0
42,2300,36201,15.0
42,2301,36215,14.0
42,2302,36228,13.0
42,2303,36237,9.0
42,2304,36246,9.0
42,2305,36255,9.0
42,2306,36265,10.0
42,2307,36277,12.0
42,2308,36287,10.0
42,2309,36298,11.0
42,2310,36311,13.0
42,2311,36320,9.0
42,2312,36329,9.0
42,2313,36342,13.0
42,2314,36353,11.0
42,2315,36368,15.0
42,2316,36380,12.0
42,2317,36389,9.0
42,2318,36400,11.0
42,2319,36414,14.0
42,2320,36424,10.0
42,2321,36434,10.0
42,2322,36445,11.0
42,2323,36458,13.0
42,2324,36470,12.0
42,2325,36480,10.0
42,2326,36488,8.0
42,2327,36498,10.0
42,2328,36509,11.0
42,2329,36518,9.0
42,2330,36533,15.0
42,2331,36542,9.0
42,2332,36559,17.0
42,2333,36574,15.0
42,2334,36585,11.0
42,2335,36599,14.0
42,2336,36611,12.0
42,2337,36622,11.0
42,2338,36630,8.0
42,2339,36641,11.0
42,2340,36651,10.0
42,2341,36661,10.0
42,2342,36674,13.0
42,2343,36685,11.0
42,2344,36699,14.0
42,2345,36709,10.0
42,2346,36718,9.0
42,2347,36728,10.0
42,2348,36740,12.0
42,2349,36749,9.0
42,2350,36759,10.0
42,2351,36770,11.0
42,2352,36784,14.0
42,2353,36794,10.0
42,2354,36807,13.0
42,2355,36819,12.0
42,2356,36833,14.0
42,2357,36843,10.0
42,2358,36853,10.0
42,2359,36864,11.0
42,2360,36877,13.0
42,2361,36897,20.0
42,2362,36913,16.0
42,2363,36924,11.0
42,2364,36932,8.0
42,2365,36943,11.0
42,2366,36953,10.0
42,2367,36964,11.0
42,2368,36978,14.0
42,2369,36992,14.0
42,2370,37001,9.0
42,2371,37011,10.0
42,2372,37021,10.0
42,2373,37032,11.0
42,2374,37042,10.0
42,2375,37056,14.0
42,2376,37065,9.0
42,2377,37074,9.0
42,2378,37084,10.0
42,2379,37096,12.0
42,2380,37108,12.0
42,2381,37119,11.0
42,2382,37132,13.0
42,2383,37145,13.0
42,2384,37155,10.0
42,2385,37168,13.0
42,2386,37176,8.0
42,2387,37193,17.0
42,2388,37216,23.0
42,2389,37225,9.0
42,2390,37236,11.0
42,2391,37246,10.0
42,2392,37259,13.0
42,2393,37268,9.0
42,2394,37280,12.0
42,2395,37292,12.0
42,2396,37301,9.0
42,2397,37312,11.0
42,2398,37331,19.0
42,2399,37341,10.0
42,2400,37358,17.0
42,2401,37372,14.0
42,2402,37382,10.0
42,2403,37394,12.0
42,2404,37406,12.0
42,2405,37418,12.0
42,2406,37437,19.0
42,2407,37447,10.0
42,2408,37460,13.0
42,2409,37480,20.0
42,2410,37494,14.0
42,2411,37504,10.0
42,2412,37520,16.0
42,2413,37532,12.0
42,2414,37545,13.0
42,2415,37555,10.0
42,2416,37565,10.0
42,2417,37581,16.0
42,2418,37591,10.0
42,2419,37602,11.0
42,2420,37611,9.0
42,2421,37620,9.0
42,2422,37630,10.0
42,2423,37641,11.0
42,2424,37657,16.0
42,2425,37668,11.0
42,2426,37680,12.0
42,2427,37690,10.0
42,2428,37703,13.0
42,2429,37716,13.0
42,2430,37729,13.0
42,2431,37738,9.0
42,2432,37753,15.0
42,2433,37762,9.0
42,2434,37774,12.0
42,2435,37785,11.0
42,2436,37794,9.0
42,2437,37805,11.0
42,2438,37815,10.0
42,2439,37826,11.0
42,2440,37838,12.0
42,2441,37848,10.0
42,2442,37862,14.0
42,2443,37871,9.0
42,2444,37884,13.0
42,2445,37894,10.0
42,2446,37905,11.0
42,2447,37915,10.0
42,2448,37928,13.0
42,2449,37939,11.0
42,2450,37949,10.0
42,2451,37958,9.0
42,2452,37970,12.0
42,2453,37980,10.0
42,2454,37996,16.0
42,2455,38006,10.0
42,2456,38016,10.0
42,2457,38031,15.0
42,2458,38040,9.0
42,2459,38049,9.0
42,2460,38061,12.0
42,2461,38071,10.0
42,2462,38080,9.0
42,2463,38091,11.0
42,2464,38099,8.0
42,2465,38109,10.0
42,2466,38122,13.0
42,2467,38131,9.0
42,2468,38140,9.0
42,2469,38157,17.0
42,2470,38171,14.0
42,2471,38181,10.0
42,2472,38193,12.0
42,2473,38207,14.0
42,2474,38218,11.0
42,2475,38232,14.0
42,2476,38246,14.0
42,2477,38258,12.0
42,2478,38266,8.0
42,2479,38281,15.0
42,2480,38290,9.0
42,2481,38299,9.0
42,2482,38312,13.0
42,2483,38325,13.0
42,2484,38336,11.0
42,2485,38348,12.0
42,2486,38358,10.0
42,2487,38370,12.0
42,2488,38380,10.0
42,2489,38391,11.0
42,2490,38401,10.0
42,2491,38411,10.0
42,2492,38422,11.0
42,2493,38433,11.0
42,2494,38443,10.0
42,2495,38452,9.0
42,2496,38465,13.0
42,2497,38478,13.0
42,2498,38491,13.0
42,2499,38500,9.0
42,2500,38513,13.0
42,2501,38522,9.0
42,2502,38538,16.0
42,2503,38549,11.0
42,2504,38558,9.0
42,2505,38567,9.0
42,2506,38576,9.0
42,2507,38586,10.0
42,2508,38596,10.0
42,2509,38611,15.0
42,2510,38628,17.0
42,2511,38647,19.0
42,2512,38657,10.0
42,2513,38667,10.0
42,2514,38677,10.0
42,2515,38687,10.0
42,2516,38700,13.0
42,2517,38710,10.0
42,2518,38720,10.0
42,2519,38730,10.0
42,2520,38742,12.0
42,2521,38759,17.0
42,2522,38774,15.0
42,2523,38785,11.0
42,2524,38795,10.0
42,2525,38806,11.0
42,2526,38815,9.0
42,2527,38825,10.0
42,2528,38835,10.0
42,2529,38845,10.0
42,2530,38859,14.0
42,2531,38870,11.0
42,2532,38882,12.0
42,2533,38898,16.0
42,2534,38907,9.0
42,2535,38919,12.0
42,2536,38931,12.0
42,2537,38948,17.0
42,2538,38959,11.0
42,2539,38972,13.0
42,2540,38982,10.0
42,2541,38993,11.0
42,2542,39002,9.0
42,2543,39015,13.0
42,2544,39027,12.0
42,2545,39037,10.0
42,2546,39046,9.0
42,2547,39060,14.0
42,2548,39069,9.0
42,2549,39078,9.0
42,2550,39091,13.0
42,2551,39103,12.0
42,2552,39113,10.0
42,2553,39123,10.0
42,2554,39132,9.0
42,2555,39141,9.0
42,2556,39150,9.0
42,2557,39169,19.0
42,2558,39180,11.0
42,2559,39191,11.0
42,2560,39200,9.0
42,2561,39211,11.0
42,2562,39232,21.0
42,2563,39243,11.0
42,2564,39256,13.0
42,2565,39266,10.0
42,2566,39276,10.0
42,2567,39286,10.0
42,2568,39296,10.0
42,2569,39309,13.0
42,2570,39319,10.0
42,2571,39335,16.0
42,2572,39346,11.0
42,2573,39361,15.0
42,2574,39371,10.0
42,2575,39385,14.0
42,2576,39400,15.0
42,2577,39409,9.0
42,2578,39421,12.0
42,2579,39432,11.0
42,2580,39443,11.0
42,2581,39462,19.0
42,2582,39472,10.0
42,2583,39481,9.0
42,2584,39492,11.0
42,2585,39503,11.0
42,2586,39513,10.0
42,2587,39528,15.0
42,2588,39539,11.0
42,2589,39551,12.0
42,2590,39563,12.0
42,2591,39574,11.0
42,2592,39584,10.0
42,2593,39594,10.0
42,2594,39605,11.0
42,2595,39619,14.0
42,2596,39630,11.0
42,2597,39641,11.0
42,2598,39673,32.0
42,2599,39682,9.0
42,2600,39692,10.0
42,2601,39704,12.0
42,2602,39714,10.0
42,2603,39729,15.0
42,2604,39744,15.0
42,2605,39754,10.0
42,2606,39765,11.0
42,2607,39777,12.0
42,2608,39787,10.0
42,2609,39799,12.0
42,2610,39811,12.0
42,2611,39825,14.0
42,2612,39837,12.0
42,2613,39851,14.0
42,2614,39862,11.0
42,2615,39873,11.0
42,2616,39886,13.0
42,2617,39899,13.0
42,2618,39914,15.0
42,2619,39924,10.0
42,2620,39934,10.0
42,2621,39945,11.0
42,2622,39958,13.0
42,2623,39968,10.0
42,2624,39976,8.0
42,2625,39986,10.0
42,2626,39994,8.0
42,2627,40004,10.0
42,2628,40018,14.0
42,2629,40027,9.0
42,2630,40038,11.0
42,2631,40051,13.0
42,2632,40060,9.0
42,2633,40071,11.0
42,2634,40081,10.0
42,2635,40096,15.0
42,2636,40109,13.0
42,2637,40125,16.0
42,2638,40135,10.0
42,2639,40148,13.0
42,2640,40157,9.0
42,2641,40169,12.0
42,2642,40181,12.0
42,2643,40197,16.0
42,2644,40208,11.0
42,2645,40231,23.0
42,2646,40241,10.0
42,2647,40253,12.0
42,2648,40263,10.0
42,2649,40275,12.0
42,2650,40292,17.0
42,2651,40304,12.0
42,2652,40314,10.0
42,2653,40339,25.0
42,2654,40349,10.0
42,2655,40358,9.0
42,2656,40368,10.0
42,2657,40381,13.0
42,2658,40391,10.0
42,2659,40405,14.0
42,2660,40420,15.0
42,2661,40433,13.0
42,2662,40448,15.0
42,2663,40459,11.0
42,2664,40471,12.0
42,2665,40482,11.0
42,2666,40495,13.0
42,2667,40504,9.0
42,2668,40514,10.0
42,2669,40522,8.0
42,2670,40532,10.0
42,2671,40543,11.0
42,2672,40556,13.0
42,2673,40565,9.0
42,2674,40575,10.0
42,2675,40588,13.0
42,2676,40601,13.0
42,2677,40609,8.0
42,2678,40618,9.0
42,2679,40627,9.0
42,2680,40638,11.0
42,2681,40648,10.0
42,2682,40660,12.0
42,2683,40671,11.0
42,2684,40681,10.0
42,2685,40701,20.0
42,2686,40710,9.0
42,2687,40721,11.0
42,2688,40733,12.0
42,2689,40741,8.0
42,2690,40764,23.0
42,2691,40779,15.0
42,2692,40789,10.0
42,2693,40800,11.0
42,2694,40808,8.0
42,2695,40822,14.0
42,2696,40833,11.0
42,2697,40843,10.0
42,2698,40852,9.0
42,2699,40862,10.0
42,2700,40873,11.0
42,2701,40883,10.0
42,2702,40893,10.0
42,2703,40902,9.0
42,2704,40924,22.0
42,2705,40933,9.0
42,2706,40943,10.0
42,2707,40953,10.0
42,2708,40965,12.0
42,2709,40976,11.0
42,2710,40985,9.0
42,2711,40998,13.0
42,2712,41010,12.0
42,2713,41019,9.0
42,2714,41036,17.0
42,2715,41046,10.0
42,2716,41061,15.0
42,2717,41069,8.0
42,2718,41080,11.0
42,2719,41091,11.0
42,2720,41104,13.0
42,2721,41114,10.0
42,2722,41126,12.0
42,2723,41135,9.0
42,2724,41153,18.0
42,2725,41162,9.0
42,2726,41173,11.0
42,2727,41187,14.0
42,2728,41197,10.0
42,2729,41209,12.0
42,2730,41219,10.0
42,2731,41233,14.0
42,2732,41248,15.0
42,2733,41267,19.0
42,2734,41276,9.0
42,2735,41293,17.0
42,2736,41307,14.0
42,2737,41320,13.0
42,2738,41332,12.0
42,2739,41346,14.0
42,2740,41356,10.0
42,2741,41368,12.0
42,2742,41378,10.0
42,2743,41387,9.0
42,2744,41397,10.0
42,2745,41406,9.0
42,2746,41418,12.0
42,2747,41427,9.0
42,2748,41442,15.0
42,2749,41451,9.0
42,2750,41465,14.0
42,2751,41475,10.0
42,2752,41489,14.0
42,2753,41500,11.0
42,2754,41510,10.0
42,2755,41522,12.0
42,2756,41532,10.0
42,2757,41541,9.0
42,2758,41556,15.0
42,2759,41568,12.0
42,2760,41581,13.0
42,2761,41592,11.0
42,2762,41604,12.0
42,2763,41615,11.0
42,2764,41626,11.0
42,2765,41635,9.0
42,2766,41643,8.0
42,2767,41653,10.0
42,2768,41667,14.0
42,2769,41678,11.0
42,2770,41689,11.0
42,2771,41699,10.0
42,2772,41712,13.0
42,2773,41720,8.0
42,2774,41730,10.0
42,2775,41752,22.0
42,2776,41761,9.0
42,2777,41771,10.0
42,2778,41780,9.0
42,2779,41797,17.0
42,2780,41808,11.0
42,2781,41816,8.0
42,2782,41827,11.0
42,2783,41836,9.0
42,2784,41850,14.0
42,2785,41866,16.0
42,2786,41879,13.0
42,2787,41896,17.0
42,2788,41909,13.0
42,2789,41920,11.0
42,2790,41933,13.0
42,2791,41947,14.0
42,2792,41956,9.0
42,2793,41964,8.0
42,2794,41982,18.0
42,2795,41992,10.0
42,2796,42005,13.0
42,2797,42015,10.0
42,2798,42024,9.0
42,2799,42032,8.0
42,2800,42042,10.0
42,2801,42053,11.0
42,2802,42063,10.0
42,2803,42077,14.0
42,2804,42087,10.0
42,2805,42097,10.0
42,2806,42115,18.0
42,2807,42124,9.0
42,2808,42134,10.0
42,2809,42146,12.0
42,2810,42156,10.0
42,2811,42169,13.0
42,2812,42181,12.0
42,2813,42196,15.0
42,2814,42207,11.0
42,2815,42217,10.0
42,2816,42225,8.0
42,2817,42235,10.0
42,2818,42245,10.0
42,2819,42258,13.0
42,2820,42266,8.0
42,2821,42276,10.0
42,2822,42286,10.0
42,2823,42298,12.0
42,2824,42307,9.0
42,2825,42315,8.0
42,2826,42327,12.0
42,2827,42337,10.0
42,2828,42350,13.0
42,2829,42359,9.0
42,2830,42368,9.0
42,2831,42378,10.0
42,2832,42394,16.0
42,2833,42403,9.0
42,2834,42414,11.0
42,2835,42423,9.0
42,2836,42436,13.0
42,2837,42447,11.0
42,2838,42458,11.0
42,2839,42470,12.0
42,2840,42484,14.0
42,2841,42497,13.0
42,2842,42506,9.0
42,2843,42514,8.0
42,2844,42524,10.0
42,2845,42533,9.0
42,2846,42543,10.0
42,2847,42554,11.0
42,2848,42566,12.0
42,2849,42576,10.0
42,2850,42588,12.0
42,2851,42596,8.0
42,2852,42607,11.0
42,2853,42617,10.0
42,2854,42627,10.0
42,2855,42639,12.0
42,2856,42651,12.0
42,2857,42662,11.0
42,2858,42675,13.0
42,2859,42687,12.0
42,2860,42698,11.0
42,2861,42711,13.0
42,2862,42720,9.0
42,2863,42731,11.0
42,2864,42739,8.0
42,2865,42753,14.0
42,2866,42763,10.0
42,2867,42774,11.0
42,2868,42786,12.0
42,2869,42794,8.0
42,2870,42803,9.0
42,2871,42823,20.0
42,2872,42837,14.0
42,2873,42847,10.0
42,2874,42857,10.0
42,2875,42868,11.0
42,2876,42882,14.0
42,2877,42900,18.0
42,2878,42913,13.0
42,2879,42933,20.0
42,2880,42947,14.0
42,2881,42958,11.0
42,2882,42968,10.0
42,2883,42980,12.0
42,2884,42990,10.0
42,2885,43005,15.0
42,2886,43016,11.0
42,2887,43031,15.0
42,2888,43044,13.0
42,2889,43055,11.0
42,2890,43067,12.0
42,2891,43077,10.0
42,2892,43088,11.0
42,2893,43099,11.0
42,2894,43109,10.0
42,2895,43121,12.0
42,2896,43136,15.0
42,2897,43145,9.0
42,2898,43154,9.0
42,2899,43169,15.0
42,2900,43179,10.0
42,2901,43197,18.0
42,2902,43210,13.0
42,2903,43222,12.0
42,2904,43236,14.0
42,2905,43257,21.0
42,2906,43267,10.0
42,2907,43279,12.0
42,2908,43289,10.0
42,2909,43299,10.0
42,2910,43312,13.0
42,2911,43327,15.0
42,2912,43342,15.0
42,2913,43357,15.0
42,2914,43371,14.0
42,2915,43382,11.0
42,2916,43391,9.0
42,2917,43403,12.0
42,2918,43411,8.0
42,2919,43421,10.0
42,2920,43431,10.0
42,2921,43441,10.0
42,2922,43455,14.0
42,2923,43467,12.0
42,2924,43476,9.0
42,2925,43487,11.0
42,2926,43500,13.0
42,2927,43512,12.0
42,2928,43522,10.0
42,2929,43531,9.0
42,2930,43543,12.0
42,2931,43557,14.0
42,2932,43566,9.0
42,2933,43576,10.0
42,2934,43588,12.0
42,2935,43598,10.0
42,2936,43609,11.0
42,2937,43620,11.0
42,2938,43632,12.0
42,2939,43641,9.0
42,2940,43653,12.0
42,2941,43663,10.0
42,2942,43672,9.0
42,2943,43683,11.0
42,2944,43693,10.0
42,2945,43703,10.0
42,2946,43715,12.0
42,2947,43731,16.0
42,2948,43742,11.0
42,2949,43753,11.0
42,2950,43763,10.0
42,2951,43776,13.0
42,2952,43785,9.0
42,2953,43797,12.0
42,2954,43809,12.0
42,2955,43820,11.0
42,2956,43828,8.0
42,2957,43839,11.0
42,2958,43855,16.0
42,2959,43865,10.0
42,2960,43881,16.0
42,2961,43890,9.0
42,2962,43905,15.0
42,2963,43918,13.0
42,2964,43928,10.0
42,2965,43938,10.0
42,2966,43946,8.0
42,2967,43956,10.0
42,2968,43966,10.0
42,2969,43979,13.0
42,2970,43989,10.0
42,2971,44004,15.0
42,2972,44018,14.0
42,2973,44030,12.0
42,2974,44040,10.0
42,2975,44052,12.0
42,2976,44069,17.0
42,2977,44081,12.0
42,2978,44092,11.0
42,2979,44102,10.0
42,2980,44111,9.0
42,2981,44121,10.0
42,2982,44136,15.0
42,2983,44147,11.0
42,2984,44157,10.0
42,2985,44168,11.0
42,2986,44179,11.0
42,2987,44194,15.0
42,2988,44210,16.0
42,2989,44222,12.0
42,2990,44234,12.0
42,2991,44244,10.0
42,2992,44254,10.0
42,2993,44273,19.0
42,2994,44287,14.0
42,2995,44303,16.0
42,2996,44313,10.0
42,2997,44326,13.0
42,2998,44336,10.0
42,2999,44348,12.0
42,3000,44359,11.0
42,3001,44377,18.0
42,3002,44388,11.0
42,3003,44399,11.0
42,3004,44410,11.0
42,3005,44424,14.0
42,3006,44437,13.0
42,3007,44453,16.0
42,3008,44462,9.0
42,3009,44474,12.0
42,3010,44483,9.0
42,3011,44499,16.0
42,3012,44507,8.0
42,3013,44518,11.0
42,3014,44532,14.0
42,3015,44544,12.0
42,3016,44556,12.0
42,3017,44571,15.0
42,3018,44588,17.0
42,3019,44604,16.0
42,3020,44613,9.0
42,3021,44623,10.0
42,3022,44636,13.0
42,3023,44649,13.0
42,3024,44659,10.0
42,3025,44668,9.0
42,3026,44690,22.0
42,3027,44700,10.0
42,3028,44710,10.0
42,3029,44722,12.0
42,3030,44732,10.0
42,3031,44743,11.0
42,3032,44752,9.0
42,3033,44764,12.0
42,3034,44777,13.0
42,3035,44791,14.0
42,3036,44805,14.0
42,3037,44815,10.0
42,3038,44824,9.0
42,3039,44849,25.0
42,3040,44859,10.0
42,3041,44869,10.0
42,3042,44878,9.0
42,3043,44887,9.0
42,3044,44899,12.0
42,3045,44910,11.0
42,3046,44919,9.0
42,3047,44928,9.0
42,3048,44938,10.0
42,3049,44948,10.0
42,3050,44959,11.0
42,3051,44971,12.0
42,3052,44984,13.0
42,3053,44998,14.0
42,3054,45012,14.0
42,3055,45020,8.0
42,3056,45035,15.0
42,3057,45046,11.0
42,3058,45055,9.0
42,3059,45064,9.0
42,3060,45074,10.0
42,3061,45085,11.0
42,3062,45097,12.0
42,3063,45106,9.0
42,3064,45119,13.0
42,3065,45130,11.0
42,3066,45149,19.0
42,3067,45158,9.0
42,3068,45168,10.0
42,3069,45181,13.0
42,3070,45197,16.0
42,3071,45211,14.0
42,3072,45223,12.0
42,3073,45233,10.0
42,3074,45244,11.0
42,3075,45259,15.0
42,3076,45270,11.0
42,3077,45279,9.0
42,3078,45295,16.0
42,3079,45308,13.0
42,3080,45318,10.0
42,3081,45327,9.0
42,3082,45337,10.0
42,3083,45346,9.0
42,3084,45356,10.0
42,3085,45368,12.0
42,3086,45382,14.0
42,3087,45393,11.0
42,3088,45407,14.0
42,3089,45426,19.0
42,3090,45437,11.0
42,3091,45445,8.0
42,3092,45458,13.0
42,3093,45469,11.0
42,3094,45479,10.0
42,3095,45488,9.0
42,3096,45497,9.0
42,3097,45510,13.0
42,3098,45525,15.0
42,3099,45541,16.0
42,3100,45558,17.0
42,3101,45570,12.0
42,3102,45580,10.0
42,3103,45591,11.0
42,3104,45602,11.0
42,3105,45612,10.0
42,3106,45625,13.0
42,3107,45640,15.0
42,3108,45651,11.0
42,3109,45664,13.0
42,3110,45673,9.0
42,3111,45683,10.0
42,3112,45692,9.0
42,3113,45702,10.0
42,3114,45713,11.0
42,3115,45722,9.0
42,3116,45737,15.0
42,3117,45748,11.0
42,3118,45757,9.0
42,3119,45768,11.0
42,3120,45780,12.0
42,3121,45797,17.0
42,3122,45807,10.0
42,3123,45817,10.0
42,3124,45829,12.0
42,3125,45839,10.0
42,3126,45852,13.0
42,3127,45867,15.0
42,3128,45877,10.0
42,3129,45887,10.0
42,3130,45899,12.0
42,3131,45912,13.0
42,3132,45924,12.0
42,3133,45934,10.0
42,3134,45946,12.0
42,3135,45958,12.0
42,3136,45967,9.0
42,3137,45976,9.0
42,3138,45991,15.0
42,3139,46004,13.0
42,3140,46013,9.0
42,3141,46023,10.0
42,3142,46033,10.0
42,3143,46044,11.0
42,3144,46055,11.0
42,3145,46065,10.0
42,3146,46073,8.0
42,3147,46083,10.0
42,3148,46092,9.0
42,3149,46101,9.0
42,3150,46125,24.0
42,3151,46134,9.0
42,3152,46144,10.0
42,3153,46154,10.0
42,3154,46164,10.0
42,3155,46176,12.0
42,3156,46187,11.0
42,3157,46199,12.0
42,3158,46214,15.0
42,3159,46225,11.0
42,3160,46235,10.0
42,3161,46248,13.0
42,3162,46260,12.0
42,3163,46270,10.0
42,3164,46279,9.0
42,3165,46290,11.0
42,3166,46300,10.0
42,3167,46310,10.0
42,3168,46320,10.0
42,3169,46330,10.0
42,3170,46341,11.0
42,3171,46350,9.0
42,3172,46361,11.0
42,3173,46373,12.0
42,3174,46382,9.0
42,3175,46396,14.0
42,3176,46408,12.0
42,3177,46418,10.0
42,3178,46428,10.0
42,3179,46437,9.0
42,3180,46454,17.0
42,3181,46463,9.0
42,3182,46472,9.0
42,3183,46484,12.0
42,3184,46496,12.0
42,3185,46507,11.0
42,3186,46519,12.0
42,3187,46529,10.0
42,3188,46540,11.0
42,3189,46551,11.0
42,3190,46562,11.0
42,3191,46571,9.0
42,3192,46582,11.0
42,3193,46590,8.0
42,3194,46599,9.0
42,3195,46610,11.0
42,3196,46623,13.0
42,3197,46632,9.0
42,3198,46646,14.0
42,3199,46657,11.0
42,3200,46666,9.0
42,3201,46676,10.0
42,3202,46689,13.0
42,3203,46703,14.0
42,3204,46715,12.0
42,3205,46726,11.0
42,3206,46736,10.0
42,3207,46747,11.0
42,3208,46757,10.0
42,3209,46770,13.0
42,3210,46780,10.0
42,3211,46795,15.0
42,3212,46806,11.0
42,3213,46817,11.0
42,3214,46827,10.0
42,3215,46839,12.0
42,3216,46848,9.0
42,3217,46857,9.0
42,3218,46867,10.0
42,3219,46876,9.0
42,3220,46886,10.0
42,3221,46903,17.0
42,3222,46913,10.0
42,3223,46924,11.0
42,3224,46935,11.0
42,3225,46947,12.0
42,3226,46960,13.0
42,3227,46969,9.0
42,3228,46981,12.0
42,3229,46995,14.0
42,3230,47005,10.0
42,3231,47017,12.0
42,3232,47026,9.0
42,3233,47044,18.0
42,3234,47052,8.0
42,3235,47063,11.0
42,3236,47072,9.0
42,3237,47083,11.0
42,3238,47094,11.0
42,3239,47104,10.0
42,3240,47116,12.0
42,3241,47126,10.0
42,3242,47135,9.0
42,3243,47146,11.0
42,3244,47159,13.0
42,3245,47169,10.0
42,3246,47180,11.0
42,3247,47190,10.0
42,3248,47202,12.0
42,3249,47211,9.0
42,3250,47228,17.0
42,3251,47238,10.0
42,3252,47256,18.0
42,3253,47270,14.0
42,3254,47279,9.0
42,3255,47289,10.0
42,3256,47299,10.0
42,3257,47311,12.0
42,3258,47324,13.0
42,3259,47338,14.0
42,3260,47352,14.0
42,3261,47363,11.0
42,3262,47374,11.0
42,3263,47387,13.0
42,3264,47400,13.0
42,3265,47410,10.0
42,3266,47422,12.0
42,3267,47447,25.0
42,3268,47459,12.0
42,3269,47471,12.0
42,3270,47482,11.0
42,3271,47494,12.0
42,3272,47502,8.0
42,3273,47513,11.0
42,3274,47524,11.0
42,3275,47535,11.0
42,3276,47544,9.0
42,3277,47553,9.0
42,3278,47566,13.0
42,3279,47577,11.0
42,3280,47588,11.0
42,3281,47601,13.0
42,3282,47611,10.0
42,3283,47625,14.0
42,3284,47638,13.0
42,3285,47647,9.0
42,3286,47658,11.0
42,3287,47670,12.0
42,3288,47682,12.0
42,3289,47695,13.0
42,3290,47707,12.0
42,3291,47723,16.0
42,3292,47734,11.0
42,3293,47744,10.0
42,3294,47753,9.0
42,3295,47763,10.0
42,3296,47777,14.0
42,3297,47789,12.0
42,3298,47804,15.0
42,3299,47814,10.0
42,3300,47828,14.0
42,3301,47838,10.0
42,3302,47862,24.0
42,3303,47872,10.0
42,3304,47883,11.0
42,3305,47893,10.0
42,3306,47905,12.0
42,3307,47915,10.0
42,3308,47929,14.0
42,3309,47938,9.0
42,3310,47947,9.0
42,3311,47957,10.0
42,3312,47966,9.0
42,3313,47977,11.0
42,3314,47992,15.0
42,3315,48001,9.0
42,3316,48015,14.0
42,3317,48027,12.0
42,3318,48037,10.0
42,3319,48048,11.0
42,3320,48058,10.0
42,3321,48070,12.0
42,3322,48083,13.0
42,3323,48093,10.0
42,3324,48106,13.0
42,3325,48116,10.0
42,3326,48128,12.0
42,3327,48158,30.0
42,3328,48167,9.0
42,3329,48178,11.0
42,3330,48187,9.0
42,3331,48200,13.0
42,3332,48209,9.0
42,3333,48222,13.0
42,3334,48235,13.0
42,3335,48246,11.0
42,3336,48255,9.0
42,3337,48268,13.0
42,3338,48278,10.0
42,3339,48293,15.0
42,3340,48306,13.0
42,3341,48316,10.0
42,3342,48327,11.0
42,3343,48339,12.0
42,3344,48348,9.0
42,3345,48361,13.0
42,3346,48370,9.0
42,3347,48378,8.0
42,3348,48388,10.0
42,3349,48401,13.0
42,3350,48410,9.0
42,3351,48427,17.0
42,3352,48436,9.0
42,3353,48451,15.0
42,3354,48460,9.0
42,3355,48478,18.0
42,3356,48489,11.0
42,3357,48501,12.0
42,3358,48522,21.0
42,3359,48533,11.0
42,3360,48546,13.0
42,3361,48555,9.0
42,3362,48572,17.0
42,3363,48584,12.0
42,3364,48598,14.0
42,3365,48611,13.0
42,3366,48627,16.0
42,3367,48636,9.0
42,3368,48645,9.0
42,3369,48653,8.0
42,3370,48663,10.0
42,3371,48671,8.0
42,3372,48683,12.0
42,3373,48696,13.0
42,3374,48705,9.0
42,3375,48717,12.0
42,3376,48729,12.0
42,3377,48738,9.0
42,3378,48749,11.0
42,3379,48759,10.0
42,3380,48768,9.0
42,3381,48778,10.0
42,3382,48805,27.0
42,3383,48817,12.0
42,3384,48826,9.0
42,3385,48837,11.0
42,3386,48854,17.0
42,3387,48866,12.0
42,3388,48876,10.0
42,3389,48887,11.0
42,3390,48898,11.0
42,3391,48910,12.0
42,3392,48920,10.0
42,3393,48932,12.0
42,3394,48944,12.0
42,3395,48970,26.0
42,3396,48980,10.0
42,3397,48990,10.0
42,3398,49001,11.0
42,3399,49013,12.0
42,3400,49022,9.0
42,3401,49034,12.0
42,3402,49046,12.0
42,3403,49058,12.0
42,3404,49067,9.0
42,3405,49078,11.0
42,3406,49091,13.0
42,3407,49102,11.0
42,3408,49112,10.0
42,3409,49127,15.0
42,3410,49139,12.0
42,3411,49149,10.0
42,3412,49159,10.0
42,3413,49168,9.0
42,3414,49176,8.0
42,3415,49186,10.0
42,3416,49199,13.0
42,3417,49210,11.0
42,3418,49224,14.0
42,3419,49241,17.0
42,3420,49254,13.0
42,3421,49263,9.0
42,3422,49275,12.0
42,3423,49287,12.0
42,3424,49295,8.0
42,3425,49311,16.0
42,3426,49326,15.0
42,3427,49337,11.0
42,3428,49348,11.0
42,3429,49358,10.0
42,3430,49369,11.0
42,3431,49379,10.0
42,3432,49388,9.0
42,3433,49402,14.0
42,3434,49415,13.0
42,3435,49425,10.0
42,3436,49437,12.0
42,3437,49455,18.0
42,3438,49465,10.0
42,3439,49478,13.0
42,3440,49488,10.0
42,3441,49497,9.0
42,3442,49509,12.0
42,3443,49521,12.0
42,3444,49535,14.0
42,3445,49545,10.0
42,3446,49554,9.0
42,3447,49565,11.0
42,3448,49575,10.0
42,3449,49586,11.0
42,3450,49595,9.0
42,3451,49606,11.0
42,3452,49614,8.0
42,3453,49623,9.0
42,3454,49633,10.0
42,3455,49644,11.0
42,3456,49656,12.0
42,3457,49665,9.0
42,3458,49676,11.0
42,3459,49693,17.0
42,3460,49704,11.0
42,3461,49713,9.0
42,3462,49726,13.0
42,3463,49735,9.0
42,3464,49743,8.0
42,3465,49754,11.0
42,3466,49762,8.0
42,3467,49773,11.0
42,3468,49783,10.0
42,3469,49797,14.0
42,3470,49808,11.0
42,3471,49819,11.0
42,3472,49827,8.0
42,3473,49838,11.0
42,3474,49849,11.0
42,3475,49862,13.0
42,3476,49876,14.0
42,3477,49891,15.0
42,3478,49902,11.0
42,3479,49912,10.0
42,3480,49923,11.0
42,3481,49938,15.0
42,3482,49950,12.0
42,3483,49966,16.0
42,3484,49976,10.0
42,3485,49985,9.0
42,3486,49998,13.0
42,3487,50009,11.0
42,3488,50018,9.0
42,3489,50028,10.0
42,3490,50037,9.0
42,3491,50048,11.0
42,3492,50058,10.0
42,3493,50066,8.0
42,3494,50081,15.0
42,3495,50091,10.0
42,3496,50101,10.0
42,3497,50110,9.0
42,3498,50121,11.0
42,3499,50132,11.0
42,3500,50144,12.0
42,3501,50160,16.0
42,3502,50172,12.0
42,3503,50181,9.0
42,3504,50193,12.0
42,3505,50204,11.0
42,3506,50215,11.0
42,3507,50223,8.0
42,3508,50242,19.0
42,3509,50255,13.0
42,3510,50275,20.0
42,3511,50289,14.0
42,3512,50304,15.0
42,3513,50313,9.0
42,3514,50325,12.0
42,3515,50337,12.0
42,3516,50350,13.0
42,3517,50360,10.0
42,3518,50370,10.0
42,3519,50384,14.0
42,3520,50398,14.0
42,3521,50408,10.0
42,3522,50425,17.0
42,3523,50436,11.0
42,3524,50452,16.0
42,3525,50462,10.0
42,3526,50472,10.0
42,3527,50482,10.0
42,3528,50494,12.0
42,3529,50504,10.0
42,3530,50514,10.0
42,3531,50532,18.0
42,3532,50544,12.0
42,3533,50559,15.0
42,3534,50569,10.0
42,3535,50579,10.0
42,3536,50588,9.0
42,3537,50600,12.0
42,3538,50613,13.0
42,3539,50622,9.0
42,3540,50634,12.0
42,3541,50647,13.0
42,3542,50656,9.0
42,3543,50669,13.0
42,3544,50680,11.0
42,3545,50690,10.0
42,3546,50706,16.0
42,3547,50714,8.0
42,3548,50724,10.0
42,3549,50740,16.0
42,3550,50749,9.0
42,3551,50760,11.0
42,3552,50770,10.0
42,3553,50784,14.0
42,3554,50793,9.0
42,3555,50803,10.0
42,3556,50816,13.0
42,3557,50829,13.0
42,3558,50840,11.0
42,3559,50851,11.0
42,3560,50861,10.0
42,3561,50873,12.0
42,3562,50882,9.0
42,3563,50894,12.0
42,3564,50908,14.0
42,3565,50917,9.0
42,3566,50927,10.0
42,3567,50941,14.0
42,3568,50950,9.0
42,3569,50959,9.0
42,3570,50970,11.0
42,3571,50982,12.0
42,3572,51001,19.0
42,3573,51011,10.0
42,3574,51021,10.0
42,3575,51034,13.0
42,3576,51043,9.0
42,3577,51053,10.0
42,3578,51063,10.0
42,3579,51074,11.0
42,3580,51088,14.0
42,3581,51100,12.0
42,3582,51109,9.0
42,3583,51119,10.0
42,3584,51130,11.0
42,3585,51139,9.0
42,3586,51154,15.0
42,3587,51165,11.0
42,3588,51175,10.0
42,3589,51189,14.0
42,3590,51199,10.0
42,3591,51213,14.0
42,3592,51222,9.0
42,3593,51232,10.0
42,3594,51241,9.0
42,3595,51254,13.0
42,3596,51268,14.0
42,3597,51276,8.0
42,3598,51286,10.0
42,3599,51299,13.0
42,3600,51309,10.0
42,3601,51319,10.0
42,3602,51329,10.0
42,3603,51340,11.0
42,3604,51351,11.0
42,3605,51361,10.0
42,3606,51372,11.0
42,3607,51387,15.0
42,3608,51396,9.0
42,3609,51405,9.0
42,3610,51415,10.0
42,3611,51426,11.0
42,3612,51440,14.0
42,3613,51449,9.0
42,3614,51459,10.0
42,3615,51469,10.0
42,3616,51479,10.0
42,3617,51489,10.0
42,3618,51497,8.0
42,3619,51508,11.0
42,3620,51518,10.0
42,3621,51530,12.0
42,3622,51546,16.0
42,3623,51560,14.0
42,3624,51569,9.0
42,3625,51584,15.0
42,3626,51598,14.0
42,3627,51606,8.0
42,3628,51616,10.0
42,3629,51629,13.0
42,3630,51641,12.0
42,3631,51651,10.0
42,3632,51661,10.0
42,3633,51672,11.0
42,3634,51681,9.0
42,3635,51690,9.0
42,3636,51699,9.0
42,3637,51712,13.0
42,3638,51722,10.0
42,3639,51733,11.0
42,3640,51751,18.0
42,3641,51761,10.0
42,3642,51770,9.0
42,3643,51782,12.0
42,3644,51795,13.0
42,3645,51804,9.0
42,3646,51814,10.0
42,3647,51825,11.0
42,3648,51836,11.0
42,3649,51849,13.0
42,3650,51860,11.0
42,3651,51872,12.0
42,3652,51887,15.0
42,3653,51895,8.0
42,3654,51905,10.0
42,3655,51915,10.0
42,3656,51925,10.0
42,3657,51937,12.0
42,3658,51948,11.0
42,3659,51959,11.0
42,3660,51973,14.0
42,3661,51985,12.0
42,3662,51995,10.0
42,3663,52004,9.0
42,3664,52020,16.0
42,3665,52032,12.0
42,3666,52049,17.0
42,3667,52058,9.0
42,3668,52069,11.0
42,3669,52077,8.0
42,3670,52087,10.0
42,3671,52098,11.0
42,3672,52111,13.0
42,3673,52125,14.0
42,3674,52136,11.0
42,3675,52146,10.0
42,3676,52157,11.0
42,3677,52168,11.0
42,3678,52176,8.0
42,3679,52186,10.0
42,3680,52200,14.0
42,3681,52212,12.0
42,3682,52232,20.0
42,3683,52244,12.0
42,3684,52256,12.0
42,3685,52270,14.0
42,3686,52282,12.0
42,3687,52292,10.0
42,3688,52302,10.0
42,3689,52316,14.0
42,3690,52326,10.0
42,3691,52336,10.0
42,3692,52345,9.0
42,3693,52356,11.0
42,3694,52370,14.0
42,3695,52379,9.0
42,3696,52390,11.0
42,3697,52402,12.0
42,3698,52417,15.0
42,3699,52426,9.0
42,3700,52441,15.0
42,3701,52455,14.0
42,3702,52468,13.0
42,3703,52479,11.0
42,3704,52492,13.0
42,3705,52502,10.0
42,3706,52516,14.0
42,3707,52527,11.0
42,3708,52540,13.0
42,3709,52551,11.0
42,3710,52562,11.0
42,3711,52573,11.0
42,3712,52583,10.0
42,3713,52595,12.0
42,3714,52610,15.0
42,3715,52620,10.0
42,3716,52636,16.0
42,3717,52647,11.0
42,3718,52657,10.0
42,3719,52671,14.0
42,3720,52682,11.0
42,3721,52693,11.0
42,3722,52704,11.0
42,3723,52717,13.0
42,3724,52729,12.0
42,3725,52744,15.0
42,3726,52753,9.0
42,3727,52763,10.0
42,3728,52774,11.0
42,3729,52784,10.0
42,3730,52796,12.0
42,3731,52810,14.0
42,3732,52821,11.0
42,3733,52834,13.0
42,3734,52844,10.0
42,3735,52853,9.0
42,3736,52873,20.0
42,3737,52887,14.0
42,3738,52895,8.0
42,3739,52903,8.0
42,3740,52912,9.0
42,3741,52921,9.0
42,3742,52941,20.0
42,3743,52957,16.0
42,3744,52970,13.0
42,3745,52981,11.0
42,3746,52991,10.0
42,3747,53004,13.0
42,3748,53015,11.0
42,3749,53026,11.0
42,3750,53038,12.0
42,3751,53048,10.0
42,3752,53058,10.0
42,3753,53071,13.0
42,3754,53081,10.0
42,3755,53093,12.0
42,3756,53102,9.0
42,3757,53115,13.0
42,3758,53132,17.0
42,3759,53142,10.0
42,3760,53152,10.0
42,3761,53162,10.0
42,3762,53177,15.0
42,3763,53187,10.0
42,3764,53200,13.0
42,3765,53210,10.0
42,3766,53219,9.0
42,3767,53227,8.0
42,3768,53238,11.0
42,3769,53247,9.0
42,3770,53259,12.0
42,3771,53272,13.0
42,3772,53286,14.0
42,3773,53296,10.0
42,3774,53311,15.0
42,3775,53323,12.0
42,3776,53335,12.0
42,3777,53344,9.0
42,3778,53353,9.0
42,3779,53363,10.0
42,3780,53371,8.0
42,3781,53381,10.0
42,3782,53394,13.0
42,3783,53405,11.0
42,3784,53415,10.0
42,3785,53429,14.0
42,3786,53439,10.0
42,3787,53449,10.0
42,3788,53458,9.0
42,3789,53469,11.0
42,3790,53487,18.0
42,3791,53496,9.0
42,3792,53506,10.0
42,3793,53516,10.0
42,3794,53524,8.0
42,3795,53533,9.0
42,3796,53543,10.0
42,3797,53553,10.0
42,3798,53565,12.0
42,3799,53580,15.0
42,3800,53594,14.0
42,3801,53604,10.0
42,3802,53616,12.0
42,3803,53631,15.0
42,3804,53641,10.0
42,3805,53652,11.0
42,3806,53667,15.0
42,3807,53681,14.0
42,3808,53692,11.0
42,3809,53705,13.0
42,3810,53721,16.0
42,3811,53734,13.0
42,3812,53743,9.0
42,3813,53752,9.0
42,3814,53764,12.0
42,3815,53780,16.0
42,3816,53791,11.0
42,3817,53801,10.0
42,3818,53811,10.0
42,3819,53820,9.0
42,3820,53831,11.0
42,3821,53843,12.0
42,3822,53852,9.0
42,3823,53868,16.0
42,3824,53879,11.0
42,3825,53889,10.0
42,3826,53899,10.0
42,3827,53910,11.0
42,3828,53923,13.0
42,3829,53935,12.0
42,3830,53951,16.0
42,3831,53964,13.0
42,3832,53975,11.0
42,3833,53985,10.0
42,3834,53999,14.0
42,3835,54010,11.0
42,3836,54024,14.0
42,3837,54033,9.0
42,3838,54042,9.0
42,3839,54053,11.0
42,3840,54065,12.0
42,3841,54075,10.0
42,3842,54085,10.0
42,3843,54096,11.0
42,3844,54105,9.0
42,3845,54116,11.0
42,3846,54129,13.0
42,3847,54139,10.0
42,3848,54154,15.0
42,3849,54165,11.0
42,3850,54183,18.0
42,3851,54193,10.0
42,3852,54203,10.0
42,3853,54215,12.0
42,3854,54226,11.0
42,3855,54236,10.0
42,3856,54251,15.0
42,3857,54263,12.0
42,3858,54279,16.0
42,3859,54288,9.0
42,3860,54298,10.0
42,3861,54306,8.0
42,3862,54316,10.0
42,3863,54331,15.0
42,3864,54340,9.0
42,3865,54349,9.0
42,3866,54359,10.0
42,3867,54369,10.0
42,3868,54379,10.0
42,3869,54393,14.0
42,3870,54402,9.0
42,3871,54413,11.0
42,3872,54422,9.0
42,3873,54432,10.0
42,3874,54443,11.0
42,3875,54453,10.0
42,3876,54466,13.0
42,3877,54486,20.0
42,3878,54505,19.0
42,3879,54514,9.0
42,3880,54523,9.0
42,3881,54536,13.0
42,3882,54550,14.0
42,3883,54560,10.0
42,3884,54574,14.0
42,3885,54584,10.0
42,3886,54594,10.0
42,3887,54609,15.0
42,3888,54619,10.0
42,3889,54632,13.0
42,3890,54648,16.0
42,3891,54660,12.0
42,3892,54671,11.0
42,3893,54682,11.0
42,3894,54694,12.0
42,3895,54704,10.0
42,3896,54717,13.0
42,3897,54732,15.0
42,3898,54742,10.0
42,3899,54752,10.0
42,3900,54761,9.0
42,3901,54776,15.0
42,3902,54786,10.0
42,3903,54799,13.0
42,3904,54811,12.0
42,3905,54824,13.0
42,3906,54833,9.0
42,3907,54847,14.0
42,3908,54858,11.0
42,3909,54870,12.0
42,3910,54880,10.0
42,3911,54890,10.0
42,3912,54900,10.0
42,3913,54910,10.0
42,3914,54924,14.0
42,3915,54938,14.0
42,3916,54946,8.0
42,3917,54955,9.0
42,3918,54967,12.0
42,3919,54978,11.0
42,3920,54990,12.0
42,3921,55002,12.0
42,3922,55012,10.0
42,3923,55022,10.0
42,3924,55034,12.0
42,3925,55044,10.0
42,3926,55061,17.0
42,3927,55072,11.0
42,3928,55084,12.0
42,3929,55094,10.0
42,3930,55105,11.0
42,3931,55118,13.0
42,3932,55128,10.0
42,3933,55137,9.0
42,3934,55149,12.0
42,3935,55173,24.0
42,3936,55185,12.0
42,3937,55196,11.0
42,3938,55206,10.0
42,3939,55216,10.0
42,3940,55227,11.0
42,3941,55235,8.0
42,3942,55245,10.0
42,3943,55255,10.0
42,3944,55263,8.0
42,3945,55272,9.0
42,3946,55282,10.0
42,3947,55293,11.0
42,3948,55302,9.0
42,3949,55315,13.0
42,3950,55325,10.0
42,3951,55338,13.0
42,3952,55348,10.0
42,3953,55359,11.0
42,3954,55375,16.0
42,3955,55385,10.0
42,3956,55395,10.0
42,3957,55405,10.0
42,3958,55415,10.0
42,3959,55429,14.0
42,3960,55442,13.0
42,3961,55452,10.0
42,3962,55464,12.0
42,3963,55475,11.0
42,3964,55487,12.0
42,3965,55498,11.0
42,3966,55508,10.0
42,3967,55518,10.0
42,3968,55531,13.0
42,3969,55540,9.0
42,3970,55550,10.0
42,3971,55560,10.0
42,3972,55570,10.0
42,3973,55580,10.0
42,3974,55590,10.0
42,3975,55604,14.0
42,3976,55615,11.0
42,3977,55625,10.0
42,3978,55634,9.0
42,3979,55646,12.0
42,3980,55656,10.0
42,3981,55665,9.0
42,3982,55675,10.0
42,3983,55685,10.0
42,3984,55695,10.0
42,3985,55705,10.0
42,3986,55716,11.0
42,3987,55727,11.0
42,3988,55738,11.0
42,3989,55747,9.0
42,3990,55758,11.0
42,3991,55768,10.0
42,3992,55779,11.0
42,3993,55790,11.0
42,3994,55800,10.0
42,3995,55810,10.0
42,3996,55818,8.0
42,3997,55828,10.0
42,3998,55845,17.0
42,3999,55856,11.0
42,4000,55868,12.0
42,4001,55878,10.0
42,4002,55890,12.0
42,4003,55904,14.0
42,4004,55913,9.0
42,4005,55921,8.0
42,4006,55933,12.0
42,4007,55945,12.0
42,4008,55954,9.0
42,4009,55966,12.0
42,4010,55978,12.0
42,4011,55989,11.0
42,4012,56000,11.0
42,4013,56010,10.0
42,4014,56020,10.0
42,4015,56030,10.0
42,4016,56042,12.0
42,4017,56055,13.0
42,4018,56071,16.0
42,4019,56085,14.0
42,4020,56096,11.0
42,4021,56106,10.0
42,4022,56119,13.0
42,4023,56135,16.0
42,4024,56145,10.0
42,4025,56155,10.0
42,4026,56181,26.0
42,4027,56192,11.0
42,4028,56203,11.0
42,4029,56217,14.0
42,4030,56227,10.0
42,4031,56236,9.0
42,4032,56246,10.0
42,4033,56254,8.0
42,4034,56264,10.0
42,4035,56273,9.0
42,4036,56282,9.0
42,4037,56293,11.0
42,4038,56302,9.0
42,4039,56312,10.0
42,4040,56321,9.0
42,4041,56332,11.0
42,4042,56344,12.0
42,4043,56353,9.0
42,4044,56362,9.0
42,4045,56375,13.0
42,4046,56389,14.0
42,4047,56399,10.0
42,4048,56412,13.0
42,4049,56429,17.0
42,4050,56443,14.0
42,4051,56452,9.0
42,4052,56463,11.0
42,4053,56476,13.0
42,4054,56485,9.0
42,4055,56496,11.0
42,4056,56510,14.0
42,4057,56520,10.0
42,4058,56531,11.0
42,4059,56542,11.0
42,4060,56554,12.0
42,4061,56564,10.0
42,4062,56583,19.0
42,4063,56594,11.0
42,4064,56605,11.0
42,4065,56617,12.0
42,4066,56629,12.0
42,4067,56642,13.0
42,4068,56651,9.0
42,4069,56660,9.0
42,4070,56669,9.0
42,4071,56679,10.0
42,4072,56697,18.0
42,4073,56707,10.0
42,4074,56721,14.0
42,4075,56732,11.0
42,4076,56743,11.0
42,4077,56755,12.0
42,4078,56768,13.0
42,4079,56778,10.0
42,4080,56788,10.0
42,4081,56799,11.0
42,4082,56810,11.0
42,4083,56819,9.0
42,4084,56829,10.0
42,4085,56843,14.0
42,4086,56852,9.0
42,4087,56860,8.0
42,4088,56869,9.0
42,4089,56883,14.0
42,4090,56894,11.0
42,4091,56903,9.0
42,4092,56914,11.0
42,4093,56925,11.0
42,4094,56935,10.0
42,4095,56946,11.0
42,4096,56959,13.0
42,4097,56967,8.0
42,4098,56976,9.0
42,4099,56987,11.0
42,4100,56997,10.0
42,4101,57007,10.0
42,4102,57017,10.0
42,4103,57026,9.0
42,4104,57036,10.0
42,4105,57048,12.0
42,4106,57058,10.0
42,4107,57070,12.0
42,4108,57078,8.0
42,4109,57088,10.0
42,4110,57100,12.0
42,4111,57110,10.0
42,4112,57125,15.0
42,4113,57135,10.0
42,4114,57147,12.0
42,4115,57158,11.0
42,4116,57170,12.0
42,4117,57182,12.0
42,4118,57192,10.0
42,4119,57201,9.0
42,4120,57211,10.0
42,4121,57220,9.0
42,4122,57230,10.0
42,4123,57239,9.0
42,4124,57249,10.0
42,4125,57257,8.0
42,4126,57269,12.0
42,4127,57282,13.0
42,4128,57294,12.0
42,4129,57304,10.0
42,4130,57314,10.0
42,4131,57324,10.0
42,4132,57333,9.0
42,4133,57348,15.0
42,4134,57364,16.0
42,4135,57378,14.0
42,4136,57389,11.0
42,4137,57399,10.0
42,4138,57409,10.0
42,4139,57419,10.0
42,4140,57430,11.0
42,4141,57443,13.0
42,4142,57453,10.0
42,4143,57464,11.0
42,4144,57475,11.0
42,4145,57484,9.0
42,4146,57493,9.0
42,4147,57503,10.0
42,4148,57520,17.0
42,4149,57532,12.0
42,4150,57543,11.0
42,4151,57555,12.0
42,4152,57566,11.0
42,4153,57578,12.0
42,4154,57588,10.0
42,4155,57603,15.0
42,4156,57613,10.0
42,4157,57623,10.0
42,4158,57633,10.0
42,4159,57644,11.0
42,4160,57656,12.0
42,4161,57666,10.0
42,4162,57674,8.0
42,4163,57685,11.0
42,4164,57695,10.0
42,4165,57705,10.0
42,4166,57714,9.0
42,4167,57725,11.0
42,4168,57737,12.0
42,4169,57751,14.0
42,4170,57760,9.0
42,4171,57776,16.0
42,4172,57789,13.0
42,4173,57801,12.0
42,4174,57811,10.0
42,4175,57820,9.0
42,4176,57833,13.0
42,4177,57843,10.0
42,4178,57854,11.0
42,4179,57862,8.0
42,4180,57870,8.0
42,4181,57881,11.0
42,4182,57896,15.0
42,4183,57906,10.0
42,4184,57915,9.0
42,4185,57925,10.0
42,4186,57934,9.0
42,4187,57944,10.0
42,4188,57955,11.0
42,4189,57965,10.0
42,4190,57980,15.0
42,4191,57992,12.0
42,4192,58007,15.0
42,4193,58017,10.0
42,4194,58026,9.0
42,4195,58037,11.0
42,4196,58048,11.0
42,4197,58057,9.0
42,4198,58068,11.0
42,4199,58080,12.0
42,4200,58088,8.0
42,4201,58098,10.0
42,4202,58108,10.0
42,4203,58120,12.0
42,4204,58130,10.0
42,4205,58141,11.0
42,4206,58152,11.0
42,4207,58161,9.0
42,4208,58170,9.0
42,4209,58187,17.0
42,4210,58197,10.0
42,4211,58208,11.0
42,4212,58222,14.0
42,4213,58231,9.0
42,4214,58241,10.0
42,4215,58251,10.0
42,4216,58263,12.0
42,4217,58271,8.0
42,4218,58282,11.0
42,4219,58292,10.0
42,4220,58302,10.0
42,4221,58315,13.0
42,4222,58325,10.0
42,4223,58335,10.0
42,4224,58345,10.0
42,4225,58355,10.0
42,4226,58364,9.0
42,4227,58378,14.0
42,4228,58388,10.0
42,4229,58399,11.0
42,4230,58410,11.0
42,4231,58425,15.0
42,4232,58435,10.0
42,4233,58444,9.0
42,4234,58455,11.0
42,4235,58467,12.0
42,4236,58477,10.0
42,4237,58487,10.0
42,4238,58498,11.0
42,4239,58507,9.0
42,4240,58523,16.0
42,4241,58537,14.0
42,4242,58549,12.0
42,4243,58559,10.0
42,4244,58569,10.0
42,4245,58579,10.0
42,4246,58590,11.0
42,4247,58601,11.0
42,4248,58611,10.0
42,4249,58619,8.0
42,4250,58629,10.0
42,4251,58638,9.0
42,4252,58648,10.0
42,4253,58659,11.0
42,4254,58669,10.0
42,4255,58680,11.0
42,4256,58689,9.0
42,4257,58701,12.0
42,4258,58714,13.0
42,4259,58725,11.0
42,4260,58734,9.0
42,4261,58749,15.0
42,4262,58759,10.0
42,4263,58773,14.0
42,4264,58787,14.0
42,4265,58799,12.0
42,4266,58809,10.0
42,4267,58819,10.0
42,4268,58829,10.0
42,4269,58838,9.0
42,4270,58849,11.0
42,4271,58859,10.0
42,4272,58871,12.0
42,4273,58880,9.0
42,4274,58889,9.0
42,4275,58902,13.0
42,4276,58910,8.0
42,4277,58922,12.0
42,4278,58931,9.0
42,4279,58941,10.0
42,4280,58952,11.0
42,4281,58962,10.0
42,4282,58972,10.0
42,4283,58982,10.0
42,4284,58997,15.0
42,4285,59010,13.0
42,4286,59025,15.0
42,4287,59037,12.0
42,4288,59051,14.0
42,4289,59062,11.0
42,4290,59072,10.0
42,4291,59084,12.0
42,4292,59101,17.0
42,4293,59112,11.0
42,4294,59122,10.0
42,4295,59134,12.0
42,4296,59146,12.0
42,4297,59156,10.0
42,4298,59167,11.0
42,4299,59178,11.0
42,4300,59196,18.0
42,4301,59205,9.0
42,4302,59216,11.0
42,4303,59228,12.0
42,4304,59239,11.0
42,4305,59248,9.0
42,4306,59257,9.0
42,4307,59268,11.0
42,4308,59277,9.0
42,4309,59287,10.0
42,4310,59297,10.0
42,4311,59306,9.0
42,4312,59317,11.0
42,4313,59327,10.0
42,4314,59337,10.0
42,4315,59347,10.0
42,4316,59357,10.0
42,4317,59368,11.0
42,4318,59382,14.0
42,4319,59391,9.0
42,4320,59408,17.0
42,4321,59417,9.0
42,4322,59426,9.0
42,4323,59437,11.0
42,4324,59448,11.0
42,4325,59457,9.0
42,4326,59471,14.0
42,4327,59480,9.0
42,4328,59489,9.0
42,4329,59501,12.0
42,4330,59510,9.0
42,4331,59519,9.0
42,4332,59529,10.0
42,4333,59542,13.0
42,4334,59552,10.0
42,4335,59562,10.0
42,4336,59574,12.0
42,4337,59587,13.0
42,4338,59600,13.0
42,4339,59610,10.0
42,4340,59618,8.0
42,4341,59627,9.0
42,4342,59637,10.0
42,4343,59646,9.0
42,4344,59656,10.0
42,4345,59666,10.0
42,4346,59675,9.0
42,4347,59684,9.0
42,4348,59695,11.0
42,4349,59704,9.0
42,4350,59712,8.0
42,4351,59720,8.0
42,4352,59730,10.0
42,4353,59743,13.0
42,4354,59753,10.0
42,4355,59762,9.0
42,4356,59771,9.0
42,4357,59783,12.0
42,4358,59794,11.0
42,4359,59803,9.0
42,4360,59813,10.0
42,4361,59825,12.0
42,4362,59838,13.0
42,4363,59848,10.0
42,4364,59858,10.0
42,4365,59874,16.0
42,4366,59883,9.0
42,4367,59897,14.0
42,4368,59907,10.0
42,4369,59917,10.0
42,4370,59927,10.0
42,4371,59938,11.0
42,4372,59950,12.0
42,4373,59960,10.0
42,4374,59970,10.0
42,4375,59982,12.0
42,4376,59991,9.0
42,4377,60000,9.0
42,4378,60013,13.0
42,4379,60023,10.0
42,4380,60039,16.0
42,4381,60049,10.0
42,4382,60059,10.0
42,4383,60073,14.0
42,4384,60083,10.0
42,4385,60097,14.0
42,4386,60106,9.0
42,4387,60119,13.0
42,4388,60128,9.0
42,4389,60139,11.0
42,4390,60151,12.0
42,4391,60161,10.0
42,4392,60171,10.0
42,4393,60181,10.0
42,4394,60190,9.0
42,4395,60201,11.0
42,4396,60215,14.0
42,4397,60227,12.0
42,4398,60238,11.0
42,4399,60250,12.0
42,4400,60262,12.0
42,4401,60274,12.0
42,4402,60284,10.0
42,4403,60292,8.0
42,4404,60302,10.0
42,4405,60312,10.0
42,4406,60322,10.0
42,4407,60340,18.0
42,4408,60351,11.0
42,4409,60361,10.0
42,4410,60375,14.0
42,4411,60385,10.0
42,4412,60396,11.0
42,4413,60405,9.0
42,4414,60423,18.0
42,4415,60435,12.0
42,4416,60446,11.0
42,4417,60457,11.0
42,4418,60468,11.0
42,4419,60477,9.0
42,4420,60489,12.0
42,4421,60498,9.0
42,4422,60508,10.0
42,4423,60520,12.0
42,4424,60529,9.0
42,4425,60538,9.0
42,4426,60548,10.0
42,4427,60564,16.0
42,4428,60573,9.0
42,4429,60583,10.0
42,4430,60596,13.0
42,4431,60611,15.0
42,4432,60619,8.0
42,4433,60627,8.0
42,4434,60636,9.0
42,4435,60646,10.0
42,4436,60657,11.0
42,4437,60668,11.0
42,4438,60677,9.0
42,4439,60687,10.0
42,4440,60699,12.0
42,4441,60712,13.0
42,4442,60720,8.0
42,4443,60729,9.0
42,4444,60738,9.0
42,4445,60748,10.0
42,4446,60758,10.0
42,4447,60768,10.0
42,4448,60777,9.0
42,4449,60787,10.0
42,4450,60799,12.0
42,4451,60809,10.0
42,4452,60819,10.0
42,4453,60832,13.0
42,4454,60843,11.0
42,4455,60852,9.0
42,4456,60863,11.0
42,4457,60876,13.0
42,4458,60889,13.0
42,4459,60899,10.0
42,4460,60907,8.0
42,4461,60917,10.0
42,4462,60926,9.0
42,4463,60936,10.0
42,4464,60947,11.0
42,4465,60955,8.0
42,4466,60967,12.0
42,4467,60975,8.0
42,4468,60986,11.0
42,4469,60997,11.0
42,4470,61007,10.0
42,4471,61026,19.0
42,4472,61039,13.0
42,4473,61049,10.0
42,4474,61058,9.0
42,4475,61067,9.0
42,4476,61079,12.0
42,4477,61093,14.0
42,4478,61102,9.0
42,4479,61112,10.0
42,4480,61121,9.0
42,4481,61131,10.0
42,4482,61140,9.0
42,4483,61160,20.0
42,4484,61173,13.0
42,4485,61184,11.0
42,4486,61197,13.0
42,4487,61206,9.0
42,4488,61216,10.0
42,4489,61226,10.0
42,4490,61239,13.0
42,4491,61249,10.0
42,4492,61261,12.0
42,4493,61271,10.0
42,4494,61282,11.0
42,4495,61293,11.0
42,4496,61304,11.0
42,4497,61321,17.0
42,4498,61336,15.0
42,4499,61344,8.0
42,4500,61353,9.0
42,4501,61367,14.0
42,4502,61380,13.0
42,4503,61389,9.0
42,4504,61399,10.0
42,4505,61412,13.0
42,4506,61421,9.0
42,4507,61432,11.0
42,4508,61450,18.0
42,4509,61461,11.0
42,4510,61474,13.0
42,4511,61484,10.0
42,4512,61494,10.0
42,4513,61506,12.0
42,4514,61516,10.0
42,4515,61526,10.0
42,4516,61537,11.0
42,4517,61546,9.0
42,4518,61557,11.0
42,4519,61567,10.0
42,4520,61577,10.0
42,4521,61585,8.0
42,4522,61594,9.0
42,4523,61605,11.0
42,4524,61614,9.0
42,4525,61623,9.0
42,4526,61635,12.0
42,4527,61644,9.0
42,4528,61655,11.0
42,4529,61669,14.0
42,4530,61679,10.0
42,4531,61692,13.0
42,4532,61704,12.0
42,4533,61713,9.0
42,4534,61723,10.0
42,4535,61734,11.0
42,4536,61745,11.0
42,4537,61759,14.0
42,4538,61768,9.0
42,4539,61778,10.0
42,4540,61788,10.0
42,4541,61798,10.0
42,4542,61808,10.0
42,4543,61819,11.0
42,4544,61833,14.0
42,4545,61841,8.0
42,4546,61850,9.0
42,4547,61860,10.0
42,4548,61870,10.0
42,4549,61880,10.0
42,4550,61890,10.0
42,4551,61903,13.0
42,4552,61912,9.0
42,4553,61922,10.0
42,4554,61936,14.0
42,4555,61950,14.0
42,4556,61960,10.0
42,4557,61969,9.0
42,4558,61978,9.0
42,4559,61988,10.0
42,4560,62001,13.0
42,4561,62009,8.0
42,4562,62018,9.0
42,4563,62028,10.0
42,4564,62039,11.0
42,4565,62057,18.0
42,4566,62069,12.0
42,4567,62081,12.0
42,4568,62092,11.0
42,4569,62101,9.0
42,4570,62112,11.0
42,4571,62121,9.0
42,4572,62132,11.0
42,4573,62141,9.0
42,4574,62153,12.0
42,4575,62166,13.0
42,4576,62179,13.0
42,4577,62191,12.0
42,4578,62203,12.0
42,4579,62213,10.0
42,4580,62223,10.0
42,4581,62233,10.0
42,4582,62245,12.0
42,4583,62254,9.0
42,4584,62267,13.0
42,4585,62279,12.0
42,4586,62290,11.0
42,4587,62300,10.0
42,4588,62310,10.0
42,4589,62319,9.0
42,4590,62329,10.0
42,4591,62339,10.0
42,4592,62348,9.0
42,4593,62357,9.0
42,4594,62369,12.0
42,4595,62380,11.0
42,4596,62392,12.0
42,4597,62400,8.0
42,4598,62411,11.0
42,4599,62422,11.0
42,4600,62433,11.0
42,4601,62446,13.0
42,4602,62459,13.0
42,4603,62468,9.0
42,4604,62478,10.0
42,4605,62487,9.0
42,4606,62502,15.0
42,4607,62511,9.0
42,4608,62523,12.0
42,4609,62533,10.0
42,4610,62542,9.0
42,4611,62551,9.0
42,4612,62561,10.0
42,4613,62571,10.0
42,4614,62581,10.0
42,4615,62590,9.0
42,4616,62601,11.0
42,4617,62611,10.0
42,4618,62621,10.0
42,4619,62631,10.0
42,4620,62642,11.0
42,4621,62655,13.0
42,4622,62669,14.0
42,4623,62681,12.0
42,4624,62691,10.0
42,4625,62702,11.0
42,4626,62711,9.0
42,4627,62721,10.0
42,4628,62731,10.0
42,4629,62743,12.0
42,4630,62755,12.0
42,4631,62768,13.0
42,4632,62778,10.0
42,4633,62788,10.0
42,4634,62802,14.0
42,4635,62812,10.0
42,4636,62824,12.0
42,4637,62833,9.0
42,4638,62844,11.0
42,4639,62855,11.0
42,4640,62865,10.0
42,4641,62876,11.0
42,4642,62888,12.0
42,4643,62898,10.0
42,4644,62908,10.0
42,4645,62919,11.0
42,4646,62930,11.0
42,4647,62942,12.0
42,4648,62952,10.0
42,4649,62961,9.0
42,4650,62973,12.0
42,4651,62985,12.0
42,4652,62996,11.0
42,4653,63008,12.0
42,4654,63023,15.0
42,4655,63036,13.0
42,4656,63047,11.0
42,4657,63056,9.0
42,4658,63065,9.0
42,4659,63079,14.0
42,4660,63095,16.0
42,4661,63116,21.0
42,4662,63132,16.0
42,4663,63141,9.0
42,4664,63152,11.0
42,4665,63162,10.0
42,4666,63175,13.0
42,4667,63186,11.0
42,4668,63198,12.0
42,4669,63208,10.0
42,4670,63221,13.0
42,4671,63230,9.0
42,4672,63240,10.0
42,4673,63251,11.0
42,4674,63266,15.0
42,4675,63274,8.0
42,4676,63284,10.0
42,4677,63297,13.0
42,4678,63310,13.0
42,4679,63318,8.0
42,4680,63330,12.0
42,4681,63341,11.0
42,4682,63349,8.0
42,4683,63370,21.0
42,4684,63380,10.0
42,4685,63392,12.0
42,4686,63401,9.0
42,4687,63410,9.0
42,4688,63419,9.0
42,4689,63433,14.0
42,4690,63446,13.0
42,4691,63454,8.0
42,4692,63465,11.0
42,4693,63479,14.0
42,4694,63494,15.0
42,4695,63512,18.0
42,4696,63521,9.0
42,4697,63530,9.0
42,4698,63548,18.0
42,4699,63556,8.0
42,4700,63566,10.0
42,4701,63577,11.0
42,4702,63586,9.0
42,4703,63595,9.0
42,4704,63604,9.0
42,4705,63614,10.0
42,4706,63627,13.0
42,4707,63637,10.0
42,4708,63649,12.0
42,4709,63658,9.0
42,4710,63688,30.0
42,4711,63697,9.0
42,4712,63712,15.0
42,4713,63721,9.0
42,4714,63730,9.0
42,4715,63742,12.0
42,4716,63754,12.0
42,4717,63768,14.0
42,4718,63778,10.0
42,4719,63789,11.0
42,4720,63799,10.0
42,4721,63807,8.0
42,4722,63817,10.0
42,4723,63827,10.0
42,4724,63836,9.0
42,4725,63848,12.0
42,4726,63863,15.0
42,4727,63874,11.0
42,4728,63883,9.0
42,4729,63892,9.0
42,4730,63903,11.0
42,4731,63916,13.0
42,4732,63926,10.0
42,4733,63943,17.0
42,4734,63952,9.0
42,4735,63965,13.0
42,4736,63974,9.0
42,4737,63989,15.0
42,4738,63998,9.0
42,4739,64007,9.0
42,4740,64019,12.0
42,4741,64028,9.0
42,4742,64038,10.0
42,4743,64048,10.0
42,4744,64059,11.0
42,4745,64073,14.0
42,4746,64086,13.0
42,4747,64098,12.0
42,4748,64114,16.0
42,4749,64125,11.0
42,4750,64136,11.0
42,4751,64146,10.0
42,4752,64158,12.0
42,4753,64167,9.0
42,4754,64176,9.0
42,4755,64188,12.0
42,4756,64199,11.0
42,4757,64208,9.0
42,4758,64217,9.0
42,4759,64226,9.0
42,4760,64238,12.0
42,4761,64249,11.0
42,4762,64259,10.0
42,4763,64271,12.0
42,4764,64280,9.0
42,4765,64289,9.0
42,4766,64303,14.0
42,4767,64313,10.0
42,4768,64326,13.0
42,4769,64339,13.0
42,4770,64349,10.0
42,4771,64364,15.0
42,4772,64377,13.0
42,4773,64387,10.0
42,4774,64397,10.0
42,4775,64405,8.0
42,4776,64414,9.0
42,4777,64424,10.0
42,4778,64437,13.0
42,4779,64447,10.0
42,4780,64459,12.0
42,4781,64474,15.0
42,4782,64483,9.0
42,4783,64493,10.0
42,4784,64507,14.0
42,4785,64518,11.0
42,4786,64528,10.0
42,4787,64550,22.0
42,4788,64564,14.0
42,4789,64576,12.0
42,4790,64588,12.0
42,4791,64607,19.0
42,4792,64616,9.0
42,4793,64628,12.0
42,4794,64641,13.0
42,4795,64650,9.0
42,4796,64662,12.0
42,4797,64672,10.0
42,4798,64684,12.0
42,4799,64693,9.0
42,4800,64704,11.0
42,4801,64717,13.0
42,4802,64728,11.0
42,4803,64737,9.0
42,4804,64751,14.0
42,4805,64763,12.0
42,4806,64773,10.0
42,4807,64788,15.0
42,4808,64800,12.0
42,4809,64811,11.0
42,4810,64824,13.0
42,4811,64842,18.0
42,4812,64852,10.0
42,4813,64861,9.0
42,4814,64871,10.0
42,4815,64881,10.0
42,4816,64891,10.0
42,4817,64902,11.0
42,4818,64913,11.0
42,4819,64921,8.0
42,4820,64933,12.0
42,4821,64945,12.0
42,4822,64954,9.0
42,4823,64970,16.0
42,4824,64984,14.0
42,4825,64994,10.0
42,4826,65005,11.0
42,4827,65016,11.0
42,4828,65029,13.0
42,4829,65040,11.0
42,4830,65050,10.0
42,4831,65062,12.0
42,4832,65074,12.0
42,4833,65083,9.0
42,4834,65094,11.0
42,4835,65107,13.0
42,4836,65119,12.0
42,4837,65130,11.0
42,4838,65140,10.0
42,4839,65150,10.0
42,4840,65159,9.0
42,4841,65171,12.0
42,4842,65191,20.0
42,4843,65202,11.0
42,4844,65214,12.0
42,4845,65224,10.0
42,4846,65234,10.0
42,4847,65252,18.0
42,4848,65262,10.0
42,4849,65271,9.0
42,4850,65283,12.0
42,4851,65292,9.0
42,4852,65300,8.0
42,4853,65311,11.0
42,4854,65323,12.0
42,4855,65334,11.0
42,4856,65344,10.0
42,4857,65355,11.0
42,4858,65366,11.0
42,4859,65375,9.0
42,4860,65389,14.0
42,4861,65402,13.0
42,4862,65412,10.0
42,4863,65423,11.0
42,4864,65431,8.0
42,4865,65441,10.0
42,4866,65452,11.0
42,4867,65462,10.0
42,4868,65472,10.0
42,4869,65484,12.0
42,4870,65495,11.0
42,4871,65505,10.0
42,4872,65517,12.0
42,4873,65527,10.0
42,4874,65539,12.0
42,4875,65548,9.0
42,4876,65561,13.0
42,4877,65571,10.0
42,4878,65580,9.0
42,4879,65589,9.0
42,4880,65602,13.0
42,4881,65613,11.0
42,4882,65625,12.0
42,4883,65642,17.0
42,4884,65654,12.0
42,4885,65667,13.0
42,4886,65677,10.0
42,4887,65696,19.0
42,4888,65712,16.0
42,4889,65722,10.0
42,4890,65731,9.0
42,4891,65740,9.0
42,4892,65751,11.0
42,4893,65760,9.0
42,4894,65770,10.0
42,4895,65781,11.0
42,4896,65792,11.0
42,4897,65802,10.0
42,4898,65814,12.0
42,4899,65830,16.0
42,4900,65843,13.0
42,4901,65852,9.0
42,4902,65863,11.0
42,4903,65877,14.0
42,4904,65887,10.0
42,4905,65898,11.0
42,4906,65907,9.0
42,4907,65919,12.0
42,4908,65928,9.0
42,4909,65937,9.0
42,4910,65945,8.0
42,4911,65956,11.0
42,4912,65965,9.0
42,4913,65975,10.0
42,4914,65989,14.0
42,4915,66000,11.0
42,4916,66010,10.0
42,4917,66020,10.0
42,4918,66029,9.0
42,4919,66040,11.0
42,4920,66052,12.0
42,4921,66064,12.0
42,4922,66074,10.0
42,4923,66083,9.0
42,4924,66093,10.0
42,4925,66108,15.0
42,4926,66117,9.0
42,4927,66130,13.0
42,4928,66142,12.0
42,4929,66150,8.0
42,4930,66162,12.0
42,4931,66172,10.0
42,4932,66183,11.0
42,4933,66193,10.0
42,4934,66204,11.0
42,4935,66216,12.0
42,4936,66230,14.0
42,4937,66244,14.0
42,4938,66255,11.0
42,4939,66267,12.0
42,4940,66277,10.0
42,4941,66289,12.0
42,4942,66303,14.0
42,4943,66312,9.0
42,4944,66329,17.0
42,4945,66341,12.0
42,4946,66354,13.0
42,4947,66363,9.0
42,4948,66375,12.0
42,4949,66386,11.0
42,4950,66395,9.0
42,4951,66405,10.0
42,4952,66415,10.0
42,4953,66424,9.0
42,4954,66435,11.0
42,4955,66444,9.0
42,4956,66457,13.0
42,4957,66468,11.0
42,4958,66477,9.0
42,4959,66486,9.0
42,4960,66499,13.0
42,4961,66509,10.0
42,4962,66522,13.0
42,4963,66545,23.0
42,4964,66560,15.0
42,4965,66572,12.0
42,4966,66587,15.0
42,4967,66597,10.0
42,4968,66610,13.0
42,4969,66620,10.0
42,4970,66632,12.0
42,4971,66646,14.0
42,4972,66656,10.0
42,4973,66666,10.0
42,4974,66679,13.0
42,4975,66692,13.0
42,4976,66702,10.0
42,4977,66712,10.0
42,4978,66722,10.0
42,4979,66731,9.0
42,4980,66741,10.0
42,4981,66751,10.0
42,4982,66772,21.0
42,4983,66784,12.0
42,4984,66793,9.0
42,4985,66801,8.0
42,4986,66813,12.0
42,4987,66822,9.0
42,4988,66832,10.0
42,4989,66849,17.0
42,4990,66858,9.0
42,4991,66870,12.0
42,4992,66885,15.0
42,4993,66894,9.0
42,4994,66905,11.0
42,4995,66920,15.0
42,4996,66932,12.0
42,4997,66941,9.0
42,4998,66956,15.0
42,4999,66967,11.0
42,5000,66978,11.0
42,5001,66990,12.0
42,5002,67001,11.0
42,5003,67011,10.0
42,5004,67021,10.0
42,5005,67035,14.0
42,5006,67049,14.0
42,5007,67059,10.0
42,5008,67068,9.0
42,5009,67081,13.0
42,5010,67092,11.0
42,5011,67101,9.0
42,5012,67112,11.0
42,5013,67122,10.0
42,5014,67131,9.0
42,5015,67142,11.0
42,5016,67152,10.0
42,5017,67167,15.0
42,5018,67184,17.0
42,5019,67194,10.0
42,5020,67203,9.0
42,5021,67214,11.0
42,5022,67224,10.0
42,5023,67234,10.0
42,5024,67244,10.0
42,5025,67253,9.0
42,5026,67266,13.0
42,5027,67281,15.0
42,5028,67292,11.0
42,5029,67303,11.0
42,5030,67315,12.0
42,5031,67326,11.0
42,5032,67336,10.0
42,5033,67349,13.0
42,5034,67361,12.0
42,5035,67369,8.0
42,5036,67380,11.0
42,5037,67390,10.0
42,5038,67403,13.0
42,5039,67416,13.0
42,5040,67426,10.0
42,5041,67434,8.0
42,5042,67447,13.0
42,5043,67455,8.0
42,5044,67464,9.0
42,5045,67475,11.0
42,5046,67487,12.0
42,5047,67498,11.0
42,5048,67508,10.0
42,5049,67522,14.0
42,5050,67532,10.0
42,5051,67542,10.0
42,5052,67554,12.0
42,5053,67565,11.0
42,5054,67575,10.0
42,5055,67587,12.0
42,5056,67596,9.0
42,5057,67607,11.0
42,5058,67617,10.0
42,5059,67628,11.0
42,5060,67638,10.0
42,5061,67646,8.0
42,5062,67656,10.0
42,5063,67668,12.0
42,5064,67687,19.0
42,5065,67701,14.0
42,5066,67712,11.0
42,5067,67721,9.0
42,5068,67731,10.0
42,5069,67740,9.0
42,5070,67754,14.0
42,5071,67764,10.0
42,5072,67775,11.0
42,5073,67787,12.0
42,5074,67798,11.0
42,5075,67807,9.0
42,5076,67824,17.0
42,5077,67834,10.0
42,5078,67844,10.0
42,5079,67854,10.0
42,5080,67862,8.0
42,5081,67871,9.0
42,5082,67884,13.0
42,5083,67895,11.0
42,5084,67907,12.0
42,5085,67919,12.0
42,5086,67930,11.0
42,5087,67939,9.0
42,5088,67948,9.0
42,5089,67960,12.0
42,5090,67972,12.0
42,5091,67981,9.0
42,5092,67997,16.0
42,5093,68008,11.0
42,5094,68018,10.0
42,5095,68028,10.0
42,5096,68042,14.0
42,5097,68056,14.0
42,5098,68066,10.0
42,5099,68076,10.0
42,5100,68084,8.0
42,5101,68096,12.0
42,5102,68107,11.0
42,5103,68116,9.0
42,5104,68128,12.0
42,5105,68138,10.0
42,5106,68147,9.0
42,5107,68158,11.0
42,5108,68167,9.0
42,5109,68177,10.0
42,5110,68186,9.0
42,5111,68197,11.0
42,5112,68205,8.0
42,5113,68214,9.0
42,5114,68224,10.0
42,5115,68234,10.0
42,5116,68246,12.0
42,5117,68256,10.0
42,5118,68274,18.0
42,5119,68285,11.0
42,5120,68295,10.0
42,5121,68305,10.0
42,5122,68315,10.0
42,5123,68329,14.0
42,5124,68338,9.0
42,5125,68347,9.0
42,5126,68357,10.0
42,5127,68368,11.0
42,5128,68377,9.0
42,5129,68388,11.0
42,5130,68402,14.0
42,5131,68411,9.0
42,5132,68423,12.0
42,5133,68433,10.0
42,5134,68444,11.0
42,5135,68454,10.0
42,5136,68462,8.0
42,5137,68472,10.0
42,5138,68483,11.0
42,5139,68497,14.0
42,5140,68506,9.0
42,5141,68519,13.0
42,5142,68531,12.0
42,5143,68544,13.0
42,5144,68554,10.0
42,5145,68564,10.0
42,5146,68574,10.0
42,5147,68584,10.0
42,5148,68593,9.0
42,5149,68602,9.0
42,5150,68613,11.0
42,5151,68628,15.0
42,5152,68637,9.0
42,5153,68648,11.0
42,5154,68657,9.0
42,5155,68667,10.0
42,5156,68679,12.0
42,5157,68697,18.0
42,5158,68707,10.0
42,5159,68716,9.0
42,5160,68728,12.0
42,5161,68738,10.0
42,5162,68756,18.0
42,5163,68771,15.0
42,5164,68790,19.0
42,5165,68800,10.0
42,5166,68810,10.0
42,5167,68819,9.0
42,5168,68833,14.0
42,5169,68852,19.0
42,5170,68861,9.0
42,5171,68874,13.0
42,5172,68884,10.0
42,5173,68894,10.0
42,5174,68906,12.0
42,5175,68915,9.0
42,5176,68929,14.0
42,5177,68938,9.0
42,5178,68949,11.0
42,5179,68959,10.0
42,5180,68968,9.0
42,5181,68978,10.0
42,5182,68987,9.0
42,5183,68996,9.0
42,5184,69005,9.0
42,5185,69014,9.0
42,5186,69023,9.0
42,5187,69036,13.0
42,5188,69050,14.0
42,5189,69061,11.0
42,5190,69077,16.0
42,5191,69086,9.0
42,5192,69096,10.0
42,5193,69105,9.0
42,5194,69117,12.0
42,5195,69128,11.0
42,5196,69138,10.0
42,5197,69146,8.0
42,5198,69157,11.0
42,5199,69167,10.0
42,5200,69176,9.0
42,5201,69186,10.0
42,5202,69197,11.0
42,5203,69210,13.0
42,5204,69224,14.0
42,5205,69235,11.0
42,5206,69243,8.0
42,5207,69252,9.0
42,5208,69265,13.0
42,5209,69280,15.0
42,5210,69292,12.0
42,5211,69310,18.0
42,5212,69322,12.0
42,5213,69332,10.0
42,5214,69347,15.0
42,5215,69355,8.0
42,5216,69369,14.0
42,5217,69383,14.0
42,5218,69395,12.0
42,5219,69405,10.0
42,5220,69415,10.0
42,5221,69425,10.0
42,5222,69434,9.0
42,5223,69444,10.0
42,5224,69455,11.0
42,5225,69466,11.0
42,5226,69476,10.0
42,5227,69486,10.0
42,5228,69498,12.0
42,5229,69511,13.0
42,5230,69522,11.0
42,5231,69533,11.0
42,5232,69542,9.0
42,5233,69552,10.0
42,5234,69568,16.0
42,5235,69578,10.0
42,5236,69593,15.0
42,5237,69606,13.0
42,5238,69620,14.0
42,5239,69636,16.0
42,5240,69649,13.0
42,5241,69658,9.0
42,5242,69672,14.0
42,5243,69684,12.0
42,5244,69696,12.0
42,5245,69706,10.0
42,5246,69726,20.0
42,5247,69740,14.0
42,5248,69748,8.0
42,5249,69761,13.0
42,5250,69774,13.0
42,5251,69786,12.0
42,5252,69797,11.0
42,5253,69807,10.0
42,5254,69818,11.0
42,5255,69827,9.0
42,5256,69839,12.0
42,5257,69853,14.0
42,5258,69863,10.0
42,5259,69874,11.0
42,5260,69883,9.0
42,5261,69898,15.0
42,5262,69914,16.0
42,5263,69923,9.0
42,5264,69932,9.0
42,5265,69942,10.0
42,5266,69952,10.0
42,5267,69962,10.0
42,5268,69975,13.0
42,5269,69983,8.0
42,5270,69994,11.0
42,5271,70003,9.0
42,5272,70014,11.0
42,5273,70030,16.0
42,5274,70042,12.0
42,5275,70053,11.0
42,5276,70065,12.0
42,5277,70078,13.0
42,5278,70087,9.0
42,5279,70096,9.0
42,5280,70107,11.0
42,5281,70118,11.0
42,5282,70129,11.0
42,5283,70139,10.0
42,5284,70148,9.0
42,5285,70157,9.0
42,5286,70170,13.0
42,5287,70182,12.0
42,5288,70192,10.0
42,5289,70203,11.0
42,5290,70214,11.0
42,5291,70224,10.0
42,5292,70236,12.0
42,5293,70246,10.0
42,5294,70257,11.0
42,5295,70268,11.0
42,5296,70277,9.0
42,5297,70287,10.0
42,5298,70303,16.0
42,5299,70313,10.0
42,5300,70324,11.0
42,5301,70332,8.0
42,5302,70343,11.0
42,5303,70353,10.0
42,5304,70365,12.0
42,5305,70377,12.0
42,5306,70387,10.0
42,5307,70397,10.0
42,5308,70406,9.0
42,5309,70419,13.0
42,5310,70432,13.0
42,5311,70445,13.0
42,5312,70454,9.0
42,5313,70466,12.0
42,5314,70476,10.0
42,5315,70486,10.0
42,5316,70495,9.0
42,5317,70505,10.0
42,5318,70516,11.0
42,5319,70524,8.0
42,5320,70535,11.0
42,5321,70546,11.0
42,5322,70555,9.0
42,5323,70571,16.0
42,5324,70579,8.0
42,5325,70590,11.0
42,5326,70600,10.0
42,5327,70610,10.0
42,5328,70630,20.0
42,5329,70641,11.0
42,5330,70650,9.0
42,5331,70662,12.0
42,5332,70670,8.0
42,5333,70680,10.0
42,5334,70695,15.0
42,5335,70709,14.0
42,5336,70725,16.0
42,5337,70736,11.0
42,5338,70755,19.0
42,5339,70766,11.0
42,5340,70775,9.0
42,5341,70786,11.0
42,5342,70794,8.0
42,5343,70802,8.0
42,5344,70815,13.0
42,5345,70834,19.0
42,5346,70843,9.0
42,5347,70852,9.0
42,5348,70862,10.0
42,5349,70873,11.0
42,5350,70887,14.0
42,5351,70899,12.0
42,5352,70908,9.0
42,5353,70919,11.0
42,5354,70929,10.0
42,5355,70940,11.0
42,5356,70948,8.0
42,5357,70963,15.0
42,5358,70973,10.0
42,5359,70984,11.0
42,5360,70998,14.0
42,5361,71009,11.0
42,5362,71022,13.0
42,5363,71033,11.0
42,5364,71047,14.0
42,5365,71056,9.0
42,5366,71069,13.0
42,5367,71082,13.0
42,5368,71092,10.0
42,5369,71102,10.0
42,5370,71113,11.0
42,5371,71125,12.0
42,5372,71134,9.0
42,5373,71144,10.0
42,5374,71154,10.0
42,5375,71163,9.0
42,5376,71173,10.0
42,5377,71183,10.0
42,5378,71192,9.0
42,5379,71203,11.0
42,5380,71214,11.0
42,5381,71228,14.0
42,5382,71237,9.0
42,5383,71249,12.0
42,5384,71259,10.0
42,5385,71269,10.0
42,5386,71278,9.0
42,5387,71288,10.0
42,5388,71303,15.0
42,5389,71316,13.0
42,5390,71326,10.0
42,5391,71336,10.0
42,5392,71348,12.0
42,5393,71359,11.0
42,5394,71372,13.0
42,5395,71382,10.0
42,5396,71391,9.0
42,5397,71403,12.0
42,5398,71416,13.0
42,5399,71424,8.0
42,5400,71434,10.0
42,5401,71443,9.0
42,5402,71453,10.0
42,5403,71468,15.0
42,5404,71478,10.0
42,5405,71490,12.0
42,5406,71499,9.0
42,5407,71509,10.0
42,5408,71520,11.0
42,5409,71531,11.0
42,5410,71541,10.0
42,5411,71552,11.0
42,5412,71562,10.0
42,5413,71572,10.0
42,5414,71580,8.0
42,5415,71594,14.0
42,5416,71607,13.0
42,5417,71617,10.0
42,5418,71628,11.0
42,5419,71639,11.0
42,5420,71652,13.0
42,5421,71663,11.0
42,5422,71673,10.0
42,5423,71684,11.0
42,5424,71694,10.0
42,5425,71705,11.0
42,5426,71715,10.0
42,5427,71728,13.0
42,5428,71738,10.0
42,5429,71748,10.0
42,5430,71758,10.0
42,5431,71770,12.0
42,5432,71785,15.0
42,5433,71801,16.0
42,5434,71815,14.0
42,5435,71826,11.0
42,5436,71840,14.0
42,5437,71848,8.0
42,5438,71858,10.0
42,5439,71870,12.0
42,5440,71888,18.0
42,5441,71898,10.0
42,5442,71908,10.0
42,5443,71919,11.0
42,5444,71930,11.0
42,5445,71941,11.0
42,5446,71949,8.0
42,5447,71962,13.0
42,5448,71977,15.0
42,5449,71991,14.0
42,5450,72002,11.0
42,5451,72013,11.0
42,5452,72028,15.0
42,5453,72037,9.0
42,5454,72046,9.0
42,5455,72056,10.0
42,5456,72067,11.0
42,5457,72078,11.0
42,5458,72099,21.0
42,5459,72111,12.0
42,5460,72125,14.0
42,5461,72135,10.0
42,5462,72143,8.0
42,5463,72153,10.0
42,5464,72163,10.0
42,5465,72172,9.0
42,5466,72184,12.0
42,5467,72195,11.0
42,5468,72207,12.0
42,5469,72216,9.0
42,5470,72229,13.0
42,5471,72239,10.0
42,5472,72252,13.0
42,5473,72263,11.0
42,5474,72275,12.0
42,5475,72287,12.0
42,5476,72298,11.0
42,5477,72308,10.0
42,5478,72326,18.0
42,5479,72337,11.0
42,5480,72351,14.0
42,5481,72363,12.0
42,5482,72373,10.0
42,5483,72382,9.0
42,5484,72392,10.0
42,5485,72401,9.0
42,5486,72421,20.0
42,5487,72430,9.0
42,5488,72445,15.0
42,5489,72455,10.0
42,5490,72463,8.0
42,5491,72473,10.0
42,5492,72481,8.0
42,5493,72497,16.0
42,5494,72511,14.0
42,5495,72526,15.0
42,5496,72538,12.0
42,5497,72551,13.0
42,5498,72560,9.0
42,5499,72572,12.0
42,5500,72590,18.0
42,5501,72603,13.0
42,5502,72612,9.0
42,5503,72623,11.0
42,5504,72632,9.0
42,5505,72642,10.0
42,5506,72651,9.0
42,5507,72660,9.0
42,5508,72670,10.0
42,5509,72681,11.0
42,5510,72692,11.0
42,5511,72706,14.0
42,5512,72716,10.0
42,5513,72725,9.0
42,5514,72735,10.0
42,5515,72750,15.0
42,5516,72764,14.0
42,5517,72774,10.0
42,5518,72784,10.0
42,5519,72800,16.0
42,5520,72810,10.0
42,5521,72825,15.0
42,5522,72837,12.0
42,5523,72851,14.0
42,5524,72862,11.0
42,5525,72872,10.0
42,5526,72883,11.0
42,5527,72893,10.0
42,5528,72903,10.0
42,5529,72912,9.0
42,5530,72921,9.0
42,5531,72934,13.0
42,5532,72947,13.0
42,5533,72958,11.0
42,5534,72969,11.0
42,5535,72980,11.0
42,5536,72992,12.0
42,5537,73002,10.0
42,5538,73015,13.0
42,5539,73026,11.0
42,5540,73038,12.0
42,5541,73050,12.0
42,5542,73061,11.0
42,5543,73072,11.0
42,5544,73084,12.0
42,5545,73095,11.0
42,5546,73105,10.0
42,5547,73116,11.0
42,5548,73127,11.0
42,5549,73138,11.0
42,5550,73151,13.0
42,5551,73161,10.0
42,5552,73171,10.0
42,5553,73181,10.0
42,5554,73192,11.0
42,5555,73209,17.0
42,5556,73223,14.0
42,5557,73242,19.0
42,5558,73251,9.0
42,5559,73259,8.0
42,5560,73268,9.0
42,5561,73277,9.0
42,5562,73286,9.0
42,5563,73308,22.0
42,5564,73322,14.0
42,5565,73332,10.0
42,5566,73344,12.0
42,5567,73355,11.0
42,5568,73368,13.0
42,5569,73379,11.0
42,5570,73397,18.0
42,5571,73412,15.0
42,5572,73422,10.0
42,5573,73432,10.0
42,5574,73445,13.0
42,5575,73455,10.0
42,5576,73467,12.0
42,5577,73476,9.0
42,5578,73488,12.0
42,5579,73502,14.0
42,5580,73511,9.0
42,5581,73524,13.0
42,5582,73538,14.0
42,5583,73548,10.0
42,5584,73558,10.0
42,5585,73569,11.0
42,5586,73581,12.0
42,5587,73598,17.0
42,5588,73609,11.0
42,5589,73620,11.0
42,5590,73629,9.0
42,5591,73640,11.0
42,5592,73654,14.0
42,5593,73665,11.0
42,5594,73674,9.0
42,5595,73683,9.0
42,5596,73697,14.0
42,5597,73712,15.0
42,5598,73721,9.0
42,5599,73732,11.0
42,5600,73743,11.0
42,5601,73755,12.0
42,5602,73764,9.0
42,5603,73776,12.0
42,5604,73788,12.0
42,5605,73801,13.0
42,5606,73814,13.0
42,5607,73824,10.0
42,5608,73835,11.0
42,5609,73845,10.0
42,5610,73857,12.0
42,5611,73874,17.0
42,5612,73888,14.0
42,5613,73898,10.0
42,5614,73906,8.0
42,5615,73919,13.0
42,5616,73930,11.0
42,5617,73941,11.0
42,5618,73950,9.0
42,5619,73962,12.0
42,5620,73974,12.0
42,5621,73989,15.0
42,5622,74000,11.0
42,5623,74012,12.0
42,5624,74027,15.0
42,5625,74038,11.0
42,5626,74050,12.0
42,5627,74058,8.0
42,5628,74069,11.0
42,5629,74079,10.0
42,5630,74090,11.0
42,5631,74102,12.0
42,5632,74115,13.0
42,5633,74127,12.0
42,5634,74143,16.0
42,5635,74155,12.0
42,5636,74166,11.0
42,5637,74180,14.0
42,5638,74188,8.0
42,5639,74199,11.0
42,5640,74212,13.0
42,5641,74222,10.0
42,5642,74231,9.0
42,5643,74241,10.0
42,5644,74254,13.0
42,5645,74266,12.0
42,5646,74278,12.0
42,5647,74290,12.0
42,5648,74300,10.0
42,5649,74308,8.0
42,5650,74322,14.0
42,5651,74333,11.0
42,5652,74345,12.0
42,5653,74355,10.0
42,5654,74366,11.0
42,5655,74377,11.0
42,5656,74386,9.0
42,5657,74396,10.0
42,5658,74410,14.0
42,5659,74422,12.0
42,5660,74434,12.0
42,5661,74447,13.0
42,5662,74456,9.0
42,5663,74466,10.0
42,5664,74482,16.0
42,5665,74490,8.0
42,5666,74498,8.0
42,5667,74511,13.0
42,5668,74523,12.0
42,5669,74533,10.0
42,5670,74542,9.0
42,5671,74551,9.0
42,5672,74561,10.0
42,5673,74572,11.0
42,5674,74582,10.0
42,5675,74591,9.0
42,5676,74601,10.0
42,5677,74612,11.0
42,5678,74621,9.0
42,5679,74633,12.0
42,5680,74643,10.0
42,5681,74652,9.0
42,5682,74662,10.0
42,5683,74673,11.0
42,5684,74691,18.0
42,5685,74702,11.0
42,5686,74712,10.0
42,5687,74725,13.0
42,5688,74735,10.0
42,5689,74745,10.0
42,5690,74757,12.0
42,5691,74769,12.0
42,5692,74778,9.0
42,5693,74789,11.0
42,5694,74802,13.0
42,5695,74812,10.0
42,5696,74832,20.0
42,5697,74849,17.0
42,5698,74862,13.0
42,5699,74872,10.0
42,5700,74881,9.0
42,5701,74894,13.0
42,5702,74906,12.0
42,5703,74917,11.0
42,5704,74928,11.0
42,5705,74940,12.0
42,5706,74953,13.0
42,5707,74963,10.0
42,5708,74975,12.0
42,5709,74991,16.0
42,5710,75002,11.0
42,5711,75014,12.0
42,5712,75024,10.0
42,5713,75035,11.0
42,5714,75045,10.0
42,5715,75062,17.0
42,5716,75072,10.0
42,5717,75082,10.0
42,5718,75094,12.0
42,5719,75107,13.0
42,5720,75117,10.0
42,5721,75131,14.0
42,5722,75147,16.0
42,5723,75160,13.0
42,5724,75176,16.0
42,5725,75190,14.0
42,5726,75200,10.0
42,5727,75209,9.0
42,5728,75220,11.0
42,5729,75231,11.0
42,5730,75245,14.0
42,5731,75255,10.0
42,5732,75265,10.0
42,5733,75281,16.0
42,5734,75292,11.0
42,5735,75306,14.0
42,5736,75319,13.0
42,5737,75332,13.0
42,5738,75354,22.0
42,5739,75366,12.0
42,5740,75375,9.0
42,5741,75384,9.0
42,5742,75393,9.0
42,5743,75403,10.0
42,5744,75413,10.0
42,5745,75424,11.0
42,5746,75435,11.0
42,5747,75458,23.0
42,5748,75470,12.0
42,5749,75479,9.0
42,5750,75490,11.0
42,5751,75503,13.0
42,5752,75514,11.0
42,5753,75524,10.0
42,5754,75533,9.0
42,5755,75541,8.0
42,5756,75552,11.0
42,5757,75564,12.0
42,5758,75574,10.0
42,5759,75588,14.0
42,5760,75603,15.0
42,5761,75614,11.0
42,5762,75627,13.0
42,5763,75637,10.0
42,5764,75647,10.0
42,5765,75658,11.0
42,5766,75669,11.0
42,5767,75679,10.0
42,5768,75688,9.0
42,5769,75700,12.0
42,5770,75709,9.0
42,5771,75719,10.0
42,5772,75729,10.0
42,5773,75739,10.0
42,5774,75751,12.0
42,5775,75762,11.0
42,5776,75771,9.0
42,5777,75780,9.0
42,5778,75792,12.0
42,5779,75801,9.0
42,5780,75813,12.0
42,5781,75823,10.0
42,5782,75833,10.0
42,5783,75843,10.0
42,5784,75855,12.0
42,5785,75865,10.0
42,5786,75878,13.0
42,5787,75888,10.0
42,5788,75898,10.0
42,5789,75907,9.0
42,5790,75916,9.0
42,5791,75927,11.0
42,5792,75936,9.0
42,5793,75948,12.0
42,5794,75959,11.0
42,5795,75979,20.0
42,5796,75992,13.0
42,5797,76002,10.0
42,5798,76012,10.0
42,5799,76022,10.0
42,5800,76031,9.0
42,5801,76046,15.0
42,5802,76058,12.0
42,5803,76069,11.0
42,5804,76082,13.0
42,5805,76093,11.0
42,5806,76115,22.0
42,5807,76124,9.0
42,5808,76134,10.0
42,5809,76144,10.0
42,5810,76154,10.0
42,5811,76164,10.0
42,5812,76173,9.0
42,5813,76183,10.0
42,5814,76192,9.0
42,5815,76203,11.0
42,5816,76211,8.0
42,5817,76223,12.0
42,5818,76238,15.0
42,5819,76255,17.0
42,5820,76266,11.0
42,5821,76277,11.0
42,5822,76286,9.0
42,5823,76298,12.0
42,5824,76308,10.0
42,5825,76318,10.0
42,5826,76336,18.0
42,5827,76348,12.0
42,5828,76359,11.0
42,5829,76367,8.0
42,5830,76381,14.0
42,5831,76396,15.0
42,5832,76406,10.0
42,5833,76416,10.0
42,5834,76425,9.0
42,5835,76435,10.0
42,5836,76454,19.0
42,5837,76463,9.0
42,5838,76474,11.0
42,5839,76483,9.0
42,5840,76495,12.0
42,5841,76504,9.0
42,5842,76515,11.0
42,5843,76528,13.0
42,5844,76539,11.0
42,5845,76549,10.0
42,5846,76558,9.0
42,5847,76570,12.0
42,5848,76581,11.0
42,5849,76590,9.0
42,5850,76600,10.0
42,5851,76609,9.0
42,5852,76619,10.0
42,5853,76628,9.0
42,5854,76638,10.0
42,5855,76647,9.0
42,5856,76656,9.0
42,5857,76666,10.0
42,5858,76675,9.0
42,5859,76688,13.0
42,5860,76699,11.0
42,5861,76712,13.0
42,5862,76725,13.0
42,5863,76743,18.0
42,5864,76753,10.0
42,5865,76762,9.0
42,5866,76772,10.0
42,5867,76781,9.0
42,5868,76793,12.0
42,5869,76803,10.0
42,5870,76813,10.0
42,5871,76822,9.0
42,5872,76833,11.0
42,5873,76842,9.0
42,5874,76853,11.0
42,5875,76863,10.0
42,5876,76878,15.0
42,5877,76886,8.0
42,5878,76894,8.0
42,5879,76907,13.0
42,5880,76917,10.0
42,5881,76929,12.0
42,5882,76938,9.0
42,5883,76947,9.0
42,5884,76957,10.0
42,5885,76968,11.0
42,5886,76978,10.0
42,5887,76987,9.0
42,5888,76998,11.0
42,5889,77006,8.0
42,5890,77017,11.0
42,5891,77032,15.0
42,5892,77041,9.0
42,5893,77051,10.0
42,5894,77059,8.0
42,5895,77076,17.0
42,5896,77094,18.0
42,5897,77109,15.0
42,5898,77118,9.0
42,5899,77132,14.0
42,5900,77141,9.0
42,5901,77151,10.0
42,5902,77160,9.0
42,5903,77173,13.0
42,5904,77183,10.0
42,5905,77196,13.0
42,5906,77206,10.0
42,5907,77218,12.0
42,5908,77229,11.0
42,5909,77240,11.0
42,5910,77251,11.0
42,5911,77261,10.0
42,5912,77271,10.0
42,5913,77281,10.0
42,5914,77292,11.0
42,5915,77304,12.0
42,5916,77318,14.0
42,5917,77331,13.0
42,5918,77344,13.0
42,5919,77353,9.0
42,5920,77368,15.0
42,5921,77377,9.0
42,5922,77386,9.0
42,5923,77394,8.0
42,5924,77409,15.0
42,5925,77418,9.0
42,5926,77432,14.0
42,5927,77441,9.0
42,5928,77452,11.0
42,5929,77464,12.0
42,5930,77476,12.0
42,5931,77486,10.0
42,5932,77498,12.0
42,5933,77508,10.0
42,5934,77519,11.0
42,5935,77533,14.0
42,5936,77541,8.0
42,5937,77555,14.0
42,5938,77568,13.0
42,5939,77578,10.0
42,5940,77589,11.0
42,5941,77597,8.0
42,5942,77610,13.0
42,5943,77619,9.0
42,5944,77627,8.0
42,5945,77640,13.0
42,5946,77649,9.0
42,5947,77660,11.0
42,5948,77671,11.0
42,5949,77685,14.0
42,5950,77695,10.0
42,5951,77711,16.0
42,5952,77721,10.0
42,5953,77733,12.0
42,5954,77741,8.0
42,5955,77749,8.0
42,5956,77763,14.0
42,5957,77776,13.0
42,5958,77787,11.0
42,5959,77798,11.0
42,5960,77807,9.0
42,5961,77819,12.0
42,5962,77828,9.0
42,5963,77839,11.0
42,5964,77851,12.0
42,5965,77859,8.0
42,5966,77870,11.0
42,5967,77879,9.0
42,5968,77889,10.0
42,5969,77898,9.0
42,5970,77909,11.0
42,5971,77920,11.0
42,5972,77930,10.0
42,5973,77945,15.0
42,5974,77964,19.0
42,5975,77972,8.0
42,5976,77983,11.0
42,5977,77993,10.0
42,5978,78003,10.0
42,5979,78014,11.0
42,5980,78024,10.0
42,5981,78035,11.0
42,5982,78045,10.0
42,5983,78064,19.0
42,5984,78075,11.0
42,5985,78084,9.0
42,5986,78096,12.0
42,5987,78108,12.0
42,5988,78117,9.0
42,5989,78129,12.0
42,5990,78139,10.0
42,5991,78148,9.0
42,5992,78160,12.0
42,5993,78171,11.0
42,5994,78179,8.0
42,5995,78192,13.0
42,5996,78206,14.0
42,5997,78215,9.0
42,5998,78227,12.0
42,5999,78237,10.0
42,6000,78247,10.0
42,6001,78256,9.0
42,6002,78268,12.0
42,6003,78283,15.0
42,6004,78295,12.0
42,6005,78305,10.0
42,6006,78315,10.0
42,6007,78325,10.0
42,6008,78336,11.0
42,6009,78345,9.0
42,6010,78356,11.0
42,6011,78365,9.0
42,6012,78374,9.0
42,6013,78383,9.0
42,6014,78393,10.0
42,6015,78403,10.0
42,6016,78414,11.0
42,6017,78423,9.0
42,6018,78436,13.0
42,6019,78446,10.0
42,6020,78455,9.0
42,6021,78463,8.0
42,6022,78479,16.0
42,6023,78493,14.0
42,6024,78503,10.0
42,6025,78514,11.0
42,6026,78528,14.0
42,6027,78547,19.0
42,6028,78558,11.0
42,6029,78566,8.0
42,6030,78576,10.0
42,6031,78587,11.0
42,6032,78598,11.0
42,6033,78607,9.0
42,6034,78618,11.0
42,6035,78630,12.0
42,6036,78638,8.0
42,6037,78647,9.0
42,6038,78663,16.0
42,6039,78674,11.0
42,6040,78684,10.0
42,6041,78699,15.0
42,6042,78716,17.0
42,6043,78730,14.0
42,6044,78742,12.0
42,6045,78755,13.0
42,6046,78766,11.0
42,6047,78776,10.0
42,6048,78786,10.0
42,6049,78797,11.0
42,6050,78809,12.0
42,6051,78824,15.0
42,6052,78834,10.0
42,6053,78844,10.0
42,6054,78854,10.0
42,6055,78866,12.0
42,6056,78875,9.0
42,6057,78885,10.0
42,6058,78895,10.0
42,6059,78907,12.0
42,6060,78916,9.0
42,6061,78927,11.0
42,6062,78937,10.0
42,6063,78951,14.0
42,6064,78960,9.0
42,6065,78969,9.0
42,6066,78979,10.0
42,6067,78995,16.0
42,6068,79007,12.0
42,6069,79016,9.0
42,6070,79027,11.0
42,6071,79038,11.0
42,6072,79048,10.0
42,6073,79062,14.0
42,6074,79072,10.0
42,6075,79082,10.0
42,6076,79093,11.0
42,6077,79102,9.0
42,6078,79115,13.0
42,6079,79124,9.0
42,6080,79134,10.0
42,6081,79148,14.0
42,6082,79160,12.0
42,6083,79170,10.0
42,6084,79181,11.0
42,6085,79190,9.0
42,6086,79203,13.0
42,6087,79220,17.0
42,6088,79236,16.0
42,6089,79244,8.0
42,6090,79253,9.0
42,6091,79261,8.0
42,6092,79270,9.0
42,6093,79285,15.0
42,6094,79297,12.0
42,6095,79309,12.0
42,6096,79325,16.0
42,6097,79337,12.0
42,6098,79352,15.0
42,6099,79362,10.0
42,6100,79372,10.0
42,6101,79387,15.0
42,6102,79400,13.0
42,6103,79410,10.0
42,6104,79420,10.0
42,6105,79430,10.0
42,6106,79440,10.0
42,6107,79449,9.0
42,6108,79459,10.0
42,6109,79469,10.0
42,6110,79478,9.0
42,6111,79487,9.0
42,6112,79496,9.0
42,6113,79508,12.0
42,6114,79517,9.0
42,6115,79528,11.0
42,6116,79538,10.0
42,6117,79548,10.0
42,6118,79563,15.0
42,6119,79575,12.0
42,6120,79584,9.0
42,6121,79595,11.0
42,6122,79608,13.0
42,6123,79616,8.0
42,6124,79628,12.0
42,6125,79642,14.0
42,6126,79650,8.0
42,6127,79661,11.0
42,6128,79671,10.0
42,6129,79681,10.0
42,6130,79695,14.0
42,6131,79705,10.0
42,6132,79715,10.0
42,6133,79724,9.0
42,6134,79741,17.0
42,6135,79751,10.0
42,6136,79762,11.0
42,6137,79776,14.0
42,6138,79786,10.0
42,6139,79796,10.0
42,6140,79806,10.0
42,6141,79815,9.0
42,6142,79823,8.0
42,6143,79833,10.0
42,6144,79843,10.0
42,6145,79852,9.0
42,6146,79861,9.0
42,6147,79872,11.0
42,6148,79883,11.0
42,6149,79893,10.0
42,6150,79902,9.0
42,6151,79910,8.0
42,6152,79919,9.0
42,6153,79929,10.0
42,6154,79938,9.0
42,6155,79950,12.0
42,6156,79958,8.0
42,6157,79968,10.0
42,6158,79977,9.0
42,6159,79989,12.0
42,6160,80002,13.0
42,6161,80011,9.0
42,6162,80020,9.0
42,6163,80030,10.0
42,6164,80040,10.0
42,6165,80050,10.0
42,6166,80061,11.0
42,6167,80074,13.0
42,6168,80083,9.0
42,6169,80096,13.0
42,6170,80109,13.0
42,6171,80119,10.0
42,6172,80128,9.0
42,6173,80140,12.0
42,6174,80150,10.0
42,6175,80163,13.0
42,6176,80177,14.0
42,6177,80187,10.0
42,6178,80196,9.0
42,6179,80212,16.0
42,6180,80223,11.0
42,6181,80240,17.0
42,6182,80250,10.0
42,6183,80260,10.0
42,6184,80269,9.0
42,6185,80280,11.0
42,6186,80290,10.0
42,6187,80304,14.0
42,6188,80321,17.0
42,6189,80332,11.0
42,6190,80344,12.0
42,6191,80353,9.0
42,6192,80367,14.0
42,6193,80377,10.0
42,6194,80388,11.0
42,6195,80398,10.0
42,6196,80408,10.0
42,6197,80419,11.0
42,6198,80430,11.0
42,6199,80439,9.0
42,6200,80451,12.0
42,6201,80462,11.0
42,6202,80472,10.0
42,6203,80483,11.0
42,6204,80493,10.0
42,6205,80502,9.0
42,6206,80516,14.0
42,6207,80524,8.0
42,6208,80535,11.0
42,6209,80545,10.0
42,6210,80561,16.0
42,6211,80571,10.0
42,6212,80581,10.0
42,6213,80591,10.0
42,6214,80602,11.0
42,6215,80614,12.0
42,6216,80624,10.0
42,6217,80636,12.0
42,6218,80648,12.0
42,6219,80659,11.0
42,6220,80669,10.0
42,6221,80678,9.0
42,6222,80687,9.0
42,6223,80697,10.0
42,6224,80707,10.0
42,6225,80715,8.0
42,6226,80730,15.0
42,6227,80739,9.0
42,6228,80749,10.0
42,6229,80759,10.0
42,6230,80768,9.0
42,6231,80779,11.0
42,6232,80789,10.0
42,6233,80800,11.0
42,6234,80814,14.0
42,6235,80828,14.0
42,6236,80838,10.0
42,6237,80848,10.0
42,6238,80858,10.0
42,6239,80869,11.0
42,6240,80879,10.0
42,6241,80889,10.0
42,6242,80903,14.0
42,6243,80916,13.0
42,6244,80930,14.0
42,6245,80941,11.0
42,6246,80954,13.0
42,6247,80964,10.0
42,6248,80974,10.0
42,6249,80984,10.0
42,6250,80992,8.0
42,6251,81001,9.0
42,6252,81010,9.0
42,6253,81020,10.0
42,6254,81029,9.0
42,6255,81041,12.0
42,6256,81050,9.0
42,6257,81061,11.0
42,6258,81070,9.0
42,6259,81084,14.0
42,6260,81097,13.0
42,6261,81112,15.0
42,6262,81125,13.0
42,6263,81134,9.0
42,6264,81144,10.0
42,6265,81155,11.0
42,6266,81165,10.0
42,6267,81177,12.0
42,6268,81187,10.0
42,6269,81198,11.0
42,6270,81207,9.0
42,6271,81220,13.0
42,6272,81233,13.0
42,6273,81241,8.0
42,6274,81251,10.0
42,6275,81259,8.0
42,6276,81268,9.0
42,6277,81277,9.0
42,6278,81287,10.0
42,6279,81305,18.0
42,6280,81314,9.0
42,6281,81324,10.0
42,6282,81334,10.0
42,6283,81343,9.0
42,6284,81352,9.0
42,6285,81364,12.0
42,6286,81377,13.0
42,6287,81387,10.0
42,6288,81398,11.0
42,6289,81410,12.0
42,6290,81422,12.0
42,6291,81431,9.0
42,6292,81440,9.0
42,6293,81449,9.0
42,6294,81466,17.0
42,6295,81475,9.0
42,6296,81485,10.0
42,6297,81495,10.0
42,6298,81505,10.0
42,6299,81516,11.0
42,6300,81525,9.0
42,6301,81538,13.0
42,6302,81550,12.0
42,6303,81562,12.0
42,6304,81571,9.0
42,6305,81580,9.0
42,6306,81588,8.0
42,6307,81601,13.0
42,6308,81611,10.0
42,6309,81622,11.0
42,6310,81630,8.0
42,6311,81643,13.0
42,6312,81655,12.0
42,6313,81665,10.0
42,6314,81675,10.0
42,6315,81687,12.0
42,6316,81705,18.0
42,6317,81715,10.0
42,6318,81724,9.0
42,6319,81734,10.0
42,6320,81744,10.0
42,6321,81757,13.0
42,6322,81766,9.0
42,6323,81780,14.0
42,6324,81789,9.0
42,6325,81799,10.0
42,6326,81808,9.0
42,6327,81817,9.0
42,6328,81843,26.0
42,6329,81857,14.0
42,6330,81868,11.0
42,6331,81876,8.0
42,6332,81887,11.0
42,6333,81899,12.0
42,6334,81913,14.0
42,6335,81922,9.0
42,6336,81932,10.0
42,6337,81943,11.0
42,6338,81952,9.0
42,6339,81962,10.0
42,6340,81976,14.0
42,6341,81986,10.0
42,6342,81996,10.0
42,6343,82008,12.0
42,6344,82017,9.0
42,6345,82026,9.0
42,6346,82036,10.0
42,6347,82051,15.0
42,6348,82064,13.0
42,6349,82078,14.0
42,6350,82090,12.0
42,6351,82100,10.0
42,6352,82111,11.0
42,6353,82119,8.0
42,6354,82129,10.0
42,6355,82143,14.0
42,6356,82157,14.0
42,6357,82167,10.0
42,6358,82177,10.0
42,6359,82188,11.0
42,6360,82199,11.0
42,6361,82209,10.0
42,6362,82218,9.0
42,6363,82228,10.0
42,6364,82236,8.0
42,6365,82246,10.0
42,6366,82262,16.0
42,6367,82272,10.0
42,6368,82283,11.0
42,6369,82299,16.0
42,6370,82308,9.0
42,6371,82317,9.0
42,6372,82328,11.0
42,6373,82340,12.0
42,6374,82350,10.0
42,6375,82360,10.0
42,6376,82373,13.0
42,6377,82382,9.0
42,6378,82392,10.0
42,6379,82401,9.0
42,6380,82415,14.0
42,6381,82427,12.0
42,6382,82440,13.0
42,6383,82449,9.0
42,6384,82462,13.0
42,6385,82474,12.0
42,6386,82485,11.0
42,6387,82497,12.0
42,6388,82507,10.0
42,6389,82515,8.0
42,6390,82525,10.0
42,6391,82533,8.0
42,6392,82544,11.0
42,6393,82554,10.0
42,6394,82563,9.0
42,6395,82571,8.0
42,6396,82580,9.0
42,6397,82590,10.0
42,6398,82600,10.0
42,6399,82609,9.0
42,6400,82618,9.0
42,6401,82629,11.0
42,6402,82638,9.0
42,6403,82650,12.0
42,6404,82658,8.0
42,6405,82667,9.0
42,6406,82678,11.0
42,6407,82688,10.0
42,6408,82698,10.0
42,6409,82709,11.0
42,6410,82719,10.0
42,6411,82730,11.0
42,6412,82743,13.0
42,6413,82754,11.0
42,6414,82762,8.0
42,6415,82771,9.0
42,6416,82783,12.0
42,6417,82797,14.0
42,6418,82811,14.0
42,6419,82819,8.0
42,6420,82829,10.0
42,6421,82842,13.0
42,6422,82852,10.0
42,6423,82861,9.0
42,6424,82872,11.0
42,6425,82882,10.0
42,6426,82892,10.0
42,6427,82901,9.0
42,6428,82911,10.0
42,6429,82923,12.0
42,6430,82943,20.0
42,6431,82956,13.0
42,6432,82966,10.0
42,6433,82975,9.0
42,6434,82986,11.0
42,6435,83004,18.0
42,6436,83016,12.0
42,6437,83027,11.0
42,6438,83038,11.0
42,6439,83050,12.0
42,6440,83058,8.0
42,6441,83067,9.0
42,6442,83079,12.0
42,6443,83093,14.0
42,6444,83101,8.0
42,6445,83114,13.0
42,6446,83123,9.0
42,6447,83141,18.0
42,6448,83153,12.0
42,6449,83164,11.0
42,6450,83174,10.0
42,6451,83183,9.0
42,6452,83194,11.0
42,6453,83203,9.0
42,6454,83212,9.0
42,6455,83228,16.0
42,6456,83242,14.0
42,6457,83251,9.0
42,6458,83260,9.0
42,6459,83274,14.0
42,6460,83283,9.0
42,6461,83295,12.0
42,6462,83304,9.0
42,6463,83315,11.0
42,6464,83324,9.0
42,6465,83337,13.0
42,6466,83348,11.0
42,6467,83358,10.0
42,6468,83371,13.0
42,6469,83380,9.0
42,6470,83393,13.0
42,6471,83402,9.0
42,6472,83412,10.0
42,6473,83424,12.0
42,6474,83433,9.0
42,6475,83443,10.0
42,6476,83452,9.0
42,6477,83463,11.0
42,6478,83472,9.0
42,6479,83483,11.0
42,6480,83496,13.0
42,6481,83504,8.0
42,6482,83512,8.0
42,6483,83522,10.0
42,6484,83533,11.0
42,6485,83549,16.0
42,6486,83558,9.0
42,6487,83567,9.0
42,6488,83575,8.0
42,6489,83586,11.0
42,6490,83600,14.0
42,6491,83618,18.0
42,6492,83631,13.0
42,6493,83641,10.0
42,6494,83655,14.0
42,6495,83664,9.0
42,6496,83673,9.0
42,6497,83683,10.0
42,6498,83694,11.0
42,6499,83704,10.0
42,6500,83715,11.0
42,6501,83728,13.0
42,6502,83738,10.0
42,6503,83749,11.0
42,6504,83757,8.0
42,6505,83765,8.0
42,6506,83775,10.0
42,6507,83787,12.0
42,6508,83800,13.0
42,6509,83811,11.0
42,6510,83821,10.0
42,6511,83829,8.0
42,6512,83838,9.0
42,6513,83846,8.0
42,6514,83854,8.0
42,6515,83868,14.0
42,6516,83880,12.0
42,6517,83892,12.0
42,6518,83907,15.0
42,6519,83917,10.0
42,6520,83928,11.0
42,6521,83937,9.0
42,6522,83951,14.0
42,6523,83963,12.0
42,6524,83972,9.0
42,6525,83983,11.0
42,6526,83992,9.0
42,6527,84002,10.0
42,6528,84011,9.0
42,6529,84024,13.0
42,6530,84036,12.0
42,6531,84047,11.0
42,6532,84056,9.0
42,6533,84074,18.0
42,6534,84082,8.0
42,6535,84093,11.0
42,6536,84108,15.0
42,6537,84123,15.0
42,6538,84133,10.0
42,6539,84145,12.0
42,6540,84153,8.0
42,6541,84163,10.0
42,6542,84173,10.0
42,6543,84183,10.0
42,6544,84195,12.0
42,6545,84205,10.0
42,6546,84216,11.0
42,6547,84229,13.0
42,6548,84238,9.0
42,6549,84247,9.0
42,6550,84255,8.0
42,6551,84268,13.0
42,6552,84277,9.0
42,6553,84286,9.0
42,6554,84297,11.0
42,6555,84309,12.0
42,6556,84320,11.0
42,6557,84330,10.0
42,6558,84339,9.0
42,6559,84350,11.0
42,6560,84363,13.0
42,6561,84374,11.0
42,6562,84386,12.0
42,6563,84398,12.0
42,6564,84407,9.0
42,6565,84415,8.0
42,6566,84425,10.0
42,6567,84438,13.0
42,6568,84448,10.0
42,6569,84459,11.0
42,6570,84471,12.0
42,6571,84482,11.0
42,6572,84495,13.0
42,6573,84506,11.0
42,6574,84516,10.0
42,6575,84533,17.0
42,6576,84544,11.0
42,6577,84553,9.0
42,6578,84564,11.0
42,6579,84576,12.0
42,6580,84585,9.0
42,6581,84593,8.0
42,6582,84603,10.0
42,6583,84611,8.0
42,6584,84621,10.0
42,6585,84636,15.0
42,6586,84648,12.0
42,6587,84663,15.0
42,6588,84674,11.0
42,6589,84686,12.0
42,6590,84696,10.0
42,6591,84704,8.0
42,6592,84714,10.0
42,6593,84726,12.0
42,6594,84737,11.0
42,6595,84749,12.0
42,6596,84757,8.0
42,6597,84765,8.0
42,6598,84775,10.0
42,6599,84788,13.0
42,6600,84796,8.0
42,6601,84805,9.0
42,6602,84815,10.0
42,6603,84827,12.0
42,6604,84836,9.0
42,6605,84847,11.0
42,6606,84861,14.0
42,6607,84870,9.0
42,6608,84883,13.0
42,6609,84891,8.0
42,6610,84900,9.0
42,6611,84911,11.0
42,6612,84921,10.0
42,6613,84931,10.0
42,6614,84941,10.0
42,6615,84955,14.0
42,6616,84964,9.0
42,6617,84975,11.0
42,6618,84991,16.0
42,6619,85000,9.0
42,6620,85010,10.0
42,6621,85026,16.0
42,6622,85037,11.0
42,6623,85049,12.0
42,6624,85059,10.0
42,6625,85070,11.0
42,6626,85081,11.0
42,6627,85091,10.0
42,6628,85105,14.0
42,6629,85114,9.0
42,6630,85128,14.0
42,6631,85146,18.0
42,6632,85155,9.0
42,6633,85166,11.0
42,6634,85177,11.0
42,6635,85187,10.0
42,6636,85197,10.0
42,6637,85206,9.0
42,6638,85219,13.0
42,6639,85228,9.0
42,6640,85245,17.0
42,6641,85253,8.0
42,6642,85262,9.0
42,6643,85278,16.0
42,6644,85292,14.0
42,6645,85301,9.0
42,6646,85312,11.0
42,6647,85322,10.0
42,6648,85333,11.0
42,6649,85345,12.0
42,6650,85355,10.0
42,6651,85367,12.0
42,6652,85377,10.0
42,6653,85389,12.0
42,6654,85398,9.0
42,6655,85410,12.0
42,6656,85420,10.0
42,6657,85430,10.0
42,6658,85443,13.0
42,6659,85454,11.0
42,6660,85462,8.0
42,6661,85478,16.0
42,6662,85487,9.0
42,6663,85495,8.0
42,6664,85510,15.0
42,6665,85522,12.0
42,6666,85536,14.0
42,6667,85547,11.0
42,6668,85557,10.0
42,6669,85567,10.0
42,6670,85576,9.0
42,6671,85591,15.0
42,6672,85602,11.0
42,6673,85611,9.0
42,6674,85620,9.0
42,6675,85631,11.0
42,6676,85640,9.0
42,6677,85648,8.0
42,6678,85658,10.0
42,6679,85667,9.0
42,6680,85678,11.0
42,6681,85689,11.0
42,6682,85700,11.0
42,6683,85712,12.0
42,6684,85722,10.0
42,6685,85734,12.0
42,6686,85742,8.0
42,6687,85752,10.0
42,6688,85761,9.0
42,6689,85770,9.0
42,6690,85781,11.0
42,6691,85790,9.0
42,6692,85803,13.0
42,6693,85812,9.0
42,6694,85824,12.0
42,6695,85833,9.0
42,6696,85843,10.0
42,6697,85852,9.0
42,6698,85861,9.0
42,6699,85877,16.0
42,6700,85889,12.0
42,6701,85905,16.0
42,6702,85914,9.0
42,6703,85924,10.0
42,6704,85934,10.0
42,6705,85945,11.0
42,6706,85954,9.0
42,6707,85965,11.0
42,6708,85976,11.0
42,6709,85987,11.0
42,6710,85997,10.0
42,6711,86007,10.0
42,6712,86016,9.0
42,6713,86029,13.0
42,6714,86041,12.0
42,6715,86053,12.0
42,6716,86063,10.0
42,6717,86072,9.0
42,6718,86081,9.0
42,6719,86096,15.0
42,6720,86106,10.0
42,6721,86116,10.0
42,6722,86129,13.0
42,6723,86139,10.0
42,6724,86148,9.0
42,6725,86157,9.0
42,6726,86167,10.0
42,6727,86187,20.0
42,6728,86201,14.0
42,6729,86213,12.0
42,6730,86224,11.0
42,6731,86235,11.0
42,6732,86245,10.0
42,6733,86255,10.0
42,6734,86263,8.0
42,6735,86275,12.0
42,6736,86287,12.0
42,6737,86297,10.0
42,6738,86306,9.0
42,6739,86315,9.0
42,6740,86325,10.0
42,6741,86336,11.0
42,6742,86345,9.0
42,6743,86359,14.0
42,6744,86371,12.0
42,6745,86381,10.0
42,6746,86391,10.0
42,6747,86404,13.0
42,6748,86415,11.0
42,6749,86427,12.0
42,6750,86439,12.0
42,6751,86449,10.0
42,6752,86459,10.0
42,6753,86475,16.0
42,6754,86487,12.0
42,6755,86498,11.0
42,6756,86510,12.0
42,6757,86522,12.0
42,6758,86532,10.0
42,6759,86545,13.0
42,6760,86555,10.0
42,6761,86571,16.0
42,6762,86582,11.0
42,6763,86592,10.0
42,6764,86602,10.0
42,6765,86610,8.0
42,6766,86633,23.0
42,6767,86643,10.0
42,6768,86656,13.0
42,6769,86672,16.0
42,6770,86682,10.0
42,6771,86694,12.0
42,6772,86705,11.0
42,6773,86714,9.0
42,6774,86728,14.0
42,6775,86737,9.0
42,6776,86745,8.0
42,6777,86757,12.0
42,6778,86767,10.0
42,6779,86778,11.0
42,6780,86788,10.0
42,6781,86800,12.0
42,6782,86811,11.0
42,6783,86824,13.0
42,6784,86839,15.0
42,6785,86854,15.0
42,6786,86864,10.0
42,6787,86874,10.0
42,6788,86885,11.0
42,6789,86895,10.0
42,6790,86904,9.0
42,6791,86914,10.0
42,6792,86923,9.0
42,6793,86931,8.0
42,6794,86943,12.0
42,6795,86961,18.0
42,6796,86973,12.0
42,6797,86982,9.0
42,6798,86992,10.0
42,6799,87002,10.0
42,6800,87013,11.0
42,6801,87024,11.0
42,6802,87033,9.0
42,6803,87043,10.0
42,6804,87053,10.0
42,6805,87065,12.0
42,6806,87075,10.0
42,6807,87086,11.0
42,6808,87098,12.0
42,6809,87107,9.0
42,6810,87121,14.0
42,6811,87134,13.0
42,6812,87148,14.0
42,6813,87158,10.0
42,6814,87167,9.0
42,6815,87177,10.0
42,6816,87188,11.0
42,6817,87201,13.0
42,6818,87212,11.0
42,6819,87222,10.0
42,6820,87233,11.0
42,6821,87245,12.0
42,6822,87255,10.0
42,6823,87266,11.0
42,6824,87284,18.0
42,6825,87298,14.0
42,6826,87307,9.0
42,6827,87317,10.0
42,6828,87337,20.0
42,6829,87347,10.0
42,6830,87360,13.0
42,6831,87371,11.0
42,6832,87382,11.0
42,6833,87392,10.0
42,6834,87405,13.0
42,6835,87416,11.0
42,6836,87428,12.0
42,6837,87439,11.0
42,6838,87448,9.0
42,6839,87457,9.0
42,6840,87467,10.0
42,6841,87481,14.0
42,6842,87493,12.0
42,6843,87501,8.0
42,6844,87512,11.0
42,6845,87525,13.0
42,6846,87536,11.0
42,6847,87549,13.0
42,6848,87559,10.0
42,6849,87568,9.0
42,6850,87577,9.0
42,6851,87585,8.0
42,6852,87595,10.0
42,6853,87607,12.0
42,6854,87616,9.0
42,6855,87626,10.0
42,6856,87638,12.0
42,6857,87649,11.0
42,6858,87661,12.0
42,6859,87672,11.0
42,6860,87685,13.0
42,6861,87697,12.0
42,6862,87708,11.0
42,6863,87719,11.0
42,6864,87729,10.0
42,6865,87740,11.0
42,6866,87751,11.0
42,6867,87765,14.0
42,6868,87776,11.0
42,6869,87785,9.0
42,6870,87795,10.0
42,6871,87804,9.0
42,6872,87814,10.0
42,6873,87826,12.0
42,6874,87835,9.0
42,6875,87846,11.0
42,6876,87856,10.0
42,6877,87864,8.0
42,6878,87874,10.0
42,6879,87882,8.0
42,6880,87891,9.0
42,6881,87903,12.0
42,6882,87914,11.0
42,6883,87925,11.0
42,6884,87937,12.0
42,6885,87946,9.0
42,6886,87954,8.0
42,6887,87963,9.0
42,6888,87973,10.0
42,6889,87989,16.0
42,6890,87999,10.0
42,6891,88009,10.0
42,6892,88020,11.0
42,6893,88031,11.0
42,6894,88044,13.0
42,6895,88055,11.0
42,6896,88064,9.0
42,6897,88074,10.0
42,6898,88088,14.0
42,6899,88099,11.0
42,6900,88108,9.0
42,6901,88117,9.0
42,6902,88135,18.0
42,6903,88152,17.0
42,6904,88162,10.0
42,6905,88172,10.0
42,6906,88182,10.0
42,6907,88198,16.0
42,6908,88217,19.0
42,6909,88227,10.0
42,6910,88235,8.0
42,6911,88250,15.0
42,6912,88262,12.0
42,6913,88272,10.0
42,6914,88283,11.0
42,6915,88293,10.0
42,6916,88303,10.0
42,6917,88314,11.0
42,6918,88325,11.0
42,6919,88334,9.0
42,6920,88347,13.0
42,6921,88360,13.0
42,6922,88370,10.0
42,6923,88379,9.0
42,6924,88391,12.0
42,6925,88400,9.0
42,6926,88410,10.0
42,6927,88422,12.0
42,6928,88432,10.0
42,6929,88444,12.0
42,6930,88455,11.0
42,6931,88472,17.0
42,6932,88484,12.0
42,6933,88500,16.0
42,6934,88514,14.0
42,6935,88525,11.0
42,6936,88536,11.0
42,6937,88552,16.0
42,6938,88561,9.0
42,6939,88570,9.0
42,6940,88578,8.0
42,6941,88587,9.0
42,6942,88597,10.0
42,6943,88608,11.0
42,6944,88618,10.0
42,6945,88629,11.0
42,6946,88640,11.0
42,6947,88653,13.0
42,6948,88668,15.0
42,6949,88682,14.0
42,6950,88693,11.0
42,6951,88704,11.0
42,6952,88716,12.0
42,6953,88731,15.0
42,6954,88741,10.0
42,6955,88755,14.0
42,6956,88766,11.0
42,6957,88778,12.0
42,6958,88789,11.0
42,6959,88797,8.0
42,6960,88808,11.0
42,6961,88823,15.0
42,6962,88835,12.0
42,6963,88845,10.0
42,6964,88854,9.0
42,6965,88868,14.0
42,6966,88881,13.0
42,6967,88893,12.0
42,6968,88906,13.0
42,6969,88916,10.0
42,6970,88925,9.0
42,6971,88934,9.0
42,6972,88947,13.0
42,6973,88958,11.0
42,6974,88968,10.0
42,6975,88980,12.0
42,6976,88990,10.0
42,6977,89000,10.0
42,6978,89010,10.0
42,6979,89019,9.0
42,6980,89029,10.0
42,6981,89040,11.0
42,6982,89056,16.0
42,6983,89065,9.0
42,6984,89075,10.0
42,6985,89084,9.0
42,6986,89097,13.0
42,6987,89107,10.0
42,6988,89122,15.0
42,6989,89133,11.0
42,6990,89141,8.0
42,6991,89152,11.0
42,6992,89163,11.0
42,6993,89176,13.0
42,6994,89188,12.0
42,6995,89204,16.0
42,6996,89214,10.0
42,6997,89227,13.0
42,6998,89244,17.0
42,6999,89255,11.0
42,7000,89267,12.0
42,7001,89283,16.0
42,7002,89293,10.0
42,7003,89305,12.0
42,7004,89315,10.0
42,7005,89331,16.0
42,7006,89340,9.0
42,7007,89350,10.0
42,7008,89363,13.0
42,7009,89376,13.0
42,7010,89387,11.0
42,7011,89411,24.0
42,7012,89421,10.0
42,7013,89432,11.0
42,7014,89442,10.0
42,7015,89452,10.0
42,7016,89470,18.0
42,7017,89481,11.0
42,7018,89494,13.0
42,7019,89507,13.0
42,7020,89517,10.0
42,7021,89525,8.0
42,7022,89533,8.0
42,7023,89544,11.0
42,7024,89552,8.0
42,7025,89561,9.0
42,7026,89569,8.0
42,7027,89582,13.0
42,7028,89607,25.0
42,7029,89617,10.0
42,7030,89627,10.0
42,7031,89637,10.0
42,7032,89647,10.0
42,7033,89657,10.0
42,7034,89666,9.0
42,7035,89677,11.0
42,7036,89694,17.0
42,7037,89707,13.0
42,7038,89718,11.0
42,7039,89729,11.0
42,7040,89741,12.0
42,7041,89750,9.0
42,7042,89758,8.0
42,7043,89772,14.0
42,7044,89785,13.0
42,7045,89798,13.0
42,7046,89810,12.0
42,7047,89824,14.0
42,7048,89839,15.0
42,7049,89849,10.0
42,7050,89868,19.0
42,7051,89877,9.0
42,7052,89894,17.0
42,7053,89907,13.0
42,7054,89918,11.0
42,7055,89928,10.0
42,7056,89936,8.0
42,7057,89945,9.0
42,7058,89955,10.0
42,7059,89965,10.0
42,7060,89978,13.0
42,7061,89989,11.0
42,7062,89998,9.0
42,7063,90008,10.0
42,7064,90020,12.0
42,7065,90031,11.0
42,7066,90040,9.0
42,7067,90050,10.0
42,7068,90059,9.0
42,7069,90073,14.0
42,7070,90086,13.0
42,7071,90097,11.0
42,7072,90115,18.0
42,7073,90126,11.0
42,7074,90138,12.0
42,7075,90155,17.0
42,7076,90165,10.0
42,7077,90173,8.0
42,7078,90189,16.0
42,7079,90199,10.0
42,7080,90208,9.0
42,7081,90217,9.0
42,7082,90231,14.0
42,7083,90242,11.0
42,7084,90254,12.0
42,7085,90267,13.0
42,7086,90277,10.0
42,7087,90286,9.0
42,7088,90298,12.0
42,7089,90311,13.0
42,7090,90325,14.0
42,7091,90336,11.0
42,7092,90349,13.0
42,7093,90360,11.0
42,7094,90370,10.0
42,7095,90389,19.0
42,7096,90400,11.0
42,7097,90412,12.0
42,7098,90421,9.0
42,7099,90431,10.0
42,7100,90442,11.0
42,7101,90460,18.0
42,7102,90473,13.0
42,7103,90484,11.0
42,7104,90495,11.0
42,7105,90514,19.0
42,7106,90524,10.0
42,7107,90532,8.0
42,7108,90544,12.0
42,7109,90558,14.0
42,7110,90568,10.0
42,7111,90577,9.0
42,7112,90590,13.0
42,7113,90599,9.0
42,7114,90610,11.0
42,7115,90618,8.0
42,7116,90628,10.0
42,7117,90639,11.0
42,7118,90648,9.0
42,7119,90660,12.0
42,7120,90670,10.0
42,7121,90680,10.0
42,7122,90689,9.0
42,7123,90700,11.0
42,7124,90710,10.0
42,7125,90721,11.0
42,7126,90731,10.0
42,7127,90741,10.0
42,7128,90761,20.0
42,7129,90772,11.0
42,7130,90782,10.0
42,7131,90791,9.0
42,7132,90800,9.0
42,7133,90809,9.0
42,7134,90820,11.0
42,7135,90830,10.0
42,7136,90847,17.0
42,7137,90858,11.0
42,7138,90868,10.0
42,7139,90881,13.0
42,7140,90896,15.0
42,7141,90907,11.0
42,7142,90917,10.0
42,7143,90929,12.0
42,7144,90939,10.0
42,7145,90962,23.0
42,7146,90976,14.0
42,7147,90987,11.0
42,7148,90996,9.0
42,7149,91006,10.0
42,7150,91016,10.0
42,7151,91025,9.0
42,7152,91037,12.0
42,7153,91048,11.0
42,7154,91057,9.0
42,7155,91073,16.0
42,7156,91082,9.0
42,7157,91093,11.0
42,7158,91102,9.0
42,7159,91114,12.0
42,7160,91124,10.0
42,7161,91136,12.0
42,7162,91146,10.0
42,7163,91159,13.0
42,7164,91169,10.0
42,7165,91177,8.0
42,7166,91190,13.0
42,7167,91201,11.0
42,7168,91211,10.0
42,7169,91222,11.0
42,7170,91232,10.0
42,7171,91242,10.0
42,7172,91253,11.0
42,7173,91262,9.0
42,7174,91275,13.0
42,7175,91285,10.0
42,7176,91295,10.0
42,7177,91309,14.0
42,7178,91319,10.0
42,7179,91330,11.0
42,7180,91339,9.0
42,7181,91350,11.0
42,7182,91360,10.0
42,7183,91372,12.0
42,7184,91383,11.0
42,7185,91396,13.0
42,7186,91407,11.0
42,7187,91417,10.0
42,7188,91440,23.0
42,7189,91454,14.0
42,7190,91463,9.0
42,7191,91473,10.0
42,7192,91482,9.0
42,7193,91493,11.0
42,7194,91506,13.0
42,7195,91529,23.0
42,7196,91539,10.0
42,7197,91549,10.0
42,7198,91558,9.0
42,7199,91568,10.0
42,7200,91588,20.0
42,7201,91599,11.0
42,7202,91612,13.0
42,7203,91623,11.0
42,7204,91637,14.0
42,7205,91648,11.0
42,7206,91659,11.0
42,7207,91670,11.0
42,7208,91680,10.0
42,7209,91691,11.0
42,7210,91701,10.0
42,7211,91710,9.0
42,7212,91723,13.0
42,7213,91733,10.0
42,7214,91744,11.0
42,7215,91753,9.0
42,7216,91764,11.0
42,7217,91773,9.0
42,7218,91782,9.0
42,7219,91794,12.0
42,7220,91804,10.0
42,7221,91813,9.0
42,7222,91822,9.0
42,7223,91835,13.0
42,7224,91848,13.0
42,7225,91862,14.0
42,7226,91871,9.0
42,7227,91881,10.0
42,7228,91890,9.0
42,7229,91900,10.0
42,7230,91912,12.0
42,7231,91925,13.0
42,7232,91935,10.0
42,7233,91950,15.0
42,7234,91961,11.0
42,7235,91973,12.0
42,7236,91987,14.0
42,7237,91998,11.0
42,7238,92010,12.0
42,7239,92021,11.0
42,7240,92033,12.0
42,7241,92044,11.0
42,7242,92058,14.0
42,7243,92069,11.0
42,7244,92081,12.0
42,7245,92093,12.0
42,7246,92102,9.0
42,7247,92112,10.0
42,7248,92122,10.0
42,7249,92132,10.0
42,7250,92141,9.0
42,7251,92151,10.0
42,7252,92161,10.0
42,7253,92175,14.0
42,7254,92194,19.0
42,7255,92209,15.0
42,7256,92219,10.0
42,7257,92228,9.0
42,7258,92239,11.0
42,7259,92263,24.0
42,7260,92272,9.0
42,7261,92282,10.0
42,7262,92298,16.0
42,7263,92310,12.0
42,7264,92322,12.0
42,7265,92331,9.0
42,7266,92345,14.0
42,7267,92355,10.0
42,7268,92364,9.0
42,7269,92374,10.0
42,7270,92384,10.0
42,7271,92399,15.0
42,7272,92410,11.0
42,7273,92421,11.0
42,7274,92430,9.0
42,7275,92439,9.0
42,7276,92450,11.0
42,7277,92464,14.0
42,7278,92473,9.0
42,7279,92484,11.0
42,7280,92494,10.0
42,7281,92504,10.0
42,7282,92514,10.0
42,7283,92523,9.0
42,7284,92531,8.0
42,7285,92547,16.0
42,7286,92558,11.0
42,7287,92571,13.0
42,7288,92584,13.0
42,7289,92602,18.0
42,7290,92611,9.0
42,7291,92621,10.0
42,7292,92631,10.0
42,7293,92643,12.0
42,7294,92656,13.0
42,7295,92665,9.0
42,7296,92675,10.0
42,7297,92684,9.0
42,7298,92696,12.0
42,7299,92708,12.0
42,7300,92717,9.0
42,7301,92727,10.0
42,7302,92736,9.0
42,7303,92750,14.0
42,7304,92761,11.0
42,7305,92773,12.0
42,7306,92783,10.0
42,7307,92793,10.0
42,7308,92803,10.0
42,7309,92823,20.0
42,7310,92831,8.0
42,7311,92849,18.0
42,7312,92862,13.0
42,7313,92870,8.0
42,7314,92880,10.0
42,7315,92890,10.0
42,7316,92899,9.0
42,7317,92909,10.0
42,7318,92918,9.0
42,7319,92930,12.0
42,7320,92948,18.0
42,7321,92960,12.0
42,7322,92971,11.0
42,7323,92980,9.0
42,7324,92994,14.0
42,7325,93005,11.0
42,7326,93016,11.0
42,7327,93025,9.0
42,7328,93037,12.0
42,7329,93047,10.0
42,7330,93057,10.0
42,7331,93072,15.0
42,7332,93083,11.0
42,7333,93095,12.0
42,7334,93113,18.0
42,7335,93124,11.0
42,7336,93133,9.0
42,7337,93147,14.0
42,7338,93159,12.0
42,7339,93169,10.0
42,7340,93180,11.0
42,7341,93193,13.0
42,7342,93204,11.0
42,7343,93214,10.0
42,7344,93224,10.0
42,7345,93233,9.0
42,7346,93243,10.0
42,7347,93257,14.0
42,7348,93274,17.0
42,7349,93284,10.0
42,7350,93292,8.0
42,7351,93302,10.0
42,7352,93313,11.0
42,7353,93326,13.0
42,7354,93336,10.0
42,7355,93346,10.0
42,7356,93360,14.0
42,7357,93373,13.0
42,7358,93383,10.0
42,7359,93392,9.0
42,7360,93401,9.0
42,7361,93412,11.0
42,7362,93423,11.0
42,7363,93436,13.0
42,7364,93448,12.0
42,7365,93460,12.0
42,7366,93470,10.0
42,7367,93482,12.0
42,7368,93499,17.0
42,7369,93511,12.0
42,7370,93521,10.0
42,7371,93533,12.0
42,7372,93542,9.0
42,7373,93551,9.0
42,7374,93563,12.0
42,7375,93574,11.0
42,7376,93588,14.0
42,7377,93598,10.0
42,7378,93609,11.0
42,7379,93623,14.0
42,7380,93633,10.0
42,7381,93641,8.0
42,7382,93651,10.0
42,7383,93661,10.0
42,7384,93673,12.0
42,7385,93683,10.0
42,7386,93693,10.0
42,7387,93702,9.0
42,7388,93711,9.0
42,7389,93727,16.0
42,7390,93739,12.0
42,7391,93749,10.0
42,7392,93760,11.0
42,7393,93772,12.0
42,7394,93782,10.0
42,7395,93795,13.0
42,7396,93806,11.0
42,7397,93821,15.0
42,7398,93831,10.0
42,7399,93839,8.0
42,7400,93850,11.0
42,7401,93862,12.0
42,7402,93873,11.0
42,7403,93882,9.0
42,7404,93895,13.0
42,7405,93908,13.0
42,7406,93919,11.0
42,7407,93929,10.0
42,7408,93939,10.0
42,7409,93953,14.0
42,7410,93962,9.0
42,7411,93971,9.0
42,7412,93984,13.0
42,7413,94000,16.0
42,7414,94015,15.0
42,7415,94027,12.0
42,7416,94037,10.0
42,7417,94046,9.0
42,7418,94056,10.0
42,7419,94070,14.0
42,7420,94081,11.0
42,7421,94094,13.0
42,7422,94104,10.0
42,7423,94114,10.0
42,7424,94122,8.0
42,7425,94130,8.0
42,7426,94143,13.0
42,7427,94153,10.0
42,7428,94163,10.0
42,7429,94172,9.0
42,7430,94183,11.0
42,7431,94192,9.0
42,7432,94202,10.0
42,7433,94212,10.0
42,7434,94223,11.0
42,7435,94235,12.0
42,7436,94250,15.0
42,7437,94259,9.0
42,7438,94270,11.0
42,7439,94279,9.0
42,7440,94290,11.0
42,7441,94303,13.0
42,7442,94313,10.0
42,7443,94325,12.0
42,7444,94335,10.0
42,7445,94351,16.0
42,7446,94371,20.0
42,7447,94384,13.0
42,7448,94395,11.0
42,7449,94406,11.0
42,7450,94419,13.0
42,7451,94432,13.0
42,7452,94444,12.0
42,7453,94454,10.0
42,7454,94465,11.0
42,7455,94474,9.0
42,7456,94483,9.0
42,7457,94494,11.0
42,7458,94505,11.0
42,7459,94514,9.0
42,7460,94525,11.0
42,7461,94533,8.0
42,7462,94550,17.0
42,7463,94564,14.0
42,7464,94575,11.0
42,7465,94585,10.0
42,7466,94596,11.0
42,7467,94606,10.0
42,7468,94617,11.0
42,7469,94631,14.0
42,7470,94645,14.0
42,7471,94655,10.0
42,7472,94664,9.0
42,7473,94679,15.0
42,7474,94691,12.0
42,7475,94700,9.0
42,7476,94710,10.0
42,7477,94723,13.0
42,7478,94745,22.0
42,7479,94757,12.0
42,7480,94767,10.0
42,7481,94778,11.0
42,7482,94792,14.0
42,7483,94802,10.0
42,7484,94811,9.0
42,7485,94827,16.0
42,7486,94841,14.0
42,7487,94859,18.0
42,7488,94869,10.0
42,7489,94881,12.0
42,7490,94892,11.0
42,7491,94904,12.0
42,7492,94920,16.0
42,7493,94930,10.0
42,7494,94942,12.0
42,7495,94952,10.0
42,7496,94965,13.0
42,7497,94978,13.0
42,7498,94990,12.0
42,7499,95000,10.0
42,7500,95014,14.0
42,7501,95024,10.0
42,7502,95035,11.0
42,7503,95045,10.0
42,7504,95057,12.0
42,7505,95069,12.0
42,7506,95079,10.0
42,7507,95096,17.0
42,7508,95106,10.0
42,7509,95115,9.0
42,7510,95126,11.0
42,7511,95134,8.0
42,7512,95151,17.0
42,7513,95162,11.0
42,7514,95171,9.0
42,7515,95179,8.0
42,7516,95188,9.0
42,7517,95200,12.0
42,7518,95209,9.0
42,7519,95222,13.0
42,7520,95231,9.0
42,7521,95253,22.0
42,7522,95264,11.0
42,7523,95275,11.0
42,7524,95288,13.0
42,7525,95298,10.0
42,7526,95308,10.0
42,7527,95318,10.0
42,7528,95328,10.0
42,7529,95348,20.0
42,7530,95360,12.0
42,7531,95372,12.0
42,7532,95384,12.0
42,7533,95392,8.0
42,7534,95408,16.0
42,7535,95419,11.0
42,7536,95434,15.0
42,7537,95449,15.0
42,7538,95457,8.0
42,7539,95466,9.0
42,7540,95477,11.0
42,7541,95487,10.0
42,7542,95496,9.0
42,7543,95508,12.0
42,7544,95521,13.0
42,7545,95535,14.0
42,7546,95546,11.0
42,7547,95555,9.0
42,7548,95568,13.0
42,7549,95579,11.0
42,7550,95590,11.0
42,7551,95600,10.0
42,7552,95614,14.0
42,7553,95626,12.0
42,7554,95637,11.0
42,7555,95651,14.0
42,7556,95666,15.0
42,7557,95677,11.0
42,7558,95686,9.0
42,7559,95696,10.0
42,7560,95706,10.0
42,7561,95715,9.0
42,7562,95725,10.0
42,7563,95739,14.0
42,7564,95751,12.0
42,7565,95761,10.0
42,7566,95771,10.0
42,7567,95780,9.0
42,7568,95791,11.0
42,7569,95801,10.0
42,7570,95810,9.0
42,7571,95818,8.0
42,7572,95834,16.0
42,7573,95843,9.0
42,7574,95852,9.0
42,7575,95863,11.0
42,7576,95875,12.0
42,7577,95887,12.0
42,7578,95898,11.0
42,7579,95907,9.0
42,7580,95918,11.0
42,7581,95928,10.0
42,7582,95938,10.0
42,7583,95950,12.0
42,7584,95959,9.0
42,7585,95968,9.0
42,7586,95979,11.0
42,7587,95989,10.0
42,7588,96002,13.0
42,7589,96012,10.0
42,7590,96022,10.0
42,7591,96033,11.0
42,7592,96042,9.0
42,7593,96053,11.0
42,7594,96064,11.0
42,7595,96077,13.0
42,7596,96088,11.0
42,7597,96098,10.0
42,7598,96107,9.0
42,7599,96117,10.0
42,7600,96129,12.0
42,7601,96140,11.0
42,7602,96150,10.0
42,7603,96159,9.0
42,7604,96167,8.0
42,7605,96180,13.0
42,7606,96193,13.0
42,7607,96206,13.0
42,7608,96219,13.0
42,7609,96229,10.0
42,7610,96240,11.0
42,7611,96255,15.0
42,7612,96267,12.0
42,7613,96279,12.0
42,7614,96288,9.0
42,7615,96297,9.0
42,7616,96306,9.0
42,7617,96318,12.0
42,7618,96331,13.0
42,7619,96341,10.0
42,7620,96353,12.0
42,7621,96363,10.0
42,7622,96381,18.0
42,7623,96395,14.0
42,7624,96409,14.0
42,7625,96418,9.0
42,7626,96427,9.0
42,7627,96436,9.0
42,7628,96446,10.0
42,7629,96466,20.0
42,7630,96475,9.0
42,7631,96491,16.0
42,7632,96502,11.0
42,7633,96511,9.0
42,7634,96521,10.0
42,7635,96535,14.0
42,7636,96544,9.0
42,7637,96559,15.0
42,7638,96571,12.0
42,7639,96583,12.0
42,7640,96596,13.0
42,7641,96608,12.0
42,7642,96621,13.0
42,7643,96632,11.0
42,7644,96643,11.0
42,7645,96653,10.0
42,7646,96664,11.0
42,7647,96673,9.0
42,7648,96695,22.0
42,7649,96705,10.0
42,7650,96715,10.0
42,7651,96726,11.0
42,7652,96737,11.0
42,7653,96746,9.0
42,7654,96759,13.0
42,7655,96768,9.0
42,7656,96778,10.0
42,7657,96790,12.0
42,7658,96799,9.0
42,7659,96808,9.0
42,7660,96821,13.0
42,7661,96831,10.0
42,7662,96840,9.0
42,7663,96851,11.0
42,7664,96864,13.0
42,7665,96876,12.0
42,7666,96890,14.0
42,7667,96905,15.0
42,7668,96922,17.0
42,7669,96933,11.0
42,7670,96941,8.0
42,7671,96950,9.0
42,7672,96960,10.0
42,7673,96970,10.0
42,7674,96985,15.0
42,7675,96994,9.0
42,7676,97004,10.0
42,7677,97013,9.0
42,7678,97024,11.0
42,7679,97034,10.0
42,7680,97044,10.0
42,7681,97053,9.0
42,7682,97062,9.0
42,7683,97073,11.0
42,7684,97083,10.0
42,7685,97096,13.0
42,7686,97106,10.0
42,7687,97116,10.0
42,7688,97127,11.0
42,7689,97138,11.0
42,7690,97158,20.0
42,7691,97175,17.0
42,7692,97187,12.0
42,7693,97198,11.0
42,7694,97210,12.0
42,7695,97221,11.0
42,7696,97231,10.0
42,7697,97251,20.0
42,7698,97267,16.0
42,7699,97277,10.0
42,7700,97287,10.0
42,7701,97297,10.0
42,7702,97309,12.0
42,7703,97321,12.0
42,7704,97332,11.0
42,7705,97345,13.0
42,7706,97357,12.0
42,7707,97369,12.0
42,7708,97386,17.0
42,7709,97394,8.0
42,7710,97409,15.0
42,7711,97421,12.0
42,7712,97430,9.0
42,7713,97448,18.0
42,7714,97459,11.0
42,7715,97473,14.0
42,7716,97483,10.0
42,7717,97494,11.0
42,7718,97503,9.0
42,7719,97513,10.0
42,7720,97529,16.0
42,7721,97541,12.0
42,7722,97551,10.0
42,7723,97562,11.0
42,7724,97571,9.0
42,7725,97587,16.0
42,7726,97600,13.0
42,7727,97610,10.0
42,7728,97626,16.0
42,7729,97637,11.0
42,7730,97647,10.0
42,7731,97659,12.0
42,7732,97671,12.0
42,7733,97683,12.0
42,7734,97693,10.0
42,7735,97705,12.0
42,7736,97714,9.0
42,7737,97724,10.0
42,7738,97733,9.0
42,7739,97745,12.0
42,7740,97755,10.0
42,7741,97764,9.0
42,7742,97775,11.0
42,7743,97786,11.0
42,7744,97796,10.0
42,7745,97809,13.0
42,7746,97820,11.0
42,7747,97830,10.0
42,7748,97842,12.0
42,7749,97851,9.0
42,7750,97860,9.0
42,7751,97870,10.0
42,7752,97880,10.0
42,7753,97892,12.0
42,7754,97906,14.0
42,7755,97915,9.0
42,7756,97933,18.0
42,7757,97948,15.0
42,7758,97964,16.0
42,7759,97974,10.0
42,7760,97986,12.0
42,7761,97997,11.0
42,7762,98008,11.0
42,7763,98019,11.0
42,7764,98033,14.0
42,7765,98044,11.0
42,7766,98057,13.0
42,7767,98069,12.0
42,7768,98079,10.0
42,7769,98097,18.0
42,7770,98106,9.0
42,7771,98118,12.0
42,7772,98130,12.0
42,7773,98140,10.0
42,7774,98154,14.0
42,7775,98170,16.0
42,7776,98178,8.0
42,7777,98188,10.0
42,7778,98196,8.0
42,7779,98205,9.0
42,7780,98220,15.0
42,7781,98230,10.0
42,7782,98243,13.0
42,7783,98256,13.0
42,7784,98269,13.0
42,7785,98282,13.0
42,7786,98294,12.0
42,7787,98308,14.0
42,7788,98322,14.0
42,7789,98334,12.0
42,7790,98346,12.0
42,7791,98357,11.0
42,7792,98367,10.0
42,7793,98381,14.0
42,7794,98395,14.0
42,7795,98405,10.0
42,7796,98414,9.0
42,7797,98424,10.0
42,7798,98434,10.0
42,7799,98444,10.0
42,7800,98453,9.0
42,7801,98462,9.0
42,7802,98472,10.0
42,7803,98480,8.0
42,7804,98489,9.0
42,7805,98499,10.0
42,7806,98513,14.0
42,7807,98522,9.0
42,7808,98531,9.0
42,7809,98541,10.0
42,7810,98550,9.0
42,7811,98565,15.0
42,7812,98574,9.0
42,7813,98584,10.0
42,7814,98592,8.0
42,7815,98604,12.0
42,7816,98617,13.0
42,7817,98628,11.0
42,7818,98641,13.0
42,7819,98667,26.0
42,7820,98677,10.0
42,7821,98685,8.0
42,7822,98696,11.0
42,7823,98712,16.0
42,7824,98723,11.0
42,7825,98733,10.0
42,7826,98745,12.0
42,7827,98757,12.0
42,7828,98770,13.0
42,7829,98781,11.0
42,7830,98790,9.0
42,7831,98805,15.0
42,7832,98817,12.0
42,7833,98830,13.0
42,7834,98844,14.0
42,7835,98856,12.0
42,7836,98867,11.0
42,7837,98877,10.0
42,7838,98887,10.0
42,7839,98896,9.0
42,7840,98907,11.0
42,7841,98918,11.0
42,7842,98927,9.0
42,7843,98949,22.0
42,7844,98959,10.0
42,7845,98970,11.0
42,7846,98983,13.0
42,7847,98993,10.0
42,7848,99003,10.0
42,7849,99013,10.0
42,7850,99026,13.0
42,7851,99040,14.0
42,7852,99050,10.0
42,7853,99059,9.0
42,7854,99067,8.0
42,7855,99076,9.0
42,7856,99085,9.0
42,7857,99094,9.0
42,7858,99103,9.0
42,7859,99116,13.0
42,7860,99125,9.0
42,7861,99133,8.0
42,7862,99145,12.0
42,7863,99155,10.0
42,7864,99168,13.0
42,7865,99178,10.0
42,7866,99193,15.0
42,7867,99204,11.0
42,7868,99215,11.0
42,7869,99224,9.0
42,7870,99237,13.0
42,7871,99247,10.0
42,7872,99257,10.0
42,7873,99267,10.0
42,7874,99280,13.0
42,7875,99291,11.0
42,7876,99306,15.0
42,7877,99315,9.0
42,7878,99324,9.0
42,7879,99335,11.0
42,7880,99346,11.0
42,7881,99359,13.0
42,7882,99370,11.0
42,7883,99379,9.0
42,7884,99388,9.0
42,7885,99405,17.0
42,7886,99425,20.0
42,7887,99435,10.0
42,7888,99444,9.0
42,7889,99454,10.0
42,7890,99465,11.0
42,7891,99475,10.0
42,7892,99486,11.0
42,7893,99495,9.0
42,7894,99505,10.0
42,7895,99528,23.0
42,7896,99543,15.0
42,7897,99552,9.0
42,7898,99564,12.0
42,7899,99574,10.0
42,7900,99583,9.0
42,7901,99594,11.0
42,7902,99607,13.0
42,7903,99620,13.0
42,7904,99631,11.0
42,7905,99640,9.0
42,7906,99649,9.0
42,7907,99658,9.0
42,7908,99667,9.0
42,7909,99676,9.0
42,7910,99685,9.0
42,7911,99696,11.0
42,7912,99704,8.0
42,7913,99714,10.0
42,7914,99723,9.0
42,7915,99739,16.0
42,7916,99748,9.0
42,7917,99761,13.0
42,7918,99770,9.0
42,7919,99780,10.0
42,7920,99797,17.0
42,7921,99805,8.0
42,7922,99817,12.0
42,7923,99826,9.0
42,7924,99834,8.0
42,7925,99844,10.0
42,7926,99854,10.0
42,7927,99864,10.0
42,7928,99875,11.0
42,7929,99887,12.0
42,7930,99897,10.0
42,7931,99911,14.0
42,7932,99925,14.0
42,7933,99934,9.0
42,7934,99942,8.0
42,7935,99955,13.0
42,7936,99965,10.0
42,7937,99976,11.0
42,7938,99987,11.0
42,7939,99997,10.0
42,7940,100007,10.0
42,7941,100017,10.0
42,7942,100026,9.0
42,7943,100037,11.0
42,7944,100051,14.0
42,7945,100062,11.0
42,7946,100070,8.0
42,7947,100080,10.0
42,7948,100092,12.0
42,7949,100104,12.0
42,7950,100113,9.0
42,7951,100123,10.0
42,7952,100133,10.0
42,7953,100142,9.0
42,7954,100155,13.0
42,7955,100172,17.0
42,7956,100183,11.0
42,7957,100192,9.0
42,7958,100203,11.0
42,7959,100213,10.0
42,7960,100225,12.0
42,7961,100235,10.0
42,7962,100245,10.0
42,7963,100254,9.0
42,7964,100263,9.0
42,7965,100273,10.0
42,7966,100289,16.0
42,7967,100300,11.0
42,7968,100309,9.0
42,7969,100320,11.0
42,7970,100331,11.0
42,7971,100339,8.0
42,7972,100349,10.0
42,7973,100358,9.0
42,7974,100367,9.0
42,7975,100378,11.0
42,7976,100388,10.0
42,7977,100401,13.0
42,7978,100410,9.0
42,7979,100420,10.0
42,7980,100431,11.0
42,7981,100449,18.0
42,7982,100459,10.0
42,7983,100471,12.0
42,7984,100479,8.0
42,7985,100492,13.0
42,7986,100504,12.0
42,7987,100513,9.0
42,7988,100527,14.0
42,7989,100539,12.0
42,7990,100550,11.0
42,7991,100561,11.0
42,7992,100580,19.0
42,7993,100590,10.0
42,7994,100603,13.0
42,7995,100613,10.0
42,7996,100626,13.0
42,7997,100635,9.0
42,7998,100643,8.0
42,7999,100655,12.0
42,8000,100665,10.0
42,8001,100676,11.0
42,8002,100684,8.0
42,8003,100693,9.0
42,8004,100705,12.0
42,8005,100719,14.0
42,8006,100727,8.0
42,8007,100738,11.0
42,8008,100748,10.0
42,8009,100760,12.0
42,8010,100771,11.0
42,8011,100782,11.0
42,8012,100794,12.0
42,8013,100802,8.0
42,8014,100819,17.0
42,8015,100830,11.0
42,8016,100842,12.0
42,8017,100852,10.0
42,8018,100862,10.0
42,8019,100874,12.0
42,8020,100890,16.0
42,8021,100904,14.0
42,8022,100914,10.0
42,8023,100926,12.0
42,8024,100938,12.0
42,8025,100951,13.0
42,8026,100963,12.0
42,8027,100974,11.0
42,8028,100985,11.0
42,8029,100996,11.0
42,8030,101010,14.0
42,8031,101021,11.0
42,8032,101033,12.0
42,8033,101047,14.0
42,8034,101057,10.0
42,8035,101066,9.0
42,8036,101083,17.0
42,8037,101092,9.0
42,8038,101102,10.0
42,8039,101113,11.0
42,8040,101125,12.0
42,8041,101135,10.0
42,8042,101145,10.0
42,8043,101156,11.0
42,8044,101168,12.0
42,8045,101178,10.0
42,8046,101187,9.0
42,8047,101197,10.0
42,8048,101208,11.0
42,8049,101218,10.0
42,8050,101228,10.0
42,8051,101239,11.0
42,8052,101250,11.0
42,8053,101265,15.0
42,8054,101280,15.0
42,8055,101290,10.0
42,8056,101301,11.0
42,8057,101315,14.0
42,8058,101324,9.0
42,8059,101334,10.0
42,8060,101343,9.0
42,8061,101353,10.0
42,8062,101364,11.0
42,8063,101383,19.0
42,8064,101392,9.0
42,8065,101402,10.0
42,8066,101411,9.0
42,8067,101422,11.0
42,8068,101434,12.0
42,8069,101444,10.0
42,8070,101459,15.0
42,8071,101467,8.0
42,8072,101481,14.0
42,8073,101492,11.0
42,8074,101510,18.0
42,8075,101520,10.0
42,8076,101533,13.0
42,8077,101545,12.0
42,8078,101557,12.0
42,8079,101569,12.0
42,8080,101583,14.0
42,8081,101593,10.0
42,8082,101605,12.0
42,8083,101615,10.0
42,8084,101626,11.0
42,8085,101639,13.0
42,8086,101648,9.0
42,8087,101658,10.0
42,8088,101668,10.0
42,8089,101680,12.0
42,8090,101689,9.0
42,8091,101698,9.0
42,8092,101708,10.0
42,8093,101721,13.0
42,8094,101733,12.0
42,8095,101743,10.0
42,8096,101755,12.0
42,8097,101767,12.0
42,8098,101779,12.0
42,8099,101791,12.0
42,8100,101801,10.0
42,8101,101813,12.0
42,8102,101821,8.0
42,8103,101831,10.0
42,8104,101843,12.0
42,8105,101852,9.0
42,8106,101863,11.0
42,8107,101875,12.0
42,8108,101886,11.0
42,8109,101895,9.0
42,8110,101903,8.0
42,8111,101913,10.0
42,8112,101922,9.0
42,8113,101932,10.0
42,8114,101943,11.0
42,8115,101953,10.0
42,8116,101966,13.0
42,8117,101976,10.0
42,8118,101986,10.0
42,8119,101995,9.0
42,8120,102011,16.0
42,8121,102028,17.0
42,8122,102041,13.0
42,8123,102053,12.0
42,8124,102064,11.0
42,8125,102078,14.0
42,8126,102088,10.0
42,8127,102099,11.0
42,8128,102115,16.0
42,8129,102124,9.0
42,8130,102133,9.0
42,8131,102151,18.0
42,8132,102165,14.0
42,8133,102175,10.0
42,8134,102183,8.0
42,8135,102196,13.0
42,8136,102205,9.0
42,8137,102218,13.0
42,8138,102232,14.0
42,8139,102244,12.0
42,8140,102253,9.0
42,8141,102269,16.0
42,8142,102280,11.0
42,8143,102290,10.0
42,8144,102300,10.0
42,8145,102310,10.0
42,8146,102320,10.0
42,8147,102330,10.0
42,8148,102338,8.0
42,8149,102351,13.0
42,8150,102360,9.0
42,8151,102372,12.0
42,8152,102384,12.0
42,8153,102396,12.0
42,8154,102408,12.0
42,8155,102424,16.0
42,8156,102433,9.0
42,8157,102444,11.0
42,8158,102455,11.0
42,8159,102465,10.0
42,8160,102480,15.0
42,8161,102489,9.0
42,8162,102498,9.0
42,8163,102509,11.0
42,8164,102520,11.0
42,8165,102529,9.0
42,8166,102539,10.0
42,8167,102549,10.0
42,8168,102557,8.0
42,8169,102566,9.0
42,8170,102577,11.0
42,8171,102587,10.0
42,8172,102597,10.0
42,8173,102609,12.0
42,8174,102618,9.0
42,8175,102628,10.0
42,8176,102638,10.0
42,8177,102651,13.0
42,8178,102659,8.0
42,8179,102668,9.0
42,8180,102677,9.0
42,8181,102685,8.0
42,8182,102700,15.0
42,8183,102710,10.0
42,8184,102722,12.0
42,8185,102735,13.0
42,8186,102747,12.0
42,8187,102757,10.0
42,8188,102767,10.0
42,8189,102776,9.0
42,8190,102786,10.0
42,8191,102798,12.0
42,8192,102808,10.0
42,8193,102819,11.0
42,8194,102831,12.0
42,8195,102846,15.0
42,8196,102857,11.0
42,8197,102868,11.0
42,8198,102880,12.0
42,8199,102889,9.0
42,8200,102898,9.0
42,8201,102909,11.0
42,8202,102934,25.0
42,8203,102944,10.0
42,8204,102957,13.0
42,8205,102966,9.0
42,8206,102974,8.0
42,8207,102983,9.0
42,8208,102996,13.0
42,8209,103006,10.0
42,8210,103020,14.0
42,8211,103029,9.0
42,8212,103039,10.0
42,8213,103054,15.0
42,8214,103065,11.0
42,8215,103073,8.0
42,8216,103083,10.0
42,8217,103094,11.0
42,8218,103103,9.0
42,8219,103114,11.0
42,8220,103125,11.0
42,8221,103148,23.0
42,8222,103159,11.0
42,8223,103171,12.0
42,8224,103183,12.0
42,8225,103195,12.0
42,8226,103206,11.0
42,8227,103216,10.0
42,8228,103229,13.0
42,8229,103239,10.0
42,8230,103250,11.0
42,8231,103261,11.0
42,8232,103273,12.0
42,8233,103283,10.0
42,8234,103292,9.0
42,8235,103302,10.0
42,8236,103312,10.0
42,8237,103321,9.0
42,8238,103331,10.0
42,8239,103342,11.0
42,8240,103354,12.0
42,8241,103364,10.0
42,8242,103375,11.0
42,8243,103385,10.0
42,8244,103397,12.0
42,8245,103407,10.0
42,8246,103425,18.0
42,8247,103435,10.0
42,8248,103448,13.0
42,8249,103459,11.0
42,8250,103468,9.0
42,8251,103478,10.0
42,8252,103489,11.0
42,8253,103499,10.0
42,8254,103511,12.0
42,8255,103522,11.0
42,8256,103532,10.0
42,8257,103544,12.0
42,8258,103556,12.0
42,8259,103568,12.0
42,8260,103577,9.0
42,8261,103588,11.0
42,8262,103596,8.0
42,8263,103622,26.0
42,8264,103634,12.0
42,8265,103645,11.0
42,8266,103655,10.0
42,8267,103668,13.0
42,8268,103678,10.0
42,8269,103689,11.0
42,8270,103700,11.0
42,8271,103710,10.0
42,8272,103721,11.0
42,8273,103731,10.0
42,8274,103740,9.0
42,8275,103751,11.0
42,8276,103761,10.0
42,8277,103770,9.0
42,8278,103782,12.0
42,8279,103793,11.0
42,8280,103805,12.0
42,8281,103813,8.0
42,8282,103827,14.0
42,8283,103836,9.0
42,8284,103845,9.0
42,8285,103855,10.0
42,8286,103866,11.0
42,8287,103876,10.0
42,8288,103885,9.0
42,8289,103897,12.0
42,8290,103911,14.0
42,8291,103921,10.0
42,8292,103933,12.0
42,8293,103944,11.0
42,8294,103955,11.0
42,8295,103965,10.0
42,8296,103975,10.0
42,8297,103985,10.0
42,8298,103997,12.0
42,8299,104006,9.0
42,8300,104016,10.0
42,8301,104028,12.0
42,8302,104041,13.0
42,8303,104057,16.0
42,8304,104066,9.0
42,8305,104076,10.0
42,8306,104088,12.0
42,8307,104098,10.0
42,8308,104108,10.0
42,8309,104119,11.0
42,8310,104129,10.0
42,8311,104138,9.0
42,8312,104152,14.0
42,8313,104161,9.0
42,8314,104170,9.0
42,8315,104180,10.0
42,8316,104190,10.0
42,8317,104199,9.0
42,8318,104209,10.0
42,8319,104218,9.0
42,8320,104228,10.0
42,8321,104242,14.0
42,8322,104258,16.0
42,8323,104267,9.0
42,8324,104279,12.0
42,8325,104289,10.0
42,8326,104304,15.0
42,8327,104312,8.0
42,8328,104328,16.0
42,8329,104338,10.0
42,8330,104349,11.0
42,8331,104359,10.0
42,8332,104368,9.0
42,8333,104385,17.0
42,8334,104394,9.0
42,8335,104403,9.0
42,8336,104411,8.0
42,8337,104422,11.0
42,8338,104431,9.0
42,8339,104441,10.0
42,8340,104451,10.0
42,8341,104463,12.0
42,8342,104472,9.0
42,8343,104484,12.0
42,8344,104496,12.0
42,8345,104505,9.0
42,8346,104517,12.0
42,8347,104530,13.0
42,8348,104541,11.0
42,8349,104552,11.0
42,8350,104561,9.0
42,8351,104569,8.0
42,8352,104578,9.0
42,8353,104587,9.0
42,8354,104598,11.0
42,8355,104609,11.0
42,8356,104623,14.0
42,8357,104633,10.0
42,8358,104642,9.0
42,8359,104651,9.0
42,8360,104664,13.0
42,8361,104674,10.0
42,8362,104684,10.0
42,8363,104695,11.0
42,8364,104711,16.0
42,8365,104722,11.0
42,8366,104732,10.0
42,8367,104749,17.0
42,8368,104758,9.0
42,8369,104769,11.0
42,8370,104783,14.0
42,8371,104793,10.0
42,8372,104803,10.0
42,8373,104819,16.0
42,8374,104829,10.0
42,8375,104839,10.0
42,8376,104849,10.0
42,8377,104866,17.0
42,8378,104877,11.0
42,8379,104886,9.0
42,8380,104895,9.0
42,8381,104907,12.0
42,8382,104917,10.0
42,8383,104926,9.0
42,8384,104935,9.0
42,8385,104945,10.0
42,8386,104957,12.0
42,8387,104969,12.0
42,8388,104979,10.0
42,8389,104987,8.0
42,8390,104995,8.0
42,8391,105007,12.0
42,8392,105016,9.0
42,8393,105027,11.0
42,8394,105038,11.0
42,8395,105049,11.0
42,8396,105060,11.0
42,8397,105072,12.0
42,8398,105086,14.0
42,8399,105097,11.0
42,8400,105107,10.0
42,8401,105117,10.0
42,8402,105126,9.0
42,8403,105138,12.0
42,8404,105149,11.0
42,8405,105161,12.0
42,8406,105173,12.0
42,8407,105186,13.0
42,8408,105202,16.0
42,8409,105211,9.0
42,8410,105226,15.0
42,8411,105237,11.0
42,8412,105249,12.0
42,8413,105258,9.0
42,8414,105269,11.0
42,8415,105280,11.0
42,8416,105291,11.0
42,8417,105302,11.0
42,8418,105311,9.0
42,8419,105320,9.0
42,8420,105333,13.0
42,8421,105349,16.0
42,8422,105360,11.0
42,8423,105370,10.0
42,8424,105380,10.0
42,8425,105393,13.0
42,8426,105402,9.0
42,8427,105413,11.0
42,8428,105426,13.0
42,8429,105436,10.0
42,8430,105445,9.0
42,8431,105455,10.0
42,8432,105466,11.0
42,8433,105475,9.0
42,8434,105484,9.0
42,8435,105498,14.0
42,8436,105509,11.0
42,8437,105520,11.0
42,8438,105531,11.0
42,8439,105543,12.0
42,8440,105553,10.0
42,8441,105564,11.0
42,8442,105573,9.0
42,8443,105583,10.0
42,8444,105592,9.0
42,8445,105605,13.0
42,8446,105615,10.0
42,8447,105625,10.0
42,8448,105636,11.0
42,8449,105647,11.0
42,8450,105658,11.0
42,8451,105668,10.0
42,8452,105684,16.0
42,8453,105694,10.0
42,8454,105705,11.0
42,8455,105717,12.0
42,8456,105730,13.0
42,8457,105740,10.0
42,8458,105751,11.0
42,8459,105764,13.0
42,8460,105773,9.0
42,8461,105786,13.0
42,8462,105796,10.0
42,8463,105805,9.0
42,8464,105816,11.0
42,8465,105828,12.0
42,8466,105839,11.0
42,8467,105849,10.0
42,8468,105861,12.0
42,8469,105870,9.0
42,8470,105881,11.0
42,8471,105890,9.0
42,8472,105905,15.0
42,8473,105913,8.0
42,8474,105922,9.0
42,8475,105933,11.0
42,8476,105941,8.0
42,8477,105949,8.0
42,8478,105964,15.0
42,8479,105976,12.0
42,8480,105985,9.0
42,8481,105997,12.0
42,8482,106006,9.0
42,8483,106017,11.0
42,8484,106027,10.0
42,8485,106036,9.0
42,8486,106047,11.0
42,8487,106057,10.0
42,8488,106065,8.0
42,8489,106083,18.0
42,8490,106093,10.0
42,8491,106106,13.0
42,8492,106116,10.0
42,8493,106127,11.0
42,8494,106138,11.0
42,8495,106149,11.0
42,8496,106159,10.0
42,8497,106169,10.0
42,8498,106179,10.0
42,8499,106189,10.0
42,8500,106200,11.0
42,8501,106209,9.0
42,8502,106221,12.0
42,8503,106234,13.0
42,8504,106246,12.0
42,8505,106260,14.0
42,8506,106273,13.0
42,8507,106283,10.0
42,8508,106295,12.0
42,8509,106308,13.0
42,8510,106323,15.0
42,8511,106332,9.0
42,8512,106344,12.0
42,8513,106352,8.0
42,8514,106361,9.0
42,8515,106374,13.0
42,8516,106389,15.0
42,8517,106397,8.0
42,8518,106410,13.0
42,8519,106419,9.0
42,8520,106428,9.0
42,8521,106439,11.0
42,8522,106449,10.0
42,8523,106458,9.0
42,8524,106467,9.0
42,8525,106477,10.0
42,8526,106489,12.0
42,8527,106499,10.0
42,8528,106510,11.0
42,8529,106520,10.0
42,8530,106533,13.0
42,8531,106547,14.0
42,8532,106556,9.0
42,8533,106565,9.0
42,8534,106575,10.0
42,8535,106583,8.0
42,8536,106596,13.0
42,8537,106607,11.0
42,8538,106621,14.0
42,8539,106633,12.0
42,8540,106644,11.0
42,8541,106655,11.0
42,8542,106667,12.0
42,8543,106686,19.0
42,8544,106695,9.0
42,8545,106705,10.0
42,8546,106715,10.0
42,8547,106727,12.0
42,8548,106736,9.0
42,8549,106746,10.0
42,8550,106758,12.0
42,8551,106770,12.0
42,8552,106780,10.0
42,8553,106789,9.0
42,8554,106799,10.0
42,8555,106807,8.0
42,8556,106828,21.0
42,8557,106838,10.0
42,8558,106848,10.0
42,8559,106859,11.0
42,8560,106870,11.0
42,8561,106885,15.0
42,8562,106903,18.0
42,8563,106912,9.0
42,8564,106924,12.0
42,8565,106941,17.0
42,8566,106950,9.0
42,8567,106961,11.0
42,8568,106973,12.0
42,8569,106983,10.0
42,8570,106992,9.0
42,8571,107001,9.0
42,8572,107011,10.0
42,8573,107022,11.0
42,8574,107031,9.0
42,8575,107040,9.0
42,8576,107049,9.0
42,8577,107059,10.0
42,8578,107071,12.0
42,8579,107085,14.0
42,8580,107096,11.0
42,8581,107109,13.0
42,8582,107121,12.0
42,8583,107146,25.0
42,8584,107156,10.0
42,8585,107165,9.0
42,8586,107178,13.0
42,8587,107188,10.0
42,8588,107202,14.0
42,8589,107213,11.0
42,8590,107222,9.0
42,8591,107231,9.0
42,8592,107241,10.0
42,8593,107251,10.0
42,8594,107262,11.0
42,8595,107270,8.0
42,8596,107279,9.0
42,8597,107288,9.0
42,8598,107301,13.0
42,8599,107310,9.0
42,8600,107319,9.0
42,8601,107328,9.0
42,8602,107338,10.0
42,8603,107349,11.0
42,8604,107359,10.0
42,8605,107368,9.0
42,8606,107381,13.0
42,8607,107391,10.0
42,8608,107404,13.0
42,8609,107414,10.0
42,8610,107425,11.0
42,8611,107435,10.0
42,8612,107445,10.0
42,8613,107460,15.0
42,8614,107468,8.0
42,8615,107479,11.0
42,8616,107489,10.0
42,8617,107499,10.0
42,8618,107513,14.0
42,8619,107525,12.0
42,8620,107534,9.0
42,8621,107544,10.0
42,8622,107554,10.0
42,8623,107570,16.0
42,8624,107580,10.0
42,8625,107592,12.0
42,8626,107606,14.0
42,8627,107617,11.0
42,8628,107627,10.0
42,8629,107635,8.0
42,8630,107643,8.0
42,8631,107652,9.0
42,8632,107662,10.0
42,8633,107671,9.0
42,8634,107681,10.0
42,8635,107693,12.0
42,8636,107705,12.0
42,8637,107716,11.0
42,8638,107727,11.0
42,8639,107738,11.0
42,8640,107751,13.0
42,8641,107762,11.0
42,8642,107777,15.0
42,8643,107785,8.0
42,8644,107793,8.0
42,8645,107803,10.0
42,8646,107817,14.0
42,8647,107827,10.0
42,8648,107836,9.0
42,8649,107845,9.0
42,8650,107855,10.0
42,8651,107866,11.0
42,8652,107878,12.0
42,8653,107887,9.0
42,8654,107897,10.0
42,8655,107909,12.0
42,8656,107918,9.0
42,8657,107928,10.0
42,8658,107937,9.0
42,8659,107951,14.0
42,8660,107964,13.0
42,8661,107975,11.0
42,8662,107983,8.0
42,8663,107997,14.0
42,8664,108011,14.0
42,8665,108031,20.0
42,8666,108042,11.0
42,8667,108053,11.0
42,8668,108064,11.0
42,8669,108074,10.0
42,8670,108085,11.0
42,8671,108096,11.0
42,8672,108106,10.0
42,8673,108116,10.0
42,8674,108129,13.0
42,8675,108140,11.0
42,8676,108152,12.0
42,8677,108165,13.0
42,8678,108176,11.0
42,8679,108185,9.0
42,8680,108195,10.0
42,8681,108205,10.0
42,8682,108215,10.0
42,8683,108224,9.0
42,8684,108234,10.0
42,8685,108246,12.0
42,8686,108258,12.0
42,8687,108266,8.0
42,8688,108277,11.0
42,8689,108286,9.0
42,8690,108295,9.0
42,8691,108305,10.0
42,8692,108320,15.0
42,8693,108330,10.0
42,8694,108339,9.0
42,8695,108352,13.0
42,8696,108362,10.0
42,8697,108372,10.0
42,8698,108382,10.0
42,8699,108392,10.0
42,8700,108401,9.0
42,8701,108412,11.0
42,8702,108427,15.0
42,8703,108435,8.0
42,8704,108448,13.0
42,8705,108458,10.0
42,8706,108468,10.0
42,8707,108478,10.0
42,8708,108491,13.0
42,8709,108503,12.0
42,8710,108512,9.0
42,8711,108522,10.0
42,8712,108531,9.0
42,8713,108540,9.0
42,8714,108549,9.0
42,8715,108564,15.0
42,8716,108573,9.0
42,8717,108587,14.0
42,8718,108595,8.0
42,8719,108607,12.0
42,8720,108617,10.0
42,8721,108630,13.0
42,8722,108641,11.0
42,8723,108653,12.0
42,8724,108662,9.0
42,8725,108673,11.0
42,8726,108684,11.0
42,8727,108695,11.0
42,8728,108707,12.0
42,8729,108718,11.0
42,8730,108727,9.0
42,8731,108736,9.0
42,8732,108745,9.0
42,8733,108759,14.0
42,8734,108767,8.0
42,8735,108777,10.0
42,8736,108789,12.0
42,8737,108802,13.0
42,8738,108813,11.0
42,8739,108823,10.0
42,8740,108833,10.0
42,8741,108845,12.0
42,8742,108857,12.0
42,8743,108874,17.0
42,8744,108883,9.0
42,8745,108891,8.0
42,8746,108902,11.0
42,8747,108912,10.0
42,8748,108923,11.0
42,8749,108933,10.0
42,8750,108944,11.0
42,8751,108961,17.0
42,8752,108977,16.0
42,8753,108988,11.0
42,8754,108998,10.0
42,8755,109009,11.0
42,8756,109019,10.0
42,8757,109030,11.0
42,8758,109041,11.0
42,8759,109051,10.0
42,8760,109061,10.0
42,8761,109071,10.0
42,8762,109079,8.0
42,8763,109092,13.0
42,8764,109102,10.0
42,8765,109111,9.0
42,8766,109122,11.0
42,8767,109131,9.0
42,8768,109140,9.0
42,8769,109153,13.0
42,8770,109165,12.0
42,8771,109175,10.0
42,8772,109185,10.0
42,8773,109199,14.0
42,8774,109210,11.0
42,8775,109219,9.0
42,8776,109229,10.0
42,8777,109239,10.0
42,8778,109249,10.0
42,8779,109259,10.0
42,8780,109269,10.0
42,8781,109279,10.0
42,8782,109288,9.0
42,8783,109297,9.0
42,8784,109308,11.0
42,8785,109317,9.0
42,8786,109331,14.0
42,8787,109342,11.0
42,8788,109354,12.0
42,8789,109368,14.0
42,8790,109377,9.0
42,8791,109386,9.0
42,8792,109404,18.0
42,8793,109413,9.0
42,8794,109423,10.0
42,8795,109433,10.0
42,8796,109442,9.0
42,8797,109453,11.0
42,8798,109467,14.0
42,8799,109477,10.0
42,8800,109488,11.0
42,8801,109502,14.0
42,8802,109513,11.0
42,8803,109522,9.0
42,8804,109538,16.0
42,8805,109549,11.0
42,8806,109558,9.0
42,8807,109568,10.0
42,8808,109583,15.0
42,8809,109593,10.0
42,8810,109603,10.0
42,8811,109614,11.0
42,8812,109623,9.0
42,8813,109633,10.0
42,8814,109644,11.0
42,8815,109653,9.0
42,8816,109666,13.0
42,8817,109682,16.0
42,8818,109692,10.0
42,8819,109701,9.0
42,8820,109711,10.0
42,8821,109720,9.0
42,8822,109730,10.0
42,8823,109740,10.0
42,8824,109751,11.0
42,8825,109763,12.0
42,8826,109773,10.0
42,8827,109782,9.0
42,8828,109797,15.0
42,8829,109809,12.0
42,8830,109819,10.0
42,8831,109828,9.0
42,8832,109842,14.0
42,8833,109853,11.0
42,8834,109862,9.0
42,8835,109871,9.0
42,8836,109882,11.0
42,8837,109899,17.0
42,8838,109912,13.0
42,8839,109921,9.0
42,8840,109932,11.0
42,8841,109942,10.0
42,8842,109953,11.0
42,8843,109964,11.0
42,8844,109974,10.0
42,8845,109985,11.0
42,8846,109996,11.0
42,8847,110004,8.0
42,8848,110013,9.0
42,8849,110025,12.0
42,8850,110034,9.0
42,8851,110044,10.0
42,8852,110052,8.0
42,8853,110062,10.0
42,8854,110072,10.0
42,8855,110090,18.0
42,8856,110101,11.0
42,8857,110112,11.0
42,8858,110124,12.0
42,8859,110134,10.0
42,8860,110146,12.0
42,8861,110158,12.0
42,8862,110172,14.0
42,8863,110183,11.0
42,8864,110194,11.0
42,8865,110208,14.0
42,8866,110220,12.0
42,8867,110231,11.0
42,8868,110244,13.0
42,8869,110256,12.0
42,8870,110267,11.0
42,8871,110277,10.0
42,8872,110288,11.0
42,8873,110300,12.0
42,8874,110313,13.0
42,8875,110322,9.0
42,8876,110333,11.0
42,8877,110346,13.0
42,8878,110356,10.0
42,8879,110365,9.0
42,8880,110376,11.0
42,8881,110388,12.0
42,8882,110399,11.0
42,8883,110409,10.0
42,8884,110420,11.0
42,8885,110430,10.0
42,8886,110439,9.0
42,8887,110451,12.0
42,8888,110462,11.0
42,8889,110475,13.0
42,8890,110487,12.0
42,8891,110496,9.0
42,8892,110505,9.0
42,8893,110521,16.0
42,8894,110532,11.0
42,8895,110541,9.0
42,8896,110552,11.0
42,8897,110566,14.0
42,8898,110578,12.0
42,8899,110587,9.0
42,8900,110597,10.0
42,8901,110613,16.0
42,8902,110622,9.0
42,8903,110631,9.0
42,8904,110640,9.0
42,8905,110651,11.0
42,8906,110665,14.0
42,8907,110677,12.0
42,8908,110691,14.0
42,8909,110702,11.0
42,8910,110718,16.0
42,8911,110731,13.0
42,8912,110741,10.0
42,8913,110750,9.0
42,8914,110763,13.0
42,8915,110772,9.0
42,8916,110782,10.0
42,8917,110791,9.0
42,8918,110803,12.0
42,8919,110819,16.0
42,8920,110829,10.0
42,8921,110839,10.0
42,8922,110857,18.0
42,8923,110869,12.0
42,8924,110880,11.0
42,8925,110893,13.0
42,8926,110904,11.0
42,8927,110916,12.0
42,8928,110925,9.0
42,8929,110934,9.0
42,8930,110945,11.0
42,8931,110957,12.0
42,8932,110971,14.0
42,8933,110983,12.0
42,8934,110997,14.0
42,8935,111008,11.0
42,8936,111017,9.0
42,8937,111029,12.0
42,8938,111038,9.0
42,8939,111051,13.0
42,8940,111064,13.0
42,8941,111074,10.0
42,8942,111084,10.0
42,8943,111095,11.0
42,8944,111104,9.0
42,8945,111115,11.0
42,8946,111127,12.0
42,8947,111139,12.0
42,8948,111148,9.0
42,8949,111158,10.0
42,8950,111167,9.0
42,8951,111177,10.0
42,8952,111187,10.0
42,8953,111196,9.0
42,8954,111208,12.0
42,8955,111218,10.0
42,8956,111235,17.0
42,8957,111245,10.0
42,8958,111254,9.0
42,8959,111265,11.0
42,8960,111282,17.0
42,8961,111291,9.0
42,8962,111302,11.0
42,8963,111315,13.0
42,8964,111327,12.0
42,8965,111338,11.0
42,8966,111349,11.0
42,8967,111362,13.0
42,8968,111372,10.0
42,8969,111385,13.0
42,8970,111396,11.0
42,8971,111413,17.0
42,8972,111427,14.0
42,8973,111437,10.0
42,8974,111448,11.0
42,8975,111459,11.0
42,8976,111471,12.0
42,8977,111482,11.0
42,8978,111492,10.0
42,8979,111502,10.0
42,8980,111511,9.0
42,8981,111527,16.0
42,8982,111540,13.0
42,8983,111553,13.0
42,8984,111563,10.0
42,8985,111572,9.0
42,8986,111583,11.0
42,8987,111595,12.0
42,8988,111611,16.0
42,8989,111623,12.0
42,8990,111636,13.0
42,8991,111647,11.0
42,8992,111662,15.0
42,8993,111680,18.0
42,8994,111692,12.0
42,8995,111710,18.0
42,8996,111719,9.0
42,8997,111729,10.0
42,8998,111747,18.0
42,8999,111767,20.0
42,9000,111782,15.0
42,9001,111791,9.0
42,9002,111803,12.0
42,9003,111812,9.0
42,9004,111823,11.0
42,9005,111834,11.0
42,9006,111847,13.0
42,9007,111862,15.0
42,9008,111875,13.0
42,9009,111885,10.0
42,9010,111895,10.0
42,9011,111907,12.0
42,9012,111915,8.0
42,9013,111927,12.0
42,9014,111939,12.0
42,9015,111948,9.0
42,9016,111957,9.0
42,9017,111972,15.0
42,9018,111986,14.0
42,9019,111997,11.0
42,9020,112014,17.0
42,9021,112024,10.0
42,9022,112035,11.0
42,9023,112045,10.0
42,9024,112053,8.0
42,9025,112066,13.0
42,9026,112080,14.0
42,9027,112090,10.0
42,9028,112106,16.0
42,9029,112116,10.0
42,9030,112130,14.0
42,9031,112143,13.0
42,9032,112158,15.0
42,9033,112174,16.0
42,9034,112185,11.0
42,9035,112195,10.0
42,9036,112205,10.0
42,9037,112219,14.0
42,9038,112229,10.0
42,9039,112241,12.0
42,9040,112258,17.0
42,9041,112267,9.0
42,9042,112277,10.0
42,9043,112287,10.0
42,9044,112298,11.0
42,9045,112309,11.0
42,9046,112323,14.0
42,9047,112332,9.0
42,9048,112344,12.0
42,9049,112355,11.0
42,9050,112368,13.0
42,9051,112382,14.0
42,9052,112393,11.0
42,9053,112402,9.0
42,9054,112412,10.0
42,9055,112423,11.0
42,9056,112433,10.0
42,9057,112444,11.0
42,9058,112458,14.0
42,9059,112469,11.0
42,9060,112478,9.0
42,9061,112489,11.0
42,9062,112501,12.0
42,9063,112511,10.0
42,9064,112525,14.0
42,9065,112534,9.0
42,9066,112544,10.0
42,9067,112555,11.0
42,9068,112565,10.0
42,9069,112574,9.0
42,9070,112584,10.0
42,9071,112600,16.0
42,9072,112612,12.0
42,9073,112624,12.0
42,9074,112639,15.0
42,9075,112649,10.0
42,9076,112661,12.0
42,9077,112673,12.0
42,9078,112689,16.0
42,9079,112702,13.0
42,9080,112713,11.0
42,9081,112728,15.0
42,9082,112738,10.0
42,9083,112751,13.0
42,9084,112760,9.0
42,9085,112775,15.0
42,9086,112784,9.0
42,9087,112795,11.0
42,9088,112808,13.0
42,9089,112820,12.0
42,9090,112830,10.0
42,9091,112839,9.0
42,9092,112850,11.0
42,9093,112861,11.0
42,9094,112871,10.0
42,9095,112883,12.0
42,9096,112893,10.0
42,9097,112903,10.0
42,9098,112913,10.0
42,9099,112925,12.0
42,9100,112934,9.0
42,9101,112950,16.0
42,9102,112961,11.0
42,9103,112973,12.0
42,9104,112983,10.0
42,9105,112995,12.0
42,9106,113005,10.0
42,9107,113021,16.0
42,9108,113033,12.0
42,9109,113045,12.0
42,9110,113060,15.0
42,9111,113069,9.0
42,9112,113079,10.0
42,9113,113089,10.0
42,9114,113099,10.0
42,9115,113109,10.0
42,9116,113118,9.0
42,9117,113131,13.0
42,9118,113142,11.0
42,9119,113151,9.0
42,9120,113162,11.0
42,9121,113172,10.0
42,9122,113184,12.0
42,9123,113193,9.0
42,9124,113201,8.0
42,9125,113212,11.0
42,9126,113221,9.0
42,9127,113229,8.0
42,9128,113240,11.0
42,9129,113253,13.0
42,9130,113266,13.0
42,9131,113276,10.0
42,9132,113285,9.0
42,9133,113301,16.0
42,9134,113313,12.0
42,9135,113322,9.0
42,9136,113336,14.0
42,9137,113346,10.0
42,9138,113358,12.0
42,9139,113377,19.0
42,9140,113387,10.0
42,9141,113398,11.0
42,9142,113407,9.0
42,9143,113416,9.0
42,9144,113427,11.0
42,9145,113439,12.0
42,9146,113455,16.0
42,9147,113465,10.0
42,9148,113476,11.0
42,9149,113487,11.0
42,9150,113497,10.0
42,9151,113507,10.0
42,9152,113517,10.0
42,9153,113527,10.0
42,9154,113547,20.0
42,9155,113558,11.0
42,9156,113568,10.0
42,9157,113581,13.0
42,9158,113590,9.0
42,9159,113606,16.0
42,9160,113617,11.0
42,9161,113626,9.0
42,9162,113634,8.0
42,9163,113644,10.0
42,9164,113652,8.0
42,9165,113662,10.0
42,9166,113673,11.0
42,9167,113681,8.0
42,9168,113690,9.0
42,9169,113702,12.0
42,9170,113723,21.0
42,9171,113732,9.0
42,9172,113741,9.0
42,9173,113752,11.0
42,9174,113762,10.0
42,9175,113775,13.0
42,9176,113788,13.0
42,9177,113799,11.0
42,9178,113810,11.0
42,9179,113822,12.0
42,9180,113833,11.0
42,9181,113849,16.0
42,9182,113859,10.0
42,9183,113869,10.0
42,9184,113879,10.0
42,9185,113888,9.0
42,9186,113899,11.0
42,9187,113912,13.0
42,9188,113924,12.0
42,9189,113934,10.0
42,9190,113948,14.0
42,9191,113964,16.0
42,9192,113972,8.0
42,9193,113980,8.0
42,9194,113990,10.0
42,9195,114000,10.0
42,9196,114009,9.0
42,9197,114020,11.0
42,9198,114029,9.0
42,9199,114040,11.0
42,9200,114051,11.0
42,9201,114063,12.0
42,9202,114071,8.0
42,9203,114084,13.0
42,9204,114097,13.0
42,9205,114109,12.0
42,9206,114118,9.0
42,9207,114128,10.0
42,9208,114138,10.0
42,9209,114147,9.0
42,9210,114158,11.0
42,9211,114169,11.0
42,9212,114178,9.0
42,9213,114187,9.0
42,9214,114196,9.0
42,9215,114207,11.0
42,9216,114218,11.0
42,9217,114230,12.0
42,9218,114243,13.0
42,9219,114254,11.0
42,9220,114264,10.0
42,9221,114275,11.0
42,9222,114283,8.0
42,9223,114297,14.0
42,9224,114306,9.0
42,9225,114316,10.0
42,9226,114327,11.0
42,9227,114336,9.0
42,9228,114345,9.0
42,9229,114357,12.0
42,9230,114368,11.0
42,9231,114377,9.0
42,9232,114386,9.0
42,9233,114398,12.0
42,9234,114417,19.0
42,9235,114429,12.0
42,9236,114442,13.0
42,9237,114452,10.0
42,9238,114464,12.0
42,9239,114476,12.0
42,9240,114487,11.0
42,9241,114496,9.0
42,9242,114505,9.0
42,9243,114514,9.0
42,9244,114523,9.0
42,9245,114534,11.0
42,9246,114548,14.0
42,9247,114558,10.0
42,9248,114568,10.0
42,9249,114577,9.0
42,9250,114586,9.0
42,9251,114599,13.0
42,9252,114607,8.0
42,9253,114616,9.0
42,9254,114625,9.0
42,9255,114635,10.0
42,9256,114647,12.0
42,9257,114657,10.0
42,9258,114667,10.0
42,9259,114678,11.0
42,9260,114691,13.0
42,9261,114702,11.0
42,9262,114710,8.0
42,9263,114719,9.0
42,9264,114736,17.0
42,9265,114747,11.0
42,9266,114760,13.0
42,9267,114772,12.0
42,9268,114782,10.0
42,9269,114796,14.0
42,9270,114808,12.0
42,9271,114821,13.0
42,9272,114833,12.0
42,9273,114846,13.0
42,9274,114857,11.0
42,9275,114868,11.0
42,9276,114878,10.0
42,9277,114888,10.0
42,9278,114898,10.0
42,9279,114908,10.0
42,9280,114918,10.0
42,9281,114927,9.0
42,9282,114939,12.0
42,9283,114951,12.0
42,9284,114961,10.0
42,9285,114972,11.0
42,9286,114982,10.0
42,9287,114991,9.0
42,9288,115000,9.0
42,9289,115011,11.0
42,9290,115023,12.0
42,9291,115032,9.0
42,9292,115044,12.0
42,9293,115055,11.0
42,9294,115064,9.0
42,9295,115076,12.0
42,9296,115086,10.0
42,9297,115096,10.0
42,9298,115109,13.0
42,9299,115118,9.0
42,9300,115127,9.0
42,9301,115136,9.0
42,9302,115145,9.0
42,9303,115159,14.0
42,9304,115169,10.0
42,9305,115180,11.0
42,9306,115191,11.0
42,9307,115210,19.0
42,9308,115226,16.0
42,9309,115239,13.0
42,9310,115249,10.0
42,9311,115259,10.0
42,9312,115267,8.0
42,9313,115280,13.0
42,9314,115288,8.0
42,9315,115298,10.0
42,9316,115308,10.0
42,9317,115322,14.0
42,9318,115333,11.0
42,9319,115341,8.0
42,9320,115349,8.0
42,9321,115360,11.0
42,9322,115378,18.0
42,9323,115392,14.0
42,9324,115401,9.0
42,9325,115411,10.0
42,9326,115421,10.0
42,9327,115430,9.0
42,9328,115440,10.0
42,9329,115450,10.0
42,9330,115462,12.0
42,9331,115472,10.0
42,9332,115485,13.0
42,9333,115499,14.0
42,9334,115508,9.0
42,9335,115519,11.0
42,9336,115534,15.0
42,9337,115545,11.0
42,9338,115555,10.0
42,9339,115564,9.0
42,9340,115575,11.0
42,9341,115592,17.0
42,9342,115602,10.0
42,9343,115612,10.0
42,9344,115621,9.0
42,9345,115633,12.0
42,9346,115642,9.0
42,9347,115654,12.0
42,9348,115665,11.0
42,9349,115677,12.0
42,9350,115688,11.0
42,9351,115706,18.0
42,9352,115718,12.0
42,9353,115730,12.0
42,9354,115740,10.0
42,9355,115749,9.0
42,9356,115761,12.0
42,9357,115772,11.0
42,9358,115780,8.0
42,9359,115789,9.0
42,9360,115804,15.0
42,9361,115814,10.0
42,9362,115826,12.0
42,9363,115840,14.0
42,9364,115850,10.0
42,9365,115862,12.0
42,9366,115877,15.0
42,9367,115885,8.0
42,9368,115896,11.0
42,9369,115907,11.0
42,9370,115918,11.0
42,9371,115928,10.0
42,9372,115937,9.0
42,9373,115947,10.0
42,9374,115957,10.0
42,9375,115969,12.0
42,9376,115982,13.0
42,9377,115994,12.0
42,9378,116007,13.0
42,9379,116017,10.0
42,9380,116028,11.0
42,9381,116042,14.0
42,9382,116053,11.0
42,9383,116066,13.0
42,9384,116080,14.0
42,9385,116094,14.0
42,9386,116105,11.0
42,9387,116119,14.0
42,9388,116130,11.0
42,9389,116143,13.0
42,9390,116154,11.0
42,9391,116164,10.0
42,9392,116177,13.0
42,9393,116186,9.0
42,9394,116200,14.0
42,9395,116212,12.0
42,9396,116226,14.0
42,9397,116237,11.0
42,9398,116248,11.0
42,9399,116258,10.0
42,9400,116267,9.0
42,9401,116279,12.0
42,9402,116292,13.0
42,9403,116301,9.0
42,9404,116310,9.0
42,9405,116323,13.0
42,9406,116337,14.0
42,9407,116348,11.0
42,9408,116359,11.0
42,9409,116371,12.0
42,9410,116383,12.0
42,9411,116394,11.0
42,9412,116405,11.0
42,9413,116419,14.0
42,9414,116430,11.0
42,9415,116440,10.0
42,9416,116453,13.0
42,9417,116464,11.0
42,9418,116474,10.0
42,9419,116484,10.0
42,9420,116499,15.0
42,9421,116511,12.0
42,9422,116521,10.0
42,9423,116535,14.0
42,9424,116546,11.0
42,9425,116556,10.0
42,9426,116565,9.0
42,9427,116573,8.0
42,9428,116587,14.0
42,9429,116596,9.0
42,9430,116608,12.0
42,9431,116622,14.0
42,9432,116635,13.0
42,9433,116643,8.0
42,9434,116656,13.0
42,9435,116666,10.0
42,9436,116678,12.0
42,9437,116687,9.0
42,9438,116701,14.0
42,9439,116714,13.0
42,9440,116727,13.0
42,9441,116741,14.0
42,9442,116750,9.0
42,9443,116763,13.0
42,9444,116777,14.0
42,9445,116787,10.0
42,9446,116797,10.0
42,9447,116807,10.0
42,9448,116817,10.0
42,9449,116826,9.0
42,9450,116836,10.0
42,9451,116847,11.0
42,9452,116866,19.0
42,9453,116875,9.0
42,9454,116888,13.0
42,9455,116899,11.0
42,9456,116909,10.0
42,9457,116919,10.0
42,9458,116931,12.0
42,9459,116951,20.0
42,9460,116963,12.0
42,9461,116972,9.0
42,9462,116981,9.0
42,9463,116991,10.0
42,9464,117004,13.0
42,9465,117024,20.0
42,9466,117034,10.0
42,9467,117053,19.0
42,9468,117073,20.0
42,9469,117087,14.0
42,9470,117098,11.0
42,9471,117107,9.0
42,9472,117117,10.0
42,9473,117127,10.0
42,9474,117139,12.0
42,9475,117147,8.0
42,9476,117157,10.0
42,9477,117168,11.0
42,9478,117180,12.0
42,9479,117191,11.0
42,9480,117201,10.0
42,9481,117210,9.0
42,9482,117222,12.0
42,9483,117235,13.0
42,9484,117243,8.0
42,9485,117252,9.0
42,9486,117265,13.0
42,9487,117279,14.0
42,9488,117289,10.0
42,9489,117299,10.0
42,9490,117308,9.0
42,9491,117317,9.0
42,9492,117327,10.0
42,9493,117339,12.0
42,9494,117351,12.0
42,9495,117360,9.0
42,9496,117371,11.0
42,9497,117381,10.0
42,9498,117392,11.0
42,9499,117401,9.0
42,9500,117411,10.0
42,9501,117426,15.0
42,9502,117440,14.0
42,9503,117450,10.0
42,9504,117460,10.0
42,9505,117470,10.0
42,9506,117479,9.0
42,9507,117490,11.0
42,9508,117499,9.0
42,9509,117510,11.0
42,9510,117520,10.0
42,9511,117532,12.0
42,9512,117542,10.0
42,9513,117557,15.0
42,9514,117566,9.0
42,9515,117576,10.0
42,9516,117594,18.0
42,9517,117604,10.0
42,9518,117615,11.0
42,9519,117627,12.0
42,9520,117636,9.0
42,9521,117650,14.0
42,9522,117658,8.0
42,9523,117669,11.0
42,9524,117682,13.0
42,9525,117700,18.0
42,9526,117713,13.0
42,9527,117726,13.0
42,9528,117735,9.0
42,9529,117744,9.0
42,9530,117755,11.0
42,9531,117770,15.0
42,9532,117780,10.0
42,9533,117789,9.0
42,9534,117799,10.0
42,9535,117809,10.0
42,9536,117818,9.0
42,9537,117832,14.0
42,9538,117843,11.0
42,9539,117855,12.0
42,9540,117865,10.0
42,9541,117874,9.0
42,9542,117885,11.0
42,9543,117894,9.0
42,9544,117908,14.0
42,9545,117923,15.0
42,9546,117932,9.0
42,9547,117942,10.0
42,9548,117954,12.0
42,9549,117965,11.0
42,9550,117974,9.0
42,9551,117986,12.0
42,9552,117997,11.0
42,9553,118011,14.0
42,9554,118025,14.0
42,9555,118036,11.0
42,9556,118048,12.0
42,9557,118057,9.0
42,9558,118076,19.0
42,9559,118085,9.0
42,9560,118095,10.0
42,9561,118112,17.0
42,9562,118122,10.0
42,9563,118136,14.0
42,9564,118149,13.0
42,9565,118162,13.0
42,9566,118173,11.0
42,9567,118183,10.0
42,9568,118193,10.0
42,9569,118205,12.0
42,9570,118217,12.0
42,9571,118233,16.0
42,9572,118244,11.0
42,9573,118255,11.0
42,9574,118264,9.0
42,9575,118274,10.0
42,9576,118284,10.0
42,9577,118296,12.0
42,9578,118310,14.0
42,9579,118323,13.0
42,9580,118332,9.0
42,9581,118341,9.0
42,9582,118354,13.0
42,9583,118367,13.0
42,9584,118379,12.0
42,9585,118392,13.0
42,9586,118400,8.0
42,9587,118414,14.0
42,9588,118424,10.0
42,9589,118433,9.0
42,9590,118445,12.0
42,9591,118457,12.0
42,9592,118468,11.0
42,9593,118481,13.0
42,9594,118493,12.0
42,9595,118502,9.0
42,9596,118513,11.0
42,9597,118523,10.0
42,9598,118534,11.0
42,9599,118542,8.0
42,9600,118554,12.0
42,9601,118565,11.0
42,9602,118577,12.0
42,9603,118587,10.0
42,9604,118598,11.0
42,9605,118610,12.0
42,9606,118620,10.0
42,9607,118630,10.0
42,9608,118642,12.0
42,9609,118651,9.0
42,9610,118663,12.0
42,9611,118674,11.0
42,9612,118687,13.0
42,9613,118699,12.0
42,9614,118710,11.0
42,9615,118720,10.0
42,9616,118731,11.0
42,9617,118740,9.0
42,9618,118752,12.0
42,9619,118763,11.0
42,9620,118773,10.0
42,9621,118788,15.0
42,9622,118800,12.0
42,9623,118813,13.0
42,9624,118826,13.0
42,9625,118839,13.0
42,9626,118849,10.0
42,9627,118862,13.0
42,9628,118873,11.0
42,9629,118891,18.0
42,9630,118900,9.0
42,9631,118910,10.0
42,9632,118921,11.0
42,9633,118932,11.0
42,9634,118943,11.0
42,9635,118953,10.0
42,9636,118963,10.0
42,9637,118974,11.0
42,9638,118983,9.0
42,9639,118992,9.0
42,9640,119007,15.0
42,9641,119025,18.0
42,9642,119040,15.0
42,9643,119058,18.0
42,9644,119073,15.0
42,9645,119085,12.0
42,9646,119096,11.0
42,9647,119109,13.0
42,9648,119125,16.0
42,9649,119137,12.0
42,9650,119151,14.0
42,9651,119164,13.0
42,9652,119178,14.0
42,9653,119188,10.0
42,9654,119198,10.0
42,9655,119212,14.0
42,9656,119221,9.0
42,9657,119234,13.0
42,9658,119243,9.0
42,9659,119253,10.0
42,9660,119266,13.0
42,9661,119278,12.0
42,9662,119287,9.0
42,9663,119297,10.0
42,9664,119308,11.0
42,9665,119322,14.0
42,9666,119336,14.0
42,9667,119346,10.0
42,9668,119370,24.0
42,9669,119382,12.0
42,9670,119394,12.0
42,9671,119406,12.0
42,9672,119417,11.0
42,9673,119427,10.0
42,9674,119446,19.0
42,9675,119459,13.0
42,9676,119469,10.0
42,9677,119481,12.0
42,9678,119498,17.0
42,9679,119511,13.0
42,9680,119519,8.0
42,9681,119532,13.0
42,9682,119541,9.0
42,9683,119552,11.0
42,9684,119562,10.0
42,9685,119571,9.0
42,9686,119581,10.0
42,9687,119592,11.0
42,9688,119603,11.0
42,9689,119611,8.0
42,9690,119621,10.0
42,9691,119631,10.0
42,9692,119644,13.0
42,9693,119667,23.0
42,9694,119677,10.0
42,9695,119685,8.0
42,9696,119696,11.0
42,9697,119711,15.0
42,9698,119720,9.0
42,9699,119733,13.0
42,9700,119742,9.0
42,9701,119752,10.0
42,9702,119763,11.0
42,9703,119772,9.0
42,9704,119788,16.0
42,9705,119798,10.0
42,9706,119812,14.0
42,9707,119826,14.0
42,9708,119837,11.0
42,9709,119850,13.0
42,9710,119866,16.0
42,9711,119878,12.0
42,9712,119889,11.0
42,9713,119900,11.0
42,9714,119910,10.0
42,9715,119921,11.0
42,9716,119932,11.0
42,9717,119941,9.0
42,9718,119953,12.0
42,9719,119962,9.0
42,9720,119978,16.0
42,9721,119989,11.0
42,9722,120000,11.0
42,9723,120008,8.0
42,9724,120018,10.0
42,9725,120029,11.0
42,9726,120038,9.0
42,9727,120050,12.0
42,9728,120061,11.0
42,9729,120073,12.0
42,9730,120089,16.0
42,9731,120099,10.0
42,9732,120108,9.0
42,9733,120120,12.0
42,9734,120135,15.0
42,9735,120147,12.0
42,9736,120159,12.0
42,9737,120169,10.0
42,9738,120181,12.0
42,9739,120191,10.0
42,9740,120200,9.0
42,9741,120214,14.0
42,9742,120226,12.0
42,9743,120237,11.0
42,9744,120249,12.0
42,9745,120259,10.0
42,9746,120273,14.0
42,9747,120284,11.0
42,9748,120295,11.0
42,9749,120304,9.0
42,9750,120315,11.0
42,9751,120325,10.0
42,9752,120342,17.0
42,9753,120354,12.0
42,9754,120363,9.0
42,9755,120373,10.0
42,9756,120385,12.0
42,9757,120393,8.0
42,9758,120406,13.0
42,9759,120414,8.0
42,9760,120423,9.0
42,9761,120435,12.0
42,9762,120448,13.0
42,9763,120460,12.0
42,9764,120473,13.0
42,9765,120486,13.0
42,9766,120508,22.0
42,9767,120518,10.0
42,9768,120529,11.0
42,9769,120539,10.0
42,9770,120550,11.0
42,9771,120561,11.0
42,9772,120572,11.0
42,9773,120585,13.0
42,9774,120595,10.0
42,9775,120611,16.0
42,9776,120620,9.0
42,9777,120630,10.0
42,9778,120643,13.0
42,9779,120654,11.0
42,9780,120667,13.0
42,9781,120680,13.0
42,9782,120691,11.0
42,9783,120703,12.0
42,9784,120715,12.0
42,9785,120725,10.0
42,9786,120735,10.0
42,9787,120744,9.0
42,9788,120755,11.0
42,9789,120764,9.0
42,9790,120778,14.0
42,9791,120790,12.0
42,9792,120800,10.0
42,9793,120810,10.0
42,9794,120823,13.0
42,9795,120833,10.0
42,9796,120845,12.0
42,9797,120857,12.0
42,9798,120869,12.0
42,9799,120882,13.0
42,9800,120892,10.0
42,9801,120906,14.0
42,9802,120918,12.0
42,9803,120927,9.0
42,9804,120942,15.0
42,9805,120956,14.0
42,9806,120973,17.0
42,9807,120985,12.0
42,9808,121002,17.0
42,9809,121017,15.0
42,9810,121027,10.0
42,9811,121040,13.0
42,9812,121052,12.0
42,9813,121067,15.0
42,9814,121080,13.0
42,9815,121091,11.0
42,9816,121101,10.0
42,9817,121109,8.0
42,9818,121120,11.0
42,9819,121131,11.0
42,9820,121140,9.0
42,9821,121149,9.0
42,9822,121158,9.0
42,9823,121168,10.0
42,9824,121178,10.0
42,9825,121186,8.0
42,9826,121196,10.0
42,9827,121216,20.0
42,9828,121225,9.0
42,9829,121234,9.0
42,9830,121245,11.0
42,9831,121263,18.0
42,9832,121271,8.0
42,9833,121279,8.0
42,9834,121293,14.0
42,9835,121303,10.0
42,9836,121312,9.0
42,9837,121328,16.0
42,9838,121341,13.0
42,9839,121349,8.0
42,9840,121362,13.0
42,9841,121371,9.0
42,9842,121383,12.0
42,9843,121396,13.0
42,9844,121408,12.0
42,9845,121418,10.0
42,9846,121427,9.0
42,9847,121439,12.0
42,9848,121449,10.0
42,9849,121458,9.0
42,9850,121473,15.0
42,9851,121482,9.0
42,9852,121492,10.0
42,9853,121503,11.0
42,9854,121514,11.0
42,9855,121526,12.0
42,9856,121539,13.0
42,9857,121548,9.0
42,9858,121558,10.0
42,9859,121567,9.0
42,9860,121578,11.0
42,9861,121590,12.0
42,9862,121603,13.0
42,9863,121615,12.0
42,9864,121625,10.0
42,9865,121637,12.0
42,9866,121646,9.0
42,9867,121657,11.0
42,9868,121666,9.0
42,9869,121682,16.0
42,9870,121694,12.0
42,9871,121705,11.0
42,9872,121714,9.0
42,9873,121723,9.0
42,9874,121738,15.0
42,9875,121750,12.0
42,9876,121761,11.0
42,9877,121771,10.0
42,9878,121784,13.0
42,9879,121797,13.0
42,9880,121805,8.0
42,9881,121816,11.0
42,9882,121827,11.0
42,9883,121837,10.0
42,9884,121848,11.0
42,9885,121859,11.0
42,9886,121872,13.0
42,9887,121883,11.0
42,9888,121896,13.0
42,9889,121906,10.0
42,9890,121920,14.0
42,9891,121933,13.0
42,9892,121945,12.0
42,9893,121954,9.0
42,9894,121966,12.0
42,9895,121978,12.0
42,9896,121989,11.0
42,9897,121998,9.0
42,9898,122009,11.0
42,9899,122023,14.0
42,9900,122032,9.0
42,9901,122042,10.0
42,9902,122051,9.0
42,9903,122062,11.0
42,9904,122072,10.0
42,9905,122082,10.0
42,9906,122093,11.0
42,9907,122108,15.0
42,9908,122120,12.0
42,9909,122129,9.0
42,9910,122141,12.0
42,9911,122151,10.0
42,9912,122164,13.0
42,9913,122174,10.0
42,9914,122190,16.0
42,9915,122199,9.0
42,9916,122210,11.0
42,9917,122219,9.0
42,9918,122227,8.0
42,9919,122236,9.0
42,9920,122247,11.0
42,9921,122256,9.0
42,9922,122267,11.0
42,9923,122278,11.0
42,9924,122294,16.0
42,9925,122306,12.0
42,9926,122316,10.0
42,9927,122328,12.0
42,9928,122339,11.0
42,9929,122348,9.0
42,9930,122360,12.0
42,9931,122372,12.0
42,9932,122383,11.0
42,9933,122393,10.0
42,9934,122411,18.0
42,9935,122421,10.0
42,9936,122432,11.0
42,9937,122442,10.0
42,9938,122453,11.0
42,9939,122462,9.0
42,9940,122471,9.0
42,9941,122480,9.0
42,9942,122491,11.0
42,9943,122500,9.0
42,9944,122513,13.0
42,9945,122524,11.0
42,9946,122534,10.0
42,9947,122546,12.0
42,9948,122555,9.0
42,9949,122565,10.0
42,9950,122577,12.0
42,9951,122588,11.0
42,9952,122597,9.0
42,9953,122607,10.0
42,9954,122620,13.0
42,9955,122634,14.0
42,9956,122644,10.0
42,9957,122657,13.0
42,9958,122671,14.0
42,9959,122684,13.0
42,9960,122706,22.0
42,9961,122717,11.0
42,9962,122725,8.0
42,9963,122738,13.0
42,9964,122746,8.0
42,9965,122756,10.0
42,9966,122770,14.0
42,9967,122781,11.0
42,9968,122792,11.0
42,9969,122803,11.0
42,9970,122814,11.0
42,9971,122823,9.0
42,9972,122833,10.0
42,9973,122844,11.0
42,9974,122862,18.0
42,9975,122877,15.0
42,9976,122888,11.0
42,9977,122898,10.0
42,9978,122911,13.0
42,9979,122922,11.0
42,9980,122937,15.0
42,9981,122950,13.0
42,9982,122960,10.0
42,9983,122972,12.0
42,9984,122981,9.0
42,9985,122995,14.0
42,9986,123004,9.0
42,9987,123015,11.0
42,9988,123025,10.0
42,9989,123033,8.0
42,9990,123041,8.0
42,9991,123050,9.0
42,9992,123061,11.0
42,9993,123074,13.0
42,9994,123083,9.0
42,9995,123093,10.0
42,9996,123101,8.0
42,9997,123111,10.0
42,9998,123121,10.0
42,9999,123132,11.0
42,10000,123145,13.0
42,10001,123153,8.0
42,10002,123165,12.0
42,10003,123175,10.0
42,10004,123186,11.0
42,10005,123199,13.0
42,10006,123212,13.0
42,10007,123223,11.0
42,10008,123232,9.0
42,10009,123244,12.0
42,10010,123252,8.0
42,10011,123264,12.0
42,10012,123277,13.0
42,10013,123288,11.0
42,10014,123300,12.0
42,10015,123312,12.0
42,10016,123324,12.0
42,10017,123333,9.0
42,10018,123349,16.0
42,10019,123358,9.0
42,10020,123368,10.0
42,10021,123376,8.0
42,10022,123390,14.0
42,10023,123399,9.0
42,10024,123410,11.0
42,10025,123428,18.0
42,10026,123439,11.0
42,10027,123452,13.0
42,10028,123463,11.0
42,10029,123473,10.0
42,10030,123483,10.0
42,10031,123494,11.0
42,10032,123504,10.0
42,10033,123518,14.0
42,10034,123531,13.0
42,10035,123540,9.0
42,10036,123550,10.0
42,10037,123560,10.0
42,10038,123570,10.0
42,10039,123581,11.0
42,10040,123593,12.0
42,10041,123612,19.0
42,10042,123621,9.0
42,10043,123635,14.0
42,10044,123646,11.0
42,10045,123665,19.0
42,10046,123674,9.0
42,10047,123687,13.0
42,10048,123698,11.0
42,10049,123710,12.0
42,10050,123720,10.0
42,10051,123734,14.0
42,10052,123747,13.0
42,10053,123757,10.0
42,10054,123767,10.0
42,10055,123778,11.0
42,10056,123790,12.0
42,10057,123800,10.0
42,10058,123811,11.0
42,10059,123830,19.0
42,10060,123842,12.0
42,10061,123855,13.0
42,10062,123863,8.0
42,10063,123873,10.0
42,10064,123888,15.0
42,10065,123897,9.0
42,10066,123907,10.0
42,10067,123918,11.0
42,10068,123937,19.0
42,10069,123953,16.0
42,10070,123963,10.0
42,10071,123973,10.0
42,10072,123993,20.0
42,10073,124005,12.0
42,10074,124017,12.0
42,10075,124029,12.0
42,10076,124042,13.0
42,10077,124051,9.0
42,10078,124065,14.0
42,10079,124074,9.0
42,10080,124083,9.0
42,10081,124094,11.0
42,10082,124112,18.0
42,10083,124126,14.0
42,10084,124136,10.0
42,10085,124148,12.0
42,10086,124157,9.0
42,10087,124170,13.0
42,10088,124187,17.0
42,10089,124198,11.0
42,10090,124207,9.0
42,10091,124220,13.0
42,10092,124229,9.0
42,10093,124240,11.0
42,10094,124252,12.0
42,10095,124263,11.0
42,10096,124276,13.0
42,10097,124285,9.0
42,10098,124296,11.0
42,10099,124312,16.0
42,10100,124320,8.0
42,10101,124332,12.0
42,10102,124342,10.0
42,10103,124357,15.0
42,10104,124374,17.0
42,10105,124384,10.0
42,10106,124396,12.0
42,10107,124405,9.0
42,10108,124415,10.0
42,10109,124427,12.0
42,10110,124438,11.0
42,10111,124451,13.0
42,10112,124465,14.0
42,10113,124477,12.0
42,10114,124492,15.0
42,10115,124505,13.0
42,10116,124519,14.0
42,10117,124535,16.0
42,10118,124546,11.0
42,10119,124556,10.0
42,10120,124566,10.0
42,10121,124577,11.0
42,10122,124586,9.0
42,10123,124595,9.0
42,10124,124605,10.0
42,10125,124619,14.0
42,10126,124628,9.0
42,10127,124637,9.0
42,10128,124649,12.0
42,10129,124660,11.0
42,10130,124672,12.0
42,10131,124690,18.0
42,10132,124703,13.0
42,10133,124718,15.0
42,10134,124728,10.0
42,10135,124743,15.0
42,10136,124755,12.0
42,10137,124765,10.0
42,10138,124775,10.0
42,10139,124787,12.0
42,10140,124805,18.0
42,10141,124815,10.0
42,10142,124827,12.0
42,10143,124836,9.0
42,10144,124847,11.0
42,10145,124860,13.0
42,10146,124875,15.0
42,10147,124887,12.0
42,10148,124903,16.0
42,10149,124913,10.0
42,10150,124925,12.0
42,10151,124933,8.0
42,10152,124947,14.0
42,10153,124956,9.0
42,10154,124966,10.0
42,10155,124979,13.0
42,10156,124987,8.0
42,10157,124999,12.0
42,10158,125008,9.0
42,10159,125018,10.0
42,10160,125034,16.0
42,10161,125044,10.0
42,10162,125055,11.0
42,10163,125067,12.0
42,10164,125079,12.0
42,10165,125091,12.0
42,10166,125104,13.0
42,10167,125113,9.0
42,10168,125122,9.0
42,10169,125135,13.0
42,10170,125145,10.0
42,10171,125156,11.0
42,10172,125169,13.0
42,10173,125180,11.0
42,10174,125195,15.0
42,10175,125207,12.0
42,10176,125216,9.0
42,10177,125228,12.0
42,10178,125240,12.0
42,10179,125250,10.0
42,10180,125260,10.0
42,10181,125277,17.0
42,10182,125288,11.0
42,10183,125297,9.0
42,10184,125307,10.0
42,10185,125321,14.0
42,10186,125330,9.0
42,10187,125341,11.0
42,10188,125351,10.0
42,10189,125360,9.0
42,10190,125373,13.0
42,10191,125382,9.0
42,10192,125393,11.0
42,10193,125405,12.0
42,10194,125420,15.0
42,10195,125432,12.0
42,10196,125443,11.0
42,10197,125451,8.0
42,10198,125462,11.0
42,10199,125473,11.0
42,10200,125485,12.0
42,10201,125494,9.0
42,10202,125503,9.0
42,10203,125517,14.0
42,10204,125526,9.0
42,10205,125536,10.0
42,10206,125547,11.0
42,10207,125556,9.0
42,10208,125567,11.0
42,10209,125585,18.0
42,10210,125597,12.0
42,10211,125610,13.0
42,10212,125623,13.0
42,10213,125635,12.0
42,10214,125645,10.0
42,10215,125656,11.0
42,10216,125667,11.0
42,10217,125680,13.0
42,10218,125693,13.0
42,10219,125705,12.0
42,10220,125719,14.0
42,10221,125740,21.0
42,10222,125753,13.0
42,10223,125765,12.0
42,10224,125776,11.0
42,10225,125788,12.0
42,10226,125797,9.0
42,10227,125808,11.0
42,10228,125817,9.0
42,10229,125826,9.0
42,10230,125836,10.0
42,10231,125846,10.0
42,10232,125857,11.0
42,10233,125869,12.0
42,10234,125879,10.0
42,10235,125890,11.0
42,10236,125900,10.0
42,10237,125910,10.0
42,10238,125921,11.0
42,10239,125947,26.0
42,10240,125959,12.0
42,10241,125967,8.0
42,10242,125977,10.0
42,10243,125987,10.0
42,10244,125997,10.0
42,10245,126006,9.0
42,10246,126020,14.0
42,10247,126037,17.0
42,10248,126048,11.0
42,10249,126062,14.0
42,10250,126071,9.0
42,10251,126081,10.0
42,10252,126092,11.0
42,10253,126102,10.0
42,10254,126115,13.0
42,10255,126126,11.0
42,10256,126141,15.0
42,10257,126149,8.0
42,10258,126160,11.0
42,10259,126169,9.0
42,10260,126188,19.0
42,10261,126197,9.0
42,10262,126208,11.0
42,10263,126218,10.0
42,10264,126234,16.0
42,10265,126244,10.0
42,10266,126258,14.0
42,10267,126269,11.0
42,10268,126287,18.0
42,10269,126297,10.0
42,10270,126317,20.0
42,10271,126330,13.0
42,10272,126343,13.0
42,10273,126352,9.0
42,10274,126362,10.0
42,10275,126371,9.0
42,10276,126387,16.0
42,10277,126403,16.0
42,10278,126414,11.0
42,10279,126426,12.0
42,10280,126439,13.0
42,10281,126449,10.0
42,10282,126460,11.0
42,10283,126471,11.0
42,10284,126484,13.0
42,10285,126500,16.0
42,10286,126510,10.0
42,10287,126522,12.0
42,10288,126533,11.0
42,10289,126545,12.0
42,10290,126555,10.0
42,10291,126565,10.0
42,10292,126575,10.0
42,10293,126587,12.0
42,10294,126596,9.0
42,10295,126613,17.0
42,10296,126623,10.0
42,10297,126631,8.0
42,10298,126643,12.0
42,10299,126656,13.0
42,10300,126666,10.0
42,10301,126685,19.0
42,10302,126697,12.0
42,10303,126709,12.0
42,10304,126718,9.0
42,10305,126728,10.0
42,10306,126740,12.0
42,10307,126750,10.0
42,10308,126766,16.0
42,10309,126781,15.0
42,10310,126795,14.0
42,10311,126807,12.0
42,10312,126815,8.0
42,10313,126830,15.0
42,10314,126838,8.0
42,10315,126848,10.0
42,10316,126859,11.0
42,10317,126872,13.0
42,10318,126884,12.0
42,10319,126896,12.0
42,10320,126912,16.0
42,10321,126923,11.0
42,10322,126936,13.0
42,10323,126952,16.0
42,10324,126965,13.0
42,10325,126975,10.0
42,10326,126985,10.0
42,10327,126997,12.0
42,10328,127006,9.0
42,10329,127016,10.0
42,10330,127025,9.0
42,10331,127046,21.0
42,10332,127058,12.0
42,10333,127071,13.0
42,10334,127101,30.0
42,10335,127113,12.0
42,10336,127124,11.0
42,10337,127133,9.0
42,10338,127145,12.0
42,10339,127154,9.0
42,10340,127163,9.0
42,10341,127172,9.0
42,10342,127181,9.0
42,10343,127189,8.0
42,10344,127202,13.0
42,10345,127214,12.0
42,10346,127230,16.0
42,10347,127240,10.0
42,10348,127249,9.0
42,10349,127260,11.0
42,10350,127272,12.0
42,10351,127284,12.0
42,10352,127295,11.0
42,10353,127311,16.0
42,10354,127323,12.0
42,10355,127345,22.0
42,10356,127353,8.0
42,10357,127364,11.0
42,10358,127378,14.0
42,10359,127387,9.0
42,10360,127397,10.0
42,10361,127407,10.0
42,10362,127420,13.0
42,10363,127434,14.0
42,10364,127444,10.0
42,10365,127453,9.0
42,10366,127465,12.0
42,10367,127477,12.0
42,10368,127487,10.0
42,10369,127498,11.0
42,10370,127511,13.0
42,10371,127520,9.0
42,10372,127532,12.0
42,10373,127543,11.0
42,10374,127553,10.0
42,10375,127563,10.0
42,10376,127576,13.0
42,10377,127586,10.0
42,10378,127598,12.0
42,10379,127615,17.0
42,10380,127628,13.0
42,10381,127638,10.0
42,10382,127651,13.0
42,10383,127663,12.0
42,10384,127673,10.0
42,10385,127685,12.0
42,10386,127697,12.0
42,10387,127715,18.0
42,10388,127728,13.0
42,10389,127738,10.0
42,10390,127749,11.0
42,10391,127763,14.0
42,10392,127779,16.0
42,10393,127788,9.0
42,10394,127799,11.0
42,10395,127808,9.0
42,10396,127820,12.0
42,10397,127831,11.0
42,10398,127848,17.0
42,10399,127860,12.0
42,10400,127869,9.0
42,10401,127885,16.0
42,10402,127897,12.0
42,10403,127910,13.0
42,10404,127921,11.0
42,10405,127935,14.0
42,10406,127953,18.0
42,10407,127963,10.0
42,10408,127973,10.0
42,10409,127983,10.0
42,10410,127992,9.0
42,10411,128001,9.0
42,10412,128012,11.0
42,10413,128023,11.0
42,10414,128036,13.0
42,10415,128047,11.0
42,10416,128061,14.0
42,10417,128074,13.0
42,10418,128088,14.0
42,10419,128108,20.0
42,10420,128118,10.0
42,10421,128129,11.0
42,10422,128138,9.0
42,10423,128147,9.0
42,10424,128157,10.0
42,10425,128167,10.0
42,10426,128177,10.0
42,10427,128192,15.0
42,10428,128201,9.0
42,10429,128213,12.0
42,10430,128226,13.0
42,10431,128239,13.0
42,10432,128254,15.0
42,10433,128264,10.0
42,10434,128274,10.0
42,10435,128283,9.0
42,10436,128292,9.0
42,10437,128304,12.0
42,10438,128316,12.0
42,10439,128325,9.0
42,10440,128334,9.0
42,10441,128346,12.0
42,10442,128356,10.0
42,10443,128371,15.0
42,10444,128380,9.0
42,10445,128393,13.0
42,10446,128406,13.0
42,10447,128418,12.0
42,10448,128427,9.0
42,10449,128441,14.0
42,10450,128451,10.0
42,10451,128464,13.0
42,10452,128475,11.0
42,10453,128485,10.0
42,10454,128495,10.0
42,10455,128507,12.0
42,10456,128517,10.0
42,10457,128529,12.0
42,10458,128539,10.0
42,10459,128551,12.0
42,10460,128564,13.0
42,10461,128576,12.0
42,10462,128587,11.0
42,10463,128600,13.0
42,10464,128612,12.0
42,10465,128622,10.0
42,10466,128633,11.0
42,10467,128646,13.0
42,10468,128658,12.0
42,10469,128668,10.0
42,10470,128682,14.0
42,10471,128693,11.0
42,10472,128705,12.0
42,10473,128714,9.0
42,10474,128724,10.0
42,10475,128734,10.0
42,10476,128746,12.0
42,10477,128761,15.0
42,10478,128772,11.0
42,10479,128782,10.0
42,10480,128795,13.0
42,10481,128806,11.0
42,10482,128815,9.0
42,10483,128825,10.0
42,10484,128844,19.0
42,10485,128856,12.0
42,10486,128867,11.0
42,10487,128877,10.0
42,10488,128893,16.0
42,10489,128904,11.0
42,10490,128913,9.0
42,10491,128924,11.0
42,10492,128936,12.0
42,10493,128951,15.0
42,10494,128960,9.0
42,10495,128970,10.0
42,10496,128982,12.0
42,10497,128995,13.0
42,10498,129005,10.0
42,10499,129016,11.0
42,10500,129029,13.0
42,10501,129047,18.0
42,10502,129062,15.0
42,10503,129075,13.0
42,10504,129091,16.0
42,10505,129102,11.0
42,10506,129112,10.0
42,10507,129122,10.0
42,10508,129131,9.0
42,10509,129141,10.0
42,10510,129149,8.0
42,10511,129159,10.0
42,10512,129169,10.0
42,10513,129178,9.0
42,10514,129187,9.0
42,10515,129198,11.0
42,10516,129212,14.0
42,10517,129226,14.0
42,10518,129245,19.0
42,10519,129255,10.0
42,10520,129267,12.0
42,10521,129276,9.0
42,10522,129297,21.0
42,10523,129314,17.0
42,10524,129324,10.0
42,10525,129336,12.0
42,10526,129347,11.0
42,10527,129357,10.0
42,10528,129366,9.0
42,10529,129376,10.0
42,10530,129387,11.0
42,10531,129398,11.0
42,10532,129410,12.0
42,10533,129429,19.0
42,10534,129442,13.0
42,10535,129453,11.0
42,10536,129468,15.0
42,10537,129479,11.0
42,10538,129489,10.0
42,10539,129498,9.0
42,10540,129507,9.0
42,10541,129529,22.0
42,10542,129540,11.0
42,10543,129554,14.0
42,10544,129564,10.0
42,10545,129575,11.0
42,10546,129586,11.0
42,10547,129596,10.0
42,10548,129608,12.0
42,10549,129618,10.0
42,10550,129640,22.0
42,10551,129655,15.0
42,10552,129664,9.0
42,10553,129672,8.0
42,10554,129687,15.0
42,10555,129698,11.0
42,10556,129715,17.0
42,10557,129724,9.0
42,10558,129735,11.0
42,10559,129744,9.0
42,10560,129756,12.0
42,10561,129766,10.0
42,10562,129776,10.0
42,10563,129786,10.0
42,10564,129798,12.0
42,10565,129810,12.0
42,10566,129820,10.0
42,10567,129831,11.0
42,10568,129843,12.0
42,10569,129852,9.0
42,10570,129865,13.0
42,10571,129874,9.0
42,10572,129885,11.0
42,10573,129894,9.0
42,10574,129908,14.0
42,10575,129918,10.0
42,10576,129928,10.0
42,10577,129937,9.0
42,10578,129952,15.0
42,10579,129965,13.0
42,10580,129975,10.0
42,10581,129984,9.0
42,10582,130009,25.0
42,10583,130019,10.0
42,10584,130029,10.0
42,10585,130038,9.0
42,10586,130048,10.0
42,10587,130057,9.0
42,10588,130072,15.0
42,10589,130081,9.0
42,10590,130099,18.0
42,10591,130108,9.0
42,10592,130120,12.0
42,10593,130130,10.0
42,10594,130147,17.0
42,10595,130159,12.0
42,10596,130172,13.0
42,10597,130183,11.0
42,10598,130191,8.0
42,10599,130201,10.0
42,10600,130212,11.0
42,10601,130225,13.0
42,10602,130236,11.0
42,10603,130247,11.0
42,10604,130261,14.0
42,10605,130270,9.0
42,10606,130278,8.0
42,10607,130291,13.0
42,10608,130302,11.0
42,10609,130314,12.0
42,10610,130326,12.0
42,10611,130337,11.0
42,10612,130346,9.0
42,10613,130363,17.0
42,10614,130374,11.0
42,10615,130384,10.0
42,10616,130403,19.0
42,10617,130414,11.0
42,10618,130424,10.0
42,10619,130438,14.0
42,10620,130453,15.0
42,10621,130464,11.0
42,10622,130475,11.0
42,10623,130486,11.0
42,10624,130496,10.0
42,10625,130505,9.0
42,10626,130515,10.0
42,10627,130524,9.0
42,10628,130532,8.0
42,10629,130547,15.0
42,10630,130559,12.0
42,10631,130568,9.0
42,10632,130580,12.0
42,10633,130591,11.0
42,10634,130601,10.0
42,10635,130611,10.0
42,10636,130620,9.0
42,10637,130630,10.0
42,10638,130642,12.0
42,10639,130653,11.0
42,10640,130671,18.0
42,10641,130683,12.0
42,10642,130695,12.0
42,10643,130707,12.0
42,10644,130719,12.0
42,10645,130729,10.0
42,10646,130740,11.0
42,10647,130748,8.0
42,10648,130757,9.0
42,10649,130768,11.0
42,10650,130778,10.0
42,10651,130790,12.0
42,10652,130804,14.0
42,10653,130814,10.0
42,10654,130825,11.0
42,10655,130839,14.0
42,10656,130849,10.0
42,10657,130859,10.0
42,10658,130870,11.0
42,10659,130880,10.0
42,10660,130891,11.0
42,10661,130903,12.0
42,10662,130921,18.0
42,10663,130931,10.0
42,10664,130941,10.0
42,10665,130954,13.0
42,10666,130965,11.0
42,10667,130976,11.0
42,10668,130990,14.0
42,10669,130999,9.0
42,10670,131012,13.0
42,10671,131021,9.0
42,10672,131030,9.0
42,10673,131050,20.0
42,10674,131059,9.0
42,10675,131068,9.0
42,10676,131081,13.0
42,10677,131095,14.0
42,10678,131110,15.0
42,10679,131120,10.0
42,10680,131129,9.0
42,10681,131151,22.0
42,10682,131163,12.0
42,10683,131173,10.0
42,10684,131183,10.0
42,10685,131199,16.0
42,10686,131211,12.0
42,10687,131221,10.0
42,10688,131233,12.0
42,10689,131245,12.0
42,10690,131258,13.0
42,10691,131266,8.0
42,10692,131280,14.0
42,10693,131289,9.0
42,10694,131300,11.0
42,10695,131310,10.0
42,10696,131321,11.0
42,10697,131330,9.0
42,10698,131342,12.0
42,10699,131352,10.0
42,10700,131366,14.0
42,10701,131374,8.0
42,10702,131386,12.0
42,10703,131396,10.0
42,10704,131406,10.0
42,10705,131419,13.0
42,10706,131429,10.0
42,10707,131439,10.0
42,10708,131451,12.0
42,10709,131464,13.0
42,10710,131472,8.0
42,10711,131485,13.0
42,10712,131495,10.0
42,10713,131510,15.0
42,10714,131519,9.0
42,10715,131529,10.0
42,10716,131542,13.0
42,10717,131553,11.0
42,10718,131564,11.0
42,10719,131575,11.0
42,10720,131586,11.0
42,10721,131595,9.0
42,10722,131609,14.0
42,10723,131620,11.0
42,10724,131635,15.0
42,10725,131645,10.0
42,10726,131655,10.0
42,10727,131666,11.0
42,10728,131675,9.0
42,10729,131685,10.0
42,10730,131694,9.0
42,10731,131703,9.0
42,10732,131711,8.0
42,10733,131722,11.0
42,10734,131743,21.0
42,10735,131755,12.0
42,10736,131763,8.0
42,10737,131774,11.0
42,10738,131783,9.0
42,10739,131795,12.0
42,10740,131807,12.0
42,10741,131816,9.0
42,10742,131829,13.0
42,10743,131846,17.0
42,10744,131857,11.0
42,10745,131868,11.0
42,10746,131885,17.0
42,10747,131901,16.0
42,10748,131915,14.0
42,10749,131927,12.0
42,10750,131938,11.0
42,10751,131949,11.0
42,10752,131962,13.0
42,10753,131972,10.0
42,10754,131984,12.0
42,10755,132000,16.0
42,10756,132013,13.0
42,10757,132024,11.0
42,10758,132036,12.0
42,10759,132046,10.0
42,10760,132057,11.0
42,10761,132070,13.0
42,10762,132084,14.0
42,10763,132096,12.0
42,10764,132109,13.0
42,10765,132121,12.0
42,10766,132132,11.0
42,10767,132143,11.0
42,10768,132153,10.0
42,10769,132164,11.0
42,10770,132175,11.0
42,10771,132186,11.0
42,10772,132197,11.0
42,10773,132208,11.0
42,10774,132221,13.0
42,10775,132232,11.0
42,10776,132246,14.0
42,10777,132254,8.0
42,10778,132270,16.0
42,10779,132284,14.0
42,10780,132294,10.0
42,10781,132306,12.0
42,10782,132316,10.0
42,10783,132325,9.0
42,10784,132339,14.0
42,10785,132348,9.0
42,10786,132361,13.0
42,10787,132379,18.0
42,10788,132400,21.0
42,10789,132413,13.0
42,10790,132425,12.0
42,10791,132435,10.0
42,10792,132448,13.0
42,10793,132464,16.0
42,10794,132474,10.0
42,10795,132485,11.0
42,10796,132499,14.0
42,10797,132509,10.0
42,10798,132521,12.0
42,10799,132530,9.0
42,10800,132543,13.0
42,10801,132554,11.0
42,10802,132566,12.0
42,10803,132575,9.0
42,10804,132591,16.0
42,10805,132603,12.0
42,10806,132612,9.0
42,10807,132622,10.0
42,10808,132634,12.0
42,10809,132646,12.0
42,10810,132658,12.0
42,10811,132672,14.0
42,10812,132683,11.0
42,10813,132694,11.0
42,10814,132707,13.0
42,10815,132717,10.0
42,10816,132727,10.0
42,10817,132741,14.0
42,10818,132752,11.0
42,10819,132767,15.0
42,10820,132777,10.0
42,10821,132789,12.0
42,10822,132799,10.0
42,10823,132809,10.0
42,10824,132822,13.0
42,10825,132832,10.0
42,10826,132841,9.0
42,10827,132851,10.0
42,10828,132864,13.0
42,10829,132876,12.0
42,10830,132887,11.0
42,10831,132896,9.0
42,10832,132905,9.0
42,10833,132924,19.0
42,10834,132933,9.0
42,10835,132943,10.0
42,10836,132953,10.0
42,10837,132966,13.0
42,10838,132980,14.0
42,10839,132990,10.0
42,10840,133000,10.0
42,10841,133013,13.0
42,10842,133025,12.0
42,10843,133033,8.0
42,10844,133046,13.0
42,10845,133056,10.0
42,10846,133066,10.0
42,10847,133076,10.0
42,10848,133092,16.0
42,10849,133103,11.0
42,10850,133115,12.0
42,10851,133124,9.0
42,10852,133136,12.0
42,10853,133149,13.0
42,10854,133159,10.0
42,10855,133167,8.0
42,10856,133178,11.0
42,10857,133188,10.0
42,10858,133205,17.0
42,10859,133213,8.0
42,10860,133222,9.0
42,10861,133230,8.0
42,10862,133243,13.0
42,10863,133255,12.0
42,10864,133264,9.0
42,10865,133274,10.0
42,10866,133284,10.0
42,10867,133296,12.0
42,10868,133306,10.0
42,10869,133315,9.0
42,10870,133326,11.0
42,10871,133337,11.0
42,10872,133348,11.0
42,10873,133356,8.0
42,10874,133367,11.0
42,10875,133378,11.0
42,10876,133390,12.0
42,10877,133401,11.0
42,10878,133409,8.0
42,10879,133419,10.0
42,10880,133429,10.0
42,10881,133441,12.0
42,10882,133453,12.0
42,10883,133463,10.0
42,10884,133474,11.0
42,10885,133486,12.0
42,10886,133496,10.0
42,10887,133508,12.0
42,10888,133517,9.0
42,10889,133529,12.0
42,10890,133555,26.0
42,10891,133569,14.0
42,10892,133589,20.0
42,10893,133598,9.0
42,10894,133623,25.0
42,10895,133636,13.0
42,10896,133648,12.0
42,10897,133662,14.0
42,10898,133672,10.0
42,10899,133684,12.0
42,10900,133701,17.0
42,10901,133714,13.0
42,10902,133726,12.0
42,10903,133736,10.0
42,10904,133749,13.0
42,10905,133759,10.0
42,10906,133770,11.0
42,10907,133780,10.0
42,10908,133792,12.0
42,10909,133816,24.0
42,10910,133827,11.0
42,10911,133837,10.0
42,10912,133846,9.0
42,10913,133857,11.0
42,10914,133866,9.0
42,10915,133876,10.0
42,10916,133887,11.0
42,10917,133900,13.0
42,10918,133913,13.0
42,10919,133923,10.0
42,10920,133932,9.0
42,10921,133946,14.0
42,10922,133955,9.0
42,10923,133964,9.0
42,10924,133975,11.0
42,10925,133986,11.0
42,10926,133999,13.0
42,10927,134011,12.0
42,10928,134020,9.0
42,10929,134031,11.0
42,10930,134041,10.0
42,10931,134055,14.0
42,10932,134068,13.0
42,10933,134082,14.0
42,10934,134097,15.0
42,10935,134109,12.0
42,10936,134123,14.0
42,10937,134133,10.0
42,10938,134144,11.0
42,10939,134152,8.0
42,10940,134164,12.0
42,10941,134182,18.0
42,10942,134191,9.0
42,10943,134201,10.0
42,10944,134210,9.0
42,10945,134223,13.0
42,10946,134231,8.0
42,10947,134242,11.0
42,10948,134254,12.0
42,10949,134267,13.0
42,10950,134281,14.0
42,10951,134294,13.0
42,10952,134306,12.0
42,10953,134319,13.0
42,10954,134330,11.0
42,10955,134339,9.0
42,10956,134352,13.0
42,10957,134363,11.0
42,10958,134375,12.0
42,10959,134388,13.0
42,10960,134397,9.0
42,10961,134420,23.0
42,10962,134433,13.0
42,10963,134441,8.0
42,10964,134454,13.0
42,10965,134466,12.0
42,10966,134476,10.0
42,10967,134486,10.0
42,10968,134495,9.0
42,10969,134504,9.0
42,10970,134516,12.0
42,10971,134528,12.0
42,10972,134542,14.0
42,10973,134554,12.0
42,10974,134563,9.0
42,10975,134573,10.0
42,10976,134584,11.0
42,10977,134595,11.0
42,10978,134603,8.0
42,10979,134615,12.0
42,10980,134626,11.0
42,10981,134641,15.0
42,10982,134652,11.0
42,10983,134663,11.0
42,10984,134674,11.0
42,10985,134687,13.0
42,10986,134698,11.0
42,10987,134709,11.0
42,10988,134717,8.0
42,10989,134729,12.0
42,10990,134738,9.0
42,10991,134748,10.0
42,10992,134757,9.0
42,10993,134771,14.0
42,10994,134784,13.0
42,10995,134794,10.0
42,10996,134803,9.0
42,10997,134812,9.0
42,10998,134826,14.0
42,10999,134834,8.0
42,11000,134845,11.0
42,11001,134857,12.0
42,11002,134867,10.0
42,11003,134885,18.0
42,11004,134902,17.0
42,11005,134912,10.0
42,11006,134929,17.0
42,11007,134947,18.0
42,11008,134962,15.0
42,11009,134972,10.0
42,11010,134985,13.0
42,11011,134994,9.0
42,11012,135011,17.0
42,11013,135020,9.0
42,11014,135030,10.0
42,11015,135038,8.0
42,11016,135049,11.0
42,11017,135061,12.0
42,11018,135070,9.0
42,11019,135083,13.0
42,11020,135095,12.0
42,11021,135107,12.0
42,11022,135118,11.0
42,11023,135132,14.0
42,11024,135144,12.0
42,11025,135160,16.0
42,11026,135169,9.0
42,11027,135180,11.0
42,11028,135193,13.0
42,11029,135205,12.0
42,11030,135217,12.0
42,11031,135226,9.0
42,11032,135237,11.0
42,11033,135251,14.0
42,11034,135262,11.0
42,11035,135273,11.0
42,11036,135283,10.0
42,11037,135295,12.0
42,11038,135305,10.0
42,11039,135319,14.0
42,11040,135329,10.0
42,11041,135340,11.0
42,11042,135350,10.0
42,11043,135359,9.0
42,11044,135369,10.0
42,11045,135379,10.0
42,11046,135391,12.0
42,11047,135407,16.0
42,11048,135422,15.0
42,11049,135432,10.0
42,11050,135444,12.0
42,11051,135454,10.0
42,11052,135466,12.0
42,11053,135475,9.0
42,11054,135485,10.0
42,11055,135497,12.0
42,11056,135507,10.0
42,11057,135522,15.0
42,11058,135535,13.0
42,11059,135545,10.0
42,11060,135554,9.0
42,11061,135564,10.0
42,11062,135583,19.0
42,11063,135593,10.0
42,11064,135602,9.0
42,11065,135614,12.0
42,11066,135627,13.0
42,11067,135639,12.0
42,11068,135651,12.0
42,11069,135668,17.0
42,11070,135678,10.0
42,11071,135688,10.0
42,11072,135698,10.0
42,11073,135706,8.0
42,11074,135716,10.0
42,11075,135730,14.0
42,11076,135742,12.0
42,11077,135751,9.0
42,11078,135764,13.0
42,11079,135773,9.0
42,11080,135783,10.0
42,11081,135799,16.0
42,11082,135810,11.0
42,11083,135819,9.0
42,11084,135828,9.0
42,11085,135838,10.0
42,11086,135849,11.0
42,11087,135861,12.0
42,11088,135872,11.0
42,11089,135883,11.0
42,11090,135894,11.0
42,11091,135902,8.0
42,11092,135915,13.0
42,11093,135924,9.0
42,11094,135933,9.0
42,11095,135944,11.0
42,11096,135955,11.0
42,11097,135967,12.0
42,11098,135978,11.0
42,11099,135987,9.0
42,11100,135998,11.0
42,11101,136006,8.0
42,11102,136018,12.0
42,11103,136031,13.0
42,11104,136042,11.0
42,11105,136051,9.0
42,11106,136060,9.0
42,11107,136072,12.0
42,11108,136083,11.0
42,11109,136092,9.0
42,11110,136105,13.0
42,11111,136120,15.0
42,11112,136130,10.0
42,11113,136143,13.0
42,11114,136153,10.0
42,11115,136162,9.0
42,11116,136173,11.0
42,11117,136185,12.0
42,11118,136196,11.0
42,11119,136212,16.0
42,11120,136232,20.0
42,11121,136244,12.0
42,11122,136253,9.0
42,11123,136262,9.0
42,11124,136271,9.0
42,11125,136280,9.0
42,11126,136289,9.0
42,11127,136299,10.0
42,11128,136310,11.0
42,11129,136320,10.0
42,11130,136331,11.0
42,11131,136348,17.0
42,11132,136357,9.0
42,11133,136371,14.0
42,11134,136386,15.0
42,11135,136395,9.0
42,11136,136413,18.0
42,11137,136429,16.0
42,11138,136439,10.0
42,11139,136458,19.0
42,11140,136468,10.0
42,11141,136478,10.0
42,11142,136488,10.0
42,11143,136499,11.0
42,11144,136509,10.0
42,11145,136525,16.0
42,11146,136542,17.0
42,11147,136552,10.0
42,11148,136562,10.0
42,11149,136581,19.0
42,11150,136592,11.0
42,11151,136602,10.0
42,11152,136622,20.0
42,11153,136633,11.0
42,11154,136647,14.0
42,11155,136655,8.0
42,11156,136666,11.0
42,11157,136675,9.0
42,11158,136686,11.0
42,11159,136697,11.0
42,11160,136707,10.0
42,11161,136726,19.0
42,11162,136736,10.0
42,11163,136746,10.0
42,11164,136759,13.0
42,11165,136771,12.0
42,11166,136785,14.0
42,11167,136796,11.0
42,11168,136805,9.0
42,11169,136814,9.0
42,11170,136825,11.0
42,11171,136839,14.0
42,11172,136849,10.0
42,11173,136862,13.0
42,11174,136872,10.0
42,11175,136884,12.0
42,11176,136900,16.0
42,11177,136910,10.0
42,11178,136919,9.0
42,11179,136928,9.0
42,11180,136938,10.0
42,11181,136951,13.0
42,11182,136961,10.0
42,11183,136971,10.0
42,11184,136982,11.0
42,11185,136998,16.0
42,11186,137012,14.0
42,11187,137023,11.0
42,11188,137033,10.0
42,11189,137042,9.0
42,11190,137054,12.0
42,11191,137067,13.0
42,11192,137078,11.0
42,11193,137090,12.0
42,11194,137100,10.0
42,11195,137110,10.0
42,11196,137121,11.0
42,11197,137132,11.0
42,11198,137144,12.0
42,11199,137153,9.0
42,11200,137163,10.0
42,11201,137174,11.0
42,11202,137186,12.0
42,11203,137197,11.0
42,11204,137209,12.0
42,11205,137224,15.0
42,11206,137232,8.0
42,11207,137241,9.0
42,11208,137257,16.0
42,11209,137266,9.0
42,11210,137276,10.0
42,11211,137286,10.0
42,11212,137296,10.0
42,11213,137305,9.0
42,11214,137316,11.0
42,11215,137327,11.0
42,11216,137341,14.0
42,11217,137353,12.0
42,11218,137361,8.0
42,11219,137377,16.0
42,11220,137390,13.0
42,11221,137404,14.0
42,11222,137414,10.0
42,11223,137425,11.0
42,11224,137437,12.0
42,11225,137448,11.0
42,11226,137457,9.0
42,11227,137473,16.0
42,11228,137484,11.0
42,11229,137494,10.0
42,11230,137502,8.0
42,11231,137512,10.0
42,11232,137523,11.0
42,11233,137534,11.0
42,11234,137544,10.0
42,11235,137556,12.0
42,11236,137570,14.0
42,11237,137581,11.0
42,11238,137590,9.0
42,11239,137603,13.0
42,11240,137612,9.0
42,11241,137621,9.0
42,11242,137631,10.0
42,11243,137641,10.0
42,11244,137654,13.0
42,11245,137669,15.0
42,11246,137678,9.0
42,11247,137688,10.0
42,11248,137697,9.0
42,11249,137707,10.0
42,11250,137717,10.0
42,11251,137732,15.0
42,11252,137741,9.0
42,11253,137751,10.0
42,11254,137766,15.0
42,11255,137775,9.0
42,11256,137788,13.0
42,11257,137804,16.0
42,11258,137821,17.0
42,11259,137835,14.0
42,11260,137844,9.0
42,11261,137855,11.0
42,11262,137869,14.0
42,11263,137881,12.0
42,11264,137892,11.0
42,11265,137902,10.0
42,11266,137912,10.0
42,11267,137920,8.0
42,11268,137935,15.0
42,11269,137945,10.0
42,11270,137957,12.0
42,11271,137968,11.0
42,11272,137976,8.0
42,11273,137987,11.0
42,11274,137996,9.0
42,11275,138007,11.0
42,11276,138019,12.0
42,11277,138029,10.0
42,11278,138042,13.0
42,11279,138053,11.0
42,11280,138063,10.0
42,11281,138072,9.0
42,11282,138085,13.0
42,11283,138095,10.0
42,11284,138107,12.0
42,11285,138121,14.0
42,11286,138131,10.0
42,11287,138142,11.0
42,11288,138153,11.0
42,11289,138164,11.0
42,11290,138173,9.0
42,11291,138186,13.0
42,11292,138196,10.0
42,11293,138205,9.0
42,11294,138216,11.0
42,11295,138224,8.0
42,11296,138233,9.0
42,11297,138242,9.0
42,11298,138256,14.0
42,11299,138267,11.0
42,11300,138276,9.0
42,11301,138285,9.0
42,11302,138294,9.0
42,11303,138304,10.0
42,11304,138313,9.0
42,11305,138326,13.0
42,11306,138337,11.0
42,11307,138351,14.0
42,11308,138365,14.0
42,11309,138374,9.0
42,11310,138386,12.0
42,11311,138398,12.0
42,11312,138408,10.0
42,11313,138417,9.0
42,11314,138434,17.0
42,11315,138444,10.0
42,11316,138454,10.0
42,11317,138464,10.0
42,11318,138481,17.0
42,11319,138490,9.0
42,11320,138501,11.0
42,11321,138510,9.0
42,11322,138523,13.0
42,11323,138534,11.0
42,11324,138543,9.0
42,11325,138554,11.0
42,11326,138565,11.0
42,11327,138574,9.0
42,11328,138583,9.0
42,11329,138592,9.0
42,11330,138606,14.0
42,11331,138614,8.0
42,11332,138624,10.0
42,11333,138634,10.0
42,11334,138651,17.0
42,11335,138670,19.0
42,11336,138684,14.0
42,11337,138697,13.0
42,11338,138710,13.0
42,11339,138720,10.0
42,11340,138730,10.0
42,11341,138739,9.0
42,11342,138753,14.0
42,11343,138765,12.0
42,11344,138776,11.0
42,11345,138787,11.0
42,11346,138797,10.0
42,11347,138808,11.0
42,11348,138817,9.0
42,11349,138828,11.0
42,11350,138840,12.0
42,11351,138851,11.0
42,11352,138870,19.0
42,11353,138883,13.0
42,11354,138894,11.0
42,11355,138907,13.0
42,11356,138916,9.0
42,11357,138926,10.0
42,11358,138937,11.0
42,11359,138947,10.0
42,11360,138958,11.0
42,11361,138969,11.0
42,11362,138979,10.0
42,11363,138988,9.0
42,11364,138998,10.0
42,11365,139007,9.0
42,11366,139019,12.0
42,11367,139029,10.0
42,11368,139039,10.0
42,11369,139051,12.0
42,11370,139059,8.0
42,11371,139069,10.0
42,11372,139080,11.0
42,11373,139089,9.0
42,11374,139099,10.0
42,11375,139107,8.0
42,11376,139118,11.0
42,11377,139133,15.0
42,11378,139142,9.0
42,11379,139155,13.0
42,11380,139168,13.0
42,11381,139178,10.0
42,11382,139191,13.0
42,11383,139204,13.0
42,11384,139214,10.0
42,11385,139227,13.0
42,11386,139246,19.0
42,11387,139266,20.0
42,11388,139277,11.0
42,11389,139287,10.0
42,11390,139300,13.0
42,11391,139313,13.0
42,11392,139323,10.0
42,11393,139335,12.0
42,11394,139344,9.0
42,11395,139354,10.0
42,11396,139365,11.0
42,11397,139379,14.0
42,11398,139390,11.0
42,11399,139402,12.0
42,11400,139414,12.0
42,11401,139427,13.0
42,11402,139441,14.0
42,11403,139451,10.0
42,11404,139461,10.0
42,11405,139471,10.0
42,11406,139483,12.0
42,11407,139493,10.0
42,11408,139503,10.0
42,11409,139517,14.0
42,11410,139526,9.0
42,11411,139536,10.0
42,11412,139548,12.0
42,11413,139559,11.0
42,11414,139570,11.0
42,11415,139579,9.0
42,11416,139587,8.0
42,11417,139598,11.0
42,11418,139610,12.0
42,11419,139623,13.0
42,11420,139634,11.0
42,11421,139643,9.0
42,11422,139653,10.0
42,11423,139664,11.0
42,11424,139675,11.0
42,11425,139685,10.0
42,11426,139697,12.0
42,11427,139706,9.0
42,11428,139718,12.0
42,11429,139727,9.0
42,11430,139736,9.0
42,11431,139745,9.0
42,11432,139756,11.0
42,11433,139771,15.0
42,11434,139780,9.0
42,11435,139791,11.0
42,11436,139802,11.0
42,11437,139813,11.0
42,11438,139826,13.0
42,11439,139835,9.0
42,11440,139846,11.0
42,11441,139856,10.0
42,11442,139869,13.0
42,11443,139885,16.0
42,11444,139896,11.0
42,11445,139908,12.0
42,11446,139920,12.0
42,11447,139930,10.0
42,11448,139939,9.0
42,11449,139948,9.0
42,11450,139964,16.0
42,11451,139973,9.0
42,11452,139982,9.0
42,11453,139991,9.0
42,11454,140012,21.0
42,11455,140024,12.0
42,11456,140037,13.0
42,11457,140049,12.0
42,11458,140057,8.0
42,11459,140069,12.0
42,11460,140081,12.0
42,11461,140098,17.0
42,11462,140108,10.0
42,11463,140117,9.0
42,11464,140129,12.0
42,11465,140142,13.0
42,11466,140153,11.0
42,11467,140164,11.0
42,11468,140174,10.0
42,11469,140186,12.0
42,11470,140197,11.0
42,11471,140209,12.0
42,11472,140219,10.0
42,11473,140229,10.0
42,11474,140240,11.0
42,11475,140249,9.0
42,11476,140260,11.0
42,11477,140272,12.0
42,11478,140282,10.0
42,11479,140295,13.0
42,11480,140305,10.0
42,11481,140317,12.0
42,11482,140326,9.0
42,11483,140339,13.0
42,11484,140349,10.0
42,11485,140360,11.0
42,11486,140373,13.0
42,11487,140382,9.0
42,11488,140394,12.0
42,11489,140409,15.0
42,11490,140422,13.0
42,11491,140435,13.0
42,11492,140445,10.0
42,11493,140462,17.0
42,11494,140474,12.0
42,11495,140483,9.0
42,11496,140495,12.0
42,11497,140508,13.0
42,11498,140524,16.0
42,11499,140536,12.0
42,11500,140548,12.0
42,11501,140559,11.0
42,11502,140575,16.0
42,11503,140585,10.0
42,11504,140596,11.0
42,11505,140609,13.0
42,11506,140618,9.0
42,11507,140626,8.0
42,11508,140646,20.0
42,11509,140654,8.0
42,11510,140666,12.0
42,11511,140682,16.0
42,11512,140693,11.0
42,11513,140710,17.0
42,11514,140719,9.0
42,11515,140730,11.0
42,11516,140747,17.0
42,11517,140755,8.0
42,11518,140765,10.0
42,11519,140775,10.0
42,11520,140784,9.0
42,11521,140795,11.0
42,11522,140806,11.0
42,11523,140819,13.0
42,11524,140832,13.0
42,11525,140843,11.0
42,11526,140851,8.0
42,11527,140861,10.0
42,11528,140872,11.0
42,11529,140881,9.0
42,11530,140893,12.0
42,11531,140906,13.0
42,11532,140917,11.0
42,11533,140930,13.0
42,11534,140942,12.0
42,11535,140953,11.0
42,11536,140962,9.0
42,11537,140974,12.0
42,11538,140987,13.0
42,11539,141000,13.0
42,11540,141014,14.0
42,11541,141024,10.0
42,11542,141039,15.0
42,11543,141052,13.0
42,11544,141062,10.0
42,11545,141074,12.0
42,11546,141084,10.0
42,11547,141098,14.0
42,11548,141109,11.0
42,11549,141121,12.0
42,11550,141131,10.0
42,11551,141142,11.0
42,11552,141151,9.0
42,11553,141162,11.0
42,11554,141173,11.0
42,11555,141182,9.0
42,11556,141193,11.0
42,11557,141204,11.0
42,11558,141215,11.0
42,11559,141229,14.0
42,11560,141241,12.0
42,11561,141251,10.0
42,11562,141267,16.0
42,11563,141277,10.0
42,11564,141286,9.0
42,11565,141297,11.0
42,11566,141306,9.0
42,11567,141317,11.0
42,11568,141339,22.0
42,11569,141349,10.0
42,11570,141360,11.0
42,11571,141371,11.0
42,11572,141382,11.0
42,11573,141393,11.0
42,11574,141403,10.0
42,11575,141416,13.0
42,11576,141426,10.0
42,11577,141436,10.0
42,11578,141444,8.0
42,11579,141454,10.0
42,11580,141463,9.0
42,11581,141472,9.0
42,11582,141483,11.0
42,11583,141494,11.0
42,11584,141504,10.0
42,11585,141514,10.0
42,11586,141524,10.0
42,11587,141532,8.0
42,11588,141542,10.0
42,11589,141551,9.0
42,11590,141563,12.0
42,11591,141573,10.0
42,11592,141585,12.0
42,11593,141595,10.0
42,11594,141605,10.0
42,11595,141617,12.0
42,11596,141628,11.0
42,11597,141641,13.0
42,11598,141652,11.0
42,11599,141665,13.0
42,11600,141674,9.0
42,11601,141685,11.0
42,11602,141694,9.0
42,11603,141703,9.0
42,11604,141713,10.0
42,11605,141726,13.0
42,11606,141737,11.0
42,11607,141747,10.0
42,11608,141757,10.0
42,11609,141767,10.0
42,11610,141781,14.0
42,11611,141792,11.0
42,11612,141801,9.0
42,11613,141818,17.0
42,11614,141827,9.0
42,11615,141846,19.0
42,11616,141857,11.0
42,11617,141866,9.0
42,11618,141879,13.0
42,11619,141889,10.0
42,11620,141903,14.0
42,11621,141911,8.0
42,11622,141922,11.0
42,11623,141936,14.0
42,11624,141945,9.0
42,11625,141955,10.0
42,11626,141968,13.0
42,11627,141978,10.0
42,11628,141990,12.0
42,11629,142000,10.0
42,11630,142011,11.0
42,11631,142021,10.0
42,11632,142031,10.0
42,11633,142048,17.0
42,11634,142061,13.0
42,11635,142072,11.0
42,11636,142084,12.0
42,11637,142097,13.0
42,11638,142108,11.0
42,11639,142117,9.0
42,11640,142131,14.0
42,11641,142143,12.0
42,11642,142159,16.0
42,11643,142172,13.0
42,11644,142182,10.0
42,11645,142194,12.0
42,11646,142206,12.0
42,11647,142215,9.0
42,11648,142224,9.0
42,11649,142237,13.0
42,11650,142247,10.0
42,11651,142262,15.0
42,11652,142274,12.0
42,11653,142284,10.0
42,11654,142295,11.0
42,11655,142305,10.0
42,11656,142318,13.0
42,11657,142331,13.0
42,11658,142339,8.0
42,11659,142350,11.0
42,11660,142361,11.0
42,11661,142371,10.0
42,11662,142381,10.0
42,11663,142394,13.0
42,11664,142404,10.0
42,11665,142414,10.0
42,11666,142431,17.0
42,11667,142446,15.0
42,11668,142464,18.0
42,11669,142474,10.0
42,11670,142485,11.0
42,11671,142498,13.0
42,11672,142512,14.0
42,11673,142526,14.0
42,11674,142536,10.0
42,11675,142546,10.0
42,11676,142561,15.0
42,11677,142573,12.0
42,11678,142586,13.0
42,11679,142596,10.0
42,11680,142606,10.0
42,11681,142619,13.0
42,11682,142634,15.0
42,11683,142644,10.0
42,11684,142656,12.0
42,11685,142665,9.0
42,11686,142677,12.0
42,11687,142686,9.0
42,11688,142699,13.0
42,11689,142707,8.0
42,11690,142717,10.0
42,11691,142726,9.0
42,11692,142738,12.0
42,11693,142748,10.0
42,11694,142758,10.0
42,11695,142769,11.0
42,11696,142779,10.0
42,11697,142791,12.0
42,11698,142800,9.0
42,11699,142809,9.0
42,11700,142825,16.0
42,11701,142836,11.0
42,11702,142845,9.0
42,11703,142853,8.0
42,11704,142867,14.0
42,11705,142878,11.0
42,11706,142890,12.0
42,11707,142900,10.0
42,11708,142911,11.0
42,11709,142923,12.0
42,11710,142936,13.0
42,11711,142946,10.0
42,11712,142958,12.0
42,11713,142971,13.0
42,11714,142981,10.0
42,11715,142990,9.0
42,11716,143002,12.0
42,11717,143011,9.0
42,11718,143022,11.0
42,11719,143035,13.0
42,11720,143051,16.0
42,11721,143063,12.0
42,11722,143076,13.0
42,11723,143087,11.0
42,11724,143099,12.0
42,11725,143111,12.0
42,11726,143131,20.0
42,11727,143141,10.0
42,11728,143157,16.0
42,11729,143166,9.0
42,11730,143176,10.0
42,11731,143185,9.0
42,11732,143195,10.0
42,11733,143206,11.0
42,11734,143220,14.0
42,11735,143233,13.0
42,11736,143244,11.0
42,11737,143258,14.0
42,11738,143271,13.0
42,11739,143280,9.0
42,11740,143291,11.0
42,11741,143303,12.0
42,11742,143313,10.0
42,11743,143327,14.0
42,11744,143336,9.0
42,11745,143349,13.0
42,11746,143358,9.0
42,11747,143369,11.0
42,11748,143380,11.0
42,11749,143390,10.0
42,11750,143400,10.0
42,11751,143410,10.0
42,11752,143421,11.0
42,11753,143436,15.0
42,11754,143445,9.0
42,11755,143456,11.0
42,11756,143469,13.0
42,11757,143478,9.0
42,11758,143490,12.0
42,11759,143501,11.0
42,11760,143513,12.0
42,11761,143524,11.0
42,11762,143533,9.0
42,11763,143547,14.0
42,11764,143566,19.0
42,11765,143574,8.0
42,11766,143583,9.0
42,11767,143598,15.0
42,11768,143611,13.0
42,11769,143622,11.0
42,11770,143636,14.0
42,11771,143652,16.0
42,11772,143664,12.0
42,11773,143674,10.0
42,11774,143685,11.0
42,11775,143699,14.0
42,11776,143709,10.0
42,11777,143723,14.0
42,11778,143735,12.0
42,11779,143744,9.0
42,11780,143754,10.0
42,11781,143766,12.0
42,11782,143778,12.0
42,11783,143787,9.0
42,11784,143797,10.0
42,11785,143805,8.0
42,11786,143815,10.0
42,11787,143825,10.0
42,11788,143835,10.0
42,11789,143846,11.0
42,11790,143855,9.0
42,11791,143866,11.0
42,11792,143877,11.0
42,11793,143886,9.0
42,11794,143898,12.0
42,11795,143906,8.0
42,11796,143915,9.0
42,11797,143924,9.0
42,11798,143933,9.0
42,11799,143944,11.0
42,11800,143953,9.0
42,11801,143966,13.0
42,11802,143977,11.0
42,11803,143987,10.0
42,11804,143997,10.0
42,11805,144008,11.0
42,11806,144021,13.0
42,11807,144032,11.0
42,11808,144044,12.0
42,11809,144056,12.0
42,11810,144067,11.0
42,11811,144075,8.0
42,11812,144088,13.0
42,11813,144096,8.0
42,11814,144107,11.0
42,11815,144117,10.0
42,11816,144126,9.0
42,11817,144137,11.0
42,11818,144150,13.0
42,11819,144161,11.0
42,11820,144171,10.0
42,11821,144184,13.0
42,11822,144195,11.0
42,11823,144207,12.0
42,11824,144221,14.0
42,11825,144231,10.0
42,11826,144243,12.0
42,11827,144264,21.0
42,11828,144276,12.0
42,11829,144286,10.0
42,11830,144295,9.0
42,11831,144308,13.0
42,11832,144321,13.0
42,11833,144333,12.0
42,11834,144345,12.0
42,11835,144355,10.0
42,11836,144366,11.0
42,11837,144378,12.0
42,11838,144389,11.0
42,11839,144399,10.0
42,11840,144409,10.0
42,11841,144419,10.0
42,11842,144428,9.0
42,11843,144439,11.0
42,11844,144453,14.0
42,11845,144468,15.0
42,11846,144479,11.0
42,11847,144492,13.0
42,11848,144502,10.0
42,11849,144513,11.0
42,11850,144528,15.0
42,11851,144540,12.0
42,11852,144549,9.0
42,11853,144562,13.0
42,11854,144573,11.0
42,11855,144587,14.0
42,11856,144597,10.0
42,11857,144614,17.0
42,11858,144624,10.0
42,11859,144634,10.0
42,11860,144642,8.0
42,11861,144656,14.0
42,11862,144667,11.0
42,11863,144676,9.0
42,11864,144686,10.0
42,11865,144697,11.0
42,11866,144713,16.0
42,11867,144723,10.0
42,11868,144734,11.0
42,11869,144743,9.0
42,11870,144752,9.0
42,11871,144765,13.0
42,11872,144775,10.0
42,11873,144786,11.0
42,11874,144799,13.0
42,11875,144809,10.0
42,11876,144819,10.0
42,11877,144829,10.0
42,11878,144845,16.0
42,11879,144855,10.0
42,11880,144864,9.0
42,11881,144875,11.0
42,11882,144887,12.0
42,11883,144898,11.0
42,11884,144912,14.0
42,11885,144921,9.0
42,11886,144934,13.0
42,11887,144944,10.0
42,11888,144960,16.0
42,11889,144969,9.0
42,11890,144985,16.0
42,11891,144995,10.0
42,11892,145012,17.0
42,11893,145023,11.0
42,11894,145039,16.0
42,11895,145048,9.0
42,11896,145059,11.0
42,11897,145072,13.0
42,11898,145083,11.0
42,11899,145094,11.0
42,11900,145103,9.0
42,11901,145114,11.0
42,11902,145126,12.0
42,11903,145141,15.0
42,11904,145150,9.0
42,11905,145159,9.0
42,11906,145174,15.0
42,11907,145185,11.0
42,11908,145195,10.0
42,11909,145204,9.0
42,11910,145214,10.0
42,11911,145223,9.0
42,11912,145240,17.0
42,11913,145250,10.0
42,11914,145260,10.0
42,11915,145270,10.0
42,11916,145282,12.0
42,11917,145292,10.0
42,11918,145304,12.0
42,11919,145315,11.0
42,11920,145326,11.0
42,11921,145340,14.0
42,11922,145350,10.0
42,11923,145359,9.0
42,11924,145368,9.0
42,11925,145379,11.0
42,11926,145395,16.0
42,11927,145405,10.0
42,11928,145417,12.0
42,11929,145427,10.0
42,11930,145437,10.0
42,11931,145452,15.0
42,11932,145463,11.0
42,11933,145474,11.0
42,11934,145484,10.0
42,11935,145495,11.0
42,11936,145506,11.0
42,11937,145517,11.0
42,11938,145527,10.0
42,11939,145537,10.0
42,11940,145548,11.0
42,11941,145557,9.0
42,11942,145567,10.0
42,11943,145580,13.0
42,11944,145592,12.0
42,11945,145601,9.0
42,11946,145619,18.0
42,11947,145632,13.0
42,11948,145641,9.0
42,11949,145651,10.0
42,11950,145663,12.0
42,11951,145672,9.0
42,11952,145683,11.0
42,11953,145699,16.0
42,11954,145710,11.0
42,11955,145725,15.0
42,11956,145734,9.0
42,11957,145745,11.0
42,11958,145759,14.0
42,11959,145769,10.0
42,11960,145784,15.0
42,11961,145796,12.0
42,11962,145805,9.0
42,11963,145819,14.0
42,11964,145829,10.0
42,11965,145838,9.0
42,11966,145850,12.0
42,11967,145860,10.0
42,11968,145873,13.0
42,11969,145886,13.0
42,11970,145894,8.0
42,11971,145903,9.0
42,11972,145915,12.0
42,11973,145933,18.0
42,11974,145945,12.0
42,11975,145954,9.0
42,11976,145972,18.0
42,11977,145985,13.0
42,11978,145995,10.0
42,11979,146004,9.0
42,11980,146015,11.0
42,11981,146024,9.0
42,11982,146038,14.0
42,11983,146046,8.0
42,11984,146055,9.0
42,11985,146066,11.0
42,11986,146082,16.0
42,11987,146093,11.0
42,11988,146102,9.0
42,11989,146114,12.0
42,11990,146125,11.0
42,11991,146135,10.0
42,11992,146147,12.0
42,11993,146161,14.0
42,11994,146170,9.0
42,11995,146179,9.0
42,11996,146191,12.0
42,11997,146202,11.0
42,11998,146210,8.0
42,11999,146221,11.0
42,12000,146232,11.0
42,12001,146243,11.0
42,12002,146258,15.0
42,12003,146271,13.0
42,12004,146281,10.0
42,12005,146290,9.0
42,12006,146301,11.0
42,12007,146310,9.0
42,12008,146323,13.0
42,12009,146332,9.0
42,12010,146350,18.0
42,12011,146359,9.0
42,12012,146368,9.0
42,12013,146378,10.0
42,12014,146393,15.0
42,12015,146406,13.0
42,12016,146414,8.0
42,12017,146426,12.0
42,12018,146435,9.0
42,12019,146444,9.0
42,12020,146455,11.0
42,12021,146466,11.0
42,12022,146476,10.0
42,12023,146492,16.0
42,12024,146504,12.0
42,12025,146515,11.0
42,12026,146527,12.0
42,12027,146537,10.0
42,12028,146547,10.0
42,12029,146556,9.0
42,12030,146567,11.0
42,12031,146579,12.0
42,12032,146592,13.0
42,12033,146604,12.0
42,12034,146614,10.0
42,12035,146630,16.0
42,12036,146640,10.0
42,12037,146649,9.0
42,12038,146657,8.0
42,12039,146668,11.0
42,12040,146678,10.0
42,12041,146694,16.0
42,12042,146704,10.0
42,12043,146717,13.0
42,12044,146728,11.0
42,12045,146740,12.0
42,12046,146749,9.0
42,12047,146759,10.0
42,12048,146770,11.0
42,12049,146783,13.0
42,12050,146792,9.0
42,12051,146809,17.0
42,12052,146820,11.0
42,12053,146830,10.0
42,12054,146840,10.0
42,12055,146854,14.0
42,12056,146863,9.0
42,12057,146878,15.0
42,12058,146890,12.0
42,12059,146900,10.0
42,12060,146911,11.0
42,12061,146923,12.0
42,12062,146936,13.0
42,12063,146946,10.0
42,12064,146959,13.0
42,12065,146969,10.0
42,12066,146981,12.0
42,12067,146992,11.0
42,12068,147001,9.0
42,12069,147011,10.0
42,12070,147020,9.0
42,12071,147028,8.0
42,12072,147037,9.0
42,12073,147047,10.0
42,12074,147058,11.0
42,12075,147069,11.0
42,12076,147080,11.0
42,12077,147091,11.0
42,12078,147101,10.0
42,12079,147111,10.0
42,12080,147123,12.0
42,12081,147135,12.0
42,12082,147145,10.0
42,12083,147155,10.0
42,12084,147164,9.0
42,12085,147175,11.0
42,12086,147184,9.0
42,12087,147196,12.0
42,12088,147209,13.0
42,12089,147221,12.0
42,12090,147231,10.0
42,12091,147242,11.0
42,12092,147252,10.0
42,12093,147261,9.0
42,12094,147273,12.0
42,12095,147282,9.0
42,12096,147291,9.0
42,12097,147301,10.0
42,12098,147312,11.0
42,12099,147321,9.0
42,12100,147332,11.0
42,12101,147344,12.0
42,12102,147355,11.0
42,12103,147365,10.0
42,12104,147376,11.0
42,12105,147386,10.0
42,12106,147399,13.0
42,12107,147407,8.0
42,12108,147415,8.0
42,12109,147433,18.0
42,12110,147443,10.0
42,12111,147454,11.0
42,12112,147469,15.0
42,12113,147482,13.0
42,12114,147497,15.0
42,12115,147509,12.0
42,12116,147518,9.0
42,12117,147529,11.0
42,12118,147539,10.0
42,12119,147549,10.0
42,12120,147563,14.0
42,12121,147574,11.0
42,12122,147591,17.0
42,12123,147602,11.0
42,12124,147612,10.0
42,12125,147624,12.0
42,12126,147633,9.0
42,12127,147644,11.0
42,12128,147657,13.0
42,12129,147666,9.0
42,12130,147680,14.0
42,12131,147689,9.0
42,12132,147698,9.0
42,12133,147711,13.0
42,12134,147723,12.0
42,12135,147736,13.0
42,12136,147747,11.0
42,12137,147758,11.0
42,12138,147767,9.0
42,12139,147780,13.0
42,12140,147794,14.0
42,12141,147805,11.0
42,12142,147821,16.0
42,12143,147832,11.0
42,12144,147842,10.0
42,12145,147859,17.0
42,12146,147872,13.0
42,12147,147888,16.0
42,12148,147899,11.0
42,12149,147909,10.0
42,12150,147922,13.0
42,12151,147937,15.0
42,12152,147946,9.0
42,12153,147959,13.0
42,12154,147970,11.0
42,12155,147984,14.0
42,12156,147998,14.0
42,12157,148009,11.0
42,12158,148024,15.0
42,12159,148036,12.0
42,12160,148046,10.0
42,12161,148058,12.0
42,12162,148070,12.0
42,12163,148080,10.0
42,12164,148092,12.0
42,12165,148101,9.0
42,12166,148111,10.0
42,12167,148125,14.0
42,12168,148137,12.0
42,12169,148156,19.0
42,12170,148165,9.0
42,12171,148173,8.0
42,12172,148181,8.0
42,12173,148194,13.0
42,12174,148203,9.0
42,12175,148212,9.0
42,12176,148227,15.0
42,12177,148239,12.0
42,12178,148248,9.0
42,12179,148262,14.0
42,12180,148270,8.0
42,12181,148283,13.0
42,12182,148296,13.0
42,12183,148308,12.0
42,12184,148321,13.0
42,12185,148332,11.0
42,12186,148344,12.0
42,12187,148352,8.0
42,12188,148365,13.0
42,12189,148376,11.0
42,12190,148385,9.0
42,12191,148401,16.0
42,12192,148410,9.0
42,12193,148423,13.0
42,12194,148441,18.0
42,12195,148452,11.0
42,12196,148461,9.0
42,12197,148471,10.0
42,12198,148481,10.0
42,12199,148491,10.0
42,12200,148501,10.0
42,12201,148512,11.0
42,12202,148521,9.0
42,12203,148529,8.0
42,12204,148538,9.0
42,12205,148553,15.0
42,12206,148564,11.0
42,12207,148575,11.0
42,12208,148584,9.0
42,12209,148597,13.0
42,12210,148612,15.0
42,12211,148622,10.0
42,12212,148633,11.0
42,12213,148646,13.0
42,12214,148656,10.0
42,12215,148665,9.0
42,12216,148678,13.0
42,12217,148692,14.0
42,12218,148702,10.0
42,12219,148714,12.0
42,12220,148724,10.0
42,12221,148734,10.0
42,12222,148742,8.0
42,12223,148752,10.0
42,12224,148762,10.0
42,12225,148776,14.0
42,12226,148787,11.0
42,12227,148802,15.0
42,12228,148818,16.0
42,12229,148828,10.0
42,12230,148837,9.0
42,12231,148846,9.0
42,12232,148857,11.0
42,12233,148870,13.0
42,12234,148881,11.0
42,12235,148891,10.0
42,12236,148909,18.0
42,12237,148919,10.0
42,12238,148932,13.0
42,12239,148942,10.0
42,12240,148957,15.0
42,12241,148971,14.0
42,12242,148985,14.0
42,12243,148996,11.0
42,12244,149009,13.0
42,12245,149018,9.0
42,12246,149027,9.0
42,12247,149036,9.0
42,12248,149049,13.0
42,12249,149063,14.0
42,12250,149077,14.0
42,12251,149086,9.0
42,12252,149099,13.0
42,12253,149109,10.0
42,12254,149118,9.0
42,12255,149126,8.0
42,12256,149139,13.0
42,12257,149148,9.0
42,12258,149161,13.0
42,12259,149172,11.0
42,12260,149181,9.0
42,12261,149191,10.0
42,12262,149201,10.0
42,12263,149211,10.0
42,12264,149236,25.0
42,12265,149244,8.0
42,12266,149258,14.0
42,12267,149270,12.0
42,12268,149281,11.0
42,12269,149294,13.0
42,12270,149305,11.0
42,12271,149315,10.0
42,12272,149330,15.0
42,12273,149343,13.0
42,12274,149353,10.0
42,12275,149363,10.0
42,12276,149375,12.0
42,12277,149386,11.0
42,12278,149399,13.0
42,12279,149411,12.0
42,12280,149422,11.0
42,12281,149434,12.0
42,12282,149453,19.0
42,12283,149465,12.0
42,12284,149476,11.0
42,12285,149487,11.0
42,12286,149498,11.0
42,12287,149510,12.0
42,12288,149526,16.0
42,12289,149538,12.0
42,12290,149551,13.0
42,12291,149559,8.0
42,12292,149571,12.0
42,12293,149581,10.0
42,12294,149592,11.0
42,12295,149605,13.0
42,12296,149617,12.0
42,12297,149627,10.0
42,12298,149637,10.0
42,12299,149648,11.0
42,12300,149662,14.0
42,12301,149672,10.0
42,12302,149684,12.0
42,12303,149696,12.0
42,12304,149706,10.0
42,12305,149716,10.0
42,12306,149728,12.0
42,12307,149745,17.0
42,12308,149754,9.0
42,12309,149770,16.0
42,12310,149784,14.0
42,12311,149793,9.0
42,12312,149808,15.0
42,12313,149821,13.0
42,12314,149832,11.0
42,12315,149845,13.0
42,12316,149854,9.0
42,12317,149864,10.0
42,12318,149877,13.0
42,12319,149885,8.0
42,12320,149901,16.0
42,12321,149912,11.0
42,12322,149922,10.0
42,12323,149938,16.0
42,12324,149948,10.0
42,12325,149960,12.0
42,12326,149971,11.0
42,12327,149981,10.0
42,12328,149993,12.0
42,12329,150004,11.0
