seed,episode,total_steps,return
123,1,69,-86.51496025152987
123,2,146,-371.119519857027
123,3,267,-302.2015940560173
123,4,359,-223.840244072152
123,5,448,-297.17898348241465
123,6,540,-398.6753635173887
123,7,638,-124.90978521542264
123,8,701,-81.56500660027648
123,9,772,-88.8083347613322
123,10,921,-342.7225668682514
123,11,1031,-121.4850982918353
123,12,1110,-87.40518007378073
123,13,1222,-157.78871262018822
123,14,1309,-150.10365597464659
123,15,1409,-132.29902735892404
123,16,1498,-98.94640413800612
123,17,1620,-235.12980422128814
123,18,1701,-252.5811911207177
123,19,1811,-155.61880282414614
123,20,1916,-469.56415890093365
123,21,2016,-379.475896858348
123,22,2088,-161.8929632808883
123,23,2182,-162.82975029642776
123,24,2268,-183.59629961959212
123,25,2330,-7.030408197302023
123,26,2416,-120.66995449556123
123,27,2521,-235.2654219273317
123,28,2624,-249.89381768078846
123,29,2712,-74.81207568930905
123,30,2830,-150.3531185847666
123,31,2929,-314.2600385411008
123,32,3023,-345.9124377871747
123,33,3098,-69.9402390824893
123,34,3224,-299.8755183547214
123,35,3341,-614.7132246303147
123,36,3407,-65.20769535389827
123,37,3484,-150.48224715986322
123,38,3603,-303.5213413082549
123,39,3694,-257.54679208901234
123,40,3811,-261.11415483927726
123,41,3888,-84.1449181536835
123,42,3997,-186.8503990020299
123,43,4096,-243.41940504109954
123,44,4205,-128.9152213086275
123,45,4273,-93.6078055292911
123,46,4340,-79.54477332579584
123,47,4432,-80.5399964244726
123,48,4498,-89.0061597617034
123,49,5498,70.67460821427906
123,50,5577,-96.03129023764197
123,51,5643,-40.28180351530912
123,52,5727,-119.13918487225182
123,53,5842,-208.24582909190644
123,54,5915,-67.09312882705994
123,55,5991,-119.75876435237521
123,56,6103,-416.84078073440037
123,57,6185,-104.98826727974613
123,58,6307,-148.4901552404277
123,59,6424,-98.35988458525915
123,60,6534,-162.32441783062376
123,61,6639,-316.7207282816894
123,62,6707,-115.38941308426104
123,63,6779,-202.36452361528347
123,64,6873,-146.36817245837034
123,65,6979,-160.92691943249207
123,66,7098,-189.86941077429395
123,67,7203,-132.86334910752853
123,68,7310,-241.76960239918986
123,69,7422,-188.55804175118385
123,70,7486,-85.91614496521609
123,71,7579,-310.16934288006235
123,72,7670,-191.69467850439554
123,73,7769,-380.00452685304106
123,74,7868,-126.03797612050431
123,75,7930,-218.31345080689064
123,76,8022,-399.05255499550606
123,77,8153,-178.05964622911677
123,78,8257,-201.218183788616
123,79,8320,-94.22696193475167
123,80,8396,-100.27951845390338
123,81,8506,-242.58845126244262
123,82,8583,-85.02303335139901
123,83,8689,-99.4862295931211
123,84,8776,-342.7945350426746
123,85,8859,-123.73358008403022
123,86,8939,-87.27180171991844
123,87,9012,-237.8192622445291
123,88,9118,-279.5809130679213
123,89,9245,-198.8536026266968
123,90,9336,-118.78441029274265
123,91,9421,-144.90301831247933
123,92,9513,-256.2913258825766
123,93,9602,-129.38651606195697
123,94,9709,-346.99931332471476
123,95,9806,-253.76235905804188
123,96,9956,-221.48542153161813
123,97,10091,-102.77622795924117
123,98,10168,-221.47771438285542
123,99,10254,18.182624177617498
123,100,10316,-107.81274004167454
123,101,10408,-353.08469667555755
123,102,10506,-101.87945943446113
123,103,10591,-131.17830316080088
123,104,10662,-101.2005683971006
123,105,10755,-101.3133597406292
123,106,10834,-30.583565339586073
123,107,10960,-92.79141295339946
123,108,11044,-25.513440383893695
123,109,11116,-112.29389251469635
123,110,11247,-226.9113030664385
123,111,11344,-110.71684994183846
123,112,11435,-309.96441308255874
123,113,11508,-111.75822555310259
123,114,11574,-113.61720998487618
123,115,11644,-202.7301188902938
123,116,11759,-123.06042330654945
123,117,11855,-149.094000485822
123,118,11962,-182.4264299856269
123,119,12086,-86.47837759884897
123,120,12185,-85.4637969347841
123,121,12297,-408.7242092491649
123,122,12397,-386.68221392999783
123,123,12475,-61.445933697450485
123,124,12549,-110.48654770144731
123,125,12686,-83.41287915985554
123,126,12758,-70.35319787267612
123,127,12852,-125.8808970128226
123,128,12967,-258.45217922326196
123,129,13027,-62.90848033218544
123,130,13123,-349.8261480074023
123,131,13250,-113.0441094633161
123,132,13327,-88.9056503346846
123,133,13410,-63.85177411179483
123,134,13525,-210.68412004532485
123,135,13616,-85.52429127944734
123,136,13695,-30.233577941818595
123,137,13836,-201.85350033388096
123,138,13924,-58.25680130689672
123,139,14047,-205.80970510768768
123,140,14162,-119.98587635346792
123,141,14274,-161.15648066362877
123,142,14350,-196.79107804524023
123,143,14429,-156.4078653042689
123,144,14514,-80.20755973296313
123,145,14622,-187.66347841819663
123,146,14688,-117.45378618860798
123,147,14823,-262.0915029684988
123,148,14891,-68.91325342820576
123,149,14962,-105.56218412078944
123,150,15056,-91.63391764877682
123,151,15172,-119.42320943114227
123,152,15299,19.053167215407484
123,153,15405,-183.57745001012145
123,154,15512,-135.2297364050697
123,155,15601,-147.79824065203456
123,156,15694,-136.95413275350847
123,157,15771,-114.93427021092143
123,158,15852,-85.33438438696102
123,159,15944,-112.3615136948686
123,160,16045,-230.74297418917914
123,161,16115,-99.61329672418576
123,162,16253,-103.3804752480444
123,163,16362,-301.71599667378973
123,164,16436,-82.96346106451678
123,165,16554,-109.6612402672859
123,166,16643,-61.17565822959888
123,167,16753,-294.13442720428475
123,168,16866,-146.54933528452
123,169,16943,-110.24363550977695
123,170,17073,-71.13939715096733
123,171,17169,-113.65807395366836
123,172,17259,-105.66346230057447
123,173,17390,-101.77734655155632
123,174,17465,-95.81690404256977
123,175,17523,-128.48616500082852
123,176,17608,-123.95269488204906
123,177,17696,-78.7986366303328
123,178,17800,-128.62082746746933
123,179,17896,-196.6175878560394
123,180,17967,-66.18462019874991
123,181,18063,-131.95212268621728
123,182,18129,-118.69277996522635
123,183,18192,-119.00420862812666
123,184,18269,-104.41308446370886
123,185,18347,-36.29844352700685
123,186,18434,-179.98606342241305
123,187,18534,-271.94428282430454
123,188,18621,-78.51804540263959
123,189,18690,-67.21390713796222
123,190,18774,-116.68380767068366
123,191,18900,-125.1804501870788
123,192,19028,-213.9492973229551
123,193,19103,-79.66001279963429
123,194,19220,-102.53212454671777
123,195,19325,-62.51515525164113
123,196,19434,-66.78100259179227
123,197,19506,-81.21555635244735
123,198,19579,-104.23744378018142
123,199,20579,75.57654195962101
123,200,20668,-74.11020180422305
123,201,20755,-149.00198276244976
123,202,20882,-66.10857243195652
123,203,20946,-118.62217686100924
123,204,21059,-105.44760040638499
123,205,21170,-119.16291516707909
123,206,21252,-89.70790390540279
123,207,21394,-247.54472058688063
123,208,21502,-84.46182278887406
123,209,21571,-105.07052547047122
123,210,21681,-93.57923741557964
123,211,21775,-123.47595919381708
123,212,21893,-104.67659377243042
123,213,21982,-88.54673085600662
123,214,22091,-160.82220804484152
123,215,22165,-395.41134715892775
123,216,22242,-89.44756865909073
123,217,22373,-171.16076246635728
123,218,22457,-102.90567257870433
123,219,22578,-35.02720521089161
123,220,22726,-86.19030962262705
123,221,22794,-88.84207158558701
123,222,22877,-113.41187523121468
123,223,22962,-58.55457224727395
123,224,23035,-26.654917647642748
123,225,23139,-99.63340084829038
123,226,23261,-78.10161333714291
123,227,23370,-178.96566934887838
123,228,23441,-103.05984928805658
123,229,23512,-156.54268654836696
123,230,23643,-160.3266396823576
123,231,23706,-90.43091958224889
123,232,23798,-124.98367399353448
123,233,23871,-92.44387591433036
123,234,23943,-90.92444561962188
123,235,24062,-179.40432084997792
123,236,24151,-117.34817878299359
123,237,24214,-32.97897409895516
123,238,24318,-90.31540222124109
123,239,24409,-141.26274207863082
123,240,24479,-74.07205262804507
123,241,24572,-78.21055983767246
123,242,24682,-363.8060368730813
123,243,24772,-96.85256112873313
123,244,24870,-96.68857875733008
123,245,24955,-115.08173895041114
123,246,25048,-122.7765162397395
123,247,25117,-83.83818789723483
123,248,25176,-158.24138080603058
123,249,25267,-97.19272305287933
123,250,25359,-130.49552137080167
123,251,25434,-64.1036151106701
123,252,25507,-71.44550965107041
123,253,25610,-121.1177136215619
123,254,25754,-125.43486999089332
123,255,25892,-100.51068971940587
123,256,25954,-149.94066911821636
123,257,26038,-126.17234788149719
123,258,26118,-77.31263466970316
123,259,26187,-122.24275718076714
123,260,26288,-119.54295743466648
123,261,26376,-132.61621342817122
123,262,26454,-76.0357784328718
123,263,26564,-83.28727929926058
123,264,26687,-205.91135234754307
123,265,26798,-449.0175683822756
123,266,26869,-60.49086405745742
123,267,26959,-144.64428363432708
123,268,27051,-108.33537054750936
123,269,27179,-96.93165192463093
123,270,27262,-122.63556108877134
123,271,27344,-109.25354422488907
123,272,27402,-71.31155825304546
123,273,27516,-76.5372528495966
123,274,27620,-102.79119917729275
123,275,27723,-74.86474953466897
123,276,27798,-126.9575359391165
123,277,27886,-105.28745546381148
123,278,27940,-82.06208711933544
123,279,28096,-210.00466763132488
123,280,28217,-76.0939135024816
123,281,28339,-127.50054892246841
123,282,28442,-111.99793469053033
123,283,28518,-96.13167933170823
123,284,28597,-114.90487656026765
123,285,28698,-102.82258942243412
123,286,28769,-110.69434118043937
123,287,28866,-88.17254966319403
123,288,28921,-144.86277372661766
123,289,29021,-116.91490589390773
123,290,29136,-78.06995471143878
123,291,29249,-95.19250170161993
123,292,29346,-227.09113269247882
123,293,29414,-51.80910299321967
123,294,29538,-143.97583940394924
123,295,29667,-94.20711309797758
123,296,29784,-32.761183561715725
123,297,29868,-88.07362416398543
123,298,29983,-161.09824726774863
123,299,30086,-264.1171813780214
123,300,30156,-90.75306412549864
123,301,30230,-87.92424877196356
123,302,30352,-99.97614529051243
123,303,30436,-220.58135874507167
123,304,30532,-201.50984358252322
123,305,30604,-109.5082807844479
123,306,30700,-100.34062951007601
123,307,30783,-101.11929737361245
123,308,30893,-92.2634791961176
123,309,31012,-88.67488224056352
123,310,31097,-185.37345621536508
123,311,31179,-105.68739880815428
123,312,31283,-93.16919019077751
123,313,31366,-56.00625348108064
123,314,31463,-118.07437029848401
123,315,31584,-75.59995010108398
123,316,31712,-156.2483747167155
123,317,31799,-88.46935738723116
123,318,31884,-140.93482903981356
123,319,32004,-110.46204440740067
123,320,32109,-124.2778350436998
123,321,32212,-97.1763160880443
123,322,32318,-285.90595267267645
123,323,32415,-51.11894089751061
123,324,32493,-84.12366801038115
123,325,32617,-77.29960361673474
123,326,32712,-129.71875264092648
123,327,32795,-66.46287799980166
123,328,32892,-84.24240116895245
123,329,32960,-41.85210054076569
123,330,33077,-141.10180872067167
123,331,33178,-104.63111568174735
123,332,33294,-310.8096733619346
123,333,33388,-134.82040174393086
123,334,33467,-107.7375165592002
123,335,33550,-45.50608656630355
123,336,33653,-185.43841613857063
123,337,33720,-81.48254664144119
123,338,33812,-95.747154032736
123,339,33871,-135.89330832873247
123,340,33967,-110.70802019603028
123,341,34102,5.226017424233362
123,342,34176,-65.92170826233928
123,343,34264,-93.92521382104132
123,344,34361,-100.37176566009843
123,345,34443,-121.3767235909553
123,346,34567,-107.35029577347056
123,347,34664,-127.05394940300324
123,348,34749,-98.77176726411875
123,349,34874,-98.24553869591492
123,350,34944,-96.01420674378322
123,351,35016,-93.32249123197623
123,352,35103,-114.90502177785712
123,353,35210,-108.54018407648867
123,354,35299,-46.562849909679485
123,355,35415,-135.14987824766342
123,356,35498,-68.87361534436867
123,357,35611,-81.81307312942876
123,358,35707,-108.52248740044752
123,359,35800,-244.40811165943532
123,360,35908,-122.76723197526086
123,361,35975,-52.91132559415942
123,362,36064,-90.34838849802266
123,363,36129,-117.60325749998378
123,364,36249,-121.08942071059136
123,365,36333,-58.072169385489204
123,366,36451,-87.05788494724374
123,367,36562,-50.520443876182014
123,368,36631,-104.15642231485144
123,369,36758,-72.46258971421594
123,370,36839,-98.24183864550854
123,371,36982,-31.744292437461652
123,372,37065,-84.1092463010169
123,373,37138,-95.26885848863868
123,374,37194,-152.49916524116907
123,375,37316,-86.34952108616311
123,376,37404,19.277102332163466
123,377,37499,-54.36520337232836
123,378,37602,-74.65073730588611
123,379,37695,-86.15049649251908
123,380,37770,-60.937684903485746
123,381,37825,-221.946599063559
123,382,37926,-95.76787908671213
123,383,38000,-78.90760024419764
123,384,38078,-101.405323475828
123,385,38216,-22.225888213061182
123,386,38290,-72.12529719945712
123,387,38386,-69.55294385962013
123,388,38514,-216.7384858128696
123,389,38580,-83.00526464535436
123,390,38705,-100.25330571140543
123,391,38816,-129.18370623327982
123,392,38904,-127.9833007686178
123,393,39029,-165.14682069567647
123,394,39093,-95.70952513991199
123,395,39172,-99.51834863077723
123,396,39260,-74.5437470617012
123,397,39371,-70.10811240641313
123,398,39456,-41.62654410351158
123,399,39544,-88.0142684541863
123,400,39693,-97.98723882364341
123,401,39822,-239.0557151586022
123,402,39886,-98.41323319105604
123,403,39969,-97.11476740816127
123,404,40074,-202.46546847302247
123,405,40169,-113.33035728299666
123,406,40249,-97.3180211157809
123,407,40321,-123.19467773942175
123,408,40451,-68.85337401510874
123,409,40572,-197.58090540162934
123,410,40654,-36.70039395736398
123,411,40759,-122.53230664154992
123,412,40856,-80.7487307051243
123,413,40929,-95.15914182540429
123,414,41052,-30.307540118493662
123,415,41165,-131.82266360524224
123,416,41257,-75.15350937761184
123,417,41335,-36.31912831763405
123,418,41466,-23.238569266346573
123,419,41561,-107.3641766300501
123,420,41659,-106.6996741881097
123,421,41720,-81.69711798466618
123,422,41829,-71.26643774716699
123,423,41890,-52.82619464627163
123,424,41961,-86.22939681985581
123,425,42056,-94.2901122562358
123,426,42120,-63.49057716379075
123,427,42273,-71.01511929217283
123,428,42333,-157.26302416311233
123,429,42402,-62.697234444949366
123,430,42488,-53.54912249036384
123,431,42551,-84.41875072001281
123,432,42635,-44.40845184277522
123,433,42762,-138.76549378050765
123,434,42925,1.7578895281166922
123,435,43078,-109.63520508145355
123,436,43170,-92.17009722938455
123,437,43293,-31.5343965720038
123,438,43409,-32.45281047412891
123,439,43491,-95.58274886246593
123,440,43561,-70.09151484961653
123,441,43638,-81.14797758908668
123,442,43715,-106.80279750402747
123,443,43786,-75.63208202191758
123,444,43899,-113.17511228713228
123,445,44017,-33.77571278716397
123,446,44116,-99.58634807348862
123,447,44182,-68.64510414819195
123,448,44255,-107.77279523867823
123,449,44323,-52.90713421823854
123,450,44425,-59.75897909440365
123,451,44527,-29.817081040563963
123,452,44639,-132.0657068347549
123,453,44755,-61.00799467308655
123,454,44820,-136.90020000126492
123,455,44907,-64.93876516928768
123,456,44972,-54.58088286530233
123,457,45116,-49.872001506169426
123,458,45195,-64.48308164987122
123,459,45290,-112.23772453875912
123,460,45401,-105.43394187901973
123,461,45503,-96.13178959211835
123,462,45605,-77.64371501915545
123,463,45690,-78.2682312832786
123,464,45782,-81.39064809469457
123,465,45863,-83.83016678630503
123,466,45965,-121.26862975690827
123,467,46084,-96.05139178184818
123,468,46186,-106.35865855866793
123,469,46274,-143.69216602185566
123,470,46360,-88.69218416873579
123,471,46495,-181.4179895978694
123,472,46569,-76.83105393950677
123,473,46683,-143.33748698630018
123,474,46769,-202.17052558156158
123,475,46869,-162.91722872049223
123,476,46954,-12.246973939433218
123,477,47024,-41.792701790191856
123,478,47088,-78.91896817849492
123,479,47206,-159.85054991632154
123,480,47292,-90.07947831360944
123,481,47404,-99.78051718280153
123,482,47512,-76.1413058809623
123,483,47639,-128.8333372623454
123,484,47734,-86.69758322739935
123,485,47815,-29.726185697398193
123,486,47924,31.317978654812265
123,487,48005,-71.98370391257747
123,488,48112,-108.5328268433966
123,489,48193,-84.96664010721885
123,490,48252,-99.69527099514806
123,491,48326,-37.15175905734111
123,492,48445,-50.67370790882412
123,493,48522,-106.30701277914432
123,494,48589,-88.10742559174919
123,495,48665,-46.185306001156555
123,496,48736,-79.19678851031907
123,497,48798,-41.89627402176191
123,498,48915,-201.97127326722955
123,499,49026,-81.4013195379758
123,500,49142,-85.02867952938242
123,501,49221,-29.044537079806176
123,502,49281,-47.38104518559254
123,503,49382,-68.32435881978876
123,504,49497,-124.67891884076965
123,505,49613,-60.79689038165193
123,506,49692,-84.35312763806998
123,507,49812,-70.35994178342236
123,508,49886,-55.1881539387821
123,509,49971,-79.43061292576175
123,510,50070,-188.29549359375892
123,511,50195,-178.49217074559823
123,512,50282,-80.56680439123342
123,513,50357,-125.75817958103683
123,514,50470,-187.31387176331123
123,515,50544,-105.6809160093838
123,516,50632,-39.3154010307261
123,517,50718,-81.14853654945658
123,518,50778,-89.42033476589378
123,519,50875,-88.07307328236645
123,520,51001,-20.663977178454573
123,521,51076,-101.12010513725954
123,522,51181,-85.397561415991
123,523,51295,-83.90297034510866
123,524,51391,-58.65153912545885
123,525,51491,-76.42906841542363
123,526,51558,-75.56911551078315
123,527,51671,-83.81014371319291
123,528,51765,-87.43431201246605
123,529,51866,-71.85755124986045
123,530,51975,-66.80241323204051
123,531,52041,-82.69038319537893
123,532,52115,-87.97217275821494
123,533,52182,-102.92284109134634
123,534,52287,-65.33518132778346
123,535,52365,-43.785917595132744
123,536,52429,-50.198002607216324
123,537,52535,-138.86290133742511
123,538,52617,-49.35565233987897
123,539,52728,-107.79742756859926
123,540,52814,-67.55680158488181
123,541,52907,-99.29716312305234
123,542,52982,-13.463911550586445
123,543,53092,-10.618375867442893
123,544,53193,-87.04544108991206
123,545,53260,-24.15401660434688
123,546,53332,-85.45042862826516
123,547,53464,-54.0967458210049
123,548,53543,-87.25819020384203
123,549,53651,-23.24533190361697
123,550,53775,-132.14759278582136
123,551,53876,-71.11488576852054
123,552,53990,-71.1109311745045
123,553,54070,-102.2627684702201
123,554,54174,-53.16949203530327
123,555,54253,-82.78241713070918
123,556,54330,-44.81341580872483
123,557,54468,-38.36847750159016
123,558,54582,-233.30898516446308
123,559,54696,-79.94493726942895
123,560,54767,-25.09195768678933
123,561,54858,-115.33230507585998
123,562,54957,-209.46893759027859
123,563,55074,-55.391464615693565
123,564,55154,-95.1180845774075
123,565,55240,-89.66198945888505
123,566,55314,-60.24450733187664
123,567,55405,-140.1100917644175
123,568,55528,-112.93894067760115
123,569,55617,-100.28871320762622
123,570,55701,-113.78358760832353
123,571,55796,-56.53416287027626
123,572,55867,-56.46007955560242
123,573,55976,-65.89087143294219
123,574,56042,-34.94610718564755
123,575,56119,-70.38538561851695
123,576,56221,-56.66014258671666
123,577,56304,-97.34288162938508
123,578,56377,-137.0626284954664
123,579,56468,-86.2946707894334
123,580,56531,-58.68442160857137
123,581,56593,-59.12779504716652
123,582,56682,-74.77025235649006
123,583,56808,-57.266880703530596
123,584,56947,-12.915140699976078
123,585,57064,-21.98908705752214
123,586,57131,-71.8000646389985
123,587,57216,-114.13798925618582
123,588,57314,-60.502561921994236
123,589,57417,-97.69066175666153
123,590,57493,-91.55306095789679
123,591,57599,-55.4079984642953
123,592,57677,-119.18536495787961
123,593,57757,-93.80594533589954
123,594,57869,-67.96825654222687
123,595,57981,-95.62067929842455
123,596,58041,-137.98340313854945
123,597,58135,-71.45608430397458
123,598,58215,-28.425494698381527
123,599,58306,-69.23034272998038
123,600,58377,-26.143949010463317
123,601,58449,-22.828709334060562
123,602,58524,-44.853973688738144
123,603,58599,-51.19117874750003
123,604,58701,-107.89472627342323
123,605,58791,-56.763293451010796
123,606,58922,-68.14010781777337
123,607,59002,-39.10241500613367
123,608,59113,-69.47303739435674
123,609,59183,-51.08614934406617
123,610,59242,-59.133430114920245
123,611,59342,-74.85079571891615
123,612,59431,-68.1775477704972
123,613,59548,-67.06928391633431
123,614,59655,-85.28284322186116
123,615,59745,-85.93238464712756
123,616,59832,-86.01193718694572
123,617,59971,-27.193402190327916
123,618,60054,-37.645934761256115
123,619,60166,-88.47936100655116
123,620,60289,-126.87506128729746
123,621,60386,-61.94632715055111
123,622,60476,-25.56064428497173
123,623,60596,-76.75477041568391
123,624,60660,-69.92298019858849
123,625,60728,-38.225688803584845
123,626,60802,-21.996113283855138
123,627,60879,-77.53904389985264
123,628,60980,-91.77690326794226
123,629,61061,-63.90005262770751
123,630,61133,-32.77907030852309
123,631,61189,-79.64798312213591
123,632,61299,-82.79937949703618
123,633,61404,-73.44412251529829
123,634,61504,-108.61453959544454
123,635,61595,-65.21867378296714
123,636,61665,-53.0081024330277
123,637,61745,-47.64746562395332
123,638,61827,-105.60832823062592
123,639,61932,-94.39526829133715
123,640,62034,-70.90844513154802
123,641,62110,-77.16668586539117
123,642,62176,-68.15017530778246
123,643,62264,-52.7626219015722
123,644,62342,-69.3270596330032
123,645,62429,-39.50647850116789
123,646,62508,-37.36682979983328
123,647,62630,-97.6345155271971
123,648,62764,-37.313332716836264
123,649,62842,-57.054399773826106
123,650,62953,-150.44580494735717
123,651,63045,-98.01143094682705
123,652,63143,-74.53773281840019
123,653,63246,-128.14528044504308
123,654,63344,-25.616232194305738
123,655,63431,-152.31000566790425
123,656,63531,-81.50808530655557
123,657,63648,-105.65150281402562
123,658,63734,-51.72616737052719
123,659,63834,-67.632117076121
123,660,63955,-116.5312131353061
123,661,64086,-74.06724275230663
123,662,64203,-9.880096653833661
123,663,64293,-32.63725223000944
123,664,64384,-38.68642082383816
123,665,64473,-85.4553632005373
123,666,64595,-72.97620309365709
123,667,64681,-140.3621620543474
123,668,64747,-75.12565489623174
123,669,64829,-35.63944568544646
123,670,64951,-131.98007971073588
123,671,65040,-79.34253696711326
123,672,65152,-51.87709369988093
123,673,65222,-8.078477894405196
123,674,65303,-83.48532789307198
123,675,65373,-38.691400471976195
123,676,65478,-50.51743774738037
123,677,65582,-139.81912065260562
123,678,65682,-116.1407601448738
123,679,65749,-74.97114585934744
123,680,65821,-71.93691811549093
123,681,65931,-103.24852747902771
123,682,66008,-27.522700896428987
123,683,66107,-63.70905858509015
123,684,66181,-62.60411012718174
123,685,66261,-96.84198336332118
123,686,66345,-84.81574837937683
123,687,66466,-60.745576619998104
123,688,66573,-126.98691830407887
123,689,66681,-83.24374316571681
123,690,66787,-67.90188835554011
123,691,67018,-52.90361118148759
123,692,67092,-28.29642552312312
123,693,67199,-67.0061603433399
123,694,67304,-50.35333942102558
123,695,67390,-32.759601965344785
123,696,67470,-47.242027265379555
123,697,67582,-103.80564267658907
123,698,67649,-12.488405379911157
123,699,67737,-84.24975183023784
123,700,67862,-122.4251363104512
123,701,67977,-23.920687050347937
123,702,68102,-136.3316258317896
123,703,68200,-64.87266626813678
123,704,68269,-81.76028477164087
123,705,68356,-51.68430322357864
123,706,68444,-53.51625941405007
123,707,68523,-56.74202252813501
123,708,68586,-48.68555235859449
123,709,68657,-47.929266950821614
123,710,68771,-103.54591469262085
123,711,68897,-46.40615074801925
123,712,68997,-91.59707119204515
123,713,69096,-43.154370177314455
123,714,69203,-69.508255055206
123,715,69296,-71.1368467399521
123,716,69413,-61.933478725396
123,717,69513,-58.17417399319169
123,718,69596,-66.55967268293617
123,719,69697,-64.60086643054763
123,720,69774,-46.667784351706175
123,721,69905,-106.49715191540432
123,722,69995,-33.94280306725213
123,723,70101,-22.723262069769078
123,724,70204,-23.393418485200684
123,725,70308,-91.14645044605159
123,726,70424,-157.90689249812897
123,727,70500,-86.2932941264413
123,728,70676,-85.48479955719841
123,729,70781,-81.55121252525207
123,730,70914,-26.420317230490767
123,731,70992,-95.66289341814439
123,732,71072,-36.54866996430616
123,733,71172,-130.31911325104437
123,734,71240,-23.272856478280104
123,735,71361,-84.92679052902517
123,736,71447,-30.96671181360945
123,737,71514,-76.00513055232766
123,738,71632,-276.2935457585519
123,739,71725,-59.18539709358476
123,740,71808,-57.207534204422885
123,741,71879,-42.93998846649933
123,742,71989,-23.52755437465703
123,743,72063,-47.36633873729025
123,744,72144,-36.49537388263852
123,745,72251,-74.95560101518903
123,746,72330,-60.94032724397664
123,747,72409,-30.131433386701048
123,748,72479,-60.518742490875624
123,749,72564,-92.90300788071691
123,750,72638,-87.63164248608491
123,751,72739,-51.12775464104826
123,752,72827,-29.267249863183054
123,753,72926,-64.94976364789972
123,754,73038,-92.00790802636334
123,755,73112,-84.30486407666915
123,756,73210,-62.78024889540079
123,757,73283,-60.21486308906923
123,758,73363,-35.47741504752845
123,759,73477,-53.13047346290549
123,760,73602,-29.34455206819686
123,761,73676,-46.42931568938806
123,762,73792,-89.65055363198609
123,763,73910,-43.99368817972863
123,764,74013,-75.79923130255136
123,765,74100,-41.731305896940015
123,766,74220,-25.085919637705388
123,767,74319,-132.03514471129816
123,768,74395,-49.7688430526966
123,769,74473,2.8343406812402065
123,770,74570,-74.67689037980881
123,771,74673,-53.86310516890188
123,772,74770,-2.937422088668626
123,773,74879,-57.38425825008523
123,774,74979,-49.42998235925015
123,775,75058,-83.38143992369693
123,776,75130,-68.16528087320643
123,777,75212,-81.90772088732706
123,778,75330,-165.5975256308795
123,779,75430,-35.60108261255701
123,780,75495,-47.73295741461229
123,781,75592,-73.09630356577782
123,782,75721,-230.57139684263163
123,783,75828,-27.895761797776586
123,784,75936,-44.46685771928392
123,785,76023,19.189958213988845
123,786,76111,-24.165354279132515
123,787,76213,-32.8349331187255
123,788,76294,-46.322456932474964
123,789,76380,-59.0506297406016
123,790,76467,-85.3752466576115
123,791,76570,-76.35932584064966
123,792,76646,-58.18617933353431
123,793,76709,-96.44373935893022
123,794,76789,-78.33053390861932
123,795,76861,-25.15411170773004
123,796,76932,-60.47972763102688
123,797,77024,-53.04507491119047
123,798,77120,-49.286128426141985
123,799,77231,-62.10815874306474
123,800,77345,-72.28664841646635
123,801,77419,-10.027020722328956
123,802,77542,-28.585322992473763
123,803,77609,-49.82201120584473
123,804,77700,-43.60987754391617
123,805,77769,-31.666608714347177
123,806,77851,-69.78805102215728
123,807,77964,-30.773499593472437
123,808,78046,-37.02178817740628
123,809,78128,-23.239467950517152
123,810,78201,-82.10310466384982
123,811,78267,-54.57714728830985
123,812,78339,-14.023525091919453
123,813,78421,-137.2304894939119
123,814,78502,-25.142640910448037
123,815,78614,-105.5234245183971
123,816,78692,-100.32154022489473
123,817,78782,-66.94490899643796
123,818,78856,-41.82811938667647
123,819,78946,-44.68122991825524
123,820,79056,-133.36063951679975
123,821,79122,-122.01969304627727
123,822,79218,-56.317569252193934
123,823,79300,-32.03711967232313
123,824,79404,-78.73587249795958
123,825,79476,-17.386609547695997
123,826,79581,-9.58175363205666
123,827,79695,-66.06062107777652
123,828,79799,-41.613469447083084
123,829,79877,-81.22017116597105
123,830,79957,-15.328521669859256
123,831,80028,-48.25248335448099
123,832,80127,-64.88718235445366
123,833,80237,11.095371897946706
123,834,80338,-75.94917014327416
123,835,80451,-62.11087174174715
123,836,80589,-0.22723739258202613
123,837,80679,-23.83403289074549
123,838,80743,-49.15742648615138
123,839,80876,-31.62625709607157
123,840,80955,-73.45288595886682
123,841,81040,-77.75019401640881
123,842,81142,-59.70206296271628
123,843,81218,-47.9340452783843
123,844,81290,-72.15057813873152
123,845,81356,-27.327848788062894
123,846,81474,-2.804624521201191
123,847,81572,-49.94185522495131
123,848,81707,-35.10063149395506
123,849,81803,-100.93051386115258
123,850,81899,-65.91449797321383
123,851,81974,-36.21203559616903
123,852,82088,-56.144736670688
123,853,82168,-102.51926159215922
123,854,82277,-102.11036647527214
123,855,82352,-10.94388696134888
123,856,82439,-61.631309864118066
123,857,82557,-83.63518834536922
123,858,82633,-66.11205624813942
123,859,82713,-78.77160008801657
123,860,82787,-91.83528128849609
123,861,82899,-24.334296939769786
123,862,82977,-33.81481533971268
123,863,83059,-24.61509510606757
123,864,83152,-45.894371771647144
123,865,83269,-81.50155439682382
123,866,83372,-30.12016684258441
123,867,83475,-50.599442610994885
123,868,83587,-42.26164346475767
123,869,83661,-42.54152079805245
123,870,83727,-23.40058582291806
123,871,83806,-97.85105331819045
123,872,83879,-79.89349781862293
123,873,83989,-71.22918644341524
123,874,84071,-5.989412263697417
123,875,84175,-56.66746553031015
123,876,84271,-27.091309808865162
123,877,84360,-66.15535350173883
123,878,84475,-98.48558665330113
123,879,84555,-59.89357887466294
123,880,84687,-21.8216074817674
123,881,84813,-85.86817292123996
123,882,84906,-75.42728354859322
123,883,84994,-87.28452497557274
123,884,85097,-83.53993460897617
123,885,85194,-85.27670461253665
123,886,85298,-62.18823045958224
123,887,85385,-50.45452887504892
123,888,85525,-194.46053975864703
123,889,85627,-61.11626480913442
123,890,85711,-118.05800510963931
123,891,85804,-77.17419134823078
123,892,85893,-85.9348394795167
123,893,86005,-52.91853426242648
123,894,86121,-94.34599925680095
123,895,86219,-42.62548579056098
123,896,86335,-66.98205460476997
123,897,86414,-9.876691152051848
123,898,86555,-15.62170410828928
123,899,86677,1.1751188777815713
123,900,86787,-48.76862830931343
123,901,86864,-38.59733704807992
123,902,86949,-85.73562439155565
123,903,87066,-16.520451633722075
123,904,87139,-50.80833752974985
123,905,87247,-65.9918575529085
123,906,87330,-97.59907562316059
123,907,87441,-26.952246179710954
123,908,87511,-35.65176715917791
123,909,87638,-68.67947578966498
123,910,87728,-26.23035525468559
123,911,87804,-62.352480885427994
123,912,87935,-63.40058174502809
123,913,88026,-90.22197187543146
123,914,88134,-32.32797976956097
123,915,88265,-22.20848331071491
123,916,88360,-95.131342511701
123,917,88455,-67.23708817958828
123,918,88549,-35.522469722490584
123,919,88657,-47.14419902309499
123,920,88765,-2.689773440414939
123,921,88842,-45.260274351494374
123,922,88937,-74.14257756682011
123,923,89047,-69.98847353017173
123,924,89126,-20.147493946980603
123,925,89193,-61.32573439509626
123,926,89318,-51.418792378893954
123,927,89388,-112.62190103802067
123,928,89480,-65.67768117258919
123,929,89612,-27.705664452043152
123,930,89728,-17.671986027459013
123,931,89824,-48.052787390489485
123,932,89928,6.18892796394843
123,933,90048,18.4757833756685
123,934,90131,-22.483771099603317
123,935,90240,-44.42483566134152
123,936,90328,-83.23128008435563
123,937,90445,-93.00859871090682
123,938,90553,-43.57714712014296
123,939,90654,-65.44076375523935
123,940,90738,-28.047593605218964
123,941,90836,-52.16376149808414
123,942,90937,-62.712055534769036
123,943,91044,-50.42653986420698
123,944,91155,-95.07384718148107
123,945,91224,-39.63032515946
123,946,91320,-56.32780435853488
123,947,91404,-86.42981792728006
123,948,91511,-5.035533893093529
123,949,91584,-70.4389569213276
123,950,91677,-102.15551995847355
123,951,91748,-53.212965187415485
123,952,91840,-48.68858505805361
123,953,91931,-93.53850475314321
123,954,92057,-58.836175468459906
123,955,92140,-85.08038256097728
123,956,92221,-5.850552754977485
123,957,92303,-49.95479480606771
123,958,92379,-11.531073768424179
123,959,92457,-42.40966548301952
123,960,92534,-45.00123241602361
123,961,92619,-49.35428715487225
123,962,92686,-33.02168848594607
123,963,92780,-27.1192124650574
123,964,92870,-68.12084302258103
123,965,92996,-28.92656093586585
123,966,93093,-36.64488793229188
123,967,93186,-147.54113509605185
123,968,93274,-74.93730290493258
123,969,93359,-80.23901900330429
123,970,93428,-76.4917307397881
123,971,93515,-32.43128939833032
123,972,93610,-96.6641654606177
123,973,93728,-49.952507150028566
123,974,93823,-81.44847157522648
123,975,93896,-5.133959866779691
123,976,93970,-76.25374705941474
123,977,94080,-9.233318111201086
123,978,94146,-53.63148769568751
123,979,94214,-13.866761801094441
123,980,94299,-47.82601246280416
123,981,94408,-46.96522886151399
123,982,94512,-63.95535069517932
123,983,94584,-9.781559099314407
123,984,94672,-42.66742189776113
123,985,94770,-35.941555634613195
123,986,94866,-33.26818786874097
123,987,94950,-16.09262706195163
123,988,95055,-52.327120888538516
123,989,95128,-35.23656716743645
123,990,95194,-29.975046290130095
123,991,95283,-78.97912050191167
123,992,95366,-34.35633686946191
123,993,95477,8.150823765910872
123,994,95553,-37.415927157786705
123,995,95648,-56.884022057824986
123,996,95723,-33.06598107476357
123,997,95838,-42.72619648221996
123,998,95913,-25.70119862077108
123,999,95980,-57.5478718224571
123,1000,96058,-42.09635112985498
123,1001,96133,-76.2549305330045
123,1002,96213,22.021975074603617
123,1003,96318,-46.606582923846275
123,1004,96416,-49.437163334460834
123,1005,96514,-65.46527483933613
123,1006,96595,-51.2541451742421
123,1007,96701,-64.36590287553918
123,1008,96769,-50.82980341702009
123,1009,96844,-21.404524434313785
123,1010,96919,-53.03307243210699
123,1011,97013,-84.3593562019743
123,1012,97102,-70.61975736422983
123,1013,97201,-56.999578675414455
123,1014,97305,-53.654186417851896
123,1015,97377,-0.2245329628096755
123,1016,97449,-67.65007546115001
123,1017,97517,-55.930063042494105
123,1018,97665,0.680705217227981
123,1019,97755,-40.83616348833213
123,1020,97861,-32.59869088657963
123,1021,97979,-43.369400919294236
123,1022,98063,-16.856923385728194
123,1023,98147,-97.20212927141675
123,1024,98241,-59.59919989271796
123,1025,98306,-45.32423057739754
123,1026,98387,-26.798894291221444
123,1027,98492,-17.977932415579716
123,1028,98605,-36.97332996139809
123,1029,98704,-11.18213300653187
123,1030,98786,-64.15953805800675
123,1031,98904,-35.87278324268435
123,1032,99028,15.784258743201832
123,1033,99118,-70.95420713664754
123,1034,99229,-24.201986211831652
123,1035,99302,-33.91505749057674
123,1036,99400,-22.758083097873154
123,1037,99483,-30.491828848480623
123,1038,99570,-33.16186265961467
123,1039,99676,-29.37864884873167
123,1040,99744,-38.07910161256987
123,1041,99841,-41.21942090974294
123,1042,99939,-82.24260370331423
123,1043,100019,-1.7508048096566142
123,1044,100108,-97.50991646084601
123,1045,100178,-84.3344141332818
123,1046,100275,-24.577498510428683
123,1047,100345,-65.77817601062816
123,1048,100464,-63.23931601575039
123,1049,100567,-89.28244163643089
123,1050,100647,-21.264691654880863
123,1051,100753,-54.48779397375077
123,1052,100857,-126.59091095396771
123,1053,100955,-98.28955076052898
123,1054,101061,-50.694351699874446
123,1055,101182,-28.591069676978023
123,1056,101261,-81.28154716797523
123,1057,101388,-59.889244110826965
123,1058,101481,-1.2167054755188786
123,1059,101591,-44.30956758278484
123,1060,101664,-43.666353838799594
123,1061,101781,6.759507106230529
123,1062,101861,-30.18914752188033
123,1063,101960,-39.83154122835937
123,1064,102072,-30.01795001021398
123,1065,103072,47.71549712950138
123,1066,103155,-80.02484249466885
123,1067,103243,-67.78535361965494
123,1068,103346,-25.26003351586192
123,1069,103463,-33.38267119205719
123,1070,103542,-21.18982658902874
123,1071,103618,-19.59490261057701
123,1072,103688,-22.009960261618332
123,1073,103758,-42.724882341438956
123,1074,103861,-66.47575728067673
123,1075,103957,-103.74181014748531
123,1076,104074,-53.03047677714474
123,1077,104184,-50.78894554156085
123,1078,104276,-98.59803843649553
123,1079,104396,-45.72404467317179
123,1080,104486,-15.512239203119705
123,1081,104589,-41.57764901939197
123,1082,104657,-67.42308551191745
123,1083,104750,21.236869365536606
123,1084,104855,-89.60218063794925
123,1085,104965,-11.914209976208923
123,1086,105830,-301.81861865590656
123,1087,105953,-9.191394516021347
123,1088,106041,-56.09644892185145
123,1089,106157,-15.743564048281712
123,1090,106284,-60.95002119730931
123,1091,106353,-41.681409605993096
123,1092,106446,-40.539591968368164
123,1093,106561,-43.78931032061337
123,1094,106649,-29.388969522350934
123,1095,106719,-30.741184449681228
123,1096,106793,-57.2712210270668
123,1097,106862,-43.44950385287309
123,1098,106982,-77.40341022712013
123,1099,107060,-40.31727202936281
123,1100,107168,-64.00848529624437
123,1101,107256,-65.05694454134799
123,1102,107325,-65.75357741991226
123,1103,107417,-4.623460301503258
123,1104,107522,-43.773805800389844
123,1105,107631,21.6417748452526
123,1106,107749,-48.083395665342806
123,1107,107852,-60.339726395001456
123,1108,107940,-51.86854831368503
123,1109,108028,-61.0911616105767
123,1110,108135,-71.6099447532585
123,1111,108217,-64.45283011777836
123,1112,108314,-86.06233772250474
123,1113,108402,-26.701379596359956
123,1114,108478,-45.320691058057065
123,1115,108556,-19.32550013494307
123,1116,108637,-55.7289652385668
123,1117,108729,-74.04072312452391
123,1118,108822,-35.329573157183944
123,1119,108907,-74.50697680770602
123,1120,109063,6.502011394625313
123,1121,109161,-16.207794691121777
123,1122,109263,-52.10897105282615
123,1123,109356,-44.65680894714359
123,1124,109441,-77.48948989796895
123,1125,109546,-31.72272628401062
123,1126,109664,-25.752397614023153
123,1127,109762,-62.77866961858437
123,1128,109852,-32.61745547219131
123,1129,109955,-11.379828685661067
123,1130,110034,-31.5310494288328
123,1131,110151,-8.300035937034096
123,1132,110283,-30.015338768704893
123,1133,110452,-51.787013451518135
123,1134,110560,-37.34556259818531
123,1135,110671,-39.3454411500133
123,1136,110743,-53.38790912478209
123,1137,110848,-58.975460648352865
123,1138,110929,-53.264660638333076
123,1139,111019,5.7568090062174235
123,1140,111110,-76.54060417123223
123,1141,111184,-77.25322190853744
123,1142,111261,-119.56966750451403
123,1143,111349,-62.83821403465741
123,1144,111459,-1.4475209285894692
123,1145,111527,-62.17792988154934
123,1146,111625,-104.1681571875252
123,1147,111701,-8.120692670438075
123,1148,111798,-51.75398759645229
123,1149,111917,-19.715678918848695
123,1150,112043,-4.393529551092399
123,1151,112169,12.446002667356382
123,1152,112268,-26.638705229463
123,1153,112393,-86.74685610661642
123,1154,112506,-42.60185518932485
123,1155,112585,-41.87194189846866
123,1156,112681,-47.87268959631222
123,1157,112757,5.992610883086655
123,1158,112845,-43.50642477343547
123,1159,112953,-66.35092236606754
123,1160,113059,-40.559239228760546
123,1161,113186,24.34662679453001
123,1162,113286,-76.96619526016497
123,1163,113400,-25.50637505867448
123,1164,113492,-42.920472395680875
123,1165,113562,-24.747508470932488
123,1166,113654,-44.612997618497616
123,1167,113742,-20.2027763630539
123,1168,113833,-55.49343757535519
123,1169,113932,-55.64409367653421
123,1170,114045,-14.155667265184391
123,1171,114150,-61.28474261973301
123,1172,114241,-54.677823245396766
123,1173,114325,10.080432264475505
123,1174,114407,-41.61776339233211
123,1175,114503,-16.373563674297614
123,1176,114573,-17.658193260624486
123,1177,114645,-27.841500621887448
123,1178,114742,-30.06828342002305
123,1179,114829,-86.03042573536
123,1180,114944,-37.3834791810104
123,1181,115064,-62.81623751077696
123,1182,115171,-41.65768544437357
123,1183,116171,55.71558883736928
123,1184,116299,18.223488748905496
123,1185,116378,-29.011466255139922
123,1186,116462,-58.70071852511468
123,1187,116556,-18.771407516184112
123,1188,116684,-34.59155251463977
123,1189,116786,-24.46133664905591
123,1190,116970,-200.43087268341588
123,1191,117075,-43.77737923185621
123,1192,117160,-77.05567962729374
123,1193,117239,-37.8718747701061
123,1194,117323,-79.94566857715029
123,1195,117411,-54.7006992763757
123,1196,117515,-58.18749601856442
123,1197,117636,-50.53938080446244
123,1198,117756,-28.397276806608886
123,1199,117856,-13.527109333015702
123,1200,117926,-44.054131228228854
123,1201,118022,17.719047937714635
123,1202,118258,-274.2807902866076
123,1203,118362,-50.97105005628272
123,1204,118491,-51.04383930274699
123,1205,118561,-44.238214025309674
123,1206,118685,1.0463532787359213
123,1207,118787,-8.937671329289216
123,1208,118886,-47.40311268198261
123,1209,118972,-62.74751034385995
123,1210,119093,12.467675216759773
123,1211,119171,-6.158787158097809
123,1212,119251,-19.163813649151834
123,1213,119343,-39.67503756707487
123,1214,119438,-39.24407905171523
123,1215,119527,-50.40516220809725
123,1216,119623,-39.65991489917445
123,1217,119731,-10.851904972615372
123,1218,119812,-32.57065372012656
123,1219,119927,-37.69564011793368
123,1220,120015,-81.22400899022915
123,1221,120110,-12.404091571758201
123,1222,120206,-36.05296236404807
123,1223,120296,-11.140938790140282
123,1224,120424,-32.47470988146023
123,1225,120520,-15.865762308744834
123,1226,120604,21.297680282997476
123,1227,120713,-1.4439878990846893
123,1228,120820,-72.06564342217823
123,1229,120901,-5.303655728588609
123,1230,120987,-67.74426102478242
123,1231,121094,-5.2713403638858125
123,1232,121166,-11.717152431118421
123,1233,121247,-2.943919774337573
123,1234,121343,-42.767032926958876
123,1235,121452,8.26626426287946
123,1236,121565,-1.71798929991769
123,1237,121655,-5.737412072997813
123,1238,121753,-55.290200941681675
123,1239,121861,-47.411145640874906
123,1240,121951,-6.977017491724254
123,1241,122028,-9.867530648122752
123,1242,122133,-49.00428064877693
123,1243,122246,-6.871158793567901
123,1244,122334,-21.367323210838506
123,1245,122414,-51.881521339212895
123,1246,122500,8.663992377857227
123,1247,122581,-54.96506944226883
123,1248,122671,-68.37647688364626
123,1249,122780,-29.733913436936163
123,1250,122912,5.611492521831195
123,1251,123024,-78.83150013229105
123,1252,123098,-81.54337421524502
123,1253,123172,-33.78506281428359
123,1254,123298,16.946194272209212
123,1255,123422,-61.92395673362481
123,1256,123526,-33.147922936371586
123,1257,123623,-17.634341067372915
123,1258,123749,-10.566556208751848
123,1259,123847,-26.146596308296395
123,1260,123940,-17.160721519161186
123,1261,124023,-42.379203836341944
123,1262,124179,-8.4726773812055
123,1263,124334,-25.587308794960393
123,1264,124401,-32.58263425875158
123,1265,124488,22.058693406794433
123,1266,124568,-16.736989743604937
123,1267,124663,4.5038610877440135
123,1268,124751,-45.6602157551174
123,1269,124843,-71.276911642576
123,1270,124928,-17.163533106745263
123,1271,125035,-20.08750935157694
123,1272,125111,-26.973271351955518
123,1273,125189,23.264837626439885
123,1274,125282,-39.70083892615743
123,1275,125359,-14.392278554269453
123,1276,125427,-36.43107629124877
123,1277,125571,3.5915554806826577
123,1278,125692,4.426754340722084
123,1279,125817,-32.25477646888248
123,1280,125943,-1.2856028836324498
123,1281,126028,6.353157002802618
123,1282,126156,8.84306782162642
123,1283,126266,15.2031861675175
123,1284,126457,-166.27973874595978
123,1285,126548,-66.56532023155643
123,1286,126616,-35.8223552445606
123,1287,126744,7.3383241208433105
123,1288,126880,-37.77187924221681
123,1289,126975,-77.8477034527262
123,1290,127051,-69.84950236886931
123,1291,127157,-3.302155257338228
123,1292,127267,22.56930176811224
123,1293,127339,-9.680526567155425
123,1294,127414,-41.71503083929105
123,1295,127488,-8.336827577324812
123,1296,128488,-4.118643065082162
123,1297,128574,-25.128805649173344
123,1298,128704,-1.2721527174190186
123,1299,128830,-35.16364928218003
123,1300,128954,-34.738732566230766
123,1301,129042,14.883007948711963
123,1302,129162,-38.821656556149705
123,1303,129240,-0.7051736972091192
123,1304,129312,-12.688205152901148
123,1305,129405,-9.248568227969642
123,1306,129520,-1.0853308433143667
123,1307,129622,-87.95287694475121
123,1308,129703,27.965577598358635
123,1309,129814,7.341089550339959
123,1310,129908,-21.975345929634727
123,1311,130023,35.631627232025124
123,1312,130152,-112.05239688309983
123,1313,130264,9.83263590325565
123,1314,130367,20.815192726081207
123,1315,130439,-34.083113465631314
123,1316,130535,-24.154663254430957
123,1317,130628,15.978941102485692
123,1318,130755,-49.02030216731471
123,1319,130835,-56.91840025534866
123,1320,130932,-88.48736998589327
123,1321,131028,-55.046070831372205
123,1322,131169,-4.777216465809417
123,1323,131310,-39.80168502834961
123,1324,131394,33.9344682341854
123,1325,131480,-10.78108146853711
123,1326,131593,-37.06297527408557
123,1327,131679,16.1057616269468
123,1328,131769,-53.85310480923174
123,1329,131851,-54.639401229952185
123,1330,131971,-34.87349191029803
123,1331,132084,-20.131286954575927
123,1332,132160,-40.26526871693113
123,1333,132253,-21.84833780975849
123,1334,132358,-44.06543662355071
123,1335,132482,-32.11493243552994
123,1336,132578,-6.877691630216347
123,1337,132682,-69.38296101761098
123,1338,132747,-8.712177719424844
123,1339,132862,-30.386612451900902
123,1340,132977,-59.6953210847676
123,1341,133085,-14.912513553852051
123,1342,133190,-11.183328900801158
123,1343,133277,-88.25646253161113
123,1344,133364,8.437463374327493
123,1345,133471,-14.561262055534115
123,1346,133557,-49.040583107308706
123,1347,133701,-53.260881394228335
123,1348,134701,84.18036938794981
123,1349,134817,-76.07943765247794
123,1350,134937,27.517071731083078
123,1351,135055,-47.56948600249993
123,1352,135162,-27.99372757439285
123,1353,135241,-5.3106786625520215
123,1354,135362,-13.809302605153604
123,1355,135438,-4.497478364321552
123,1356,135716,-255.05810451044292
123,1357,135817,-8.955073082456849
123,1358,135889,-7.050558408500805
123,1359,135963,22.870765721630065
123,1360,136963,104.44873378717439
123,1361,137056,-30.725017624312073
123,1362,137155,-13.25517018858902
123,1363,137280,-26.64454948673182
123,1364,137389,-12.99322715407412
123,1365,137517,35.71967650091497
123,1366,138517,64.69515645226097
123,1367,138601,23.42617960297909
123,1368,138741,6.760952917445124
123,1369,138831,-39.153308082990705
123,1370,138938,11.966364976663144
123,1371,139046,-21.973829936777193
123,1372,139136,24.053590048180695
123,1373,139270,-30.947251719147303
123,1374,139380,-9.757356984664682
123,1375,139511,-3.729011649320327
123,1376,139601,-18.203467863629385
123,1377,139717,38.92575391216607
123,1378,139819,4.5402764417953705
123,1379,140819,39.704023161199665
123,1380,140897,-49.908036808278496
123,1381,140977,-18.575985286004325
123,1382,141128,-27.290635793111875
123,1383,141231,-19.772597355093083
123,1384,141306,-16.047942339889048
123,1385,141416,26.525074704547407
123,1386,141523,-29.55798984704488
123,1387,141672,47.572299210894386
123,1388,141767,14.017634360425305
123,1389,141939,60.68529553187727
123,1390,142058,6.319223806061984
123,1391,142192,50.223324722588586
123,1392,142279,14.370169294425835
123,1393,142373,55.691822876887045
123,1394,142499,30.29842616402763
123,1395,142596,-12.737895878186976
123,1396,142704,-33.23343450664339
123,1397,142789,23.374319587852696
123,1398,142896,15.803247656264105
123,1399,142991,19.40394770345152
123,1400,143134,28.1980895634768
123,1401,143235,34.493523246059
123,1402,143311,-0.9385260639002411
123,1403,143397,39.758565761542826
123,1404,143490,2.3619928426035415
123,1405,144024,203.55752228916316
123,1406,144113,16.917888276475125
123,1407,144216,22.312349606974863
123,1408,144316,12.207238863827328
123,1409,144437,12.956864593421926
123,1410,144558,-11.538083306246094
123,1411,144676,-10.71072532251712
123,1412,144819,1.1309599184774157
123,1413,144932,32.06356411416132
123,1414,145075,-4.1747936229661065
123,1415,145189,22.2873890866136
123,1416,145311,22.643382135114834
123,1417,146311,102.60815995550504
123,1418,146429,1.9827725567837717
123,1419,146514,4.630241098873498
123,1420,146629,12.848355880419177
123,1421,146777,-58.89250693229631
123,1422,146875,26.67862298495905
123,1423,147875,147.00041487605213
123,1424,148006,-9.830423365246602
123,1425,148085,5.975389892409041
123,1426,148876,-105.95805982378484
123,1427,148988,25.70111865139799
123,1428,149102,-35.53403804218959
123,1429,149194,-65.25600628725822
123,1430,149342,23.74043051088026
123,1431,149467,32.6234370832814
123,1432,149630,34.856642066045765
123,1433,149783,-15.067684051289632
123,1434,149875,8.679545149731439
123,1435,149966,-14.610589050524311
123,1436,150077,22.767902845053882
123,1437,150188,2.576165875206243
123,1438,150274,14.613752739057304
123,1439,150400,53.66671420671926
123,1440,150472,-56.13065559525475
123,1441,150572,-23.39783048513405
123,1442,150812,-279.8021263313091
123,1443,150919,20.104962902189598
123,1444,151040,-27.74845786236631
123,1445,151151,-22.868543876420873
123,1446,151381,229.05959430549242
123,1447,151474,49.83403165532954
123,1448,151554,15.554175932960817
123,1449,151672,8.748670251001272
123,1450,151784,-6.001924671979211
123,1451,151865,36.84910092186681
123,1452,151968,-8.866612529362428
123,1453,152165,-191.00210391771856
123,1454,152284,20.708577279461593
123,1455,152503,-343.99776450095806
123,1456,152876,-105.4923574898029
123,1457,153068,-39.020665557223865
123,1458,153234,-122.85649906257869
123,1459,153455,-3.7768535647209234
123,1460,153520,-321.1417318198104
123,1461,153650,-91.91945252862946
123,1462,154245,171.49567687177762
123,1463,154482,-24.613973712026763
123,1464,154682,-200.71143904056885
123,1465,155065,-463.35825331576694
123,1466,155327,-224.05611881862177
123,1467,155522,-121.75311859293498
123,1468,155601,-219.978332903748
123,1469,155705,-341.79391529798283
123,1470,155816,-150.2644666221217
123,1471,156422,217.80835682158903
123,1472,156538,-517.9492130611161
123,1473,156672,-541.3730859084047
123,1474,156741,-542.4727082350269
123,1475,156821,-406.75318724128147
123,1476,156885,-551.0525510577357
123,1477,156981,-449.56068694987147
123,1478,157083,-374.5192491844492
123,1479,157202,-313.5873341694646
123,1480,157408,-503.09360821523643
123,1481,157470,-403.27669234281626
123,1482,157589,-151.52782608079906
123,1483,157667,-435.746029329059
123,1484,157731,-527.2553571084261
123,1485,157786,-300.4868880094323
123,1486,157847,-468.2321767612129
123,1487,157928,-518.5720723134045
123,1488,157981,-360.49991919454703
123,1489,158036,-318.60299420292813
123,1490,158098,-366.8853585707801
123,1491,158155,-263.03268808436064
123,1492,158235,-725.1164592168943
123,1493,158285,-350.4542935896742
123,1494,158354,-520.8347305054319
123,1495,158426,-559.2597647483514
123,1496,158490,-480.57297343057496
123,1497,158567,-507.1493661333402
123,1498,158648,-555.1278888708673
123,1499,158732,-581.8064731594245
123,1500,158829,-719.5519901126765
123,1501,158899,-495.11001269600945
123,1502,158988,-695.9257576812271
123,1503,159051,-463.4222071822239
123,1504,159138,-744.322987597865
123,1505,159195,-367.29336169468553
123,1506,159254,-472.6280150510726
123,1507,159310,-369.38298750023813
123,1508,159369,-490.50495260629015
123,1509,159426,-307.7050526149553
123,1510,159485,-254.79895053717485
123,1511,159550,-427.6903868554775
123,1512,159636,-631.6545232672827
123,1513,159709,-556.8645255578936
123,1514,159778,-519.0203984083873
123,1515,159833,-398.7295866018602
123,1516,159896,-478.20836862372266
123,1517,159980,-729.3593466508161
123,1518,160045,-439.65370385195865
123,1519,160119,-442.37259679077084
123,1520,160181,-498.67731123759324
123,1521,160261,-535.4831809481775
123,1522,160353,-773.5752811685531
123,1523,160414,-370.0773825327493
123,1524,160471,-391.2168734904029
123,1525,160523,-339.46605182262914
123,1526,160608,-786.5092896962717
123,1527,160662,-333.36891131420055
123,1528,160721,-415.11581837572925
123,1529,160808,-751.5629651308024
123,1530,160905,-788.395305087183
123,1531,160956,-395.20076620062713
123,1532,161032,-577.1070727897992
123,1533,161097,-558.3303586232555
123,1534,161152,-350.9106985100877
123,1535,161233,-556.1594648411581
123,1536,161304,-550.9803038444279
123,1537,161357,-316.91451247972907
123,1538,161408,-315.8882544077843
123,1539,161475,-542.0464179485233
123,1540,161555,-531.9185932634523
123,1541,161618,-438.92978439539337
123,1542,161670,-399.005499872601
123,1543,161726,-483.6947566003364
123,1544,161789,-354.36627435651957
123,1545,161852,-494.7485568053956
123,1546,161921,-454.69005325068866
123,1547,162008,-792.3224931998984
123,1548,162071,-431.04835702524485
123,1549,162129,-436.021964905239
123,1550,162193,-374.51672979867544
123,1551,162281,-603.4878032224588
123,1552,162342,-411.63500770765455
123,1553,162426,-782.6020284201335
123,1554,162495,-607.5681239300959
123,1555,162552,-451.6319720563791
123,1556,162631,-639.5730603351828
123,1557,162707,-627.1384477071693
123,1558,162770,-490.02859764678436
123,1559,162848,-497.9021829371228
123,1560,162903,-362.37499909423286
123,1561,162963,-369.27615747581973
123,1562,163034,-502.13107580150256
123,1563,163091,-393.07310190896334
123,1564,163160,-527.9083489724554
123,1565,163225,-379.37590531366635
123,1566,163317,-596.0182746896011
123,1567,163375,-417.83773447279145
123,1568,163445,-559.1479902108013
123,1569,163534,-762.2049691225012
123,1570,163597,-513.7442250895758
123,1571,163669,-567.3820967168842
123,1572,163754,-549.5009243006235
123,1573,163821,-443.6538923213172
123,1574,163882,-355.02318772933927
123,1575,164000,-374.68327164863604
123,1576,164070,-588.675594770863
123,1577,164158,-772.5200439029365
123,1578,164236,-484.11526314601963
123,1579,164294,-441.7795747808313
123,1580,164351,-317.5734035331951
123,1581,164415,-419.182462557905
123,1582,164466,-324.4849632038298
123,1583,164532,-464.6232726513386
123,1584,164599,-425.8521347515872
123,1585,164653,-329.7782914142551
123,1586,164705,-371.03460860672004
123,1587,164783,-568.7882830526386
123,1588,164850,-539.9125120990693
123,1589,164934,-739.6970635072446
123,1590,164988,-353.49961976128395
123,1591,165040,-315.9595025775993
123,1592,165093,-312.3630859415098
123,1593,165153,-386.8580288816508
123,1594,165214,-235.5260812579727
123,1595,165299,-842.4226270219517
123,1596,165380,-723.9404194914872
123,1597,165436,-311.51387149139794
123,1598,165495,-484.82727665903417
123,1599,165577,-448.023914455356
123,1600,165632,-315.7764363583341
123,1601,165704,-507.7061385564864
123,1602,165788,-694.7128808503336
123,1603,165856,-476.5093757855815
123,1604,165944,-616.3554540919373
123,1605,166017,-640.9154921171968
123,1606,166075,-375.28164435585273
123,1607,166150,-544.1722036210244
123,1608,166204,-387.89167723657295
123,1609,166285,-776.0423753530505
123,1610,166408,-1150.8838292779144
123,1611,166495,-804.0044389049876
123,1612,166548,-353.08444037976767
123,1613,166617,-473.87937936490886
123,1614,166677,-507.7173942022096
123,1615,166760,-770.1523633211431
123,1616,166850,-501.24030901372
123,1617,166909,-469.282341206995
123,1618,167015,-515.5102149961305
123,1619,167082,-418.3552975372413
123,1620,167135,-354.3841422706603
123,1621,167191,-423.58415824319746
123,1622,167248,-349.32634987533083
123,1623,167318,-525.9857487414897
123,1624,167402,-499.9609801305455
123,1625,167479,-548.9908543099566
123,1626,167561,-568.1306144444469
123,1627,167632,-468.5828727282738
123,1628,167693,-489.8044926309029
123,1629,167762,-531.0406537308074
123,1630,167844,-493.6431489475199
123,1631,167909,-430.02908624412305
123,1632,167978,-583.3555002090382
123,1633,168040,-547.4356704152879
123,1634,168101,-499.2709083270901
123,1635,168153,-306.2361420627918
123,1636,168214,-399.534900401251
123,1637,168302,-669.8289373143842
123,1638,168390,-751.1736487189379
123,1639,168464,-476.7174792771155
123,1640,168530,-457.24888766680124
123,1641,168595,-570.7887685532733
123,1642,168649,-382.8522230088377
123,1643,168732,-730.4494968539454
123,1644,168790,-422.5265567195758
123,1645,168854,-469.4664671808633
123,1646,168903,-393.89991323556313
123,1647,168955,-362.6658350160531
123,1648,169038,-473.5055485303727
123,1649,169116,-558.906462255462
123,1650,169170,-302.0604218283461
123,1651,169256,-846.1548996034044
123,1652,169339,-704.4308915633701
123,1653,169410,-557.896811035677
123,1654,169480,-574.5309891751247
123,1655,169546,-555.7421059097485
123,1656,169600,-238.12708818250522
123,1657,169664,-499.94956416688865
123,1658,169752,-768.6708495049693
123,1659,169830,-646.5618011827523
123,1660,169894,-505.643133598585
123,1661,169959,-511.0095294877393
123,1662,170027,-497.7799404568075
123,1663,170110,-645.2416132165796
123,1664,170170,-482.50676925713356
123,1665,170234,-492.6487693667333
123,1666,170295,-492.77482801768645
123,1667,170351,-374.04648078099535
123,1668,170402,-334.149380661867
123,1669,170471,-432.7966854500096
123,1670,170553,-785.0988711893659
123,1671,170633,-797.922200372625
123,1672,170709,-606.5948192844585
123,1673,170782,-496.13347240530965
123,1674,170853,-514.0429038005971
123,1675,170926,-546.0681811710449
123,1676,170998,-509.53727857716893
123,1677,171069,-507.0482814870229
123,1678,171134,-533.5381090497731
123,1679,171192,-348.78523850456895
123,1680,171245,-353.4483630356887
123,1681,171306,-432.9285645059429
123,1682,171382,-662.8965135150302
123,1683,171453,-570.3929047468782
123,1684,171517,-413.1894540461201
123,1685,171582,-506.66425225242847
123,1686,171651,-504.9897882166234
123,1687,171739,-385.46683164426497
123,1688,171805,-437.22182579795475
123,1689,171857,-373.41695319261873
123,1690,171943,-556.549736440247
123,1691,172005,-534.9927970262747
123,1692,172067,-441.25039030979457
123,1693,172126,-338.4354210229773
123,1694,172210,-644.1366480244928
123,1695,172272,-442.75470314716796
123,1696,172340,-554.5504121797685
123,1697,172415,-573.8286690624918
123,1698,172475,-453.9168883406597
123,1699,172526,-378.40210169749037
123,1700,172593,-566.9165975877181
123,1701,172673,-472.97814038883337
123,1702,172739,-589.770756258675
123,1703,172824,-477.6712757600329
123,1704,172879,-484.3644738738976
123,1705,172934,-345.433834628097
123,1706,172987,-407.0979073855569
123,1707,173044,-379.6419178059699
123,1708,173109,-595.5072354736219
123,1709,173185,-483.75522627814735
123,1710,173262,-605.7182794293124
123,1711,173313,-393.5598065990608
123,1712,173398,-725.0742222819154
123,1713,173473,-548.4932560691722
123,1714,173544,-455.36971285726423
123,1715,173627,-724.4562632551266
123,1716,173701,-608.916023653146
123,1717,173769,-599.5433973338646
123,1718,173830,-405.31582977228487
123,1719,173893,-528.1010831797008
123,1720,173967,-680.3174075080761
123,1721,174053,-379.5810851298656
123,1722,174110,-486.8166721219227
123,1723,174163,-433.8347697949191
123,1724,174220,-385.3636908884015
123,1725,174303,-611.9035498993214
123,1726,174361,-361.75373710765797
123,1727,174430,-465.88450251710896
123,1728,174507,-556.6252326078318
123,1729,174569,-522.2065684558913
123,1730,174624,-256.7334340904011
123,1731,174700,-622.6326363576901
123,1732,174787,-505.1124792384704
123,1733,174874,-659.0300156984794
123,1734,174946,-568.7420626113669
123,1735,175016,-417.30922807797145
123,1736,175102,-840.0824328776729
123,1737,175167,-403.7299507597685
123,1738,175227,-469.02944120953185
123,1739,175285,-437.12321590367634
123,1740,175353,-520.0655535821777
123,1741,175410,-333.9957515016659
123,1742,175464,-492.530536578875
123,1743,175536,-604.748370200557
123,1744,175591,-338.3382321941463
123,1745,175659,-592.9763866064284
123,1746,175733,-556.2094276258927
123,1747,175801,-522.1509438543411
123,1748,175860,-463.5984384515467
123,1749,175934,-576.300812770676
123,1750,176016,-650.6861783548482
123,1751,176068,-342.5629219557428
123,1752,176121,-424.5146930793903
123,1753,176195,-458.75228348941135
123,1754,176265,-544.8929235808372
123,1755,176321,-302.21379757679284
123,1756,176382,-460.00077989228004
123,1757,176444,-512.8619086740991
123,1758,176515,-571.8132101324468
123,1759,176576,-524.4536641075285
123,1760,176652,-511.33819702835433
123,1761,176711,-441.7375981314161
123,1762,176801,-817.1304313147675
123,1763,176875,-510.9340363480329
123,1764,176931,-420.631676957288
123,1765,176981,-361.9161755297175
123,1766,177063,-476.0410141409524
123,1767,177142,-656.8895875288636
123,1768,177224,-786.203761684016
123,1769,177311,-495.4507191383917
123,1770,177369,-380.03207189624516
123,1771,177450,-797.2298684788136
123,1772,177502,-374.7294824465111
123,1773,177570,-486.9119435014775
123,1774,177634,-556.769434837639
123,1775,177714,-451.7207680368765
123,1776,177768,-324.19404795381126
123,1777,177836,-557.2186423363885
123,1778,177900,-493.8174964217921
123,1779,177967,-419.9478733979555
123,1780,178034,-535.5503283167673
123,1781,178115,-748.3036361541641
123,1782,178195,-602.0985733449251
123,1783,178257,-523.2318799674138
123,1784,178324,-570.3049886528979
123,1785,178391,-615.2240919518208
123,1786,178497,-939.4715351681293
123,1787,178557,-421.40599623835334
123,1788,178626,-617.5615644930767
123,1789,178691,-378.35377768235384
123,1790,178765,-583.7710606214732
123,1791,178837,-675.4959501058277
123,1792,178895,-384.02330169693846
123,1793,178954,-411.28222982319846
123,1794,179036,-765.5500091992338
123,1795,179088,-276.1860049561138
123,1796,179163,-712.4505717683375
123,1797,179224,-442.43441915124134
123,1798,179276,-381.014831549438
123,1799,179346,-560.0545590925957
123,1800,179422,-640.4992783225531
123,1801,179472,-376.50819937846325
123,1802,179536,-445.8672428704366
123,1803,179616,-836.7251528191384
123,1804,179686,-570.0016494381769
123,1805,179749,-514.7860522107621
123,1806,179806,-340.58353759968793
123,1807,179886,-722.44218270441
123,1808,179984,-777.7710498890381
123,1809,180068,-608.5286273643198
123,1810,180153,-800.5108537609926
123,1811,180205,-417.0021994396347
123,1812,180284,-789.4834710905725
123,1813,180355,-614.7731239980055
123,1814,180436,-749.3830049118467
123,1815,180505,-664.804012510256
123,1816,180594,-1005.6757610340454
123,1817,180665,-555.2042438672651
123,1818,180727,-483.40142880687205
123,1819,180782,-420.69494800049284
123,1820,180835,-340.3087820762913
123,1821,180921,-748.3255723242252
123,1822,180987,-448.2409143681484
123,1823,181073,-967.3447277131918
123,1824,181130,-463.1168425559938
123,1825,181191,-407.65028279546453
123,1826,181257,-500.6954353250349
123,1827,181330,-661.3845683799309
123,1828,181400,-508.36782195513103
123,1829,181479,-750.5442422090741
123,1830,181541,-418.53787010515106
123,1831,181603,-554.887911656295
123,1832,181658,-486.7382410182083
123,1833,181726,-646.6065003249754
123,1834,181800,-663.8522399165322
123,1835,181853,-361.76047104960884
123,1836,181908,-405.663169801111
123,1837,181966,-359.9310917142287
123,1838,182040,-614.0640824675148
123,1839,182094,-415.7861898066973
123,1840,182162,-547.0323458498356
123,1841,182234,-500.5233085893567
123,1842,182322,-977.8675820113855
123,1843,182379,-439.670331450569
123,1844,182436,-488.65725950177
123,1845,182500,-561.4905805089434
123,1846,182579,-712.1878387654093
123,1847,182637,-393.8383279285306
123,1848,182712,-594.7739216354119
123,1849,182800,-868.8083277623041
123,1850,182858,-428.7167839547537
123,1851,182935,-767.1212514501331
123,1852,183005,-479.2845409857329
123,1853,183070,-514.1935546788529
123,1854,183128,-347.52747274101364
123,1855,183180,-344.1115664712357
123,1856,183237,-346.05542209380593
123,1857,183315,-431.25319649544883
123,1858,183370,-358.1395986130002
123,1859,183425,-392.0161629531774
123,1860,183491,-474.7966038133512
123,1861,183557,-575.9766453211658
123,1862,183610,-388.6147667500348
123,1863,183689,-654.0550377602427
123,1864,183760,-496.09277327702443
123,1865,183827,-505.5598745186635
123,1866,183912,-659.5781902198357
123,1867,183978,-519.261048043216
123,1868,184041,-387.02867674960714
123,1869,184095,-412.4748430379316
123,1870,184161,-472.6663002641219
123,1871,184234,-470.78590619250963
123,1872,184317,-421.51118707719456
123,1873,184381,-481.696856268052
123,1874,184457,-469.26426050180385
123,1875,184515,-525.9073127534159
123,1876,184575,-411.446807982997
123,1877,184633,-412.8746784997821
123,1878,184709,-645.410093099147
123,1879,184777,-469.8006849750774
123,1880,184843,-453.92633849704276
123,1881,184900,-323.87116476863105
123,1882,184956,-358.58891684950135
123,1883,185029,-597.802240498588
123,1884,185108,-754.7925330565565
123,1885,185200,-632.2735734833054
123,1886,185281,-719.274654620697
123,1887,185360,-667.4977859345851
123,1888,185440,-471.4567427846175
123,1889,185499,-486.87327291052736
123,1890,185555,-385.6786918540004
123,1891,185624,-518.7223952769178
123,1892,185679,-333.4003297400004
123,1893,185741,-400.9995705280486
123,1894,185799,-503.0486969235102
123,1895,185890,-789.8698078342445
123,1896,185964,-454.7384137481157
123,1897,186040,-482.33050366228065
123,1898,186124,-838.2041097494761
123,1899,186182,-384.69916410529925
123,1900,186240,-444.21673897829237
123,1901,186311,-567.2414150669831
123,1902,186381,-494.62038597402625
123,1903,186438,-287.77739188820317
123,1904,186514,-646.4634686954578
123,1905,186565,-398.3051610844552
123,1906,186639,-580.705836730824
123,1907,186691,-361.93704954574224
123,1908,186751,-412.93272973334996
123,1909,186838,-749.6743791271583
123,1910,186903,-494.42874024774756
123,1911,186962,-317.9665265915372
123,1912,187025,-504.2061978267334
123,1913,187104,-757.1329393586155
123,1914,187181,-704.7161909651961
123,1915,187239,-486.62415118333865
123,1916,187302,-526.5304042429443
123,1917,187387,-781.7535544912386
123,1918,187454,-536.212796496056
123,1919,187517,-482.86252766321894
123,1920,187573,-508.37702389063986
123,1921,187637,-441.3129263469244
123,1922,187692,-396.4598209410219
123,1923,187756,-539.9262899069008
123,1924,187807,-318.02628887455023
123,1925,187859,-286.0128986065653
123,1926,187952,-941.6490801510621
123,1927,188022,-528.7457249133729
123,1928,188101,-762.0547218869061
123,1929,188185,-792.3835368986635
123,1930,188259,-491.1270271847428
123,1931,188338,-686.0480433353838
123,1932,188429,-350.82996385542526
123,1933,188481,-352.2082002637476
123,1934,188535,-346.42624872130074
123,1935,188591,-456.06931787087166
123,1936,188656,-593.3084522051201
123,1937,188735,-432.02233598932673
123,1938,188819,-704.6661434529562
123,1939,188900,-786.2443578813053
123,1940,188972,-628.4317261376357
123,1941,189054,-733.7326500771097
123,1942,189128,-567.7741781186171
123,1943,189198,-421.58038126171505
123,1944,189254,-436.7877400041981
123,1945,189327,-510.1350168455534
123,1946,189383,-452.58037773988036
123,1947,189457,-476.0894001892141
123,1948,189536,-493.90449567544795
123,1949,189592,-346.8568829985405
123,1950,189642,-435.1806059230657
123,1951,189710,-613.24448213089
123,1952,189770,-440.76177212680676
123,1953,189832,-552.1840416072376
123,1954,189907,-781.4394227691104
123,1955,189967,-496.327165097062
123,1956,190029,-476.5939297097722
123,1957,190089,-522.5009575607305
123,1958,190156,-411.19430621248705
123,1959,190251,-432.8835271408245
123,1960,190326,-683.4322298802622
123,1961,190393,-471.70176894520307
123,1962,190462,-610.2292162075265
123,1963,190536,-459.3640552697851
123,1964,190610,-616.9934230537966
123,1965,190689,-759.278552390207
123,1966,190738,-409.6824246017937
123,1967,190793,-373.7177122733388
123,1968,190845,-425.3166205729207
123,1969,190930,-694.6332098003473
123,1970,191005,-765.5257679568567
123,1971,191063,-549.619136824637
123,1972,191131,-632.4779247858036
123,1973,191212,-625.7439713112811
123,1974,191270,-398.0648792833534
123,1975,191331,-528.0793472419177
123,1976,191413,-862.3720029697225
123,1977,191481,-600.3298537600665
123,1978,191536,-435.86323641465094
123,1979,191595,-527.4028418164924
123,1980,191665,-626.4971279813356
123,1981,191742,-646.4559722410797
123,1982,191796,-410.20358223563375
123,1983,191852,-475.02399826253384
123,1984,191919,-630.4729681582509
123,1985,191991,-639.9813655383724
123,1986,192068,-727.5679470236201
123,1987,192120,-355.7176057953187
123,1988,192179,-405.1624088616754
123,1989,192235,-453.6864582910296
123,1990,192351,-370.8740772897499
123,1991,192411,-415.9504687031586
123,1992,192465,-355.1187342967811
123,1993,192522,-383.60259024930014
123,1994,192587,-562.522719588484
123,1995,192651,-475.84251230627183
123,1996,192732,-740.6649483216515
123,1997,192791,-411.9144595075228
123,1998,192868,-642.0971474311307
123,1999,192947,-793.3597243689967
123,2000,193001,-346.44988812037536
123,2001,193072,-476.1574212425711
123,2002,193124,-337.1737931228422
123,2003,193186,-497.7030087894158
123,2004,193258,-551.5115457459417
123,2005,193333,-470.7870558708254
123,2006,193407,-716.2631257664812
123,2007,193474,-491.0232142439612
123,2008,193539,-532.9916699449864
123,2009,193618,-649.1640590653992
123,2010,193707,-762.5568025052661
123,2011,193771,-568.1656171027033
123,2012,193831,-471.1045337604198
123,2013,193890,-485.72845161349176
123,2014,193975,-684.9006634278821
123,2015,194035,-518.630087515708
123,2016,194089,-379.84920441170925
123,2017,194141,-406.8101814526613
123,2018,194231,-652.9026152882718
123,2019,194285,-388.72395394783814
123,2020,194368,-792.7224910305866
123,2021,194429,-561.0873934441885
123,2022,194496,-479.03021264316124
123,2023,194567,-644.1655171374521
123,2024,194635,-438.6087501141918
123,2025,194699,-615.528294219473
123,2026,194781,-726.4779968811049
123,2027,194841,-529.879402446641
123,2028,194902,-441.8036962459443
123,2029,194991,-1031.8926527119247
123,2030,195046,-467.517082105229
123,2031,195107,-508.21772501832703
123,2032,195167,-445.9783748138845
123,2033,195248,-467.2665918790984
123,2034,195311,-601.3821038253959
123,2035,195362,-379.7416072754866
123,2036,195414,-405.84489663120485
123,2037,195489,-773.2065278399024
123,2038,195555,-523.7261234521503
123,2039,195628,-544.7215389092366
123,2040,195684,-497.5395873826224
123,2041,195747,-470.545755904424
123,2042,195801,-460.7709356809537
123,2043,195879,-756.4082924430945
123,2044,195961,-728.341823861145
123,2045,196015,-349.94863241420603
123,2046,196083,-651.4387035351145
123,2047,196136,-322.9194781110252
123,2048,196191,-440.4589818483063
123,2049,196268,-625.2068100708314
123,2050,196322,-340.8460931068496
123,2051,196383,-471.1135746382366
123,2052,196464,-777.19892404457
123,2053,196543,-664.9613013900102
123,2054,196595,-423.110561831184
123,2055,196667,-569.9143466065386
123,2056,196724,-494.73946808595235
123,2057,196788,-457.8249663346294
123,2058,196844,-460.0167368339795
123,2059,196919,-527.7800712875587
123,2060,196987,-562.5799857546564
123,2061,197039,-401.539301091263
123,2062,197109,-530.3987349367032
123,2063,197165,-428.76118465588235
123,2064,197225,-414.6303140025034
123,2065,197304,-794.9919033989304
123,2066,197386,-688.9110701383743
123,2067,197456,-565.6611085647235
123,2068,197511,-455.9994267211368
123,2069,197569,-482.30092198366503
123,2070,197623,-402.8953722594473
123,2071,197698,-696.1082203603653
123,2072,197757,-497.46462100842274
123,2073,197836,-791.537116839657
123,2074,197920,-716.4096639823575
123,2075,197978,-494.4609084776116
123,2076,198057,-421.9078185053179
123,2077,198131,-560.8822638175415
123,2078,198181,-364.82587772488654
123,2079,198234,-335.6588342319726
123,2080,198287,-440.2985161858751
123,2081,198373,-1016.8484622261384
123,2082,198430,-486.9282051053875
123,2083,198480,-277.45507959082397
123,2084,198565,-748.930705693026
123,2085,198618,-456.33891778637417
123,2086,198694,-542.5057951443903
123,2087,198748,-478.7145370025556
123,2088,198809,-443.17504564249543
123,2089,198877,-539.4265128007664
123,2090,198944,-517.2784425836787
123,2091,199016,-465.1602616408202
123,2092,199067,-326.19522905578174
123,2093,199120,-461.87626037621294
123,2094,199184,-574.3433359350806
123,2095,199240,-304.800207030534
123,2096,199298,-469.9351157104867
123,2097,199373,-759.9244035240635
123,2098,199431,-509.9479202398193
123,2099,199501,-643.3892926971319
123,2100,199576,-733.1591547986205
123,2101,199645,-564.7515378424064
123,2102,199700,-498.5530810137559
123,2103,199769,-609.1767562424308
123,2104,199848,-573.4597512801764
123,2105,199923,-692.8108044093419
123,2106,199986,-487.5626409661078
123,2107,200047,-539.4979289974646
123,2108,200110,-460.4195890219115
123,2109,200197,-974.3730359805354
123,2110,200270,-564.6247937992205
123,2111,200329,-441.2879272297163
123,2112,200411,-835.5536060277083
123,2113,200484,-650.945831492874
123,2114,200563,-824.7795530898414
123,2115,200637,-581.1372607888661
123,2116,200708,-621.0983601611794
123,2117,200784,-714.1864080698737
123,2118,200850,-583.3769934407017
123,2119,200918,-494.1743374851184
123,2120,200999,-843.5594714094212
123,2121,201057,-360.07538136515626
123,2122,201109,-393.2122585863043
123,2123,201226,-370.98004391588375
123,2124,201310,-925.5874532471972
123,2125,201368,-362.0890040096143
123,2126,201452,-859.379587175093
123,2127,201542,-899.1721304914278
123,2128,201623,-863.8318229864598
123,2129,201683,-415.29731055078526
123,2130,201756,-628.1564857474904
123,2131,201833,-683.439158247189
123,2132,201886,-352.58112265677994
123,2133,201965,-745.8409209423234
123,2134,202052,-957.8422361241576
123,2135,202133,-624.5478978648173
123,2136,202219,-648.2158586219529
123,2137,202278,-452.6591928921694
123,2138,202337,-463.6277312970331
123,2139,202409,-634.1847726716892
123,2140,202469,-482.0016679650654
123,2141,202541,-634.5187018932924
123,2142,202598,-499.49061399797984
123,2143,202649,-420.7304473849328
123,2144,202730,-788.1222808814105
123,2145,202804,-446.15287013127363
123,2146,202860,-408.12694451866133
123,2147,202926,-514.8868575018216
123,2148,203027,-352.14563939586543
123,2149,203086,-519.8936134156646
123,2150,203172,-789.2685206965892
123,2151,203239,-548.8721942649404
123,2152,203339,-615.702601942178
123,2153,203396,-485.59409723849643
123,2154,203452,-452.0561335522631
123,2155,203537,-736.9522299467721
123,2156,203616,-818.7500966608203
123,2157,203683,-559.0381119269763
123,2158,203749,-507.4677415719028
123,2159,203800,-421.6897262162514
123,2160,203881,-759.4186436845257
123,2161,203947,-522.4668154461527
123,2162,204024,-686.5435650116104
123,2163,204075,-354.03009830028657
123,2164,204133,-488.66013823384765
123,2165,204203,-581.4661266662406
123,2166,204266,-569.001021993771
123,2167,204338,-580.2618060047658
123,2168,204403,-559.5667646219124
123,2169,204463,-508.53936376821895
123,2170,204513,-388.5109475753889
123,2171,204561,-386.0413238460707
123,2172,204620,-492.11651942445275
123,2173,204707,-967.1508415272605
123,2174,204772,-485.8011895715251
123,2175,204830,-517.8519860360536
123,2176,204888,-546.0291317408523
123,2177,204973,-864.7635024817641
123,2178,205054,-709.6498150300266
123,2179,205122,-544.7146593774913
123,2180,205194,-476.82556404235504
123,2181,205266,-553.4831683821837
123,2182,205347,-803.5652458359642
123,2183,205399,-366.1835443720617
123,2184,205451,-432.0775585157666
123,2185,205525,-738.2125871693119
123,2186,205581,-395.1161421726796
123,2187,205668,-790.2509767508457
123,2188,205735,-463.92884056568295
123,2189,205802,-522.4767415807485
123,2190,205913,-598.6719075959367
123,2191,205970,-423.8909327355578
123,2192,206020,-365.2158052064478
123,2193,206075,-376.2504528440031
123,2194,206146,-655.8214279781379
123,2195,206204,-506.14357214207115
123,2196,206257,-361.3267674775814
123,2197,206312,-385.25413718395816
123,2198,206368,-409.7805373492955
123,2199,206429,-517.3220248694263
123,2200,206516,-794.8810291358221
123,2201,206596,-745.9454380040384
123,2202,206663,-508.27437755155177
123,2203,206764,-989.6947766248686
123,2204,206828,-522.3659889777315
123,2205,206892,-474.26561197478173
123,2206,206944,-344.5511118727671
123,2207,207013,-503.15309150256405
123,2208,207085,-491.8973273333916
123,2209,207135,-367.3856740854377
123,2210,207207,-718.8759262403298
123,2211,207290,-479.16512966402115
123,2212,207346,-369.17857731586946
123,2213,207417,-583.3924693663112
123,2214,207490,-638.5891013648563
123,2215,207550,-403.7718411642943
123,2216,207614,-508.21417585983176
123,2217,207694,-757.9357298990088
123,2218,207768,-735.6587941088653
123,2219,207829,-540.4204343362352
123,2220,207904,-676.1993766968523
123,2221,207979,-704.684120899678
123,2222,208053,-685.0023494309547
123,2223,208109,-400.0356977095063
123,2224,208183,-565.7174271181507
123,2225,208233,-414.6471556272151
123,2226,208320,-927.7867723911127
123,2227,208402,-786.5342455608942
123,2228,208472,-663.9975359102118
123,2229,208547,-493.4655291848038
123,2230,208631,-795.2958011053981
123,2231,208706,-749.0426173488171
123,2232,208761,-406.475634254932
123,2233,208821,-480.58941212344837
123,2234,208882,-544.3659476158857
123,2235,208942,-550.5299946489504
123,2236,209001,-460.9923520066918
123,2237,209108,-661.2555380551613
123,2238,209195,-873.9478250715731
123,2239,209269,-680.5671237362701
123,2240,209332,-507.54224579468206
123,2241,209386,-489.5916335316647
123,2242,209457,-676.0915046534151
123,2243,209514,-399.8808704911481
123,2244,209593,-689.817179820584
123,2245,209649,-452.1585756404386
123,2246,209733,-733.1512458751714
123,2247,209800,-553.1903256341583
123,2248,209905,-625.0060903637877
123,2249,209972,-613.5201258858514
123,2250,210065,-674.0110990685936
123,2251,210122,-417.2133798952139
123,2252,210204,-862.1388706724231
123,2253,210259,-410.69268705822896
123,2254,210368,-958.1445528212854
123,2255,210443,-631.8086652123263
123,2256,210528,-790.8817350148918
123,2257,210583,-401.4572337725736
123,2258,210672,-879.6604878823073
123,2259,210751,-456.2541994431976
123,2260,210809,-501.0388846648442
123,2261,210880,-534.0919101203312
123,2262,210962,-697.1563889580756
123,2263,211033,-556.0418428464102
123,2264,211098,-520.0918538059149
123,2265,211151,-454.7326604168561
123,2266,211213,-475.61391192840944
123,2267,211276,-557.7973614373191
123,2268,211342,-506.21435576207455
123,2269,211409,-524.6023896223498
123,2270,211468,-399.4444964927051
123,2271,211523,-461.46928273858333
123,2272,211600,-685.7862083105231
123,2273,211680,-767.0815092675682
123,2274,211743,-565.712130243141
123,2275,211805,-570.9680168781749
123,2276,211871,-519.8483394081227
123,2277,211936,-593.6368908865707
123,2278,211983,-381.1289383751817
123,2279,212035,-409.4136958379537
123,2280,212087,-361.1067011882947
123,2281,212167,-713.0580132189139
123,2282,212236,-540.9652527670572
123,2283,212297,-538.8488389999932
123,2284,212375,-756.993312679033
123,2285,212427,-353.06705552836047
123,2286,212495,-557.6746150878953
123,2287,212562,-524.7503187425501
123,2288,212640,-493.2578198392364
123,2289,212712,-706.5229268362613
123,2290,212769,-473.4433470195608
123,2291,212857,-859.7913166176273
123,2292,212925,-604.8346914051335
123,2293,213001,-610.9343749941697
123,2294,213057,-503.5911962633329
123,2295,213122,-581.1371909028605
123,2296,213205,-880.5100183609615
123,2297,213281,-629.5713754111538
123,2298,213355,-690.5310699695985
123,2299,213411,-374.1047017956251
123,2300,213486,-780.7216928551128
123,2301,213552,-512.0522417690513
123,2302,213605,-439.37653684705094
123,2303,213666,-472.67840350763555
123,2304,213716,-434.6859618690741
123,2305,213775,-497.8527288558927
123,2306,213825,-371.55061072637557
123,2307,213896,-509.99704653546735
123,2308,213951,-428.10533810639106
123,2309,214038,-842.7574753246008
123,2310,214101,-567.7501748876432
123,2311,214174,-651.0860909860828
123,2312,214229,-361.14658992418026
123,2313,214284,-334.41201665409426
123,2314,214348,-549.323678834767
123,2315,214406,-479.5467331980461
123,2316,214470,-553.7736499154935
123,2317,214522,-318.36877024420073
123,2318,214601,-852.4309847260783
123,2319,214663,-599.5127192498542
123,2320,214725,-516.508480890214
123,2321,214789,-476.50522349749735
123,2322,214867,-839.9526557186111
123,2323,214956,-839.1127951657537
123,2324,215031,-689.4673813722003
123,2325,215087,-445.94580090319056
123,2326,215139,-274.1056906207001
123,2327,215193,-430.58475333155064
123,2328,215275,-912.9178047324098
123,2329,215359,-878.2975669752958
123,2330,215426,-579.5764702351671
123,2331,215503,-758.2693533479336
123,2332,215554,-330.35197797030105
123,2333,215610,-380.7144630510427
123,2334,215671,-478.2927386468445
123,2335,215750,-647.2420780351285
123,2336,215814,-438.88142911809996
123,2337,215895,-688.6173036227129
123,2338,215971,-436.46530929148116
123,2339,216050,-664.4578287226694
123,2340,216104,-369.83110765187604
123,2341,216156,-396.2317635954033
123,2342,216214,-426.9269626958869
123,2343,216285,-586.0206884522362
123,2344,216341,-421.0001518445534
123,2345,216399,-374.6705753873138
123,2346,216478,-516.5478555300278
123,2347,216564,-818.171080258569
123,2348,216647,-780.3698863424736
123,2349,216727,-425.97820401902
123,2350,216779,-425.41672946400536
123,2351,216855,-726.76131282716
123,2352,216933,-761.546417428096
123,2353,217011,-819.5000696118667
123,2354,217065,-462.7035004961523
123,2355,217142,-797.5892496849473
123,2356,217193,-296.2660336115805
123,2357,217252,-531.1219990246277
123,2358,217318,-603.6689888252386
123,2359,217381,-567.4204291209338
123,2360,217435,-445.88787289557
123,2361,217489,-389.2447469794628
123,2362,217544,-440.8278446076335
123,2363,217628,-837.5396889345373
123,2364,217709,-773.446362949755
123,2365,217761,-337.30311628420804
123,2366,217812,-370.0774787989309
123,2367,217890,-443.1421772793037
123,2368,217953,-545.4180764399432
123,2369,218015,-459.5111668163428
123,2370,218095,-667.1363355122033
123,2371,218171,-759.2264363012339
123,2372,218240,-558.4296039663122
123,2373,218320,-331.28108229092004
123,2374,218382,-554.0686494979284
123,2375,218455,-643.0376115179266
123,2376,218521,-593.0547765164483
123,2377,218585,-592.6990213156331
123,2378,218636,-420.6062137841952
123,2379,218698,-535.950409275069
123,2380,218764,-587.2277326496501
123,2381,218845,-671.4193666795538
123,2382,218903,-526.8943266261213
123,2383,218979,-729.119483847985
123,2384,219063,-783.1050375231772
123,2385,219125,-484.6350875408393
123,2386,219188,-571.6147063256067
123,2387,219258,-560.4485378135706
123,2388,219343,-773.5546141905824
123,2389,219409,-520.4820672191381
123,2390,219465,-504.9218757870301
123,2391,219523,-538.2481072640938
123,2392,219576,-323.16675663574125
123,2393,219683,-596.8422033663024
123,2394,219749,-603.4282711262973
123,2395,219808,-505.04904875166864
123,2396,219894,-758.1670624003393
123,2397,219952,-467.85024220633676
123,2398,220010,-519.1115933547358
123,2399,220085,-565.4671860327586
123,2400,220161,-529.6153329629444
123,2401,220214,-424.5248385401599
123,2402,220285,-539.7298909163535
123,2403,220359,-687.6753837826819
123,2404,220442,-738.1213384760739
123,2405,220509,-475.7767293522635
123,2406,220587,-811.5987272081792
123,2407,220647,-422.7143598087131
123,2408,220701,-336.62625780459524
123,2409,220787,-701.7010075300385
123,2410,220859,-680.6779085293399
123,2411,220913,-378.1581251704115
123,2412,220963,-403.82986623469617
123,2413,221030,-598.634172800477
123,2414,221090,-549.4206492041008
123,2415,221169,-746.3984629327354
123,2416,221254,-667.0782274369898
123,2417,221305,-346.65947714905155
123,2418,221379,-639.3672391736319
123,2419,221464,-814.543411147028
123,2420,221546,-754.9700475012821
123,2421,221616,-491.0087990132306
123,2422,221685,-473.1957109905144
123,2423,221750,-526.9713715318576
123,2424,221815,-511.6023415052294
123,2425,221882,-507.09352075253116
123,2426,222002,-589.5044632258332
123,2427,222053,-441.8404652744795
123,2428,222137,-844.1830935341839
123,2429,222187,-391.0542276550668
123,2430,222270,-841.9544335297127
123,2431,222358,-786.8154100267313
123,2432,222426,-567.9909180334428
123,2433,222478,-340.6540360174407
123,2434,222540,-564.6407374034538
123,2435,222660,-611.4558842677524
123,2436,222719,-400.787301697493
123,2437,222776,-403.71107307853197
123,2438,222831,-432.3434445371688
123,2439,222909,-643.9054589184803
123,2440,222979,-493.78086562302303
123,2441,223037,-468.7992716225106
123,2442,223099,-431.2270835819278
123,2443,223186,-836.2515243089841
123,2444,223245,-440.6820619363093
123,2445,223317,-505.25302956483483
123,2446,223368,-355.289425208587
123,2447,223429,-575.9316524073156
123,2448,223521,-1133.0270718622278
123,2449,223583,-549.2417316405291
123,2450,223666,-921.360760985028
123,2451,223746,-805.2053675647287
123,2452,223802,-389.14198504906284
123,2453,223856,-473.9786531967787
123,2454,223917,-396.449257248008
123,2455,223973,-412.3605754911416
123,2456,224043,-508.5139648452058
123,2457,224094,-342.9213882366321
123,2458,224150,-397.62300407122245
123,2459,224215,-536.9802591172149
123,2460,224276,-552.0876674704729
123,2461,224333,-426.3486050099059
123,2462,224391,-459.59067145388406
123,2463,224464,-511.87456891800844
123,2464,224521,-538.6843523456848
123,2465,224602,-800.5989966894156
123,2466,224657,-339.69842034320845
123,2467,224714,-389.8303259459655
123,2468,224773,-420.71771080356064
123,2469,224834,-454.1070408352347
123,2470,224895,-570.8904578720585
123,2471,224980,-730.9837260419282
123,2472,225063,-785.5497299079386
123,2473,225128,-569.7421066691854
123,2474,225178,-432.1863103038222
123,2475,225247,-536.1049062206716
123,2476,225315,-481.14910697916036
123,2477,225377,-513.2080764500582
123,2478,225458,-736.4371949466007
123,2479,225512,-476.03988215248654
123,2480,225566,-487.75958755171104
123,2481,225632,-467.37847437173264
123,2482,225682,-347.9059408759066
123,2483,225748,-484.30984119437005
123,2484,225813,-549.801763678134
123,2485,225873,-431.59355064917594
123,2486,225950,-679.419201632505
123,2487,226038,-853.5678383430234
123,2488,226118,-792.3803613965
123,2489,226175,-406.3877185288132
123,2490,226256,-808.6855798017584
123,2491,226316,-497.10247976013517
123,2492,226390,-741.1116513078667
123,2493,226453,-539.174403058093
123,2494,226536,-852.040973683032
123,2495,226606,-584.5950096871744
123,2496,226694,-653.7808448310382
123,2497,226774,-778.5139826774968
123,2498,226828,-346.85179936883105
123,2499,226888,-471.048455031615
123,2500,226980,-1045.5064675515314
123,2501,227039,-456.9018795734144
123,2502,227114,-724.8548697246387
123,2503,227191,-777.8941200435119
123,2504,227240,-387.992657186318
123,2505,227292,-443.3217576062957
123,2506,227350,-496.36652616516955
123,2507,227404,-364.3046675366876
123,2508,227460,-458.21294937896545
123,2509,227520,-564.4480953237746
123,2510,227578,-440.90809438118197
123,2511,227637,-530.398592913263
123,2512,227710,-453.49318324875435
123,2513,227802,-1014.3528546807566
123,2514,227876,-498.10107973932054
123,2515,227931,-472.14629760191224
123,2516,227985,-416.922012033833
123,2517,228047,-487.2739837064953
123,2518,228126,-849.8214489704743
123,2519,228184,-456.53303478931457
123,2520,228253,-581.4185839061311
123,2521,228311,-449.8122648643736
123,2522,228370,-446.54324528412724
123,2523,228432,-558.7715141730612
123,2524,228513,-763.8122084051928
123,2525,228590,-670.3377656669336
123,2526,228646,-335.04099157900197
123,2527,228713,-554.9084879718137
123,2528,228786,-500.2121377051625
123,2529,228852,-578.0030502215765
123,2530,228928,-626.780995693032
123,2531,229000,-484.7692997266108
123,2532,229053,-369.87476649506954
123,2533,229125,-525.0516776754271
123,2534,229201,-705.5091451966201
123,2535,229257,-392.4274532529714
123,2536,229327,-522.532566270112
123,2537,229391,-493.6936387901733
123,2538,229455,-476.9849899397228
123,2539,229533,-671.3104255118609
123,2540,229618,-902.1998611914526
123,2541,229679,-546.482684269657
123,2542,229752,-634.1141540710843
123,2543,229813,-529.6345920913468
123,2544,229895,-876.9046086349584
123,2545,229949,-447.4217761149506
123,2546,230005,-485.4606714854217
123,2547,230064,-445.5062858841639
123,2548,230121,-382.4389765149895
123,2549,230186,-602.1807887414595
123,2550,230259,-647.1220898245459
123,2551,230334,-546.7226982935764
123,2552,230419,-794.6505988131673
123,2553,230477,-453.07727967599936
123,2554,230544,-590.6575328674235
123,2555,230597,-386.7747105817303
123,2556,230654,-503.972911992314
123,2557,230713,-557.0808147167364
123,2558,230763,-355.1662737221502
123,2559,230841,-511.99743733583273
123,2560,230924,-773.244919322104
123,2561,230985,-421.5277333020727
123,2562,231040,-384.7373519219126
123,2563,231100,-477.8028432478328
123,2564,231150,-440.94139044764853
123,2565,231200,-317.16363720429695
123,2566,231261,-538.5219344145905
123,2567,231344,-718.104492775078
123,2568,231406,-486.0898906708571
123,2569,231492,-933.0116625880335
123,2570,231551,-531.0696490833107
123,2571,231603,-455.80969879966074
123,2572,231658,-403.41383873603303
123,2573,231717,-529.0170119443084
123,2574,231779,-535.9086269333076
123,2575,231841,-447.3583104956012
123,2576,231899,-433.98506280175593
123,2577,231950,-290.09884511933916
123,2578,232017,-555.1585011564662
123,2579,232097,-773.8969393923043
123,2580,232153,-476.2614765876465
123,2581,232225,-720.6170287500629
123,2582,232291,-480.6640109672412
123,2583,232368,-715.1582256482848
123,2584,232428,-500.5814372946576
123,2585,232501,-683.1212596996407
123,2586,232569,-597.9359627712336
123,2587,232652,-692.9114466707928
123,2588,232721,-611.2498153375539
123,2589,232771,-338.14798389612974
123,2590,232851,-550.7586247241153
123,2591,232924,-593.0248166163531
123,2592,233009,-908.1962474914022
123,2593,233059,-414.5544834610519
123,2594,233133,-759.4948285433518
123,2595,233189,-511.8629766572921
123,2596,233266,-516.6253161664439
123,2597,233356,-1015.1405154108429
123,2598,233432,-681.2892139214853
123,2599,233484,-445.48007017511003
123,2600,233537,-432.95038491824846
123,2601,233605,-558.7221526459836
123,2602,233693,-843.3658351792561
123,2603,233748,-407.4185918263098
123,2604,233818,-562.3604393280066
123,2605,233869,-297.72803190256604
123,2606,233955,-871.859940782106
123,2607,234019,-443.79353873402033
123,2608,234076,-478.4761393056041
123,2609,234135,-443.59985814388483
123,2610,234209,-625.9175286962578
123,2611,234271,-510.8988869382315
123,2612,234327,-367.31706300925157
123,2613,234387,-535.576740382971
123,2614,234443,-483.716917359424
123,2615,234533,-957.0160699015904
123,2616,234599,-586.3772929495283
123,2617,234681,-719.7257476399274
123,2618,234742,-437.89645783224466
123,2619,234822,-729.4605463289327
123,2620,234887,-560.123761294079
123,2621,234972,-750.7800316005968
123,2622,235029,-508.0660712869864
123,2623,235103,-717.6710256650883
123,2624,235162,-442.7210657034402
123,2625,235247,-950.351366596621
123,2626,235334,-942.0993173088224
123,2627,235422,-794.7199602392266
123,2628,235476,-391.3011839042219
123,2629,235540,-478.2371440538389
123,2630,235621,-424.6759094930911
123,2631,235688,-508.7905869184892
123,2632,235745,-358.9248323186438
123,2633,235822,-751.8150023098686
123,2634,235894,-646.4880164169675
123,2635,235956,-461.74390495278294
123,2636,236010,-337.9163549836885
123,2637,236061,-332.0315098268474
123,2638,236121,-558.5239255706664
123,2639,236181,-556.7544172030355
123,2640,236229,-397.90965235457605
123,2641,236309,-712.7064335070557
123,2642,236373,-564.3613556992109
123,2643,236432,-411.55584702497026
123,2644,236482,-288.2014576075515
123,2645,236549,-489.88003366727526
123,2646,236606,-464.15909682279545
123,2647,236672,-531.9675166237195
123,2648,236726,-448.7143463978495
123,2649,236790,-485.13656817574525
123,2650,236870,-814.250456164707
123,2651,236937,-526.1586736027418
123,2652,236995,-524.6366810910795
123,2653,237109,-518.6293919195904
123,2654,237172,-534.8053704581278
123,2655,237232,-540.5714018587985
123,2656,237312,-778.6852537408461
123,2657,237366,-355.2796267192101
123,2658,237433,-531.070411173581
123,2659,237504,-501.6384716061209
123,2660,237582,-750.0331109482835
123,2661,237635,-350.4214866835263
123,2662,237695,-543.4368321112928
123,2663,237769,-554.0113313251838
123,2664,237841,-575.1308181160148
123,2665,237901,-445.2072901513129
123,2666,237967,-554.9136243474986
123,2667,238050,-788.8344860144284
123,2668,238128,-719.0701288509633
123,2669,238199,-656.1018598598273
123,2670,238280,-718.5872980146484
123,2671,238341,-483.589349151338
123,2672,238394,-433.11907182575476
123,2673,238455,-471.84309163287446
123,2674,238507,-443.29191632043666
123,2675,238564,-438.73360433036424
123,2676,238618,-449.9894438650087
123,2677,238693,-636.0858985378966
123,2678,238755,-445.4869639051208
123,2679,238832,-653.4933449478681
123,2680,238918,-845.8475402441541
123,2681,238981,-574.9305335694282
123,2682,239035,-412.140942108886
123,2683,239114,-802.4206019057982
123,2684,239167,-403.96573318515095
123,2685,239219,-396.9512809336796
123,2686,239275,-456.5160625372234
123,2687,239334,-532.3429065937673
123,2688,239392,-478.8866971081979
123,2689,239480,-916.8957074752867
123,2690,239535,-376.22376301650206
123,2691,239596,-471.3145592144868
123,2692,239679,-754.4189325228816
123,2693,239734,-384.04399669407513
123,2694,239802,-634.8590894673938
123,2695,239861,-543.239856292926
123,2696,239940,-458.8365693608823
123,2697,240027,-900.2731650687119
123,2698,240098,-413.82372932244465
123,2699,240154,-424.0118480542679
123,2700,240237,-736.3190733274216
123,2701,240295,-452.7325339052011
123,2702,240370,-749.143774473546
123,2703,240424,-378.6902889998918
123,2704,240510,-844.5652051211885
123,2705,240574,-531.9420430088113
123,2706,240655,-698.9317580853418
123,2707,240730,-751.330860273871
123,2708,240788,-416.24827264704726
123,2709,240839,-361.40669780594857
123,2710,240897,-528.6399363556702
123,2711,240960,-459.281873257593
123,2712,241023,-579.4386752471935
123,2713,241101,-691.803189317105
123,2714,241175,-505.29532284173604
123,2715,241252,-793.6603918383739
123,2716,241329,-633.0000223355629
123,2717,241382,-405.09463891656054
123,2718,241454,-454.2401029015458
123,2719,241538,-722.0666321706792
123,2720,241601,-572.5612661223247
123,2721,241681,-408.59981075311623
123,2722,241732,-404.92034105179164
123,2723,241784,-452.6329875078028
123,2724,241858,-731.0717156574898
123,2725,241927,-633.4068361207446
123,2726,242016,-642.89410064954
123,2727,242067,-394.7171035932225
123,2728,242135,-444.53091498744686
123,2729,242217,-736.5210262965066
123,2730,242306,-1000.4327436391134
123,2731,242372,-627.5520504980008
123,2732,242444,-592.4465366633062
123,2733,242532,-696.0357276358666
123,2734,242584,-438.1421824139234
123,2735,242641,-413.5114091245248
123,2736,242701,-566.4023661184804
123,2737,242767,-509.7635462846539
123,2738,242842,-635.6752249006048
123,2739,242903,-439.7381115325772
123,2740,242957,-439.66633416537826
123,2741,243026,-528.2931266825901
123,2742,243082,-360.75220768810465
123,2743,243145,-500.10320001401874
123,2744,243227,-768.4339266095612
123,2745,243296,-660.0884043282964
123,2746,243351,-362.47869077694384
123,2747,243415,-559.1444692828795
123,2748,243474,-543.6467119145211
123,2749,243526,-369.095793577267
123,2750,243582,-384.1831236179329
123,2751,243649,-474.91995585188715
123,2752,243721,-668.9969735790628
123,2753,243781,-582.7246659121253
123,2754,243848,-557.1906466006002
123,2755,243914,-478.2205513107857
123,2756,243975,-563.3594272510102
123,2757,244021,-389.57091075071105
123,2758,244089,-493.8091842197092
123,2759,244173,-713.0746927813744
123,2760,244275,-298.6470713193304
123,2761,244357,-543.021167293717
123,2762,244447,-706.6797224856865
123,2763,244533,-835.8004456819873
123,2764,244591,-459.77603799473764
123,2765,244646,-478.01321709747657
123,2766,244700,-384.9585958689327
123,2767,244761,-478.6821835554648
123,2768,244846,-925.7344145125372
123,2769,244908,-491.85697011300897
123,2770,244993,-926.2681575160672
123,2771,245057,-584.6284277822913
123,2772,245144,-777.0318565321214
123,2773,245220,-408.70912025215637
123,2774,245289,-520.1930656338368
123,2775,245370,-807.5854906374253
123,2776,245424,-398.47925747979315
123,2777,245484,-446.8495673174046
123,2778,245546,-489.6645536762384
123,2779,245601,-451.15105812826687
123,2780,245679,-724.6976491806776
123,2781,245746,-490.38077097044885
123,2782,245836,-859.8208600001933
123,2783,245889,-413.5875022980233
123,2784,245973,-732.1902985363508
123,2785,246036,-540.4660838543496
123,2786,246118,-848.1750229402016
123,2787,246174,-477.6063964174894
123,2788,246312,-1117.5472559355653
123,2789,246392,-725.4331973130095
123,2790,246445,-458.98474443179106
123,2791,246516,-500.3317370337877
123,2792,246583,-480.9899160607054
123,2793,246638,-463.28463547324503
123,2794,246700,-565.4578908060802
123,2795,246778,-698.9831317540824
123,2796,246834,-437.65268846779986
123,2797,246919,-688.7948769252646
123,2798,246981,-581.2902023899258
123,2799,247040,-488.51828664045365
123,2800,247112,-507.6461905213645
123,2801,247165,-375.64999646952276
123,2802,247232,-531.8635853828794
123,2803,247299,-490.0587899484713
123,2804,247383,-729.8655197334062
123,2805,247453,-574.9058230071591
123,2806,247521,-509.45838680026907
123,2807,247595,-722.142309846614
123,2808,247654,-425.81926380257937
123,2809,247705,-293.7771609995707
123,2810,247763,-451.6521990279913
123,2811,247841,-740.1022923087191
123,2812,247898,-393.6001094814341
123,2813,247953,-383.7168239008278
123,2814,248003,-369.17586484427113
123,2815,248075,-482.78064619801876
123,2816,248143,-598.8160958915752
123,2817,248209,-603.3772075388449
123,2818,248266,-433.98759451621487
123,2819,248336,-603.8100552563376
123,2820,248397,-547.3322874916321
123,2821,248468,-472.7629210697396
123,2822,248545,-455.0526597073906
123,2823,248607,-555.9940124006159
123,2824,248662,-393.51903219254035
123,2825,248742,-823.7256244200056
123,2826,248805,-453.9461409380956
123,2827,248869,-527.3061109769135
123,2828,248935,-612.8358136678032
123,2829,248995,-418.65945299614276
123,2830,249075,-444.2061921753449
123,2831,249162,-734.2147695214237
123,2832,249219,-390.73318702778295
123,2833,249291,-688.6322661263877
123,2834,249369,-734.8559718630065
123,2835,249457,-849.310843739905
123,2836,249526,-462.7937814500102
123,2837,249594,-545.5277389163373
123,2838,249671,-696.5582672084021
123,2839,249727,-418.04392927367724
123,2840,249814,-1021.1509069107927
123,2841,249894,-678.3374732740974
123,2842,249954,-534.1947886286539
123,2843,250035,-741.8373206384555
123,2844,250112,-579.467611116671
123,2845,250189,-775.2883082288268
123,2846,250240,-410.07360386635764
123,2847,250313,-599.3977829420583
123,2848,250366,-342.79129915278884
123,2849,250429,-488.4646872124434
123,2850,250504,-739.3380857960624
123,2851,250587,-827.7185186381662
123,2852,250641,-338.4789610558069
123,2853,250706,-579.9361217134671
123,2854,250771,-445.93947741286
123,2855,250832,-553.7620764090598
123,2856,250897,-611.8946724237969
123,2857,250963,-584.4730006884827
123,2858,251069,-606.5793749080493
123,2859,251127,-479.8512811725141
123,2860,251207,-800.6402385760841
123,2861,251275,-510.04157175892016
123,2862,251340,-457.941263337912
123,2863,251413,-618.6044043050116
123,2864,251493,-451.95939029132603
123,2865,251574,-784.550019540549
123,2866,251632,-441.5028612115707
123,2867,251713,-804.4728158189048
123,2868,251765,-416.59974711769485
123,2869,251816,-394.0565738933811
123,2870,251886,-613.8747950107488
123,2871,251938,-442.7417997510553
123,2872,252003,-472.08165894984097
123,2873,252087,-895.0138195859935
123,2874,252149,-448.08984847217897
123,2875,252200,-304.0766316921847
123,2876,252284,-814.7848049186263
123,2877,252353,-552.0275188324377
123,2878,252404,-313.5920185384862
123,2879,252489,-963.7373987522715
123,2880,252575,-807.0870383422535
123,2881,252650,-708.1390060691523
123,2882,252721,-481.77147311943213
123,2883,252775,-433.3424562084887
123,2884,252843,-613.7042953441292
123,2885,252904,-422.92897639948427
123,2886,252964,-478.61738989240206
123,2887,253043,-827.9281834635916
123,2888,253125,-767.1194632347051
123,2889,253182,-485.1756858673543
123,2890,253261,-802.8190746339274
123,2891,253331,-556.2491150267238
123,2892,253381,-306.3447575669643
123,2893,253467,-758.1378582267533
123,2894,253548,-674.7183879720006
123,2895,253624,-742.9513956423519
123,2896,253690,-617.465622263479
123,2897,253756,-495.95170946499576
123,2898,253815,-523.4186438073029
123,2899,253895,-694.9770232942269
123,2900,253959,-468.79628829035215
123,2901,254013,-331.65683624654423
123,2902,254068,-467.16600465549124
123,2903,254118,-405.52398624193006
123,2904,254185,-538.4022040907373
123,2905,254241,-471.0594777345855
123,2906,254308,-572.646287793581
123,2907,254382,-429.71975618540057
123,2908,254456,-501.19494654420646
123,2909,254538,-716.9376370948612
123,2910,254602,-585.5939987068243
123,2911,254668,-617.7056181442025
123,2912,254733,-539.7487853173279
123,2913,254788,-390.76508777863546
123,2914,254872,-790.4821744955158
123,2915,254925,-353.12125791860126
123,2916,255002,-682.7881427772943
123,2917,255053,-435.44026969848073
123,2918,255126,-676.0498066844286
123,2919,255175,-405.7008626798826
123,2920,255239,-628.3881937128198
123,2921,255345,-450.1238449755464
123,2922,255403,-491.6423375278994
123,2923,255464,-487.5283382566414
123,2924,255517,-386.5441178575192
123,2925,255568,-363.6104103529548
123,2926,255624,-495.06656489710474
123,2927,255700,-775.9813360311124
123,2928,255753,-391.0946857472706
123,2929,255840,-758.3513469388004
123,2930,255892,-432.00557212349753
123,2931,255953,-455.81225477966007
123,2932,256009,-452.2306600062058
123,2933,256070,-461.93475644738896
123,2934,256128,-413.14582299497016
123,2935,256206,-695.4368756599891
123,2936,256292,-988.0092776476687
123,2937,256356,-577.5574528368443
123,2938,256415,-509.39594454333786
123,2939,256518,-615.5537878778964
123,2940,256602,-818.2395585892497
123,2941,256677,-569.5002991224862
123,2942,256737,-550.600830996611
123,2943,256806,-651.1400553794263
123,2944,256864,-453.2743799822807
123,2945,256930,-512.4612146775922
123,2946,257003,-646.476511352221
123,2947,257085,-653.151401311922
123,2948,257144,-467.37017851212914
123,2949,257194,-311.3061753583289
123,2950,257252,-517.712668286706
123,2951,257321,-488.28065779323066
123,2952,257390,-539.5448201671991
123,2953,257457,-556.4993790707038
123,2954,257518,-489.5488177508579
123,2955,257598,-431.2994065547149
123,2956,257671,-639.9140266423451
123,2957,257738,-532.2355268570163
123,2958,257816,-661.39000652842
123,2959,257888,-746.427604708258
123,2960,257968,-697.4285396797782
123,2961,258053,-1004.7843448970671
123,2962,258138,-735.7042015248529
123,2963,258192,-427.9287041878743
123,2964,258255,-582.5593235664442
123,2965,258312,-387.3610401969868
123,2966,258364,-337.585387952874
123,2967,258435,-721.3127395455042
123,2968,258488,-313.94315409613444
123,2969,258546,-537.4662940504705
123,2970,258607,-425.59111401197583
123,2971,258681,-480.45719917427834
123,2972,258740,-499.2673572646454
123,2973,258794,-468.35772754034485
123,2974,258856,-472.7393516973772
123,2975,258934,-704.1396560885265
123,2976,259015,-689.3861396867787
123,2977,259079,-481.02437596499703
123,2978,259139,-455.30812641991884
123,2979,259206,-476.85292140825374
123,2980,259256,-328.1589850919504
123,2981,259329,-601.7852385687914
123,2982,259383,-338.82692874954887
123,2983,259463,-779.0632047016215
123,2984,259547,-743.503769774545
123,2985,259614,-600.4615154120756
123,2986,259682,-497.24750524531026
123,2987,259742,-520.4330266689533
123,2988,259807,-504.6499265809071
123,2989,259867,-404.40596637320584
123,2990,259933,-586.300853062668
123,2991,259984,-312.9931632260358
123,2992,260041,-556.057244700963
123,2993,260104,-555.9274095091367
123,2994,260165,-521.9320040232309
123,2995,260221,-364.65105558395925
123,2996,260288,-561.3431680265649
123,2997,260344,-343.36873430889165
123,2998,260425,-684.7554557825626
123,2999,260508,-762.1621101717542
123,3000,260565,-467.09288746828753
123,3001,260645,-672.1210870071149
123,3002,260701,-396.3661557408375
123,3003,260773,-475.3264722613816
123,3004,260833,-416.2089728554598
123,3005,260897,-505.66122779698975
123,3006,260969,-640.8116538024144
123,3007,261035,-544.3282012706596
123,3008,261097,-489.4334917684584
123,3009,261163,-575.9983618306771
123,3010,261226,-533.9171484925497
123,3011,261283,-474.4418889138556
123,3012,261369,-1007.574850887397
123,3013,261436,-575.7821863044012
123,3014,261517,-813.6331552274753
123,3015,261568,-444.23412309003345
123,3016,261641,-651.7803397694647
123,3017,261705,-576.4813958796095
123,3018,261763,-384.48142583294924
123,3019,261829,-536.4179016963328
123,3020,261893,-542.8230972291403
123,3021,261946,-369.66800797954255
123,3022,262010,-548.2103639590603
123,3023,262072,-527.1388913569264
123,3024,262141,-571.1318422826603
123,3025,262200,-410.8797925683052
123,3026,262253,-329.68086742183493
123,3027,262328,-611.3471779432072
123,3028,262378,-363.10834633343757
123,3029,262450,-444.0384984672578
123,3030,262512,-460.1015838765306
123,3031,262570,-461.33392078253775
123,3032,262650,-760.848994620782
123,3033,262735,-792.9144040507557
123,3034,262807,-709.5243955172264
123,3035,262861,-383.6616480241373
123,3036,262921,-433.4254655901732
123,3037,262975,-383.02846495004815
123,3038,263053,-724.3460191044419
123,3039,263138,-862.5998235784111
123,3040,263208,-553.3641732602478
123,3041,263272,-530.0907909930474
123,3042,263334,-442.46785155505023
123,3043,263420,-963.5691996066294
123,3044,263488,-609.1344677102575
123,3045,263541,-387.22031700092845
123,3046,263625,-757.4900246653457
123,3047,263677,-411.60040923770055
123,3048,263738,-492.6809896771385
123,3049,263810,-458.3790096395628
123,3050,263868,-406.000200334724
123,3051,263923,-474.92759497368286
123,3052,263980,-463.48132216348506
123,3053,264033,-390.44923895062175
123,3054,264092,-414.63860996171735
123,3055,264157,-580.9140335795846
123,3056,264229,-543.1493286247293
123,3057,264283,-475.1300463617452
123,3058,264348,-483.88334721819035
123,3059,264428,-725.8059763336895
123,3060,264516,-942.2354592353126
123,3061,264577,-546.9008636486517
123,3062,264634,-497.71060776830006
123,3063,264712,-796.285553700295
123,3064,264771,-500.0397825757422
123,3065,264877,-665.7598419427628
123,3066,264946,-531.0151251873808
123,3067,265027,-779.9886998022498
123,3068,265102,-769.7618544589094
123,3069,265170,-472.98893527361713
123,3070,265226,-482.04272377716023
123,3071,265287,-576.183945094391
123,3072,265343,-499.6854851799231
123,3073,265403,-464.58472780527075
123,3074,265475,-597.445209868133
123,3075,265557,-869.6945218175584
123,3076,265611,-454.90472538258877
123,3077,265692,-813.5795136370865
123,3078,265757,-582.8027769218529
123,3079,265842,-784.6573553443186
123,3080,265910,-532.8643553232473
123,3081,265987,-658.7609020882618
123,3082,266054,-627.7432495732227
123,3083,266135,-723.4520597953865
123,3084,266205,-523.5384291459766
123,3085,266263,-518.4674902067488
123,3086,266332,-585.6398965913168
123,3087,266385,-333.4997761738881
123,3088,266439,-396.84350156606183
123,3089,266501,-490.1836691003598
123,3090,266559,-568.6296254537504
123,3091,266630,-522.4015593061661
123,3092,266691,-502.83036102470226
123,3093,266770,-820.1781544106126
123,3094,266829,-402.4531683222311
123,3095,266884,-462.8470100487709
123,3096,266935,-449.90176934632933
123,3097,266995,-515.7491907609071
123,3098,267063,-557.97131429298
123,3099,267136,-672.5343188849429
123,3100,267188,-277.7255630000972
123,3101,267253,-615.480502322998
123,3102,267321,-633.3951316773736
123,3103,267371,-356.4472866835348
123,3104,267435,-614.0646041848918
123,3105,267506,-573.1959265804758
123,3106,267588,-439.1590817161382
123,3107,267650,-446.22715855006345
123,3108,267733,-748.8231792593328
123,3109,267812,-715.9859293110004
123,3110,267896,-680.154441223503
123,3111,267949,-381.5940662259048
123,3112,268010,-470.32122061892034
123,3113,268073,-592.0652982106684
123,3114,268149,-689.0786364011306
123,3115,268222,-601.1309070940524
123,3116,268297,-585.1539577630001
123,3117,268349,-396.5756425457244
123,3118,268434,-787.2384125627198
123,3119,268487,-459.7503974004156
123,3120,268547,-444.91445533987405
123,3121,268613,-512.2789451157374
123,3122,268708,-729.0613175779525
123,3123,268782,-673.9477891887555
123,3124,268841,-466.1712716702325
123,3125,268892,-413.24454853180464
123,3126,268943,-362.92435030515355
123,3127,268997,-427.7403755556557
123,3128,269053,-504.7236585748751
123,3129,269121,-650.2368954037072
123,3130,269189,-580.8946806206825
123,3131,269274,-777.7909005086703
123,3132,269328,-482.04458734690445
123,3133,269395,-472.11387620899956
123,3134,269476,-805.2717725307781
123,3135,269547,-562.7880059480342
123,3136,269601,-359.555576149147
123,3137,269655,-444.40440902106366
123,3138,269709,-359.30080247260815
123,3139,269790,-846.9491657956518
123,3140,269853,-503.8491935888127
123,3141,269914,-462.6157218904509
123,3142,269993,-795.5923247270254
123,3143,270052,-515.1959318968165
123,3144,270105,-359.11150394845833
123,3145,270157,-364.69879026019174
123,3146,270238,-875.7952611551639
123,3147,270291,-336.2519017307769
123,3148,270358,-580.7511747220492
123,3149,270431,-468.76545765598587
123,3150,270480,-417.8519028793455
123,3151,270562,-736.0430957564525
123,3152,270653,-753.5514549008873
123,3153,270739,-866.1572906799338
123,3154,270813,-616.9667282656359
123,3155,270898,-719.2560467526445
123,3156,270969,-597.7362012900143
123,3157,271035,-495.62532727531845
123,3158,271089,-416.65388771686423
123,3159,271151,-579.8299951992838
123,3160,271207,-412.6398811393384
123,3161,271268,-443.4474973220392
123,3162,271336,-517.964221851348
123,3163,271396,-520.957249434866
123,3164,271458,-548.1711098629492
123,3165,271519,-474.50199406143633
123,3166,271589,-725.959235223622
123,3167,271642,-378.1072319290106
123,3168,271709,-489.2019464787302
123,3169,271794,-949.7326477605772
123,3170,271847,-478.53456387700663
123,3171,271929,-825.68676350893
123,3172,271990,-509.0489195645826
123,3173,272063,-722.3124969552533
123,3174,272118,-463.3634607753459
123,3175,272172,-440.6580703781961
123,3176,272228,-400.8254839202429
123,3177,272286,-439.4202141409195
123,3178,272375,-894.6424921291158
123,3179,272449,-501.3492179510607
123,3180,272504,-376.0716986576369
123,3181,272586,-792.0693854034043
123,3182,272652,-574.8967225278041
123,3183,272702,-398.41045022040294
123,3184,272788,-784.4735295435827
123,3185,272859,-635.0057087401746
123,3186,272937,-437.711898160092
123,3187,272989,-424.6676079307218
123,3188,273062,-603.7131742742633
123,3189,273149,-793.4051809423454
123,3190,273208,-540.9297123854901
123,3191,273275,-553.756067252813
123,3192,273328,-474.3043949105678
123,3193,273392,-578.248530503735
123,3194,273467,-715.8851950259683
123,3195,273535,-570.9526601698858
123,3196,273583,-353.25723178041517
123,3197,273643,-402.7824049305944
123,3198,273695,-314.07678685567055
123,3199,273765,-543.3266028281859
123,3200,273836,-560.4350418498459
123,3201,273911,-616.812225967886
123,3202,273975,-463.6849913050758
123,3203,274057,-610.8772517018592
123,3204,274130,-677.9135950572728
123,3205,274209,-779.3432191987598
123,3206,274274,-531.3366328145778
123,3207,274353,-772.0603818524972
123,3208,274418,-502.81920641417037
123,3209,274473,-372.0925526766537
123,3210,274551,-857.4813967406616
123,3211,274614,-461.5524027170385
123,3212,274697,-734.821696124588
123,3213,274755,-373.3810106568465
123,3214,274816,-440.6297462114254
123,3215,274888,-555.1552255576922
123,3216,274968,-764.4208119385788
123,3217,275034,-496.88367204907627
123,3218,275098,-467.88809194843816
123,3219,275184,-883.023756919544
123,3220,275239,-468.60908371287104
123,3221,275317,-452.3539343785869
123,3222,275407,-835.8213596712956
123,3223,275460,-452.29142829551097
123,3224,275510,-397.43323674653834
123,3225,275575,-592.9021491070075
123,3226,275635,-467.5549227288341
123,3227,275722,-844.1901082269609
123,3228,275786,-452.99351291021196
123,3229,275858,-582.5582885616498
123,3230,275933,-477.55233268683355
123,3231,275999,-479.54540530174694
123,3232,276106,-396.46859687761264
123,3233,276167,-519.5806416700889
123,3234,276253,-765.1612834112417
123,3235,276320,-565.6234078294592
123,3236,276378,-512.8817982377393
123,3237,276462,-857.3148259218744
123,3238,276520,-452.5454770250269
123,3239,276578,-526.2003699083082
123,3240,276654,-746.2434729710103
123,3241,276714,-523.5516625059449
123,3242,276768,-348.5529532352905
123,3243,276821,-338.26356516554745
123,3244,276910,-840.3722451064547
123,3245,276984,-764.6852947381904
123,3246,277065,-767.0090830178722
123,3247,277130,-509.7229609361703
123,3248,277201,-506.0929899494662
123,3249,277264,-550.2654761458837
123,3250,277317,-317.7160813918596
123,3251,277388,-592.5813361521965
123,3252,277447,-457.06737207419593
123,3253,277514,-606.414351619024
123,3254,277597,-740.5749531699513
123,3255,277654,-520.049465586166
123,3256,277707,-360.3934682751133
123,3257,277782,-438.7464600789416
123,3258,277866,-871.7121570513481
123,3259,277924,-532.111357154331
123,3260,277974,-381.0788572666552
123,3261,278041,-545.403108748301
123,3262,278099,-513.0477520058291
123,3263,278171,-507.9499781219016
123,3264,278230,-479.92192453580674
123,3265,278310,-682.8719554369942
123,3266,278384,-494.7974476389063
123,3267,278449,-485.83599223500937
123,3268,278535,-891.4691308830247
123,3269,278591,-470.74604226005016
123,3270,278668,-694.5553781702873
123,3271,278744,-502.2330768610831
123,3272,278826,-864.8380719749355
123,3273,278896,-566.065719965442
123,3274,278955,-491.4656423416009
123,3275,279024,-534.4216802442761
123,3276,279074,-393.22757189429365
123,3277,279145,-579.4552960980016
123,3278,279228,-739.5015720783314
123,3279,279287,-400.48124618077054
123,3280,279369,-739.8065859813098
123,3281,279419,-439.8072481801633
123,3282,279473,-447.22025576945583
123,3283,279533,-462.0072860860602
123,3284,279594,-458.6381934658682
123,3285,279650,-413.5268949504272
123,3286,279710,-544.2445579790731
123,3287,279761,-356.5082087005856
123,3288,279813,-371.44199439287644
123,3289,279897,-795.472191988119
123,3290,279972,-543.8024730247854
123,3291,280063,-901.7172695882172
123,3292,280123,-525.269215020588
123,3293,280191,-624.979516004823
123,3294,280255,-503.4516214725828
123,3295,280315,-409.041568106417
123,3296,280375,-421.36904165848256
123,3297,280458,-804.327627622831
123,3298,280539,-794.955110008579
123,3299,280610,-674.2048931238355
123,3300,280687,-706.4043351319789
123,3301,280755,-558.7892081543813
123,3302,280823,-569.6623070247608
123,3303,280875,-408.16274682347296
123,3304,280939,-531.0975979947236
123,3305,281016,-709.922444273466
123,3306,281093,-769.7723076086268
123,3307,281152,-501.38217878444397
123,3308,281223,-479.48285887663224
123,3309,281276,-405.73051127344297
123,3310,281334,-478.690652321731
123,3311,281417,-757.7982985432483
123,3312,281491,-482.46307515358706
123,3313,281568,-577.3739746674612
123,3314,281629,-521.0792955122247
123,3315,281679,-390.75991511771156
123,3316,281734,-357.17171438967625
123,3317,281795,-539.804909062154
123,3318,281867,-531.4424056739336
123,3319,281927,-448.37992225270574
123,3320,282007,-848.3469525211981
123,3321,282058,-315.99981384397154
123,3322,282116,-442.3334262747002
123,3323,282177,-505.43479398159536
123,3324,282256,-795.1977797467947
123,3325,282319,-483.6735654276157
123,3326,282385,-499.4567782310765
123,3327,282468,-767.6466381991587
123,3328,282538,-718.9749744938069
123,3329,282592,-447.8138683514641
123,3330,282675,-764.4428342375911
123,3331,282725,-396.45467121704695
123,3332,282790,-498.68304543753527
123,3333,282858,-529.5635893400945
123,3334,282936,-789.8506932269843
123,3335,282993,-403.73099464186623
123,3336,283085,-1083.241965394413
123,3337,283157,-588.7566537478052
123,3338,283213,-367.7730190264812
123,3339,283303,-865.0949103740406
123,3340,283358,-470.59377180341147
123,3341,283432,-476.4767636548794
123,3342,283506,-482.16722288158496
123,3343,283583,-709.9255528110134
123,3344,283657,-770.0765444135658
123,3345,283722,-439.45252753348495
123,3346,283785,-514.5634427833161
123,3347,283869,-798.3097088001244
123,3348,283922,-450.3646729213776
123,3349,283978,-449.68614537660653
123,3350,284048,-525.4133084712665
123,3351,284103,-395.98819714637756
123,3352,284154,-381.7408822813397
123,3353,284233,-436.1144848957333
123,3354,284297,-536.7190094647408
123,3355,284367,-620.223292158021
123,3356,284418,-283.9857853046176
123,3357,284497,-723.4813789715191
123,3358,284564,-553.9462362224692
123,3359,284649,-759.9376836209344
123,3360,284710,-532.3073622227805
123,3361,284779,-533.6146486925495
123,3362,284858,-639.9302010493576
123,3363,284927,-465.21464777010067
123,3364,284998,-517.1796356334147
123,3365,285067,-493.31985178703576
123,3366,285121,-401.29233161284895
123,3367,285210,-581.8201399974814
123,3368,285266,-489.75877399673044
123,3369,285316,-408.10514637600096
123,3370,285401,-841.6878574151674
123,3371,285478,-458.87605948918326
123,3372,285535,-399.99244676056225
123,3373,285618,-695.6023125582219
123,3374,285687,-687.0236566027588
123,3375,285770,-434.4042628406173
123,3376,285837,-520.6505079248542
123,3377,285923,-800.8164400768769
123,3378,286007,-779.0285481418615
123,3379,286057,-272.14892492053457
123,3380,286119,-585.0120278886621
123,3381,286179,-547.0797390162815
123,3382,286228,-365.04595921480285
123,3383,286284,-454.81742873248385
123,3384,286349,-484.4118012341296
123,3385,286434,-790.118584285327
123,3386,286490,-444.63361492766785
123,3387,286576,-787.8584045916782
123,3388,286645,-603.6660176268964
123,3389,286704,-419.75279914627055
123,3390,286754,-307.47167146453216
123,3391,286816,-448.5361996940491
123,3392,286894,-509.60818530995607
123,3393,286956,-507.7639590519345
123,3394,287014,-471.5187871945826
123,3395,287093,-663.7762985031333
123,3396,287155,-581.687190969847
123,3397,287238,-761.5223908263412
123,3398,287292,-484.5915701063566
123,3399,287378,-918.5883905563509
123,3400,287445,-536.765485154677
123,3401,287500,-378.04413377267355
123,3402,287583,-819.1346538597957
123,3403,287653,-480.3042749845722
123,3404,287706,-448.0849198156604
123,3405,287780,-731.0386725290238
123,3406,287849,-502.9201589806472
123,3407,287910,-523.1450738800988
123,3408,287962,-455.0345924304613
123,3409,288029,-489.3843712517685
123,3410,288108,-804.4058471192114
123,3411,288195,-994.3877311010905
123,3412,288268,-647.731029538801
123,3413,288351,-764.6663057891412
123,3414,288410,-535.7758502985025
123,3415,288459,-376.9794286878759
123,3416,288528,-496.04494079605695
123,3417,288610,-843.2280383361848
123,3418,288664,-335.42393566501175
123,3419,288743,-823.4500570193369
123,3420,288805,-525.8303713199266
123,3421,288885,-733.9459508898119
123,3422,288969,-901.1594527461051
123,3423,289049,-687.7083048379001
123,3424,289129,-788.1242923059198
123,3425,289181,-391.9640876602714
123,3426,289230,-408.01340169921195
123,3427,289310,-779.2587680044468
123,3428,289387,-788.9141736364369
123,3429,289463,-717.3216413822478
123,3430,289529,-518.3283162931789
123,3431,289613,-799.8708170116995
123,3432,289688,-452.0341793596624
123,3433,289765,-502.152125641756
123,3434,289827,-556.8529469131947
123,3435,289882,-451.8523047074647
123,3436,289941,-394.63310240974494
123,3437,290013,-515.8544010686243
123,3438,290071,-530.6626370525177
123,3439,290143,-608.2787368225434
123,3440,290196,-341.39178383233696
123,3441,290251,-361.4579543156238
123,3442,290304,-332.1390598077451
123,3443,290384,-633.1015125513685
123,3444,290444,-522.1562658435597
123,3445,290504,-529.7407164216315
123,3446,290566,-547.7851208527211
123,3447,290627,-523.5601805696667
123,3448,290707,-794.6326348304406
123,3449,290789,-793.5952067806323
123,3450,290875,-913.931572393827
123,3451,290928,-419.52098582223323
123,3452,291015,-822.3236054093808
123,3453,291068,-298.94547686308573
123,3454,291157,-436.88688264337105
123,3455,291222,-524.000247784567
123,3456,291280,-382.35410689889574
123,3457,291353,-459.7922099798583
123,3458,291414,-456.2718736108741
123,3459,291493,-809.6135982241125
123,3460,291568,-431.29488225306864
123,3461,291622,-404.32497253953585
123,3462,291689,-553.9434889829679
123,3463,291749,-558.1066509256505
123,3464,291837,-971.429157024771
123,3465,291897,-545.4966816106247
123,3466,291959,-553.4836090838937
123,3467,292012,-384.41813499126744
123,3468,292090,-627.2745847590811
123,3469,292154,-461.3565346295513
123,3470,292223,-581.6723586249009
123,3471,292305,-828.9177158861025
123,3472,292363,-476.36546695371715
123,3473,292421,-508.71007908269667
123,3474,292477,-406.80043036068906
123,3475,292557,-844.9219195368594
123,3476,292621,-491.6700879926823
123,3477,292680,-543.4714707798153
123,3478,292736,-501.85397445033664
123,3479,292789,-411.8699551685473
123,3480,292871,-446.75344741233414
123,3481,292955,-622.1392129850253
123,3482,293040,-839.4277658962777
123,3483,293125,-794.3415425114655
123,3484,293214,-984.4892426016636
123,3485,293278,-624.528330923828
123,3486,293332,-412.508874481859
123,3487,293384,-384.3213669207933
123,3488,293488,-399.96568982001907
123,3489,293545,-372.30401505434327
123,3490,293624,-786.9258371738131
123,3491,293701,-837.4720219813302
123,3492,293778,-448.01328402895217
123,3493,293852,-615.7841873438324
123,3494,293901,-399.36437932641246
123,3495,293963,-549.9645885066732
123,3496,294033,-551.5666425107906
123,3497,294102,-574.5895647976756
123,3498,294161,-527.0968932046876
123,3499,294243,-693.9718684474166
123,3500,294317,-504.364436352992
123,3501,294372,-370.00407513606325
123,3502,294438,-570.4780380025551
123,3503,294494,-353.2137162491804
123,3504,294546,-333.39060858765475
123,3505,294624,-675.5398957219105
123,3506,294693,-434.0072251947332
123,3507,294746,-416.85835126027683
123,3508,294826,-664.6566973319647
123,3509,294895,-662.3745769228226
123,3510,294945,-409.8715069104467
123,3511,295018,-503.8061027747725
123,3512,295076,-429.8431754675108
123,3513,295161,-786.7585756312823
123,3514,295244,-732.624170107904
123,3515,295309,-560.1232732184169
123,3516,295362,-438.53996727725513
123,3517,295435,-648.1933034873041
123,3518,295488,-421.7791601691791
123,3519,295565,-796.0786404850923
123,3520,295635,-492.8377974967724
123,3521,295719,-354.9449320315015
123,3522,295805,-854.9875192553095
123,3523,295857,-436.16829209211056
123,3524,295935,-784.1107500450255
123,3525,295987,-453.6408961216856
123,3526,296043,-412.5955460260979
123,3527,296095,-390.14985137995006
123,3528,296182,-447.6065181339276
123,3529,296258,-595.5257693504534
123,3530,296317,-459.3351059014829
123,3531,296381,-529.1054761729015
123,3532,296435,-455.8749840182455
123,3533,296503,-545.5612734770638
123,3534,296573,-456.27285465792465
123,3535,296645,-686.3958955483542
123,3536,296734,-1077.5791227832435
123,3537,296807,-537.5297243363799
123,3538,296890,-785.4307924739536
123,3539,296950,-453.6173071190726
123,3540,297033,-842.8398799307489
123,3541,297098,-582.0025933512402
123,3542,297177,-806.9299191600256
123,3543,297261,-909.7187262400957
123,3544,297343,-704.126145117619
123,3545,297421,-645.7417720719446
123,3546,297492,-583.0026225117526
123,3547,297549,-458.343921131453
123,3548,297613,-455.8306309030965
123,3549,297667,-399.77730422643737
123,3550,297746,-731.3995664641984
123,3551,297813,-593.0368819261744
123,3552,297895,-764.2372989854879
123,3553,297979,-745.9704490117906
123,3554,298051,-615.2873672371616
123,3555,298116,-482.90449587946534
123,3556,298187,-448.1163916976168
123,3557,298273,-857.6039496903855
123,3558,298350,-761.653018650536
123,3559,298434,-847.208160399464
123,3560,298499,-474.2063851930064
123,3561,298554,-356.4243515852087
123,3562,298623,-512.9346206979162
123,3563,298691,-544.2053550305907
123,3564,298753,-531.2693564701333
123,3565,298837,-799.2549164590242
123,3566,298889,-334.54577396975753
123,3567,298947,-506.93503067602563
123,3568,299002,-492.9263121104572
123,3569,299069,-610.5918515805836
123,3570,299126,-495.20567491519887
123,3571,299192,-575.6826126304036
123,3572,299276,-787.7401424066393
123,3573,299335,-540.9606189678443
123,3574,299415,-822.7776381621168
123,3575,299498,-741.6114439100523
123,3576,299585,-991.6494073239616
123,3577,299642,-493.1088145775064
123,3578,299706,-455.8642709142867
123,3579,299776,-669.3472443041785
123,3580,299864,-754.9601971399725
123,3581,299943,-818.2042643254412
123,3582,300011,-536.7896422718356
123,3583,300063,-392.0694929458479
123,3584,300142,-696.488692819533
123,3585,300218,-597.6112498308084
123,3586,300269,-353.75952377171313
123,3587,300343,-674.3524475750809
123,3588,300413,-489.5284218681885
123,3589,300484,-591.5955086484373
123,3590,300562,-819.252699180308
123,3591,300627,-546.0046513513571
123,3592,300679,-320.1537609700946
123,3593,300734,-382.12574260758987
123,3594,300820,-703.0866620503065
123,3595,300909,-781.7194164585645
123,3596,300995,-554.8459835766483
123,3597,301046,-354.28388069556024
123,3598,301127,-766.8079833487305
123,3599,301178,-335.79766056586175
123,3600,301252,-506.7500221392104
123,3601,301306,-328.43078427690045
123,3602,301367,-523.315520896777
123,3603,301441,-554.9237340266235
123,3604,301498,-441.5283808033011
123,3605,301581,-740.7918612999435
123,3606,301668,-775.6084366726499
123,3607,301730,-589.0975418129033
123,3608,301787,-355.11901156889826
123,3609,301838,-301.7751132832386
123,3610,301905,-591.2772715719457
123,3611,301967,-583.6901112799243
123,3612,302061,-747.6096314689098
123,3613,302120,-433.9091214706665
123,3614,302178,-523.5075858737284
123,3615,302234,-481.68912476632846
123,3616,302312,-628.3265378001107
123,3617,302384,-493.1126190602779
123,3618,302436,-357.136543399829
123,3619,302520,-804.237394887801
123,3620,302602,-778.8532045885876
123,3621,302661,-466.1031842990594
123,3622,302722,-458.18903447494483
123,3623,302793,-567.4811415995043
123,3624,302860,-559.2225347168906
123,3625,302930,-649.1671245096461
123,3626,303003,-557.4362998549661
123,3627,303068,-492.7099198466826
123,3628,303125,-374.3811388973561
123,3629,303183,-451.3012296799719
123,3630,303248,-624.2417529497551
123,3631,303299,-409.3899806722077
123,3632,303374,-604.7409446621219
123,3633,303434,-473.5677756642757
123,3634,303488,-397.3910589796521
123,3635,303566,-655.2491556133831
123,3636,303617,-393.839718333694
123,3637,303667,-326.50221173048027
123,3638,303727,-502.6604188358416
123,3639,303791,-573.7902470602456
123,3640,303845,-339.34893210506397
123,3641,303909,-496.08499583466164
123,3642,303962,-336.8536887437668
123,3643,304029,-499.54382451790036
123,3644,304096,-521.2592116803869
123,3645,304170,-588.1198203229301
123,3646,304220,-375.5849820777929
123,3647,304272,-353.1063471331473
123,3648,304325,-402.4696853249969
123,3649,304377,-315.83189753734126
123,3650,304449,-545.0240052273998
123,3651,304508,-524.2624421104492
123,3652,304567,-454.5260960179545
123,3653,304618,-399.1457018139075
123,3654,304677,-518.6141610273022
123,3655,304733,-465.3958067923933
123,3656,304789,-463.85695769802186
123,3657,304841,-327.5865667475338
123,3658,304901,-462.1408721161387
123,3659,304972,-463.4380430299508
123,3660,305029,-383.93764050417707
123,3661,305093,-589.5376710810215
123,3662,305149,-478.2422545231017
123,3663,305198,-402.2488130443101
123,3664,305273,-538.900993926926
123,3665,305330,-501.8758241355458
123,3666,305392,-516.1682211476067
123,3667,305446,-379.34715227815445
123,3668,305497,-409.24932713312944
123,3669,305562,-482.58565055069573
123,3670,305614,-323.83990283880905
123,3671,305675,-447.80009014996267
123,3672,305762,-901.0415752195595
123,3673,305816,-422.27165378358495
123,3674,305871,-358.0195192269998
123,3675,305943,-487.97360850103735
123,3676,306013,-455.92222999412536
123,3677,306068,-463.4335958816656
123,3678,306124,-429.5368567448607
123,3679,306197,-498.9216884413197
123,3680,306264,-511.60718836811
123,3681,306336,-577.1035375917752
123,3682,306397,-488.4579011717519
123,3683,306450,-487.90158094685404
123,3684,306501,-377.5903954368379
123,3685,306556,-441.4854124254311
123,3686,306612,-467.71408213700863
123,3687,306679,-478.83341816098323
123,3688,306763,-935.6567976101793
123,3689,306826,-568.9577323327858
123,3690,306898,-731.3649842165021
123,3691,306952,-370.7825012582614
123,3692,307036,-777.457735636032
123,3693,307090,-475.17905356122105
123,3694,307141,-360.6718735230185
123,3695,307224,-739.1616722933887
123,3696,307275,-276.74010832057445
123,3697,307327,-388.21697249671024
123,3698,307387,-435.8274756867915
123,3699,307438,-307.30644282777484
123,3700,307518,-644.6930727519714
123,3701,307595,-696.3676509568274
123,3702,307661,-506.4288412671783
123,3703,307719,-537.5938039755299
123,3704,307769,-419.01254582001616
123,3705,307820,-334.2560147221601
123,3706,307894,-682.8683271711034
123,3707,307950,-404.6079930472421
123,3708,308017,-494.11872145357916
123,3709,308077,-478.7366466968551
123,3710,308147,-650.2400845920715
123,3711,308221,-633.3271064716478
123,3712,308279,-504.10992034912994
123,3713,308356,-707.0778287771637
123,3714,308429,-696.9557101779698
123,3715,308512,-839.7439328532646
123,3716,308578,-662.504715325818
123,3717,308628,-417.6699542554268
123,3718,308690,-456.4715999246802
123,3719,308766,-585.0845661698239
123,3720,308817,-395.69517494041145
123,3721,308935,-1054.043430321151
123,3722,309012,-636.616712909141
123,3723,309078,-598.7445350322632
123,3724,309145,-525.6411400399777
123,3725,309211,-660.2800644055158
123,3726,309301,-934.3634814306482
123,3727,309354,-456.29051126373037
123,3728,309437,-879.4282230393934
123,3729,309521,-769.6684826199867
123,3730,309604,-816.6630312021745
123,3731,309675,-577.8744631777915
123,3732,309739,-471.0221456971725
123,3733,309814,-730.0541226221131
123,3734,309890,-741.4871800077736
123,3735,309943,-358.8060686992625
123,3736,310007,-592.9900759023576
123,3737,310076,-549.6148309299286
123,3738,310142,-493.5168162684362
123,3739,310222,-636.2817361589819
123,3740,310304,-814.5815399816657
123,3741,310370,-566.6420818156016
123,3742,310437,-610.6307807854228
123,3743,310502,-501.2070920825149
123,3744,310574,-712.8344879263102
123,3745,310634,-528.8949447871967
123,3746,310690,-341.38465386354596
123,3747,310773,-762.351954322764
123,3748,310838,-578.2119809684008
123,3749,310915,-744.813655975113
123,3750,310969,-280.82054283841956
123,3751,311036,-578.0139190901356
123,3752,311097,-455.5475306781782
123,3753,311148,-342.42381458603774
123,3754,311208,-419.2897862673317
123,3755,311266,-503.61999377211
123,3756,311349,-839.4920514816255
123,3757,311419,-457.7841491055882
123,3758,311470,-322.7912837571465
123,3759,311555,-656.128554611466
123,3760,311624,-520.7632032583787
123,3761,311702,-627.3143574148903
123,3762,311767,-547.0581519688416
123,3763,311832,-595.844496615545
123,3764,311898,-593.9086300797991
123,3765,311975,-543.7857571748776
123,3766,312045,-585.6479449217769
123,3767,312128,-833.7228936200676
123,3768,312206,-812.0250617546443
123,3769,312267,-532.9865958582712
123,3770,312336,-527.5354085163178
123,3771,312398,-478.53397011914745
123,3772,312466,-499.5137402743512
123,3773,312540,-579.034594512311
123,3774,312598,-467.87717131488506
123,3775,312655,-393.7119094432448
123,3776,312709,-483.3918161393965
123,3777,312763,-343.7142079258549
123,3778,312840,-780.2831940960443
123,3779,312895,-420.4122531147292
123,3780,312967,-653.8394112034392
123,3781,313029,-466.30294972993613
123,3782,313098,-633.785194240178
123,3783,313151,-446.6844169827077
123,3784,313227,-492.91658174300244
123,3785,313280,-328.10315589207187
123,3786,313359,-830.8540264015779
123,3787,313412,-472.95743110585795
123,3788,313464,-296.21434633180905
123,3789,313534,-613.2158645619514
123,3790,313609,-456.3061866309688
123,3791,313670,-459.6895847697923
123,3792,313752,-698.2643031057935
123,3793,313806,-412.27675349267304
123,3794,313856,-408.87128820481666
123,3795,313932,-792.2803306280314
123,3796,314019,-787.7961085192129
123,3797,314098,-779.1368899504871
123,3798,314158,-497.30351943280266
123,3799,314211,-352.56717599208883
123,3800,314274,-582.5390579477395
123,3801,314348,-501.84064919762
123,3802,314414,-609.480070736156
123,3803,314477,-521.6184821606448
123,3804,314551,-636.0975580582987
123,3805,314633,-804.5892483461837
123,3806,314703,-570.0571863931975
123,3807,314756,-433.29241685077744
123,3808,314811,-375.11897238789066
123,3809,314873,-444.0454448872551
123,3810,314946,-508.5577115090987
123,3811,315014,-480.7630793364807
123,3812,315075,-465.1333040991726
123,3813,315135,-533.4173760763139
123,3814,315193,-424.60199841444904
123,3815,315258,-554.3904976604674
123,3816,315308,-393.3084928976446
123,3817,315387,-757.2262375571926
123,3818,315459,-692.792197443321
123,3819,315541,-732.054754830213
123,3820,315601,-492.23564251741107
123,3821,315664,-533.843846469627
123,3822,315747,-748.652714067698
123,3823,315818,-556.5560426148262
123,3824,315877,-456.3520727696413
123,3825,315945,-453.3630765262593
123,3826,315999,-476.51492113505134
123,3827,316069,-610.0144566444083
123,3828,316128,-436.4414603972921
123,3829,316178,-340.44514904513267
123,3830,316250,-480.66796074874003
123,3831,316331,-735.9303706233238
123,3832,316388,-428.52428549483415
123,3833,316449,-518.5504488615906
123,3834,316504,-470.68900362187316
123,3835,316555,-300.58490375348583
123,3836,316639,-755.7333952355917
123,3837,316713,-485.5449728143517
123,3838,316794,-802.2384819302806
123,3839,316864,-488.3355659312447
123,3840,316928,-485.94326710190796
123,3841,317007,-807.0514271705148
123,3842,317085,-760.7472122091465
123,3843,317159,-740.7310089318361
123,3844,317225,-503.6355795613922
123,3845,317278,-350.1074390705459
123,3846,317328,-402.59523077204335
123,3847,317411,-724.0829065239877
123,3848,317492,-746.3751135546465
123,3849,317556,-477.16412648052
123,3850,317628,-486.1540000892808
123,3851,317681,-473.4449000759175
123,3852,317742,-565.1059238425594
123,3853,317794,-350.41025346681704
123,3854,317854,-462.43927133132144
123,3855,317923,-608.3260827879892
123,3856,317982,-411.22521194549984
123,3857,318074,-343.71315742156145
123,3858,318130,-455.08498100705
123,3859,318206,-640.3628003177042
123,3860,318270,-560.3384380213204
123,3861,318326,-481.07478574021326
123,3862,318394,-609.5022777287163
123,3863,318445,-356.38574378901484
123,3864,318513,-603.873608595766
123,3865,318594,-767.283127693292
123,3866,318659,-599.3534298652112
123,3867,318736,-833.7297218990309
123,3868,318799,-540.795758050139
123,3869,318852,-445.7886159701492
123,3870,318916,-501.7639617862223
123,3871,318984,-601.1460152068097
123,3872,319072,-1034.1756161039837
123,3873,319128,-533.327976329429
123,3874,319194,-571.0564453836703
123,3875,319271,-688.784514999534
123,3876,319322,-338.9569213287573
123,3877,319387,-489.80629309824167
123,3878,319468,-710.5089084836069
123,3879,319521,-436.07731840816916
123,3880,319576,-484.57260609361396
123,3881,319627,-398.5598129450607
123,3882,319700,-424.2652914979807
123,3883,319759,-423.7856691595214
123,3884,319827,-568.5224417084412
123,3885,319891,-596.2024194893031
123,3886,319948,-475.2273364062314
123,3887,320005,-489.82943190359435
123,3888,320065,-435.0272856017021
123,3889,320130,-519.6428171330565
123,3890,320198,-637.1503497217029
123,3891,320259,-456.6294649780196
123,3892,320323,-525.3836125762434
123,3893,320391,-587.9984157679514
123,3894,320476,-875.1144838414682
123,3895,320533,-401.3568016526647
123,3896,320603,-572.4018397731791
123,3897,320684,-727.2052411230343
123,3898,320742,-527.545730030416
123,3899,320828,-938.0963752109991
123,3900,320887,-369.93229803040924
123,3901,320948,-564.063590787171
123,3902,321009,-562.2474921003645
123,3903,321072,-505.80049198623533
123,3904,321139,-627.5947425231398
123,3905,321221,-716.0359467439954
123,3906,321277,-461.50347963611296
123,3907,321351,-635.2668186285669
123,3908,321403,-384.28739338140537
123,3909,321487,-727.1313303326494
123,3910,321539,-342.66817096339975
123,3911,321602,-520.0939452343121
123,3912,321655,-433.48243743816477
123,3913,321715,-525.6848698479437
123,3914,321776,-580.2268420513014
123,3915,321830,-314.14272917066273
123,3916,321908,-730.83245180792
123,3917,321992,-778.2319600850648
123,3918,322056,-615.9151211500227
123,3919,322128,-516.7755300371213
123,3920,322209,-523.5784613800532
123,3921,322277,-512.0006256071406
123,3922,322331,-429.0492585865247
123,3923,322393,-529.1091147415302
123,3924,322456,-480.88748127097756
123,3925,322521,-472.62024634351843
123,3926,322587,-521.0536691738279
123,3927,322651,-552.8922225224671
123,3928,322722,-463.920191679288
123,3929,322787,-620.4148198352013
123,3930,322845,-479.38344006783245
123,3931,322918,-469.11056739317405
123,3932,322984,-511.6852222939127
123,3933,323038,-436.1696398192489
123,3934,323100,-563.6166272694654
123,3935,323162,-408.9457775279221
123,3936,323244,-683.2587908265036
123,3937,323323,-675.1828673238771
123,3938,323377,-362.94250086639016
123,3939,323428,-295.1968924148588
123,3940,323503,-618.1038662065303
123,3941,323569,-521.6061923032773
123,3942,323628,-492.87703472799035
123,3943,323697,-652.289347461823
123,3944,323768,-667.011653965608
123,3945,323818,-319.0893926240326
123,3946,323888,-560.80813741596
123,3947,323957,-498.25442803455786
123,3948,324012,-479.1209930536918
123,3949,324069,-434.8819780292959
123,3950,324128,-477.46606351999793
123,3951,324191,-564.549257824284
123,3952,324279,-942.1447176246103
123,3953,324342,-456.28480620814616
123,3954,324415,-543.6030924832927
123,3955,324465,-360.71608841264214
123,3956,324552,-773.9220360440843
123,3957,324613,-382.1239183525855
123,3958,324690,-504.39860882210155
123,3959,324742,-377.98722195865236
123,3960,324805,-446.4827553685021
123,3961,324899,-1052.9125739888295
123,3962,324972,-492.8638539097457
123,3963,325032,-454.523064614842
123,3964,325090,-414.7143021897469
123,3965,325149,-550.9231664263656
123,3966,325222,-544.4350020092136
123,3967,325280,-524.947306507485
123,3968,325346,-473.2620633040416
123,3969,325403,-398.5034795533417
123,3970,325471,-544.329344980735
123,3971,325524,-382.5777827688506
123,3972,325604,-683.2129292618015
123,3973,325674,-555.3848881462573
123,3974,325745,-508.67238216403564
123,3975,325807,-489.1055995586546
123,3976,325882,-750.8006757974385
123,3977,325951,-579.7332366772152
123,3978,326036,-789.6657011506791
123,3979,326117,-702.7039859320056
123,3980,326176,-517.3599360868775
123,3981,326236,-440.73421381604277
123,3982,326322,-773.9627797406744
123,3983,326385,-489.38581575172014
123,3984,326470,-728.627353221942
123,3985,326544,-504.6042412915632
123,3986,326622,-839.9297286583281
123,3987,326680,-505.6677956714719
123,3988,326754,-504.36714599264167
123,3989,326838,-890.530402016514
123,3990,326913,-670.5496609399488
123,3991,326983,-621.511997329071
123,3992,327042,-481.56966760275816
123,3993,327109,-509.02411543511164
123,3994,327179,-537.2976658201012
123,3995,327249,-422.5825375205286
123,3996,327305,-460.2964181835166
123,3997,327365,-474.24343343003665
123,3998,327447,-664.0299376004575
123,3999,327507,-555.8310472885444
123,4000,327571,-480.0657400825862
123,4001,327631,-508.3264950682451
123,4002,327702,-533.2073891971493
123,4003,327759,-480.7828693488895
123,4004,327835,-447.58234125714876
123,4005,327901,-449.8002720905893
123,4006,327953,-354.9957753226928
123,4007,328034,-752.0055315774009
123,4008,328100,-581.9269679562474
123,4009,328171,-639.7852918043855
123,4010,328225,-375.1904741004198
123,4011,328286,-500.5450576022024
123,4012,328356,-646.5550450935409
123,4013,328415,-451.2111637246275
123,4014,328481,-582.4873585419786
123,4015,328568,-796.6213204966298
123,4016,328618,-254.0446257599669
123,4017,328671,-427.2402092838113
123,4018,328746,-733.9094417522716
123,4019,328814,-539.0006251894251
123,4020,328883,-611.0755271448454
123,4021,328969,-747.4300671478985
123,4022,329054,-749.3612825630921
123,4023,329109,-330.2315904447253
123,4024,329165,-378.53027165192844
123,4025,329236,-695.4238512139243
123,4026,329298,-510.1771807632911
123,4027,329353,-463.96840573356945
123,4028,329407,-477.7265913752416
123,4029,329492,-789.0575568196599
123,4030,329552,-417.5344683645882
123,4031,329603,-287.5764777209574
123,4032,329679,-507.12712867360165
123,4033,329761,-935.9559361498212
123,4034,329812,-354.67591767009463
123,4035,329880,-529.6134551676122
123,4036,329939,-545.1330474438978
123,4037,330001,-432.19850761851586
123,4038,330080,-643.1164644526744
123,4039,330148,-541.0733270554392
123,4040,330217,-524.6916706887584
123,4041,330287,-630.6851088610456
123,4042,330374,-834.4037418526351
123,4043,330426,-319.4198911062682
123,4044,330506,-769.7375290688399
123,4045,330567,-436.12938475643546
123,4046,330627,-507.5408672473745
123,4047,330680,-424.059713630099
123,4048,330771,-866.364522593157
123,4049,330835,-590.0084151366909
123,4050,330884,-363.54578450925237
123,4051,330947,-501.31311906263556
123,4052,331002,-392.65911833513206
123,4053,331078,-719.7253862167141
123,4054,331161,-740.0883529126287
123,4055,331226,-542.9471755470379
123,4056,331277,-376.36477144826847
123,4057,331360,-709.0070129341464
123,4058,331410,-333.11044767200866
123,4059,331474,-502.25044261290515
123,4060,331527,-370.18153554783476
123,4061,331608,-705.5088072464143
123,4062,331677,-598.1569689818471
123,4063,331747,-529.7976862935011
123,4064,331829,-803.3519811727147
123,4065,331885,-481.9588824975111
123,4066,331942,-515.5014881733207
123,4067,332004,-509.2544926091276
123,4068,332088,-764.5510777394592
123,4069,332168,-705.0463331994872
123,4070,332220,-306.112084415994
123,4071,332304,-710.1040457915888
123,4072,332378,-502.07975996348796
123,4073,332462,-865.6725798807776
123,4074,332534,-507.95148506564726
123,4075,332616,-760.3162855977858
123,4076,332690,-647.0910097371302
123,4077,332754,-477.65579190087635
123,4078,332830,-505.472544447981
123,4079,332899,-568.7887658495551
123,4080,332952,-379.9806732351171
123,4081,333029,-603.8688220941976
123,4082,333091,-519.723632087249
123,4083,333147,-411.15658447345004
123,4084,333221,-731.2098108075309
123,4085,333298,-519.1024031013422
123,4086,333352,-466.6377451402574
123,4087,333435,-778.0983108390244
123,4088,333487,-452.69071170654246
123,4089,333557,-476.49253953029745
123,4090,333609,-341.6556761252566
123,4091,333670,-505.65533975476035
123,4092,333750,-787.9803871533729
123,4093,333805,-382.83095775019495
123,4094,333856,-406.43974634232643
123,4095,333945,-968.5504526471118
123,4096,333995,-371.3995569946066
123,4097,334049,-437.1755543732542
123,4098,334123,-700.9973911285524
123,4099,334185,-503.87161118400604
123,4100,334253,-634.4876433192738
123,4101,334338,-880.8666002036932
123,4102,334421,-757.7508827107295
123,4103,334503,-702.717860000023
123,4104,334563,-399.3859687446275
123,4105,334629,-588.7587442733001
123,4106,334695,-485.9425304416727
123,4107,334748,-361.80736833496576
123,4108,334799,-375.5649394237669
123,4109,334876,-436.00264918167636
123,4110,334932,-495.01264015586077
123,4111,334985,-466.6731267279815
123,4112,335036,-373.74296964206945
123,4113,335088,-365.1691520174608
123,4114,335170,-784.3838736185307
123,4115,335254,-871.9451431357278
123,4116,335328,-489.58727312788517
123,4117,335397,-541.5050530000044
123,4118,335479,-658.6453710215504
123,4119,335555,-777.6975453004369
123,4120,335621,-612.0135214712905
123,4121,335676,-497.7966287093409
123,4122,335727,-414.9994158591356
123,4123,335809,-425.8824835866252
123,4124,335863,-368.3086532116916
123,4125,335915,-472.277201632218
123,4126,335967,-297.5181181980689
123,4127,336042,-455.12194196828784
123,4128,336129,-773.1612403791162
123,4129,336206,-814.2791351589241
123,4130,336267,-440.1243774280564
123,4131,336345,-734.5771897324829
123,4132,336400,-365.64259338416207
123,4133,336480,-785.1099250730737
123,4134,336561,-792.5677077869634
123,4135,336653,-1039.0165373572356
123,4136,336711,-459.52371948866755
123,4137,336778,-540.5164247870689
123,4138,336851,-726.7194884830732
123,4139,336931,-802.1314182853055
123,4140,337012,-771.9622877135928
123,4141,337077,-604.9578988681035
123,4142,337161,-380.63938188523883
123,4143,337245,-909.0956441384172
123,4144,337328,-757.1140272922705
123,4145,337390,-476.9911740962555
123,4146,337449,-522.8017051629627
123,4147,337565,-563.0458270970657
123,4148,337640,-706.9076478836055
123,4149,337708,-555.6776399711277
123,4150,337771,-539.7852457716517
123,4151,337845,-590.8582218779356
123,4152,337906,-514.2390132499493
123,4153,337967,-432.58580572440366
123,4154,338038,-498.42728237366407
123,4155,338096,-437.29897508958385
123,4156,338163,-475.285297941919
123,4157,338221,-479.4666864258706
123,4158,338281,-529.6359673831332
123,4159,338336,-410.94170663620605
123,4160,338390,-457.394331818973
123,4161,338444,-385.0547474117262
123,4162,338514,-681.4744708243984
123,4163,338592,-816.863390644634
123,4164,338643,-319.6110249735924
123,4165,338705,-551.8824311011613
123,4166,338799,-491.2715261750552
123,4167,338851,-450.9052470349503
123,4168,338906,-369.1977626231049
123,4169,338962,-433.116592505536
123,4170,339031,-562.5398946028668
123,4171,339115,-755.973252016662
123,4172,339182,-527.2306097403334
123,4173,339255,-679.6039882041892
123,4174,339310,-367.7970419302887
123,4175,339397,-902.0003189169221
123,4176,339459,-466.74507670161194
123,4177,339515,-501.83113332988484
123,4178,339574,-480.97645892466414
123,4179,339648,-496.04153516750364
123,4180,339704,-351.1241334756992
123,4181,339761,-420.0073648053107
123,4182,339826,-597.4442921625584
123,4183,339923,-1068.2600334167773
123,4184,339975,-264.6740496356973
123,4185,340053,-687.5109998330845
123,4186,340108,-361.58360619603184
123,4187,340188,-701.161268173623
123,4188,340239,-319.9002867622652
123,4189,340321,-738.7316707950164
123,4190,340377,-423.36207415024563
123,4191,340459,-827.1219535522781
123,4192,340514,-476.8266341903565
123,4193,340568,-504.6825912161204
123,4194,340638,-475.8741875566019
123,4195,340714,-586.9557473659895
123,4196,340789,-773.6766306189165
123,4197,340846,-483.5879342836188
123,4198,340908,-567.9704140565499
123,4199,340966,-468.4839460773316
123,4200,341047,-686.4706779134584
123,4201,341116,-592.7343882646614
123,4202,341170,-466.0514042159667
123,4203,341228,-531.7179737710273
123,4204,341286,-526.0889539067937
123,4205,341357,-474.91601102206596
123,4206,341416,-426.87761202049774
123,4207,341483,-504.17991548855036
123,4208,341555,-479.1724378921534
123,4209,341633,-710.7694340206835
123,4210,341694,-552.6058741952322
123,4211,341779,-816.1556176861851
123,4212,341831,-434.06508747986044
123,4213,341888,-351.56683823469155
123,4214,342005,-596.6867896925377
123,4215,342072,-505.38381115224445
123,4216,342154,-425.6632290741974
123,4217,342224,-579.4937462001981
123,4218,342281,-495.7474694595007
123,4219,342339,-458.80560170798987
123,4220,342395,-464.0897091672523
123,4221,342472,-846.2551888272216
123,4222,342529,-485.1429001789263
123,4223,342586,-509.78697065182166
123,4224,342669,-863.6073050823527
123,4225,342745,-763.9218243123877
123,4226,342819,-489.66094605022374
123,4227,342878,-528.9294828618858
123,4228,342937,-454.18795678503864
123,4229,343020,-773.6125651540004
123,4230,343103,-870.0642416510901
123,4231,343185,-742.8059948707624
123,4232,343239,-383.04675529416403
123,4233,343302,-565.2161567761402
123,4234,343365,-543.4433065135992
123,4235,343451,-772.8088326022223
123,4236,343514,-554.6813888334445
123,4237,343572,-415.97295761705857
123,4238,343647,-629.9652062591872
123,4239,343700,-454.42457672946006
123,4240,343752,-347.169856147318
123,4241,343804,-416.3601732061809
123,4242,343856,-379.54391413560177
123,4243,343927,-676.9053951513671
123,4244,343990,-467.8975139568369
123,4245,344074,-874.4078622845705
123,4246,344133,-485.3309055000366
123,4247,344185,-371.1994081952883
123,4248,344258,-696.0157654211821
123,4249,344326,-491.0434714097473
123,4250,344411,-761.8807048604889
123,4251,344491,-455.36811942868235
123,4252,344569,-439.3365580063788
123,4253,344637,-656.2449277861259
123,4254,344713,-513.2291940324096
123,4255,344793,-713.6922419724322
123,4256,344854,-553.8492928089538
123,4257,344938,-400.5684934695715
123,4258,345024,-779.7847128386459
123,4259,345080,-355.842950952964
123,4260,345145,-465.72067450742554
123,4261,345219,-673.2093128570409
123,4262,345271,-331.2151677587063
123,4263,345333,-593.2037209250283
123,4264,345417,-747.8066796438349
123,4265,345492,-605.831059509501
123,4266,345546,-464.1541359371646
123,4267,345625,-670.747722845186
123,4268,345710,-734.8059585033367
123,4269,345780,-673.4704318713689
123,4270,345850,-674.6633118540477
123,4271,345936,-885.8372278217705
123,4272,345993,-458.8894066940639
123,4273,346049,-489.3432559380834
123,4274,346106,-491.90569808169846
123,4275,346186,-460.48923744614615
123,4276,346242,-491.3687152517431
123,4277,346307,-510.4334723123665
123,4278,346385,-750.5728144520218
123,4279,346472,-672.8520393484
123,4280,346534,-553.2082677021573
123,4281,346610,-812.7153287717243
123,4282,346696,-781.5220783096826
123,4283,346770,-448.4226472319996
123,4284,346840,-664.3654721528821
123,4285,346903,-585.5577416870331
123,4286,346956,-368.4836218289341
123,4287,347007,-351.61328005627377
123,4288,347084,-680.2714118023489
123,4289,347147,-481.704338763005
123,4290,347201,-354.66368342020235
123,4291,347266,-578.1508389252594
123,4292,347329,-470.47782762861937
123,4293,347385,-495.1384046242746
123,4294,347457,-624.5195722055802
123,4295,347535,-796.6675348469918
123,4296,347608,-751.0867084446021
123,4297,347662,-404.8345655085237
123,4298,347714,-432.7376907173778
123,4299,347799,-831.0759125978495
123,4300,347853,-475.75189337564717
123,4301,347917,-456.1249487845545
123,4302,347968,-338.58051753546346
123,4303,348044,-686.5233946553373
123,4304,348111,-535.7507774206686
123,4305,348165,-477.3050524069905
123,4306,348225,-462.5755215230838
123,4307,348297,-559.0998076653518
123,4308,348407,-982.5957249255498
123,4309,348465,-477.76202473233394
123,4310,348524,-523.4666368309126
123,4311,348596,-718.6880356175081
123,4312,348672,-493.4057877391182
123,4313,348737,-596.0171518564939
123,4314,348797,-421.73789841345666
123,4315,348876,-765.8581350660751
123,4316,348929,-346.5141257136063
123,4317,348989,-535.8324948551128
123,4318,349067,-800.4915735493405
123,4319,349148,-684.2496647683245
123,4320,349220,-714.5350753480935
123,4321,349299,-494.8400104274078
123,4322,349360,-504.518863222043
123,4323,349430,-586.9078773277467
123,4324,349480,-249.7844408433135
123,4325,349531,-320.6256604488218
123,4326,349611,-659.8776087568181
123,4327,349683,-563.8848958826698
123,4328,349755,-641.7753108831636
123,4329,349806,-340.68278782707955
123,4330,349863,-422.7658997496933
123,4331,349934,-545.2869302280516
123,4332,350021,-983.6721348597715
123,4333,350071,-330.9173126323751
123,4334,350145,-680.5274976796435
123,4335,350211,-496.12538765640966
123,4336,350270,-433.88944931406695
123,4337,350330,-431.9634550917722
123,4338,350396,-553.6071854708282
123,4339,350475,-683.2885583453368
123,4340,350529,-358.6973734333722
123,4341,350609,-663.0151036671166
123,4342,350664,-329.20475422531666
123,4343,350743,-687.5135842848687
123,4344,350805,-558.4441557826456
123,4345,350859,-359.6702833413468
123,4346,350918,-409.7334909255419
123,4347,351048,-856.3917311913056
123,4348,351109,-415.929595089552
123,4349,351159,-408.8916742415008
123,4350,351225,-517.9326812392595
123,4351,351283,-538.454223391408
123,4352,351348,-556.0804270598228
123,4353,351430,-431.5459607063274
123,4354,351507,-724.1164416782752
123,4355,351574,-508.81761285321176
123,4356,351623,-371.40922237773435
123,4357,351707,-777.9109954870569
123,4358,351758,-412.0761247817071
123,4359,351810,-385.7960858606113
123,4360,351868,-514.3512566842062
123,4361,351922,-370.5990059792164
123,4362,352016,-1110.1675705250068
123,4363,352072,-341.2585846513457
123,4364,352150,-773.1374123020738
123,4365,352202,-276.69366949206517
123,4366,352255,-380.47616253065746
123,4367,352310,-475.84152685392013
123,4368,352382,-554.0720112180422
123,4369,352440,-408.4932522935899
123,4370,352526,-794.4793259186937
123,4371,352599,-481.26907998717536
123,4372,352665,-624.2247263089805
123,4373,352743,-814.7330594473844
123,4374,352809,-618.4336713057495
123,4375,352879,-637.4154420999122
123,4376,352949,-686.4030979059733
123,4377,353001,-340.49359059402593
123,4378,353064,-598.2799762233659
123,4379,353137,-648.0853679527645
123,4380,353201,-574.2237369251557
123,4381,353266,-532.9770253849501
123,4382,353327,-442.38184677946157
123,4383,353386,-527.7645354159386
123,4384,353438,-416.9554554523978
123,4385,353493,-459.5846881203575
123,4386,353545,-393.70424972365794
123,4387,353607,-561.5312761000636
123,4388,353663,-419.39602458783537
123,4389,353718,-382.51971471858235
123,4390,353781,-486.1503757960815
123,4391,353844,-486.23454896287313
123,4392,353915,-596.9539761493394
123,4393,353998,-752.1870259967019
123,4394,354060,-445.86856882355255
123,4395,354135,-749.8081159583219
123,4396,354193,-417.35485111969035
123,4397,354243,-386.0632172371105
123,4398,354327,-747.8299867041968
123,4399,354390,-592.3829902151627
123,4400,354442,-428.9020620766392
123,4401,354492,-298.57312915719376
123,4402,354569,-846.1216593120131
123,4403,354622,-460.7834368915553
123,4404,354682,-436.93839295667965
123,4405,354736,-449.26373327017836
123,4406,354816,-694.1824857950149
123,4407,354873,-439.4040304971917
123,4408,354930,-483.66894979514456
123,4409,355000,-549.2032159025213
123,4410,355073,-475.6250652556787
123,4411,355139,-573.3722619500488
123,4412,355202,-572.0013823224565
123,4413,355265,-564.4847395476942
123,4414,355343,-725.2435763168153
123,4415,355419,-435.61714948356894
123,4416,355480,-521.1196004309224
123,4417,355537,-458.65596011815444
123,4418,355619,-718.2922695836902
123,4419,355673,-458.62495390445383
123,4420,355724,-357.49845066003024
123,4421,355808,-743.900693017735
123,4422,355862,-432.8512615767988
123,4423,355913,-445.30517682579773
123,4424,355971,-469.7198057006879
123,4425,356097,-827.4631907585496
123,4426,356152,-484.3661587352038
123,4427,356227,-697.1815608516664
123,4428,356292,-531.6364496141205
123,4429,356350,-401.1058307290437
123,4430,356431,-827.9489015385897
123,4431,356516,-780.6015011556825
123,4432,356592,-732.6913651332366
123,4433,356661,-539.2506459433664
123,4434,356718,-457.4877692841558
123,4435,356777,-423.1021379316194
123,4436,356852,-558.7598783631753
123,4437,356940,-758.4037629191247
123,4438,357003,-576.5163166125739
123,4439,357077,-579.6802352566413
123,4440,357130,-361.2350528899058
123,4441,357193,-566.2239485634996
123,4442,357265,-640.2013776760737
123,4443,357347,-663.1108082053893
123,4444,357427,-696.9129732478928
123,4445,357492,-568.9272554338825
123,4446,357544,-363.91563607674203
123,4447,357611,-549.7442276725078
123,4448,357693,-845.476659800623
123,4449,357758,-482.3009253785348
123,4450,357809,-448.4400778300564
123,4451,357887,-711.6311802682146
123,4452,357943,-491.31831104876284
123,4453,358014,-482.6231736586594
123,4454,358078,-576.5840647391053
123,4455,358146,-664.8620891922677
123,4456,358198,-394.8068916889053
123,4457,358261,-600.1862122885592
123,4458,358324,-594.22579367668
123,4459,358389,-526.3847495477313
123,4460,358457,-598.4734047641639
123,4461,358517,-543.5009520456141
123,4462,358600,-971.7571434780742
123,4463,358666,-472.31187124852244
123,4464,358736,-461.38188721093456
123,4465,358855,-633.907759857963
123,4466,358911,-500.2269759860738
123,4467,358961,-328.6184557868976
123,4468,359015,-390.219027607865
123,4469,359099,-738.902315462411
123,4470,359149,-310.3839381621099
123,4471,359235,-743.5460467402063
123,4472,359306,-562.7501701850667
123,4473,359357,-336.36083473015515
123,4474,359446,-1078.5836712737023
123,4475,359505,-417.84542111357126
123,4476,359556,-403.1292560921988
123,4477,359606,-435.2937192948149
123,4478,359658,-419.3165372694755
123,4479,359723,-581.6621978970375
123,4480,359806,-830.4573533877215
123,4481,359868,-576.9387728537794
123,4482,359950,-890.4430672587665
123,4483,360059,-393.3596424867108
123,4484,360109,-363.8794934636951
123,4485,360191,-805.2515085487698
123,4486,360275,-763.0529670282492
123,4487,360356,-723.7972309097521
123,4488,360406,-375.03630964402345
123,4489,360464,-461.4217566738752
123,4490,360515,-326.1777893308896
123,4491,360573,-502.26255733484254
123,4492,360641,-462.86924205063247
123,4493,360699,-380.8170197021067
123,4494,360760,-472.87421914367366
123,4495,360830,-574.3839682995401
123,4496,360884,-338.80133657709473
123,4497,360943,-422.1428151397155
123,4498,360990,-386.06616674884765
123,4499,361048,-501.79230357921483
123,4500,361132,-781.3446336763974
123,4501,361185,-468.8180621105139
123,4502,361256,-631.0828313428831
123,4503,361319,-477.1193692292845
123,4504,361393,-783.5270821908654
123,4505,361464,-494.8858656711666
123,4506,361543,-810.2229655748678
123,4507,361601,-431.8165043183025
123,4508,361681,-790.5583741913943
123,4509,361762,-641.4747325605342
123,4510,361859,-1049.678772384369
123,4511,361928,-540.0361343377978
123,4512,361985,-469.54857075955033
123,4513,362041,-458.5706485588974
123,4514,362092,-366.05592048621264
123,4515,362147,-473.4310495665722
123,4516,362219,-551.9558979417327
123,4517,362302,-737.6257330490437
123,4518,362379,-466.2274565957583
123,4519,362461,-790.4589191170408
123,4520,362514,-432.3846820854475
123,4521,362573,-472.6916077571502
123,4522,362651,-639.9303873073594
123,4523,362732,-702.5881433140065
123,4524,362806,-714.2453966119216
123,4525,362867,-577.3867725319731
123,4526,362917,-404.94902847703935
123,4527,362973,-475.6020012124845
123,4528,363032,-418.17973117031704
123,4529,363089,-380.2676438560472
123,4530,363142,-465.2516324377883
123,4531,363210,-564.1185905553922
123,4532,363287,-492.8288584237638
123,4533,363342,-456.2821785323628
123,4534,363411,-626.8514297136994
123,4535,363473,-464.72214204646497
123,4536,363555,-725.2193051027826
123,4537,363636,-780.0006561569261
123,4538,363690,-373.20000679278786
123,4539,363754,-453.11329604876283
123,4540,363807,-421.6303604846225
123,4541,363891,-808.5814012632054
123,4542,363967,-717.2055149543156
123,4543,364044,-806.7475062397328
123,4544,364097,-352.6929419956141
123,4545,364159,-515.903681136198
123,4546,364228,-542.9192284152587
123,4547,364286,-461.73822720778287
123,4548,364364,-772.1001718283854
123,4549,364422,-401.0964690963885
123,4550,364486,-470.6802801719643
123,4551,364560,-671.5508226064056
123,4552,364624,-602.9312737383526
123,4553,364674,-400.6828219334683
123,4554,364749,-713.6909397831855
123,4555,364824,-693.3846661735913
123,4556,364881,-402.6434002159051
123,4557,364953,-591.4143827210892
123,4558,365012,-510.42833377762963
123,4559,365068,-414.8515687773538
123,4560,365154,-759.1208856543033
123,4561,365208,-430.22891993805257
123,4562,365291,-765.394907066046
123,4563,365347,-456.1879318244856
123,4564,365413,-521.3883647660477
123,4565,365470,-509.09502917124337
123,4566,365524,-474.72598101756574
123,4567,365574,-373.12181821868637
123,4568,365639,-605.507924588911
123,4569,365718,-817.347728108778
123,4570,365776,-497.83859620800695
123,4571,365834,-491.5197585913844
123,4572,365896,-535.3751020633413
123,4573,365961,-546.896886083056
123,4574,366048,-764.5695385624521
123,4575,366115,-637.4474725509383
123,4576,366165,-306.7209266907082
123,4577,366249,-629.369898541029
123,4578,366315,-647.3303974118788
123,4579,366396,-778.560882676025
123,4580,366454,-482.70517360738506
123,4581,366519,-489.6914940528875
123,4582,366585,-606.4672871403179
123,4583,366657,-440.50936745164256
123,4584,366713,-467.70470246807446
123,4585,366795,-887.4113304765898
123,4586,366854,-545.0575545042675
123,4587,366904,-408.38881326427975
123,4588,366979,-666.4117210397109
123,4589,367038,-427.0446039391581
123,4590,367117,-717.7318541173403
123,4591,367184,-600.3381962598941
123,4592,367237,-460.52573871858834
123,4593,367288,-324.29866362093185
123,4594,367367,-791.7458893873509
123,4595,367428,-527.6501285824338
123,4596,367546,-602.2682284053753
123,4597,367603,-382.1956366032908
123,4598,367664,-539.9320605388742
123,4599,367725,-531.5083023327211
123,4600,367779,-422.0956206190915
123,4601,367835,-459.093343774113
123,4602,367894,-511.2366621487457
123,4603,367978,-755.302025583898
123,4604,368046,-614.8193794026196
123,4605,368122,-743.4549241715208
123,4606,368195,-468.3968099517384
123,4607,368275,-390.60980030840705
123,4608,368332,-416.62128808364145
123,4609,368397,-501.97042765282083
123,4610,368451,-374.3611925155044
123,4611,368518,-640.8443326255933
123,4612,368596,-787.5703706471501
123,4613,368679,-625.5319073058027
123,4614,368755,-494.4085311209443
123,4615,368808,-359.023793213218
123,4616,368859,-414.3103891645456
123,4617,368910,-424.4429112856375
123,4618,368989,-776.661839076511
123,4619,369041,-428.6762935679801
123,4620,369112,-564.2578430340598
123,4621,369162,-413.50488806980513
123,4622,369214,-303.0490168651331
123,4623,369298,-768.3286168774124
123,4624,369360,-471.55764315910966
123,4625,369452,-317.0364826206048
123,4626,369535,-738.0744985999095
123,4627,369602,-518.2927844593657
123,4628,369674,-513.8990185913017
123,4629,369726,-399.92942838999744
123,4630,369777,-342.0214911935716
123,4631,369840,-488.66677796837826
123,4632,369924,-823.6023602124162
123,4633,369984,-422.3707226095116
123,4634,370053,-499.14181364450803
123,4635,370103,-314.1269728391992
123,4636,370150,-385.5929262075995
123,4637,370219,-540.951259135694
123,4638,370277,-482.122605478912
123,4639,370352,-563.1461737523391
123,4640,370408,-419.7670543908598
123,4641,370486,-520.8199083917076
123,4642,370546,-545.7383422037949
123,4643,370618,-554.0447376098223
123,4644,370677,-409.59167697446316
123,4645,370758,-751.0554453575807
123,4646,370815,-442.6894310733891
123,4647,370876,-473.8296949034464
123,4648,370929,-416.48841225281774
123,4649,371014,-821.4014519681583
123,4650,371081,-580.9375154000716
123,4651,371159,-671.9874009594919
123,4652,371235,-639.4625726599428
123,4653,371295,-459.1860339339675
123,4654,371351,-402.12191988667286
123,4655,371401,-413.0586086613014
123,4656,371465,-477.41387065623394
123,4657,371517,-365.8258017400452
123,4658,371588,-565.6421963008814
123,4659,371649,-469.6326332818747
123,4660,371733,-954.3126911181575
123,4661,371793,-567.7620757703585
123,4662,371875,-796.5123900042165
123,4663,371935,-484.9580573042554
123,4664,371994,-508.5913035751279
123,4665,372050,-455.1951244138074
123,4666,372101,-329.78247595235746
123,4667,372163,-573.9670110242478
123,4668,372222,-521.6844411082043
123,4669,372302,-796.6972454349458
123,4670,372366,-570.9075080394697
123,4671,372440,-679.5628898951502
123,4672,372497,-371.2930242917985
123,4673,372572,-705.6933706456954
123,4674,372639,-583.9281645754081
123,4675,372693,-426.2159200557683
123,4676,372769,-593.850326834664
123,4677,372822,-449.7853849493195
123,4678,372908,-777.8733057635097
123,4679,372971,-563.2608690064865
123,4680,373047,-664.3202711455798
123,4681,373101,-450.9140120297814
123,4682,373164,-549.0261161507498
123,4683,373234,-508.4298694590998
123,4684,373286,-387.9050318070433
123,4685,373356,-570.2384339568273
123,4686,373444,-834.5415898396183
123,4687,373524,-895.4952233740029
123,4688,373582,-523.0539839667699
123,4689,373654,-705.9987516685719
123,4690,373728,-632.9565683312027
123,4691,373807,-691.4395282446617
123,4692,373860,-340.6248976051769
123,4693,373941,-661.9551979406735
123,4694,374010,-578.8896748445381
123,4695,374068,-389.60291020656285
123,4696,374147,-818.8667105685015
123,4697,374232,-830.6546463193179
123,4698,374303,-665.2859043805029
123,4699,374372,-594.9354236935046
123,4700,374440,-494.8796496651805
123,4701,374497,-354.9810402034584
123,4702,374563,-564.4651151933576
123,4703,374647,-768.0192211370432
123,4704,374725,-623.1115875067934
123,4705,374785,-513.7899001938679
123,4706,374846,-456.60613528316003
123,4707,374928,-775.1395558540831
123,4708,374987,-409.2751432261371
123,4709,375046,-526.6819776374363
123,4710,375098,-356.00750660087317
123,4711,375182,-638.3934177200922
123,4712,375252,-704.6237077949042
123,4713,375304,-342.9611600277764
123,4714,375360,-504.8407645143731
123,4715,375411,-427.7946319674426
123,4716,375465,-367.6802853169094
123,4717,375525,-466.5772569792435
123,4718,375596,-557.507110282052
123,4719,375655,-450.33981735088344
123,4720,375714,-530.1810306624877
123,4721,375797,-758.9473884287754
123,4722,375852,-354.1230784137323
123,4723,375909,-458.2474084680567
123,4724,375966,-486.6083810813661
123,4725,376023,-373.2111975914995
123,4726,376099,-430.79555938575027
123,4727,376170,-470.21402706313074
123,4728,376223,-336.17017808982746
123,4729,376299,-497.069435944121
123,4730,376357,-512.1920415882046
123,4731,376425,-651.0117414911856
123,4732,376513,-789.1209823254892
123,4733,376579,-533.4279620156112
123,4734,376655,-674.2938555827523
123,4735,376723,-536.9765504871347
123,4736,376807,-809.931880588404
123,4737,376861,-336.24504826815814
123,4738,376945,-758.017838652124
123,4739,377028,-947.213575014218
123,4740,377098,-636.3225957521273
123,4741,377162,-516.7886188913498
123,4742,377242,-849.2416861246445
123,4743,377292,-410.0192673319603
123,4744,377359,-615.7765228797891
123,4745,377412,-431.0565801135552
123,4746,377486,-788.0521806205286
123,4747,377563,-806.7012882243042
123,4748,377619,-379.0598246142122
123,4749,377731,-1033.8699141946586
123,4750,377798,-582.3286865518277
123,4751,377862,-479.68278648714465
123,4752,377943,-706.4785739611995
123,4753,378029,-870.8439620154462
123,4754,378093,-587.6186068571183
123,4755,378144,-302.61534840163256
123,4756,378209,-546.9478697388031
123,4757,378266,-491.87695018723815
123,4758,378321,-434.3529825880867
123,4759,378394,-486.26959366734377
123,4760,378467,-574.399991015377
123,4761,378521,-386.05552519275636
123,4762,378573,-382.5766087525544
123,4763,378622,-394.2035739964697
123,4764,378678,-386.63812418852206
123,4765,378741,-566.9464878322906
123,4766,378827,-904.0626729913826
123,4767,378896,-525.2119187963954
123,4768,378946,-327.00695539834703
123,4769,379005,-431.7890282058484
123,4770,379083,-789.6275250386308
123,4771,379157,-601.2076209941852
123,4772,379232,-706.2336479537554
123,4773,379285,-423.72405335264017
123,4774,379371,-978.416144445515
123,4775,379432,-433.994698420593
123,4776,379496,-465.9450434135165
123,4777,379568,-623.8349024933563
123,4778,379619,-321.4106563013874
123,4779,379674,-356.93057454710015
123,4780,379742,-539.2659017955555
123,4781,379802,-406.9191421221873
123,4782,379883,-779.7989019017836
123,4783,379980,-341.61828361212565
123,4784,380050,-540.2731307292908
123,4785,380112,-471.87306303663524
123,4786,380171,-443.33940245751864
123,4787,380223,-345.39368890920815
123,4788,380306,-686.9028351220984
123,4789,380370,-498.0994566521272
123,4790,380434,-586.8144456850976
123,4791,380513,-734.7260270876232
123,4792,380669,-595.3313720352919
123,4793,380719,-349.60062231735606
123,4794,380776,-398.68204931816456
123,4795,380854,-437.14712302719215
123,4796,380952,-880.4573561487114
123,4797,381005,-430.16970094574185
123,4798,381056,-291.632007996762
123,4799,381112,-430.3336070532346
123,4800,381169,-469.5831846579858
123,4801,381245,-461.4098275403919
123,4802,381311,-575.8073745999803
123,4803,381404,-1037.9848388409296
123,4804,381488,-793.6625246191209
123,4805,381570,-819.5158477474191
123,4806,381632,-586.8023502008969
123,4807,381706,-477.927795519454
123,4808,381790,-876.3456009745155
123,4809,381845,-487.83062574046545
123,4810,381907,-552.0348686498338
123,4811,381971,-460.03346352872114
123,4812,382028,-524.845674434373
123,4813,382090,-569.0207161669964
123,4814,382168,-799.392348920578
123,4815,382252,-843.8573850776645
123,4816,382308,-440.5532333597121
123,4817,382391,-837.6673578438491
123,4818,382458,-461.57485409637604
123,4819,382515,-485.17299071098415
123,4820,382580,-498.6786249441114
123,4821,382671,-1027.309480160225
123,4822,382742,-650.966842775823
123,4823,382805,-574.1416625818474
123,4824,382862,-547.3565409086499
123,4825,382925,-553.0190579621398
123,4826,382982,-394.05557540222145
123,4827,383036,-431.6857814817715
123,4828,383100,-497.57274174554834
123,4829,383185,-744.5073984626097
123,4830,383262,-442.27344062932264
123,4831,383347,-824.3054346845504
123,4832,383415,-512.5052948917495
123,4833,383478,-520.12606554495
123,4834,383539,-537.9579872588888
123,4835,383623,-859.9474540881541
123,4836,383674,-433.163689265802
123,4837,383731,-512.5595114741676
123,4838,383806,-666.9973488561499
123,4839,383860,-488.5465910865208
123,4840,383913,-469.74921552683753
123,4841,383963,-406.9575734190108
123,4842,384015,-453.4576303921221
123,4843,384100,-775.1745560337496
123,4844,384170,-516.7463694429921
123,4845,384228,-399.2798133250946
123,4846,384317,-938.7184931418028
123,4847,384373,-464.9439204735493
123,4848,384427,-431.7231345595704
123,4849,384484,-365.0691933708936
123,4850,384567,-698.9978543327849
123,4851,384636,-490.3116966077265
123,4852,384692,-412.968660647193
123,4853,384745,-439.0699097177611
123,4854,384805,-544.8380227821383
123,4855,384855,-351.8642830899108
123,4856,384923,-562.8170254204126
123,4857,384992,-546.9097635097486
123,4858,385076,-951.2718229062646
123,4859,385166,-664.7794683245895
123,4860,385217,-400.7408694440678
123,4861,385289,-574.9499602031656
123,4862,385364,-680.5519453701452
123,4863,385438,-566.5653554195949
123,4864,385507,-648.9390274411168
123,4865,385584,-673.4670715714078
123,4866,385657,-463.22795204590943
123,4867,385730,-715.6597897335905
123,4868,385806,-574.5854729017001
123,4869,385887,-835.7129089598417
123,4870,385959,-558.2042853143994
123,4871,386021,-537.8367296145916
123,4872,386078,-469.8664490458502
123,4873,386138,-541.5403210921686
123,4874,386207,-624.4528869874649
123,4875,386277,-570.8038195404913
123,4876,386361,-765.7559462601288
123,4877,386442,-647.0306096973479
123,4878,386521,-728.9716724586241
123,4879,386602,-765.1746448444095
123,4880,386654,-377.82218776258486
123,4881,386718,-402.76801030440487
123,4882,386775,-435.6429636804411
123,4883,386851,-812.6284922036182
123,4884,386905,-480.3867171831621
123,4885,386960,-468.96427839997347
123,4886,387015,-369.8468666919701
123,4887,387070,-495.61582876695945
123,4888,387123,-438.86529341417844
123,4889,387202,-753.6840044389868
123,4890,387251,-389.98612507617275
123,4891,387319,-468.8655010640118
123,4892,387379,-529.0512133178581
123,4893,387437,-432.82792569777473
123,4894,387515,-752.4338510059777
123,4895,387595,-693.048999997257
123,4896,387668,-510.18601470203737
123,4897,387723,-436.2374991292788
123,4898,387802,-823.1357050309147
123,4899,387855,-326.41286733726633
123,4900,387917,-489.4264131468515
123,4901,387975,-500.2142055523976
123,4902,388048,-720.1684513823486
123,4903,388110,-572.6303033256902
123,4904,388185,-470.41392248270824
123,4905,388253,-583.1441220436118
123,4906,388323,-634.0702277612676
123,4907,388397,-465.96165374809027
123,4908,388465,-603.5901784733061
123,4909,388514,-406.5940255198951
123,4910,388597,-898.8129146225049
123,4911,388663,-490.55114954143767
123,4912,388740,-594.6666829947028
123,4913,388802,-491.91162422414163
123,4914,388929,-569.5882412990923
123,4915,388994,-493.9532567926398
123,4916,389074,-499.75033950267084
123,4917,389135,-566.2191364032312
123,4918,389202,-475.52660777736656
123,4919,389308,-681.1440455315156
123,4920,389395,-816.2019337911004
123,4921,389448,-448.4932621594014
123,4922,389511,-449.1628299512966
123,4923,389563,-367.61014728891746
123,4924,389626,-576.9575636026594
123,4925,389685,-448.7654575566707
123,4926,389757,-637.4137885301222
123,4927,389819,-518.6809817633505
123,4928,389901,-707.6038312185884
123,4929,389990,-832.7922257890821
123,4930,390049,-485.9137431441041
123,4931,390108,-506.6047097819314
123,4932,390194,-377.42679148516623
123,4933,390275,-442.30334320616066
123,4934,390331,-369.65435555954093
123,4935,390401,-569.1858312228106
123,4936,390459,-505.7815740204511
123,4937,390542,-769.3935687116555
123,4938,390622,-829.1509737469846
123,4939,390706,-759.6399476308674
123,4940,390772,-588.6612290576406
123,4941,390823,-347.1570112342153
123,4942,390887,-512.837377822907
123,4943,390941,-424.32635762081793
123,4944,391020,-695.2199447281129
123,4945,391103,-809.4538405200122
123,4946,391180,-826.1326130531863
123,4947,391237,-417.7517943413426
123,4948,391301,-552.7222203823276
123,4949,391382,-817.118903524353
123,4950,391466,-927.7970648538193
123,4951,391542,-694.3754040410141
123,4952,391613,-562.3674902382272
123,4953,391672,-399.4297329325798
123,4954,391724,-350.94803617507273
123,4955,391798,-658.3790124774719
123,4956,391859,-500.04755005176804
123,4957,391940,-719.6263794347624
123,4958,391995,-458.06670266017056
123,4959,392069,-645.1949676611074
123,4960,392125,-392.4703299116269
123,4961,392185,-530.775985749663
123,4962,392271,-746.5942243768737
123,4963,392331,-546.399280090651
123,4964,392392,-434.8556328162853
123,4965,392504,-1126.2820370659458
123,4966,392592,-983.7161315003372
123,4967,392647,-498.80916043326687
123,4968,392714,-636.5383198339686
123,4969,392795,-777.3978876288965
123,4970,392853,-373.5906075648509
123,4971,392929,-488.5078166102277
123,4972,392991,-554.4617248915015
123,4973,393046,-371.48226166074073
123,4974,393130,-846.6573311314639
123,4975,393212,-768.4771448896416
123,4976,393280,-625.8657269903835
123,4977,393341,-440.86364988112115
123,4978,393391,-393.3031771778646
123,4979,393478,-943.1808030712333
123,4980,393542,-569.4969806726444
123,4981,393605,-461.99770999663883
123,4982,393666,-591.0430311152004
123,4983,393736,-529.1456189142684
123,4984,393787,-403.61230287368704
123,4985,393866,-744.0642853307404
123,4986,393931,-589.1979095887102
123,4987,393998,-629.152692422587
123,4988,394059,-450.57023763887855
123,4989,394117,-419.13110464451717
123,4990,394183,-510.95097870308115
123,4991,394249,-613.1146279089803
123,4992,394325,-566.6150700537837
123,4993,394412,-735.6471600943327
123,4994,394496,-763.9742151920314
123,4995,394578,-667.9129367576776
123,4996,394657,-764.4674286361263
123,4997,394728,-587.8301624929697
123,4998,394780,-447.9209450465692
123,4999,394836,-503.63350094043443
123,5000,394919,-870.6425987617633
123,5001,394977,-503.79122664165885
123,5002,395047,-653.8758666256005
123,5003,395104,-500.635904163525
123,5004,395178,-475.746799365749
123,5005,395263,-893.8895829535041
123,5006,395324,-530.0589703699677
123,5007,395399,-445.18248119853735
123,5008,395458,-495.24844777211547
123,5009,395519,-523.8917823525401
123,5010,395599,-725.5201155296145
123,5011,395681,-929.4084870400867
123,5012,395763,-611.7316785883593
123,5013,395817,-477.1090108752682
123,5014,395896,-733.2387693226126
123,5015,395956,-571.8401129171214
123,5016,396007,-322.31033884844794
123,5017,396064,-506.1101764781408
123,5018,396125,-547.466397487611
123,5019,396205,-666.0342755212463
123,5020,396291,-883.1209360608758
123,5021,396349,-528.1865538203649
123,5022,396429,-620.3615248224019
123,5023,396490,-466.94962924023736
123,5024,396573,-735.7796167198632
123,5025,396639,-461.5262814007073
123,5026,396692,-388.3611931106006
123,5027,396772,-731.8654185774523
123,5028,396833,-456.28174876379285
123,5029,396892,-444.58887552154243
123,5030,396980,-357.6855443911074
123,5031,397055,-638.3929294714683
123,5032,397108,-394.27945679699224
123,5033,397171,-485.240513940496
123,5034,397243,-586.0014022830962
123,5035,397330,-837.0376383238012
123,5036,397387,-395.6518734122217
123,5037,397459,-562.336691860215
123,5038,397530,-473.5183296674935
123,5039,397592,-525.1069654151605
123,5040,397642,-351.13888254576966
123,5041,397698,-458.74862456334137
123,5042,397770,-504.91111171083753
123,5043,397834,-480.9880616574031
123,5044,397893,-451.352153581862
123,5045,397976,-696.2349835427173
123,5046,398045,-543.9432632111967
123,5047,398112,-602.709562188857
123,5048,398186,-724.4744743093374
123,5049,398235,-419.7953801048649
123,5050,398320,-887.6937672983581
123,5051,398387,-502.09401726957634
123,5052,398444,-386.67421519453404
123,5053,398496,-415.7204167058975
123,5054,398576,-885.6508109157545
123,5055,398640,-503.2475610709758
123,5056,398726,-859.5842933530455
123,5057,398782,-394.8280310803219
123,5058,398833,-321.18807315504444
123,5059,398893,-490.1555953510693
123,5060,398971,-763.2456199918968
123,5061,399047,-759.3463287478443
123,5062,399108,-435.4385170401494
123,5063,399184,-717.6671362828777
123,5064,399241,-414.23418018400895
123,5065,399297,-508.53247572184233
123,5066,399350,-447.083717798666
123,5067,399413,-446.24509274519943
123,5068,399483,-629.1490712600499
123,5069,399549,-582.0860927707316
123,5070,399623,-644.3991609374709
123,5071,399691,-609.9487133941618
123,5072,399769,-788.7239237550702
123,5073,399833,-491.47238534093805
123,5074,399891,-515.9301311945488
123,5075,399948,-512.6029524376598
123,5076,400011,-497.8522123025333
123,5077,400086,-787.7258489209729
123,5078,400159,-581.1635240012859
123,5079,400222,-551.4239044860187
123,5080,400277,-432.2718583157735
123,5081,400332,-468.57451660167305
123,5082,400390,-514.1035109754662
123,5083,400448,-390.4623889456885
123,5084,400539,-1051.2441210797433
123,5085,400633,-612.752935255689
123,5086,400701,-470.64751499463404
123,5087,400785,-761.7362697832916
123,5088,400853,-525.3385532880466
123,5089,400945,-1039.5797855674532
123,5090,401009,-523.7232192392106
123,5091,401081,-551.2587268254744
123,5092,401143,-439.1676787722075
123,5093,401203,-505.9037153868513
123,5094,401255,-339.55133209655673
123,5095,401315,-508.92035267596464
123,5096,401368,-394.5963645762531
123,5097,401428,-554.6659015479574
123,5098,401514,-794.1891993057353
123,5099,401594,-830.4788343571619
123,5100,401652,-465.83824293453233
123,5101,401720,-528.2678148056626
123,5102,401783,-488.5958272092311
123,5103,401839,-430.41367506665586
123,5104,401920,-484.76717969356207
123,5105,402008,-934.2257196960322
123,5106,402093,-1006.1606250722876
123,5107,402153,-482.98179762028633
123,5108,402214,-513.9134899317988
123,5109,402287,-628.1127491989737
123,5110,402353,-529.6919685604329
123,5111,402404,-343.8476307323008
123,5112,402468,-484.82476071980744
123,5113,402536,-571.8185674312851
123,5114,402610,-553.7558097777573
123,5115,402669,-413.9554485708615
123,5116,402750,-805.0022591941524
123,5117,402825,-761.6756062300901
123,5118,402884,-410.6383139149557
123,5119,402936,-400.06851919678894
123,5120,403010,-603.4598605480603
123,5121,403095,-766.9183320136992
123,5122,403169,-725.8680454721358
123,5123,403229,-530.1604883027128
123,5124,403296,-553.8223385295387
123,5125,403347,-390.35380151962164
123,5126,403424,-833.6439088813187
123,5127,403488,-625.9269588703972
123,5128,403561,-578.5631360764921
123,5129,403639,-593.0831234884056
123,5130,403689,-350.139729505505
123,5131,403744,-391.6549305980826
123,5132,403824,-856.8949886903237
123,5133,403947,-612.390732095631
123,5134,404031,-933.3501781400989
123,5135,404084,-343.4281186757386
123,5136,404140,-404.3536523260014
123,5137,404224,-782.5581152077252
123,5138,404292,-550.7620006418488
123,5139,404373,-828.613588804051
123,5140,404430,-466.79363947060693
123,5141,404499,-528.6450754687097
123,5142,404581,-644.7808455702674
123,5143,404643,-461.69595519131855
123,5144,404701,-507.43731174595433
123,5145,404780,-711.8562048057208
123,5146,404871,-730.4519603212976
123,5147,404949,-635.07110797556
123,5148,405027,-643.8354453293789
123,5149,405109,-721.3940982588902
123,5150,405183,-473.7324451348293
123,5151,405247,-490.86648533303276
123,5152,405302,-339.73682615152296
123,5153,405363,-480.892654764766
123,5154,405448,-850.5501899521373
123,5155,405524,-496.7139929143798
123,5156,405589,-473.3176814271751
123,5157,405636,-376.4774011090492
123,5158,405697,-424.3662294603535
123,5159,405749,-327.7679552921965
123,5160,405828,-808.5752271866241
123,5161,405899,-508.5584291901397
123,5162,405980,-694.589864765692
123,5163,406034,-451.7898948664123
123,5164,406089,-362.6848244220355
123,5165,406149,-482.9386969000253
123,5166,406227,-758.2094454151479
123,5167,406291,-495.47698551818587
123,5168,406352,-531.0098098015793
123,5169,406422,-567.6340968337481
123,5170,406514,-356.7254908083683
123,5171,406564,-359.3371837365176
123,5172,406618,-396.27662736356996
123,5173,406670,-304.9659158326165
123,5174,406773,-405.8974350662925
123,5175,406825,-442.8200867300731
123,5176,406913,-788.1310405789833
123,5177,406963,-398.09601124658525
123,5178,407014,-419.2416016427201
123,5179,407076,-545.7429296112659
123,5180,407153,-827.9373068042862
123,5181,407211,-484.2194372771879
123,5182,407264,-463.90626858813226
123,5183,407327,-556.2814532761547
123,5184,407399,-513.8328332394744
123,5185,407480,-720.0396267248714
123,5186,407555,-493.56646099051875
123,5187,407614,-531.9891584269417
123,5188,407669,-493.33287681737323
123,5189,407741,-664.5200887226248
123,5190,407815,-674.1566151666557
123,5191,407904,-788.7836429066074
123,5192,407981,-800.7421574765393
123,5193,408044,-517.1876366221927
123,5194,408095,-330.81345844934106
123,5195,408157,-404.73797754895094
123,5196,408211,-438.9603503272975
123,5197,408277,-578.5443087212545
123,5198,408326,-363.7656796922772
123,5199,408381,-448.4721728038643
123,5200,408466,-882.8846608965774
123,5201,408518,-434.9578514766856
123,5202,408579,-522.0689764014933
123,5203,408665,-964.3485106518121
123,5204,408737,-672.3819026695819
123,5205,408813,-777.5683222856707
123,5206,408870,-487.85452444545956
123,5207,408935,-550.9662549442309
123,5208,408992,-376.4686520580236
123,5209,409059,-500.57932619634727
123,5210,409113,-358.4738387792446
123,5211,409167,-394.2698239218047
123,5212,409222,-490.1092678498617
123,5213,409277,-338.33041326233865
123,5214,409361,-722.7666017335097
123,5215,409436,-628.4229172426795
123,5216,409492,-487.62369588026576
123,5217,409544,-402.4577933712764
123,5218,409601,-434.2537912492146
123,5219,409678,-566.7599057821192
123,5220,409764,-700.3781363905433
123,5221,409831,-458.6100345584431
123,5222,409900,-645.73900788182
123,5223,409986,-952.7480032109439
123,5224,410042,-459.22271946325174
123,5225,410095,-335.44639721921106
123,5226,410158,-552.0967839571879
123,5227,410223,-542.8317660959684
123,5228,410290,-543.4082707439385
123,5229,410351,-449.8521447617239
123,5230,410420,-534.377269175074
123,5231,410481,-558.0036945145455
123,5232,410535,-398.6220679154543
123,5233,410592,-433.8792211237812
123,5234,410664,-543.3239685191246
123,5235,410725,-560.7902184383839
123,5236,410777,-409.8556080186932
123,5237,410863,-780.7632743393979
123,5238,410940,-699.6131829569185
123,5239,410998,-404.4191822388947
123,5240,411059,-417.86358001823066
123,5241,411135,-471.0339175085646
123,5242,411200,-541.1461174135393
123,5243,411261,-396.0043334867745
123,5244,411340,-847.5328075740753
123,5245,411397,-530.9888860933206
123,5246,411465,-500.4337356325822
123,5247,411545,-772.8774176370213
123,5248,411599,-360.80332833308887
123,5249,411662,-478.21291022731805
123,5250,411745,-791.6202901203668
123,5251,411814,-508.10784252243445
123,5252,411895,-776.1401757691636
123,5253,411968,-692.0928172099909
123,5254,412033,-484.1454635516547
123,5255,412105,-562.1916861666015
123,5256,412183,-606.708630162329
123,5257,412257,-637.2488060019907
123,5258,412325,-519.8724368546207
123,5259,412383,-406.51124181969556
123,5260,412434,-329.6315683378099
123,5261,412503,-543.570365028562
123,5262,412567,-556.7970043033336
123,5263,412622,-448.97637286504454
123,5264,412704,-637.2483733999607
123,5265,412760,-513.6342583049411
123,5266,412815,-345.78414309477023
123,5267,412886,-593.9992644050149
123,5268,412959,-728.376720942376
123,5269,413015,-470.66630447299997
123,5270,413099,-754.8679092810274
123,5271,413159,-518.9484076619817
123,5272,413252,-973.6958161517616
123,5273,413304,-371.51332811352944
123,5274,413369,-566.9795775559124
123,5275,413436,-635.791880605453
123,5276,413498,-565.8658365034858
123,5277,413577,-445.9208817350843
123,5278,413634,-402.9893503569942
123,5279,413689,-438.5112473533521
123,5280,413740,-427.93465241317796
123,5281,413804,-549.7747525864594
123,5282,413856,-417.6921553690123
123,5283,413936,-425.9562763738185
123,5284,414014,-796.7626947771686
123,5285,414071,-471.84215687795
123,5286,414157,-608.2898761191145
123,5287,414229,-644.646601702054
123,5288,414306,-671.8502113782324
123,5289,414385,-635.9053725432801
123,5290,414435,-331.2888247748426
123,5291,414504,-549.5949594309542
123,5292,414556,-368.2886498335399
123,5293,414610,-424.74080124312013
123,5294,414679,-556.8213994404596
123,5295,414756,-525.1498758899321
123,5296,414816,-522.4817504450439
123,5297,414903,-819.6078830776165
123,5298,414988,-750.3863349904292
123,5299,415050,-517.6850563591852
123,5300,415129,-777.980613302443
123,5301,415191,-565.8267450492532
123,5302,415251,-558.9476076769381
123,5303,415318,-569.6451375409024
123,5304,415372,-473.7306345886735
123,5305,415454,-715.1024426347614
123,5306,415521,-525.5546814220231
123,5307,415574,-334.3688713385833
123,5308,415627,-384.0094135544223
123,5309,415697,-497.00995293968003
123,5310,415779,-785.9177781497281
123,5311,415840,-495.78747504345483
123,5312,415908,-532.6545725263849
123,5313,415991,-783.2542138317052
123,5314,416063,-544.7742943413109
123,5315,416123,-496.91202422889063
123,5316,416179,-397.9450413182196
123,5317,416234,-411.54838245107806
123,5318,416295,-446.32221409581246
123,5319,416351,-478.34117452350915
123,5320,416410,-438.78736800836054
123,5321,416463,-457.93344107268547
123,5322,416518,-445.7144861685798
123,5323,416600,-657.834171349322
123,5324,416672,-616.8627945699508
123,5325,416737,-501.92774239115863
123,5326,416791,-452.73027623645595
123,5327,416855,-499.4054011227316
123,5328,416922,-555.2178484290484
123,5329,417009,-757.9023687611877
123,5330,417071,-520.1123698523805
123,5331,417154,-728.335018029335
123,5332,417209,-496.2651876758891
123,5333,417278,-658.9895979996558
123,5334,417350,-729.2936246889625
123,5335,417410,-434.3478983422122
123,5336,417462,-338.9902363661355
123,5337,417522,-556.7309347968336
123,5338,417610,-783.3378123516381
123,5339,417692,-765.6354378910108
123,5340,417744,-332.35990598097715
123,5341,417810,-652.0119002271506
123,5342,417866,-480.70823075099554
123,5343,417920,-361.2838208334213
123,5344,417982,-549.9545415961941
123,5345,418045,-524.6644632968547
123,5346,418103,-525.6334092290916
123,5347,418173,-513.8275016556607
123,5348,418245,-654.2590287833776
123,5349,418306,-474.99055480746574
123,5350,418374,-627.4270829657579
123,5351,418440,-591.1469466022355
123,5352,418498,-428.9301799089346
123,5353,418572,-612.1636749961942
123,5354,418645,-659.5489577656804
123,5355,418702,-439.74760861980974
123,5356,418767,-474.12145392429187
123,5357,418817,-415.68714485730203
123,5358,418882,-456.7605780769531
123,5359,418952,-513.2962409541411
123,5360,419030,-794.2252512533436
123,5361,419105,-439.653352053072
123,5362,419157,-416.30606930768147
123,5363,419208,-370.0952046697725
123,5364,419258,-399.7312854362694
123,5365,419338,-785.8325102663927
123,5366,419398,-485.2657865912839
123,5367,419456,-368.3511647767179
123,5368,419522,-471.37032255536366
123,5369,419591,-558.3248955035385
123,5370,419647,-435.65639928491254
123,5371,419712,-470.9368994755007
123,5372,419765,-471.4166923796555
123,5373,419832,-613.7368043071185
123,5374,419902,-578.4670281848394
123,5375,419962,-466.85348923072235
123,5376,420013,-410.5670898761816
123,5377,420074,-513.7205022510584
123,5378,420170,-962.1517440983049
123,5379,420251,-845.5544984085179
123,5380,420327,-785.8125571854903
123,5381,420398,-554.4759493466246
123,5382,420473,-446.6148236482434
123,5383,420545,-578.6533865358966
123,5384,420622,-663.0414274570127
123,5385,420681,-477.39231659815135
123,5386,420736,-459.100086737316
123,5387,420816,-666.9257048034733
123,5388,420892,-496.80916658458887
123,5389,420950,-548.6007637208377
123,5390,421022,-565.532763354759
123,5391,421109,-931.4430774547848
123,5392,421168,-484.85661131820854
123,5393,421231,-544.7627385812265
123,5394,421298,-640.0958440172052
123,5395,421357,-521.7571895509519
123,5396,421413,-479.49369502483466
123,5397,421466,-455.0345805750869
123,5398,421552,-968.4705974302997
123,5399,421636,-755.6885633738239
123,5400,421688,-410.0684586175984
123,5401,421751,-471.87203320252354
123,5402,421801,-352.27019944594
123,5403,421873,-484.34415001126956
123,5404,421945,-588.3873002075591
123,5405,422002,-388.59043542233917
123,5406,422075,-555.9714271433328
123,5407,422137,-479.8418704006314
123,5408,422214,-771.678611020586
123,5409,422299,-899.784708590909
123,5410,422375,-746.667712411653
123,5411,422429,-426.349788660289
123,5412,422483,-354.5253231961276
123,5413,422543,-407.06557315173455
123,5414,422594,-328.2716034680501
123,5415,422680,-872.3195059551346
123,5416,422752,-515.7498960423763
123,5417,422803,-448.0941140492565
123,5418,422888,-843.4531536259659
123,5419,422948,-428.8874726776657
123,5420,423008,-529.6833866267325
123,5421,423070,-468.32950400920663
123,5422,423122,-429.8220974148435
123,5423,423179,-418.7330925107344
123,5424,423235,-388.79880349861736
123,5425,423303,-640.581522731429
123,5426,423388,-735.3386846531604
123,5427,423493,-604.6744343064627
123,5428,423566,-715.8143914539544
123,5429,423635,-491.1233238905518
123,5430,423712,-476.59202295850605
123,5431,423774,-479.3820175031247
123,5432,423831,-506.75868942103216
123,5433,423893,-525.5957687630166
123,5434,423947,-399.6301568625237
123,5435,424010,-565.6934468061391
123,5436,424069,-403.5041859432426
123,5437,424150,-771.2399159409823
123,5438,424205,-458.34466132680274
123,5439,424279,-512.5303820437831
123,5440,424331,-358.9931746536307
123,5441,424393,-533.5121194231326
123,5442,424477,-849.4233488674781
123,5443,424558,-770.9379455527348
123,5444,424638,-686.2028967429356
123,5445,424710,-689.6919519061814
123,5446,424786,-652.6414695853784
123,5447,424843,-415.9643906012678
123,5448,424897,-348.2053074587848
123,5449,424953,-469.18680739616804
123,5450,425004,-365.7721311579366
123,5451,425073,-669.658482284874
123,5452,425120,-377.5163495753064
123,5453,425189,-660.4036371395658
123,5454,425258,-629.3322878684065
123,5455,425340,-705.5075197702812
123,5456,425400,-539.8575094265718
123,5457,425482,-772.3491403875214
123,5458,425555,-453.6144041869678
123,5459,425616,-481.9459096156775
123,5460,425679,-572.079267349056
123,5461,425762,-905.4570696322869
123,5462,425812,-332.6019449004606
123,5463,425889,-662.1413158287303
123,5464,425972,-868.9663471656556
123,5465,426023,-394.3093941097648
123,5466,426073,-424.11100230946784
123,5467,426126,-412.97438809472305
123,5468,426179,-423.00589596898294
123,5469,426258,-696.0403755023505
123,5470,426322,-542.238270920315
123,5471,426391,-512.724405118179
123,5472,426446,-446.6044529223402
123,5473,426500,-336.8902593246362
123,5474,426566,-531.9126995449794
123,5475,426641,-556.0894683418442
123,5476,426720,-438.45128018112905
123,5477,426775,-369.3638388728012
123,5478,426849,-755.5609521550141
123,5479,426930,-735.2075218130027
123,5480,426984,-487.97801268020373
123,5481,427059,-769.9707164526158
123,5482,427117,-436.91048598179884
123,5483,427186,-469.09744385266447
123,5484,427251,-497.7344397315963
123,5485,427310,-508.5999949006418
123,5486,427381,-586.4962302165336
123,5487,427433,-335.4124809485741
123,5488,427503,-564.4745327465334
123,5489,427557,-381.25472913230425
123,5490,427608,-438.92429204060977
123,5491,427679,-520.3702467821323
123,5492,427760,-357.50645443234146
123,5493,427830,-683.4240753228165
123,5494,427911,-815.9969739718862
123,5495,427974,-513.44444591596
123,5496,428054,-393.7996990803589
123,5497,428104,-363.81819641170614
123,5498,428185,-835.2839398346607
123,5499,428244,-439.7619487096566
123,5500,428323,-706.828399226792
123,5501,428400,-669.0103042994615
123,5502,428481,-792.1384754736293
123,5503,428559,-461.15645249655836
123,5504,428618,-433.59073800825894
123,5505,428702,-752.6371216273444
123,5506,428780,-842.6159896010065
123,5507,428848,-452.6681746606416
123,5508,428913,-594.7038893481312
123,5509,428979,-494.9943253172
123,5510,429037,-420.18551315569084
123,5511,429107,-665.1372037128046
123,5512,429159,-423.6693619888712
123,5513,429246,-629.642032764101
123,5514,429310,-477.69129640236963
123,5515,429402,-1063.1765228131526
123,5516,429460,-405.14777846688276
123,5517,429549,-978.462388188759
123,5518,429603,-432.9604101139245
123,5519,429684,-701.2071060930168
123,5520,429762,-798.855706664808
123,5521,429832,-590.2732364079262
123,5522,429899,-564.9194078452553
123,5523,429966,-523.6861731533459
123,5524,430047,-662.5197259945742
123,5525,430127,-588.733235950953
123,5526,430193,-529.7440974578467
123,5527,430266,-487.6321562240754
123,5528,430317,-347.12413754695103
123,5529,430400,-828.6589295821948
123,5530,430460,-401.588635658256
123,5531,430515,-419.9736486635697
123,5532,430569,-499.36600233009364
123,5533,430654,-796.2363627128892
123,5534,430727,-662.2712290394686
123,5535,430783,-401.8460548288671
123,5536,430863,-817.1950379143118
123,5537,430923,-398.7036170273126
123,5538,430983,-523.4427375609309
123,5539,431042,-467.3825840683316
123,5540,431113,-575.6285941699659
123,5541,431179,-502.24844227907
123,5542,431235,-395.76278485286036
123,5543,431309,-585.6592245097136
123,5544,431383,-764.5505272766231
123,5545,431444,-457.09295348048585
123,5546,431497,-319.58229010933144
123,5547,431551,-353.74669588181166
123,5548,431635,-742.7279803002699
123,5549,431690,-357.7408712253742
123,5550,431759,-528.0466999342582
123,5551,431810,-416.3714569537134
123,5552,431876,-444.8667907007809
123,5553,431940,-518.5712993147126
123,5554,432002,-527.0540853015647
123,5555,432059,-489.7805513752121
123,5556,432121,-584.4146243503546
123,5557,432176,-464.7436915052445
123,5558,432247,-569.4463830558527
123,5559,432327,-797.6856595075018
123,5560,432393,-568.5619522006987
123,5561,432451,-411.20060344350895
123,5562,432513,-531.0642218108605
123,5563,432598,-785.7493924576808
123,5564,432680,-695.6123596293392
123,5565,432756,-734.2643533947682
123,5566,432814,-388.03864444881816
123,5567,432875,-488.43461858855574
123,5568,432932,-420.36237413237376
123,5569,432993,-473.7904816881265
123,5570,433044,-427.7679344988555
123,5571,433104,-468.17983954121985
123,5572,433160,-401.2646834021314
123,5573,433244,-776.5670129970009
123,5574,433308,-486.2863579150295
123,5575,433375,-606.1013382230524
123,5576,433443,-612.4066458765437
123,5577,433502,-509.7143544978545
123,5578,433565,-583.9268590042476
123,5579,433642,-724.6929139293835
123,5580,433708,-569.0217780727423
123,5581,433772,-480.9023504935413
123,5582,433854,-876.3632435714864
123,5583,433905,-394.8241486067001
123,5584,433967,-459.43387221825674
123,5585,434016,-409.32674552323175
123,5586,434068,-459.6944412121572
123,5587,434146,-698.9243406731364
123,5588,434210,-621.1850211492105
123,5589,434281,-512.6117004432454
123,5590,434341,-410.9360713038784
123,5591,434403,-519.578914405182
123,5592,434456,-387.9802035402383
123,5593,434522,-522.1851622984763
123,5594,434577,-367.42154826728074
123,5595,434660,-719.9179043244922
123,5596,434719,-509.5474855495827
123,5597,434778,-532.1454518426513
123,5598,434841,-569.5878847574661
123,5599,434914,-457.49845121778503
123,5600,434966,-418.4947963666588
123,5601,435057,-1071.1949038979815
123,5602,435120,-562.2124598908013
123,5603,435181,-529.8499421179549
123,5604,435260,-636.1765578863767
123,5605,435321,-561.7888461976327
123,5606,435372,-333.77912290585374
123,5607,435425,-467.4990195677088
123,5608,435494,-533.1315767490767
123,5609,435580,-765.6103515618488
123,5610,435644,-608.1272380610027
123,5611,435707,-467.2330638011815
123,5612,435787,-486.6589271748611
123,5613,435847,-509.35595900185143
123,5614,435911,-488.2102998861731
123,5615,435970,-493.40611619358515
123,5616,436023,-392.90067099284613
123,5617,436090,-486.54537766096234
123,5618,436154,-577.2357086043539
123,5619,436206,-344.9147349964271
123,5620,436283,-659.5652964262166
123,5621,436368,-771.5556302256774
123,5622,436440,-639.3460535451547
123,5623,436494,-338.17537671502646
123,5624,436555,-560.4028356182002
123,5625,436632,-588.2799108655051
123,5626,436717,-775.2144242934942
123,5627,436783,-535.9113796749564
123,5628,436862,-758.8406505281109
123,5629,436914,-369.55585977077607
123,5630,436972,-477.8475527049497
123,5631,437052,-724.6872686656285
123,5632,437110,-524.4639409353781
123,5633,437178,-503.6479327611242
123,5634,437260,-697.1094020532354
123,5635,437318,-507.20113078862926
123,5636,437393,-448.5939421451857
123,5637,437468,-487.3416760969584
123,5638,437528,-426.97894783774404
123,5639,437603,-505.64868950533355
123,5640,437664,-517.6803239300523
123,5641,437746,-696.3101744274755
123,5642,437812,-536.4793102844742
123,5643,437890,-635.1326705755457
123,5644,437958,-478.8111781264778
123,5645,438045,-895.6647047419751
123,5646,438132,-727.2996467208299
123,5647,438219,-650.5214989244565
123,5648,438297,-767.7035091842669
123,5649,438353,-444.82824927354216
123,5650,438455,-425.1838908910928
123,5651,438509,-478.6646049057328
123,5652,438564,-467.29562448807206
123,5653,438623,-510.5489192945922
123,5654,438704,-713.5606271319658
123,5655,438785,-825.8643204974856
123,5656,438834,-379.4823534914023
123,5657,438915,-706.2635159538304
123,5658,438999,-751.6617627235403
123,5659,439080,-774.0720602521902
123,5660,439140,-462.0152279360807
123,5661,439206,-592.0933777406415
123,5662,439280,-645.4294824289068
123,5663,439357,-661.1064589250223
123,5664,439444,-761.5728959097061
123,5665,439497,-466.78332491318054
123,5666,439569,-558.4144015791148
123,5667,439624,-477.5086489083795
123,5668,439680,-500.35862680797226
123,5669,439747,-511.50029854757975
123,5670,439810,-557.6427329749898
123,5671,439860,-352.7696679882884
123,5672,439944,-780.5604524144958
123,5673,440020,-590.4394421753499
123,5674,440089,-558.5991782755177
123,5675,440146,-482.33444662668325
123,5676,440211,-585.7344475199911
123,5677,440264,-432.66854448716737
123,5678,440321,-455.96456877199154
123,5679,440377,-395.5737223498237
123,5680,440455,-746.0555997526203
123,5681,440524,-650.1522122327509
123,5682,440577,-375.62297254327495
123,5683,440635,-522.2196969454849
123,5684,440693,-395.4393573132071
123,5685,440780,-773.768167318891
123,5686,440833,-448.6470854863569
123,5687,440926,-331.5115237170006
123,5688,440992,-588.0111807370924
123,5689,441045,-445.65974751250866
123,5690,441126,-740.4411283786144
123,5691,441206,-866.4839905502876
123,5692,441278,-578.4198930434028
123,5693,441342,-565.9129813506337
123,5694,441410,-492.966504975309
123,5695,441499,-830.185464429453
123,5696,441561,-422.74381577812676
123,5697,441614,-370.34608531540664
123,5698,441676,-564.9568341353856
123,5699,441745,-565.267639001092
123,5700,441803,-418.661442891663
123,5701,441858,-478.7913878267127
123,5702,441932,-741.4858785339757
123,5703,442001,-579.2031119552889
123,5704,442062,-536.3793377866805
123,5705,442119,-454.81452929814117
123,5706,442187,-474.4445377205129
123,5707,442254,-526.9833429492514
123,5708,442326,-572.4163012420207
123,5709,442378,-388.88415897642193
123,5710,442491,-634.4617744737496
123,5711,442568,-728.9828241738867
123,5712,442629,-482.59613805431377
123,5713,442715,-788.0444197984539
123,5714,442807,-600.9592314262666
123,5715,442891,-804.9513696485221
123,5716,442948,-510.91993286836936
123,5717,443032,-952.3270746774704
123,5718,443088,-461.04430824806144
123,5719,443139,-320.14155458202146
123,5720,443228,-838.4076528475747
123,5721,443318,-921.1447339735454
123,5722,443400,-830.7636475738203
123,5723,443455,-455.26869070337443
123,5724,443515,-457.1389111950527
123,5725,443593,-503.03411192150236
123,5726,443654,-470.34575256280135
123,5727,443711,-407.1343161333567
123,5728,443787,-735.2937835924934
123,5729,443857,-550.0357344264698
123,5730,443910,-419.11855867182896
123,5731,444045,-900.3163597234595
123,5732,444111,-516.257037635384
123,5733,444165,-480.894685827169
123,5734,444228,-497.5072071745028
123,5735,444306,-722.1369503326549
123,5736,444366,-523.0376624392652
123,5737,444447,-763.0066830640616
123,5738,444514,-611.1007743717219
123,5739,444587,-643.4367750471733
123,5740,444667,-712.0869094308016
123,5741,444756,-829.0113231683351
123,5742,444815,-534.7301159907508
123,5743,444895,-686.6117449037
123,5744,444953,-548.1155088216722
123,5745,445010,-492.6770490160193
123,5746,445088,-638.8833081597684
123,5747,445175,-984.735181129464
123,5748,445256,-739.2401763815083
123,5749,445316,-497.2060181366682
123,5750,445394,-744.7779798941699
123,5751,445447,-351.0772173653223
123,5752,445512,-508.98905305145695
123,5753,445573,-464.725661799441
123,5754,445649,-480.36890166000205
123,5755,445731,-397.7585639041079
123,5756,445806,-749.6783722643795
123,5757,445866,-460.0520462808088
123,5758,445944,-652.9400105504965
123,5759,446054,-1077.745863607473
123,5760,446118,-475.4906304010245
123,5761,446176,-507.80770242876474
123,5762,446243,-561.4986481184229
123,5763,446319,-580.7153314761517
123,5764,446384,-496.0206259853831
123,5765,446444,-490.809971859808
123,5766,446513,-539.1299672600442
123,5767,446583,-498.3302452370101
123,5768,446661,-752.4395330604735
123,5769,446715,-441.4177931783052
123,5770,446782,-560.1725245161383
123,5771,446848,-530.0580231967408
123,5772,446924,-702.9045430355272
123,5773,447010,-780.1002422758078
123,5774,447087,-478.53850521460174
123,5775,447142,-432.67724023980986
123,5776,447199,-526.3834838014002
123,5777,447282,-615.3078030685698
123,5778,447352,-697.9824862873777
123,5779,447419,-540.8759232597454
123,5780,447474,-478.68429536593914
123,5781,447530,-493.8634296236945
123,5782,447586,-399.8768606167905
123,5783,447661,-560.8981269475945
123,5784,447747,-488.5056113020206
123,5785,447829,-807.8519551621605
123,5786,447886,-463.3925826198786
123,5787,447959,-481.82522340337584
123,5788,448019,-529.6621491655357
123,5789,448102,-783.4994439873897
123,5790,448172,-527.2025027714459
123,5791,448226,-340.8147944533906
123,5792,448280,-459.42766843719556
123,5793,448352,-686.5476966308994
123,5794,448424,-513.0659698899552
123,5795,448498,-770.4388302477537
123,5796,448584,-834.6397637939855
123,5797,448666,-863.9026517149282
123,5798,448722,-488.659139150609
123,5799,448813,-783.6733323121782
123,5800,448889,-682.2789788782021
123,5801,448940,-387.1236503316599
123,5802,448988,-397.1165768955074
123,5803,449075,-818.3023794795328
123,5804,449126,-421.61672658802564
123,5805,449193,-609.9571511341885
123,5806,449244,-329.60324237705356
123,5807,449303,-515.160496758331
123,5808,449358,-403.6142177595921
123,5809,449419,-543.4007035986504
123,5810,449482,-582.1903390484063
123,5811,449570,-870.7043086869822
123,5812,449628,-524.7422504110057
123,5813,449697,-612.4263316861056
123,5814,449753,-403.33805842795016
123,5815,449819,-498.8659706128101
123,5816,449877,-516.970071847805
123,5817,449935,-521.4659068031893
123,5818,450010,-624.2047204411589
123,5819,450078,-508.9459899281998
123,5820,450162,-877.9729012861005
123,5821,450246,-750.3484826089572
123,5822,450313,-515.449391031917
123,5823,450372,-541.5022019329381
123,5824,450431,-406.57490992452165
123,5825,450481,-424.73724620981517
123,5826,450533,-378.339702804375
123,5827,450589,-483.58118566781394
123,5828,450673,-686.2464131221767
123,5829,450732,-511.8024329109273
123,5830,450817,-620.0385447061552
123,5831,450873,-375.2885374712584
123,5832,450943,-570.6417546498323
123,5833,450993,-337.04861077579983
123,5834,451065,-646.9640038963606
123,5835,451122,-516.0750331322416
123,5836,451196,-764.1798259107632
123,5837,451269,-462.81668095934947
123,5838,451332,-540.0243160559112
123,5839,451403,-489.65209135502573
123,5840,451479,-650.0228123534006
123,5841,451536,-394.7172541112652
123,5842,451601,-541.2156711909392
123,5843,451663,-527.6757064730971
123,5844,451748,-627.6483102371719
123,5845,451832,-496.97026318566486
123,5846,451896,-479.76327918353934
123,5847,451968,-511.6284380185366
123,5848,452039,-565.903242134109
123,5849,452099,-417.0654202352172
123,5850,452166,-459.9030922984983
123,5851,452228,-475.448583659811
123,5852,452290,-559.5245445299979
123,5853,452348,-526.6727281404083
123,5854,452410,-393.58232834706257
123,5855,452498,-1075.8012980901412
123,5856,452559,-548.3109601024807
123,5857,452611,-323.61925896445223
123,5858,452684,-498.65961944747346
123,5859,452754,-613.8779434096209
123,5860,452834,-786.1055302271312
123,5861,452885,-355.15641668537177
123,5862,452944,-467.21291800271445
123,5863,453023,-654.0191029165076
123,5864,453076,-470.49405417657744
123,5865,453159,-492.09150675462513
123,5866,453215,-359.83482776469515
123,5867,453267,-349.50847361552763
123,5868,453345,-815.3924696259506
123,5869,453396,-398.0109455302569
123,5870,453482,-604.442090017699
123,5871,453553,-631.5558133023902
123,5872,453635,-831.2043968099496
123,5873,453710,-612.9633688385335
123,5874,453779,-573.5138601451331
123,5875,453837,-488.83222493036914
123,5876,453897,-544.4345457238774
123,5877,453976,-740.6479105238359
123,5878,454030,-380.8893767189608
123,5879,454110,-682.486237516432
123,5880,454173,-586.9522990678223
123,5881,454258,-777.3159086426446
123,5882,454313,-375.79616049275194
123,5883,454386,-518.1318996501147
123,5884,454455,-612.6314515442738
123,5885,454514,-426.22391712634027
123,5886,454589,-708.7260069593514
123,5887,454641,-332.3573067123524
123,5888,454724,-750.8531247750118
123,5889,454782,-398.84551290995176
123,5890,454841,-444.6317853789968
123,5891,454919,-432.38291667166175
123,5892,454977,-478.75089720174014
123,5893,455043,-498.91544112248414
123,5894,455120,-777.9197688882774
123,5895,455192,-647.5398448308156
123,5896,455266,-450.73674872607614
123,5897,455318,-405.2099219761618
123,5898,455380,-562.5010929712492
123,5899,455434,-434.1843154421682
123,5900,455496,-550.9301895674912
123,5901,455570,-713.4159508768201
123,5902,455639,-655.9415188488924
123,5903,455707,-607.3681705773129
123,5904,455791,-869.7387278687227
123,5905,455848,-426.6269924287173
123,5906,455898,-414.335276948007
123,5907,456053,-1246.408112879328
123,5908,456136,-798.8019544685886
123,5909,456207,-530.419729200059
123,5910,456267,-408.479541450375
123,5911,456319,-435.20591757960545
123,5912,456381,-490.8425514190544
123,5913,456447,-589.6899425768545
123,5914,456538,-660.301086908749
123,5915,456599,-421.2134639388219
123,5916,456656,-432.5899712046288
123,5917,456707,-365.4929864922671
123,5918,456765,-407.1271854260028
123,5919,456844,-780.2690489565257
123,5920,456917,-704.1261049010615
123,5921,456993,-778.1431335106729
123,5922,457043,-414.01798701344893
123,5923,457119,-644.8765972661623
123,5924,457172,-304.5704852839499
123,5925,457238,-517.3065416965308
123,5926,457313,-481.34716450218593
123,5927,457384,-557.9779865220955
123,5928,457438,-448.0148203555144
123,5929,457516,-430.4220833502492
123,5930,457594,-641.8080930540135
123,5931,457655,-436.59782162146627
123,5932,457728,-581.3449005053106
123,5933,457807,-847.2121444111508
123,5934,457871,-544.7288561840707
123,5935,457927,-389.84308523361085
123,5936,457983,-454.6264196255177
123,5937,458050,-481.19862934940033
123,5938,458106,-369.9097721587267
123,5939,458183,-625.8932341407939
123,5940,458256,-588.4786446823848
123,5941,458329,-494.9974360356334
123,5942,458391,-586.8457230202793
123,5943,458443,-469.7294515701939
123,5944,458495,-356.92089727186095
123,5945,458550,-469.82535852631827
123,5946,458608,-379.07111431338205
123,5947,458679,-424.6807043508843
123,5948,458743,-617.505273941518
123,5949,458824,-881.5700292990141
123,5950,458874,-366.39008221467674
123,5951,458959,-832.0123687449071
123,5952,459026,-595.0371167069114
123,5953,459102,-489.90531924009576
123,5954,459154,-424.95478710611843
123,5955,459228,-442.1322655326546
123,5956,459297,-586.0819609596957
123,5957,459361,-468.652042496705
123,5958,459439,-326.36697091079316
123,5959,459494,-435.147439866223
123,5960,459554,-449.4688913526566
123,5961,459612,-498.3674858800442
123,5962,459675,-519.9380999537182
123,5963,459728,-348.48707966176414
123,5964,459817,-776.5050058405302
123,5965,459875,-510.16684592793194
123,5966,459952,-450.71587410474035
123,5967,460022,-501.1636219069803
123,5968,460073,-333.68989872703844
123,5969,460136,-554.5687051690268
123,5970,460191,-360.1109241785096
123,5971,460276,-760.1494136506803
123,5972,460332,-449.7818929794051
123,5973,460418,-880.4723488008335
123,5974,460477,-541.0436820467755
123,5975,460534,-362.4108857996691
123,5976,460606,-454.25455626790324
123,5977,460672,-628.1858561139327
123,5978,460728,-452.8343925108257
123,5979,460786,-529.5337915727139
123,5980,460864,-761.9489738081816
123,5981,460935,-571.0839578631419
123,5982,461003,-569.3461733081778
123,5983,461073,-570.6832300899433
123,5984,461154,-741.4918052870504
123,5985,461229,-722.3701892598073
123,5986,461302,-581.3797353601954
123,5987,461388,-899.7745445195766
123,5988,461450,-421.36017913773935
123,5989,461525,-448.96686566205517
123,5990,461580,-451.10348380142665
123,5991,461641,-422.811734517809
123,5992,461713,-491.93138077571473
123,5993,461766,-371.18777016866864
123,5994,461843,-742.4540224845803
123,5995,461897,-364.5908471299223
123,5996,461980,-795.331317075542
123,5997,462030,-313.82610997222247
123,5998,462086,-448.3406598744245
123,5999,462159,-712.8618266268868
123,6000,462221,-455.9671542802184
123,6001,462286,-578.048165148087
123,6002,462355,-485.1849125302965
123,6003,462414,-489.8381864182462
123,6004,462468,-444.2442002169414
123,6005,462532,-537.7281819740317
123,6006,462630,-362.36206559622775
123,6007,462691,-417.6684434387287
123,6008,462776,-800.5956760191143
123,6009,462829,-378.8469094142401
123,6010,462899,-649.5089126123509
123,6011,462953,-451.4307569468446
123,6012,463025,-482.67186206743406
123,6013,463091,-618.0372409125179
123,6014,463170,-750.5532344365321
123,6015,463233,-512.4846754514449
123,6016,463283,-412.98524901982904
123,6017,463344,-452.2764718692269
123,6018,463394,-394.6067780298514
123,6019,463471,-757.9389780801471
123,6020,463538,-534.2394522521543
123,6021,463602,-586.2920911401264
123,6022,463688,-726.7620263697285
123,6023,463747,-549.7355259623109
123,6024,463811,-576.5930785395401
123,6025,463866,-417.57938217215576
123,6026,463921,-373.3391722601624
123,6027,463975,-464.5889264576489
123,6028,464052,-770.7517814196143
123,6029,464111,-462.04986071263903
123,6030,464160,-387.9405590926307
123,6031,464248,-859.9179483664665
123,6032,464301,-440.4773723157531
123,6033,464374,-498.0236001843291
123,6034,464429,-437.7768288666663
123,6035,464480,-408.1812662609726
123,6036,464570,-1014.27724397338
123,6037,464636,-610.3037652471337
123,6038,464691,-431.7233661585886
123,6039,464744,-466.97831398937734
123,6040,464796,-319.8194842014759
123,6041,464886,-649.4980731871203
123,6042,464947,-459.1295210596987
123,6043,464995,-401.7211747586635
123,6044,465073,-794.1175730473625
123,6045,465131,-353.13546142849816
123,6046,465211,-805.3019795455157
123,6047,465295,-726.1275653410194
123,6048,465357,-474.15543936962547
123,6049,465425,-649.9863752762113
123,6050,465479,-424.44599880929024
123,6051,465537,-502.1541150665079
123,6052,465595,-515.2293139962037
123,6053,465656,-531.6347808979099
123,6054,465709,-462.42095577581034
123,6055,465780,-525.5988624564104
123,6056,465835,-375.51084457627525
123,6057,465913,-674.5828491640984
123,6058,465968,-416.06891402416244
123,6059,466043,-740.6694227061428
123,6060,466121,-696.4448819059155
123,6061,466206,-905.6119904824308
123,6062,466260,-434.0199188529659
123,6063,466315,-491.9084622574487
123,6064,466366,-438.43899700251313
123,6065,466421,-471.9917671546694
123,6066,466510,-778.6144774043024
123,6067,466583,-526.2662020016771
123,6068,466643,-508.7401326264236
123,6069,466725,-814.9952932192048
123,6070,466803,-642.4659435084093
123,6071,466861,-484.844798942829
123,6072,466931,-577.3944578786552
123,6073,467011,-724.969150816835
123,6074,467092,-873.820381911323
123,6075,467143,-338.5258535370888
123,6076,467216,-544.8049394063141
123,6077,467283,-600.0002827728329
123,6078,467337,-379.7352306021281
123,6079,467410,-428.8593753458361
123,6080,467466,-519.6282986598413
123,6081,467548,-725.3744766134974
123,6082,467601,-388.870124783713
123,6083,467651,-338.54512528681875
123,6084,467715,-495.77851680747597
123,6085,467770,-367.1114025475967
123,6086,467840,-545.896284436976
123,6087,467892,-388.515346997362
123,6088,467947,-331.9430045803058
123,6089,468014,-478.1036624823563
123,6090,468070,-487.2066094816781
123,6091,468147,-771.7907145170824
123,6092,468203,-377.3941562177394
123,6093,468262,-437.7480283231037
123,6094,468323,-465.3926494499959
123,6095,468379,-411.17410170059446
123,6096,468435,-383.3624661749123
123,6097,468486,-409.303527054111
123,6098,468546,-571.3388122124213
123,6099,468608,-426.08848467302005
123,6100,468687,-798.051434166903
123,6101,468738,-418.485290419357
123,6102,468789,-333.9331972201056
123,6103,468856,-519.0599249513394
123,6104,468913,-440.81584248513695
123,6105,469020,-405.7741742493092
123,6106,469102,-658.7971169772322
123,6107,469187,-772.7463487454237
123,6108,469244,-480.2293448773154
123,6109,469296,-420.10203216666594
123,6110,469364,-455.6873343559472
123,6111,469434,-506.3463982825622
123,6112,469512,-822.6508899404542
123,6113,469570,-519.5443134996134
123,6114,469645,-448.3822703810626
123,6115,469698,-435.58376170534484
123,6116,469760,-586.617793256291
123,6117,469834,-557.2073239482189
123,6118,469892,-423.81406525666773
123,6119,469958,-543.7718431804005
123,6120,470019,-560.1605237091476
123,6121,470073,-374.21842963884365
123,6122,470129,-455.97148701771
123,6123,470187,-530.1296929515263
123,6124,470269,-802.6951949869891
123,6125,470343,-674.923741206971
123,6126,470405,-536.1905613084516
123,6127,470493,-1027.8989971782935
123,6128,470565,-674.9248658899412
123,6129,470621,-433.1361990449282
123,6130,470683,-581.5330210884604
123,6131,470734,-416.3055113430627
123,6132,470818,-628.1606372196799
123,6133,470886,-521.0688018618197
123,6134,470955,-486.1331299442593
123,6135,471017,-497.85113700468554
123,6136,471079,-528.6820213058395
123,6137,471129,-332.9277039730398
123,6138,471204,-718.8051408271515
123,6139,471284,-783.1660601043425
123,6140,471357,-506.32562683558956
123,6141,471419,-511.8420218612784
123,6142,471488,-527.0290405291433
123,6143,471587,-353.38767503141025
123,6144,471640,-462.41240133070625
123,6145,471721,-757.4668634935251
123,6146,471772,-334.3589506570088
123,6147,471828,-501.3144507278418
123,6148,471880,-331.8640032454773
123,6149,471962,-418.9209781755136
123,6150,472031,-547.6986477507703
123,6151,472083,-382.7876641205276
123,6152,472168,-852.3254205863299
123,6153,472245,-749.0092089320368
123,6154,472322,-471.7520832431792
123,6155,472402,-850.6377484994883
123,6156,472487,-855.9045875879539
123,6157,472547,-463.8370777333185
123,6158,472618,-480.28658406582974
123,6159,472676,-513.5292513811146
123,6160,472741,-564.0673807073458
123,6161,472810,-490.4355041261257
123,6162,472883,-557.7173857697574
123,6163,472941,-519.3156797695328
123,6164,473021,-877.9279953698044
123,6165,473094,-501.5332355212298
123,6166,473168,-447.74835011407094
123,6167,473257,-856.1961443653222
123,6168,473338,-939.9738161250187
123,6169,473444,-980.7850889357416
123,6170,473499,-481.65964437604384
123,6171,473590,-966.2190244040081
123,6172,473650,-546.7737186731349
123,6173,473719,-564.300274186127
123,6174,473775,-404.15085745468673
123,6175,473838,-437.5954431130432
123,6176,473921,-897.6394553907397
123,6177,473999,-852.2809947677374
123,6178,474062,-553.4406540865743
123,6179,474143,-696.8946399031331
123,6180,474191,-408.8598209085637
123,6181,474273,-748.1284703773545
123,6182,474327,-331.54531917503016
123,6183,474391,-598.2901845721512
123,6184,474456,-499.60944275752547
123,6185,474538,-799.8023223914738
123,6186,474589,-308.7831464464563
123,6187,474642,-449.60991944304527
123,6188,474694,-318.0655642424266
123,6189,474747,-345.12856699992386
123,6190,474798,-332.7221234329206
123,6191,474869,-685.1670230370426
123,6192,474920,-336.88736638471823
123,6193,474983,-546.6938515128561
123,6194,475037,-465.83872878407567
123,6195,475103,-494.2576423701386
123,6196,475156,-449.53096724311837
123,6197,475215,-506.666816009972
123,6198,475267,-327.6454739214107
123,6199,475320,-363.9609457937004
123,6200,475401,-498.5337267500653
123,6201,475476,-652.3474488014195
123,6202,475539,-530.8277570717396
123,6203,475623,-737.583563388912
123,6204,475677,-456.5982796606469
123,6205,475765,-964.6693315973561
123,6206,475843,-793.3033966843725
123,6207,475893,-403.6945315922817
123,6208,475944,-316.8537642755684
123,6209,476009,-511.56773137152766
123,6210,476084,-566.9750126485162
123,6211,476145,-449.18257543196484
123,6212,476229,-755.1990641387882
123,6213,476304,-493.0566634977473
123,6214,476379,-442.7935092211029
123,6215,476452,-491.4821880389396
123,6216,476508,-450.21942883734846
123,6217,476591,-418.0977075858744
123,6218,476658,-553.2011714409446
123,6219,476734,-787.8826161842459
123,6220,476817,-874.577111453715
123,6221,476900,-794.2884121176575
123,6222,476951,-438.13426442692685
123,6223,477037,-929.5659225842296
123,6224,477120,-936.0626738369506
123,6225,477189,-587.9678709335212
123,6226,477264,-486.26373263445396
123,6227,477344,-787.7630969324724
123,6228,477408,-500.01459198636894
123,6229,477466,-425.8863521679167
123,6230,477522,-456.14261075909394
123,6231,477610,-843.7140684522493
123,6232,477680,-555.5444975238962
123,6233,477766,-911.5966149306292
123,6234,477846,-803.9228446311664
123,6235,477921,-749.2469634029521
123,6236,477985,-611.7488582075356
123,6237,478039,-487.614813016197
123,6238,478121,-727.3018198277873
123,6239,478203,-765.9669714651708
123,6240,478264,-430.5566961157049
123,6241,478350,-1019.8892113333952
123,6242,478410,-401.9828093441856
123,6243,478488,-729.1857552042359
123,6244,478566,-678.9500242830853
123,6245,478621,-424.0218993734601
123,6246,478674,-455.43988775178053
123,6247,478740,-488.9687487423297
123,6248,478820,-774.810682685943
123,6249,478880,-559.4101648786909
123,6250,478938,-455.09319127596615
123,6251,479016,-772.9227459029132
123,6252,479102,-901.6906042580985
123,6253,479182,-441.04383578847103
123,6254,479254,-530.2002016048233
123,6255,479335,-885.037150921224
123,6256,479398,-589.7275242310609
123,6257,479468,-581.5029600342971
123,6258,479532,-572.0071708288831
123,6259,479598,-569.9532321854584
123,6260,479681,-746.4557117379679
123,6261,479736,-360.95761242344616
123,6262,479817,-740.0101169966116
123,6263,479888,-539.8463390216936
123,6264,479939,-344.5406959763419
123,6265,480000,-548.8523366870688
123,6266,480056,-389.92633952650493
123,6267,480109,-369.78548324582414
123,6268,480167,-527.5248547250612
123,6269,480244,-796.5597823660936
123,6270,480321,-630.0648059670559
123,6271,480401,-839.7730486897844
123,6272,480461,-456.3657791215886
123,6273,480529,-607.1202765197462
123,6274,480590,-414.5254333413781
123,6275,480670,-680.7042915846117
123,6276,480722,-305.185786753642
123,6277,480777,-406.87674354347627
123,6278,480869,-605.1268157719212
123,6279,480920,-431.0433475568309
123,6280,481001,-791.8356855406863
123,6281,481059,-369.8245564643301
123,6282,481138,-726.127789922169
123,6283,481202,-577.2565031553258
123,6284,481253,-417.29449269834174
123,6285,481321,-617.2169012946133
123,6286,481400,-726.6739829781984
123,6287,481460,-417.62569954402477
123,6288,481510,-341.08304035535514
123,6289,481566,-465.8170677000943
123,6290,481623,-408.53937757888474
123,6291,481682,-415.6832916929157
123,6292,481764,-771.1997145776351
123,6293,481848,-709.97431976339
123,6294,481898,-413.21799420361003
123,6295,481952,-493.5323706948921
123,6296,482035,-827.596112722333
123,6297,482112,-664.4291191412399
123,6298,482196,-918.6601914414542
123,6299,482255,-575.0125930440946
123,6300,482329,-532.8479536283096
123,6301,482380,-373.1405532012342
123,6302,482432,-384.7479899151097
123,6303,482540,-599.9192436716113
123,6304,482601,-545.8577642268422
123,6305,482663,-489.4221499218408
123,6306,482720,-489.1270779035495
123,6307,482783,-548.2080936103512
123,6308,482854,-622.0791425666799
123,6309,482905,-385.188353096661
123,6310,482996,-992.1369878201762
123,6311,483077,-713.066625393307
123,6312,483143,-632.376330932666
123,6313,483222,-772.0119377800709
123,6314,483281,-458.58325851513877
123,6315,483370,-1083.0260954036135
123,6316,483431,-477.88616043531886
123,6317,483508,-483.0734085504499
123,6318,483566,-404.02837277908765
123,6319,483626,-441.1266485973734
123,6320,483703,-660.2781909294077
123,6321,483758,-440.27947388371007
123,6322,483810,-386.8169527780509
123,6323,483876,-502.77760207212214
123,6324,483929,-446.22062975379623
123,6325,484002,-504.97026937033127
123,6326,484087,-692.0243356210251
123,6327,484171,-850.1183806900884
123,6328,484238,-527.9397945751984
123,6329,484296,-376.29012616426917
123,6330,484355,-421.7680730646152
123,6331,484411,-492.2613124308975
123,6332,484486,-645.0035027648926
123,6333,484571,-813.5847403586178
123,6334,484643,-410.45874962775474
123,6335,484714,-557.9268368004819
123,6336,484789,-648.7225551526312
123,6337,484850,-489.70166910226123
123,6338,484928,-692.3873937444183
123,6339,484985,-363.36764194291794
123,6340,485039,-443.98427397172026
123,6341,485112,-448.7727627025623
123,6342,485165,-423.01807787363026
123,6343,485238,-682.7426105650932
123,6344,485319,-837.5851813031514
123,6345,485385,-616.3624437204737
123,6346,485439,-387.9472763916486
123,6347,485493,-380.8346179076132
123,6348,485568,-449.20614237368375
123,6349,485633,-609.0023752490576
123,6350,485700,-512.6228067522806
123,6351,485766,-631.8842099798007
123,6352,485828,-548.2056574424732
123,6353,485878,-397.87102989343015
123,6354,485931,-364.8153495263343
123,6355,485995,-576.7856221785173
123,6356,486068,-417.08320238661713
123,6357,486117,-432.33431817339044
123,6358,486200,-796.3302465573464
123,6359,486263,-556.0156095630305
123,6360,486318,-496.5241322527211
123,6361,486384,-513.8816652551459
123,6362,486465,-859.050154459961
123,6363,486540,-766.4075619276588
123,6364,486599,-507.1754940700747
123,6365,486678,-860.4817443091184
123,6366,486734,-487.0815719160795
123,6367,486800,-624.2160522843635
123,6368,486888,-1047.172846831915
123,6369,486947,-439.04851233029365
123,6370,487000,-458.8873654182289
123,6371,487047,-360.0359145751654
123,6372,487099,-457.77090006981825
123,6373,487176,-472.7196418152936
123,6374,487262,-764.3001766209238
123,6375,487346,-814.0056363570867
123,6376,487422,-465.2343272711412
123,6377,487482,-520.874899510198
123,6378,487569,-921.2873630150452
123,6379,487655,-958.4455274297741
123,6380,487705,-319.4833428348682
123,6381,487790,-721.4061565435175
123,6382,487943,-1031.7781258695468
123,6383,488007,-568.0429522204663
123,6384,488092,-733.9355865467614
123,6385,488169,-772.3687422008111
123,6386,488226,-429.3308906668816
123,6387,488309,-803.8943662394985
123,6388,488373,-480.1273564658794
123,6389,488428,-409.1548967455164
123,6390,488482,-429.0622513180469
123,6391,488549,-490.69645053226316
123,6392,488619,-501.5214275872813
123,6393,488680,-454.8441587988328
123,6394,488742,-558.8555714785618
123,6395,488810,-599.465177601427
123,6396,488869,-443.7578998737333
123,6397,488950,-365.7026907057909
123,6398,489034,-769.3792683768252
123,6399,489088,-436.1092222161604
123,6400,489173,-671.8670356743269
123,6401,489252,-757.0234688441482
123,6402,489315,-573.2056106317459
123,6403,489400,-602.129029995781
123,6404,489455,-390.33770132844137
123,6405,489505,-435.76378604949076
123,6406,489573,-547.4355541782403
123,6407,489632,-455.69374441206133
123,6408,489704,-469.95469258601736
123,6409,489754,-333.87051173955166
123,6410,489824,-526.3990001770408
123,6411,489891,-498.66722192555983
123,6412,489956,-505.439504367499
123,6413,490012,-477.70651292133624
123,6414,490085,-434.3008104433284
123,6415,490136,-416.3508147028266
123,6416,490219,-724.2947299163909
123,6417,490292,-608.2855324814266
123,6418,490354,-455.8572828637488
123,6419,490406,-284.8864930635811
123,6420,490465,-409.30559704475314
123,6421,490544,-698.1986163792591
123,6422,490602,-414.05976271710483
123,6423,490653,-440.8788017173394
123,6424,490728,-591.9806038198096
123,6425,490797,-527.1137787238042
123,6426,490882,-820.5168541653418
123,6427,490964,-831.500272043691
123,6428,491016,-425.61481555363105
123,6429,491096,-798.93299059589
123,6430,491182,-774.0347731694131
123,6431,491242,-537.2956981891751
123,6432,491351,-598.134137724415
123,6433,491438,-919.1102843390366
123,6434,491493,-486.3515779318549
123,6435,491559,-547.6100706431575
123,6436,491614,-463.3322960205309
123,6437,491674,-523.6586631470842
123,6438,491745,-549.5756772369373
123,6439,491833,-818.6146519269269
123,6440,491902,-630.3912154033737
123,6441,491972,-526.0313477386348
123,6442,492045,-604.6664985317082
123,6443,492118,-561.5133282811466
123,6444,492180,-439.468611527988
123,6445,492256,-744.5550393940467
123,6446,492330,-621.1041199985951
123,6447,492400,-514.7016195523645
123,6448,492459,-533.4400601316661
123,6449,492519,-560.5005818892917
123,6450,492604,-952.9513421405153
123,6451,492684,-711.83917483424
123,6452,492762,-699.1579068368974
123,6453,492825,-491.90792756439373
123,6454,492927,-582.9796963531078
123,6455,493004,-503.1496772932021
123,6456,493088,-733.9787386957747
123,6457,493138,-367.7405990285617
123,6458,493210,-518.7344516393082
123,6459,493290,-828.0615479996811
123,6460,493360,-681.242601766218
123,6461,493457,-638.6539884272848
123,6462,493524,-491.3492749483841
123,6463,493597,-554.6660740111256
123,6464,493671,-746.7282819246388
123,6465,493734,-597.9485782871159
123,6466,493787,-481.57855363473976
123,6467,493874,-810.7561415966126
123,6468,493939,-475.5126610610403
123,6469,494061,-1045.7762172026291
123,6470,494172,-392.451138945701
123,6471,494230,-505.45817289340755
123,6472,494284,-465.6588362279383
123,6473,494372,-680.8130766278307
123,6474,494429,-461.7461386245346
123,6475,494504,-720.7166806183834
123,6476,494558,-402.8388044557591
123,6477,494610,-416.31013889645203
123,6478,494661,-312.65920979753787
123,6479,494716,-375.8217213346149
123,6480,494768,-421.9495889334111
123,6481,494858,-984.2689092763054
123,6482,494909,-434.14086154197753
123,6483,494971,-502.4593396630803
123,6484,495019,-388.85062748130866
123,6485,495078,-460.91512361157226
123,6486,495172,-404.3011503401257
123,6487,495223,-343.60709485516344
123,6488,495297,-474.68817290658285
123,6489,495380,-772.870728899954
123,6490,495445,-589.2589951898266
123,6491,495511,-625.5006144746453
123,6492,495595,-595.5168452965798
123,6493,495681,-931.6552026526207
123,6494,495732,-409.4908416947044
123,6495,495783,-334.1126563105363
123,6496,495836,-343.9206474846254
123,6497,495940,-618.9525959737375
123,6498,496014,-770.889148902845
123,6499,496065,-429.01226164728854
123,6500,496155,-1082.5909589840885
123,6501,496221,-473.7865092594302
123,6502,496277,-494.8715657336434
123,6503,496338,-452.699668277054
123,6504,496417,-425.32203796978143
123,6505,496497,-697.0941094149433
123,6506,496578,-660.4001718222402
123,6507,496639,-465.0257626305039
123,6508,496699,-517.4521039347212
123,6509,496760,-552.2930952169725
123,6510,496819,-404.03707375778436
123,6511,496874,-495.75159239542484
123,6512,496931,-490.24040933950175
123,6513,497001,-580.6276232120858
123,6514,497066,-563.1059314875031
123,6515,497139,-538.6591120633327
123,6516,497199,-440.013879400671
123,6517,497272,-484.72094706826215
123,6518,497348,-728.546984189726
123,6519,497419,-519.8329558847767
123,6520,497499,-772.7392951632233
123,6521,497570,-695.9808929113377
123,6522,497660,-341.5747008780942
123,6523,497713,-335.50990662355423
123,6524,497781,-508.216860249898
123,6525,497842,-421.2914966282935
123,6526,497902,-550.148122178223
123,6527,497974,-665.4504145004777
123,6528,498042,-482.4576601697448
123,6529,498127,-863.5288225011836
123,6530,498182,-448.30205296488276
123,6531,498269,-775.3415271535736
123,6532,498341,-518.952547527513
123,6533,498414,-722.1091925680896
123,6534,498487,-745.5226587368218
123,6535,498561,-489.01982756978896
123,6536,498630,-503.2414347797072
123,6537,498705,-460.0419639321186
123,6538,498782,-711.2096730444966
123,6539,498857,-709.1606239523545
123,6540,498921,-469.58674363507066
123,6541,498988,-560.8876574604515
123,6542,499068,-777.4817008990024
123,6543,499121,-332.1672127322778
123,6544,499204,-649.7242673427495
123,6545,499266,-464.4960798570897
123,6546,499324,-541.162329229605
123,6547,499381,-434.86760430980644
123,6548,499454,-666.8471125982512
123,6549,499519,-591.8651284449109
123,6550,499586,-606.3721227867259
123,6551,499649,-548.593597156014
123,6552,499712,-535.4788300530238
123,6553,499764,-440.090150832231
123,6554,499836,-579.5744553845817
123,6555,499888,-400.5416471864664
123,6556,499941,-303.0467914074778
123,6557,499994,-392.7234745032424
