seed,episode,total_steps,return
123,1,70,-75.39625864635937
123,2,148,-232.6086975814297
123,3,250,-139.65738195350013
123,4,374,-158.18766793240937
123,5,462,-251.3677132363927
123,6,556,-161.85709373909037
123,7,663,-115.61094784743852
123,8,737,-259.8789817045905
123,9,806,-81.98039931343581
123,10,924,-120.3286718986233
123,11,1038,-113.6844169422812
123,12,1109,-65.8475469195482
123,13,1227,-200.8612481370364
123,14,1336,-130.12853374606885
123,15,1432,-266.5808609249268
123,16,1509,-78.62232983322404
123,17,1654,-164.36116311149874
123,18,1735,-242.0419668081134
123,19,1825,-348.9104123526711
123,20,1919,-132.06322803503897
123,21,2022,-243.1142315485153
123,22,2105,-102.57185706243449
123,23,2199,-128.0090200240636
123,24,2293,-317.34859348989545
123,25,2352,-89.96028380364505
123,26,2438,-115.7752591741907
123,27,2547,-210.58877276047812
123,28,2668,-189.8586370593988
123,29,2748,-162.77121637298302
123,30,2843,-383.25680771444775
123,31,2937,-389.01632678719716
123,32,3019,-266.5165355812985
123,33,3091,-30.067108698491154
123,34,3220,-167.94920360161635
123,35,3359,-220.89847053923512
123,36,3422,-74.76712305416834
123,37,3512,-210.7412430304078
123,38,3618,-384.2270913448248
123,39,3707,-262.6672992643239
123,40,3811,-430.689717875454
123,41,3919,-48.809547647123395
123,42,4009,-353.2949301138812
123,43,4099,-96.3960548478234
123,44,4214,-79.43845610528895
123,45,4282,-81.73783177024002
123,46,4346,-194.93645147621822
123,47,4431,-94.24998689700801
123,48,4509,-179.29578381968003
123,49,4618,-315.58941667011527
123,50,4690,-122.05431813454311
123,51,4751,-180.8915085126388
123,52,4835,-215.09706668706545
123,53,4925,-365.07108810486847
123,54,4992,-120.62337687955869
123,55,5078,-371.70843127234036
123,56,5219,-173.3095274120802
123,57,5293,-96.52714323962947
123,58,5402,-70.43971250626355
123,59,5529,-525.2082462612474
123,60,5641,-405.9381484794335
123,61,5741,-298.72093861838124
123,62,5810,-146.05110586729526
123,63,5882,-111.5521924522765
123,64,5974,-146.7774148582253
123,65,6092,-257.71769290924806
123,66,6220,-172.02552320616297
123,67,6300,-171.11204900261703
123,68,6459,-128.5705160233659
123,69,6595,-97.08789865250021
123,70,6669,-76.0949926702354
123,71,6767,-147.45949711376704
123,72,6865,-355.5359122997927
123,73,6954,-354.2709049000648
123,74,7061,-15.830927584912999
123,75,7129,-178.09824368696894
123,76,7238,-116.92364645308652
123,77,7384,-248.5159674991404
123,78,7476,-303.0361256681713
123,79,7539,-74.97927960185237
123,80,7622,-121.42430215001065
123,81,7721,-182.42852357676543
123,82,7815,-309.0997567441956
123,83,7933,-30.908670645990156
123,84,8002,-178.43873152649468
123,85,8099,-349.41501809220097
123,86,8198,-9.48262433638314
123,87,8284,-453.2771220246336
123,88,8399,-173.07240251499186
123,89,8491,-192.5656534321286
123,90,8583,-121.74149874956213
123,91,8672,-167.92673812030802
123,92,8771,-369.1321753628499
123,93,8867,-128.74468654513578
123,94,8981,-380.2425530772921
123,95,9077,-309.3732338234072
123,96,9197,-274.4992491444252
123,97,9318,-384.37694452354964
123,98,9419,-510.4138859364731
123,99,9490,-39.88107190995154
123,100,9552,-62.84408019443994
123,101,9655,-239.08806861712065
123,102,9735,-146.66243635809167
123,103,9824,-110.45282017163431
123,104,9894,-211.47335742235597
123,105,9972,-116.9447349034846
123,106,10041,-87.63755596256365
123,107,10178,-396.3610780035454
123,108,10258,-100.7356465200251
123,109,10333,-301.97318670463187
123,110,10441,-96.60777686736479
123,111,10531,-123.6806572271438
123,112,10654,-43.98535720200771
123,113,10725,-97.32412353805253
123,114,10791,-142.56693266125137
123,115,10867,-292.0210289807362
123,116,10958,-391.0429941875784
123,117,11063,-239.7984617112321
123,118,11155,-341.0680244541494
123,119,11299,-194.68577974627084
123,120,11404,-126.97360785374337
123,121,11541,-232.87409448505448
123,122,11655,-105.06403024303968
123,123,11730,-92.1150822475375
123,124,11806,-122.98494718877319
123,125,11917,-396.976072456402
123,126,11983,-94.73388107060116
123,127,12063,-91.49154129200873
123,128,12162,-153.44345778977083
123,129,12232,-63.24930220989139
123,130,12336,-244.6496598809013
123,131,12461,-223.01115878821503
123,132,12532,-69.60577354768117
123,133,12610,-67.42060576412791
123,134,12730,-455.2773835376025
123,135,12823,-274.57759383818416
123,136,12890,-146.29383679737867
123,137,13011,-240.36018302555428
123,138,13090,-188.52683663837698
123,139,13237,-118.96065561279025
123,140,13347,-110.79495761064364
123,141,13466,-35.195918144148976
123,142,13574,-24.710438590931176
123,143,13642,-89.30914247493365
123,144,13742,-253.4668907897812
123,145,13840,-245.93201656560865
123,146,13905,-101.19904420187079
123,147,14020,-397.2152901245016
123,148,14090,-68.47274317724646
123,149,14155,-94.05328108494552
123,150,14251,-109.54505141083649
123,151,14364,-243.85729434277948
123,152,14491,-165.19178970361816
123,153,14588,-173.84676776178918
123,154,14697,-118.14504589606875
123,155,14801,-94.58368413479168
123,156,14886,-117.44398456105924
123,157,14970,-125.14232114459347
123,158,15050,-201.7250007118243
123,159,15146,-130.2946935834767
123,160,15234,-109.54755560365008
123,161,15301,-122.87833845170123
123,162,15451,-107.14366172346762
123,163,15568,-271.00924673406433
123,164,15638,-200.9839198589346
123,165,15758,-271.31373191102546
123,166,15837,-67.16256496310659
123,167,15959,-316.69094699840616
123,168,16050,-251.13929126562786
123,169,16121,-122.86510821095546
123,170,16259,-93.70659697125846
123,171,16342,-198.44015591294868
123,172,16441,-41.40330019941756
123,173,16605,-245.64831869448204
123,174,16671,-122.53671001802209
123,175,16739,-100.27512468809888
123,176,16832,-144.5105718235253
123,177,16915,-63.11744977737974
123,178,17036,-177.09109726618968
123,179,17142,-168.02280722520425
123,180,17224,14.42660436771429
123,181,17323,-290.42371961685836
123,182,17386,-125.97086169005912
123,183,17452,-81.57814354603703
123,184,17524,-64.41594683633318
123,185,17590,-80.94975527167531
123,186,17670,-121.71154937351415
123,187,17764,-545.2538196668695
123,188,17833,-114.7436525557707
123,189,17894,-110.48138489375934
123,190,17985,-122.1971990441881
123,191,18100,-382.715278411616
123,192,18220,-216.15455191666513
123,193,18287,-165.02856346199061
123,194,18417,-239.13332327844375
123,195,18504,-163.6013185037587
123,196,18622,-123.25468283652572
123,197,18686,-181.80771862198583
123,198,18756,-185.3226837847883
123,199,18843,-249.6305448906709
123,200,18954,-155.12313364238122
123,201,19041,-99.91860292862758
123,202,19136,-93.85461232764666
123,203,19213,-160.89760659792256
123,204,19331,-148.5870751593526
123,205,19443,-282.4547330666959
123,206,19530,-313.4202481360612
123,207,19632,-347.04230829176885
123,208,19747,-59.86016957481431
123,209,19832,-87.00059298265565
123,210,19926,-276.29737212195516
123,211,20047,-121.07597345887511
123,212,20203,-287.86188547062477
123,213,20290,-114.96014593749689
123,214,20396,-163.8685135666463
123,215,20471,-94.32625977227283
123,216,20557,-362.6901280303786
123,217,20703,-185.19396577244936
123,218,20784,-240.67797852795312
123,219,20916,-87.91970739141686
123,220,21018,-430.17206502564835
123,221,21086,-74.80793319820756
123,222,21174,-164.94427885077397
123,223,21256,-117.24361654828638
123,224,21344,-303.95821275924675
123,225,21456,-237.79569830746956
123,226,21585,-85.49341340579213
123,227,21685,-181.26832090062646
123,228,21754,-159.61633721380514
123,229,21845,-115.14906698564171
123,230,21944,-449.47199807772665
123,231,22008,-68.35686738526039
123,232,22079,-196.34551610664082
123,233,22169,-94.25640548539621
123,234,22241,-89.13039942839363
123,235,22360,-233.9646411173966
123,236,22457,-25.341483193678144
123,237,22521,-80.42946348723248
123,238,22624,-330.8238869294877
123,239,22721,-121.43886113209673
123,240,22790,-60.28633060639961
123,241,22862,-143.7759130653012
123,242,22991,-89.94572761998728
123,243,23087,-162.22461881712323
123,244,23183,-391.937653106353
123,245,23281,-325.0601591379541
123,246,23376,-105.25539887046189
123,247,23443,-223.31600655382232
123,248,23509,-70.17939752581971
123,249,23628,-6.750156323700736
123,250,23722,-201.34778523528826
123,251,23782,-109.118088864105
123,252,23857,-113.14600538713385
123,253,23969,-96.49994963034122
123,254,24081,-78.41308514662859
123,255,24200,-182.87005945812905
123,256,24268,-86.47435376436104
123,257,24353,-108.26428828169398
123,258,24436,-108.24231221065742
123,259,24516,-111.05212928364567
123,260,24620,-208.85282972232926
123,261,24713,-129.25581236230778
123,262,24801,-115.50837670634151
123,263,24920,-146.08438075997782
123,264,25056,-169.90180419033032
123,265,25174,-130.365787929269
123,266,25240,-269.79725783217486
123,267,25333,-147.7942522559459
123,268,25425,-208.0215417784957
123,269,25545,-218.64137116749663
123,270,25627,-104.72389864678007
123,271,25719,-308.0551377816822
123,272,25779,-141.9195310978725
123,273,25883,-163.28441884890117
123,274,25974,-226.2048014141068
123,275,26121,-535.9229799409436
123,276,26188,-273.7048178995658
123,277,26285,-118.91676954877042
123,278,26345,-164.54180002876754
123,279,26466,-201.60588269212286
123,280,26579,-252.23874983071676
123,281,26687,-443.2312196891381
123,282,26782,-383.723248626794
123,283,26892,-166.26030265603544
123,284,26987,-16.21405572808881
123,285,27092,-152.28734149890474
123,286,27162,-85.73436149865432
123,287,27241,-91.43577870607234
123,288,27326,27.468483304059347
123,289,27423,-241.19207940053352
123,290,27542,-107.34849914173316
123,291,27678,-206.68334940713416
123,292,27793,-166.3269927419385
123,293,27857,-69.99005114267587
123,294,27962,-215.05208343339638
123,295,28089,-262.802355406843
123,296,28186,-68.0579145825886
123,297,28261,-143.1053923119423
123,298,28379,-293.83457639041717
123,299,28475,-129.47766546570358
123,300,28564,-83.59401220708561
123,301,28641,-12.686275973799098
123,302,28775,-90.58878100956734
123,303,28860,-131.77450260136976
123,304,28950,-397.64156577544514
123,305,29015,-183.66057476566942
123,306,29104,-138.57373504515158
123,307,29187,-260.2715563653826
123,308,29294,-202.48826980489324
123,309,29424,-127.28532574409176
123,310,29519,-97.89862829033535
123,311,29596,-123.0804387766388
123,312,29719,-102.48313840707021
123,313,29792,-87.83205243671655
123,314,29884,-126.76641255658407
123,315,29971,-121.70807620779887
123,316,30129,-354.24977287712085
123,317,30220,-303.65178698093325
123,318,30335,-366.88504749218873
123,319,30453,-287.2696822361687
123,320,30530,-171.61413559945623
123,321,30646,-127.29493878061058
123,322,30737,-137.15185218585208
123,323,30841,-100.31707598750972
123,324,30915,-96.25842562103104
123,325,31052,-354.11722056525423
123,326,31164,-181.8843589425286
123,327,31236,-119.02027908509322
123,328,31361,-298.35297122872566
123,329,31445,-301.752769154687
123,330,31557,-138.70235582492222
123,331,31639,-104.72987375470612
123,332,31749,-167.86235354581873
123,333,31848,-140.9510261774901
123,334,31936,-60.24143252606046
123,335,32028,-54.6253299596508
123,336,32148,-119.19585604399052
123,337,32216,-89.10540006701339
123,338,32308,-371.31563921521183
123,339,32383,-123.7139239128741
123,340,32469,-151.24687266082236
123,341,32571,-97.84860355441295
123,342,32636,-86.87532253847453
123,343,32726,-112.09017567301917
123,344,32798,-115.51835665265091
123,345,32892,-55.09439636381696
123,346,32995,-215.65387722340077
123,347,33103,-194.68053533076733
123,348,33187,-128.03127399356612
123,349,33279,-86.57731734201373
123,350,33352,-76.6158778693205
123,351,33414,-112.7685341850484
123,352,33488,-86.10756783815972
123,353,33593,-55.6826307247765
123,354,33666,-321.75777715003585
123,355,33790,-108.19011268764953
123,356,33873,-167.35900721299834
123,357,34001,-89.50637117869807
123,358,34112,-242.0544200180916
123,359,34229,-150.86403901395204
123,360,34328,-444.2697934722865
123,361,34398,-157.23694043685154
123,362,34477,-218.81396777253966
123,363,34542,-107.4043389970972
123,364,34684,-175.2856110494273
123,365,34771,-201.84490735932908
123,366,34887,-125.21877306328474
123,367,34976,-246.02077569695825
123,368,35032,-157.88847089196383
123,369,35154,-340.4374417315819
123,370,35226,-288.2274060623307
123,371,35390,-466.9673233001489
123,372,35465,-70.38416319885701
123,373,35543,-86.83546340133412
123,374,35614,-127.7485209604673
123,375,35725,-121.68360100115434
123,376,35793,-171.96184723246594
123,377,35881,-196.9681250786631
123,378,35963,-162.90955183068797
123,379,36058,-54.590592551439116
123,380,36129,-100.84537018620296
123,381,36214,-421.76172061177044
123,382,36316,-286.80989462704514
123,383,36395,-69.48750408617596
123,384,36477,-423.4440613412458
123,385,36563,-304.4861169866151
123,386,36633,-59.75636257555617
123,387,36721,-193.22281917248208
123,388,36814,-332.9645255717207
123,389,36890,-93.16619653499941
123,390,37036,-475.07409057274964
123,391,37186,-83.57216509273357
123,392,37273,-334.9279256428
123,393,37382,-132.2478642029088
123,394,37440,-157.8808164135088
123,395,37507,-146.7091069412054
123,396,37605,-94.3180657027561
123,397,37730,-428.28059270017854
123,398,37811,-208.3723821715326
123,399,37891,-106.68955095746446
123,400,38010,-133.94416873941532
123,401,38096,-177.04634510801043
123,402,38170,-277.7317784010389
123,403,38252,-84.40713234248418
123,404,38373,-79.37399141426204
123,405,38488,-170.7145926633014
123,406,38572,-196.61931100905582
123,407,38641,-105.55130508153759
123,408,38759,-159.29086034264685
123,409,38862,-358.7574369937699
123,410,38928,-129.03226766178847
123,411,39049,-146.567913852841
123,412,39166,-150.73022752885288
123,413,39249,-188.23780624219427
123,414,39359,-280.99359253977957
123,415,39462,-344.50495474275885
123,416,39551,-397.8818320735587
123,417,39620,-63.660569816102104
123,418,39749,-149.57821431282576
123,419,39846,-188.81526789244793
123,420,39946,-60.406756899959795
123,421,40002,-78.36335814482419
123,422,40107,-331.99379206500765
123,423,40170,-89.62752896317465
123,424,40236,-256.926206528322
123,425,40311,-265.64472054328667
123,426,40367,-104.12755609891215
123,427,40479,-404.70726754231595
123,428,40542,-121.98476374076353
123,429,40606,-85.58209136923492
123,430,40683,-291.39231572035504
123,431,40764,-81.70296436341984
123,432,40866,-155.17289490032937
123,433,40984,-190.39628044731717
123,434,41093,-189.97594231295164
123,435,41194,-235.77482578537942
123,436,41293,-143.7171574575691
123,437,41399,-270.3078553384855
123,438,41511,-459.4591072695493
123,439,41599,-244.95693383895383
123,440,41666,-80.56456650043742
123,441,41740,-125.06316770037539
123,442,41812,-90.07638684856039
123,443,41894,-81.07910606877117
123,444,42037,-145.76058368667128
123,445,42156,-426.6620996493634
123,446,42252,-181.37818080869224
123,447,42318,-140.2835790764898
123,448,42390,-111.2660782503216
123,449,42451,-114.73363228032355
123,450,42556,-260.2108628300167
123,451,42628,-91.9206510992048
123,452,42738,-123.99165168397954
123,453,42877,-399.1020676428753
123,454,42955,-107.14363146212685
123,455,43034,-122.82815372459379
123,456,43098,-97.82377437664081
123,457,43203,-306.8519096328854
123,458,43284,-82.26038632407354
123,459,43385,-130.79904155819662
123,460,43478,-242.3180225835423
123,461,43593,-98.0525908390527
123,462,43738,-160.1431718929286
123,463,43818,-91.02172066725194
123,464,43920,-220.70846910226794
123,465,44037,-226.28549491698277
123,466,44137,-118.01331427490022
123,467,44251,-106.80789463053969
123,468,44380,-124.61569889103099
123,469,44476,-115.05805835546208
123,470,44549,-277.03222476677524
123,471,44659,-239.65317271305696
123,472,44734,-311.91112317569537
123,473,44835,-398.1302311111277
123,474,44903,-316.2876556033953
123,475,45003,-120.89973570458733
123,476,45089,6.06025741486566
123,477,45151,-104.1718741302326
123,478,45222,-91.78442469920815
123,479,45332,-270.76040297724626
123,480,45429,-193.29904215977155
123,481,45551,-221.57057517132546
123,482,45671,-314.94099253580146
123,483,45801,-183.12745606784654
123,484,45889,-105.50070214118911
123,485,45956,-87.71723507614101
123,486,46054,-351.30378934281646
123,487,46129,-115.15288677192432
123,488,46245,-217.41922209829727
123,489,46345,-332.9311095591331
123,490,46413,-173.82757005732083
123,491,46480,-217.8026088385947
123,492,46598,-243.73121766571035
123,493,46683,-113.13466352553954
123,494,46759,-123.56975167830866
123,495,46828,-167.33468481017633
123,496,46898,-107.90916557621787
123,497,46966,-88.40609630145697
123,498,47098,-132.28745093821777
123,499,47225,-293.0946790653893
123,500,47343,-59.35831302286288
123,501,47410,-65.70437530328608
123,502,47467,-79.00303656218358
123,503,47548,-179.71133657697163
123,504,47665,-50.52462782245509
123,505,47767,-404.0640412433245
123,506,47834,-242.3207493490072
123,507,47955,-208.20055714072083
123,508,48027,-217.48791140815513
123,509,48119,-376.05617157550756
123,510,48229,-277.7318521224502
123,511,48332,-257.7518913052908
123,512,48417,-137.47128060774264
123,513,48502,-389.37935376362805
123,514,48597,-341.4383780441687
123,515,48676,-137.8049547000374
123,516,48774,9.695818195495264
123,517,48896,-302.05252778874035
123,518,48966,-133.44213359393837
123,519,49056,-115.30541263668266
123,520,49157,-333.5145960557229
123,521,49240,-122.2838093984514
123,522,49358,-256.25123646334737
123,523,49467,-63.38719430467369
123,524,49582,-228.74104956720845
123,525,49706,-268.6300539564146
123,526,49773,-80.71861448326618
123,527,49906,-112.13180746349116
123,528,50001,-116.63137230881686
123,529,50115,-314.3256949540689
123,530,50224,-107.84102851826081
123,531,50310,-29.92927314933945
123,532,50398,-204.08786131779198
123,533,50484,-58.33531742053261
123,534,50587,-176.08371365508816
123,535,50662,-70.59957372314612
123,536,50736,31.867391914353902
123,537,50823,-307.01333501973573
123,538,50895,-98.85277515977485
123,539,50997,-150.67534936198857
123,540,51096,-167.33699979431157
123,541,51227,-254.4073420905456
123,542,51289,-70.50650801250663
123,543,51367,-209.33931029791972
123,544,51465,-126.0870891587718
123,545,51527,-107.1554295241452
123,546,51599,-63.9220719065059
123,547,51718,-424.9875864971767
123,548,51803,-96.71335092429022
123,549,51898,-118.69179146058022
123,550,51998,-354.3856706685243
123,551,52120,-117.53185238277021
123,552,52229,-280.2949789106924
123,553,52316,-200.16953363451913
123,554,52407,-132.66123786322765
123,555,52482,-109.92155120265642
123,556,52547,-129.62946308717255
123,557,52677,-314.39959147237624
123,558,52794,-215.141840397444
123,559,52930,-281.17279844972313
123,560,52997,-171.9189975601534
123,561,53083,-123.91538875805449
123,562,53160,-216.1021464950522
123,563,53281,-107.33871261636305
123,564,53354,-387.62713052394486
123,565,53435,-124.51905765880747
123,566,53494,-97.4589327893541
123,567,53600,-43.42779558682153
123,568,53699,-348.8190072987574
123,569,53778,-104.33247029374738
123,570,53871,-117.9221303213212
123,571,53949,-171.75962636511122
123,572,54020,-111.2225790417388
123,573,54120,-192.21653157917171
123,574,54188,-42.450168514342295
123,575,54277,-102.41240315926348
123,576,54381,-166.03371000161602
123,577,54457,-118.46903033966288
123,578,54536,-94.00925107220223
123,579,54620,-108.53009509620443
123,580,54682,-86.0356886002516
123,581,54759,-261.05736338131476
123,582,54866,-152.1427996384565
123,583,54975,-276.8942579342901
123,584,55105,-121.01264883948242
123,585,55264,-16.881363368793117
123,586,55343,-280.53099939804173
123,587,55438,-130.21910785527626
123,588,55543,-137.34024786578405
123,589,55634,-93.24530362480168
123,590,55710,-109.00373710692315
123,591,55808,-136.99541276042893
123,592,55895,-249.50317107545635
123,593,55982,-238.03978375499076
123,594,56093,-184.16763477837546
123,595,56211,-274.7896144888846
123,596,56282,-115.50154583802404
123,597,56371,-172.0156553841092
123,598,56463,-99.9327035474709
123,599,56551,-116.83827606154681
123,600,56613,-133.400631780117
123,601,56680,-71.5923147341422
123,602,56746,30.818278851994336
123,603,56815,-84.64281490854472
123,604,56919,-109.6580672863172
123,605,56985,-88.30751419493052
123,606,57102,-262.07218335883124
123,607,57170,-106.9674590281205
123,608,57309,-402.0322640190555
123,609,57376,-97.66392150471098
123,610,57435,-90.57616595363905
123,611,57543,-96.74824908619345
123,612,57625,-106.73768862214014
123,613,57744,-95.76039621982746
123,614,57904,-233.15748132418514
123,615,58014,-270.7175589175881
123,616,58099,-265.2712286064326
123,617,58238,-145.56143346203893
123,618,58304,-110.66338878423409
123,619,58418,-173.9263175247545
123,620,58511,-326.2892739406008
123,621,58624,-155.30516433223545
123,622,58703,-102.10058063322177
123,623,58821,-242.12229046667585
123,624,58880,-112.33164592791329
123,625,58943,-81.27083931156736
123,626,59006,-102.0630304588962
123,627,59072,-69.10718954272107
123,628,59163,-82.3523900002274
123,629,59230,-111.25278222834442
123,630,59294,-109.86034158928277
123,631,59354,-99.55404825592939
123,632,59449,-129.14999782220406
123,633,59536,-126.40317005196125
123,634,59634,-152.50280566699456
123,635,59722,-133.4561414979716
123,636,59800,28.638718406698786
123,637,59884,-120.59288648833974
123,638,59962,-90.39787827931642
123,639,60061,-328.9443545910228
123,640,60144,-105.11699224888355
123,641,60218,-90.2853904398754
123,642,60282,-84.21885648334994
123,643,60379,-132.3024967884388
123,644,60447,-110.60156136990628
123,645,60553,-111.9632949095151
123,646,60632,-248.32021608093933
123,647,60772,2.3642020610617323
123,648,60909,-534.075779707104
123,649,60985,-137.50412939818634
123,650,61102,-307.05556674298623
123,651,61202,-354.27498328569624
123,652,61302,-230.49999389166229
123,653,61388,-155.08250249484163
123,654,61476,-103.96511683253915
123,655,61567,-171.72969940444398
123,656,61705,-216.04151974812822
123,657,61795,-296.45261069720107
123,658,61871,-96.26748833316769
123,659,61989,-81.52990076986053
123,660,62131,-302.50276075868993
123,661,62279,-89.12436838923847
123,662,62401,-387.4016725542175
123,663,62481,-118.57978309981041
123,664,62563,-104.13194851462325
123,665,62645,-302.2870532912881
123,666,62783,-139.96815327914618
123,667,62876,-184.08143087957598
123,668,62942,-91.46293309378393
123,669,63016,-110.75319218390979
123,670,63122,-409.8513843607496
123,671,63199,-209.91783213956938
123,672,63322,-301.08929817890953
123,673,63389,-66.25133659042748
123,674,63475,-195.09662894896087
123,675,63542,9.6093851750164
123,676,63671,-379.5959019429135
123,677,63767,-293.2717132677318
123,678,63873,-306.10914928692614
123,679,63938,-121.52135498035338
123,680,64009,-109.6114074160068
123,681,64122,-168.60026097335754
123,682,64199,-109.9189908844747
123,683,64323,-355.740199442521
123,684,64389,-94.42272725924603
123,685,64458,-126.74561758467503
123,686,64538,-191.8802443800173
123,687,64664,-232.1047498589701
123,688,64779,-190.99635679692096
123,689,64863,-309.6180903590023
123,690,64993,-370.4753522754315
123,691,65107,-130.17095157046856
123,692,65166,-137.76338345747752
123,693,65280,-91.31048735908776
123,694,65382,-112.36236686875152
123,695,65460,-111.1197441405468
123,696,65532,-95.03795590216815
123,697,65640,-265.66125253205723
123,698,65709,11.047472828128875
123,699,65793,-231.78300685280254
123,700,65906,-289.54047038616636
123,701,66006,-151.96394541983767
123,702,66122,-156.91919665020208
123,703,66236,-123.60777270541931
123,704,66307,-106.27733410377861
123,705,66379,-174.09219838536103
123,706,66467,-93.27436396951133
123,707,66548,-81.53179480268794
123,708,66620,-353.3419619151251
123,709,66698,-125.27444483920495
123,710,66807,-472.0990201636541
123,711,66925,-310.10161960528893
123,712,67022,-109.79520303314867
123,713,67108,-115.49365353573144
123,714,67218,-128.9375843252228
123,715,67309,-123.19884770311859
123,716,67425,-89.45996212110569
123,717,67551,-131.7312505840669
123,718,67624,-87.03055857218239
123,719,67734,-174.48456195087365
123,720,67798,-146.2154887780481
123,721,67935,-257.4494360054459
123,722,68014,-87.44339420227388
123,723,68125,-386.6543771496073
123,724,68246,-375.4108717348951
123,725,68332,-328.69169740068173
123,726,68435,-196.27839221305965
123,727,68518,-45.45583552599271
123,728,68662,-281.5493606918733
123,729,68762,-211.68688734150305
123,730,68919,-83.81169657016801
123,731,68993,-101.42840889117116
123,732,69063,-90.51188069183823
123,733,69163,-279.9106809906858
123,734,69236,-67.46324227769934
123,735,69384,-178.1071665710089
123,736,69471,-124.80225070391998
123,737,69548,-120.91688926664439
123,738,69640,-149.11626005867802
123,739,69738,-155.1850337746132
123,740,69818,-226.6226816052833
123,741,69885,-118.25578486244524
123,742,69979,-232.7807792629559
123,743,70045,-14.116330952269635
123,744,70124,-64.80909698604762
123,745,70231,-243.04052203988132
123,746,70320,-126.24682153573359
123,747,70391,-89.73026015033095
123,748,70467,-171.6172336481362
123,749,70538,-101.47763824972327
123,750,70621,-262.54360133421596
123,751,70723,-113.83176351996262
123,752,70805,-160.97810487004827
123,753,70936,-81.89450004789961
123,754,71091,-233.95786057510998
123,755,71156,-120.48922585884829
123,756,71237,-66.20372853494948
123,757,71309,-58.14602307279374
123,758,71367,-126.05433767651374
123,759,71499,-384.1931666095773
123,760,71624,-295.8178231350465
123,761,71700,-202.76579011503014
123,762,71812,-319.85958969297616
123,763,71941,-109.3172049579067
123,764,72044,-352.0836752452801
123,765,72118,-122.41367542916484
123,766,72223,-116.8010722802556
123,767,72322,-224.6691211435775
123,768,72397,-116.78896895574742
123,769,72460,-112.84007026911081
123,770,72592,-253.54891456529765
123,771,72686,-294.26782408833185
123,772,72770,-85.89625827987172
123,773,72860,-155.05087784051395
123,774,72937,-112.76937834982185
123,775,73021,-336.6106081044904
123,776,74021,75.69749300692678
123,777,74096,-147.31930591030115
123,778,74228,-137.71826098176209
123,779,74316,-103.8346378838697
123,780,74399,-382.44010672991686
123,781,74495,-244.5612444310999
123,782,74594,-101.10367915184727
123,783,74687,-408.3262189049626
123,784,74809,-251.65317922795404
123,785,74880,-101.87479426534424
123,786,74960,-310.5174344333889
123,787,75038,-128.53744260056797
123,788,75113,-89.71876374236867
123,789,75197,-149.32835806091572
123,790,75287,-435.226618988143
123,791,75389,-128.6819549750208
123,792,75511,13.112180752249756
123,793,75567,-107.72232724810273
123,794,75662,-129.1268883200392
123,795,75739,-100.21829987687391
123,796,75800,-120.77712074375737
123,797,75886,-121.39014165349593
123,798,75968,-323.55479570258944
123,799,76067,-122.090302177511
123,800,76165,-302.15256311958115
123,801,76238,-86.59862704128714
123,802,76340,-435.9498499349857
123,803,76407,-102.06882055059846
123,804,76511,-307.11582726163135
123,805,76587,-112.09014968458601
123,806,76686,-136.79432001161288
123,807,76810,-377.25036334315536
123,808,76893,-72.32539253966758
123,809,76962,-56.058907866404866
123,810,77058,-291.0886643504223
123,811,77123,-89.44367560302088
123,812,77185,23.000538467716453
123,813,77294,-376.4663400869147
123,814,77364,-69.06023119735869
123,815,77472,-106.14990832005464
123,816,77545,-117.64984393385055
123,817,77636,-170.66155121554118
123,818,77692,-182.985014427686
123,819,77783,-191.83775250752598
123,820,77902,-286.790434971917
123,821,77978,-206.68532963168244
123,822,78057,-97.1874192359797
123,823,78134,-93.58290572989807
123,824,78218,-286.7122469401139
123,825,78302,-130.49498579613976
123,826,78397,-155.16457968062775
123,827,78535,-137.2073744051012
123,828,78633,-140.12841445625702
123,829,78719,-147.79355741366368
123,830,78780,-88.75579295124723
123,831,78847,-99.0841538434176
123,832,78945,-245.42877654181837
123,833,79059,-126.8166863440779
123,834,79161,-136.74343234679168
123,835,79275,-284.0794440048825
123,836,79412,-317.2414294228333
123,837,79511,-132.6117905269944
123,838,79583,-162.51469523616262
123,839,79684,-128.70261453129626
123,840,79768,-121.53776851970053
123,841,79854,-153.95728386669126
123,842,79943,-439.62376430778477
123,843,80019,-291.1581088969117
123,844,80090,-76.63547862577684
123,845,80155,-120.72966678937776
123,846,80237,-180.75840227102537
123,847,80337,-106.41209435155285
123,848,80461,-334.3641060252801
123,849,80578,-259.4116420143827
123,850,80681,-392.1514763601164
123,851,80756,-108.6575200886648
123,852,80884,-53.75492482282975
123,853,80963,-69.25408179386304
123,854,81090,-447.351489187223
123,855,81152,-122.60299377277136
123,856,81259,-19.347901634227128
123,857,81358,-246.938913910345
123,858,81446,-141.7407619033132
123,859,81534,-104.33027467219021
123,860,81609,-148.11195836409314
123,861,81743,-345.58730192314306
123,862,81809,-142.40908391737423
123,863,81880,-202.55654443825688
123,864,81982,-179.15827063343266
123,865,82073,-386.7516953041308
123,866,82161,-90.84747747144192
123,867,82270,-205.06057358300217
123,868,82390,-315.11121924504744
123,869,82457,-110.8598215611162
123,870,82516,-88.29322325860596
123,871,82609,-117.40915806057097
123,872,82692,-146.54945507753283
123,873,82814,-328.03743324381105
123,874,82892,-101.47181339828595
123,875,83008,-102.1003020545464
123,876,83096,-96.33216003381457
123,877,83196,-111.6953392491246
123,878,83317,-314.23490295224076
123,879,83402,-222.0877335337123
123,880,83526,-115.05271866703063
123,881,83641,-185.51910642201028
123,882,83732,-355.51893117750274
123,883,83815,-100.77653455484653
123,884,83909,-113.24803314591881
123,885,84031,-79.61713947628758
123,886,84141,-100.05964877602786
123,887,84219,-226.99049330779872
123,888,84321,-221.15169826825974
123,889,84421,-208.00624325588763
123,890,84530,-121.8734989324404
123,891,84619,-259.53639505929004
123,892,84706,-110.11339179994326
123,893,84811,-236.5314115734361
123,894,84900,-235.2732295553312
123,895,84978,-116.11194145678733
123,896,85080,-109.96960258122454
123,897,85180,-82.18503987136492
123,898,85300,-153.81341446074558
123,899,85444,-354.7962337660575
123,900,85551,-245.87263433983856
123,901,85626,-99.62797459561534
123,902,85704,-174.04563002138735
123,903,85824,-99.33094910880254
123,904,85887,-106.69890719636508
123,905,85995,-269.2146413036645
123,906,86081,-128.73458823650014
123,907,86171,-108.99084649951948
123,908,86234,-111.21851807649523
123,909,86375,-159.8850884252849
123,910,86459,-335.8535015354306
123,911,86548,-330.58649354566757
123,912,86674,-182.6348659332494
123,913,86765,-116.11450079609182
123,914,86876,-398.53334583896844
123,915,87008,-203.9680314217767
123,916,87112,-117.71586009749745
123,917,87206,-130.02206690701817
123,918,87316,-259.4308292578754
123,919,87444,-68.02233983801781
123,920,87522,-352.7198799841634
123,921,87588,-119.3034247280144
123,922,87687,-321.11275715154324
123,923,87789,-181.31602505919014
123,924,87876,-197.33651510390325
123,925,87937,-92.94437877394516
123,926,88076,-173.31306078756668
123,927,88159,-325.5960669578483
123,928,88254,-88.62306072728602
123,929,88368,-253.03789283821047
123,930,88492,-125.0618005062415
123,931,88591,-194.5591602483957
123,932,88677,-254.4158664588602
123,933,88791,-435.122169892509
123,934,88865,-116.82203988353672
123,935,88982,-353.3404979070593
123,936,89055,-225.2920297877688
123,937,89187,-76.47513219346631
123,938,89292,-95.72853127058984
123,939,89407,-115.74785121271786
123,940,89508,-150.1674618376367
123,941,89633,-162.0246326239876
123,942,89735,-381.8124726255309
123,943,89860,-120.4502323826281
123,944,89972,-156.839531331757
123,945,90036,-98.93988433084756
123,946,90161,-285.61485353061664
123,947,90256,-92.92651794132146
123,948,90387,-94.33637761248363
123,949,90474,-258.0243330523033
123,950,90609,-184.117593151665
123,951,90680,-186.96672016712978
123,952,90777,-330.51385885600666
123,953,90881,-190.45460333489353
123,954,90980,-338.35862641425024
123,955,91086,-1.9634384299014869
123,956,91155,-219.11317417543364
123,957,91244,-31.026856614699014
123,958,91301,-96.32301443604834
123,959,91398,-412.3492691023819
123,960,91478,-118.62700208875835
123,961,91567,-138.41820926574286
123,962,91630,-89.89531217291133
123,963,91700,-166.12240089825173
123,964,91782,-113.63034740474983
123,965,91901,-81.03079781005161
123,966,92016,-101.72476248733435
123,967,92123,-199.1851002358802
123,968,92206,-98.74396889757487
123,969,92296,-83.15046525255836
123,970,92370,-92.28735582215302
123,971,92455,-84.0382323594358
123,972,92558,-221.50224119779998
123,973,92672,-202.64646593813688
123,974,92757,-230.02349979896186
123,975,92819,-100.71934224709125
123,976,92895,-87.6492708073096
123,977,93009,-570.982520579478
123,978,93070,-83.09888350675891
123,979,93139,-44.129325930556476
123,980,93226,-283.35433293356743
123,981,93352,-295.6745060824936
123,982,93449,-247.70692197186452
123,983,93526,-87.55781488022251
123,984,93602,-95.32530448512355
123,985,93696,-114.82827485223086
123,986,93770,-164.7062654401737
123,987,93843,-121.93956146352237
123,988,93979,-334.73305557491983
123,989,94047,-100.39851276952585
123,990,94110,-65.07205601610994
123,991,94196,-257.3515262630416
123,992,94274,-129.44779673240276
123,993,94348,-82.11317401845926
123,994,94420,-119.52968176156305
123,995,94526,-157.29987951642954
123,996,94627,-241.5019039014402
123,997,94714,-376.7047512316029
123,998,94779,-94.33036021833854
123,999,94843,-72.60911550035391
123,1000,94913,-100.55658746611822
123,1001,95003,-361.2153317215218
123,1002,95069,-177.0430393444571
123,1003,95168,-264.4013014944966
123,1004,95269,-124.01106099061083
123,1005,95390,-124.65499992838889
123,1006,95476,-114.12724978127292
123,1007,95576,-342.3511133015517
123,1008,95647,-261.8169023694976
123,1009,95715,-119.45956105017447
123,1010,95801,-251.69419277264268
123,1011,95890,-136.82718266061957
123,1012,95973,-174.07306740120123
123,1013,96089,-213.77742280184538
123,1014,96186,-135.2057842770117
123,1015,96250,-88.10698739738483
123,1016,96326,-195.8657818063374
123,1017,96394,-90.05312171463838
123,1018,96497,-232.2554168677405
123,1019,96582,-168.49572566182965
123,1020,96680,-297.0036744081549
123,1021,96807,-180.36119955265735
123,1022,96887,-112.65504638639757
123,1023,96953,-218.2048041271039
123,1024,97050,-291.42807988469644
123,1025,97108,-82.0216611699463
123,1026,97175,-60.975471667394466
123,1027,97275,-169.52167459591476
123,1028,97372,-526.196233489088
123,1029,97481,-317.47523172076296
123,1030,97573,4.457924064749136
123,1031,97711,-588.2577767242682
123,1032,97864,-345.0500267522926
123,1033,97957,-103.27249265624148
123,1034,98045,-205.34105935288449
123,1035,98112,-108.83202453131184
123,1036,98225,-94.01647208051688
123,1037,98306,-213.4468421618285
123,1038,98407,-96.87473927436723
123,1039,98530,-313.77662069916255
123,1040,98596,-70.11344758101751
123,1041,98703,-485.749484453504
123,1042,98811,-287.9845613271853
123,1043,98909,-17.0973921253738
123,1044,99003,-281.9175871344365
123,1045,99088,-89.05246530063584
123,1046,99175,-355.0913278669334
123,1047,99242,-94.1630423840524
123,1048,99348,-180.50248048451812
123,1049,99436,-320.37116753432826
123,1050,99529,-107.18023643214804
123,1051,99644,-115.29164915839364
123,1052,99753,-141.702506967814
123,1053,99844,-129.98661422426565
123,1054,99942,-130.27516508579987
123,1055,100062,-83.06312974534643
123,1056,100141,-232.65863110744837
123,1057,100268,-191.1214412732712
123,1058,100355,-78.51610128452373
123,1059,100444,-116.30983157166754
123,1060,100523,-215.18718813499345
123,1061,100649,-447.6850402557911
123,1062,100746,-325.85029205729904
123,1063,100863,-144.99040478086934
123,1064,100962,-378.4632275154796
123,1065,101048,-360.428674544389
123,1066,101137,-244.70790179086174
123,1067,101225,-59.488311637396826
123,1068,101312,-93.87214628647241
123,1069,101449,-156.782144891702
123,1070,101520,-116.03262784630745
123,1071,101578,-64.85509723715376
123,1072,101663,-79.59510670434608
123,1073,101733,-161.74928975602825
123,1074,101828,-127.4437495635268
123,1075,101934,-227.92107887835988
123,1076,102046,-104.50819182628241
123,1077,102157,-97.38612324603021
123,1078,102253,-422.6929904949419
123,1079,102372,-203.3649466828188
123,1080,102456,-190.94264761470743
123,1081,102558,-115.0466071008272
123,1082,102640,-303.2170902221779
123,1083,102704,-86.49208115456565
123,1084,102811,-112.99085102305665
123,1085,102935,-86.38564928206135
123,1086,103023,-206.23116437786305
123,1087,103199,-493.04304254527483
123,1088,103297,-368.53283154565815
123,1089,103421,-279.74141853435094
123,1090,103520,-288.7727681515797
123,1091,103581,-92.88624574403228
123,1092,103693,-142.8614213026532
123,1093,103803,-478.92449488318283
123,1094,103901,-495.5355440080018
123,1095,103971,-120.77938477813925
123,1096,104035,-145.07879114276898
123,1097,104107,-106.96429487060166
123,1098,104200,-319.30066608700884
123,1099,104279,-181.29100116643485
123,1100,104390,-273.8891821087774
123,1101,104478,-119.14844562550144
123,1102,104556,-152.75835228297768
123,1103,104623,-273.8870011026405
123,1104,104735,-172.08364470246948
123,1105,104833,-321.8964696147738
123,1106,104947,-279.7656757663424
123,1107,105051,-245.0158819966474
123,1108,105133,-332.31781257605695
123,1109,105213,-115.47938439376033
123,1110,105312,-310.9125401763446
123,1111,105389,-103.55287954093747
123,1112,105505,-251.4244077844576
123,1113,105577,-87.66715049075677
123,1114,105669,-131.09228801386936
123,1115,105751,-97.07221669455507
123,1116,105837,-68.10740576332262
123,1117,105913,-166.8041974183189
123,1118,105985,-302.6076306182881
123,1119,106059,-107.00053882063507
123,1120,106149,-346.4289349221394
123,1121,106245,-234.6645863375233
123,1122,106329,-136.89763686199336
123,1123,106423,-177.97935487788976
123,1124,106516,-107.28860904531984
123,1125,106629,-274.5078000337754
123,1126,106755,-181.53141512839431
123,1127,106848,-147.97062658393426
123,1128,106931,-282.3540710120053
123,1129,107032,-81.84777487380396
123,1130,107122,-126.9326895874308
123,1131,107217,-329.5288819827464
123,1132,107343,-201.69847616242026
123,1133,107454,-219.73508118161115
123,1134,107555,-288.4016400627445
123,1135,107654,-275.40533676399355
123,1136,107723,-87.69966389369284
123,1137,107820,-192.45388433059213
123,1138,107892,-95.01302117425055
123,1139,107970,-91.14409439479563
123,1140,108075,-165.49038999728873
123,1141,108151,-315.2121875105854
123,1142,108250,-180.27791989825022
123,1143,108336,-165.55383287846982
123,1144,108452,-372.1775526535476
123,1145,108518,-79.58782980667633
123,1146,108613,-384.5356205596697
123,1147,108687,-96.25581958114836
123,1148,108777,-245.47054162175647
123,1149,108885,-125.86479307711511
123,1150,108987,-314.3170960744652
123,1151,109118,-128.07340505712293
123,1152,109245,-149.9384644415627
123,1153,109378,-164.6981565985891
123,1154,109505,-406.05099423317444
123,1155,109567,-185.4301657852447
123,1156,109653,-340.4017506481538
123,1157,109713,-70.09853961503708
123,1158,109788,-101.98728930244589
123,1159,109894,-279.04490609312614
123,1160,109992,-131.4565733295596
123,1161,110123,-288.26941702162094
123,1162,110241,-315.7087748540848
123,1163,110342,-327.2997466787633
123,1164,110430,-281.8593501460788
123,1165,110494,-130.77374580110546
123,1166,110580,-134.20525778667889
123,1167,110664,-242.78988461698785
123,1168,110766,-98.63819737453143
123,1169,110876,-96.95782499094905
123,1170,111004,-262.4230887113582
123,1171,111109,-223.91809666326614
123,1172,111198,-271.8927974077769
123,1173,111267,-78.95181723054407
123,1174,111337,-137.20127760896548
123,1175,111425,-431.1060371461547
123,1176,111487,-95.82916500725239
123,1177,111554,-85.12579920335153
123,1178,111654,-215.60059300002354
123,1179,111753,-142.98128615050064
123,1180,111909,-368.1363668162743
123,1181,112012,-342.12435254552577
123,1182,112114,-346.40118123496234
123,1183,112196,6.383106519286727
123,1184,112318,-115.06465384541512
123,1185,112385,-119.28792984135504
123,1186,112474,-295.4309115593817
123,1187,112561,-124.52215011826972
123,1188,112670,-137.62379569267267
123,1189,112772,-253.71837628493202
123,1190,112874,-269.3662623153222
123,1191,113874,48.422203874117145
123,1192,113967,-397.7131207043953
123,1193,114037,-157.01405239221705
123,1194,114118,-132.31910128393417
123,1195,114230,-11.775004318827214
123,1196,114317,-126.86191695958804
123,1197,114447,3.1861061145021807
123,1198,114552,-125.72434325225552
123,1199,114636,-412.5787815446604
123,1200,114697,-104.72779580582964
123,1201,114786,-342.8855348910447
123,1202,114876,-426.6817335885065
123,1203,114976,-305.80152045489433
123,1204,115097,-174.2633160237641
123,1205,115162,-87.92597764756731
123,1206,115285,-86.46900543988285
123,1207,115375,-144.96170089667544
123,1208,115486,-345.3266475038792
123,1209,115555,-140.94845146687624
123,1210,115645,-363.0473794180614
123,1211,115706,-93.41717600847412
123,1212,115788,-90.16383446231761
123,1213,115878,-202.77381611898278
123,1214,115961,-113.35225278228742
123,1215,116035,-223.33677074644132
123,1216,116133,-130.04807883585485
123,1217,116241,-280.29773376431115
123,1218,116315,-261.8879118393469
123,1219,116429,-193.21810458256
123,1220,116508,-314.72064791332
123,1221,116590,-118.41179203668167
123,1222,116678,-120.70155478679878
123,1223,116760,-207.32986711316306
123,1224,116914,-91.99639134987869
123,1225,117003,-152.17930027223863
123,1226,117076,-80.9113924602675
123,1227,117192,-63.646265792849576
123,1228,117283,-305.9482638671528
123,1229,117355,-112.72813902805781
123,1230,117449,-138.4193138968556
123,1231,117574,-85.30018531960256
123,1232,117641,-71.71530585463513
123,1233,117709,-90.99587294582844
123,1234,117789,-235.91526812816394
123,1235,117873,-229.88578293161203
123,1236,117980,-215.0670504621857
123,1237,118047,-75.3700726107213
123,1238,118152,-125.31290359479058
123,1239,118262,-229.2113380171704
123,1240,118329,-215.56351093318528
123,1241,118391,-79.84010001789323
123,1242,118502,-401.27580952646923
123,1243,118618,-292.2839009160675
123,1244,118709,-165.00896286862718
123,1245,118807,-550.6543890316173
123,1246,118889,-326.7724486979055
123,1247,118966,-205.21691826972653
123,1248,119052,-407.45000998252556
123,1249,119169,-98.0307454393344
123,1250,119294,-317.29681555195754
123,1251,119412,-150.8494164738911
123,1252,119481,-107.26038892803045
123,1253,119540,-96.58599485006539
123,1254,119650,-390.9172006747595
123,1255,119778,-202.35721181854313
123,1256,119889,-251.33911856962396
123,1257,119992,-89.34130426039722
123,1258,120121,-318.392404538026
123,1259,120229,-216.53182914208395
123,1260,120317,-244.68152021202206
123,1261,120401,-74.51546505327565
123,1262,120551,-318.6179062407772
123,1263,120662,-302.39139702013904
123,1264,120725,-56.55871161399986
123,1265,120800,-58.407862920178104
123,1266,120877,-75.53322713165468
123,1267,120979,-119.49191396336953
123,1268,121072,-235.139089156814
123,1269,121163,-138.33736998949695
123,1270,121246,-351.1354790806652
123,1271,121343,-148.38054431388633
123,1272,121408,-160.02219501798734
123,1273,121467,-83.60719425894501
123,1274,121566,-275.15274962561455
123,1275,121647,-106.10434677307764
123,1276,121719,-75.9065978673714
123,1277,121848,-156.92288611354206
123,1278,122003,-185.89042935415358
123,1279,122149,-126.5184894901571
123,1280,122247,-176.23104512685975
123,1281,122318,-157.97696978598634
123,1282,122432,-148.59203960802807
123,1283,122536,-177.4866025997776
123,1284,122647,-274.4317283463986
123,1285,122751,-245.9996919140617
123,1286,122816,-119.19249086475668
123,1287,122914,-131.08903394026981
123,1288,123074,-163.72739760863448
123,1289,123168,-270.3473528826576
123,1290,123240,-361.5187724927238
123,1291,123342,-63.457122803127575
123,1292,123423,-93.46470677335589
123,1293,123486,-140.07925931369385
123,1294,123556,-134.7036513946591
123,1295,123628,-112.67895768864247
123,1296,123726,-164.75145074906675
123,1297,123803,-215.86213778197205
123,1298,123905,-201.00767065639036
123,1299,124041,-117.1851039340168
123,1300,124177,-190.0622633378216
123,1301,124253,-67.02264248171225
123,1302,124363,-279.5941753788561
123,1303,124431,-105.70690258614331
123,1304,124494,-63.963131991284484
123,1305,124577,-58.274282937919786
123,1306,124682,-259.42492549691644
123,1307,124804,-275.1007202694482
123,1308,124864,-113.86815916236111
123,1309,124955,-74.92309992527757
123,1310,125029,-190.22630106972895
123,1311,125117,-227.60889349268524
123,1312,125214,-290.96344144943424
123,1313,125330,-256.4643800503622
123,1314,125419,-383.8126140646284
123,1315,125495,14.6835104957662
123,1316,125586,-147.47577095232072
123,1317,125668,-120.72978080290942
123,1318,125775,-434.8775615500853
123,1319,125868,-138.09631844673194
123,1320,125995,-69.93479778518578
123,1321,126096,-308.1297282498075
123,1322,126196,-336.8592704149703
123,1323,126284,-319.69018346781
123,1324,126346,-70.54850153777593
123,1325,126412,-113.17400616799227
123,1326,126507,-436.1289364703232
123,1327,126587,-88.40548691076566
123,1328,126675,-216.97048212885187
123,1329,126759,-148.2502868068673
123,1330,126874,-278.13843821466304
123,1331,126985,-158.44864669338193
123,1332,127058,-81.15533412055787
123,1333,127153,-89.19710807525473
123,1334,127270,6.909427284531901
123,1335,127413,-24.97197662691272
123,1336,127526,-62.447667997581206
123,1337,127646,-398.6875275072145
123,1338,127707,-110.3479953802688
123,1339,127831,-20.92739774017187
123,1340,127940,-176.7511140061248
123,1341,128053,-214.85987519053222
123,1342,128166,-110.00451752753786
123,1343,128270,-360.6771792840421
123,1344,128350,-66.7079449356705
123,1345,128476,-119.59338225705778
123,1346,128556,-113.54057022958784
123,1347,128681,-137.9667601574103
123,1348,128775,-319.07030412025273
123,1349,128862,-279.9435951612087
123,1350,128956,-105.13984732451854
123,1351,129035,-83.23293596419265
123,1352,129137,-269.53880554946863
123,1353,129207,-77.34322637817574
123,1354,129371,-51.17588856427539
123,1355,129433,-70.39504757357548
123,1356,129554,-232.6063013055791
123,1357,129651,-281.9318754713588
123,1358,129714,-59.41193646910632
123,1359,129780,-62.293275934179796
123,1360,129876,-186.92478968896836
123,1361,129985,-153.40651254370925
123,1362,130091,-168.35215417179032
123,1363,130223,-165.97160828006093
123,1364,130327,-172.7158031366664
123,1365,130441,-113.39618759896516
123,1366,130534,-300.670293277564
123,1367,130600,-94.9342407384215
123,1368,130696,-272.2179468847984
123,1369,130771,-175.189680986785
123,1370,130852,-125.2392686219336
123,1371,130957,11.175609905481323
123,1372,131026,-78.52153359727622
123,1373,131126,-335.36721043462
123,1374,131213,-177.77140482850183
123,1375,131320,-109.2123566357607
123,1376,131388,-75.16726615136601
123,1377,131477,-177.18250958706727
123,1378,131563,-101.40986089833628
123,1379,131653,-74.94967072338659
123,1380,131722,-257.9962303010597
123,1381,131792,-62.793835247926225
123,1382,131899,-153.35052310385487
123,1383,132002,-182.83307412849373
123,1384,132062,-78.44694011795
123,1385,132136,-219.16175574874757
123,1386,132213,-219.28875139403056
123,1387,132300,-266.6954452800223
123,1388,132383,-64.02309899960987
123,1389,132475,-289.5052952217252
123,1390,132589,-164.9124450489706
123,1391,132727,-141.92895350556074
123,1392,132785,-106.69586033428186
123,1393,132852,-183.32131277488298
123,1394,132999,-99.02846855016757
123,1395,133112,-193.32797088882495
123,1396,133234,-125.42093138017168
123,1397,133296,-64.41073418887967
123,1398,133387,-134.54361502794853
123,1399,133459,-136.0616887855162
123,1400,133554,-368.07055485347394
123,1401,133644,-9.97888456572305
123,1402,133712,-237.1289336166706
123,1403,133775,-223.8025559100525
123,1404,133850,-201.6217371226058
123,1405,133949,-410.09924944539836
123,1406,134040,-308.02002828337595
123,1407,134111,-259.29755729450017
123,1408,134211,-419.97718932416683
123,1409,134329,-259.62498545759286
123,1410,134439,-162.58989400733535
123,1411,134548,-102.87933714075898
123,1412,134638,-449.54089503502206
123,1413,134725,-72.12585479771981
123,1414,134830,-117.97958653560501
123,1415,134949,-122.10631092990592
123,1416,135073,-75.87266803816401
123,1417,135177,-49.79542549482432
123,1418,135273,-299.01036581219836
123,1419,135353,31.131230022490854
123,1420,135435,-180.90869458954404
123,1421,135544,-353.62070826303636
123,1422,135605,-111.00672120555565
123,1423,135706,-106.7621126720387
123,1424,135812,-296.45117333359246
123,1425,135884,-63.15638467982991
123,1426,135985,-349.4571693182875
123,1427,136100,-392.86653345082095
123,1428,136209,-336.9598351367074
123,1429,136294,-348.69403705957876
123,1430,136423,-171.01718458768968
123,1431,136537,-119.95704374959345
123,1432,136655,-128.07138226623084
123,1433,136745,-125.13602323420274
123,1434,136828,-115.00505762474666
123,1435,136916,-121.02086155252819
123,1436,137029,-253.27999761127285
123,1437,137108,-319.7471920943865
123,1438,137180,-88.63289408551697
123,1439,137253,-112.98114055843175
123,1440,137323,-109.36839429019162
123,1441,137436,-171.6559056474755
123,1442,137560,-118.17420166926675
123,1443,137631,-169.95699473925114
123,1444,137730,-121.09849299630946
123,1445,137834,-322.7395645183701
123,1446,137933,-253.77722721118485
123,1447,138007,-100.64788373454024
123,1448,138075,-197.38136990266946
123,1449,138148,-296.34842171113416
123,1450,138230,-126.17469785006895
123,1451,138292,-216.71229161972127
123,1452,138390,-131.41452304893875
123,1453,138502,-180.668577339411
123,1454,138605,-245.20959140338783
123,1455,138723,-189.89588666414025
123,1456,138834,-148.3395175980067
123,1457,138933,-273.3752269374572
123,1458,139014,-181.78984377819432
123,1459,139109,-247.94254979296355
123,1460,139194,-227.96932353540996
123,1461,139304,-39.70350899037193
123,1462,139392,-241.23852583084755
123,1463,139531,-148.75445100729914
123,1464,139627,-79.669488897924
123,1465,139769,-331.19136566644966
123,1466,139864,-175.54567093392535
123,1467,139938,-99.43728716421016
123,1468,140012,-112.61574212790113
123,1469,140145,-224.03345173589202
123,1470,140255,-116.57347406982217
123,1471,140356,-218.21035527898533
123,1472,140440,-31.91690892772654
123,1473,140546,-258.17462597541703
123,1474,140634,-243.84915930873493
123,1475,140725,-392.6031468744859
123,1476,140806,-250.9091292425838
123,1477,140893,-501.0581759969093
123,1478,141013,-325.110073635135
123,1479,141081,-65.39207432423234
123,1480,141156,-303.2201293208967
123,1481,141235,-127.38590790234312
123,1482,141316,-223.55836219611376
123,1483,141438,-95.03930943288836
123,1484,141532,-167.15292701676339
123,1485,141601,-325.73534048589244
123,1486,141681,-113.18715421660872
123,1487,141796,-244.6353739552838
123,1488,141864,-121.3126417596977
123,1489,141937,-36.56631430296192
123,1490,142011,-73.24418670167898
123,1491,142081,-213.50473165405094
123,1492,142187,-267.2372114052538
123,1493,142251,-265.07755241911457
123,1494,142339,-318.3168561869428
123,1495,142435,-86.17212310954162
123,1496,142515,-109.02958097591915
123,1497,142613,-201.8283077922169
123,1498,142727,-126.57972935841856
123,1499,142839,-135.27686846758542
123,1500,142965,-135.90998224234664
123,1501,143077,-85.82678266844839
123,1502,143206,-113.92930686664397
123,1503,143300,-32.29902811325579
123,1504,143423,-157.80876821252832
123,1505,143493,-151.16528815501357
123,1506,143559,-109.81838545252819
123,1507,143627,-119.50887745506185
123,1508,143698,-185.04666148483625
123,1509,143757,-93.52746412628096
123,1510,143819,-135.49888681268106
123,1511,143895,-88.52608371603878
123,1512,144054,-201.98817600788416
123,1513,144174,-370.79692264489364
123,1514,144261,-125.66524260157121
123,1515,144320,-290.0488905753395
123,1516,144409,-110.2093175273614
123,1517,144529,-120.44534714301999
123,1518,144610,-80.11311418106392
123,1519,144705,-373.73181844220426
123,1520,144801,-95.91630740793029
123,1521,144903,-447.8746767485591
123,1522,144998,-308.91219549387745
123,1523,145091,-459.8384869097662
123,1524,145155,-92.66101300653222
123,1525,145215,-94.50190540701587
123,1526,145337,-125.79485572672472
123,1527,145396,-111.79941360606242
123,1528,145486,-175.10543113712572
123,1529,145643,-370.6780630868941
123,1530,145800,-221.91397743621224
123,1531,145863,-50.153981068051735
123,1532,145962,-95.24502345979846
123,1533,146047,-139.08463304267502
123,1534,146115,-70.85053657299534
123,1535,146233,-159.97811865190818
123,1536,146325,-90.59758193688525
123,1537,146396,-45.549418389864485
123,1538,146458,-12.66935367774569
123,1539,146550,-124.80760356627903
123,1540,146650,-295.3691557594956
123,1541,146728,-198.25329429831567
123,1542,146804,-47.513871099518056
123,1543,146874,-73.92922844318566
123,1544,146951,-98.78787234401918
123,1545,147026,-129.09615725840098
123,1546,147126,-173.37088077185365
123,1547,147266,-243.34617165147307
123,1548,147341,-228.17090304510853
123,1549,147412,-80.92962468186514
123,1550,147495,-246.30717353116543
123,1551,147633,-627.0668593215771
123,1552,147706,-134.52938428494977
123,1553,147819,-371.42405735244427
123,1554,147910,-240.39038897467972
123,1555,147980,-146.1245571572366
123,1556,148104,-387.2689416141197
123,1557,148197,-148.20902948505577
123,1558,148278,-113.12376130028319
123,1559,148388,-134.0553490099963
123,1560,148460,-90.78699335342549
123,1561,148530,-188.7621322385018
123,1562,148617,-103.35339951743504
123,1563,148696,-117.71217545736533
123,1564,148791,-103.16265360225624
123,1565,148861,-79.22901695688837
123,1566,148965,-261.1819922977758
123,1567,149032,-78.6400029167477
123,1568,149118,-274.21973610305804
123,1569,149230,-78.78388545226773
123,1570,149333,-105.52460181743636
123,1571,149441,-150.26999629418748
123,1572,149554,-223.55012568358214
123,1573,149637,-189.22330444810757
123,1574,149707,-88.91319695766123
123,1575,149820,-58.8229793357845
123,1576,149930,-262.50372390289596
123,1577,150061,-287.35677635624376
123,1578,150196,-372.1740230405985
123,1579,150275,-102.14258262674763
123,1580,150350,-371.6461379146212
123,1581,150438,-268.1188086516849
123,1582,150502,-69.13658929631804
123,1583,150597,-172.07418831248515
123,1584,150682,-234.4423241426775
123,1585,150747,-98.73788957226206
123,1586,150817,-83.24224109091726
123,1587,150933,-111.3549626494675
123,1588,151009,-175.5759157031145
123,1589,151113,-455.36636447903896
123,1590,151179,-115.87676963903124
123,1591,151246,-29.114673516299533
123,1592,151347,58.87071633632172
123,1593,151408,-91.624031535399
123,1594,151473,-134.67345234412775
123,1595,151576,-382.96177174486047
123,1596,151683,-93.39888037836747
123,1597,151754,-78.38919868268113
123,1598,151848,37.380290978415616
123,1599,151951,-104.77610780190541
123,1600,152016,-93.11163819251034
123,1601,152120,-131.78500483701228
123,1602,152230,-92.0927324209664
123,1603,152323,-213.28916600174438
123,1604,152446,-112.94133462114313
123,1605,152543,-145.1301095932232
123,1606,152617,-173.4956535860709
123,1607,152719,-143.4265958269892
123,1608,152783,-110.9714745498888
123,1609,152871,-344.5881608187556
123,1610,152990,-206.9552876336167
123,1611,153134,-51.72245554211604
123,1612,153199,-95.86636098165353
123,1613,153307,-290.3701113030551
123,1614,153379,-192.96163472654655
123,1615,153489,-104.23600325994246
123,1616,153627,-137.340676552719
123,1617,153698,-116.1771779010312
123,1618,153816,-491.15150990912497
123,1619,153900,-150.62686143472268
123,1620,153970,-53.235340543775756
123,1621,154047,-102.11239677020598
123,1622,154121,-148.25823441220902
123,1623,154210,-350.92871926354053
123,1624,154313,-141.63395059210464
123,1625,154442,-454.4728941427852
123,1626,154555,-295.6806070664357
123,1627,154650,-289.8543584559717
123,1628,154727,-188.53650772570688
123,1629,154827,-121.1868567575745
123,1630,154949,-138.63656534438337
123,1631,155040,-157.038984769766
123,1632,155135,-150.5214899989316
123,1633,155217,-175.46391202688375
123,1634,155304,-115.12199787125722
123,1635,155370,-133.28309093696964
123,1636,155443,-189.84509096417116
123,1637,155557,-209.6472156031387
123,1638,155689,-115.49228641907136
123,1639,155777,-445.1209347434626
123,1640,155857,-129.83439186469508
123,1641,155951,-133.47044361056027
123,1642,156025,-67.27986447867744
123,1643,156169,-213.53855448718528
123,1644,156246,-117.53645252043734
123,1645,156337,-116.62050451233486
123,1646,156402,-83.09717321718216
123,1647,156476,-47.025151170997376
123,1648,156568,-180.58036238107826
123,1649,156674,-354.05004468412574
123,1650,156753,-20.878133005027763
123,1651,156873,-281.841338353161
123,1652,156969,-291.57976441559936
123,1653,157067,-109.28962456108087
123,1654,157165,-26.261208967176685
123,1655,157250,-182.31472189189702
123,1656,157316,-72.43722129883164
123,1657,157398,-124.51860038301383
123,1658,157530,-111.66760312409362
123,1659,157667,-190.17363061880673
123,1660,157766,-154.051140834291
123,1661,157854,-62.356963337764824
123,1662,157964,-180.87568864559609
123,1663,158087,-187.270565618646
123,1664,158175,-71.7817717811343
123,1665,158248,-88.52909632208738
123,1666,158324,-115.91769929641687
123,1667,158393,-64.07408040522432
123,1668,158462,-105.14324668748823
123,1669,158542,-132.85267231024812
123,1670,158656,-184.95396380093328
123,1671,158755,-188.55466280289318
123,1672,158878,-236.13925309441413
123,1673,158982,-218.20319492387844
123,1674,159087,-95.32906385857741
123,1675,159182,-183.3286034827854
123,1676,159271,-236.36838943272278
123,1677,159381,-408.35158512224075
123,1678,159470,-126.30120622135139
123,1679,159547,-81.80723243299215
123,1680,159609,-105.06691909517441
123,1681,159693,-183.15344290723706
123,1682,159796,-453.5298951194719
123,1683,159884,-121.73187891509133
123,1684,159975,-120.60624023583563
123,1685,160064,-223.10012040754648
123,1686,160165,-192.37509627862883
123,1687,160269,-298.49288688523677
123,1688,160353,-313.6447812658255
123,1689,160416,-61.35921825302722
123,1690,160573,-369.67208958595506
123,1691,160651,-321.47943814336793
123,1692,160726,-110.96502680716266
123,1693,160806,-97.81973574946066
123,1694,160975,-475.31001835001376
123,1695,161057,-119.19247498416506
123,1696,161150,-336.05184644133857
123,1697,161272,-173.50360586344976
123,1698,161363,-269.15968434810816
123,1699,161430,-109.96878906248307
123,1700,161531,-363.6223062764144
123,1701,161625,-306.3272177263827
123,1702,161715,-106.39713601911505
123,1703,161815,-159.2083189980838
123,1704,161883,-75.32803952876748
123,1705,161948,-145.40333049368974
123,1706,162014,-59.6637610665342
123,1707,162087,-109.8050373534594
123,1708,162174,-105.8445485997655
123,1709,162290,-276.1102006048012
123,1710,162398,-171.91745890564243
123,1711,162467,-116.89981433381382
123,1712,162596,-12.076217504802969
123,1713,162704,-119.14297936143709
123,1714,162789,-83.58956001334357
123,1715,162892,-281.83684888107297
123,1716,163002,-187.96531271409097
123,1717,163122,-431.3927072129216
123,1718,163218,-450.76650941871975
123,1719,163287,-127.01531665685246
123,1720,163426,-162.4425498497015
123,1721,163540,-163.7654172330678
123,1722,163613,-77.12642134553428
123,1723,163678,-96.83924573891373
123,1724,163746,-176.75722348429724
123,1725,163850,-109.5560630009613
123,1726,163932,-416.6466491116706
123,1727,164009,-227.92299703459474
123,1728,164119,-108.11464322923683
123,1729,164204,-110.39272984850304
123,1730,164273,-130.32136291053598
123,1731,164360,-191.77649985217602
123,1732,164469,-119.15002446752385
123,1733,164582,-289.0254992752633
123,1734,164684,-149.95154746984173
123,1735,164788,-193.52288324054996
123,1736,164923,-388.69749485880453
123,1737,165002,-260.3125002298432
123,1738,165090,-155.63997357088067
123,1739,165152,-100.92013956283202
123,1740,165247,-109.63196415349442
123,1741,165323,-45.476041284568275
123,1742,165394,-118.8652199277955
123,1743,165478,-381.5011107358039
123,1744,165544,-68.14911453171109
123,1745,165654,-248.99181695000289
123,1746,165773,-109.70407195029685
123,1747,165870,-245.763114946516
123,1748,165943,-232.25959649005495
123,1749,166044,-124.48465368244968
123,1750,166143,-343.5291375569923
123,1751,166208,-114.22360400645279
123,1752,166276,-70.93084500980427
123,1753,166385,-378.10038918277195
123,1754,166473,-267.0253740220627
123,1755,166535,-171.18876362848292
123,1756,166610,-161.51479035158144
123,1757,166717,-129.6549480502107
123,1758,166813,-192.44690105211134
123,1759,166905,-261.85301286644193
123,1760,167009,-83.76421323857781
123,1761,167087,-254.85070330647915
123,1762,167215,-160.99848214189166
123,1763,167325,-135.68644084191845
123,1764,167403,-76.24015892919164
123,1765,167463,-99.23206653524271
123,1766,167556,-336.91197809155494
123,1767,167675,-183.29132529879593
123,1768,167776,-444.5624460373657
123,1769,167902,-240.0496045089116
123,1770,167970,-102.01378884939899
123,1771,168154,-214.71489894972797
123,1772,168223,-81.76280956892569
123,1773,168314,-281.8453340075518
123,1774,168394,-123.28920213117078
123,1775,168498,-195.59013217167177
123,1776,168559,-74.1352978176658
123,1777,168654,-144.81047526330073
123,1778,168757,-117.05213604597449
123,1779,168850,-89.42766974537902
123,1780,168944,-128.4745726296801
123,1781,169051,-261.2030863373863
123,1782,169185,-241.14824898811634
123,1783,169277,-95.01052646424164
123,1784,169356,-204.0212841710382
123,1785,169448,-128.16830996870803
123,1786,169573,-178.75572843619085
123,1787,169653,-161.54432159433455
123,1788,169782,-18.201494971278393
123,1789,169870,-346.6180379341871
123,1790,169973,-97.76419735893367
123,1791,170060,-394.54969893517404
123,1792,170128,-93.51430510604727
123,1793,170210,-103.01572600816027
123,1794,170343,-320.3650759595513
123,1795,170430,-415.2258095923765
123,1796,170532,-427.4189594018895
123,1797,170611,-107.96678287259263
123,1798,170675,-84.94520564309013
123,1799,170795,-82.78365984161408
123,1800,170894,-104.27885564402533
123,1801,170966,-88.52110443661667
123,1802,171058,-111.14693573108501
123,1803,171194,-223.63067104774848
123,1804,171295,-326.49325108549084
123,1805,171373,-115.05768206611468
123,1806,171445,-189.77747270574054
123,1807,171547,-255.94425320450952
123,1808,171649,-202.07909197908265
123,1809,171756,-359.671530728674
123,1810,171901,-156.36290970239264
123,1811,171959,-36.988010391519836
123,1812,172120,-167.68150667290777
123,1813,172224,-235.74864240151098
123,1814,172358,-435.169886851956
123,1815,172450,-290.30298474918925
123,1816,172578,-227.59819656629014
123,1817,172675,-130.91429346756848
123,1818,172771,-15.107371577668232
123,1819,172847,-75.47476441640823
123,1820,172910,-128.27228253373207
123,1821,173039,-194.73739334802428
123,1822,173136,-135.55679249200747
123,1823,173222,-277.30883558576784
123,1824,173306,-108.71002627248377
123,1825,173380,-245.3966649836726
123,1826,173475,-97.2168221707511
123,1827,173590,-363.271846096551
123,1828,173679,-366.76703019686437
123,1829,173800,-261.4008434729413
123,1830,173869,-368.4847051779983
123,1831,173952,-143.9942161686887
123,1832,174038,-125.93602336585803
123,1833,174135,-266.46516474266593
123,1834,174245,-114.14568030201093
123,1835,174314,-67.0171973928764
123,1836,174393,-87.67967617141497
123,1837,174471,-206.80185598622825
123,1838,174575,-391.5723973889357
123,1839,174645,-73.76461141273714
123,1840,174751,-288.8519595233007
123,1841,174861,-94.42544496501662
123,1842,174981,-160.80937234286125
123,1843,175055,-77.68496924596111
123,1844,175124,-131.3083338158382
123,1845,175226,-140.235201698519
123,1846,175324,-393.5710169844497
123,1847,175402,-124.6037310463597
123,1848,175528,-182.00799918880256
123,1849,175626,-370.01775411489865
123,1850,175702,-92.05053284620917
123,1851,175819,-141.3842268206796
123,1852,175918,-90.10565334492097
123,1853,175998,-89.11406755728414
123,1854,176085,-104.2426664441755
123,1855,176155,-63.69124669351258
123,1856,176217,-69.21395543218696
123,1857,176308,-383.48804537695827
123,1858,176377,-77.35326009957791
123,1859,176456,-87.43733617692644
123,1860,176557,-150.89740432095127
123,1861,176666,-390.2794797588723
123,1862,176733,-106.79721056161742
123,1863,176870,-420.2669763585679
123,1864,176975,-263.6161316913251
123,1865,177058,-104.38586007058223
123,1866,177167,-235.18710216679943
123,1867,177274,-79.37617267521003
123,1868,177371,-177.18220976520138
123,1869,177440,-107.6816081234558
123,1870,177528,-406.7931912165667
123,1871,177638,-95.66901655529992
123,1872,177750,-275.8966246594024
123,1873,177833,-213.94545158925715
123,1874,177925,-222.00116089325334
123,1875,178010,-130.19041210703907
123,1876,178081,-143.5362475041564
123,1877,178149,-139.66465934971595
123,1878,178259,-252.4068197799225
123,1879,178354,-213.93446896554508
123,1880,178441,-22.605712535031245
123,1881,178513,-99.49015840404442
123,1882,178579,-64.01494718635895
123,1883,178678,-125.21192703610076
123,1884,178792,-448.9111092272654
123,1885,178901,-118.07358305630524
123,1886,179024,-120.24673683596879
123,1887,179134,-204.15706861762484
123,1888,179264,-80.9873275942668
123,1889,179348,-146.6733755903747
123,1890,179443,-23.812031403893243
123,1891,179546,-119.72170806207512
123,1892,179618,-80.22432949347623
123,1893,179710,-113.82018940455646
123,1894,179779,-119.18657336888194
123,1895,179913,-186.6886522972016
123,1896,180020,-124.82646982714725
123,1897,180129,-199.97361702703728
123,1898,180264,-152.49586788870778
123,1899,180328,-202.36188491771128
123,1900,180406,-146.04582704819202
123,1901,180503,-122.82175827197302
123,1902,180603,-282.4595047764848
123,1903,180676,-92.39034049642127
123,1904,180788,-331.6798699747146
123,1905,180855,-133.40326758525188
123,1906,180956,-407.91004708532813
123,1907,181027,-69.48268319992928
123,1908,181107,-47.27936455956662
123,1909,181238,-261.32278011459584
123,1910,181334,-148.82629371463855
123,1911,181407,-104.81702133805165
123,1912,181485,-114.18983003668416
123,1913,181595,-124.10001619395112
123,1914,181693,-357.46358326973865
123,1915,181788,-106.15666769185253
123,1916,181873,-105.28304875794441
123,1917,182006,-62.538540037090456
123,1918,182079,-152.36407519507875
123,1919,182166,-312.71407645820386
123,1920,182245,-175.35472630620845
123,1921,182347,-127.40541479010646
123,1922,182416,-100.14099486885405
123,1923,182506,-243.18582799311804
123,1924,182575,-99.1614345814899
123,1925,182635,-97.11551599247254
123,1926,182756,-237.11151110369326
123,1927,182851,-377.1199019934138
123,1928,182976,-79.95591865699959
123,1929,183115,-102.23679998942829
123,1930,183233,-411.40454343829197
123,1931,183357,-220.25220188471377
123,1932,183453,-163.61605367341954
123,1933,183529,-287.8989749169142
123,1934,183597,-108.96597620456109
123,1935,183677,-327.1748312050087
123,1936,183760,-280.49639565187897
123,1937,183893,-368.12136688224564
123,1938,184011,-239.40490492755956
123,1939,184135,-110.49831263628492
123,1940,184237,-238.3172498255035
123,1941,184364,-304.31769359691634
123,1942,184452,-206.5855990586767
123,1943,184544,-323.32764060766124
123,1944,184616,-114.27902921505577
123,1945,184698,-436.0139143319594
123,1946,184776,-97.50132182089516
123,1947,184885,-137.43665897239532
123,1948,184989,-163.90755453227757
123,1949,185052,-107.9167629257402
123,1950,185116,-197.93790119894197
123,1951,185214,-132.9573526817981
123,1952,185302,-366.1804328118254
123,1953,185384,-283.7173492856049
123,1954,185485,-88.72450589057497
123,1955,185568,-89.86066229473644
123,1956,185654,-126.920801447726
123,1957,185740,-74.09871932771239
123,1958,185830,-205.1332727011932
123,1959,185925,-325.8740713128019
123,1960,186045,-335.04543515293176
123,1961,186124,-357.5170707614619
123,1962,186223,-244.49916498181327
123,1963,186326,-106.61033720478626
123,1964,186431,-393.43990822785094
123,1965,186557,-354.4935995500377
123,1966,186625,-147.13570205349887
123,1967,186702,-132.76470734137047
123,1968,186769,-96.39315536615482
123,1969,186903,-175.2049786259925
123,1970,187035,-125.31493494858645
123,1971,187113,-175.38658506915448
123,1972,187198,-162.31834650759953
123,1973,187303,-106.9777530440392
123,1974,187370,-214.3861640889927
123,1975,187453,-133.90935727267785
123,1976,187560,-323.1355136488986
123,1977,187657,-133.48827159333354
123,1978,187719,-92.07610269459192
123,1979,187797,-158.91785405257554
123,1980,187879,-133.27623814923246
123,1981,187989,-180.02876698792085
123,1982,188061,-85.4234174216348
123,1983,188126,-201.4040235782702
123,1984,188211,-203.3989297182192
123,1985,188303,-113.94277535452447
123,1986,188411,-342.867371362149
123,1987,188470,-87.27957936131597
123,1988,188545,-212.3131213306482
123,1989,188614,-162.4485805308915
123,1990,188732,-338.1713736749405
123,1991,188804,-169.66337269486144
123,1992,188894,9.742637385951156
123,1993,188968,-227.84123002001212
123,1994,189052,-96.71276191453315
123,1995,189138,-130.07083898995867
123,1996,189245,-358.08387871528953
123,1997,189330,-163.42994675078305
123,1998,189418,-429.57250477867586
123,1999,189534,-371.06492430779736
123,2000,189606,-144.07214874098162
123,2001,189709,-175.230943026587
123,2002,189781,-116.05972092155565
123,2003,189858,-112.72695583908782
123,2004,189962,-222.07636743898183
123,2005,190073,-10.945888460633654
123,2006,190175,-212.5880091585684
123,2007,190264,-113.72214274617596
123,2008,190354,-218.70593686778966
123,2009,190456,-357.3180502273887
123,2010,190595,-279.8338765256198
123,2011,190705,-135.51852321078505
123,2012,190778,-116.7967696430929
123,2013,190867,-9.18851756684127
123,2014,190969,-463.98159292081783
123,2015,191061,-44.184177156108404
123,2016,191130,-78.95428788955539
123,2017,191197,-51.102660498637604
123,2018,191300,-359.9812700138647
123,2019,191365,-88.91927173540334
123,2020,191509,-130.4554108781417
123,2021,191594,-85.22848399461384
123,2022,191674,-119.70075434478522
123,2023,191770,-112.51839234417545
123,2024,191877,-484.35122581425276
123,2025,191966,-365.3296436740484
123,2026,192092,-230.5417906170043
123,2027,192170,-97.37005676965663
123,2028,192242,-108.38306266906203
123,2029,192349,-324.81065857228816
123,2030,192419,-182.1756365566727
123,2031,192490,-88.85603114752703
123,2032,192562,-128.3568167710532
123,2033,192679,-89.57044533472866
123,2034,192767,-203.13100680186534
123,2035,192833,-49.74783240509775
123,2036,192904,-46.711393576488504
123,2037,193002,-256.2440090630446
123,2038,193084,-235.9045739052382
123,2039,193179,-221.76157036908677
123,2040,193250,-187.8926129908345
123,2041,193340,-232.53186555461465
123,2042,193422,-423.2855484594046
123,2043,193526,-433.70805968935144
123,2044,193641,-370.41524484927817
123,2045,193713,-109.2618027054257
123,2046,193812,-99.83987519826967
123,2047,193886,-207.5162164089496
123,2048,193951,-108.58339053488125
123,2049,194049,-316.6809718894816
123,2050,194114,-71.62851231494741
123,2051,194201,-210.28583247280812
123,2052,194317,-109.96249486919922
123,2053,194440,-248.4517558123671
123,2054,194531,-239.3347181098551
123,2055,194633,-147.90097119895424
123,2056,194711,-189.04652460492287
123,2057,194788,-238.12616283986983
123,2058,194863,-76.40856216423282
123,2059,194967,-117.04648561417878
123,2060,195047,-142.82306159728213
123,2061,195117,-106.21907382116297
123,2062,195212,-115.05715054487223
123,2063,195289,-72.04963416952805
123,2064,195380,-349.44175452754814
123,2065,195486,-382.04481927014467
123,2066,195592,-233.9434348806457
123,2067,195715,-260.45736015499676
123,2068,195788,-90.53893927317486
123,2069,195868,-95.06303448142913
123,2070,195939,-69.53679349157676
123,2071,196057,-412.3822685610174
123,2072,196136,-143.41894363876543
123,2073,196253,-269.8626522548924
123,2074,196335,-393.63265108320013
123,2075,196417,-157.27716229130004
123,2076,196519,-121.16137847739252
123,2077,196612,-408.96431964320385
123,2078,196669,-98.15150990580095
123,2079,196736,-54.33233905339655
123,2080,196803,-115.80709910120987
123,2081,196890,-420.78472252093565
123,2082,196971,-127.81658127869193
123,2083,197043,-87.02675467806795
123,2084,197139,-378.5262082371246
123,2085,197212,-318.61906685721567
123,2086,197305,-270.91131018502386
123,2087,197375,-125.09853399742148
123,2088,197452,-96.89597488840917
123,2089,197532,-284.18283455247615
123,2090,197624,-132.92640771526416
123,2091,197716,-95.9985268467813
123,2092,197801,-83.10543682164275
123,2093,197861,-180.7278307185357
123,2094,197963,-150.8949978137573
123,2095,198022,-131.80481166861637
123,2096,198102,-184.13110171746706
123,2097,198218,-143.15288706794695
123,2098,198303,-97.4392430638824
123,2099,198411,-86.81570857425808
123,2100,198505,-210.07928994807904
123,2101,198619,-7.471509210388788
123,2102,198688,-255.46826112442668
123,2103,198797,-172.82984736803667
123,2104,198902,-144.60952199469673
123,2105,199016,-107.47832838691248
123,2106,199098,-90.4109990917018
123,2107,199175,-73.90620792127362
123,2108,199280,-393.65124419562693
123,2109,199395,-433.37088025272897
123,2110,199496,-292.5722004088596
123,2111,199571,-95.6856802440124
123,2112,199698,-154.18408996355285
123,2113,199799,-197.37738883078572
123,2114,199911,-369.65045147095947
123,2115,200020,-206.9666792564458
123,2116,200111,-109.08002851985623
123,2117,200211,-177.14381666801034
123,2118,200294,-135.95157331068566
123,2119,200398,-114.52995532006568
123,2120,200490,-362.6444845640792
123,2121,200561,-210.43191254604275
123,2122,200630,-92.69341556552013
123,2123,200743,-261.656108817522
123,2124,200849,-298.6526422375388
123,2125,200922,-227.64847951866008
123,2126,201052,-277.32122171750075
123,2127,201178,-117.47244464812184
123,2128,201297,-145.0591016413707
123,2129,201385,-50.72997924615016
123,2130,201472,-201.13073382807244
123,2131,201572,-94.47774596794837
123,2132,201646,-12.592306038451667
123,2133,201758,-233.50398207625955
123,2134,201865,-410.29453348020434
123,2135,201994,-396.6512532466188
123,2136,202098,-297.09548122581634
123,2137,202169,-110.344798984018
123,2138,202252,-123.37039259428661
123,2139,202346,-116.49051024586315
123,2140,202417,-153.47964749115275
123,2141,202524,-95.58909519428663
123,2142,202594,-127.9101325776962
123,2143,202656,-85.26158081879228
123,2144,202747,-237.67548544816347
123,2145,202856,-194.8903168576628
123,2146,202924,-14.451011835003357
123,2147,203027,-15.550545570663076
123,2148,203133,-326.03920649345
123,2149,203217,-210.75710183495357
123,2150,203360,-177.51030651317257
123,2151,203454,-237.15855314847408
123,2152,203581,-302.7118714304967
123,2153,203679,-362.55020067577726
123,2154,203758,-13.673557673616969
123,2155,203895,-181.3444090900507
123,2156,204016,-117.05399393986906
123,2157,204119,-153.560354014225
123,2158,204194,-109.03385273127
123,2159,204253,-91.00410292556286
123,2160,204371,-143.0867809066905
123,2161,204459,-341.3131087108429
123,2162,204562,-106.22875650548355
123,2163,204631,-108.45059891122216
123,2164,204698,-209.65612560834217
123,2165,204783,-369.42860156188806
123,2166,204880,-57.10968932863855
123,2167,204988,-118.67187733770506
123,2168,205078,-126.37044825953365
123,2169,205159,-89.07573820647879
123,2170,205226,-68.4825963667046
123,2171,205283,-151.38633339268023
123,2172,205360,-112.0156683301774
123,2173,205488,-237.13678485273564
123,2174,205571,-113.37030124837213
123,2175,205647,-104.47612400827646
123,2176,205723,-175.39998353167988
123,2177,205870,-59.04919465169486
123,2178,205983,-117.7207256296251
123,2179,206061,-70.85802221934853
123,2180,206158,-137.6095721349722
123,2181,206254,-156.03722144317146
123,2182,206376,-309.6580643584041
123,2183,206441,-42.72712228846269
123,2184,206508,-75.6159374951248
123,2185,206637,-187.47212796207924
123,2186,206709,-289.15336808453503
123,2187,206828,-353.1691749142406
123,2188,206910,-291.5588371000746
123,2189,207002,-348.43820397734123
123,2190,207124,8.33351353158099
123,2191,207193,-91.35396699141599
123,2192,207256,-50.97577794880232
123,2193,207334,-76.64933581453857
123,2194,207436,-270.32222907360665
123,2195,207528,-488.8463591413344
123,2196,207599,-250.54856594006117
123,2197,207676,-87.13788597952421
123,2198,207752,-86.11454942753437
123,2199,207838,-116.27598372612196
123,2200,207984,-65.1449706496754
123,2201,208105,-221.65556420705673
123,2202,208191,-132.34643072751913
123,2203,208297,-313.76884216884673
123,2204,208386,-264.9730625808719
123,2205,208463,-135.60429083338306
123,2206,208522,-84.77535969672198
123,2207,208612,-236.77753946292088
123,2208,208707,-106.781927434909
123,2209,208783,15.139603471316505
123,2210,208895,-173.39506277893162
123,2211,208992,-281.0518950064117
123,2212,209069,-78.24836722555074
123,2213,209156,-131.95431446068733
123,2214,209271,-261.82705134943166
123,2215,209339,-112.78982288376905
123,2216,209434,-192.30641786954513
123,2217,209560,-230.6545685995411
123,2218,209657,-302.03322603291315
123,2219,209729,-137.64199965553897
123,2220,209831,-154.9258128028763
123,2221,209933,-224.44088489944147
123,2222,210051,-139.01390249163015
123,2223,210136,-91.1353200755365
123,2224,210245,-134.25025185162804
123,2225,210299,-173.9522455696623
123,2226,210446,-309.30782587422436
123,2227,210570,-77.42100193974777
123,2228,210681,-179.54595260408746
123,2229,210779,-193.9657304021373
123,2230,210902,-101.0080560911262
123,2231,211005,-330.47696942662077
123,2232,211067,-133.11327526914351
123,2233,211147,-118.08337417424718
123,2234,211229,-201.55873615698744
123,2235,211312,-148.95255430120562
123,2236,211392,-44.94271345245649
123,2237,211533,-182.69344374937253
123,2238,211666,-523.8937490343898
123,2239,211806,-94.68354429360045
123,2240,211896,-86.9474822281762
123,2241,211966,-334.3767420398617
123,2242,212064,-404.64667447787485
123,2243,212132,-132.5451752910232
123,2244,212234,-103.52389566027364
123,2245,212299,-133.48321414274366
123,2246,212401,-99.9088922536527
123,2247,212493,-110.89297871974838
123,2248,212598,-389.07520667172287
123,2249,212692,-258.65485405463613
123,2250,212787,-78.3670690808885
123,2251,212857,-111.3744059778795
123,2252,213006,-158.80079058304477
123,2253,213081,-68.43270887881096
123,2254,213203,-456.0139591791666
123,2255,213316,-464.1006281059195
123,2256,213428,-100.54773190113703
123,2257,213510,-177.43022143000977
123,2258,213646,-259.17210913413123
123,2259,213756,-182.23239680089023
123,2260,213833,-78.40112182584532
123,2261,213943,-262.90576390523677
123,2262,214046,-443.65197619424475
123,2263,214135,-375.0935867977336
123,2264,214237,-77.87106743786154
123,2265,214311,-2.2225038908588033
123,2266,214380,-117.80864554805017
123,2267,214474,-270.64227219621614
123,2268,214559,-352.9748279591325
123,2269,214647,-466.5074498581628
123,2270,214713,-152.37393007052742
123,2271,214785,-72.47282205383135
123,2272,214897,-328.9662221087665
123,2273,215051,-313.2108660123683
123,2274,215138,-42.35062235383151
123,2275,215221,-122.87240351816166
123,2276,215304,-287.3955122728804
123,2277,215398,-146.80029266923268
123,2278,215458,-127.84107972296101
123,2279,215529,-115.57118397322394
123,2280,215595,-82.19101234615985
123,2281,215707,-4.7088597624175605
123,2282,215797,-359.55649100404094
123,2283,215886,-408.2985234038008
123,2284,215993,-115.74905656667636
123,2285,216059,-62.390129792274536
123,2286,216141,-216.37961478276605
123,2287,216254,-421.8635542701346
123,2288,216368,-257.7370213202129
123,2289,216462,-158.66481061468704
123,2290,216529,-80.24673910194687
123,2291,216640,-540.1874025637542
123,2292,216726,-123.90975348777243
123,2293,216826,-104.99148971363667
123,2294,216893,-206.78528395581628
123,2295,216978,-97.05689798761868
123,2296,217073,-479.32269991529995
123,2297,217186,-348.1908517953609
123,2298,217299,-73.47086588996314
123,2299,217369,-199.0685474481099
123,2300,217472,-190.34466256593583
123,2301,217553,-145.69661877802713
123,2302,217623,-118.16236679406168
123,2303,217721,-335.72019374773686
123,2304,217820,-110.54106076728986
123,2305,217894,-125.83240067831115
123,2306,217958,-94.40826765787435
123,2307,218079,-36.92425462647626
123,2308,218152,-66.53085425418526
123,2309,218269,-419.2434076004949
123,2310,218356,-98.85460366177207
123,2311,218441,-154.97110492845292
123,2312,218511,-99.25177206172094
123,2313,218582,-138.15708855511105
123,2314,218663,-189.16603404518162
123,2315,218746,-112.33392317755298
123,2316,218849,-268.4391876863584
123,2317,218921,-123.28754730093364
123,2318,219028,-275.03134883438133
123,2319,219116,-169.23960026929944
123,2320,219207,-102.33055778880356
123,2321,219291,-384.79284330219286
123,2322,219390,-245.28944474213324
123,2323,219497,-159.2639709712959
123,2324,219612,-66.22088929113623
123,2325,219692,-93.76426620113068
123,2326,219760,-171.893905420935
123,2327,219837,-50.69395024551507
123,2328,219933,-313.1175797942445
123,2329,220037,-342.8945894188787
123,2330,220118,-140.54726173732627
123,2331,220215,-257.50068079422806
123,2332,220296,-232.70756057161
123,2333,220370,-303.5589234741607
123,2334,220486,-164.77950794279636
123,2335,220582,-265.5779596446446
123,2336,220669,-282.5712108051582
123,2337,220788,-243.5951482753077
123,2338,220904,-129.9781617617882
123,2339,221016,-107.44802452586194
123,2340,221083,-85.00857052340444
123,2341,221156,-109.79772674331804
123,2342,221231,-102.23653438499234
123,2343,221318,-395.06430896807166
123,2344,221398,-103.34062605744975
123,2345,221491,-242.14875663834562
123,2346,221605,-174.43477644768964
123,2347,221742,-270.7338175855672
123,2348,221865,-99.36335267831973
123,2349,221983,-241.8548518864955
123,2350,222047,-92.2314815671966
123,2351,222197,-165.4150673246325
123,2352,222324,-161.1493193879478
123,2353,222421,-378.94092569192225
123,2354,222495,-57.65226067574157
123,2355,222588,-354.1303324808564
123,2356,222644,-84.75165872299605
123,2357,222729,-97.28348987627199
123,2358,222823,-131.18071218220706
123,2359,222904,-113.5224724082743
123,2360,222973,-168.8898852271643
123,2361,223049,-4.2517962268120755
123,2362,223128,-71.02048020359788
123,2363,223271,-343.2324175063309
123,2364,223373,-110.12054721650003
123,2365,223443,-54.06590462815351
123,2366,223510,-115.35458070395025
123,2367,223628,-104.35586381460053
123,2368,223715,-188.04562712490826
123,2369,223826,-172.62107149372332
123,2370,223963,-419.5814991283281
123,2371,224071,-229.03426163362371
123,2372,224168,-72.2834341394549
123,2373,224265,-319.9903013299368
123,2374,224352,-95.96369926015414
123,2375,224450,-168.85478718160883
123,2376,224552,-128.6472280137034
123,2377,224655,-18.258873417653376
123,2378,224721,-56.17702222550179
123,2379,224807,-246.46572525847623
123,2380,224892,-86.58690329701199
123,2381,225018,-112.00992657873823
123,2382,225097,-157.91458935230258
123,2383,225204,-155.498218838247
123,2384,225327,-352.0378341495135
123,2385,225399,-97.05426639614628
123,2386,225485,-292.9767649545677
123,2387,225583,-121.39757410263701
123,2388,225730,-120.29367227389469
123,2389,225813,-114.45444509100844
123,2390,225886,-285.0209512407235
123,2391,225968,-140.04598633393778
123,2392,226036,-275.2917799346508
123,2393,226173,-373.1320279914063
123,2394,226272,-61.666866148709516
123,2395,226363,-93.5161963695773
123,2396,226486,-115.61055045118829
123,2397,226560,-59.6291767217207
123,2398,226651,-261.44381490395995
123,2399,226747,-384.83219538839575
123,2400,226863,-252.484327904965
123,2401,226925,-98.10317931282947
123,2402,227018,-328.53486435350914
123,2403,227163,-223.08479220183733
123,2404,227261,-434.55928566090915
123,2405,227344,-175.3610698672639
123,2406,227446,-142.3608288090765
123,2407,227516,-95.76671513970625
123,2408,227576,-146.23009205002205
123,2409,227675,-368.82498235705157
123,2410,227795,-247.36596450513056
123,2411,227858,-69.85045169579331
123,2412,227920,-95.15856369432596
123,2413,228007,-153.35078289949118
123,2414,228083,-250.77816889486098
123,2415,228191,-431.1837799809372
123,2416,228311,-221.04309350740402
123,2417,228389,-39.78220332423553
123,2418,228512,-153.23472577498757
123,2419,228619,-102.32030953732503
123,2420,228734,-138.32100578794757
123,2421,228825,-96.8525179671035
123,2422,228941,-330.09447136835166
123,2423,229046,-325.65166826151267
123,2424,229131,-206.55540192906437
123,2425,229229,-312.14578949376016
123,2426,229342,-166.24207578025982
123,2427,229406,-299.2650261909348
123,2428,229543,-91.3893490230135
123,2429,229602,-107.68672796980866
123,2430,229725,-143.3923155556041
123,2431,229845,-87.09233018143462
123,2432,229950,-117.96251969391035
123,2433,230015,-87.6375759496551
123,2434,230097,-163.6072250978618
123,2435,230244,-246.55576028581774
123,2436,230345,-178.54988800909604
123,2437,230417,-89.83515421421717
123,2438,230497,-86.06659279913303
123,2439,230635,-39.22480167863503
123,2440,230732,-74.08326147415562
123,2441,230815,-117.27147875614388
123,2442,230905,-119.3147235553308
123,2443,231030,-353.56373184768074
123,2444,231109,-94.16695080469827
123,2445,231212,-260.7218934733177
123,2446,231274,-61.46111729483268
123,2447,231372,-156.32240176815995
123,2448,231510,-363.9179551715564
123,2449,231594,-118.97808500856283
123,2450,231694,-269.0187205798096
123,2451,231806,-126.34723091666073
123,2452,231882,-168.7426171179767
123,2453,231959,-120.3326816832869
123,2454,232049,-139.47636243423543
123,2455,232117,-85.08290264991044
123,2456,232212,-131.7048716027418
123,2457,232291,-74.32652133745205
123,2458,232367,-132.7791295876284
123,2459,232458,-130.0704310763394
123,2460,232555,-93.64924189150848
123,2461,232626,-101.63003259493019
123,2462,232697,-146.49380899818323
123,2463,232791,-264.2106525845766
123,2464,232888,-99.82621437723563
123,2465,233030,-208.50755194134325
123,2466,233116,-26.926227454752038
123,2467,233185,-130.77444118176032
123,2468,233271,-124.48596437657426
123,2469,233364,-265.3688214726107
123,2470,233451,-387.65782855947026
123,2471,233559,-223.27030664965608
123,2472,233681,-365.3072335733149
123,2473,233777,-127.38030082239167
123,2474,233848,-180.63885063639486
123,2475,233937,-131.83890215562127
123,2476,234029,-404.04035098529454
123,2477,234110,-295.2729593536458
123,2478,234225,-225.98218393254268
123,2479,234293,-115.55031790759276
123,2480,234362,-138.48475149715804
123,2481,234452,-166.77786847711675
123,2482,234512,-96.43388569991939
123,2483,234606,-180.86832644177707
123,2484,234685,-152.12254472272087
123,2485,234779,-133.0025694176694
123,2486,234898,-313.29957717444245
123,2487,235045,-113.55690234158732
123,2488,235157,-135.09858925562304
123,2489,235226,-116.18275106345317
123,2490,235332,-182.86264493355702
123,2491,235419,-105.07936514115889
123,2492,235514,-406.61221962286686
123,2493,235608,-84.34634069197811
123,2494,235713,-310.2307418621565
123,2495,235807,-102.64248318710845
123,2496,235913,-487.1557163401547
123,2497,236049,-154.16852449950267
123,2498,236134,-456.24585491916423
123,2499,236208,-90.55114459091467
123,2500,236372,-181.81803970327098
123,2501,236466,-172.2041517183944
123,2502,236570,-126.67370176450183
123,2503,236675,-116.82064503403728
123,2504,236740,-74.92716508937724
123,2505,236840,-164.61620549731157
123,2506,236915,-117.99029354811194
123,2507,236988,-172.561054057669
123,2508,237085,-282.9715963760748
123,2509,237162,-398.51991182979776
123,2510,237232,-108.58443018955948
123,2511,237305,-140.97349769634093
123,2512,237402,-108.28808202825327
123,2513,237519,-305.9525527649893
123,2514,237616,-275.08842978893415
123,2515,237687,-114.62025619302905
123,2516,237761,-79.04989465687231
123,2517,237855,-540.4201713647466
123,2518,237950,-284.320896422045
123,2519,238025,-110.15023384692728
123,2520,238129,-99.30907992158296
123,2521,238196,-106.2157931531529
123,2522,238281,-107.12360312907383
123,2523,238371,-184.47944195146124
123,2524,238496,-276.4251396034285
123,2525,238601,-66.16961781791268
123,2526,238672,-114.21688245626966
123,2527,238775,-78.34887578607072
123,2528,238868,-256.1437011446708
123,2529,238961,-83.57010029679554
123,2530,239059,-336.0759224238959
123,2531,239162,-211.1381673999113
123,2532,239225,-238.52068578580295
123,2533,239326,-179.3538281863838
123,2534,239448,-222.9373914170191
123,2535,239524,-144.85586804431483
123,2536,239615,-299.0827057975554
123,2537,239691,-169.3958267900913
123,2538,239776,-125.36076305976238
123,2539,239883,-394.8233723257725
123,2540,240024,-156.42899957508365
123,2541,240109,-341.38277092682154
123,2542,240228,-138.92292141936753
123,2543,240329,-261.572524385954
123,2544,240455,-135.23365460243164
123,2545,240532,-93.14137511333746
123,2546,240607,-184.28740799419057
123,2547,240686,-101.83912708784557
123,2548,240762,-217.1110753848327
123,2549,240854,-111.06567731836992
123,2550,240955,-171.04977766414572
123,2551,241062,-262.4427181317082
123,2552,241201,-349.2842129158837
123,2553,241271,-88.8099048205226
123,2554,241390,-151.13947117365905
123,2555,241465,-55.747588536717466
123,2556,241551,-173.6610348763619
123,2557,241629,-79.15409858607612
123,2558,241707,-292.4497956394092
123,2559,241819,-330.41693497432664
123,2560,241936,-254.3585493646298
123,2561,242005,-125.02569804878793
123,2562,242084,22.45268734131311
123,2563,242168,-67.30513114544996
123,2564,242234,-102.72932605325148
123,2565,242291,-88.67751101945359
123,2566,242368,-196.0757275516308
123,2567,242493,-73.7032827951157
123,2568,242571,-109.66179812297447
123,2569,242662,-369.67712758366383
123,2570,242747,-103.18389900784823
123,2571,242810,-298.54175197744365
123,2572,242873,-110.43717815786002
123,2573,242941,-81.9868974589447
123,2574,243016,-122.7206709827764
123,2575,243097,-318.38056803399274
123,2576,243175,-89.32854882813878
123,2577,243250,-153.71722132820753
123,2578,243350,-309.6126487876513
123,2579,243497,-3.5915803003288715
123,2580,243573,-73.69437865114608
123,2581,243683,-110.63349064321918
123,2582,243785,-249.21756757483885
123,2583,243887,-125.8881298328129
123,2584,243974,-89.35853498391546
123,2585,244092,-289.60048266989895
123,2586,244173,-192.53175902149286
123,2587,244281,-289.0912648213916
123,2588,244380,-371.3045324032932
123,2589,244454,-76.106887616235
123,2590,244561,-76.07817522095976
123,2591,244657,-113.82844165868289
123,2592,244770,-300.9144423823825
123,2593,244841,-149.41809574676734
123,2594,244951,-162.70962074044695
123,2595,245048,-223.4660435183213
123,2596,245142,-430.9891805698738
123,2597,245252,-569.4858964078388
123,2598,245357,-124.11404923128337
123,2599,245425,-75.0007017368827
123,2600,245486,-78.5108357473372
123,2601,245576,-122.73189441038855
123,2602,245699,-102.04104932542799
123,2603,245762,-135.10639867433798
123,2604,245884,-345.2411396565426
123,2605,245942,-74.16441027382808
123,2606,246071,-173.34969464818
123,2607,246139,-308.98487394989445
123,2608,246218,-49.37610750178862
123,2609,246302,-152.8148460735489
123,2610,246407,-236.42242573357404
123,2611,246497,-386.70939664953113
123,2612,246592,-481.87273652348296
123,2613,246678,-191.55613624405572
123,2614,246751,-100.09418103450062
123,2615,246863,-386.0951982371109
123,2616,246965,-73.62860480561466
123,2617,247062,-87.26454083338041
123,2618,247150,-94.55502239832596
123,2619,247261,-231.101183794591
123,2620,247342,-99.7695880320018
123,2621,247445,-280.99276572856877
123,2622,247520,-127.3632310759249
123,2623,247631,-369.43383044330136
123,2624,247699,-272.10686425009334
123,2625,247790,-355.7519477352288
123,2626,247930,-227.15931993830674
123,2627,248041,-123.82415654989558
123,2628,248117,-124.30880589426947
123,2629,248193,-165.3461753015387
123,2630,248291,-111.16710674465523
123,2631,248380,-423.4364097425107
123,2632,248452,-108.17775823211892
123,2633,248552,-385.4154807595578
123,2634,248645,-240.36434691349098
123,2635,248744,-165.1622821339399
123,2636,248810,-141.39247333740965
123,2637,248883,29.953533900757208
123,2638,248953,-267.10067736907524
123,2639,249035,-199.162961753923
123,2640,249107,-254.83721700975408
123,2641,249224,-110.63257320181451
123,2642,249317,-112.31329971812957
123,2643,249401,-317.3094331218397
123,2644,249463,-81.01406006044928
123,2645,249563,-117.98176405014334
123,2646,249630,-84.24862489588533
123,2647,249710,-121.09051302376966
123,2648,249782,-101.56492433147865
123,2649,249869,-89.60718240286864
123,2650,250007,-221.67755366822604
123,2651,250097,-245.39341449987737
123,2652,250173,-174.79308702492546
123,2653,250284,-298.6294605637681
123,2654,250371,-244.2717715717567
123,2655,250455,-207.47087216519196
123,2656,250574,-114.86475215187863
123,2657,250646,-90.40664122866883
123,2658,250740,-198.25941610230825
123,2659,250829,-351.4819284441371
123,2660,250933,-225.19578615315123
123,2661,250997,-66.69804679213206
123,2662,251078,-166.2572864851838
123,2663,251173,-341.6443767088739
123,2664,251273,-102.37254047452154
123,2665,251368,-143.9404120064283
123,2666,251453,-90.08896883208874
123,2667,251599,-168.0486805983703
123,2668,251727,-326.720234733562
123,2669,251822,-112.90593708006584
123,2670,251947,-119.05776148148385
123,2671,252022,-140.27719479466487
123,2672,252091,-148.12600212584397
123,2673,252166,-109.59521534488248
123,2674,252230,-79.03572568869133
123,2675,252305,-198.98304346106255
123,2676,252374,-84.74834434022111
123,2677,252492,-81.37957354967565
123,2678,252576,-105.97490237599737
123,2679,252707,-110.31494556070507
123,2680,252866,-131.74579478823736
123,2681,252955,-362.7403269354668
123,2682,253020,-96.34205564622802
123,2683,253140,-126.1811155532663
123,2684,253204,-78.36747670393233
123,2685,253267,-203.0957568863401
123,2686,253337,-100.29882844206477
123,2687,253414,-29.74933409770152
123,2688,253497,-87.96374539207228
123,2689,253620,-439.44267868079044
123,2690,253692,-202.55244109975467
123,2691,253782,-122.65176379873867
123,2692,253890,-177.10691683130705
123,2693,253959,-96.07572208723258
123,2694,254056,-129.43300626896644
123,2695,254141,-153.09732961540556
123,2696,254257,-113.54948224512505
123,2697,254384,-413.52553054206567
123,2698,254477,-350.9391159589929
123,2699,254564,-90.3458325238172
123,2700,254670,-314.1073658853894
123,2701,254743,-98.98595781684823
123,2702,254846,-261.99103091935444
123,2703,254909,-178.5251962904415
123,2704,255039,-393.09222416412337
123,2705,255142,-141.77295855346134
123,2706,255246,-366.31786502082264
123,2707,255358,-172.54854897859013
123,2708,255432,-89.5278844177953
123,2709,255495,-57.18946512671968
123,2710,255594,-99.25117370341594
123,2711,255668,-107.26723266680771
123,2712,255744,-300.1562828918382
123,2713,255865,-133.8866681894161
123,2714,255960,-186.31798643074342
123,2715,256080,-421.8127711152897
123,2716,256190,-179.84991331510685
123,2717,256262,-69.49966914586841
123,2718,256399,-163.25467323804816
123,2719,256515,-183.3797966894021
123,2720,256593,-306.2277601910124
123,2721,256689,-258.08502870685516
123,2722,256750,-100.52763046120353
123,2723,256814,0.06684805010388573
123,2724,256926,-163.16716072202226
123,2725,257025,-131.940641308144
123,2726,257161,-357.33778664762156
123,2727,257227,-63.895706751060175
123,2728,257322,-31.71949325930261
123,2729,257462,-59.959803487029205
123,2730,257586,-127.1607994880183
123,2731,257671,-375.5655947821807
123,2732,257780,-9.530972684814913
123,2733,257891,-120.63464536661945
123,2734,257960,-77.843625463527
123,2735,258036,-69.81431061477728
123,2736,258108,-196.3307871207507
123,2737,258207,-186.00806326406564
123,2738,258312,-156.9066388871364
123,2739,258393,-239.04581687428671
123,2740,258462,-87.7138385729395
123,2741,258555,-221.64940850365159
123,2742,258625,-173.3291444487636
123,2743,258700,-103.40826517230205
123,2744,258831,-171.06799526810983
123,2745,258921,-303.08290456794623
123,2746,258987,-147.9379592837788
123,2747,259073,-242.4977526643084
123,2748,259149,-144.02904727547306
123,2749,259220,-104.21337774602605
123,2750,259290,-90.21500165220526
123,2751,259395,-17.69488252007733
123,2752,259480,-115.11022248921486
123,2753,259570,-263.9388456946826
123,2754,259652,-117.4781226469265
123,2755,259749,-70.91605090681043
123,2756,259842,-255.63108328926245
123,2757,259898,-106.55781206608647
123,2758,259992,-91.87243717048653
123,2759,260124,-123.9375350004552
123,2760,260257,-284.10194772432556
123,2761,260393,-268.27078893773944
123,2762,260489,-367.2156772354138
123,2763,260619,-545.001223220442
123,2764,260712,-403.5859672444078
123,2765,260784,-101.1757054378073
123,2766,260864,-298.7816686226281
123,2767,260957,-166.0193109108333
123,2768,261101,-103.55445269679566
123,2769,261182,-109.25806454186959
123,2770,261321,-151.73835521515355
123,2771,261411,-85.29186952335994
123,2772,261548,-241.66860909677294
123,2773,261661,-154.56686336530413
123,2774,261757,-85.89001499795418
123,2775,261861,-380.17901639364413
123,2776,261933,-138.11302276331193
123,2777,262012,-112.79958839807398
123,2778,262096,-81.19452691671954
123,2779,262161,-112.90347937843256
123,2780,262270,-221.84304538925107
123,2781,262362,-513.7456252969243
123,2782,262504,-282.6067792023848
123,2783,262569,-78.7183468636949
123,2784,262663,-462.30982641792167
123,2785,262747,-122.43551975697127
123,2786,262858,-227.19271374469787
123,2787,262933,-322.60004444583456
123,2788,263053,14.12854737888486
123,2789,263156,-251.30362406810593
123,2790,263224,-204.73431270627174
123,2791,263347,-212.3074056394653
123,2792,263427,-330.69152232969986
123,2793,263500,-72.86528413516561
123,2794,263594,-302.8738200944726
123,2795,263724,-204.07980756331176
123,2796,263806,-118.9035582293876
123,2797,263916,-144.28691579303893
123,2798,264003,-143.56168224632188
123,2799,264084,-91.72914365241864
123,2800,264187,-63.27376364500017
123,2801,264266,-66.7346771663548
123,2802,264355,-327.132512819233
123,2803,264442,-500.75734684884264
123,2804,264574,-323.1395800203765
123,2805,264673,-97.2122866029117
123,2806,264762,-205.9137145514359
123,2807,264859,-253.3855889355194
123,2808,264969,-255.7648055197348
123,2809,265045,-186.38918808311922
123,2810,265123,-127.87491425723556
123,2811,265237,-139.32483520331044
123,2812,265331,-360.8084939244382
123,2813,265400,-136.6608716332615
123,2814,265465,-92.54704573536148
123,2815,265560,-176.47009940327172
123,2816,265651,-84.1422037162167
123,2817,265741,-341.18094994423063
123,2818,265849,-492.0275765486673
123,2819,265959,-288.5561855481126
123,2820,266035,-90.73692369322461
123,2821,266138,-173.6555297056437
123,2822,266246,-287.82744572063814
123,2823,266330,-96.54712070642209
123,2824,266403,-143.8505312378566
123,2825,266510,-95.6569925499259
123,2826,266592,-100.9794158108967
123,2827,266682,-364.5493368325246
123,2828,266774,-131.87405789789176
123,2829,266858,-397.1567521043172
123,2830,266947,-407.08167795837795
123,2831,267054,-347.7485425840381
123,2832,267143,-77.62227933177519
123,2833,267242,-109.09587409289361
123,2834,267349,-276.14673905981294
123,2835,267514,-47.28412773740067
123,2836,267602,-102.51699498766129
123,2837,267691,-312.6742557851629
123,2838,267797,-118.54999160990475
123,2839,267865,-56.66512274455243
123,2840,267966,-240.76069576647018
123,2841,268083,-225.34570512086913
123,2842,268163,-282.310147438603
123,2843,268292,-85.73508147649426
123,2844,268385,-238.6141214597364
123,2845,268499,-198.10016782234868
123,2846,268557,-109.48262824006004
123,2847,268659,-362.85062093500284
123,2848,268737,-96.65907777416241
123,2849,268832,-262.2109037322001
123,2850,268935,-204.8259092943327
123,2851,269064,-214.4396707235324
123,2852,269129,-152.81918498920788
123,2853,269220,-115.09285359397985
123,2854,269338,-30.902680396887376
123,2855,269420,-202.90956412863918
123,2856,269511,-214.29600515833982
123,2857,269601,-96.14363251517752
123,2858,269755,-12.672401351935804
123,2859,269829,-103.907917731463
123,2860,269950,-536.0941429417986
123,2861,270051,-288.11915010476093
123,2862,270155,-197.99195960554616
123,2863,270261,-193.36138350388018
123,2864,270368,-220.9624371198812
123,2865,270491,-93.44845634465325
123,2866,270571,-144.22278523794216
123,2867,270711,-394.90404539718025
123,2868,270774,-107.82021924859936
123,2869,270837,-69.50977544197347
123,2870,270938,-126.34586244071455
123,2871,271006,-262.20800773812294
123,2872,271119,-223.89876571181827
123,2873,271245,-261.7203913897945
123,2874,271320,-117.79623426868812
123,2875,271379,-168.0067376014443
123,2876,271499,-309.79995022509104
123,2877,271594,-169.42667016231886
123,2878,271659,-166.49986738342668
123,2879,271757,-234.5401810251485
123,2880,271889,-84.18171551187136
123,2881,272002,-149.79198391346338
123,2882,272158,14.178476590771993
123,2883,272229,-70.42472114662567
123,2884,272321,-55.827262115044896
123,2885,272398,-87.47536603688476
123,2886,272472,-68.20606115738894
123,2887,272568,-337.432638885752
123,2888,272684,-194.7979761065951
123,2889,272761,-249.2029820570351
123,2890,272870,-181.57173277812763
123,2891,272976,-132.027896471324
123,2892,273040,-102.22727372144313
123,2893,273168,-162.1525282089671
123,2894,273294,-256.54050999267895
123,2895,273407,-270.4145345266471
123,2896,273498,-164.2499035453836
123,2897,273594,-48.60270483025839
123,2898,273679,-125.26287322727619
123,2899,273779,-277.3245879589726
123,2900,273854,-209.79182645099513
123,2901,273918,-68.99342751223885
123,2902,273988,-95.07222547545861
123,2903,274052,-119.46328201927962
123,2904,274150,-103.60000556562427
123,2905,274235,-304.2794357534492
123,2906,274349,-287.87725502902913
123,2907,274449,-103.58172368405614
123,2908,274543,-445.48914744180655
123,2909,274651,-397.05925770449915
123,2910,274761,-347.98282621616335
123,2911,274855,-128.15684938275464
123,2912,274948,-239.0952464458657
123,2913,275014,-109.81664056053185
123,2914,275137,-304.43339368614625
123,2915,275203,-77.01958773125999
123,2916,275322,-116.35150109966214
123,2917,275383,-85.47259923927686
123,2918,275488,-278.4308086800731
123,2919,275544,-88.0291943593634
123,2920,275634,-146.327092244774
123,2921,275773,-366.07373857822836
123,2922,275850,-90.29726997588129
123,2923,275925,-126.8659844424644
123,2924,275986,-103.7331466764334
123,2925,276046,-94.42130081343589
123,2926,276112,-91.53522411037682
123,2927,276215,-233.3866708350523
123,2928,276282,-63.35210422743897
123,2929,276387,-338.71382838711526
123,2930,276486,-303.217386002561
123,2931,276561,-216.21074116670817
123,2932,276628,-140.40925922530482
123,2933,276712,-102.35995397768096
123,2934,276795,-362.69194706251494
123,2935,276900,-117.90920523230119
123,2936,277015,-176.20536300628703
123,2937,277116,-278.967602871563
123,2938,277183,-305.2858236002876
123,2939,277283,-120.11878883294835
123,2940,277407,-385.97143778580937
123,2941,277498,-128.83005247351454
123,2942,277590,-140.40729846710633
123,2943,277687,-242.90791244129377
123,2944,277766,-66.64041307583224
123,2945,277853,-246.50598073181416
123,2946,277964,-381.6544540276942
123,2947,278059,-122.5891343798653
123,2948,278133,-112.05917622579265
123,2949,278194,-91.90998923999516
123,2950,278271,-117.29042142514632
123,2951,278361,-357.9954730906029
123,2952,278453,-81.32546753761127
123,2953,278552,-258.61067790667465
123,2954,278635,-88.80535213071761
123,2955,278740,-274.8823721696911
123,2956,278839,-89.44466166592684
123,2957,278943,-90.39566521825019
123,2958,279050,-416.1045129157717
123,2959,279145,-273.333676399229
123,2960,279248,-84.37486005688456
123,2961,279350,-227.40412608605118
123,2962,279442,-338.633662841572
123,2963,279511,-139.97283653080186
123,2964,279594,-138.35872718956102
123,2965,279674,-250.81324528370493
123,2966,279729,-130.9022062888199
123,2967,279819,-157.64154920042444
123,2968,279885,-214.5630119852611
123,2969,279968,-121.0449021492718
123,2970,280076,-145.77251858887377
123,2971,280180,-345.3315725740915
123,2972,280258,-28.84628622130262
123,2973,280323,-91.4672964698418
123,2974,280417,-300.8089396662455
123,2975,280528,-299.3544437039061
123,2976,280658,-456.42886696884864
123,2977,280742,-140.94484914408554
123,2978,280819,-154.32005099777479
123,2979,280927,-118.70556229235463
123,2980,280989,-76.1210911310832
123,2981,281101,-199.0135543311757
123,2982,281171,-149.71925298573936
123,2983,281295,-140.09424864828753
123,2984,281404,-217.1383677974993
123,2985,281519,-96.57109828306977
123,2986,281618,-123.15894775781481
123,2987,281697,-168.79085327527156
123,2988,281784,-226.0084370042356
123,2989,281860,-289.91560516889945
123,2990,281947,-88.66587949015965
123,2991,282010,-107.4517590477373
123,2992,282081,-119.87723138005222
123,2993,282166,-345.7391299199991
123,2994,282257,-129.77601754512781
123,2995,282324,-128.8011144335641
123,2996,282426,-251.5517443714694
123,2997,282491,-169.81484525061097
123,2998,282592,-244.96578387560828
123,2999,282707,-233.1751275667177
123,3000,282778,-121.03973554886647
123,3001,282900,-172.54931636355406
123,3002,282977,-211.4444349029882
123,3003,283085,-14.624318232075339
123,3004,283163,-342.18004061183956
123,3005,283244,-98.76742057535994
123,3006,283341,-423.54463044818
123,3007,283436,-253.66186742563946
123,3008,283517,-126.7330952174186
123,3009,283623,-121.24417589556367
123,3010,283713,-109.16792636071398
123,3011,283783,-172.04463740221365
123,3012,283881,-311.4342340107915
123,3013,283986,-371.10243213028053
123,3014,284078,-307.2570862350624
123,3015,284142,-191.6576167961637
123,3016,284238,-142.72670890799318
123,3017,284337,-154.24026196047197
123,3018,284409,-98.05212484574287
123,3019,284502,-93.46934266577799
123,3020,284589,-99.76609437818007
123,3021,284659,-79.55283081224842
123,3022,284745,-229.94663658305817
123,3023,284833,-127.18913284179753
123,3024,284938,-278.46527952550986
123,3025,285005,-132.62609890061032
123,3026,285080,-239.71691364009416
123,3027,285195,-291.26991715976374
123,3028,285259,-65.1784871245481
123,3029,285364,-308.8553621121391
123,3030,285437,-174.31237317085964
123,3031,285499,-119.50189204947014
123,3032,285615,-227.96708488526366
123,3033,285727,-114.65024235746478
123,3034,285832,-153.36323187155517
123,3035,285917,-40.65438046364888
123,3036,285992,-92.93895254544157
123,3037,286055,-72.18991722478903
123,3038,286245,-60.91339671294212
123,3039,286356,-298.8457198886035
123,3040,286452,-137.642362597979
123,3041,286538,-120.33223426401914
123,3042,286611,-227.15843442572282
123,3043,286728,-262.8390159923056
123,3044,286817,-107.21423845591877
123,3045,286889,-51.707003998349315
123,3046,287015,-107.86346845981105
123,3047,287083,-109.01322057344953
123,3048,287175,-308.4549692228197
123,3049,287258,-139.77275973354017
123,3050,287336,-186.40003960733617
123,3051,287415,-68.10633119825387
123,3052,287489,-97.53280421863836
123,3053,287555,-76.41629283425691
123,3054,287620,-93.46250816392836
123,3055,287721,-120.77328250113607
123,3056,287827,-186.80721314384968
123,3057,287901,-79.19620778498049
123,3058,287996,-24.996130225527736
123,3059,288098,-133.56543350392997
123,3060,288210,-174.84992949951513
123,3061,288296,-290.11987774322307
123,3062,288399,-20.885973054373707
123,3063,288500,-434.45698724062055
123,3064,288578,-111.572202890321
123,3065,288684,-390.69912539536386
123,3066,288787,-142.94699708576695
123,3067,288896,-51.21665123583922
123,3068,289013,-340.4130664199624
123,3069,289103,-107.06377805062591
123,3070,289175,-153.67042633329055
123,3071,289259,-64.29422808462887
123,3072,289338,-91.89614580686984
123,3073,289415,-134.73889422559503
123,3074,289525,-99.48291239628509
123,3075,289634,-397.43842316619646
123,3076,289705,-126.37944567324307
123,3077,289816,-142.20610140095414
123,3078,289898,-262.05489654279654
123,3079,290031,-293.7096170975807
123,3080,290137,-270.16050044309065
123,3081,290236,-256.6164622481201
123,3082,290327,-120.47892643111055
123,3083,290447,-107.7399806827038
123,3084,290543,-130.97784706585315
123,3085,290619,-142.88702415796803
123,3086,290723,-80.83114600094346
123,3087,290797,-294.51213519450727
123,3088,290869,-58.25257755274953
123,3089,290975,-29.56716832953684
123,3090,291050,-95.92219998595066
123,3091,291179,-101.10714291577405
123,3092,291253,-100.5513521060366
123,3093,291346,-372.2307563671653
123,3094,292346,106.13787488648879
123,3095,292410,-76.9580914587134
123,3096,292471,-107.53218126316145
123,3097,292551,-82.48556795099279
123,3098,292633,-421.51279717570674
123,3099,292735,-117.14750894644442
123,3100,292796,-94.09855298966093
123,3101,292880,-175.3626243533509
123,3102,292967,-169.21990037917874
123,3103,293026,-82.40611054072592
123,3104,293121,-144.21738571446502
123,3105,293247,-179.58892714723174
123,3106,293340,-331.8949465129908
123,3107,293431,-125.5893877536937
123,3108,293533,-162.31439809546399
123,3109,293640,-222.38314558568595
123,3110,293745,-300.5551169478196
123,3111,293812,-77.12014111641872
123,3112,293885,-108.02461095248441
123,3113,293963,-215.39177685256297
123,3114,294081,-281.16245168839237
123,3115,294170,-270.9649644753564
123,3116,294273,-247.82916918225345
123,3117,294339,-128.75474950168092
123,3118,294476,-294.15930689631773
123,3119,294542,-103.47453439627462
123,3120,294628,-131.68613862048343
123,3121,294711,-133.66265848366842
123,3122,294816,-443.1585869393155
123,3123,294914,-215.6775786050211
123,3124,294985,-89.96098342797848
123,3125,295055,-35.514160668142736
123,3126,295121,-49.64730086454411
123,3127,295201,-40.855339863526495
123,3128,295274,-273.81200790093555
123,3129,295358,-246.96250522823382
123,3130,295460,-170.27539109705418
123,3131,295571,-97.5905903278523
123,3132,295639,-48.96775952787162
123,3133,295722,-291.89944318564443
123,3134,295863,-381.6522547150287
123,3135,295963,-119.78595984524861
123,3136,296032,-199.43088605763342
123,3137,296094,-88.53515893577747
123,3138,296172,-240.311953318238
123,3139,296271,-353.55479930263414
123,3140,296349,-85.60653633405994
123,3141,296432,-83.52748377966181
123,3142,296563,6.820497577984867
123,3143,296632,-79.11836667231414
123,3144,296700,-92.035020833278
123,3145,296766,-78.885474686682
123,3146,296877,-285.52300191016894
123,3147,296935,-153.36805572119937
123,3148,297027,-125.57965872502643
123,3149,297137,-101.95993009693225
123,3150,297203,-179.70281525168696
123,3151,297310,-117.38476063474431
123,3152,297418,-268.1059352875503
123,3153,297549,-189.03131521848428
123,3154,297645,-121.96344230197417
123,3155,297752,-371.57880767338565
123,3156,297843,-213.42008588293842
123,3157,297929,-228.48284695411712
123,3158,297996,-113.42475329399635
123,3159,298078,-349.53215916776867
123,3160,298153,-86.28331077991909
123,3161,298229,-137.06699938073285
123,3162,298331,-104.43915214229514
123,3163,298414,-84.8690361637577
123,3164,298494,-103.58306879828687
123,3165,298575,-109.89444448503454
123,3166,298677,-210.78274877349529
123,3167,298744,-176.62554264120502
123,3168,298834,-154.12832693100063
123,3169,298987,-350.577707602003
123,3170,299061,-353.56555671598744
123,3171,299192,-441.52547789973033
123,3172,299273,-140.52145268980144
123,3173,299399,-191.93653670508627
123,3174,299478,-188.98395622970736
123,3175,299552,-5.097887167709757
123,3176,299618,-96.22993696381069
123,3177,299692,-65.61666914817641
123,3178,299824,-99.05385004484236
123,3179,299954,-309.90925745605034
123,3180,300029,-107.30940767319373
123,3181,300160,-155.27364369511776
123,3182,300243,-131.44677060103945
123,3183,300314,-101.42751353806372
123,3184,300430,-320.6454165284941
123,3185,300525,-78.07931564203496
123,3186,300638,-120.35257856362242
123,3187,300718,-81.65476112804423
123,3188,300831,-128.55168723429367
123,3189,300958,-393.08987607249753
123,3190,301042,-144.44200248396493
123,3191,301124,-349.04843132531624
123,3192,301191,-177.86460616985832
123,3193,301297,-152.68156106090743
123,3194,301388,-82.12089191800155
123,3195,301479,-177.87105638965525
123,3196,301534,-90.0440559693851
123,3197,301614,-122.13552666336182
123,3198,301688,-229.03221291090682
123,3199,301787,-249.60512767142774
123,3200,301874,-347.1413933838113
123,3201,301972,-257.50705871455386
123,3202,302056,-144.03357436136662
123,3203,302169,-116.50076018565781
123,3204,302275,-99.30070731829355
123,3205,302416,-90.83459770742756
123,3206,302491,-126.15177974084227
123,3207,302611,-203.6448359883588
123,3208,302728,-58.93037891306115
123,3209,302794,-94.48538604949292
123,3210,302903,-163.32945954804194
123,3211,302985,-348.55499051029005
123,3212,303108,-148.55242745994323
123,3213,303175,-90.5276253726718
123,3214,303257,-103.92242746722017
123,3215,303363,-379.8565732861142
123,3216,303476,-137.32455423151868
123,3217,303606,-29.43231712637406
123,3218,303697,-403.75013714620775
123,3219,303837,-125.83837602098951
123,3220,303919,-150.31251514129593
123,3221,304021,-406.72598185247244
123,3222,304134,-367.3494284704252
123,3223,304201,-172.25270552236432
123,3224,304260,-83.55171547515172
123,3225,304338,-146.26561814014642
123,3226,304426,-162.97384991550223
123,3227,304543,-53.678041299066344
123,3228,304629,-294.2808839364633
123,3229,304731,-120.24501747031911
123,3230,304827,-387.50948754608925
123,3231,304916,-126.26549530817883
123,3232,305012,-282.15497861035385
123,3233,305091,-113.19559387842219
123,3234,305205,-118.97106058510677
123,3235,305306,-15.562286833921519
123,3236,305379,-169.17627546247724
123,3237,305498,-173.8608680720489
123,3238,305580,-105.3707033298649
123,3239,305662,-114.9608167474722
123,3240,305767,-333.9506513260251
123,3241,305866,-281.21792928131333
123,3242,305944,10.162815465580493
123,3243,306014,-141.76628711324963
123,3244,306144,-303.1710688525335
123,3245,306264,-126.01466416917296
123,3246,306379,-22.494923454207964
123,3247,306475,-125.66486624808054
123,3248,306582,-103.50753390902248
123,3249,306665,-120.92716701241483
123,3250,306751,-262.36781646574934
123,3251,306849,-88.64686051944844
123,3252,306921,-110.33275912436491
123,3253,307016,-144.95320948741116
123,3254,307143,-111.58223907195693
123,3255,307215,-98.92103847787455
123,3256,307277,-128.34893144872495
123,3257,307374,-262.52468033981006
123,3258,307481,-173.8887011437084
123,3259,307554,-135.595420621249
123,3260,307616,-51.123663678275356
123,3261,307719,-13.180207768315071
123,3262,307799,-114.06579631861143
123,3263,307895,-136.01795613163333
123,3264,307971,-94.94103483749807
123,3265,308078,-24.258824475463598
123,3266,308206,-300.08170395528396
123,3267,308309,-305.8135690862888
123,3268,308422,-121.39396664587927
123,3269,308484,-116.93685874355559
123,3270,308593,-108.51973910768575
123,3271,308693,-444.2077389417408
123,3272,308818,-242.71036111982707
123,3273,308929,-580.9475744377321
123,3274,309005,-111.63098776248235
123,3275,309106,-325.61214507310797
123,3276,309168,-82.47982621879076
123,3277,309274,-72.77971241443332
123,3278,309397,-245.64475855928967
123,3279,309478,-138.10879345755632
123,3280,309610,-100.35975464027975
123,3281,309681,-107.22724445802668
123,3282,309753,-80.5912607292743
123,3283,309830,-422.6103285514115
123,3284,309909,-198.20633847878355
123,3285,309974,-165.10016562901535
123,3286,310062,-205.95470901559858
123,3287,310123,-101.0120619689729
123,3288,310191,-49.3915016213151
123,3289,310336,-95.40849899779381
123,3290,310426,-161.00013506805072
123,3291,310553,-198.05377203152693
123,3292,310624,-132.63233047926
123,3293,310739,-8.303460065246767
123,3294,310822,-174.01889314849245
123,3295,310898,-119.06208932073704
123,3296,310972,-116.51592861738418
123,3297,311108,-131.47842637967113
123,3298,311248,-321.1894415955011
123,3299,311346,-145.77313105877693
123,3300,311483,-110.88646750341414
123,3301,311584,-107.85889525043773
123,3302,311676,-241.975490842311
123,3303,311736,-63.68983370073675
123,3304,311823,-79.6252620725466
123,3305,311920,-143.33773237489785
123,3306,312027,-125.81019663007577
123,3307,312100,-114.93540894960562
123,3308,312187,-30.43499219867121
123,3309,312250,-61.00537593616701
123,3310,312328,-91.48063071202967
123,3311,312459,-304.87224362030224
123,3312,312563,-205.65756998699624
123,3313,312699,-59.90415721449915
123,3314,312779,-69.57897971866115
123,3315,312839,-102.96683749798055
123,3316,312920,-328.03178925775273
123,3317,312997,-90.6087427741935
123,3318,313105,-375.7035263311252
123,3319,313179,-201.75942668713634
123,3320,313303,-127.1918367605742
123,3321,313371,-90.11336335102709
123,3322,313441,-93.33882750981891
123,3323,313532,-107.08105704845667
123,3324,313640,-145.33355588543517
123,3325,314640,60.84056833943009
123,3326,314727,-389.45841874495557
123,3327,314830,-92.5136574390334
123,3328,314944,-201.99387006927822
123,3329,315022,-122.46659300556459
123,3330,315157,-144.51772314290633
123,3331,315226,-114.8787615766943
123,3332,315316,-85.87904530786328
123,3333,315409,-141.66322961039413
123,3334,315532,-125.53786643370694
123,3335,315600,-206.01155984218104
123,3336,315716,-375.8147534500931
123,3337,315817,-385.0617813754015
123,3338,315896,-80.16359443300775
123,3339,316038,-186.85827260065804
123,3340,316119,-154.1764505472985
123,3341,316211,-265.4947762288554
123,3342,316343,-68.51158858256439
123,3343,316452,-295.46427549373755
123,3344,316539,-335.52979298050445
123,3345,316624,-172.581626936705
123,3346,316712,-385.9736124230344
123,3347,316843,-101.02804513939954
123,3348,316924,-157.99934970601905
123,3349,317002,-111.76796229379735
123,3350,317088,-130.7899179257655
123,3351,317154,-80.95678772483885
123,3352,317212,-72.4293285626588
123,3353,317310,-105.17453079381866
123,3354,317398,-58.63955004326796
123,3355,317499,-102.66507921838375
123,3356,317565,-234.65629997102408
123,3357,317685,-83.18207894197505
123,3358,317784,-114.49016922064001
123,3359,317925,-173.77669074671292
123,3360,318018,-254.80604409430663
123,3361,318109,-363.97183211032456
123,3362,318216,-130.7368503822476
123,3363,318308,-161.26906099742644
123,3364,318397,-153.30535016949872
123,3365,318502,-283.9305555830957
123,3366,318565,-117.34346211357507
123,3367,318681,-146.1591706341629
123,3368,318754,-89.77781332661205
123,3369,318815,-101.93262253695207
123,3370,318940,-109.65683505422956
123,3371,319050,-119.69582108981393
123,3372,319119,-65.33340739181926
123,3373,319248,-132.46956036379956
123,3374,319362,-331.945512944054
123,3375,319490,9.515397460198287
123,3376,319597,-114.09170663854242
123,3377,319702,-353.61003243558343
123,3378,319823,-83.39524333085136
123,3379,319881,-100.70612280518142
123,3380,319954,-258.71225462602115
123,3381,320037,-95.74740839663878
123,3382,320102,-62.67200931392317
123,3383,320171,-54.7778193030032
123,3384,320261,-146.48076893430763
123,3385,320378,-157.4326608894756
123,3386,320449,-123.84464569172559
123,3387,320560,-462.00184634936767
123,3388,320652,-142.89366198408922
123,3389,320732,-99.43985316782346
123,3390,320793,-83.96656202817925
123,3391,320893,-31.334269255002155
123,3392,321002,-266.74175315167065
123,3393,321080,-131.72564284458787
123,3394,321162,-57.01375420989628
123,3395,321285,-268.82799099483185
123,3396,321367,-132.1740622115133
123,3397,321493,-295.76460768693016
123,3398,321558,-99.38136106999929
123,3399,321678,-401.8488351545408
123,3400,321764,-143.3645363842256
123,3401,321828,-114.35804618551433
123,3402,321953,-173.52881122405887
123,3403,322052,-97.1667029092911
123,3404,322114,-141.36896811495626
123,3405,322242,-376.95804250173677
123,3406,322337,-211.916062773411
123,3407,322437,-68.05534682120825
123,3408,322509,-152.77921889357964
123,3409,322605,-230.33227827854463
123,3410,322718,-397.9421201974963
123,3411,322838,-143.10048801581036
123,3412,322933,-273.3306784807277
123,3413,323037,-193.5799019694453
123,3414,323121,-126.14210845118637
123,3415,323187,-68.56621347962196
123,3416,323284,-45.620017169345104
123,3417,323404,-352.5797851370585
123,3418,323490,-301.28188533433274
123,3419,323593,-275.0155095423107
123,3420,323675,-84.65648456603282
123,3421,323823,-113.72061778256706
123,3422,323941,-258.87448246912993
123,3423,324048,-225.57745817462586
123,3424,324172,-110.08093733655744
123,3425,324241,-66.33683801432971
123,3426,324301,-98.96199184284956
123,3427,324439,-92.04294635568068
123,3428,324562,-109.19452716700012
123,3429,324664,-337.2406640837811
123,3430,324748,-120.13633237665559
123,3431,324878,-200.15431707259114
123,3432,324984,-411.25894471669346
123,3433,325072,-459.85447249417626
123,3434,325159,-98.71179684446636
123,3435,325228,-91.94661252974362
123,3436,325295,-81.7866558260428
123,3437,325379,-307.0903975205202
123,3438,325464,-83.97804293753056
123,3439,325552,-301.01974724004725
123,3440,325639,-282.79523049382794
123,3441,325703,-90.90198689510177
123,3442,325776,-117.62094155245697
123,3443,325890,-230.15572231237945
123,3444,325973,-75.15167504308492
123,3445,326066,-17.922905391931067
123,3446,326151,-181.6184755301952
123,3447,326241,-143.31325658369488
123,3448,326341,-130.08257552794288
123,3449,326466,-394.5519522694654
123,3450,326584,-64.3865565956446
123,3451,326649,-110.26756692308322
123,3452,326766,-119.30270358900525
123,3453,326827,-89.56277929311175
123,3454,326935,-305.3489063164536
123,3455,327075,-199.0486967907972
123,3456,327145,-158.0597274576944
123,3457,327237,-186.1491309418742
123,3458,327339,-533.843795333778
123,3459,327436,-471.7733430665425
123,3460,327548,-268.62584092448265
123,3461,327628,-220.99419597306627
123,3462,327741,21.05237690592206
123,3463,327846,-133.32270891667986
123,3464,327975,-134.60328420716183
123,3465,328062,-287.6632916867369
123,3466,328144,-235.4334168752982
123,3467,328213,-78.85606236460944
123,3468,328322,-244.5104530997435
123,3469,328402,-160.77031765944088
123,3470,328503,-205.6914180623126
123,3471,328621,-115.34578159988595
123,3472,328707,-62.31695403783816
123,3473,328788,-133.63037040327782
123,3474,328886,-294.90628123925745
123,3475,328989,-389.9714391898796
123,3476,329073,-252.42325711192547
123,3477,329147,-81.68640302163041
123,3478,329217,-103.59778485144454
123,3479,329294,-85.40875452155575
123,3480,329409,-296.49756602276113
123,3481,329543,-196.71832955111114
123,3482,329659,-376.5371035121017
123,3483,329790,-109.45066830130966
123,3484,329891,-441.31423410910605
123,3485,329989,-135.8588050118741
123,3486,330060,-122.32300603698391
123,3487,330125,-69.24750146057877
123,3488,330240,-91.4926138656252
123,3489,330321,-305.8194040753873
123,3490,330424,-368.45969785863247
123,3491,330524,-280.43634407860236
123,3492,330639,-117.30944488898966
123,3493,330767,-111.27373161351123
123,3494,330834,-105.13995674276246
123,3495,330911,-242.58340335651778
123,3496,331040,-333.77286876788423
123,3497,331141,-97.44655952458336
123,3498,331225,-230.7109037767676
123,3499,331329,-274.4941881521478
123,3500,331438,-14.781317890841038
123,3501,331530,-89.44006170722095
123,3502,331614,-327.8640059619433
123,3503,331682,-312.35194792481417
123,3504,331742,-73.28288199588133
123,3505,331874,-114.75602071751604
123,3506,331970,-110.742610558112
123,3507,332036,-91.56898323628738
123,3508,332160,-107.22379127959498
123,3509,332241,-257.2407985328489
123,3510,332322,-423.39124943791194
123,3511,332438,-158.1222090090116
123,3512,332512,-253.36323172770622
123,3513,332634,-135.84293172167094
123,3514,332741,-125.39814982209376
123,3515,332817,-145.22385326569463
123,3516,332883,-97.73732559905201
123,3517,332991,-39.57874801690838
123,3518,333063,-61.02907371078242
123,3519,333173,-140.39023964655382
123,3520,333278,-152.44871094460518
123,3521,333399,1.1498540527204
123,3522,333542,-110.07424322494887
123,3523,333632,-42.514049007396295
123,3524,333770,-205.9341814691538
123,3525,333838,-145.68582098250192
123,3526,333905,-75.33462207953235
123,3527,333959,-106.15043737939394
123,3528,334064,-227.43131635437862
123,3529,334172,-90.89010771425262
123,3530,334258,-51.996964215157114
123,3531,334341,-219.090311564587
123,3532,334415,-133.81379780486532
123,3533,334514,-213.52026834272334
123,3534,334625,-52.451215559617836
123,3535,334748,-221.49777558973278
123,3536,334843,-257.6514429062325
123,3537,334947,-97.33540481605728
123,3538,335076,-481.82604947087566
123,3539,335160,-199.1190825455329
123,3540,335267,-471.78576475796353
123,3541,335350,-210.91028336247922
123,3542,335460,-320.6050672502501
123,3543,335578,-266.15465263608183
123,3544,335689,-213.8572786725486
123,3545,335789,-312.70317320103624
123,3546,335888,-121.04462279643113
123,3547,335963,-89.42209955658237
123,3548,336055,-277.8403704096586
123,3549,336121,-91.30535876856531
123,3550,336239,-93.75057381245307
123,3551,336340,-155.92060442209203
123,3552,336462,-121.98834941151168
123,3553,336586,-243.4711526661245
123,3554,336695,-215.59389602779976
123,3555,336780,-423.52124522007944
123,3556,336900,-326.1397177560322
123,3557,337017,-84.89663840032087
123,3558,337125,-313.2291928395683
123,3559,337205,-496.10830976044616
123,3560,337289,-224.0848288115659
123,3561,337383,-301.14336000895946
123,3562,337484,-265.015100105834
123,3563,337595,-78.60852739459153
123,3564,337690,-99.07082454328112
123,3565,337833,-135.52137709893168
123,3566,337899,-109.13931179302672
123,3567,337977,-53.127494947953835
123,3568,338057,-104.51489419187489
123,3569,338158,-381.6512101238402
123,3570,338229,-169.80429153624533
123,3571,338327,-257.4149987008633
123,3572,338452,-185.68244336801416
123,3573,338529,-190.20002775833922
123,3574,338660,-224.73384304118784
123,3575,338787,-277.32006479135157
123,3576,338923,-224.90615933937366
123,3577,338995,-176.75041829312852
123,3578,339069,-312.44792826235755
123,3579,339171,-397.3644352706151
123,3580,339258,-124.38211076521902
123,3581,339385,-264.5322622278892
123,3582,339476,-227.10691741489546
123,3583,339538,-106.90699039056798
123,3584,339634,-400.51302665442427
123,3585,339720,-116.49383634922793
123,3586,339782,-104.86083702147585
123,3587,339905,-81.66942770361176
123,3588,340028,-157.33589688796405
123,3589,340150,-176.1752207799262
123,3590,340263,-185.78080986679532
123,3591,340347,-133.83928737773505
123,3592,340422,-244.10654197979866
123,3593,340485,-115.16186653660078
123,3594,340591,-162.59676675632636
123,3595,340700,-192.9247062914934
123,3596,340803,-125.9505126304645
123,3597,340868,-67.45612005439901
123,3598,341001,-146.71309729198452
123,3599,341059,-85.699466783052
123,3600,341172,-153.64207002175306
123,3601,341236,-211.2454317677586
123,3602,341324,-169.86406723581
123,3603,341428,-192.72425566146535
123,3604,341494,-105.9597975439992
123,3605,341599,-374.0863705220446
123,3606,341716,-279.5778786543022
123,3607,341807,-139.39394553311598
123,3608,341876,-201.87402433998062
123,3609,341941,-69.0471893400553
123,3610,342032,-152.61645548342716
123,3611,342116,-255.80067959257318
123,3612,342205,-362.38891994481116
123,3613,342268,-228.9966698649352
123,3614,342343,-230.27950128854175
123,3615,342455,-269.095691467406
123,3616,342593,-232.66324952959545
123,3617,342697,-421.9510517702564
123,3618,342761,-170.1690293456939
123,3619,342899,-106.67064616464604
123,3620,343011,-461.1277377862411
123,3621,343105,1.7616623221007046
123,3622,343194,27.342591335038676
123,3623,343290,-176.5470866575224
123,3624,343376,-140.23639286678588
123,3625,343479,-106.22556700666036
123,3626,343577,-120.64058669053203
123,3627,343668,-335.98074960106237
123,3628,343737,-133.51377249048102
123,3629,343816,-88.71879825095937
123,3630,343902,-130.574089662722
123,3631,343971,-98.73985802467658
123,3632,344083,-116.36066119162186
123,3633,344162,-145.86497416566425
123,3634,344238,4.65048082911558
123,3635,344325,-277.9902295895141
123,3636,344389,-68.82622530186171
123,3637,344448,-62.67287932521942
123,3638,344527,-70.83340917117147
123,3639,344621,-181.8873309087076
123,3640,344700,-60.73292487145102
123,3641,344778,-352.2120676546489
123,3642,344839,-92.78297072178991
123,3643,344928,-135.77058790432733
123,3644,345027,-310.4535743208992
123,3645,345121,-438.19724743565985
123,3646,345187,-61.827032769420384
123,3647,345257,-63.126842147559245
123,3648,345324,-60.986049143363196
123,3649,345394,-83.12064068877746
123,3650,345516,-202.9824631801121
123,3651,345593,-61.991268227676144
123,3652,345672,-127.12984889923928
123,3653,345741,-59.56868317010513
123,3654,345811,-85.60057217497189
123,3655,345877,-136.81090006038227
123,3656,345953,-122.48506403212632
123,3657,346018,-120.39716372367543
123,3658,346105,-56.86272685491256
123,3659,346212,-163.08924439978404
123,3660,346285,-169.44109383567297
123,3661,346372,-267.0372390848031
123,3662,346445,-107.0993921186833
123,3663,346512,-82.4388949957928
123,3664,346609,-129.44076125066226
123,3665,346684,-132.9635966622028
123,3666,346775,-69.52617707837811
123,3667,346843,-74.9417741719065
123,3668,346925,23.383829100487432
123,3669,347003,-200.1372271030774
123,3670,347062,-57.711436400362786
123,3671,347140,-100.78041684401313
123,3672,347271,-313.7439294895163
123,3673,347341,-79.87671281859465
123,3674,347417,-217.23761502503146
123,3675,347512,-259.89159113224594
123,3676,347610,-158.0397764942138
123,3677,347670,-107.00414680234967
123,3678,347744,-64.48704977953507
123,3679,347855,-162.36312383417592
123,3680,347960,-131.70129951302252
123,3681,348055,-209.08078106350126
123,3682,348136,-106.86245263768126
123,3683,348204,-190.8776727196299
123,3684,348264,-89.30092651499757
123,3685,348350,-3.651866317321108
123,3686,348424,-64.60264277584314
123,3687,348524,-102.92134966146735
123,3688,348634,-155.20495889936967
123,3689,348728,-83.0484461251993
123,3690,348816,-338.7960891225158
123,3691,348894,-95.90252535852383
123,3692,349024,-296.5199715614971
123,3693,349096,-200.93258031367495
123,3694,349164,-42.09796961973344
123,3695,349301,-264.97746208467015
123,3696,349363,-96.79946694972799
123,3697,349443,-78.58300867168433
123,3698,349512,-169.84786626479462
123,3699,349575,-85.34264028717973
123,3700,349678,-514.9507162965277
123,3701,349784,-119.289614973027
123,3702,349894,-343.2601555928685
123,3703,349971,-252.0900789675011
123,3704,350031,-195.499737982228
123,3705,350101,-96.31174459788676
123,3706,350198,-276.7020976000923
123,3707,350265,-104.73116426607163
123,3708,350374,-66.3665586645649
123,3709,350465,-118.69336263952084
123,3710,350576,-100.28547583938884
123,3711,350680,-495.1087117713106
123,3712,350751,-108.7478516262639
123,3713,350852,-223.21220858995628
123,3714,350959,-117.76237185312917
123,3715,351079,-101.71482173273623
123,3716,351176,-147.06940351358728
123,3717,351241,-135.45284603679875
123,3718,351331,-156.98543213420794
123,3719,351430,-213.4240909772789
123,3720,351492,-150.9736886966908
123,3721,351613,-127.92234863984216
123,3722,351721,-153.7191003134256
123,3723,351807,-96.88564129267253
123,3724,351902,-87.75611314412482
123,3725,351998,-131.3359007644663
123,3726,352122,-102.06996096663303
123,3727,352189,-94.4190656709155
123,3728,352297,-456.77260112738384
123,3729,352405,-234.3669906612025
123,3730,352515,-273.2198567782438
123,3731,352606,-221.46914572292945
123,3732,352700,-60.860770503599184
123,3733,352802,-220.7319565724651
123,3734,352901,-415.60552557443464
123,3735,352970,-81.7178842362197
123,3736,353059,-89.9182540730719
123,3737,353158,-99.13714139941834
123,3738,353239,-337.32754243228584
123,3739,353334,-191.2267731520365
123,3740,353472,-99.47832249993607
123,3741,353566,-226.85698438568443
123,3742,353664,-117.39784146697025
123,3743,353762,-109.23227979111682
123,3744,353850,-382.1577027672109
123,3745,353931,-144.93190429040354
123,3746,354001,-103.69790382813463
123,3747,354110,-93.32627893180816
123,3748,354219,-365.5200202697349
123,3749,354331,-138.96663529571987
123,3750,354395,-116.56720364242096
123,3751,354484,-91.19834476847578
123,3752,354589,-6.857883842210612
123,3753,354668,-191.78181592980613
123,3754,354747,-126.75797762974005
123,3755,354819,-83.39796310298988
123,3756,354930,-543.3231912141448
123,3757,355030,-142.11647775570557
123,3758,355094,-85.69241972033018
123,3759,355225,-158.46857157073967
123,3760,355315,-306.9740314814652
123,3761,355441,-162.0748153799335
123,3762,355533,-181.31508878424742
123,3763,355626,-134.33866755167216
123,3764,355741,-144.74320557132103
123,3765,355843,-202.27213967601014
123,3766,355951,-94.98221236916717
123,3767,356089,-91.89672707878287
123,3768,356199,-284.33086858826664
123,3769,356264,-154.68404517214162
123,3770,356360,-108.68431100838086
123,3771,356451,-109.43658025066074
123,3772,356547,-135.56876777640952
123,3773,356665,-249.56291332033018
123,3774,356736,-117.82038379339251
123,3775,356810,-240.76235328223825
123,3776,356875,-214.12623842560612
123,3777,356975,-14.492216635161952
123,3778,357068,-440.53820308254893
123,3779,357137,-67.88096083431971
123,3780,357231,-275.06202900966093
123,3781,357313,-55.01038185406741
123,3782,357408,-444.01560339600616
123,3783,357478,-219.36831661369374
123,3784,357581,-267.1459480702338
123,3785,357645,-137.5041670309871
123,3786,357740,-458.3998987789005
123,3787,357816,-157.12622037960702
123,3788,357894,-248.4884664537999
123,3789,357998,-321.52188387935314
123,3790,358091,-214.46176057649433
123,3791,358164,-190.03994600148076
123,3792,358298,-192.47543457153625
123,3793,358370,-51.913248001260584
123,3794,358435,-126.04166313216645
123,3795,358529,-413.10834526190854
123,3796,358654,-324.7329903887107
123,3797,358761,-287.3719873401347
123,3798,358842,-96.21950267507285
123,3799,358906,-66.75393815679686
123,3800,359002,-278.008278200361
123,3801,359123,-213.71034737460678
123,3802,359212,-174.80811372471993
123,3803,359307,-238.06557318189675
123,3804,359407,-478.677798770302
123,3805,359517,-312.0435862239751
123,3806,359621,-240.6739483877805
123,3807,359700,-60.29049325721107
123,3808,359761,-20.98314046835455
123,3809,359844,-144.64356914758815
123,3810,359951,-385.87025642916296
123,3811,360037,-262.00810719861147
123,3812,360137,-149.6424564706017
123,3813,360213,-78.3219159028346
123,3814,360304,-208.02488905087006
123,3815,360395,-97.6560895811549
123,3816,360458,-61.03194247744436
123,3817,360579,-99.30132023998239
123,3818,360727,-448.61748343938325
123,3819,360843,-314.1541210675441
123,3820,360923,-79.2925518229825
123,3821,361035,-225.568919955716
123,3822,361169,-361.93106876149056
123,3823,361261,-244.52191664430202
123,3824,361331,-98.22280228192965
123,3825,361433,-104.46842351183913
123,3826,361501,-190.76040939652825
123,3827,361587,-128.7239049423652
123,3828,361674,-334.84831996880484
123,3829,361734,-88.76012431125154
123,3830,361831,-84.92631251480012
123,3831,361968,-77.62256532616158
123,3832,362045,-107.49864065107742
123,3833,362131,-204.72699051179575
123,3834,362202,-138.02642562049223
123,3835,362267,-72.2537816690962
123,3836,362381,-251.68997858856918
123,3837,362486,-408.4703611213325
123,3838,362603,-377.9386587129462
123,3839,362690,-144.3665481361137
123,3840,362784,-324.32256728498396
123,3841,362910,-140.92721630563898
123,3842,363016,-285.0244966566747
123,3843,363113,-164.31994899425106
123,3844,363209,-294.3665898887217
123,3845,363280,-134.72197711388299
123,3846,363340,-84.31926006746136
123,3847,363437,-245.57520717115366
123,3848,363566,-103.55633694820433
123,3849,363645,-177.84953861030652
123,3850,363741,-155.8987586364286
123,3851,363814,-196.56810651865635
123,3852,363907,-6.691419485475279
123,3853,363969,-44.35801163942579
123,3854,364050,-94.05189767828476
123,3855,364160,-115.93272002795769
123,3856,364239,-100.61653662822364
123,3857,364340,-139.3997420430245
123,3858,364419,-63.8517858735877
123,3859,364527,-278.22681608201196
123,3860,364609,-121.5829974306967
123,3861,364684,-73.25164309775762
123,3862,364785,-132.04578021307148
123,3863,364844,-117.37337134350287
123,3864,364944,-92.8110523784157
123,3865,365049,-302.4033068410465
123,3866,365140,-168.93722504104136
123,3867,365244,-147.61079872621036
123,3868,365339,-220.80996013118548
123,3869,365399,-120.09179966943448
123,3870,365505,-302.2362017818782
123,3871,365598,-345.74293223654485
123,3872,365687,-417.02629807392935
123,3873,365771,-311.37011854391073
123,3874,365860,-193.57782805812323
123,3875,365969,-139.33886605666905
123,3876,366031,-80.90672510960928
123,3877,366118,-374.5948169574447
123,3878,366246,-109.77119828549476
123,3879,366319,-63.110360081137316
123,3880,366404,-84.9341012057053
123,3881,366470,23.956704136879083
123,3882,366574,-315.779829742434
123,3883,366678,-18.47687854260755
123,3884,366782,-279.6969820288385
123,3885,366911,-202.06710053091268
123,3886,366978,-114.95722228519384
123,3887,367053,-145.4831617367471
123,3888,367131,-121.03016108913565
123,3889,367224,-93.32028910673478
123,3890,367326,-179.2235327417551
123,3891,367410,-201.24614792873544
123,3892,367499,-155.1323526276487
123,3893,367594,-122.92594180046277
123,3894,367758,-226.53876192677188
123,3895,367837,-115.12359466197819
123,3896,367930,-227.10844516113673
123,3897,368047,-242.60105969203644
123,3898,368121,-89.64423819118207
123,3899,368252,-402.89428584167405
123,3900,368334,-236.55100040078952
123,3901,368410,-217.3383529338871
123,3902,368505,-86.58239352285395
123,3903,368601,17.217695488883805
123,3904,368686,-175.35847494760023
123,3905,368792,-357.92843119625354
123,3906,368859,-101.12784580879108
123,3907,368961,-233.84077779952648
123,3908,369030,-150.62623583796187
123,3909,369139,-282.7587734173562
123,3910,369224,-272.4082963670893
123,3911,369310,-127.77733718093701
123,3912,369375,-120.5590990686602
123,3913,369463,-100.37918522641154
123,3914,369544,-123.84624332123796
123,3915,369608,-172.18233475681802
123,3916,369728,-112.4824246698731
123,3917,369839,-234.5844799871223
123,3918,369937,-197.5120324248387
123,3919,370035,-120.47789050988429
123,3920,370143,-400.29382011549785
123,3921,370232,-111.3692205439902
123,3922,370299,-81.97740415556942
123,3923,370392,-303.2285370697464
123,3924,370495,-109.3477358907847
123,3925,370588,-196.54756116037822
123,3926,370698,-180.67509997577494
123,3927,370790,-142.96589883430408
123,3928,370890,-189.55091985458523
123,3929,370985,-352.4048099561446
123,3930,371069,-106.53614656562297
123,3931,371170,-318.35371098803876
123,3932,371251,-116.25988819719848
123,3933,371313,-95.92380869812722
123,3934,371389,-281.87014092945003
123,3935,371456,-215.75338398228982
123,3936,371572,-120.70215424614511
123,3937,371677,-104.59631212464292
123,3938,371747,-130.9681587561842
123,3939,371811,-167.36261378259533
123,3940,371922,-198.885301249097
123,3941,372010,-175.2629407408325
123,3942,372090,-100.39088259803843
123,3943,372202,-198.4318274955057
123,3944,372299,-294.12948187284644
123,3945,372361,-157.39293934642188
123,3946,372484,-251.4311870701418
123,3947,372571,-239.61833992553824
123,3948,372641,-208.95739210392074
123,3949,372708,-127.19373382912498
123,3950,372799,-306.0351797941999
123,3951,372875,-89.39874620653103
123,3952,372993,-485.9299664220058
123,3953,373070,-103.54094153305097
123,3954,373161,-322.58317553099425
123,3955,373223,-99.15265760055487
123,3956,373352,-189.73014740137128
123,3957,373430,-85.58195648282671
123,3958,373541,-310.3919366155681
123,3959,373613,-96.89799137485056
123,3960,373700,-103.15400508734542
123,3961,373828,-507.93860650078574
123,3962,373922,-130.4545594045316
123,3963,374006,-96.58516699712388
123,3964,374081,-162.3221160540807
123,3965,374168,-113.90307380295916
123,3966,374266,-257.1867867612694
123,3967,374349,-241.55272132437642
123,3968,374432,-139.8458747038568
123,3969,374506,-314.72243490993753
123,3970,374588,-165.65230519881572
123,3971,374652,-129.75832974423562
123,3972,374771,-410.3936189064152
123,3973,374857,-243.19944604878964
123,3974,374954,-218.83127523051735
123,3975,375042,-87.61035586378767
123,3976,375146,-231.17109792931245
123,3977,375273,-491.99873893516724
123,3978,375417,-149.30576949367403
123,3979,375519,-386.0769800850237
123,3980,375594,-153.2014507033588
123,3981,375682,-243.6688709042267
123,3982,375836,-192.24092229027372
123,3983,375915,-150.15182406173756
123,3984,376040,-100.00060534291998
123,3985,376152,-171.0501459102928
123,3986,376253,-258.223371466382
123,3987,376323,-122.47299691402249
123,3988,376432,-77.47416305629316
123,3989,376566,-118.88325562525651
123,3990,376676,-286.401296284142
123,3991,376772,-284.31130635280243
123,3992,376837,-131.59291561219126
123,3993,376938,-259.77814227732483
123,3994,377046,-455.8497079655308
123,3995,377128,-244.21441447593165
123,3996,377193,-119.20391881248071
123,3997,377291,-142.18143734806546
123,3998,377388,-348.0015861170083
123,3999,377481,-243.52358814264065
123,4000,377558,-335.313865085398
123,4001,377637,-113.7469629834407
123,4002,377726,-148.31102121559343
123,4003,377796,-118.68315197003867
123,4004,377900,-151.7622391129907
123,4005,377988,-361.19860986313245
123,4006,378056,-64.11648626140303
123,4007,378179,-163.0573271471642
123,4008,378277,-197.55088177179718
123,4009,378373,-400.6001836383836
123,4010,378446,-102.06258046964169
123,4011,378538,-125.54176229817863
123,4012,378633,-288.161466192171
123,4013,378708,-336.15126093899437
123,4014,378798,-145.9295751516048
123,4015,378885,-391.08373563191526
123,4016,378946,-118.53475554242738
123,4017,379016,-111.61848999193461
123,4018,379111,-362.75440539282306
123,4019,379216,-99.20308900327082
123,4020,379315,-154.08193397075732
123,4021,379443,-171.1841317286383
123,4022,379541,-457.18635315737924
123,4023,379600,-102.03896357511354
123,4024,379697,-27.93093370689681
123,4025,379799,-132.89699416775744
123,4026,379900,-112.38211476961935
123,4027,379969,-94.91242350541683
123,4028,380046,-140.2805915222768
123,4029,380169,-86.98657793354162
123,4030,380240,-246.2479327119801
123,4031,380301,-108.17173751648367
123,4032,380414,-123.07468048886537
123,4033,380502,-388.31507316557315
123,4034,380570,-55.414702030869705
123,4035,380651,-103.42807291723283
123,4036,380728,-105.54072911269962
123,4037,380819,-117.72917925333363
123,4038,380919,-121.88951664695199
123,4039,381008,-277.7478972834979
123,4040,381115,-116.48182868451491
123,4041,381216,-323.5991702606502
123,4042,381336,-113.5052555277926
123,4043,381402,-99.06307644387248
123,4044,381522,-126.47539509560465
123,4045,381598,-369.18284846513774
123,4046,381676,-176.82633815926965
123,4047,381749,-75.22229990169205
123,4048,381868,-178.62377270939731
123,4049,381959,-132.01164343648816
123,4050,382023,-105.58338603046798
123,4051,382125,-380.0965956868704
123,4052,382196,-84.82996146296114
123,4053,382295,-203.75968893036284
123,4054,382410,-235.28480838712275
123,4055,382498,-198.7125354092716
123,4056,382570,-91.84787937171217
123,4057,382675,-85.13155809188105
123,4058,382732,-139.81617609652648
123,4059,382828,-188.58813548443118
123,4060,382899,-69.738465867722
123,4061,383002,-141.1174330851142
123,4062,383131,-25.168262741985117
123,4063,383232,-138.7043818741451
123,4064,383344,-123.96010141936682
123,4065,383419,-146.39817784961784
123,4066,383505,-101.62803377357568
123,4067,383585,-163.9710304131759
123,4068,383724,-167.10657593642418
123,4069,383820,-220.6027498093547
123,4070,383882,-76.6302694101892
123,4071,383986,-299.28301119782003
123,4072,384084,-170.96423247273617
123,4073,384232,-298.5377317886407
123,4074,384336,-190.92740624118863
123,4075,384465,-36.95235831714412
123,4076,384567,-217.4598730938472
123,4077,384651,-171.27345824016072
123,4078,384742,-400.4881162611843
123,4079,384822,-252.27555822224832
123,4080,384898,-199.8316567171762
123,4081,385003,-376.24806204410294
123,4082,385082,-100.68175668102839
123,4083,385151,-101.20492814950207
123,4084,385255,-352.24060078609557
123,4085,385350,-433.3642809694615
123,4086,385422,-131.08659973483648
123,4087,385553,-369.2913887433802
123,4088,385619,-214.83545966536312
123,4089,385717,-96.94946352198428
123,4090,385783,-95.35422484302282
123,4091,385859,-162.87313578617812
123,4092,385970,-116.19823466180526
123,4093,386058,-232.7228411798787
123,4094,386123,-84.07210930165178
123,4095,386264,-60.469240116469464
123,4096,386329,-73.75700882534896
123,4097,386403,-94.2306469738977
123,4098,386539,-208.10099543352544
123,4099,386625,-217.95802702473975
123,4100,386719,-208.17067471073406
123,4101,386841,-273.0041445862028
123,4102,386957,-184.69270933668867
123,4103,387085,-185.165888923254
123,4104,387170,-145.75235134845343
123,4105,387263,-241.08615828621345
123,4106,387354,-110.50207143337092
123,4107,387422,-58.104241713761624
123,4108,387482,-117.48938298798723
123,4109,387596,-93.90917724773178
123,4110,387672,-114.77219721108827
123,4111,387736,-97.1605118041102
123,4112,387801,-94.47272081786203
123,4113,387867,-157.76782297089412
123,4114,387992,-83.91257765431344
123,4115,388088,-110.60797818971989
123,4116,388181,-385.66937730366385
123,4117,388263,-389.7991533068203
123,4118,388358,-379.00968643040983
123,4119,388498,-240.5271664840557
123,4120,388577,-123.7015137058419
123,4121,388647,-230.80947291206346
123,4122,388729,-124.3731665512089
123,4123,388850,-95.19508977159863
123,4124,388913,-84.96114239632382
123,4125,388978,-230.7223142209135
123,4126,389053,-143.4253136675342
123,4127,389170,-204.2980198194719
123,4128,389315,-138.89076102947513
123,4129,389422,-349.7051938520168
123,4130,389523,-116.65623146089267
123,4131,389650,-77.75764826313873
123,4132,389717,-179.87335882538673
123,4133,389823,-112.95619394625484
123,4134,389944,-277.19741549532944
123,4135,390052,-329.2730275023655
123,4136,390122,-189.92194853918267
123,4137,390231,-259.2601526159116
123,4138,390333,-404.32193457357846
123,4139,390466,-154.85841764250407
123,4140,390580,-138.42412384753692
123,4141,390784,20.642701594662753
123,4142,390897,-81.42539367884173
123,4143,391001,-161.16671099795687
123,4144,391095,-283.6340554095798
123,4145,391191,-150.01645350446208
123,4146,391274,-41.447495634938335
123,4147,391379,-464.00418826637457
123,4148,391511,-338.6199972041454
123,4149,391620,-326.1048233765375
123,4150,391720,-264.65214271415414
123,4151,391809,-414.54412160254594
123,4152,391885,-127.90651672202296
123,4153,391967,-180.76328563711218
123,4154,392076,-24.91063168200982
123,4155,392147,-151.21394414513122
123,4156,392243,-215.48442771560826
123,4157,392324,-99.8352974428863
123,4158,392409,-164.1519083947806
123,4159,392478,-85.39145764369869
123,4160,392554,-53.56693787450849
123,4161,392621,-85.61005236323054
123,4162,392709,-128.48443980481943
123,4163,392819,-221.6925524203545
123,4164,392881,-179.1049137301831
123,4165,392978,-40.63282711484892
123,4166,393092,-215.41892220029936
123,4167,393171,-7.948844516834214
123,4168,393236,-122.19167588842305
123,4169,393306,-73.5452809344586
123,4170,393409,-366.504602521418
123,4171,393540,10.343511744871563
123,4172,393629,-118.1886408575457
123,4173,393728,-120.875126683172
123,4174,393810,-158.49424611881693
123,4175,393971,-351.6691777277813
123,4176,394051,-108.88425795193284
123,4177,394144,-125.83185628795695
123,4178,394230,-164.79724044356846
123,4179,394343,-137.10245420018381
123,4180,394415,-243.51344100875957
123,4181,394506,-306.110633988276
123,4182,394597,-395.6525309958603
123,4183,394728,-563.0442637044093
123,4184,394790,-110.0938515495168
123,4185,394915,-199.85792585384354
123,4186,394985,-67.49660115057512
123,4187,395084,-144.26525686549724
123,4188,395161,-266.6998008732762
123,4189,395278,-80.50837697489919
123,4190,395352,-176.71051433689806
123,4191,395486,-484.6692990257136
123,4192,395552,-130.4630520949869
123,4193,396552,69.74038633265916
123,4194,396675,-474.70484142905616
123,4195,396781,-237.73089365109655
123,4196,396874,-344.0630410584539
123,4197,396953,-127.25551112150228
123,4198,397044,-96.70575138386275
123,4199,397114,-125.92076690698869
123,4200,397213,-314.31368297191705
123,4201,397328,-417.8510639524161
123,4202,397397,-86.26387510076046
123,4203,397476,-87.77260246281408
123,4204,397556,-136.5882603745853
123,4205,397646,-111.70390598273465
123,4206,397717,-82.4868420827346
123,4207,397820,-274.94568152270114
123,4208,397917,-116.6138304080411
123,4209,398036,-199.05666504843236
123,4210,398110,-162.98490006978537
123,4211,398244,-345.4472026541042
123,4212,398305,-146.93418675059323
123,4213,398371,-256.3124925056526
123,4214,398472,-273.135917363241
123,4215,398563,-122.19865972653527
123,4216,398686,-129.33098267267894
123,4217,398786,-364.80482607612095
123,4218,398884,-499.39582051494614
123,4219,398953,-138.3411166972331
123,4220,399023,-173.37547070603745
123,4221,399131,-258.1483732083585
123,4222,399221,34.942734254574844
123,4223,399300,-66.52572192689031
123,4224,399456,-53.90203614285208
123,4225,399573,-115.95164226352718
123,4226,399683,-85.4339785191996
123,4227,399760,-81.2922998785746
123,4228,399863,-45.85197208114369
123,4229,399976,-60.19176070339614
123,4230,400080,-435.634298234128
123,4231,400210,-127.68986972677921
123,4232,400283,-35.048697047423786
123,4233,400374,-328.39109582640765
123,4234,400466,-107.47894377538383
123,4235,400596,-379.0885850263878
123,4236,400689,-357.8499141637273
123,4237,400760,-114.36699735637463
123,4238,400860,-158.01408495544644
123,4239,400940,-166.33840238753663
123,4240,401010,-66.31766679030676
123,4241,401075,-119.67208222755556
123,4242,401136,-105.85510422095925
123,4243,401234,-191.49213113607283
123,4244,401323,-167.85387663559897
123,4245,401417,-304.4667741235851
123,4246,401495,-248.7771500246988
123,4247,401566,-33.49753892471854
123,4248,401694,-199.52618651112004
123,4249,401805,-109.81300740167833
123,4250,401912,-451.96840355097896
123,4251,402010,-324.768354335606
123,4252,402127,-161.43858681678597
123,4253,402221,-233.0418231861833
123,4254,402321,-118.843764187879
123,4255,402450,-305.09112498908075
123,4256,402534,-87.76609862781204
123,4257,402644,-398.09180528371473
123,4258,402757,-110.62224233413724
123,4259,402837,-172.58011561773796
123,4260,402935,-300.9194059985225
123,4261,403026,-207.81839283165678
123,4262,403093,-73.12214149344854
123,4263,403184,-170.18932457072123
123,4264,403285,-329.6326271821606
123,4265,403388,-119.55657504069805
123,4266,403458,-127.97169911664324
123,4267,403582,-141.55857604154085
123,4268,403697,-177.88276363086123
123,4269,403804,-420.8267943673111
123,4270,403907,-219.1456420616321
123,4271,404036,-183.6990002429095
123,4272,404116,-64.36407509819965
123,4273,404190,-67.89859178458823
123,4274,404263,-119.95134284046703
123,4275,404363,-216.66548096629845
123,4276,404448,-320.54997733590875
123,4277,404534,-457.3216507349299
123,4278,404651,-121.28330418353231
123,4279,404758,-410.28689930288994
123,4280,404840,-276.01433563854073
123,4281,404944,-244.51399323614788
123,4282,405111,-52.12429676502831
123,4283,405228,-313.3652929339095
123,4284,405345,-177.41560646980486
123,4285,405446,-192.57802020817303
123,4286,405511,-77.30405059553738
123,4287,405575,-98.5964607239493
123,4288,405708,-142.67881231212138
123,4289,405787,-112.01661368764806
123,4290,405848,-71.50031440846425
123,4291,405947,-138.4930404964607
123,4292,406036,-239.74147091731464
123,4293,406097,-188.50970583743754
123,4294,406204,-364.08749725317944
123,4295,406306,-97.25020683268797
123,4296,406394,-389.4013181464699
123,4297,406464,-102.43723653862867
123,4298,406535,-64.66269020225286
123,4299,406655,-215.58180791229051
123,4300,406740,-95.75576437241584
123,4301,406821,-330.5031616913298
123,4302,406885,-79.74688545625447
123,4303,407001,-189.62095929253096
123,4304,407099,-497.28022408060974
123,4305,407168,-293.80230594128443
123,4306,407253,29.388099680424574
123,4307,407355,-137.51701341044645
123,4308,407468,-76.64206951555096
123,4309,407571,0.8311385688961792
123,4310,407651,-194.41174597070437
123,4311,407747,-110.13386678758562
123,4312,407853,-423.98087285925993
123,4313,407953,-146.68375737625627
123,4314,408053,-336.42835338015107
123,4315,408174,-113.18889314720948
123,4316,408245,-203.5754007540558
123,4317,408324,-127.71113948194565
123,4318,408423,-92.38795191231848
123,4319,408529,-244.4190812994797
123,4320,408627,-361.0194376292935
123,4321,408727,-262.5124737378369
123,4322,408805,-109.66752014155794
123,4323,408903,-227.38003307276205
123,4324,408960,-127.57526452349505
123,4325,409027,-147.11954765630648
123,4326,409147,-118.07542297586383
123,4327,409259,-129.82433700219005
123,4328,409387,-11.21244918163545
123,4329,409456,-50.31256835244855
123,4330,409534,-96.43830107508093
123,4331,409623,-370.9217227957024
123,4332,409736,-293.5001552944626
123,4333,409801,-94.83578557698972
123,4334,409910,-182.8308362496267
123,4335,410007,-110.69112527885824
123,4336,410086,-13.546852671427231
123,4337,410157,-66.16478651813108
123,4338,410238,-117.55151691756929
123,4339,410354,-374.80150040679
123,4340,410423,-176.26845890047935
123,4341,410531,-331.58048445673273
123,4342,410603,-87.09254466017259
123,4343,410719,-85.18808646203706
123,4344,410804,-197.76722795431624
123,4345,410869,-89.83896770593455
123,4346,410962,-5.382103893275456
123,4347,411088,-6.935266329271542
123,4348,411170,-205.9309167787569
123,4349,411234,-112.58528010972748
123,4350,411333,-475.22528435564897
123,4351,411420,-98.27359317515865
123,4352,411521,-100.66606551748322
123,4353,411615,-286.0070108313257
123,4354,411725,-87.25443280968119
123,4355,411811,-307.0566743186256
123,4356,411871,-79.02608556194885
123,4357,412005,-368.2167059222902
123,4358,412063,-122.39512926693828
123,4359,412127,-54.235977567406024
123,4360,412206,-92.82091081945597
123,4361,412275,-77.88511274099478
123,4362,412393,-252.48016897711085
123,4363,412461,-189.44144547964876
123,4364,412586,-209.011495853264
123,4365,412657,-66.9823436488777
123,4366,412722,-69.37282211466392
123,4367,412792,-115.00722276674094
123,4368,412897,-204.5086998173802
123,4369,412968,-132.040484091902
123,4370,413068,-324.9114521607372
123,4371,413205,-240.53887624790457
123,4372,413297,-299.1229283267771
123,4373,413395,-426.2033914243032
123,4374,413482,-82.12432325406539
123,4375,413577,-129.24080831499103
123,4376,413686,-205.62235682809305
123,4377,413749,-75.60757038283765
123,4378,413849,-226.28890181555423
123,4379,413958,-191.0773346501582
123,4380,414049,-288.6304712525414
123,4381,414137,-167.73295432307106
123,4382,414243,9.569771959955645
123,4383,414318,-86.48378620433564
123,4384,414382,-123.55429555971662
123,4385,414448,-56.59881877007798
123,4386,414515,-75.72450511373964
123,4387,414597,-97.0610983907511
123,4388,414683,-75.25637529841613
123,4389,414749,-132.04393958426522
123,4390,414830,-243.39047444316353
123,4391,414928,-228.13877204412898
123,4392,415030,-448.98827867256796
123,4393,415129,-468.6153998399868
123,4394,415205,-105.81948740412271
123,4395,415308,-408.1424952441944
123,4396,415386,-218.17996592485633
123,4397,415442,-105.35552582078485
123,4398,415588,-112.03760539676752
123,4399,415678,-144.54134617620673
123,4400,415747,-89.11201238299003
123,4401,415809,-99.38972372017079
123,4402,415911,-309.1535514592798
123,4403,415984,-75.73027133515706
123,4404,416055,-218.88240382722853
123,4405,416121,-121.44629189074689
123,4406,416234,-370.09599434624516
123,4407,416325,17.393153804918256
123,4408,416411,-156.39029444225213
123,4409,416501,-132.07883164636843
123,4410,416610,-241.7499650151246
123,4411,416708,-257.99369447455217
123,4412,416786,-105.0563212743504
123,4413,416865,-272.4206797827708
123,4414,416980,-135.5402947612281
123,4415,417084,-223.3856887192067
123,4416,417169,-99.59283111030102
123,4417,417245,-91.90734883701387
123,4418,417361,-188.28025474970036
123,4419,417433,-68.72756158048205
123,4420,417502,-126.50477164454271
123,4421,417659,-73.14790046473483
123,4422,417747,-84.12126383155268
123,4423,417807,-234.93185116683605
123,4424,417888,-171.74818868506165
123,4425,418021,-543.5709188436401
123,4426,418102,-210.45000974856364
123,4427,418196,-139.70768431931631
123,4428,418290,-329.115654583892
123,4429,418366,-267.039634831766
123,4430,418474,-380.0989116386554
123,4431,418594,-96.29493561597342
123,4432,418719,-157.17763855586827
123,4433,418821,-105.22849749343021
123,4434,418904,-51.049382016238106
123,4435,418982,-90.48871502862049
123,4436,419121,-134.10587909847118
123,4437,419239,-264.005127418766
123,4438,419334,-124.89491717887721
123,4439,419455,-155.53064551906698
123,4440,419523,-77.83466308872427
123,4441,419612,-112.1749757163636
123,4442,419708,-19.335718147966574
123,4443,419820,-90.21797126040519
123,4444,419946,-250.44244963223358
123,4445,420037,-134.67888327217614
123,4446,420100,-107.74715335751543
123,4447,420191,-119.88092885469406
123,4448,420322,-119.89223547850486
123,4449,420421,-121.42638972789398
123,4450,420488,-168.95330468909265
123,4451,420589,-172.53986340525637
123,4452,420658,-129.59746253143106
123,4453,420745,-246.3415726474191
123,4454,420827,-138.06818044107587
123,4455,420924,-262.31748500910976
123,4456,420994,-39.1109157092376
123,4457,421088,-209.24526829967868
123,4458,421191,-273.9581093318021
123,4459,421285,-244.2703260782331
123,4460,421368,-204.9599302738645
123,4461,421444,-243.12211193639794
123,4462,421551,-204.38284364292076
123,4463,421642,-322.07260577460585
123,4464,421733,-164.506876279275
123,4465,421839,-311.34021668889216
123,4466,421924,-108.33806316431505
123,4467,421989,-94.70586530656435
123,4468,422054,-111.10665607880136
123,4469,422175,-278.19834781594113
123,4470,422249,-93.67259812223497
123,4471,422340,-356.49625246570474
123,4472,422458,-186.90138379556478
123,4473,422526,-100.22808689591699
123,4474,422642,-192.9664309794913
123,4475,422720,-252.97807792194567
123,4476,422793,-86.10958727740734
123,4477,422852,-195.9872682775773
123,4478,422910,-114.6780252733765
123,4479,422994,-142.5078611653064
123,4480,423111,-135.85924387244276
123,4481,423211,-125.30615678192527
123,4482,423347,-234.00694496547675
123,4483,423468,-399.3093007474307
123,4484,423525,-88.21799863443684
123,4485,423618,-382.7093644694056
123,4486,423711,-280.87839918455165
123,4487,423839,-203.7502506538181
123,4488,423908,-96.06876100772662
123,4489,423978,-93.1961124070693
123,4490,424035,-173.78447703688795
123,4491,424135,-17.37804768002168
123,4492,424238,-133.33240853136374
123,4493,424319,-425.03499134900574
123,4494,424402,-132.4843271153092
123,4495,424498,-138.11381068904623
123,4496,424571,-85.80741110337573
123,4497,424640,-274.93068654261816
123,4498,424707,-84.53022703896372
123,4499,424800,-149.86238461435067
123,4500,424929,-320.55056405208984
123,4501,425030,-220.735322837031
123,4502,425131,-57.27671392492583
123,4503,425231,-82.72319719565138
123,4504,425318,-366.44710978773577
123,4505,425421,-137.4328945832805
123,4506,425520,-104.65039739936614
123,4507,425604,-163.80001487638737
123,4508,425738,-96.19808373853168
123,4509,425871,-167.3573241972464
123,4510,425982,-206.00461138328598
123,4511,426074,-126.738383369589
123,4512,426154,-166.4454077017221
123,4513,426230,-87.82642304725113
123,4514,426303,-85.58600314560519
123,4515,426377,-165.06461024032342
123,4516,426500,-286.15331614347133
123,4517,426589,-464.5966686291576
123,4518,426698,-262.7435738259745
123,4519,426828,-206.82614217345377
123,4520,426890,-46.50269776274044
123,4521,426982,-12.275933354525108
123,4522,427088,-210.85803087546898
123,4523,427195,-114.70488427701227
123,4524,427298,-145.83914820638375
123,4525,427378,-85.5279567706586
123,4526,427443,-73.9335995777007
123,4527,427509,-97.38706209131023
123,4528,427622,-152.5582307583341
123,4529,427689,-255.40451319192803
123,4530,427768,-119.78351330606802
123,4531,427903,-79.19007841579179
123,4532,428004,-173.8779710510177
123,4533,428073,-170.89893528497964
123,4534,428159,-199.28659378897498
123,4535,428245,-97.90442830734582
123,4536,428366,-102.27619680812505
123,4537,428484,-83.05608696595445
123,4538,428567,-196.39533127969318
123,4539,428650,-286.44326620476636
123,4540,428715,-56.68412096013829
123,4541,428853,-113.60522827103777
123,4542,428950,-286.068360059714
123,4543,429036,-392.70086467914297
123,4544,429107,-69.0408049841283
123,4545,429185,-180.46326532816647
123,4546,429283,-168.28641182033616
123,4547,429362,-106.16568780315373
123,4548,429495,-373.7447356565396
123,4549,429568,-183.78668879444217
123,4550,429645,-245.48766538438133
123,4551,429744,-145.3066477846906
123,4552,429854,-134.36284772754564
123,4553,429909,-91.39620323152383
123,4554,430010,-276.106270055188
123,4555,430128,-425.9472596715423
123,4556,430199,-120.03176579228428
123,4557,430305,-44.94596554245187
123,4558,430379,-119.99877864928148
123,4559,430450,-62.13211366627996
123,4560,430570,-176.74303967689386
123,4561,430638,-61.05012789893709
123,4562,430767,-352.2691444174011
123,4563,430841,-124.84214902628811
123,4564,430930,-203.86816380321847
123,4565,430997,-98.0973652807992
123,4566,431069,-132.40426415809048
123,4567,431163,-59.305497562092015
123,4568,431272,-426.74275607866434
123,4569,431380,-331.50211404177463
123,4570,431454,-130.6081728405746
123,4571,431548,-392.27573876025133
123,4572,431637,-106.32698436412474
123,4573,431726,-106.61793062482968
123,4574,431842,-252.66628319918044
123,4575,431932,-280.9277177883704
123,4576,432000,-274.2404309910452
123,4577,432101,-231.71556185791292
123,4578,432189,-201.48495268347648
123,4579,432320,-94.59278656906305
123,4580,432395,-112.90545547991232
123,4581,432480,-125.6947376734827
123,4582,432573,-139.3904177512726
123,4583,432672,-50.67427363605755
123,4584,432749,-70.67425990358475
123,4585,432907,-351.20583166469805
123,4586,432984,-161.82410407784957
123,4587,433043,-119.41019036120473
123,4588,433158,-12.8799695681668
123,4589,433233,-96.49414955734544
123,4590,433347,-307.8889869836911
123,4591,433439,-194.12145738510432
123,4592,433509,-51.65306403791659
123,4593,433581,-159.77170630436
123,4594,433715,-95.77521809032169
123,4595,433804,-317.85507681027144
123,4596,433920,-322.83998465570374
123,4597,433999,-330.5052537320603
123,4598,434073,-109.32227588220046
123,4599,434152,-106.71200331942109
123,4600,434223,-63.888537926596086
123,4601,434306,-305.96601536679566
123,4602,434387,-213.42643325470686
123,4603,434519,-339.388564473482
123,4604,434607,-98.77987852306657
123,4605,434725,-293.8805004310914
123,4606,434866,-77.62816286144623
123,4607,434985,-271.3312357195398
123,4608,435055,-108.9887512180411
123,4609,435158,-71.75066919129421
123,4610,435231,-82.61391553053078
123,4611,435322,-238.80490911160032
123,4612,435439,-423.5605483556738
123,4613,435585,-181.01825677425063
123,4614,435677,-205.17935507001488
123,4615,435753,-96.21353758963274
123,4616,435825,-81.91856306924234
123,4617,435883,-91.57666379396159
123,4618,436018,-61.42256886650718
123,4619,436079,-112.19376906399904
123,4620,436168,-247.20535942928208
123,4621,436230,-157.49803212820729
123,4622,436298,-137.31487611401985
123,4623,436417,-219.72389284452782
123,4624,436491,-99.98607443791244
123,4625,436612,-10.081368038519685
123,4626,436728,-198.56068503424223
123,4627,436808,-118.15592773995165
123,4628,436932,-270.62802123234394
123,4629,436999,-112.73243214022048
123,4630,437059,-176.71415414917038
123,4631,437152,-134.48836448181368
123,4632,437258,-212.4780217899698
123,4633,437348,-11.789596509921395
123,4634,437455,-458.91252220088927
123,4635,437519,-181.00171249531343
123,4636,437583,-88.56927390988146
123,4637,437683,-161.8692277416021
123,4638,437753,-109.83219897131492
123,4639,437887,-219.21474207039734
123,4640,437960,-68.30542731730137
123,4641,438058,-275.4643869927331
123,4642,438136,19.06606479500155
123,4643,438225,-199.89574410128816
123,4644,438297,-152.9049311831073
123,4645,438408,-274.9601317991119
123,4646,438482,-112.1860809659236
123,4647,438561,-112.79549120327619
123,4648,438643,-69.4141533302693
123,4649,438775,-310.13608365646724
123,4650,438866,-137.39853408057348
123,4651,438988,-88.94358799355392
123,4652,439087,-376.13588269678695
123,4653,439178,-263.9753573913298
123,4654,439255,-105.92159442479687
123,4655,439318,-121.82208686913351
123,4656,439411,-93.33296847647563
123,4657,439492,-66.65408940881338
123,4658,439589,-347.2289447198152
123,4659,439675,-350.8331419018731
123,4660,439784,-249.21565701934142
123,4661,439864,-134.23944657248467
123,4662,439985,-224.0842492192093
123,4663,440062,-96.5669060695656
123,4664,440132,-61.9945128881219
123,4665,440216,-70.9515823031209
123,4666,440280,-96.66295726944296
123,4667,440356,-83.12154365644446
123,4668,440433,-115.29912151340052
123,4669,440562,-67.93032172515728
123,4670,440655,-423.26900396414294
123,4671,440768,-201.0507523888279
123,4672,440847,-113.66320252325755
123,4673,440969,-109.18062846208161
123,4674,441068,-483.49414367520126
123,4675,441148,-43.882605124327526
123,4676,441277,-25.58906873153876
123,4677,441342,-111.23706723164838
123,4678,441451,-295.9829384509818
123,4679,441557,-341.1885929305512
123,4680,441655,-90.64233170963897
123,4681,441728,-179.0580267873998
123,4682,441827,-234.97215687010657
123,4683,441921,-138.34083243678083
123,4684,442004,-397.5661770289467
123,4685,442125,-178.93183237334597
123,4686,442240,-141.68823714955047
123,4687,442353,-161.56224808732517
123,4688,442431,-328.6506361172935
123,4689,442534,-142.62659710107437
123,4690,442630,-210.72975228467487
123,4691,442739,-189.30386279189773
123,4692,442808,-264.02517960925854
123,4693,442923,-163.60812775961625
123,4694,443006,-206.07143257925281
123,4695,443068,-120.62831862550212
123,4696,443204,-302.3765767418072
123,4697,443333,-71.0175258548166
123,4698,443427,-235.81547540570008
123,4699,443518,-105.26382175446557
123,4700,443604,-105.59467981871802
123,4701,443671,-196.42467780149227
123,4702,443768,-122.384209892174
123,4703,443882,-207.25660420230793
123,4704,443994,-270.6025557647708
123,4705,444066,-91.4883722834075
123,4706,444172,-365.05416466107886
123,4707,444294,-134.83119210676205
123,4708,444369,-75.14537180169073
123,4709,444444,-7.419433024557421
123,4710,444512,-102.38989834917209
123,4711,444634,-93.19635137765185
123,4712,444736,-209.74746798433284
123,4713,444799,-95.10735934729207
123,4714,444873,-199.94807855756528
123,4715,444940,-148.93337899211252
123,4716,445004,-83.44242365735792
123,4717,445078,-113.04488275623174
123,4718,445196,-227.5415423559507
123,4719,445286,-101.50801405756988
123,4720,445365,-196.1839459867931
123,4721,445484,-292.8612607821618
123,4722,445552,-185.4452377518983
123,4723,445625,-115.71834077866458
123,4724,445701,-174.89249753260287
123,4725,445778,-351.6456017454519
123,4726,445885,-382.68959318152525
123,4727,445973,-384.86652781751786
123,4728,446047,-115.94323782432024
123,4729,446152,-116.3760627442815
123,4730,446230,-243.34221078066318
123,4731,446323,-166.82868283824075
123,4732,446429,-193.37826755902233
123,4733,446528,-139.8037385668735
123,4734,446643,-121.17652377963944
123,4735,446734,-291.6404477329137
123,4736,446853,-167.45615682218138
123,4737,446938,-416.80126268210705
123,4738,447059,-215.8705236772188
123,4739,447144,-409.4998659688331
123,4740,447260,-385.1310179876702
123,4741,447349,-95.77734771694986
123,4742,447453,-380.97706742668964
123,4743,447513,-111.95274552522463
123,4744,447616,-99.70259052066969
123,4745,447701,-40.58425413686924
123,4746,447808,-120.0211865465406
123,4747,447923,-135.87703843403776
123,4748,448011,-47.049229723819536
123,4749,448114,-287.2624822333098
123,4750,448204,-252.51084584030113
123,4751,448274,-106.41536408700495
123,4752,448394,-267.84875762158293
123,4753,448505,-427.85302954133977
123,4754,448591,-196.14566447646826
123,4755,448654,-80.51673999413346
123,4756,448748,-183.31721176117944
123,4757,448830,-273.8768571021569
123,4758,448902,-72.94555683991439
123,4759,448999,-131.58768010917464
123,4760,449100,-244.99553610783485
123,4761,449165,-97.53073581001514
123,4762,449235,-44.48768136998869
123,4763,449294,-89.00693721604965
123,4764,449377,-266.25041989068376
123,4765,449464,-108.66281145474215
123,4766,449569,-295.7746790670617
123,4767,449675,-341.69745471384977
123,4768,449735,-74.7672109382608
123,4769,449817,-97.45194245928317
123,4770,449940,-274.3004642326392
123,4771,450046,-118.10134982988146
123,4772,450144,-116.13845388219345
123,4773,450210,-142.1098473201462
123,4774,450321,-265.5309304869708
123,4775,450403,-115.1046144206455
123,4776,450483,-115.5250856406483
123,4777,450594,-511.49640148414073
123,4778,450651,-232.44081801016551
123,4779,450727,-49.878460806067096
123,4780,450840,-178.82042503881715
123,4781,450919,-343.9325851115897
123,4782,451102,-233.5759692414625
123,4783,451206,-178.80531250551667
123,4784,451307,-517.057804060542
123,4785,451393,-114.60513272385701
123,4786,451468,-96.35498863175887
123,4787,451542,-140.8095137994461
123,4788,451658,-313.31197930404636
123,4789,451741,-129.47989144830638
123,4790,451832,-255.81373945439495
123,4791,451948,-261.0803960056262
123,4792,452065,-393.49176890411604
123,4793,452130,-109.92418885446551
123,4794,452202,-166.81780259544672
123,4795,452295,-201.13467475267402
123,4796,452391,-373.3832227498872
123,4797,452460,-117.44876322948124
123,4798,452524,-148.4658592046366
123,4799,452590,-90.78915892539821
123,4800,452669,-108.8189712711444
123,4801,452812,-74.52190817690953
123,4802,452893,-104.76545875630777
123,4803,453038,-410.4508339208284
123,4804,453186,-93.8202431939598
123,4805,453301,-391.5383793165978
123,4806,453388,-320.4132133461047
123,4807,453491,-143.99666268091153
123,4808,453606,-374.0117766626446
123,4809,453671,-88.49585276938213
123,4810,453759,-134.97441838809652
123,4811,453835,-241.86149614390095
123,4812,453915,-169.00329965061673
123,4813,454000,-102.49627634714864
123,4814,454127,-184.7138616096065
123,4815,454221,-302.07940758308064
123,4816,454298,-106.06344626225619
123,4817,454410,-396.1537136684636
123,4818,454491,-95.55331993960553
123,4819,454559,-74.5574334216657
123,4820,454677,-500.1488800483818
123,4821,454790,-233.5731397743944
123,4822,454906,-180.84315200933918
123,4823,455003,-193.98853379242234
123,4824,455081,-245.0221968683979
123,4825,455162,-143.21963764763026
123,4826,455273,-129.41160268086648
123,4827,455356,-288.7511609719643
123,4828,455443,-99.23108397735126
123,4829,455555,-142.11346595103453
123,4830,455674,-103.10385787172127
123,4831,455816,-44.67196285117959
123,4832,455912,-80.09581537209661
123,4833,455981,-146.80105242666065
123,4834,456055,-179.91644961149098
123,4835,456185,-273.4266142000411
123,4836,456253,-69.02927005949523
123,4837,456325,-151.84390864246956
123,4838,456452,-205.6552833629322
123,4839,456524,-226.1417411527384
123,4840,456601,-218.59007765520195
123,4841,456667,-66.03511572610378
123,4842,456733,-86.71398462332019
123,4843,456857,-304.1969941481535
123,4844,456957,-117.00743812033613
123,4845,457029,-221.24964353610966
123,4846,457157,-307.5256661345561
123,4847,457234,-82.60945253007154
123,4848,457305,-87.48297299727531
123,4849,457393,-278.63905214511516
123,4850,457508,-264.6425673928045
123,4851,457626,-236.77023716970837
123,4852,457710,-71.47395360672292
123,4853,457783,-294.80504575290456
123,4854,457864,-216.65723711216225
123,4855,457925,-67.11069637115004
123,4856,458029,-366.79958847882114
123,4857,458120,-109.87925886795217
123,4858,458226,-210.91988926168574
123,4859,458365,-335.72993202329786
123,4860,458431,-57.502025108406144
123,4861,458519,-141.21881411239727
123,4862,458632,-247.7252120939254
123,4863,458726,-135.72507521273468
123,4864,458826,-144.43718133077311
123,4865,458958,-357.48180769243396
123,4866,459062,-106.00562057177846
123,4867,459160,-323.50443185662107
123,4868,459264,-284.41851712841174
123,4869,459397,-323.5072796063332
123,4870,459487,-131.66782032552106
123,4871,459573,-111.45641224194986
123,4872,459648,-81.59859391047102
123,4873,459751,-46.8608642980534
123,4874,459856,-465.72358908980334
123,4875,459971,-46.18358145439311
123,4876,460097,-304.6142031558236
123,4877,460214,-260.5343917229021
123,4878,460329,-342.9548882650448
123,4879,460442,-73.06232771390091
123,4880,460505,-73.99208594293863
123,4881,460592,-156.78241009101816
123,4882,460659,-169.86330560875993
123,4883,460751,-456.7842686117684
123,4884,460818,-129.82318512818597
123,4885,460900,-118.23812445823076
123,4886,460990,-131.52065529186694
123,4887,461060,-104.7947641384339
123,4888,461141,-273.1644734459972
123,4889,461264,-128.1857633005996
123,4890,461340,-134.12340896271746
123,4891,461437,-102.44535728379748
123,4892,461516,-104.1822989160984
123,4893,461599,-376.2083230290033
123,4894,461727,-274.6693202027037
123,4895,461835,-130.82708424780077
123,4896,461944,-99.88026984661842
123,4897,462023,-65.14227906144296
123,4898,462168,-91.81274701517137
123,4899,462238,-211.46002326426185
123,4900,462309,-130.76918428484763
123,4901,462379,-260.61534016134203
123,4902,462481,-314.55444690808315
123,4903,462565,-82.89069292465561
123,4904,462662,-261.8937834234901
123,4905,462759,-107.53272852163948
123,4906,462859,-140.69279442383265
123,4907,462954,-252.34106952594837
123,4908,463047,-117.32033022168108
123,4909,463114,-150.32168714158954
123,4910,463229,-330.143020566029
123,4911,463309,-223.8156786566488
123,4912,463442,-271.4630355262386
123,4913,463533,-104.50705398735829
123,4914,463664,-104.6523771824917
123,4915,463760,-220.8231526933227
123,4916,463854,-259.38787647751076
123,4917,463934,-117.37468357474255
123,4918,464021,-294.3581891624641
123,4919,464143,-581.6643666342138
123,4920,464275,-81.2174030052324
123,4921,464340,-220.02283107149435
123,4922,464427,-259.6334886256691
123,4923,464489,-90.82648805050488
123,4924,464586,-11.747423288639794
123,4925,464659,-156.8288239068161
123,4926,464767,-405.1855342599096
123,4927,464868,-79.10512733203292
123,4928,464987,-111.69567623275788
123,4929,465113,-203.74263060940802
123,4930,465205,-390.7980458729653
123,4931,465279,-121.75039223573437
123,4932,465384,-102.12976370826111
123,4933,465491,-111.13971254873401
123,4934,465561,-243.97327735043706
123,4935,465673,-99.50361811356572
123,4936,465739,-142.06021540087136
123,4937,465857,-373.5473373284184
123,4938,465968,-446.70268711324707
123,4939,466154,-190.8610298386284
123,4940,466239,-264.1340822013651
123,4941,466302,-74.41059782780023
123,4942,466386,-124.32801797988758
123,4943,466460,-101.58685100931083
123,4944,466566,-294.1205135427481
123,4945,466671,-215.6854359308245
123,4946,466754,-405.54268344365005
123,4947,466832,-99.55576923401432
123,4948,466922,-158.8490699217852
123,4949,467035,-191.76817950747014
123,4950,467137,-322.90480694169923
123,4951,467235,-349.18064780591953
123,4952,467369,-314.08207457177184
123,4953,467452,-138.65163311386308
123,4954,467528,28.485332223696247
123,4955,467627,-277.8865361817266
123,4956,467712,-135.22017619351016
123,4957,467844,-59.125463588759814
123,4958,467912,-155.8804553936991
123,4959,468007,-385.8757712998963
123,4960,468094,-223.26984866132733
123,4961,468172,-112.43381053552963
123,4962,468290,-223.13497829699594
123,4963,468367,-107.61581235914477
123,4964,468439,-120.50403226959179
123,4965,468551,-274.56714719030396
123,4966,468656,-378.00500301703346
123,4967,468736,-105.58062712288849
123,4968,468825,-214.12403028678654
123,4969,468933,-51.84573783641813
123,4970,469010,-190.83820065175115
123,4971,469111,-237.30092805380312
123,4972,469206,-328.6548073234513
123,4973,469284,-195.89135535689968
123,4974,469416,-259.9629617809694
123,4975,469532,-69.4610383023543
123,4976,469628,-12.145991181681339
123,4977,469700,-89.80229903837719
123,4978,469769,-105.62811240599922
123,4979,469895,-211.4753598816899
123,4980,469971,-130.32624430645407
123,4981,470069,-37.866632881741225
123,4982,470152,-133.235555415315
123,4983,470254,-145.9359292299142
123,4984,470315,-90.67592364650402
123,4985,470447,-67.33490939600392
123,4986,470545,-87.19768640214352
123,4987,470640,-85.51661490410649
123,4988,470711,-97.84653535950332
123,4989,470785,-274.95350517461065
123,4990,470889,-121.48249876151786
123,4991,470982,-450.9787540954053
123,4992,471096,-243.55127396861926
123,4993,471194,-382.85232276018917
123,4994,471313,-378.7002299482335
123,4995,471436,-114.63705207453863
123,4996,471574,-237.13414498508712
123,4997,471696,-220.40250651776725
123,4998,471759,-221.91648664310082
123,4999,471829,-113.9992034494056
123,5000,471971,-89.39301428076196
123,5001,472055,-155.0338257735717
123,5002,472157,-72.80198883601524
123,5003,473157,80.2152281542362
123,5004,473281,-167.751322181663
123,5005,473405,-331.66987830412495
123,5006,473487,-128.33630384040268
123,5007,473582,-138.61479456877288
123,5008,473659,-115.93956085037482
123,5009,473757,-82.7205221737709
123,5010,473886,-373.26417935518595
123,5011,473968,-325.003997195082
123,5012,474082,-139.73041159248191
123,5013,474149,-178.81590517458505
123,5014,474259,-65.52584801910552
123,5015,474333,-105.60490819448624
123,5016,474394,-78.36763537576863
123,5017,474470,-139.44066049303535
123,5018,474548,-177.8980779284102
123,5019,474659,-175.64892433445226
123,5020,474816,-351.8887654264398
123,5021,474897,-133.7301125802586
123,5022,475000,-200.59689621825737
123,5023,475079,-102.31497635695548
123,5024,475187,-213.88285407530714
123,5025,475269,-85.93708053464388
123,5026,475334,-122.7500080635758
123,5027,475438,-90.10009491475216
123,5028,475513,-267.52799735992073
123,5029,475594,-218.55206555560602
123,5030,475712,-121.20585135685128
123,5031,475811,-189.66448935899652
123,5032,475880,-172.07032194380116
123,5033,475974,-230.39843873679456
123,5034,476087,-367.7616557062617
123,5035,476201,-426.105583694236
123,5036,476278,-284.0701231447092
123,5037,476373,-126.22895212930831
123,5038,476466,-132.66524424685093
123,5039,476576,-92.62443249823961
123,5040,476635,-117.08577908860532
123,5041,476712,-54.1130222812491
123,5042,476806,-230.6758745569048
123,5043,476885,-130.8032396119768
123,5044,476980,-15.933509840118646
123,5045,477093,-146.5514575308597
123,5046,477205,-334.1873264352006
123,5047,477303,-136.84492875801448
123,5048,477400,-244.86170204207707
123,5049,477469,-155.32626937912065
123,5050,477591,-260.7490771383222
123,5051,477680,-342.2645277225383
123,5052,477764,-144.5082445807398
123,5053,477829,-91.80400404694515
123,5054,477917,-237.08320294079167
123,5055,478003,-183.81249088228122
123,5056,478128,-121.58791933518908
123,5057,478206,-74.57473157121885
123,5058,478269,-143.31973863380657
123,5059,478380,9.235401669119383
123,5060,478507,-296.3637905196536
123,5061,478617,-34.33011037033857
123,5062,478698,-173.45850543788384
123,5063,478827,-499.84488428453994
123,5064,478960,-203.97267093489793
123,5065,479026,-269.53054893966635
123,5066,479098,-164.41901533303547
123,5067,479166,-249.35859121977404
123,5068,479266,-146.11334544692542
123,5069,479355,-351.5571195798698
123,5070,479459,-80.82344397238606
123,5071,479565,-292.1283852993314
123,5072,479665,-285.9094613842414
123,5073,479757,-205.63378251731737
123,5074,479836,-44.90660874124406
123,5075,479915,-215.42811861727193
123,5076,480005,-224.90413566687425
123,5077,480102,-212.3420549427376
123,5078,480199,-148.64478989393416
123,5079,480280,-139.03703523171612
123,5080,480344,-86.35387780490879
123,5081,480424,-79.45531465555202
123,5082,480499,-235.72857717034572
123,5083,480572,-85.08073125678646
123,5084,480678,-467.184448386312
123,5085,480784,-307.7508441842458
123,5086,480857,-190.2652849111803
123,5087,480967,-274.28461914927686
123,5088,481069,-32.070467593344134
123,5089,481222,-299.82092385651333
123,5090,481309,-283.42049854148604
123,5091,481438,-48.217430133330794
123,5092,481520,-511.3239507448035
123,5093,481584,-124.94088616186336
123,5094,481651,-241.31936094007253
123,5095,481737,-103.76738891530765
123,5096,481820,-117.3419393258705
123,5097,481898,-117.29522871026086
123,5098,482035,-157.82304826905767
123,5099,482168,-219.8899338199464
123,5100,482244,-116.28899129301462
123,5101,482332,-235.41391773512842
123,5102,482406,-245.14839396837883
123,5103,482476,-89.64330734059871
123,5104,482595,-246.68343320398452
123,5105,482716,-85.33691356492069
123,5106,482809,-315.34512266447723
123,5107,482910,-132.47092930865816
123,5108,482986,-124.86871136251663
123,5109,483104,-107.58245551860077
123,5110,483194,-207.97600055070058
123,5111,483275,-325.5977984652184
123,5112,483355,-261.64612394048197
123,5113,483459,-77.94800270011363
123,5114,483580,-164.52694016795334
123,5115,483658,-232.90818023098532
123,5116,483761,-106.55021871878033
123,5117,483860,-140.26137996467244
123,5118,483932,-281.83063266056774
123,5119,483999,-70.26404676344157
123,5120,484104,-121.2186183050058
123,5121,484212,-267.8846088052971
123,5122,484316,-144.94891113324115
123,5123,484401,-99.57317199207489
123,5124,484484,-230.91836901973056
123,5125,484548,-68.511875861029
123,5126,484659,-148.6177434937835
123,5127,484761,-276.67680905683426
123,5128,484869,-319.5367000201036
123,5129,484981,-117.1328134055533
123,5130,485048,-45.83700218628793
123,5131,485117,-59.105550184320364
123,5132,485219,-353.65820840084217
123,5133,485337,-5.7932002048047195
123,5134,485455,-210.8684035211431
123,5135,485520,-256.2145602342671
123,5136,485593,-99.77362452141622
123,5137,485743,-480.8503906207091
123,5138,485839,-165.54019573212247
123,5139,485942,-191.6480457975103
123,5140,486016,-91.71566136857925
123,5141,486108,-173.50652000707964
123,5142,486207,-287.4942685181917
123,5143,486289,-87.70342195689848
123,5144,486371,-161.80851680317022
123,5145,486491,-94.5528703610453
123,5146,486594,-267.49153724372604
123,5147,486686,-364.027035418087
123,5148,486794,-352.87624641367296
123,5149,486899,-473.13130770459674
123,5150,487000,-133.56816460317665
123,5151,487096,-84.25514754134521
123,5152,487180,37.07044903980534
123,5153,487281,-413.2332474275428
123,5154,487413,-123.21310471433549
123,5155,487505,-190.21468153725812
123,5156,487585,-216.0882660033447
123,5157,488585,116.44038786513225
123,5158,488663,-327.91060338094496
123,5159,488739,-322.30788752721327
123,5160,488853,-370.25199464345104
123,5161,488959,-214.55693911911402
123,5162,489078,-159.96561502883384
123,5163,489159,19.149049906307027
123,5164,489228,-108.98631287733518
123,5165,489307,-140.01562278373618
123,5166,489435,-177.2661024216389
123,5167,489539,-42.09530826688206
123,5168,489617,-114.86068560330172
123,5169,489718,-117.76691828749983
123,5170,489820,-370.3244797278291
123,5171,489880,-54.377412995505686
123,5172,489951,-182.54222501829776
123,5173,490022,-114.31462849062856
123,5174,490116,-114.3182899110133
123,5175,490192,-146.25355801311517
123,5176,490323,-104.00998828646547
123,5177,490387,-78.53303600055511
123,5178,490447,-89.00843484505042
123,5179,490541,-142.8408870545919
123,5180,490634,-339.42269222832726
123,5181,490703,-107.20274849719104
123,5182,490767,-148.97338622893668
123,5183,490852,-47.74710935050096
123,5184,490972,-12.306758589452471
123,5185,491092,-220.3978972489024
123,5186,491181,-266.0979135821684
123,5187,491281,-36.04227175071142
123,5188,491358,-361.76325516929955
123,5189,491449,-103.9347093647576
123,5190,491550,-96.01555465981997
123,5191,491664,-326.45582965241715
123,5192,491776,-270.3086883617867
123,5193,491865,-206.41156054344523
123,5194,491925,-106.54814091969972
123,5195,492011,-1.287722417284499
123,5196,492081,-83.88928959765252
123,5197,492180,-93.33137891120293
123,5198,492245,-84.70448556055618
123,5199,492311,-77.41969774394225
123,5200,492461,-173.63128441785454
123,5201,492531,-124.9250166802367
123,5202,492621,-105.85582479282039
123,5203,492726,-201.31469418654785
123,5204,492824,-136.71512950402013
123,5205,492929,-311.971649519729
123,5206,493001,-266.77080186521505
123,5207,493081,-123.17666375632729
123,5208,493153,-95.08163285890258
123,5209,493246,-93.38779663034457
123,5210,493316,-87.44967983189157
123,5211,493387,-224.69473726733597
123,5212,493455,-175.25972713392866
123,5213,493520,-107.47483699376781
123,5214,493651,-129.0254853077558
123,5215,493758,-167.81894264144415
123,5216,493825,-230.21096275236198
123,5217,493901,-247.91054452305664
123,5218,493967,-110.17695592456334
123,5219,494053,-351.9856929053117
123,5220,494160,-243.93060278237226
123,5221,494256,-160.21207715225893
123,5222,494350,-252.244680423931
123,5223,494472,-255.28415350759718
123,5224,494537,-109.88732839908981
123,5225,494599,-203.83602083578208
123,5226,494686,-150.77605065756342
123,5227,494775,-88.48038381662734
123,5228,494867,-110.8882915764137
123,5229,494944,-323.4603120841166
123,5230,495046,-238.89649166112247
123,5231,495124,-90.12869353059236
123,5232,495202,-140.09288243288256
123,5233,495278,-139.6286971619139
123,5234,495398,-134.28104396742057
123,5235,495496,5.327205398163343
123,5236,495562,-73.45102704817457
123,5237,495674,-204.62311817865213
123,5238,495789,-252.40508995232625
123,5239,495859,-283.9404873956656
123,5240,495937,-152.1139098643672
123,5241,496048,-188.21503367758044
123,5242,496150,-338.2003632772768
123,5243,496227,-252.52727516490475
123,5244,496343,-274.30534992187006
123,5245,496440,-301.48030713980233
123,5246,496540,-81.19691151621122
123,5247,496682,-347.11642375762665
123,5248,496751,-64.7266725634044
123,5249,496849,-23.361634742354127
123,5250,496988,-199.93779803738585
123,5251,497062,-137.51619511029998
123,5252,497167,-243.94290343096395
123,5253,497266,-121.04482869446298
123,5254,497350,-323.43346571445517
123,5255,497462,-456.1925744832612
123,5256,497557,-349.87692828519056
123,5257,497689,-89.33508685402983
123,5258,497785,-116.70483343434285
123,5259,497861,-150.1522861551266
123,5260,497928,-80.74723012165909
123,5261,498035,-242.91314834301008
123,5262,498131,-88.470238916316
123,5263,498196,-66.898514139133
123,5264,498342,-112.9912856490519
123,5265,498413,-188.98268295953085
123,5266,498475,-117.54769396641791
123,5267,498607,-60.07772044848657
123,5268,498707,-154.78088952027096
123,5269,498783,-347.2481423520629
123,5270,498898,-347.35991570977194
123,5271,498974,-191.66683214287914
123,5272,499112,-216.43700222905744
123,5273,499175,-142.17098383913736
123,5274,499275,-88.14881170400062
123,5275,499376,-133.8881201113752
123,5276,499464,-445.48526345829794
123,5277,499568,-352.37867629555706
123,5278,499637,-133.57784617695336
123,5279,499730,-87.91011216609681
123,5280,499793,-231.99774922188496
123,5281,499892,-202.1968026172006
123,5282,499953,-168.1213605537977
123,5283,500057,-299.4203437001206
