seed,episode,total_steps,return
777,1,107,-104.08521517773993
777,2,197,-207.1225320559695
777,3,290,-316.43483102138384
777,4,385,-99.28450459044878
777,5,493,-264.73668804641517
777,6,600,-90.39057697384693
777,7,749,-127.68187072173721
777,8,871,-354.1404263509463
777,9,979,-207.6736736838276
777,10,1059,-94.78520963202396
777,11,1139,-139.00349734992764
777,12,1267,-110.58049485059674
777,13,1365,-141.43360393320097
777,14,1445,-85.8229718718044
777,15,1522,-276.2583153365106
777,16,1634,-237.03062422417793
777,17,2634,57.5587684738387
777,18,2737,-85.72726950967065
777,19,2796,-127.66903309780668
777,20,2901,-68.95718408597384
777,21,2962,-115.10228025462895
777,22,3076,-128.51299262585246
777,23,3175,-204.2195231387853
777,24,3293,-193.58295049678182
777,25,3359,-101.45919079882978
777,26,3442,-117.77170893544128
777,27,3534,-363.06602363676996
777,28,3627,14.658934165900845
777,29,3747,-88.0842203319124
777,30,3812,-247.40278576410606
777,31,3880,-121.95252050212021
777,32,3970,-185.68450387392346
777,33,4079,-257.1177798723502
777,34,4177,-278.60700054876895
777,35,4261,-135.23430352866728
777,36,4380,-276.55604449318525
777,37,4512,-325.4808726375345
777,38,4569,-171.58329206251767
777,39,4691,-69.44684400943322
777,40,4783,-162.53634089762355
777,41,4866,-72.36575990762825
777,42,4942,-66.89867921427603
777,43,5050,-279.2920005115609
777,44,5123,-287.9550778234301
777,45,5201,-107.56936879434774
777,46,5310,-204.9041545590643
777,47,5395,-266.91450759508064
777,48,5495,-323.1194946323308
777,49,5593,-404.4903414361328
777,50,5668,-175.65321499316116
777,51,5738,-121.96904153809392
777,52,5819,-163.00841051770334
777,53,5894,-151.0874044182634
777,54,5954,-102.24473725304698
777,55,6032,-57.5680914253027
777,56,6138,-474.21849082057645
777,57,6247,-319.8651031141743
777,58,6334,-291.63163112065104
777,59,6415,-334.8131726995208
777,60,6520,-100.98398618070551
777,61,6602,-400.33557565780154
777,62,6719,-162.3742328282114
777,63,6829,-121.39377150732088
777,64,6889,-209.7312179177722
777,65,6988,-273.8293168488052
777,66,7057,-147.13215777151783
777,67,7191,-171.7076086661911
777,68,7267,-204.61671664353122
777,69,7370,-81.36519195626762
777,70,7467,-134.53186880990762
777,71,7557,-245.77719423266802
777,72,7674,-166.45097776401542
777,73,7744,-105.61901817660313
777,74,7881,-325.46832836820715
777,75,7982,-100.7287674060777
777,76,8095,-123.81883660436282
777,77,8169,-155.101647722223
777,78,8245,-68.37940859986244
777,79,8340,-287.7571674585031
777,80,8398,-92.2987719864182
777,81,8499,-311.687592818158
777,82,8579,-134.70120101634848
777,83,8645,-72.83330384868898
777,84,8725,-227.13467748707416
777,85,8853,-266.8437713684104
777,86,8926,-135.23580725871017
777,87,8988,-198.6313993993366
777,88,9088,-139.0856004100653
777,89,9150,-83.56606313009269
777,90,9229,-91.08574793648069
777,91,9327,-379.5589389231244
777,92,9402,-89.88518414328206
777,93,9467,-114.66892883625255
777,94,9537,-165.67656403210685
777,95,9605,-200.01753316530784
777,96,9687,-95.46334120640468
777,97,9802,-144.78188146436065
777,98,9873,-98.45975933075964
777,99,9996,-170.67311331778257
777,100,10118,-242.5327805511389
777,101,10189,-148.22721202127215
777,102,10273,-84.38696676721597
777,103,10349,-71.78523487766901
777,104,10416,-140.70873900206738
777,105,10562,8.90442284013507
777,106,10688,-124.95681219774806
777,107,10765,-71.81854513050338
777,108,10887,-137.6736001308177
777,109,11008,-116.62133074704346
777,110,11100,-134.95929579289776
777,111,11185,-196.70221484946384
777,112,11278,-151.47355085461405
777,113,11367,-466.0912129319719
777,114,11443,-229.3878179385425
777,115,11506,-11.607807442889197
777,116,11640,-202.65750554638615
777,117,11745,-210.19486143013216
777,118,11832,-118.7842325422184
777,119,11938,-129.35085111225334
777,120,12021,-116.18409828564967
777,121,12098,-305.47120261628356
777,122,12169,-198.28756048214652
777,123,12246,-103.89252846170426
777,124,12370,-103.61393882312537
777,125,12483,-63.568409631710594
777,126,12544,-94.66300056616058
777,127,12632,-293.82649046712885
777,128,12713,-117.95545088672601
777,129,12841,-176.00399203091774
777,130,12950,-210.3538258451628
777,131,13018,-86.43751124462104
777,132,13092,-99.71004915751797
777,133,13162,-188.61247615955926
777,134,13239,-61.30655846584092
777,135,13318,-109.05975221223731
777,136,13415,-110.88458542666915
777,137,13542,-152.05396842430235
777,138,13610,-90.09231999068857
777,139,13695,-309.21460883150075
777,140,13785,-85.28769087737375
777,141,13849,-89.44581054293468
777,142,13912,-132.3132279494887
777,143,13994,-119.66679687248556
777,144,14085,-103.13407575092344
777,145,14181,-193.24926802788053
777,146,14283,-214.86368499550724
777,147,14345,-177.6891960595304
777,148,14443,-491.8461838518266
777,149,14513,-158.4929599432711
777,150,14597,-246.74167132109517
777,151,14666,-73.83097946977293
777,152,14755,-141.4486132323448
777,153,14887,-324.8618648909386
777,154,14953,-131.14127391794335
777,155,15020,-93.33960027862588
777,156,15097,-87.20715291357591
777,157,15178,0.5629114616588993
777,158,15231,-161.72413561315997
777,159,15361,-250.85179159518245
777,160,15431,-113.76847616973437
777,161,15533,-403.55882314579816
777,162,15627,-21.723438749936875
777,163,15720,-201.29804275064777
777,164,15786,-90.11030544639543
777,165,15877,-217.29661427830607
777,166,16012,-224.03439780534904
777,167,16096,-239.90748494895462
777,168,16190,-120.17352734364758
777,169,16267,-105.32603631011929
777,170,16360,-171.76121452932662
777,171,16432,-64.59481895679119
777,172,16533,-112.56737158375265
777,173,16666,-286.04701447931654
777,174,16755,-139.39168603247447
777,175,16831,-129.49464417147937
777,176,16895,-84.59601054138491
777,177,16956,-71.47801925598577
777,178,17040,-141.21768162263072
777,179,17153,-128.23226706240735
777,180,17240,-167.39573282832708
777,181,17364,-154.95238348170798
777,182,17476,-120.57243540796281
777,183,17562,-104.42273981667338
777,184,17634,-162.474248551177
777,185,17747,-431.64477087236276
777,186,17845,-183.34839768179228
777,187,17945,-110.3570927576478
777,188,18037,-255.63806849092896
777,189,18102,-88.82385467659068
777,190,18173,-160.0808080068968
777,191,18239,-174.74407451478118
777,192,18350,-156.45273787775568
777,193,18443,-94.53298555036172
777,194,18558,-352.89534935671907
777,195,18671,-488.2294186735779
777,196,18765,-289.47863718559665
777,197,18834,-120.43455026675645
777,198,18945,-111.63716769223795
777,199,19022,-96.58671019840463
777,200,19129,-241.1516769710348
777,201,19193,-69.2551327239824
777,202,19271,-107.9948801738953
777,203,19373,-115.78383899916957
777,204,19451,-126.24815963700954
777,205,19536,-122.14677428403554
777,206,19619,-191.497225012432
777,207,19749,-117.60924772827343
777,208,19815,-385.24324712037105
777,209,19895,-135.5499747550885
777,210,20014,-120.56245781528945
777,211,20102,-352.7135112636332
777,212,20191,-104.30132486559465
777,213,20292,-184.1064538779812
777,214,20414,-465.5579052751098
777,215,20492,-69.26906250315778
777,216,20554,-79.36169111580067
777,217,20638,-116.33212241110178
777,218,20714,-138.16499040049723
777,219,20818,-245.83013524736685
777,220,20888,-119.3785504873454
777,221,21009,-185.26877926945502
777,222,21118,-323.4777433788362
777,223,21211,-103.50592851391497
777,224,21320,-68.14073199753139
777,225,21399,-217.91330320937578
777,226,21516,-368.0707274006585
777,227,21647,-91.32359332284385
777,228,21744,-147.91050898157323
777,229,21843,-113.01265533792397
777,230,21929,-195.8395674748239
777,231,22021,-145.4185449772333
777,232,22149,-160.66832232173806
777,233,22223,-116.25038308256583
777,234,22315,-342.83950563664285
777,235,22421,-386.4699926593042
777,236,22537,-353.99954118896585
777,237,22646,-212.890178919022
777,238,22725,-221.80089065208438
777,239,22821,-331.1970459397486
777,240,22924,-149.01185644132994
777,241,23003,-59.53580854498266
777,242,23094,-303.7374174353537
777,243,23160,-100.59671310263107
777,244,23283,-172.26129483392424
777,245,23377,-388.26807125137185
777,246,23468,-410.3888584188522
777,247,23538,-85.5714924578279
777,248,23622,-117.51382255046896
777,249,23769,-120.1018479828392
777,250,23833,-109.00728639942955
777,251,23944,-114.06391211164716
777,252,24045,-233.55736936654972
777,253,24151,-221.73986531546126
777,254,24220,-82.31546398307013
777,255,24340,-126.36158353167126
777,256,24417,-244.06057532160796
777,257,24489,-226.73348282844887
777,258,24600,-425.45673325872826
777,259,24705,-140.6773842382188
777,260,24828,-250.44097533039675
777,261,24954,-249.85648015034977
777,262,25069,-109.54276248894057
777,263,25177,-203.21191780217566
777,264,25266,-330.0927702623422
777,265,25368,-413.0780507804911
777,266,25437,-92.44721904053849
777,267,25509,-63.428226800274416
777,268,25620,-155.07180689018242
777,269,25717,-292.9011385872501
777,270,25785,-109.0001423630419
777,271,25843,-138.6022623492465
777,272,25946,-379.58275324734734
777,273,26028,-113.43471158315334
777,274,26159,-91.91562737380698
777,275,26241,-372.4959862186233
777,276,26375,-172.19813841966126
777,277,26470,-261.4261846669516
777,278,26546,-168.40900201196894
777,279,26671,-319.2378028833917
777,280,26749,-122.9275981435078
777,281,26862,-371.87153454628174
777,282,26935,-100.31709169648269
777,283,27072,-103.29627750539674
777,284,27159,-92.95057561534948
777,285,27294,-118.9061214810743
777,286,27365,-100.31991477459515
777,287,27472,-65.3073874835309
777,288,27578,-104.9837517310274
777,289,27679,-403.2341557979622
777,290,27808,-317.29018946095243
777,291,27872,-121.1496915200873
777,292,27985,-420.90574716711774
777,293,28070,-215.91798181566668
777,294,28178,-196.88322390781087
777,295,28257,-71.6533060864482
777,296,28369,-189.78026704495238
777,297,28458,-87.00763687966142
777,298,28550,-304.51509178935146
777,299,28650,-328.79217093054035
777,300,28788,-107.84956865339461
777,301,28886,15.954048182596793
777,302,28948,-89.6420671854911
777,303,29022,-96.56829095321568
777,304,29086,-84.39975934178968
777,305,29164,-153.98293573666612
777,306,29250,-108.12738480945238
777,307,29328,-132.71885283161498
777,308,29394,-96.093398181715
777,309,29482,-315.8559941851425
777,310,29581,-237.76950666003404
777,311,29687,-419.71800884707505
777,312,29802,-121.66844609224552
777,313,29894,-195.0339208868421
777,314,29976,-134.13294316590867
777,315,30053,-137.03599235742675
777,316,30144,-353.19568688774166
777,317,30235,-357.221904702221
777,318,30333,-141.64702165119726
777,319,30446,-418.0230548336641
777,320,30543,-331.58178986784634
777,321,30608,-93.71503947236721
777,322,30684,-167.15350281788193
777,323,30781,-126.96693448203723
777,324,30841,-106.9084987963591
777,325,30909,-79.76217136448712
777,326,31000,-94.54569162895136
777,327,31111,-119.75763196749834
777,328,31235,-15.919676076801252
777,329,31301,-90.88947388418312
777,330,31377,-218.68262797227194
777,331,31468,-227.44902891826098
777,332,31550,-142.0782695318941
777,333,31630,-99.69622856432122
777,334,31745,-112.99353038873275
777,335,31816,-268.91026321287774
777,336,31880,-68.54507985861991
777,337,31962,-118.32730371052477
777,338,32046,-119.48994711293786
777,339,32123,-93.07405254940514
777,340,32199,-98.34477728540178
777,341,32299,-142.23936882733489
777,342,32369,-49.16880482505187
777,343,32456,-124.68650657631089
777,344,32523,-112.26874727016244
777,345,32586,-70.38276984147632
777,346,32654,-185.13049608573775
777,347,32728,-280.8149710975633
777,348,32787,-81.28324457243696
777,349,32897,-149.18760751936762
777,350,32996,-235.04520350803915
777,351,33098,-123.12607106022257
777,352,33181,-262.92804620184177
777,353,33293,-104.71408084353277
777,354,33356,-102.20541623024226
777,355,33437,-343.656534554173
777,356,33507,-101.91228413770527
777,357,33608,-209.98385475062275
777,358,33694,-160.85312779701889
777,359,33778,-156.64952556859538
777,360,33875,-192.44390973294406
777,361,33938,-51.656572280414196
777,362,34010,-67.03827827118413
777,363,34070,-131.36114597171508
777,364,34168,-293.74470554076345
777,365,34252,-196.01779612358666
777,366,34354,-335.7975861450724
777,367,34467,-259.1570600944767
777,368,34547,-182.95079047398252
777,369,34620,-214.1144765932114
777,370,34718,-378.3071276277525
777,371,34791,-314.4480771606746
777,372,34856,-120.35339856829279
777,373,34994,-145.02560051894648
777,374,35083,-182.4807324687854
777,375,35155,-124.84448397446384
777,376,35226,-120.65130888040696
777,377,35334,-322.7377450302962
777,378,35461,-233.59869802050204
777,379,35572,-151.46635929212687
777,380,35664,-336.2303721071777
777,381,35739,-118.12737927089573
777,382,35841,-409.70394084587383
777,383,35916,-103.8153709926438
777,384,36006,-70.7205053346182
777,385,36111,-91.36389245060582
777,386,36177,-137.17530293823722
777,387,36278,-458.2360683894915
777,388,36371,-152.14652611279587
777,389,36446,-114.03166160617741
777,390,36537,-222.09170308950797
777,391,36616,-104.75227048104199
777,392,36746,-459.1498862425094
777,393,36840,-231.1348852620829
777,394,36961,-118.6787496041666
777,395,37058,-173.0861367769308
777,396,37128,-88.34100866245268
777,397,37238,-258.1818669950519
777,398,37353,-158.8513594816168
777,399,37458,-91.90914680548475
777,400,37546,-157.00346058682965
777,401,37692,-39.87475583271202
777,402,37786,-87.86581119910772
777,403,37910,-288.0372611838623
777,404,37988,-107.48412963009524
777,405,38105,-107.1082509483912
777,406,38177,-97.03134443720239
777,407,38308,-302.9092710940889
777,408,38382,-199.7175843735797
777,409,38504,-38.38540476963631
777,410,38619,-386.8071892629125
777,411,38721,-169.96180216198746
777,412,38807,-127.26636579143937
777,413,38889,-74.44362325199423
777,414,39015,-327.56271175472557
777,415,39135,-306.3493822414275
777,416,39207,-310.0548321089141
777,417,39270,-171.2684447254431
777,418,39341,-113.02738112212381
777,419,39400,-72.61501676672384
777,420,39497,-138.25558055530087
777,421,39607,-166.06745583939266
777,422,39721,-299.9003379323722
777,423,39841,-66.6766556804249
777,424,39946,-266.4721702062095
777,425,40030,-507.9159254345967
777,426,40101,-167.50826580798838
777,427,40202,-121.61280888686068
777,428,40271,-84.79926702660734
777,429,40366,-309.1358326959887
777,430,40469,-169.15261711265245
777,431,40593,-122.85985923973728
777,432,40677,-124.0980318665838
777,433,40814,-352.38962359035713
777,434,40911,-92.31173204413213
777,435,41021,-105.24486047085594
777,436,41126,-171.04472013054658
777,437,41186,-184.0618510964497
777,438,41265,-119.19021636741239
777,439,41379,-212.62548711596753
777,440,41455,-96.48701042946189
777,441,41518,-88.90483882815279
777,442,41585,-130.27076132512678
777,443,41654,-69.11042332526925
777,444,41754,-254.2601124387982
777,445,41816,-165.0566889696957
777,446,41942,-149.65927893657027
777,447,42038,-178.15826393083876
777,448,42110,-160.04439756057693
777,449,42190,-287.902563360646
777,450,42304,-94.4801797086337
777,451,42408,-139.4911783916737
777,452,43408,39.936023237400406
777,453,43511,-320.2837551599175
777,454,43583,-113.31999145231323
777,455,43662,-101.21150868021942
777,456,43750,-410.9327249556171
777,457,43832,-352.209909794714
777,458,43938,-158.8788250412295
777,459,44011,-139.57732091843002
777,460,44087,-130.6368022382635
777,461,44153,-216.25462989925197
777,462,44223,-113.62185746331647
777,463,44311,-206.9942929431611
777,464,44381,-117.39001869565094
777,465,44455,-138.1775501578199
777,466,44558,-215.08407856723443
777,467,44633,-321.00572747002127
777,468,44712,-118.55755979172804
777,469,44803,-322.10978872269504
777,470,44909,-97.2650366580752
777,471,45031,-220.89866859223056
777,472,45136,-172.19260748265629
777,473,45224,-354.53579047410847
777,474,45305,-95.67249660772805
777,475,45391,-150.1012949053595
777,476,45463,-123.07889422961173
777,477,45553,-300.31134854834147
777,478,45673,-193.07970001704655
777,479,45786,-121.06339698124697
777,480,45880,-66.93747212935298
777,481,45976,-329.2646346214319
777,482,46042,-94.89350374445291
777,483,46127,-135.52658858120685
777,484,46195,-112.55291526086006
777,485,46257,-101.03099846481946
777,486,46356,-116.78393099813454
777,487,46419,-151.88872536658582
777,488,46504,-143.14043231257773
777,489,46584,-123.4142675842517
777,490,46683,-251.68539381231278
777,491,46741,-101.19852150728964
777,492,46831,-366.3143093361684
777,493,46906,-96.5878059222439
777,494,46996,-279.6678242952982
777,495,47106,-293.38645116756913
777,496,47195,-253.0800464241997
777,497,47309,-134.4689971480757
777,498,47412,-431.9309658831519
777,499,47541,-356.98874771883584
777,500,47649,-131.42126725859995
777,501,47712,-99.28357629432871
777,502,47807,-124.99040402468127
777,503,47892,-285.11673553409787
777,504,47981,18.60205579445649
777,505,48107,-135.40688007748247
777,506,48208,-376.07819604081675
777,507,48316,-48.938002707462026
777,508,48441,-140.7335176989033
777,509,48536,-234.81353217327762
777,510,48616,-83.92305836207167
777,511,48685,-124.02048687888104
777,512,48771,-94.46369028282993
777,513,48842,-206.16665415900977
777,514,48934,-190.47141390073023
777,515,49052,-149.70393114649605
777,516,49170,-61.940523252852515
777,517,49273,-86.20339077095312
777,518,49371,-260.6272108851791
777,519,49453,-173.74287133541944
777,520,49523,-118.13818495117158
777,521,49600,-91.46200233733234
777,522,49664,-95.77455695957926
777,523,49733,-106.75514510040502
777,524,49829,-279.67938735229757
777,525,49913,-109.93132063825229
777,526,50035,-233.51565031113356
777,527,50130,-235.27316213089023
777,528,50237,-182.16447658879133
777,529,50309,-115.53497519566906
777,530,50457,-112.88939394700843
777,531,50528,-300.38028579784236
777,532,50613,-97.20621013386386
777,533,50707,-106.8966881181955
777,534,50795,-423.4988100411263
777,535,50893,-376.52524066597647
777,536,50995,-262.3029598690548
777,537,51099,-94.96507375844385
777,538,51206,-216.47870574586412
777,539,51268,-81.70573559158998
777,540,51348,-203.8071129969581
777,541,51452,-320.28819307701053
777,542,51535,-111.84356958262768
777,543,51650,-127.0015068752301
777,544,51782,-176.27427771720397
777,545,51860,-114.54126924023221
777,546,51920,-112.69121981716043
777,547,51998,-113.21890070637336
777,548,52103,-339.2202632683084
777,549,52214,-108.507031305992
777,550,52331,-116.45683051473388
777,551,52394,-267.6735022987507
777,552,52519,-139.31565685209375
777,553,52597,-149.84696494326982
777,554,52690,-225.63986438031984
777,555,52772,-503.32730884653745
777,556,52871,-355.21790646122736
777,557,52932,-113.46581613662474
777,558,52996,-147.31468288141772
777,559,53084,-214.86341707297265
777,560,53165,-136.33109758291786
777,561,53250,-112.61079959421997
777,562,53345,-254.94852511278665
777,563,53468,-274.4056220953474
777,564,53544,-108.50435819491524
777,565,53633,-364.62464956463344
777,566,53715,-101.75804746415186
777,567,53792,-135.73259502123602
777,568,53887,-97.01094192416646
777,569,53951,-113.38513339217025
777,570,54066,-226.47097796429307
777,571,54138,-155.84343859182465
777,572,54210,-92.82219630905706
777,573,54307,-221.21969085722878
777,574,54409,-183.56506947165053
777,575,54480,-91.43077068049888
777,576,54578,-371.2191213013217
777,577,54685,-90.74650183627142
777,578,54749,-66.9409507197322
777,579,54820,-99.8160855507869
777,580,54906,-129.1108852645203
777,581,54998,-125.45186996076465
777,582,55093,-162.42423890861454
777,583,55188,-234.30648841569746
777,584,55290,-86.81105508604803
777,585,55393,-253.03573322680916
777,586,55461,-81.52895058945799
777,587,55529,-77.69822507089768
777,588,55642,-143.4321080541801
777,589,55738,-67.01707673098042
777,590,55828,-157.7440993826271
777,591,55913,-377.8982611960224
777,592,55994,-340.5424288388386
777,593,56071,-330.89933218143574
777,594,56164,-100.96219350259696
777,595,56272,-152.2143834273249
777,596,56400,-119.16414529290077
777,597,56511,-146.2443582894109
777,598,56585,-89.4696057638795
777,599,56650,-112.53241613183081
777,600,56757,-235.82816846298226
777,601,56860,-379.05188104713756
777,602,56954,-132.28374944889677
777,603,57033,-111.87779181141596
777,604,57157,-211.05222439959368
777,605,57262,-1.481869840012294
777,606,57339,-249.20630702504891
777,607,57424,-136.04126280229897
777,608,57514,-372.5397343126169
777,609,57620,-374.7319430814316
777,610,57678,-69.13594780805062
777,611,57744,-109.50793238587285
777,612,57811,-85.6378444300396
777,613,57899,-173.5189039070558
777,614,57978,-101.74606314739061
777,615,58065,-96.77106130781976
777,616,58131,-95.61090032351561
777,617,58230,-320.1076842710817
777,618,58292,-138.88910509858445
777,619,58352,-40.50350496950979
777,620,58453,-103.39952761485553
777,621,58524,-101.24217348544082
777,622,58607,-52.36794901045736
777,623,58726,-172.84578714850278
777,624,58839,-100.75116630052712
777,625,58961,-130.2684491507347
777,626,59068,-211.3798177195124
777,627,59134,-52.50783466806922
777,628,59244,-66.55062358178925
777,629,59346,-306.2961726607773
777,630,59439,-339.8409483415075
777,631,59538,-315.56505296716375
777,632,59609,-38.77769729306658
777,633,59699,-369.36240766614276
777,634,59809,-454.34778765348835
777,635,59902,-263.3660730144702
777,636,59980,-400.4342104485245
777,637,60077,-127.2659681025232
777,638,60155,-296.38551039562657
777,639,60220,-234.34542592629822
777,640,60285,-78.07037841179948
777,641,60361,-95.03937138631004
777,642,60454,-138.76496148316716
777,643,60540,-78.28455908018022
777,644,60630,-408.30676732433426
777,645,60779,-121.12391717555323
777,646,60903,-439.2078216651877
777,647,60973,-85.45392376877298
777,648,61078,-173.64414955253636
777,649,61150,-72.67522931798499
777,650,61209,-95.8875914520991
777,651,61299,-94.87044480994649
777,652,61399,-358.9971622044607
777,653,61504,-123.98307404648592
777,654,61564,-158.47810017627944
777,655,61655,-129.99135973998136
777,656,61733,-81.56771704218639
777,657,61820,-134.8176467203245
777,658,61938,-206.29069293126315
777,659,62043,-83.89769634749396
777,660,62117,-282.48464907165186
777,661,62179,-152.90849393767803
777,662,62270,-86.81397502417977
777,663,62344,-115.44844898237636
777,664,62462,-364.1229814534876
777,665,62550,-120.00636090848124
777,666,62678,-100.5423731785459
777,667,62788,-303.6884443309063
777,668,62886,-141.0194067433133
777,669,62974,-438.130056330278
777,670,63040,-98.9062714068779
777,671,63104,-117.5810580642238
777,672,63201,-501.21096550433896
777,673,63273,-54.04615967643294
777,674,63356,-110.39404395273799
777,675,63437,-178.8391139684892
777,676,63553,-189.51756978383696
777,677,63657,-244.44833411882462
777,678,63722,-172.03635136030599
777,679,63808,-171.4372209251036
777,680,63922,-38.806266009007345
777,681,64054,-277.5354790668052
777,682,64135,-284.15701649897125
777,683,64241,-403.10472156759334
777,684,64307,-25.958783803301387
777,685,64430,-220.00396599917417
777,686,64527,-315.87446921808225
777,687,64656,-91.92178711952833
777,688,64783,-169.86936594374043
777,689,64892,-605.9443264041108
777,690,64961,-94.19897199473002
777,691,65067,-60.8259148837338
777,692,65159,-76.51376989522349
777,693,65263,-358.61145833038864
777,694,65353,-354.82690545224705
777,695,65446,-306.61678513862296
777,696,65551,-103.9814061801212
777,697,65626,-98.98873163816182
777,698,65743,-154.93977096507058
777,699,65816,-259.04447099077055
777,700,65936,-343.59357806978414
777,701,66000,-58.583345524770486
777,702,66114,-289.38339166411436
777,703,66218,-39.326161869603666
777,704,66283,-98.26632166063324
777,705,66342,-64.50980247816213
777,706,66450,-139.71771180285558
777,707,66555,-4.876956708932369
777,708,66642,-219.5285073655121
777,709,66787,-174.17356581946405
777,710,66875,-160.36943300583806
777,711,66993,-163.22000172994842
777,712,67097,-277.5109846014996
777,713,67163,-102.72303906177503
777,714,67261,-74.69092153409662
777,715,67365,-284.63065927447826
777,716,67439,-97.41320971092836
777,717,67526,-197.40732190659133
777,718,67584,-111.14663808176428
777,719,67697,-96.80407499173994
777,720,67781,-145.16975258548507
777,721,67894,-206.4449451323386
777,722,67953,-154.44792517238056
777,723,68050,-212.51555150572952
777,724,68148,-100.26681854504844
777,725,68233,-140.56672780502018
777,726,68304,-301.8956906238035
777,727,68372,-138.3229823098816
777,728,68477,-86.24383756456697
777,729,68588,-174.3006292969087
777,730,68653,-79.27345721531142
777,731,68726,-105.70208332368176
777,732,68793,-123.8472683809161
777,733,68894,-208.10308251430644
777,734,68964,-88.6278644817668
777,735,69055,-466.5154966815483
777,736,69167,-135.5903596167336
777,737,69294,-339.93396703219867
777,738,69380,-195.83823493336317
777,739,69470,-308.9388156000813
777,740,69590,-279.1179521206685
777,741,69677,-247.61710473521637
777,742,69767,-159.60489078096492
777,743,69826,-91.9347836384659
777,744,69924,-252.50473272894388
777,745,69992,-109.61962567450098
777,746,70106,-186.63901905092808
777,747,70170,-81.16615633485317
777,748,70245,-135.80293232416443
777,749,70303,-202.3062488384585
777,750,70378,-147.14559100107306
777,751,70467,-351.2879583500572
777,752,70550,19.993261204190176
777,753,70621,-87.86826526195195
777,754,70701,-101.57139547976416
777,755,70782,-166.80840516471707
777,756,70881,-223.39095276880758
777,757,70982,-123.76894809941038
777,758,71071,-383.90028905436014
777,759,71148,-150.99169723441253
777,760,71265,-379.82794828251855
777,761,71374,-257.3858799204121
777,762,71517,-333.44799231437975
777,763,71612,-208.27722988768414
777,764,71698,-131.63585655575554
777,765,71766,-287.4850219823718
777,766,71843,-252.42232564103637
777,767,71952,-421.3682340114545
777,768,72023,-210.46741474661138
777,769,72100,-82.23225044844875
777,770,72214,-359.22973298476956
777,771,72298,-413.1146099019197
777,772,72394,-165.57348398808722
777,773,72504,-160.02060355543074
777,774,72619,-372.5203655292981
777,775,72718,-97.97623993049939
777,776,72825,-378.47972374790226
777,777,72922,-256.74067864754915
777,778,73046,-196.78265956358143
777,779,73137,-329.7265466862071
777,780,73236,-31.383215447407594
777,781,73305,-129.26543761026363
777,782,73378,-171.78817761163677
777,783,73455,-89.36670624704577
777,784,73521,-82.68323579065617
777,785,73590,-188.35625498994264
777,786,73655,-98.9026286020947
777,787,73746,-247.12358470522128
777,788,73847,-321.6832762987609
777,789,73909,-125.02632595447076
777,790,74005,-166.03089576888067
777,791,74137,-319.26880598572455
777,792,75137,65.79395056420891
777,793,75208,-130.34028626949248
777,794,75276,-109.09361409025682
777,795,75348,-114.4070122488578
777,796,75424,-377.13043126322674
777,797,75497,-176.41662000404625
777,798,75596,-278.6039499985479
777,799,75700,-302.27726594517367
777,800,75791,-265.8683521652184
777,801,75913,-183.60317431213034
777,802,76015,-271.3620583599145
777,803,76115,-176.6079636786712
777,804,76213,-208.44381364326279
777,805,76297,-306.1068036550585
777,806,76362,-128.8715034699111
777,807,76450,-112.03551118712464
777,808,76537,-223.84569002152074
777,809,76653,-231.66047819870403
777,810,76728,-272.83947815899353
777,811,76845,-86.65105231288851
777,812,76928,-214.92161569471983
777,813,77005,-112.37259454598276
777,814,77089,-129.34195993409952
777,815,77193,-378.18121638988043
777,816,77284,-173.5440172776651
777,817,77373,-88.1270222669731
777,818,77463,-359.94573262721366
777,819,77549,-198.51799623856414
777,820,77632,-120.46082748274037
777,821,77739,-105.1460396846035
777,822,77826,-267.3559381980182
777,823,77927,-298.8207267909827
777,824,78046,-164.61301914257348
777,825,78113,-106.59397867044083
777,826,78189,-272.7943657887756
777,827,78266,-128.81148963435214
777,828,78346,-108.67512424408271
777,829,78444,-125.87221710075119
777,830,78521,-98.86041392736176
777,831,78587,-232.49347789121896
777,832,78653,-157.96317204108132
777,833,78766,-406.83409467699846
777,834,78832,-82.09744739259705
777,835,78897,-55.817857807209506
777,836,78977,-296.3274606176949
777,837,79051,-100.83441104551376
777,838,79153,-247.62725446066796
777,839,79213,-96.99542976633168
777,840,79307,-67.73956232341132
777,841,79401,-125.14734224192571
777,842,79474,-105.49170436112931
777,843,79562,-345.46811060835444
777,844,79665,-265.28566235686185
777,845,79773,-282.9467464381001
777,846,79880,-394.3954221292147
777,847,79994,-207.7841362698937
777,848,80115,-62.63824049408005
777,849,80227,-371.10129577590857
777,850,80335,-462.1143626301361
777,851,80403,-143.73740477158498
777,852,80472,-115.33304812584008
777,853,80533,-87.11198934830729
777,854,80603,-94.58298081784584
777,855,80683,-164.76097263646867
777,856,80746,-190.9978362071973
777,857,80832,-213.28037175539515
777,858,80953,-153.72106001726135
777,859,81050,-151.01476665498296
777,860,81137,-151.15038573044342
777,861,81207,-64.58370563330372
777,862,81281,-150.77910476982328
777,863,81385,-230.77536065052294
777,864,81460,-134.99277519723097
777,865,81545,-294.3251566452499
777,866,81619,-134.42185293521624
777,867,81721,-368.629495673781
777,868,81825,-246.80776928747594
777,869,81904,-146.01971415081488
777,870,81983,-24.184930248810502
777,871,82047,-20.579455187163404
777,872,82151,-303.5897332873887
777,873,82209,-96.48519097170667
777,874,82286,-206.55499366836992
777,875,82400,-309.58568917799016
777,876,82561,-251.81650638095076
777,877,82639,-90.44063352889323
777,878,82744,-127.59515883314045
777,879,82822,-266.8715092719028
777,880,82895,0.7599191683786444
777,881,82988,-308.2234900797677
777,882,83081,-197.21694549146605
777,883,83145,-183.3013138037696
777,884,83206,-71.76574443564199
777,885,83285,-167.64883504179414
777,886,83385,-305.3023997306641
777,887,83475,-93.81284444506439
777,888,83539,-68.15602438134755
777,889,83635,52.121040105305894
777,890,83713,-391.0564782702214
777,891,83784,-123.84205404866125
777,892,83877,-196.9659579538398
777,893,83998,-145.81323656285468
777,894,84083,-92.04320633485294
777,895,84148,-177.56909341617637
777,896,84225,-102.01011092985493
777,897,84342,-128.75899789115726
777,898,84418,-83.83843844772528
777,899,84537,-258.79555491150165
777,900,84635,-87.66906936927278
777,901,84722,-94.53672483279136
777,902,84816,-154.70495944377603
777,903,84901,-111.37414551432957
777,904,84972,-150.40482364300982
777,905,85066,-130.66511495259408
777,906,85135,-73.12999511947551
777,907,85207,-115.65715104001711
777,908,85295,-121.45976390963807
777,909,85365,-231.9437729567525
777,910,85453,-266.0876325209955
777,911,85525,-179.44643548681776
777,912,85639,-144.62838401543786
777,913,85700,-125.9110999462968
777,914,85792,-196.5384371283734
777,915,85900,-154.76400981213123
777,916,85982,-309.31761171703886
777,917,86066,-217.95032977784342
777,918,86160,-398.1882146850225
777,919,86266,-11.633849494971031
777,920,86330,-188.66078845710317
777,921,86438,-285.12041356223466
777,922,86516,-104.62478453278536
777,923,86644,-162.18140847266056
777,924,86745,-98.14132633193047
777,925,86820,-116.11482824394832
777,926,86899,-131.76419491386272
777,927,86975,-221.34424668733126
777,928,87036,-43.7090448909874
777,929,87117,-235.7968037864286
777,930,87197,-532.5471613051125
777,931,87262,-122.06086915215901
777,932,87319,-105.83723875691919
777,933,87421,-226.02287643647395
777,934,87506,-255.5412405904229
777,935,87607,-94.11478160604153
777,936,87672,-145.21372966817046
777,937,87733,-59.59594973147264
777,938,87796,-89.46773903021997
777,939,87861,-77.11499483835301
777,940,87929,-105.22029115764948
777,941,88034,-389.9867453612866
777,942,88144,0.04681555406710913
777,943,88214,-139.00915039656775
777,944,88307,-290.7310988520759
777,945,88400,-117.18382199721866
777,946,88461,-40.40568739580244
777,947,88557,-232.08970432631605
777,948,88662,-112.04026338606218
777,949,88769,-247.32411972138473
777,950,88896,-111.26600479583706
777,951,88987,-120.33214994508897
777,952,89067,-16.03297334744589
777,953,89185,-277.76027263695266
777,954,89249,-96.72401295594929
777,955,89343,-285.9453634280209
777,956,89447,-433.8340689974107
777,957,89549,-334.32398788321245
777,958,89617,-120.58068764075554
777,959,89689,-340.67787490561784
777,960,89765,-97.60396745159002
777,961,89885,-215.42698794236895
777,962,89983,-399.05667266970346
777,963,90055,-175.4280324216776
777,964,90164,-326.55185204714263
777,965,90251,-366.2994400241742
777,966,90317,-76.37984098787435
777,967,90388,-211.94606559138947
777,968,90448,-194.19055339689197
777,969,90540,-375.1125992779964
777,970,90647,-87.31291531346882
777,971,90754,-310.8638299587315
777,972,90863,-183.90003854691935
777,973,90949,-444.43345208193983
777,974,91021,-93.13072265073393
777,975,91104,-208.90852369617954
777,976,91206,-121.63965363743395
777,977,91282,-240.48906293198212
777,978,91384,-293.828755591236
777,979,91452,-138.0783072611614
777,980,91529,-106.29315957674605
777,981,91606,-198.41402017693218
777,982,91678,-247.5372764369263
777,983,91775,-326.9140793184165
777,984,91940,-311.0350336522225
777,985,92035,-125.72245922552975
777,986,92115,-316.213104207728
777,987,92203,-140.404667310136
777,988,92272,-113.70097740537247
777,989,92386,-189.85074989906505
777,990,92469,-5.4589943241280565
777,991,92542,-265.05556314525666
777,992,92599,-105.39231713514499
777,993,92663,-105.58329460300843
777,994,92770,-308.83537796292126
777,995,92881,-227.16728707188474
777,996,92963,-400.89443493628863
777,997,93081,-189.29665155953546
777,998,93186,-153.86040092225363
777,999,93276,-106.1270390913556
777,1000,93369,-53.23382687023602
777,1001,93449,-115.45630320759439
777,1002,93509,-153.14566548724667
777,1003,93588,-314.7726550706887
777,1004,93709,-92.6963532051122
777,1005,93814,-96.01605652347311
777,1006,93904,-151.44426675077509
777,1007,93985,-114.58228912169858
777,1008,94076,-137.4909804986478
777,1009,94182,-99.5307056637594
777,1010,94259,-123.15316777825385
777,1011,94342,-109.13422777232292
777,1012,94425,-132.48630083249122
777,1013,94491,-97.55920967512407
777,1014,94551,-89.54095046885047
777,1015,94630,-213.48467308549056
777,1016,94728,-341.44489446959494
777,1017,94824,-219.06911691983342
777,1018,94928,-116.63032373700615
777,1019,95024,-389.95988926504083
777,1020,95116,-178.01082064632934
777,1021,95209,-186.4387571610826
777,1022,95310,-69.09426091111047
777,1023,95410,-146.4411049605606
777,1024,95516,-332.888689860661
777,1025,95593,-99.01366016315484
777,1026,95656,-134.73334061775466
777,1027,95728,-85.67896737131622
777,1028,95813,-308.7593005246331
777,1029,95938,-484.00397072026635
777,1030,96016,-380.2425645552639
777,1031,96097,-238.02433308238219
777,1032,96190,-380.4634108642214
777,1033,96324,33.06880915815805
777,1034,96406,-300.10054972997654
777,1035,96464,-108.51379917990243
777,1036,96589,-295.98364232537267
777,1037,96659,-149.15307783257245
777,1038,96785,-216.62961133474784
777,1039,96856,-86.24057726612529
777,1040,96983,-79.01479957338648
777,1041,97064,-141.49614219193847
777,1042,97164,-333.15793194993773
777,1043,97265,-242.21718918909804
777,1044,97341,-236.03658581577528
777,1045,97404,-64.03017808979865
777,1046,97501,-50.67017738466079
777,1047,97614,-226.80197099309186
777,1048,97707,-116.15644779792737
777,1049,97822,-137.8679185150285
777,1050,97901,-11.573323180422136
777,1051,97970,-100.65018926670157
777,1052,98041,-169.89793370206664
777,1053,98107,-134.31740456125965
777,1054,98184,-275.00380465798344
777,1055,98281,-393.7327060327695
777,1056,98394,-254.5004582486443
777,1057,98457,-63.28110983144603
777,1058,98573,-111.14351981451689
777,1059,98679,-413.9365259861472
777,1060,98764,-163.21852270009063
777,1061,98864,-113.74185334697499
777,1062,98976,-150.00965218957754
777,1063,99064,-131.39830327297483
777,1064,99140,-141.94036273878638
777,1065,99211,-129.2408100832958
777,1066,99304,-341.35058664806644
777,1067,99411,-113.18896881526145
777,1068,99475,-133.9280335025625
777,1069,99559,-296.3684925891299
777,1070,99620,-183.65925561485687
777,1071,99714,-412.540328988189
777,1072,99791,-215.33636455791986
777,1073,99873,-314.64528759641246
777,1074,99981,-301.8382201872936
777,1075,100065,-122.00238589400837
777,1076,100130,-177.1332033111745
777,1077,100228,-101.43357819790096
777,1078,100328,-462.47911188066337
777,1079,100452,-325.82908747674213
777,1080,100544,-96.08362943195944
777,1081,100637,-315.51261539174175
777,1082,100744,-87.76563937590734
777,1083,100818,-117.29603861787352
777,1084,100892,-139.46142910136328
777,1085,100954,-112.42000191465257
777,1086,101063,-180.89727611621794
777,1087,101128,-168.69296597965794
777,1088,101196,-122.42854966365789
777,1089,101294,-167.1572289784911
777,1090,101353,-129.40372796605553
777,1091,101437,-106.27250933033315
777,1092,101545,-337.8271320083452
777,1093,101642,-126.52732383592034
777,1094,101730,-64.92355691140159
777,1095,101846,-194.57395388637806
777,1096,101967,-105.16851826785117
777,1097,102030,-106.60518810320059
777,1098,102093,-138.0092038544835
777,1099,102217,-229.5691961614797
777,1100,102301,-80.12353640256359
777,1101,102364,-117.24300557742708
777,1102,102440,-109.63764045961351
777,1103,102525,-114.24179448887176
777,1104,102622,-134.97595888460071
777,1105,102699,-119.49444903190236
777,1106,102796,-94.01530099647378
777,1107,102866,-215.17654389960438
777,1108,102989,-333.4268595469498
777,1109,103093,-245.37826961023634
777,1110,103166,-217.8979089264788
777,1111,103229,-116.61584207484312
777,1112,103319,-156.58049762251872
777,1113,103434,-213.7039557039906
777,1114,103559,-146.59735103614497
777,1115,103676,-306.62933186462067
777,1116,103743,-108.19666334107146
777,1117,103840,-95.82131306762585
777,1118,103913,-101.91058006019816
777,1119,104008,-151.802290596389
777,1120,104108,-6.637382878695433
777,1121,104217,-131.74979209749944
777,1122,104286,-129.86400078814427
777,1123,104384,-128.86387386031856
777,1124,104473,-207.51935277253318
777,1125,104562,-118.73765439074751
777,1126,104648,-124.96516537864248
777,1127,104768,-155.0021553560675
777,1128,104876,-142.01719184659999
777,1129,104956,-189.22310765392166
777,1130,105043,-129.67341305674051
777,1131,105127,-112.62835341166537
777,1132,105243,-263.6514367251141
777,1133,105312,-233.49358246989868
777,1134,105418,-125.79192834236598
777,1135,105495,-366.84066746722254
777,1136,105589,-137.4292687445829
777,1137,105694,-111.39414539120301
777,1138,105761,-182.13797191114264
777,1139,105841,-91.30426131431938
777,1140,105958,-99.01140666890342
777,1141,106015,-144.58278884842935
777,1142,106112,-355.9780145634769
777,1143,106185,-128.6988691509342
777,1144,106246,-77.63525921264878
777,1145,106338,-144.51501048216068
777,1146,106432,-415.8335802913598
777,1147,106493,-98.32969105119884
777,1148,106567,-218.24982091704038
777,1149,106670,-309.603217251577
777,1150,106760,-176.81827606212755
777,1151,106847,-4.888345636245248
777,1152,106915,-76.0845323524288
777,1153,107023,-117.18863567030682
777,1154,107117,-153.15789367501915
777,1155,107223,-93.74653826465558
777,1156,107348,-291.9360340782308
777,1157,107413,-93.26321592692551
777,1158,107539,-157.90806023592995
777,1159,107630,-225.7582467814429
777,1160,107754,-228.50303795363922
777,1161,107850,-151.82589898277413
777,1162,107986,-112.59246488899056
777,1163,108112,-56.743160471908524
777,1164,108198,-113.81115243947471
777,1165,108265,-71.7455397996127
777,1166,108325,-67.28530306946055
777,1167,108433,-332.06697722662216
777,1168,108516,-148.92365289960838
777,1169,108612,-331.214863041555
777,1170,108690,-86.0404876744507
777,1171,108765,-181.80779792737115
777,1172,108841,-175.21381031103323
777,1173,108952,-204.87704000611876
777,1174,109039,-307.539196799486
777,1175,109148,-164.06458606690336
777,1176,109224,-306.72408548006194
777,1177,109297,-113.72873168417594
777,1178,109389,-395.49760017842254
777,1179,109478,-401.0577192770757
777,1180,109588,-96.29464296181908
777,1181,109650,-108.64265953217837
777,1182,109712,-93.84767999673923
777,1183,109780,-135.86596217066563
777,1184,109883,-3.5609887287418474
777,1185,109951,-81.68756175489116
777,1186,110040,-508.51869894821385
777,1187,110131,-143.9016410553551
777,1188,110224,-246.7867109579553
777,1189,110315,-105.69158226906715
777,1190,110388,-76.76463966833606
777,1191,110471,-99.6134202115899
777,1192,110577,-178.87895803948837
777,1193,110641,-133.14882687455486
777,1194,110752,-210.71189294812362
777,1195,110874,-219.3714259200437
777,1196,110946,-123.68912214759388
777,1197,111041,-280.53895472082945
777,1198,111129,-199.02082786255949
777,1199,111218,-176.25894801460217
777,1200,111279,-89.17056018654202
777,1201,111342,-91.83974922091458
777,1202,111406,-161.9115146299165
777,1203,111499,-320.33723385588667
777,1204,111564,-179.9644215593457
777,1205,111635,-75.23242424075397
777,1206,111724,-301.4218018285335
777,1207,111812,-75.76941855333786
777,1208,111881,-112.7119645551167
777,1209,111990,-136.2039364573078
777,1210,112075,-191.0136479071769
777,1211,112163,-200.87362005492128
777,1212,112280,-147.0134621929949
777,1213,112357,-155.81139693299826
777,1214,112440,-258.05794240147804
777,1215,112506,-107.75707419500893
777,1216,112599,-299.4014228697702
777,1217,112687,-127.68591300704159
777,1218,112794,-291.1113969446393
777,1219,112881,-381.71433077098095
777,1220,112989,-139.84614347535125
777,1221,113062,-127.92286052467738
777,1222,113137,-155.52769189370153
777,1223,113222,-90.00506076692555
777,1224,113335,-399.82326650654363
777,1225,113437,-159.15329461453695
777,1226,113512,-239.83689737691188
777,1227,113582,-118.34981806786581
777,1228,113649,-106.87946263087841
777,1229,113740,-106.73357942636804
777,1230,113856,-87.57899109776537
777,1231,113954,-311.38338000925967
777,1232,114052,-301.4857576849389
777,1233,114160,-364.6842003917793
777,1234,114270,-401.31388951142304
777,1235,114349,-140.53607486308448
777,1236,114413,-83.88360943516005
777,1237,114507,-212.0072407970104
777,1238,114568,-210.28748950273305
777,1239,114646,-76.37011377293358
777,1240,114712,-121.12880196380722
777,1241,114819,-156.88242789833035
777,1242,114951,-8.86893925982659
777,1243,115060,-339.67051381663293
777,1244,115191,-146.43561679655699
777,1245,115251,-208.53062948245
777,1246,115320,-90.50296143190107
777,1247,115408,-129.97132400640163
777,1248,115492,-435.79072974342387
777,1249,115570,-399.69399807205775
777,1250,115672,-287.4540624426795
777,1251,115731,-107.167330067542
777,1252,115825,-183.39382441116192
777,1253,115895,-57.8894510780396
777,1254,115965,-83.11754660256202
777,1255,116089,-85.72013570274548
777,1256,116180,-289.57772419848266
777,1257,116242,-168.2239920036448
777,1258,116323,-73.61608375334986
777,1259,116456,-125.40386088189442
777,1260,116554,-163.18709760922917
777,1261,116625,-104.67889841115505
777,1262,116709,-106.96393339016565
777,1263,116828,-163.32094319605966
777,1264,116905,-135.3123164813133
777,1265,116988,-167.74374913341848
777,1266,117058,-200.26366306548383
777,1267,117135,-270.05123217774883
777,1268,117211,-93.26872448445222
777,1269,117294,-140.62690289072046
777,1270,117371,-378.08210164062535
777,1271,117441,-101.37495284918906
777,1272,117551,-240.76517719321072
777,1273,117664,-215.16849342872192
777,1274,117774,-83.71854532047391
777,1275,117899,-83.808189759227
777,1276,118010,-131.11131447594596
777,1277,118131,-153.89781610559004
777,1278,118243,-116.43129006486278
777,1279,118312,-117.08322012958664
777,1280,118396,-342.70718779664855
777,1281,118463,-199.68280404564004
777,1282,118558,-238.48565714173117
777,1283,118685,-135.67661079858115
777,1284,118795,-317.91463096030213
777,1285,118895,-320.2909744496228
777,1286,118987,-260.1714388379067
777,1287,119099,-287.7578594052945
777,1288,119194,-345.66213317270245
777,1289,119275,-111.42677916473326
777,1290,119358,-102.67844589970093
777,1291,119440,-319.98836413810307
777,1292,119519,-72.57481201571065
777,1293,119618,-242.75418619436135
777,1294,119704,-453.7617944838459
777,1295,119768,-216.38942570699885
777,1296,119831,-123.95907847793725
777,1297,119922,-144.52907231603518
777,1298,120010,-114.85775394039588
777,1299,120093,-131.1324359192802
777,1300,120206,-264.4875311696039
777,1301,120290,-117.32201313600127
777,1302,120362,-267.7635014823695
777,1303,120458,-356.0842717335422
777,1304,120537,-294.03459592554384
777,1305,120646,-182.05253689831335
777,1306,120754,-226.0227656400259
777,1307,120842,-332.2693820837013
777,1308,120952,-98.92915079958541
777,1309,121057,-201.77471034367787
777,1310,121166,-87.1947825306911
777,1311,121273,-142.33736838307027
777,1312,121335,-144.73011040585445
777,1313,121399,-211.53355304979198
777,1314,121469,-53.30756623597553
777,1315,121561,-460.3521351710138
777,1316,121662,-188.00574344398797
777,1317,121747,-172.0618986530895
777,1318,121828,-400.05544305837236
777,1319,121922,-265.3323100746867
777,1320,121995,-85.3938936048936
777,1321,122067,-93.78900226409029
777,1322,122172,-145.06595254468547
777,1323,122278,-608.3585410625634
777,1324,122349,-143.54486811996838
777,1325,122434,-226.60274856653447
777,1326,122530,-221.5513615752551
777,1327,122630,-60.32879772069684
777,1328,122700,-78.46255015177928
777,1329,122764,-156.65395416026936
777,1330,122862,-129.35619734670613
777,1331,122949,-336.9757111549304
777,1332,123084,-44.766073988803065
777,1333,123148,-120.83128287110551
777,1334,123213,-94.74573347866087
777,1335,123308,-342.91578465766906
777,1336,123415,-301.82149830398345
777,1337,123491,-109.55323612054605
777,1338,123562,-47.323557678591825
777,1339,123637,-139.57772446455056
777,1340,123720,-137.83949830033083
777,1341,123799,-305.0697367835446
777,1342,123904,-174.5477626544036
777,1343,123989,-214.70108775249565
777,1344,124086,-128.05423998382554
777,1345,124202,-44.388749354968
777,1346,124279,-191.13138071078527
777,1347,124373,-315.6918381191589
777,1348,124429,-115.35408857221123
777,1349,124515,-133.42381723179895
777,1350,124607,-377.8156036910401
777,1351,124711,-193.83530007527648
777,1352,124811,-129.50749938047358
777,1353,124915,-318.6082558320089
777,1354,125011,-102.3713999391718
777,1355,125128,-248.20622180932781
777,1356,125246,-228.4418689444565
777,1357,125330,-242.9879312609485
777,1358,125409,-110.03116282619199
777,1359,125487,-215.41855151590465
777,1360,125602,-334.45755357873503
777,1361,125677,-73.43946601715857
777,1362,125746,-130.44593176053888
777,1363,125819,-92.88912597044649
777,1364,125925,-412.83462554819914
777,1365,126003,-59.45380498903401
777,1366,126126,-236.08505709931728
777,1367,126204,-121.18929685824175
777,1368,126285,-86.94579557948249
777,1369,126409,-50.9590726932113
777,1370,126505,-113.33750477003007
777,1371,126587,-140.422481367359
777,1372,126688,-103.03139129087586
777,1373,126761,-115.71508319052528
777,1374,126836,-139.05935448841353
777,1375,126969,-125.94993882388962
777,1376,127038,-97.57662715545614
777,1377,127128,-356.1363638947374
777,1378,127213,-444.03726359052934
777,1379,127325,-371.54325945372887
777,1380,127418,-172.3986665053217
777,1381,127477,-83.32795788601851
777,1382,127539,-70.65346170638679
777,1383,127630,-191.90323446834878
777,1384,127713,-157.21420341470233
777,1385,127822,-226.9597494568452
777,1386,127899,-98.05508997844049
777,1387,127979,-13.007019557320504
777,1388,128048,-74.82029622918523
777,1389,128154,-110.70284942375024
777,1390,128279,-176.5771251780679
777,1391,128347,-153.1445657331381
777,1392,128435,-134.74031932322208
777,1393,128504,-321.7771597798778
777,1394,128579,-66.47043851729309
777,1395,128685,-380.1140204385196
777,1396,128752,-93.48392892623197
777,1397,128822,-288.59590702187313
777,1398,128927,-137.31248380458712
777,1399,129021,-450.9058109229839
777,1400,129085,-77.87956202156244
777,1401,129181,-125.69144062030233
777,1402,129253,-104.39240020270418
777,1403,129334,-329.366955592518
777,1404,129402,-113.47363193133114
777,1405,129508,-402.32214640274924
777,1406,129589,-136.24893047212547
777,1407,129657,-132.619507502722
777,1408,129763,-377.1322224592747
777,1409,129836,-66.77532874026072
777,1410,129917,-88.80639065392324
777,1411,130028,-219.90812703138513
777,1412,130131,-101.77237246948286
777,1413,130232,-155.09149823913538
777,1414,130314,-111.71903274068261
777,1415,130396,-128.85923220934941
777,1416,130459,-63.28699822096914
777,1417,130557,-133.0474584360359
777,1418,130637,-44.54453878442318
777,1419,130735,-29.73146228926251
777,1420,130823,-455.3038009610195
777,1421,130910,-58.78040056608725
777,1422,131017,-180.07060415295518
777,1423,131112,-144.7020838630187
777,1424,131170,-172.86705896775993
777,1425,131231,-96.79166896642468
777,1426,131307,-367.43271004778774
777,1427,131404,-213.6876504693857
777,1428,131481,-72.60176891269137
777,1429,131534,-104.44571918578788
777,1430,131644,-244.25093015464287
777,1431,131707,-128.69155037641087
777,1432,131809,-348.8446714643836
777,1433,131865,-89.90447755528677
777,1434,132865,53.41296290592675
777,1435,132956,-188.66910704504954
777,1436,133052,-111.24600856723784
777,1437,133153,-216.33639708541182
777,1438,133213,-159.28119889449283
777,1439,133275,-153.36417985047453
777,1440,133380,-116.90340993185721
777,1441,133454,-383.3083034439927
777,1442,133533,-77.44815270697968
777,1443,133644,-130.55689815855024
777,1444,133717,-162.26674416463578
777,1445,133808,-264.156527742663
777,1446,133904,-350.5588152241282
777,1447,133999,-429.91762556317065
777,1448,134077,-155.42604245243683
777,1449,134170,-288.72283149937084
777,1450,134264,-426.2535421520052
777,1451,134360,-371.8575620612372
777,1452,134445,-325.42784521126
777,1453,134524,-110.33913841790465
777,1454,134598,-235.87748990235718
777,1455,134714,-270.72162910073075
777,1456,134825,-107.17037383033676
777,1457,134903,-92.5463995595471
777,1458,135028,-188.72230519408393
777,1459,135113,-321.75982668322274
777,1460,135221,-152.96561159598167
777,1461,135316,-402.06579696514234
777,1462,135411,-93.69926660102293
777,1463,135528,-444.7051590267081
777,1464,135624,-90.51751434607236
777,1465,135720,-118.71857507286326
777,1466,135823,-447.59565488560725
777,1467,135887,-154.63889658467306
777,1468,135956,-93.66775036935034
777,1469,136067,-328.3456760995489
777,1470,136171,-328.8172881115735
777,1471,136250,-180.02626719210588
777,1472,136358,-172.6589303439181
777,1473,136456,-129.10862431423521
777,1474,136576,-285.2304621023262
777,1475,136648,-203.77393514230033
777,1476,136774,-245.78821720805416
777,1477,136885,-130.1902591026137
777,1478,136949,-61.63663664706066
777,1479,137055,-233.927029877298
777,1480,137190,-167.07880712592834
777,1481,137297,-29.485990692149926
777,1482,137408,-131.2064104955391
777,1483,137476,-122.56394334260068
777,1484,137561,-214.8985613977681
777,1485,137663,-216.75331078906487
777,1486,137735,-166.72861791220163
777,1487,137825,-167.2448856200313
777,1488,137896,-154.9802427390519
777,1489,137969,-90.36489124635186
777,1490,138073,-176.2497894482116
777,1491,138169,-136.79682811529122
777,1492,138249,-1.9133962159270652
777,1493,138355,-388.55618388202566
777,1494,138449,-136.0257204551025
777,1495,138529,-101.2586347465903
777,1496,138652,-16.614041655563
777,1497,138733,-151.2599825083385
777,1498,138873,-11.91451441244395
777,1499,138952,-145.08714444702622
777,1500,139026,-108.69135521464523
777,1501,139139,-247.56603727987957
777,1502,139247,-281.2914330067786
777,1503,139347,-429.17065543261333
777,1504,139428,-182.29017825746115
777,1505,139500,-120.26974932703342
777,1506,139617,-210.49018460399284
777,1507,139721,-332.85615296671057
777,1508,139831,-103.6208219403459
777,1509,139896,-92.91442801932679
777,1510,139966,-132.5079850025876
777,1511,140050,-406.4878667741623
777,1512,140132,-154.65408288712163
777,1513,140241,-212.81813563758521
777,1514,140324,-122.78353672553709
777,1515,140414,-452.38946022155426
777,1516,140473,-92.66791128949629
777,1517,140531,-158.2496051442805
777,1518,140609,-147.21095321177017
777,1519,140728,-279.02375420976
777,1520,140816,-132.71580162279315
777,1521,140889,-71.70516586069587
777,1522,140977,-121.37837826383142
777,1523,141112,-457.18816388069376
777,1524,141214,-204.73399518269952
777,1525,141313,-122.93897175231103
777,1526,141407,-147.1481897507947
777,1527,141499,-215.7183132248557
777,1528,141619,-353.91208216895564
777,1529,141690,-68.50713038391636
777,1530,141752,-101.51020585352688
777,1531,141860,-108.5615303702343
777,1532,141928,-105.94689115521517
777,1533,142034,-286.33354979014626
777,1534,142128,-115.25842328446971
777,1535,142210,-210.73444462149797
777,1536,142322,-107.92853100027035
777,1537,142395,-125.73059741476976
777,1538,142456,-61.07745357645133
777,1539,142524,-180.14990666691313
777,1540,142611,-119.83357507105575
777,1541,142685,-153.6962548031497
777,1542,142748,-79.37265347468994
777,1543,142815,-94.80337985525668
777,1544,142877,-91.89308492139381
777,1545,142956,-94.15861244030373
777,1546,143084,7.356877125068223
777,1547,143219,-4.876538701982383
777,1548,143307,-269.9255866498926
777,1549,143409,-171.39595181694284
777,1550,143498,-95.32840303445295
777,1551,143578,-275.6021516587019
777,1552,143643,-212.10661543271402
777,1553,143728,-62.20699218264643
777,1554,143817,-298.7506152075879
777,1555,143878,-52.779729227158896
777,1556,143976,-284.69672169222144
777,1557,144080,-186.2331815880814
777,1558,144174,-354.62246261556044
777,1559,144265,-326.97517988096234
777,1560,144371,-153.83569311332258
777,1561,144448,-114.50322832921631
777,1562,144529,-190.76482491101265
777,1563,144639,-218.24189697800128
777,1564,144734,-174.208817510091
777,1565,144812,-133.9087074276987
777,1566,144910,-80.08093135680937
777,1567,145021,-439.9576364179917
777,1568,145143,-129.11854888735826
777,1569,145222,-138.79166365218782
777,1570,145323,-291.9209345229071
777,1571,145379,-100.01573142870596
777,1572,145550,41.675710661577455
777,1573,145678,-235.84667287600044
777,1574,145795,-282.4353812381928
777,1575,145900,-110.64588467038048
777,1576,146026,-302.3244815104513
777,1577,146140,-185.06171368175012
777,1578,146214,-213.5483311056205
777,1579,146284,-104.74521455532307
777,1580,146362,-263.80768749819987
777,1581,146452,-73.58920368981522
777,1582,146539,-87.85394556784698
777,1583,146655,-99.86099374327752
777,1584,146784,-143.65529566190528
777,1585,146894,-223.2637756911058
777,1586,146973,-144.7514805824485
777,1587,147039,-91.08007449337802
777,1588,147136,-331.4485151983444
777,1589,147201,-119.09987433314188
777,1590,147312,-105.98583011276797
777,1591,147384,-117.64625330140697
777,1592,147489,-227.9565363305088
777,1593,147602,-305.5126704774924
777,1594,147710,-120.14106548551618
777,1595,147802,-114.90977948482833
777,1596,147903,-261.34244391435806
777,1597,147972,-249.6699128678737
777,1598,148089,-150.50925366490657
777,1599,148154,-100.14902803639634
777,1600,148264,-140.33812091410172
777,1601,148366,-390.4851060728449
777,1602,148495,-375.30340003586736
777,1603,148574,-214.54809382591083
777,1604,148711,-135.30106349557386
777,1605,148814,-356.442384862391
777,1606,148885,-96.52960558719312
777,1607,148974,-380.067958738108
777,1608,149093,-201.47661441185437
777,1609,149166,-446.9838742262677
777,1610,149244,-137.45956422892004
777,1611,149325,-9.203662178500778
777,1612,149411,-77.87317512227814
777,1613,149503,-129.12500231061455
777,1614,149596,-306.72369289276173
777,1615,149681,-125.27747588635066
777,1616,149746,-227.35085177751836
777,1617,149803,-125.84496972344628
777,1618,149914,-229.90848089883178
777,1619,150033,-119.4465917442136
777,1620,150115,-98.41960836385988
777,1621,150189,-132.74774481264978
777,1622,150294,-111.30395382567919
777,1623,150363,-141.9532769758465
777,1624,150425,-75.88255538663566
777,1625,150483,-105.54664330132428
777,1626,150550,-110.27422210454492
777,1627,150663,-273.2032127902967
777,1628,150760,-189.14993739135667
777,1629,150836,-151.42166529799812
777,1630,150940,-207.68666346996332
777,1631,151001,-105.69654553400436
777,1632,151082,-139.62819081703066
777,1633,151180,-192.22288005457972
777,1634,151283,-285.893149758178
777,1635,151382,-38.81045848153103
777,1636,151454,-121.5787393123967
777,1637,151569,-205.1960795633025
777,1638,151686,-22.192923151757967
777,1639,151794,-191.20462489972536
777,1640,151862,-150.1321733643273
777,1641,151945,-204.80710193474988
777,1642,152050,-276.83327354993776
777,1643,152160,-139.9564313302167
777,1644,152265,-105.19892580947062
777,1645,152325,-83.61906413024529
777,1646,152418,-149.99101940219867
777,1647,152501,-140.85447754802755
777,1648,152576,-188.90704673971936
777,1649,152663,-172.94606436598076
777,1650,152725,-87.14166666790936
777,1651,152792,-241.4795467360052
777,1652,152861,-124.78752496084448
777,1653,152967,-49.740275887105895
777,1654,153031,-113.71130002881524
777,1655,153142,-331.68801076475944
777,1656,153223,-179.15898280091926
777,1657,153311,-178.31880144049848
777,1658,153375,-99.63850717908208
777,1659,153441,-173.99792364544345
777,1660,153567,-223.65084549028305
777,1661,153645,-93.06799497275941
777,1662,153736,-148.63057922924833
777,1663,153804,-71.89402989545971
777,1664,153910,-183.13191936137815
777,1665,153997,-245.95653904496362
777,1666,154095,-457.0983029644038
777,1667,154170,-114.63431362642532
777,1668,154292,-138.76687226049316
777,1669,154383,-372.09439001165157
777,1670,154520,-154.24612831443963
777,1671,154589,-59.72594541918922
777,1672,154651,-179.41336101791558
777,1673,154714,-60.78154303283165
777,1674,154829,-170.10616076297887
777,1675,154937,-256.1601752480666
777,1676,155027,-87.10300931090002
777,1677,155141,-93.37553450846582
777,1678,155201,-204.8606330195189
777,1679,155269,-174.14483133934073
777,1680,155342,-144.28856341575107
777,1681,155450,-200.23425316626276
777,1682,155533,-311.6406243811002
777,1683,155632,-486.6348524105046
777,1684,155750,-269.7233052059688
777,1685,155864,-113.65379839615197
777,1686,155952,-25.428547007665045
777,1687,156018,-61.45254508014031
777,1688,156086,-135.73393287193002
777,1689,156180,-346.7343859880736
777,1690,156248,-84.50180175068651
777,1691,156328,-287.554813431708
777,1692,156428,-485.90639389071254
777,1693,156556,-224.88327564710738
777,1694,156675,-289.9827771785457
777,1695,156783,-85.27001871361554
777,1696,156850,-102.32658075600787
777,1697,156968,-396.2631204941644
777,1698,157094,-306.50322722395697
777,1699,157192,-86.73940650116137
777,1700,157261,-113.9950267623244
777,1701,157386,-136.5908258356887
777,1702,157444,-73.73034012812086
777,1703,157516,-104.42536823494963
777,1704,157607,-155.05305405082095
777,1705,157685,-116.6519146828544
777,1706,157774,10.387953959963198
777,1707,157839,-77.65532317741766
777,1708,157910,-90.25158101792904
777,1709,158037,-359.0169161418429
777,1710,158138,-248.0325970615191
777,1711,158204,-109.53797153580058
777,1712,158265,-111.51158378298636
777,1713,158361,-197.99431144500056
777,1714,158444,-107.61986230818214
777,1715,158515,-307.6243015964259
777,1716,158624,-114.31882959957628
777,1717,158738,-210.7557233492044
777,1718,158824,-180.64481541969553
777,1719,158947,4.020194814115257
777,1720,159023,-179.82671928088408
777,1721,159116,-235.0022241707678
777,1722,159199,-163.91350028739606
777,1723,159279,-159.73774361048817
777,1724,159345,-178.9809258815098
777,1725,159430,-192.5044791478563
777,1726,159522,-208.36013522669333
777,1727,159640,-215.18452852338305
777,1728,159708,-123.08547653654131
777,1729,159820,-191.84308891531379
777,1730,159939,-292.62816114332986
777,1731,160025,-115.83275096986267
777,1732,160106,-127.52966119843065
777,1733,160198,-96.68357529059877
777,1734,160329,-260.4122458172512
777,1735,160407,-207.10745815589542
777,1736,160480,-97.11109749337074
777,1737,160555,-105.87678152108576
777,1738,160634,-163.5296813354821
777,1739,160744,-418.03244124382184
777,1740,160830,-127.28559763853022
777,1741,160909,-64.90518246202596
777,1742,161038,-234.78805731503118
777,1743,161116,-190.63190522514543
777,1744,161188,-120.28570638236289
777,1745,161278,-420.3054432561837
777,1746,161376,-142.67486936415366
777,1747,161440,-56.71149249793197
777,1748,161535,-397.4950305820463
777,1749,161637,-174.98843241162893
777,1750,161752,-275.8328173153726
777,1751,161840,-199.6232280794792
777,1752,161950,-417.05072114165836
777,1753,162020,-95.14227877700691
777,1754,162096,-115.13598689192855
777,1755,162219,-205.3838681300766
777,1756,162316,-114.63881218218978
777,1757,162379,-117.30876773776387
777,1758,162439,-88.05245825552045
777,1759,162535,-104.55555300796867
777,1760,162616,-256.22884111942733
777,1761,162732,-42.429849252050985
777,1762,162828,-401.1868740113856
777,1763,162890,-64.75131454424854
777,1764,163015,-255.71124484908646
777,1765,163124,-180.40820524134836
777,1766,163227,-443.92403148722997
777,1767,163315,-325.3825704413631
777,1768,164315,81.45403926288058
777,1769,164416,-368.0132482582897
777,1770,164505,-162.04321088403145
777,1771,164580,-113.6958066844382
777,1772,164684,-107.35847832668077
777,1773,164744,-205.1730348863111
777,1774,164882,-28.293280108982316
777,1775,164948,-78.23954482492793
777,1776,165063,-78.87392968682201
777,1777,165184,-62.64972769323487
777,1778,165276,-88.51080458145961
777,1779,165338,-64.68814725960273
777,1780,165421,-133.6944920716192
777,1781,165552,-265.4776640763535
777,1782,165623,-187.64558069504625
777,1783,165696,-131.88662450569342
777,1784,165760,-128.82538982385498
777,1785,165875,-365.6622151779354
777,1786,166008,-268.0723173553546
777,1787,166081,-66.27605454450443
777,1788,166153,-382.48157383168575
777,1789,166257,-152.13735565219645
777,1790,166348,-129.394917619144
777,1791,166462,-117.87206224307339
777,1792,166522,-134.75447913631797
777,1793,166606,-140.2189013108
777,1794,166731,-258.19090150692045
777,1795,166806,-153.19629908545994
777,1796,166912,-220.03085807164993
777,1797,167039,-276.08531838091426
777,1798,167109,-226.03300582429216
777,1799,167178,-71.75811962548424
777,1800,167255,-161.79577302160845
777,1801,167326,-248.63799968811986
777,1802,167425,-213.35767944963504
777,1803,167487,-112.77409648912445
777,1804,167566,-286.2464864501078
777,1805,167645,-125.3678485374017
777,1806,167727,-113.84935197366968
777,1807,167804,-19.750397732433925
777,1808,167873,-108.07693839676207
777,1809,167972,-227.8246716941125
777,1810,168053,-236.07618867135253
777,1811,168170,-315.9634972393878
777,1812,168230,-212.3649001428356
777,1813,168296,-118.22787117159913
777,1814,168363,-328.54369761484026
777,1815,168442,-279.2672430409622
777,1816,168529,-262.36137677215174
777,1817,168629,-363.7811094502741
777,1818,168744,-448.2453894901919
777,1819,168842,-5.7492687159698335
777,1820,168910,-142.77818018348165
777,1821,169024,-212.41630617721512
777,1822,169106,-111.36671245163292
777,1823,169195,-74.01464168047019
777,1824,169308,-427.27287078211674
777,1825,169392,-282.20473357501703
777,1826,169450,-128.8970264522888
777,1827,169543,-140.80154740555136
777,1828,169600,-114.17399853436929
777,1829,169693,-127.48982307537653
777,1830,169763,-124.92036541121139
777,1831,169857,-340.9771677433797
777,1832,169963,-179.82839633592346
777,1833,170091,-285.8098660326293
777,1834,170206,-116.48319587408027
777,1835,170271,-189.1832864396634
777,1836,170365,-95.54643788470253
777,1837,170437,-240.36303829520318
777,1838,170521,-265.96901490427217
777,1839,170605,-124.2908905127028
777,1840,170729,-233.2808133745797
777,1841,170816,-359.28965801470184
777,1842,170918,-466.0931476741383
777,1843,171037,-254.79003678733264
777,1844,171124,9.594976439485663
777,1845,171209,-177.62585843026187
777,1846,171340,-230.2911384295657
777,1847,171433,-256.1323100003252
777,1848,171547,-218.5711778551077
777,1849,171656,-254.10322469056715
777,1850,171715,-86.16274501398865
777,1851,171790,-216.14127868057136
777,1852,171871,-200.90609673814896
777,1853,171934,-204.82684661721305
777,1854,172010,-84.65797679336634
777,1855,172092,-158.42703959258841
777,1856,172165,-140.74761400255764
777,1857,172264,26.80333934843364
777,1858,172387,-24.826491135689153
777,1859,172512,-150.96368834062667
777,1860,172625,-380.04664050144225
777,1861,172691,-92.82420915382488
777,1862,172766,-33.81474693189645
777,1863,172852,-120.64534063985198
777,1864,172961,-157.34354118417764
777,1865,173031,-105.34440104456945
777,1866,173130,-112.94373046352406
777,1867,173195,-113.57576608745075
777,1868,173268,-72.34617560794558
777,1869,173350,-116.75061422647099
777,1870,173473,-149.75133904877796
777,1871,173565,-438.926818858137
777,1872,173639,-218.0865677225636
777,1873,173740,-120.01459275705902
777,1874,173860,-1.6569887436226338
777,1875,173941,-238.17930228163812
777,1876,174049,-295.67533806456714
777,1877,174154,-341.42897221313774
777,1878,174226,-77.03420931089296
777,1879,174311,-114.29691770375628
777,1880,174415,-135.86533890459197
777,1881,174488,-128.3460338577127
777,1882,174578,-140.60026666013414
777,1883,174657,-109.8741558119601
777,1884,174746,-324.3890845382077
777,1885,174865,-127.33151510484302
777,1886,174983,-198.80636348797174
777,1887,175058,-97.4384887117824
777,1888,175159,-222.5291506710275
777,1889,175237,-97.21881250438646
777,1890,175411,-46.034405885744086
777,1891,175505,-224.0162542313114
777,1892,175579,-77.73621875147731
777,1893,175655,-183.896259611044
777,1894,175734,-259.4475142427661
777,1895,175822,-130.98115669923044
777,1896,175925,-132.8618989772472
777,1897,176030,-154.17001728270168
777,1898,176141,-66.50576900444105
777,1899,176211,-68.16367299711345
777,1900,176298,-289.5306332552441
777,1901,176363,-152.81711583350588
777,1902,176434,-190.2137224196933
777,1903,176516,-251.0402328335446
777,1904,176577,-70.1521338351383
777,1905,176664,-304.35480235516883
777,1906,176786,-237.4186790750032
777,1907,176855,-177.5227328094972
777,1908,176924,-163.99115814735453
777,1909,177006,-204.20243309238498
777,1910,177063,-122.93996086219869
777,1911,177152,-348.5170113191722
777,1912,177246,-39.39844291925597
777,1913,177348,-477.9039776186521
777,1914,177430,-154.28994911672618
777,1915,177531,-275.0696087749611
777,1916,177612,-154.986248431347
777,1917,177675,-106.86577805318811
777,1918,177746,-124.24663283880193
777,1919,177826,-114.18253168394736
777,1920,177901,-103.24427713828882
777,1921,177988,-105.91648881845053
777,1922,178060,-97.95735601539161
777,1923,178118,-181.34480114404957
777,1924,178223,-209.1846219507492
777,1925,178339,-166.03593092150305
777,1926,178411,-120.12508597139819
777,1927,178515,-178.4940642728112
777,1928,178610,-78.72169510833064
777,1929,178735,-200.91112120944683
777,1930,178809,-224.07040191660448
777,1931,178977,-169.09326673464773
777,1932,179076,-27.263402185552252
777,1933,179191,-122.1179033300117
777,1934,179279,-185.27215126966576
777,1935,179358,42.432249036135914
777,1936,179456,-126.30533870266649
777,1937,179539,-416.7212720943116
777,1938,179667,-376.9564598301864
777,1939,179727,-119.9832379142525
777,1940,179829,-457.75603024901056
777,1941,179900,-123.86825197199488
777,1942,180011,-410.2741226508849
777,1943,180144,-123.03156586569736
777,1944,180289,-212.1615241366909
777,1945,180356,-82.07107326423889
777,1946,180419,-86.69980623667111
777,1947,180514,-85.12738622322357
777,1948,180630,-331.5768331921335
777,1949,180700,-80.74259196730645
777,1950,180796,-251.4309099558966
777,1951,180854,-179.43413240858496
777,1952,180979,-347.95932393755635
777,1953,181052,-258.5506455024872
777,1954,181120,-81.3033213791673
777,1955,181217,-114.0131308141545
777,1956,181313,-200.18168302659154
777,1957,181393,-151.8671708097542
777,1958,181466,-366.77841421619803
777,1959,181541,-108.41314053051478
777,1960,181605,-126.52164056799292
777,1961,181737,-174.25590013240313
777,1962,181824,-146.7957720678806
777,1963,181928,-243.09225953405132
777,1964,181997,-114.3016893948563
777,1965,182110,-117.58772653377892
777,1966,182188,-136.66323291109654
777,1967,182291,-322.5996235834954
777,1968,182353,-83.77472844107923
777,1969,182458,-286.6635533038171
777,1970,182529,-103.86782257387821
777,1971,182648,-121.33104512930207
777,1972,182748,-312.45702149116585
777,1973,182841,-390.18171149404657
777,1974,182909,-204.466182507018
777,1975,182994,-154.5656062026212
777,1976,183085,-299.91776119916926
777,1977,183166,-389.9699270282498
777,1978,183233,-165.6328533406067
777,1979,183329,-120.80159472958258
777,1980,183437,-159.9817895651662
777,1981,183531,-270.34591583918177
777,1982,183590,-141.2232675255737
777,1983,183652,-20.591892417971096
777,1984,183725,-324.8317050048099
777,1985,183800,-230.26146288434452
777,1986,183865,-251.45006389945993
777,1987,183975,-468.8212206629836
777,1988,184050,-138.5118905445469
777,1989,184131,-404.75348969814326
777,1990,184193,-102.18380780778531
777,1991,184305,-340.1016221164087
777,1992,184370,-229.43986497240545
777,1993,184466,-7.296104791778134
777,1994,184533,-9.146685806317777
777,1995,184609,-204.42979849596537
777,1996,184723,-131.65895803297994
777,1997,184801,-300.1162369112435
777,1998,184877,-95.42604811104131
777,1999,185010,-380.9685159033248
777,2000,185091,-107.23002654597077
777,2001,185163,-274.40195733419677
777,2002,185278,-146.36802528234574
777,2003,185340,-135.32907460070498
777,2004,185437,-406.8329776905109
777,2005,185545,-20.781629035505915
777,2006,185654,-140.22810885103098
777,2007,185719,-292.6686952832754
777,2008,185813,-3.5533556220559745
777,2009,185895,-361.056883305046
777,2010,185996,-265.5569066825292
777,2011,186072,-95.91212613280668
777,2012,186163,-78.54112003643047
777,2013,186294,-301.86902967680123
777,2014,186403,-82.34485070902
777,2015,186494,-108.65855616749975
777,2016,186606,-358.53162276282865
777,2017,186696,-191.32215136924225
777,2018,186761,-112.15894227814543
777,2019,186840,-146.74463176113144
777,2020,186904,-78.26645010935823
777,2021,186979,-114.32275641804993
777,2022,187045,-120.22345435860572
777,2023,187175,-5.262928505824945
777,2024,187258,-132.30190746557105
777,2025,187372,-323.8676345235907
777,2026,187502,-386.4605938900971
777,2027,187575,-275.6691929770414
777,2028,187639,-117.63345759303687
777,2029,187759,-96.04855909699356
777,2030,187826,-90.63431028083212
777,2031,187890,-101.92642231545378
777,2032,187960,-115.1885587430167
777,2033,188034,-191.09339512487412
777,2034,188102,-124.00314298357844
777,2035,188241,-318.49966910369676
777,2036,188304,-168.2629508977957
777,2037,188392,-226.18899083867043
777,2038,188497,-348.31850829843603
777,2039,188563,-204.41585445676975
777,2040,188653,-145.48430863129113
777,2041,188742,-117.13878512992729
777,2042,188853,-144.3184381850832
777,2043,188960,-122.6061500181693
777,2044,189050,-106.16500419621032
777,2045,189124,-138.84065051332936
777,2046,189230,-125.98576648704109
777,2047,189319,-435.8275083300248
777,2048,189426,-179.08801111864938
777,2049,189491,-93.67993482371382
777,2050,189611,-112.05500276129322
777,2051,189695,-167.9710339880559
777,2052,189802,-113.99549789028822
777,2053,189902,-166.4375019140959
777,2054,189977,-91.30453567818408
777,2055,190036,-78.2479635459033
777,2056,190110,-97.86823795739905
777,2057,190188,-299.83878610062027
777,2058,190271,-354.5208028804045
777,2059,190366,-297.25276727851167
777,2060,190454,-259.16384685338727
777,2061,190553,-276.6756340347327
777,2062,190647,-347.3932529061858
777,2063,190715,-234.57481212943048
777,2064,190808,-178.18044912485743
777,2065,190897,-353.64673344018195
777,2066,190982,-139.6740412369245
777,2067,191089,-32.21254208758738
777,2068,191153,-105.25724499188327
777,2069,191211,-88.61848281268901
777,2070,191315,-181.7468356597114
777,2071,191405,-218.21853724846034
777,2072,191508,-430.9889398995848
777,2073,191571,-74.8237786731788
777,2074,191661,-215.8070842663596
777,2075,191760,-82.95559051327447
777,2076,191877,-214.08622580666565
777,2077,191973,-350.45525687559996
777,2078,192064,-182.501839092672
777,2079,192197,-78.94142987797207
777,2080,192260,-97.23224029972782
777,2081,192325,-205.35635133168518
777,2082,192401,-115.64783776650815
777,2083,192503,-130.78102277350405
777,2084,192602,-114.43146186541838
777,2085,192687,-235.96600136811685
777,2086,192752,-144.56429084484984
777,2087,192846,-120.07574474692362
777,2088,192912,-144.41924075547234
777,2089,192991,-126.69503727768598
777,2090,193113,-125.86969278555034
777,2091,193194,-246.08228562055544
777,2092,193268,-194.92490501395142
777,2093,193356,-178.25226724367946
777,2094,193422,-102.30887591654856
777,2095,193482,-96.89659760802188
777,2096,193549,-122.15946931335752
777,2097,193639,-220.36791828849653
777,2098,193732,-146.43844473461394
777,2099,193818,-225.03854372341942
777,2100,193906,-247.7216727257346
777,2101,193988,-180.3769982639305
777,2102,194057,-119.08839202681254
777,2103,194110,-143.38900692397036
777,2104,194190,-115.73309549938507
777,2105,194312,-189.14675702881863
777,2106,194406,-436.42033863977844
777,2107,194523,-188.2957920474737
777,2108,194642,-178.43406501246704
777,2109,194778,-151.68026554229272
777,2110,194851,-70.26156700015204
777,2111,194921,-133.31061010906907
777,2112,194987,-131.43585653353153
777,2113,195060,-122.1249393942217
777,2114,195180,-361.15054961244624
777,2115,195255,-209.51375073003473
777,2116,195382,-309.62135352766825
777,2117,195466,-130.86389349316343
777,2118,195588,-188.16000910525614
777,2119,195691,-133.63799881760693
777,2120,195787,-134.27342106191753
777,2121,195893,-435.1530599354058
777,2122,195966,-90.61666613156223
777,2123,196040,-148.90249164512576
777,2124,196116,-215.09077817938038
777,2125,196181,-96.43450945442528
777,2126,196279,-238.09680619269326
777,2127,196373,-419.00650669416
777,2128,196481,-159.3839222529954
777,2129,196544,-112.4827802169508
777,2130,196632,-312.9629415269348
777,2131,196718,-393.67787921647516
777,2132,196836,-140.56503038464234
777,2133,196907,-230.3498594970491
777,2134,197019,-215.5551650571237
777,2135,197119,-91.02774178850656
777,2136,197186,-109.68233763727832
777,2137,197286,-302.67773798410013
777,2138,197374,-101.59699468907566
777,2139,197448,-70.71929254019803
777,2140,197531,-233.63466919732215
777,2141,197641,-93.24796359463967
777,2142,197703,-137.75600181583536
777,2143,197801,-541.5908738220907
777,2144,197878,-138.2458926836389
777,2145,197957,-120.39275809211244
777,2146,198057,-362.7804749356327
777,2147,198120,-109.02694997015223
777,2148,198221,-23.31803210942772
777,2149,198298,-392.50107579832667
777,2150,198416,-140.22627223963428
777,2151,198503,-211.30240982092175
777,2152,198592,-224.19862429572603
777,2153,198709,-204.97317714757628
777,2154,198802,-265.87276928238475
777,2155,198877,-195.4608092279627
777,2156,198950,-127.05471934900002
777,2157,199055,-125.79648154684843
777,2158,199124,-232.74207006169866
777,2159,199188,-172.43751907616897
777,2160,199250,-83.18203325482239
777,2161,199347,-220.24312446104744
777,2162,199443,-271.81540994217465
777,2163,199524,-131.21503274308355
777,2164,199593,-99.57108251453158
777,2165,199686,-110.4770554511147
777,2166,199766,-111.18736836674117
777,2167,199848,-214.47901235936004
777,2168,199951,-51.08540070732095
777,2169,200029,-301.0591611186368
777,2170,200108,-275.21605613830434
777,2171,200216,-275.42719141196966
777,2172,200303,-257.6276355525358
777,2173,200386,-105.95137850022985
777,2174,200487,-310.60409958818013
777,2175,200557,-270.96412458422355
777,2176,200660,-346.9953242870541
777,2177,200757,-459.5810250630232
777,2178,200824,-120.29447258656319
777,2179,200912,-133.53052668900753
777,2180,201011,-112.08019920684069
777,2181,201127,-153.39994358348898
777,2182,201223,-99.5458455444526
777,2183,201310,-242.4716356647887
777,2184,201423,-230.60017396308
777,2185,201492,-72.5206974866398
777,2186,201622,-176.23243564763632
777,2187,201736,-416.8352422325116
777,2188,201817,-85.7903125774384
777,2189,201914,-187.35960518545465
777,2190,202007,-285.73921504199643
777,2191,202113,-151.97514794397202
777,2192,202176,-100.77566517143771
777,2193,202265,-163.24642905904744
777,2194,202326,-91.90827814437272
777,2195,202415,-121.81332250474148
777,2196,202516,-122.89489675174602
777,2197,202635,-150.6305348633331
777,2198,202702,-304.1210816183159
777,2199,202822,28.879178797139332
777,2200,202905,-149.04202221334168
777,2201,202977,-104.94402229904495
777,2202,203069,-140.93088957959264
777,2203,203150,-144.82278575663287
777,2204,203276,-186.92291823414806
777,2205,203353,-127.31260186803068
777,2206,203471,-145.52157888831005
777,2207,203552,-442.32929249982004
777,2208,203632,-261.87673647695044
777,2209,203735,-100.92415349990233
777,2210,203834,-317.45007536157436
777,2211,203944,-166.18670955892412
777,2212,204011,-81.30987550847527
777,2213,204129,-194.8216072343718
777,2214,204193,-96.61799467551117
777,2215,204252,-99.71744335120793
777,2216,204341,-123.60586618439334
777,2217,204402,-81.96675916246019
777,2218,204483,-410.966231784416
777,2219,204601,-213.29536049737118
777,2220,204678,-178.92369585838776
777,2221,204746,-145.58096012815918
777,2222,204881,-167.76134583686178
777,2223,204983,-133.70130766830889
777,2224,205041,-141.95800514467572
777,2225,205152,-188.4899539178444
777,2226,205275,-135.56322929047732
777,2227,205368,-234.41422362955134
777,2228,205461,-154.76490110351577
777,2229,205526,-133.70964281769284
777,2230,205618,-143.7240519856817
777,2231,205690,-168.11379284377784
777,2232,205767,-137.3899663846493
777,2233,205889,-168.56057611915475
777,2234,206015,-129.12864539537333
777,2235,206088,-107.03138770634506
777,2236,206201,-132.9832112663516
777,2237,206298,-103.83030631095086
777,2238,206370,-108.37759044723079
777,2239,206480,-131.5280082099014
777,2240,206582,-369.5323741460888
777,2241,206683,-64.15110223625706
777,2242,206764,-120.05242726712963
777,2243,206845,-233.06080995619476
777,2244,206921,-127.78945004338352
777,2245,207025,-311.45024213400694
777,2246,207107,-241.2592829591603
777,2247,207183,-453.7251196144589
777,2248,207254,-120.34108873928018
777,2249,207318,-65.84937068868682
777,2250,207397,-145.35563856715316
777,2251,207473,-95.45883172401805
777,2252,207564,-98.2970545372124
777,2253,207669,-373.0758340207565
777,2254,207766,-124.52150561682535
777,2255,207867,-463.8172258053007
777,2256,207956,-231.8975227397935
777,2257,208054,-247.38507814516854
777,2258,208136,-224.82333387308614
777,2259,208206,-99.30254292909578
777,2260,208316,-369.8394885769253
777,2261,208381,-82.15909014976967
777,2262,208477,-98.09154497289899
777,2263,208535,-126.48198097791428
777,2264,208645,-384.36402212915056
777,2265,208701,-89.89331000752823
777,2266,208780,-181.680745418323
777,2267,208874,-331.8885158001017
777,2268,208944,-108.79321264432
777,2269,209017,-90.58003679077427
777,2270,209077,-194.10437352263284
777,2271,209135,-109.05420575683313
777,2272,209207,-105.62862728622403
777,2273,209307,-143.84954736942638
777,2274,209366,-85.33409811428034
777,2275,209480,-250.01532664090988
777,2276,209542,-86.84112587795207
777,2277,209629,-310.9811891588794
777,2278,209697,-212.28025645244952
777,2279,209776,-209.89962426305047
777,2280,209850,-429.48494070865
777,2281,209963,6.757582915211927
777,2282,210073,-289.5015956829351
777,2283,210154,-121.55932500259321
777,2284,210217,-194.74864892139192
777,2285,210347,-496.08090504488996
777,2286,210459,-90.45945420818295
777,2287,210573,-128.2118339031655
777,2288,210657,-135.89589881946247
777,2289,210752,-97.79729932143702
777,2290,210839,-330.258099144348
777,2291,210941,-104.69018987891542
777,2292,211048,-119.60138285096124
777,2293,211166,-96.61276841056376
777,2294,211252,-67.63798125701676
777,2295,211303,-120.04668982366469
777,2296,211383,-306.25414797767166
777,2297,211484,-314.4874212143873
777,2298,211572,-125.99634114099834
777,2299,211653,-153.86835149608672
777,2300,211732,-328.67751992284514
777,2301,211855,-195.41394896884793
777,2302,211949,-289.2866207708504
777,2303,212034,-130.7890573941823
777,2304,212141,-310.98521249680437
777,2305,212227,-230.74521263951308
777,2306,212358,-209.89932360195476
777,2307,212482,-271.0801442663809
777,2308,212573,-404.6025306024244
777,2309,212639,-90.33559264748637
777,2310,212713,-136.73425366134535
777,2311,212791,-106.84789962409359
777,2312,212857,-146.90917388265837
777,2313,212942,-155.80507622996208
777,2314,213005,-213.67644562862148
777,2315,213101,-216.56428859265384
777,2316,213191,-95.17274048198128
777,2317,213291,-426.70179686914224
777,2318,213361,-223.57379122937226
777,2319,213431,-154.63532759437658
777,2320,213514,-353.9266689658376
777,2321,213628,-291.19369896490014
777,2322,213740,-115.80448825505026
777,2323,213814,-133.24741371593967
777,2324,213893,-293.12363206723523
777,2325,213977,-137.32154425075743
777,2326,214038,-62.39829074670319
777,2327,214151,-158.12881502525192
777,2328,214211,-160.5302244189017
777,2329,214344,-224.79405443024228
777,2330,214442,-294.8478085761046
777,2331,214542,-102.1865068319052
777,2332,214621,-333.17339780579664
777,2333,214699,-143.9076090997344
777,2334,214785,-129.44767104386412
777,2335,214859,-260.57075850406966
777,2336,214945,-271.75194118800835
777,2337,215013,-271.7649796099531
777,2338,215086,-130.2221376600246
777,2339,215160,-146.0532168831799
777,2340,215240,-166.34957542819416
777,2341,215316,-199.0583252303701
777,2342,215404,-216.33847354250668
777,2343,215477,-117.51780569462389
777,2344,215566,-203.24949182861127
777,2345,215677,-304.62562130367564
777,2346,215753,-106.0495954029484
777,2347,215855,-444.8085002775093
777,2348,215921,-129.74574123686398
777,2349,216005,-258.1533909877987
777,2350,216082,-334.56361666780276
777,2351,216173,-119.74076919176295
777,2352,216277,-148.01667295677044
777,2353,216366,-118.67342896689958
777,2354,216457,-25.37067756866115
777,2355,216553,-253.60773657533232
777,2356,216642,-315.3063226700385
777,2357,216719,-156.0284212451794
777,2358,216810,-289.58820541141654
777,2359,216917,-101.01805170182239
777,2360,217011,-317.8572940530693
777,2361,217071,-91.84239055412056
777,2362,217184,-291.39760032208085
777,2363,217278,-107.96156726970692
777,2364,217368,17.792689993105398
777,2365,217453,-463.3473135451516
777,2366,217546,-311.0140188421508
777,2367,217617,-391.508667495454
777,2368,217709,-145.8814999818445
777,2369,217786,-217.98874403966786
777,2370,217872,-106.02343613911889
777,2371,217942,-147.30042453144006
777,2372,218013,-234.37108946296257
777,2373,218097,-199.2805347223884
777,2374,218161,-62.82435596401412
777,2375,218260,-193.01772734304515
777,2376,218336,-171.63110179426945
777,2377,218417,-240.116845701631
777,2378,218533,-45.78612804330912
777,2379,218648,-91.61254464078412
777,2380,218747,-231.6145587882711
777,2381,218817,-130.16851672502816
777,2382,218888,-351.62788961938395
777,2383,218946,-145.33615429916813
777,2384,219087,-273.0212915104539
777,2385,219211,-99.22049955561873
777,2386,219315,-85.70719041044188
777,2387,219397,-99.33715867553346
777,2388,219474,-111.0361877246896
777,2389,219584,-144.58192723816387
777,2390,219674,-115.3932512861696
777,2391,219734,-81.63648003582838
777,2392,219836,-375.59147367800233
777,2393,219892,-97.60771620295412
777,2394,219987,-207.65103968269932
777,2395,220086,-201.51097633829437
777,2396,220157,-111.27396311868266
777,2397,220242,-79.93848838986126
777,2398,220309,-137.00836596931117
777,2399,220416,61.20844882727059
777,2400,220489,-181.06347208433175
777,2401,220577,-280.98596914491725
777,2402,220685,-175.3446565975017
777,2403,220761,-15.879798051345418
777,2404,220863,-326.75789300210556
777,2405,220972,-283.8644887178072
777,2406,221089,-170.46812157316663
777,2407,221169,-93.76247445952332
777,2408,221240,-95.82013855827586
777,2409,221333,-235.26346222683352
777,2410,221403,-94.76573219174894
777,2411,221504,-314.36124432992426
777,2412,221591,-226.96146307681798
777,2413,221707,-232.8051949023887
777,2414,221815,-212.18424122328315
777,2415,221927,-6.75241142425503
777,2416,221995,-134.91676772665133
777,2417,222075,-231.41067109678977
777,2418,222142,-117.04420941900946
777,2419,222212,-104.50871268784309
777,2420,222300,-120.25329659319354
777,2421,222415,-210.06391324747892
777,2422,222490,-130.31696840238328
777,2423,222587,-448.2666803190144
777,2424,222685,-350.0234508724808
777,2425,222790,-124.30946836460187
777,2426,222888,-252.44025266230804
777,2427,222992,-103.57273668121485
777,2428,223089,-96.73453407807789
777,2429,223183,-306.71084444290864
777,2430,223279,-335.71296112771415
777,2431,223353,-113.53314990514838
777,2432,223474,-508.32399402046525
777,2433,223542,-306.84561503966995
777,2434,223611,-86.38105741625222
777,2435,223678,-311.34890671252595
777,2436,223753,-169.85155822976617
777,2437,223848,-156.2256388888009
777,2438,223940,-345.39128601899364
777,2439,224045,-193.86394443856875
777,2440,224123,-252.07117857506387
777,2441,224188,-145.97660897998276
777,2442,224253,-131.03063152301837
777,2443,224318,-144.14007825040323
777,2444,224410,-291.98032494857387
777,2445,224525,-260.10971329517406
777,2446,224588,-139.5216496117959
777,2447,224677,-155.9711534597563
777,2448,224760,-158.34408432504586
777,2449,224819,-94.04881017835345
777,2450,224917,-190.72841753800725
777,2451,225051,-267.80721297555317
777,2452,225146,-395.7918096097767
777,2453,225236,-11.130107824336307
777,2454,225355,-23.14293027614957
777,2455,225462,-223.61819899972798
777,2456,225568,-300.65630137808296
777,2457,225630,-34.31576702974317
777,2458,225708,-165.84019385383658
777,2459,225781,-168.12170047391277
777,2460,225911,-444.32049368421184
777,2461,226020,-471.21716316037947
777,2462,226123,-107.04764431367447
777,2463,226188,-91.6765162567931
777,2464,226309,-238.67829457982128
777,2465,226372,-106.3305739542646
777,2466,226439,-116.52642206468828
777,2467,226526,-435.1756735188425
777,2468,226620,-373.7429214719254
777,2469,226709,-138.20292185195217
777,2470,226785,-116.11074355762588
777,2471,226850,-118.56895131206849
777,2472,226911,-91.71178566115756
777,2473,226985,-91.84262125311481
777,2474,227060,-105.57151041400039
777,2475,227131,-130.06021118772367
777,2476,227221,-116.24014729257544
777,2477,227356,-238.3662484714061
777,2478,227424,-213.26686868970046
777,2479,227521,-307.89605382411094
777,2480,227625,-150.13434254848065
777,2481,227729,-121.66188636403973
777,2482,227793,-106.4936394433837
777,2483,227856,-92.16173413481496
777,2484,227918,-119.90370659129258
777,2485,228047,-298.37264681435465
777,2486,228124,-131.1260465463052
777,2487,228201,-123.05805258864888
777,2488,228317,-132.75822134698024
777,2489,228404,-154.76597088985847
777,2490,228474,-95.25846093842027
777,2491,228538,-113.01733352127253
777,2492,228649,-178.4620411438098
777,2493,228710,-154.29251234570626
777,2494,228814,-139.3015112858884
777,2495,228919,-110.84506755859316
777,2496,228974,-114.73956803873567
777,2497,229078,-175.7032030299949
777,2498,229196,-145.02358441445654
777,2499,229319,-384.4149285815215
777,2500,229425,-94.04711474058651
777,2501,229553,-163.14277796809583
777,2502,229647,-240.38021676989453
777,2503,229744,-158.43968676822712
777,2504,229811,-88.72196465203359
777,2505,229890,-117.82960321102416
777,2506,229967,-340.6279980218143
777,2507,230044,-86.00209596994353
777,2508,230130,-118.68989751893395
777,2509,230212,-118.06175937553635
777,2510,230284,-154.8993979680517
777,2511,230367,-82.85434805088401
777,2512,230465,-216.9025761920023
777,2513,230529,-151.27435857264817
777,2514,230616,-130.97843249975972
777,2515,230719,-336.9044053186532
777,2516,230779,-109.21037663088538
777,2517,230908,-128.1091918969247
777,2518,230983,-118.432281699535
777,2519,231081,-161.40449869260743
777,2520,231152,-67.6084817919193
777,2521,231215,-126.15303317736203
777,2522,231279,-97.19151146465812
777,2523,231347,-102.99937328809597
777,2524,231483,-97.60410623492314
777,2525,231575,-91.48253538556423
777,2526,231641,-82.74632891797054
777,2527,231761,-106.24048388901876
777,2528,231849,-147.37358215287395
777,2529,231906,-96.8366534604697
777,2530,232034,-131.76016734863222
777,2531,232132,-268.8334480515407
777,2532,232228,-207.23520163541056
777,2533,232296,-148.53440862716155
777,2534,232399,-91.55557250973169
777,2535,232526,-87.29231050118524
777,2536,232601,-156.12747378391282
777,2537,232699,-57.901667196619485
777,2538,232773,-106.99773172696317
777,2539,232851,-90.82923157332725
777,2540,232942,-241.64299841375714
777,2541,233055,-126.66472436574239
777,2542,233112,-61.82181135638537
777,2543,233184,-234.66245566532575
777,2544,233254,-98.50348788779249
777,2545,233342,-133.88476735150587
777,2546,233424,-182.56705960793852
777,2547,233520,-244.08617758780932
777,2548,233603,-344.7940142184502
777,2549,233721,-219.3252677290349
777,2550,233828,-275.7977885023487
777,2551,233932,-249.1044388350522
777,2552,234015,-213.87456668341446
777,2553,234125,-109.262394654135
777,2554,234223,-153.58753226150088
777,2555,234289,-143.42684143682968
777,2556,234393,-229.83052574062782
777,2557,234469,-163.52130922755168
777,2558,234577,-423.27564500133747
777,2559,234638,-94.76066444233749
777,2560,234707,-140.72621109817143
777,2561,234801,-398.7093386124188
777,2562,234911,-115.01526349023649
777,2563,234996,-146.0913274571405
777,2564,235082,-240.84718138935338
777,2565,235207,-77.27341836831354
777,2566,235285,-87.61705291475977
777,2567,235382,-422.87913391259474
777,2568,235481,-423.94842058331824
777,2569,235547,-107.3042712239642
777,2570,235605,-87.09336020014852
777,2571,235702,-104.63717886861316
777,2572,235781,-198.31607513054448
777,2573,235905,-36.674433242101955
777,2574,235977,-221.71422910638745
777,2575,236084,-319.8735671828583
777,2576,236197,-348.206748481252
777,2577,236287,-378.0666050129065
777,2578,236383,-157.50897177853534
777,2579,236456,-137.4845536395885
777,2580,236558,-342.2260317425081
777,2581,236660,-95.16182470556062
777,2582,236728,-175.00651659348136
777,2583,236850,-127.0662074035618
777,2584,236917,-129.01234753197315
777,2585,236997,-287.54119460582695
777,2586,237107,-275.35731199556807
777,2587,237190,-153.23176873496166
777,2588,237251,-137.93374951096092
777,2589,237314,-187.16059099517048
777,2590,237424,-409.46176969347215
777,2591,237541,-90.75519230420718
777,2592,237647,-179.32573045364256
777,2593,237734,-120.38677319670293
777,2594,237837,-509.73215710461056
777,2595,237912,-218.53667873860695
777,2596,237981,-355.88883449068646
777,2597,238087,-192.42087111934472
777,2598,238162,-73.93350730353849
777,2599,238257,-128.85185712355113
777,2600,238386,-119.07992831929738
777,2601,238482,-305.57545051868885
777,2602,238547,-115.35617590153038
777,2603,238648,-96.36121225135726
777,2604,238741,-179.32251725744712
777,2605,238825,-320.84599174324626
777,2606,238883,-88.53848875936681
777,2607,238970,-132.99964003953102
777,2608,239041,-98.11988376033308
777,2609,239135,-109.07788126237719
777,2610,239230,-390.8973618052852
777,2611,239318,-99.8481848742474
777,2612,239424,-97.59765115624761
777,2613,239518,-134.37465724869435
777,2614,240518,76.13267798835307
777,2615,240589,-68.59678753169541
777,2616,240697,-193.62629221559385
777,2617,240788,-231.75759642284112
777,2618,240895,-266.4462240515702
777,2619,240986,-150.93229979781722
777,2620,241055,-118.48376807651456
777,2621,241156,-375.78692926703525
777,2622,241217,-61.11927197557207
777,2623,241322,-88.25771376844696
777,2624,241452,-29.253330695065287
777,2625,241520,-383.01994392314754
777,2626,241647,-105.77020444110441
777,2627,241709,-104.02305540122072
777,2628,241782,-185.7682327220419
777,2629,241863,-76.78300724705947
777,2630,241970,-225.7698396033723
777,2631,242049,-189.37322531910294
777,2632,242134,-174.43812327311952
777,2633,242196,-111.71880612188947
777,2634,242255,-118.92159441050501
777,2635,242376,-395.05673918309736
777,2636,242461,-421.6251621665258
777,2637,242572,-264.9283235524576
777,2638,242641,-116.17085602624525
777,2639,242729,-181.75588117827812
777,2640,242808,-201.63174597771274
777,2641,242880,-342.2557850440995
777,2642,242957,-270.90974904873156
777,2643,243066,-157.37873582520712
777,2644,243167,-124.6617948878103
777,2645,243267,-137.51851912745695
777,2646,243383,-46.419471584961315
777,2647,243464,-145.81343524918444
777,2648,243552,-204.5543607139604
777,2649,243624,-140.4262400137021
777,2650,243707,-92.14183959768559
777,2651,243818,-307.11571920992026
777,2652,243933,-303.04025421700237
777,2653,244010,-120.99849777971448
777,2654,244102,-106.18425777085378
777,2655,244167,-90.23533607290851
777,2656,244239,-106.51370337898939
777,2657,244362,-115.71711905030458
777,2658,244483,11.288057752797442
777,2659,244577,-122.19585385267992
777,2660,244658,-105.32927795159232
777,2661,244721,-46.95741672603504
777,2662,244789,-272.56621860089535
777,2663,244873,-151.77764280008796
777,2664,244966,-373.25020801537596
777,2665,245033,-316.63520582562734
777,2666,245142,-313.98666664947075
777,2667,245205,-140.47133721787793
777,2668,245272,-118.84078873048537
777,2669,245347,-69.9792657609334
777,2670,245459,-137.5290779733861
777,2671,245544,-162.05992565551972
777,2672,245623,-280.8492544139699
777,2673,245736,-198.3117920739376
777,2674,245848,-176.48953154476607
777,2675,245920,-112.05449696405992
777,2676,246055,-149.75378632672195
777,2677,246123,-177.03143529071212
777,2678,246207,-259.6735754140221
777,2679,246300,-55.25195833285551
777,2680,246403,-219.60128343010797
777,2681,246474,-152.20759314139542
777,2682,246575,-259.84758174551513
777,2683,246677,-321.252643320266
777,2684,246740,-260.333989453703
777,2685,246883,-91.14588481930495
777,2686,246948,-78.03334896092974
777,2687,247045,-148.7855551008264
777,2688,247148,-115.89588807704376
777,2689,248148,29.748897454410226
777,2690,248242,-278.45225768223827
777,2691,248333,-138.2500151713531
777,2692,248416,-334.93251103506367
777,2693,248545,-116.85797279122757
777,2694,248617,-123.46227469317776
777,2695,248686,-97.76120367041752
777,2696,248785,-139.73924269004107
777,2697,248844,-100.63727663926328
777,2698,248903,-68.24145216035208
777,2699,249012,-312.57853471012044
777,2700,249100,-220.76451072273227
777,2701,249206,-105.40599030606143
777,2702,249270,-190.18877424737678
777,2703,249398,5.879688733509354
777,2704,249486,-108.15936517632925
777,2705,249607,-328.68986671064897
777,2706,249686,-189.16281805798278
777,2707,249763,-272.0880218312643
777,2708,249858,-166.1247845492312
777,2709,249943,-135.8831811633956
777,2710,250028,-140.35524987733703
777,2711,250136,-120.04227731225144
777,2712,250201,-71.00205038685237
777,2713,250303,-251.3216079560356
777,2714,250374,-112.45701939216754
777,2715,250437,-122.48413973992984
777,2716,250559,-58.954733892995904
777,2717,250651,-280.90696571895114
777,2718,250718,-138.5621687196392
777,2719,250827,-457.25878560942914
777,2720,250917,-198.51004789507903
777,2721,251046,-60.89486668301757
777,2722,251157,-103.39260341373262
777,2723,251264,-299.6814066697517
777,2724,251378,-244.11417106376018
777,2725,251437,-83.84362469332373
777,2726,251526,-115.59403620552325
777,2727,251605,-190.80844206735006
777,2728,251678,24.189553866971835
777,2729,251748,-87.20828208248287
777,2730,251837,-340.5941506732053
777,2731,251962,-319.09835168692996
777,2732,252039,-53.108789868959704
777,2733,252164,-107.31423244688595
777,2734,252259,-122.78599722942513
777,2735,252327,-113.02071029043793
777,2736,252387,-320.2606401886659
777,2737,252477,-83.73859898127122
777,2738,252571,-190.1848533478315
777,2739,252644,-120.3933305864403
777,2740,252718,-226.23684843943926
777,2741,252822,-271.7709634288025
777,2742,252906,-79.29261722245847
777,2743,253021,-127.2819628853271
777,2744,253088,-174.1986915816952
777,2745,253209,-286.2209779121296
777,2746,253298,-127.91646528890173
777,2747,253362,-223.2027199847846
777,2748,253474,-147.87607237612403
777,2749,253565,-88.06908285302012
777,2750,253629,-91.39399054146435
777,2751,253725,-268.76605137788306
777,2752,253832,-141.66323154252203
777,2753,253910,-111.58160498634751
777,2754,253969,-146.4860195541441
777,2755,254049,-362.2268464949417
777,2756,254168,-345.1522464798573
777,2757,254283,-246.74316536790994
777,2758,254394,-131.50454257030907
777,2759,254512,-54.15690868237715
777,2760,254591,-68.72144553360536
777,2761,254650,-101.67567268186936
777,2762,254745,-126.28035310906589
777,2763,254865,-203.29202089195348
777,2764,254925,-164.18011415033465
777,2765,255016,-379.70028126478144
777,2766,255095,-110.29279030541161
777,2767,255199,-228.10680442679416
777,2768,255338,-104.80323274577908
777,2769,255451,-208.13232395398322
777,2770,255600,-103.46378116321068
777,2771,255660,-116.43417346988088
777,2772,255720,-97.70251057823276
777,2773,255835,-124.30410391951227
777,2774,255930,-110.86411730540098
777,2775,256035,-109.2591073522215
777,2776,256112,-107.72756765042313
777,2777,256236,-153.4999557544204
777,2778,256327,-523.1818812349602
777,2779,256412,-457.289113625373
777,2780,256491,-112.5972906988052
777,2781,256554,-72.25464539961428
777,2782,256620,-129.14671330080367
777,2783,256714,-260.12891671476314
777,2784,256795,-82.56187607133653
777,2785,256884,-157.91766779348512
777,2786,256952,-245.59959429495726
777,2787,257019,-177.70561377015235
777,2788,257085,-122.59433405382069
777,2789,257191,-406.44785513529854
777,2790,257267,-120.2142072345664
777,2791,257368,-246.77560132586208
777,2792,257443,-76.87606937680164
777,2793,257524,-104.65315376658296
777,2794,257636,-147.17787628967204
777,2795,257754,-192.7175969207917
777,2796,257881,-106.03808760582793
777,2797,257945,-89.55938310543702
777,2798,258056,-292.35772261519344
777,2799,258119,-251.52545785023128
777,2800,258210,-192.90902677680793
777,2801,258287,-273.25725916119643
777,2802,258363,-328.22044483057977
777,2803,258453,-136.97912499001566
777,2804,258528,-205.38364713785847
777,2805,258645,-139.98981017307793
777,2806,258733,-481.85331355007816
777,2807,258802,-102.61704995342643
777,2808,258900,-290.3617480137211
777,2809,258978,-148.08182207532647
777,2810,259088,-408.63874060886525
777,2811,259177,-76.83120299195139
777,2812,259251,-108.23050629733342
777,2813,259316,-96.54015657090827
777,2814,259424,-178.79282382308196
777,2815,259500,-366.55036940574183
777,2816,259601,-61.239450643802115
777,2817,259723,-133.32074926065465
777,2818,259795,-107.45296860930526
777,2819,259876,-128.54863859707666
777,2820,259947,-80.14612218208525
777,2821,260060,-262.50375887591144
777,2822,261060,40.469274167668644
777,2823,261131,-158.66364461104516
777,2824,261203,-190.4847506792692
777,2825,261281,-79.4709262870676
777,2826,261402,-188.3978046600817
777,2827,261501,-194.97921840320785
777,2828,261631,-122.2034597994177
777,2829,261762,-435.9784844374539
777,2830,261911,-234.33819048648974
777,2831,261991,-158.59719489400987
777,2832,262060,-106.65779306118412
777,2833,262121,-220.9395039646903
777,2834,262239,-310.155643190349
777,2835,262312,-103.94718291606759
777,2836,262398,-402.72932656056986
777,2837,262489,-282.4813832435111
777,2838,262584,-85.06388510222787
777,2839,262688,-323.719897533329
777,2840,262746,-85.52432353181383
777,2841,262842,-134.66429240849646
777,2842,262935,-83.50311554261958
777,2843,263030,-169.98424982073215
777,2844,263108,-207.09353455193536
777,2845,263213,-121.46133397680146
777,2846,263302,-99.99096636204993
777,2847,263367,-140.56660136608727
777,2848,263450,-239.8683174539092
777,2849,263522,-242.88643034216213
777,2850,263582,-68.97252577838324
777,2851,263688,-278.3857974130808
777,2852,263775,-148.94618659390426
777,2853,263837,-117.13169947928947
777,2854,263959,-150.29809872550084
777,2855,264060,-137.7660004726248
777,2856,264123,-98.11239887344948
777,2857,264219,-247.1571554493407
777,2858,264311,-359.5974750058899
777,2859,264450,-131.5893145871597
777,2860,264569,-183.06442804486227
777,2861,264655,-64.62337046464864
777,2862,264725,-162.47381601971267
777,2863,264820,-93.88873399019067
777,2864,264887,-88.46968625528315
777,2865,264998,-199.8359152664928
777,2866,265080,-153.62852409691726
777,2867,265180,-45.10897728942025
777,2868,265312,-179.40222107158127
777,2869,265378,-131.90600087120978
777,2870,265477,-123.29743771360071
777,2871,265549,-122.32547886904284
777,2872,265621,-112.24612155157732
777,2873,265684,-49.47625062566824
777,2874,265787,-466.37392738234956
777,2875,265898,-96.007811643521
777,2876,265976,-96.7271310354451
777,2877,266061,-121.46288958321152
777,2878,266144,-107.19565636898278
777,2879,266219,-362.963013937285
777,2880,266296,-274.0723774373081
777,2881,266402,-146.11335767540126
777,2882,266496,-316.90604954333196
777,2883,266588,-134.94067690119812
777,2884,266729,-134.37766354053906
777,2885,266803,-232.74844687185407
777,2886,266919,-282.4548083458866
777,2887,267003,-101.47190572976396
777,2888,267113,-206.23705740255886
777,2889,267216,-249.71786649546596
777,2890,267320,-311.4292070710644
777,2891,267417,-151.1082140655182
777,2892,267503,-245.29814285981917
777,2893,267594,35.460654842663644
777,2894,267681,-346.5923969574163
777,2895,267748,-96.01363034086599
777,2896,267855,-121.82111769603141
777,2897,267941,-92.17432784313492
777,2898,268056,-136.2554587471318
777,2899,268192,-248.3768544112402
777,2900,268312,-147.02231615900217
777,2901,268395,-185.06786915390282
777,2902,268491,-401.9005654803171
777,2903,268630,-104.46252272989423
777,2904,268729,-199.16972042375545
777,2905,268832,-228.5019484581886
777,2906,268911,-92.45318459894264
777,2907,268973,-108.45493556306117
777,2908,269061,-337.71319188880796
777,2909,269149,-189.90758090466574
777,2910,269233,-62.17194628666624
777,2911,269352,-194.5295414499858
777,2912,269433,-120.06217168394197
777,2913,269501,-103.1193646843888
777,2914,269567,-228.7635533745488
777,2915,269653,-125.14760588127639
777,2916,269733,-39.980086964930095
777,2917,269822,-232.90010414472118
777,2918,269948,-405.49502887139664
777,2919,270021,-93.21750839689099
777,2920,270159,-240.27076333871602
777,2921,270286,-252.9052770072649
777,2922,270383,-438.3200762120715
777,2923,270456,-55.88122748493436
777,2924,270540,-140.57243033379814
777,2925,270625,-174.51784791562665
777,2926,270713,-115.859563273244
777,2927,270812,-187.4299645956682
777,2928,270908,-330.28112990604285
777,2929,270972,-68.66087926558707
777,2930,271063,-215.49523004197806
777,2931,271154,-141.2203473386762
777,2932,271215,-67.14904861326787
777,2933,271316,-87.65927989936893
777,2934,271402,-136.75724900432832
777,2935,271504,-342.1175877390039
777,2936,271623,-186.16088344646158
777,2937,271706,-163.33448834034493
777,2938,271768,-163.02977013706993
777,2939,271840,-143.42987330313906
777,2940,271938,-127.58430158024761
777,2941,272036,-384.93176559184406
777,2942,272135,-233.7966534973548
777,2943,272202,-78.6826418812378
777,2944,272324,-344.5087833104768
777,2945,272384,-102.27340148592427
777,2946,272514,-81.66135590212633
777,2947,272582,-71.75030563557593
777,2948,272680,-125.4485004536959
777,2949,272780,-141.72098584567098
777,2950,272842,-109.58976035149651
777,2951,272954,-123.27103597726094
777,2952,273059,-191.349187892254
777,2953,273154,-178.551583589352
777,2954,273218,-231.4024688268806
777,2955,273277,-137.10399369933725
777,2956,273373,-133.86325430308625
777,2957,273470,-74.99571950473259
777,2958,273562,-343.58745823204976
777,2959,273627,-190.22314056275178
777,2960,273697,-99.1100444423765
777,2961,273775,-69.76356225769001
777,2962,273874,-207.56744036483008
777,2963,273965,-244.9969141071449
777,2964,274036,-138.22424063680478
777,2965,274158,-262.46974263225206
777,2966,274264,-173.46294615168597
777,2967,274339,-93.7153353007815
777,2968,274410,-236.5582015645389
777,2969,274515,-330.16505558085436
777,2970,274601,-127.60510706528135
777,2971,274700,-327.3360714036618
777,2972,274802,-266.48333256235367
777,2973,274895,-309.6241855121068
777,2974,274970,-423.36447286581995
777,2975,275043,-88.77210597788124
777,2976,275128,-274.03054549067895
777,2977,275190,-105.12379125208363
777,2978,275287,-176.26037539729293
777,2979,275377,-110.92026876377153
777,2980,275461,7.171905438686579
777,2981,275550,-377.73984732659613
777,2982,275612,-72.41610604131336
777,2983,275667,-146.80380465762033
777,2984,275744,-104.18732323986941
777,2985,275825,-101.64073762563531
777,2986,275895,-90.40027737345079
777,2987,275980,4.634299155513887
777,2988,276051,-68.17452758432319
777,2989,276132,-115.51352399279102
777,2990,276225,-213.64038340596582
777,2991,276320,-236.87454258160042
777,2992,276381,-52.572836882917244
777,2993,276447,-85.54967033735973
777,2994,276509,-89.60173910964845
777,2995,276586,-178.17371222549758
777,2996,276678,-302.72005577662287
777,2997,276756,-84.83914020155069
777,2998,276841,-8.093973603880741
777,2999,276899,-103.11972075048872
777,3000,276979,-103.88903512512138
777,3001,277061,-65.37354506737867
777,3002,277128,-107.97022272998676
777,3003,277188,-122.94779815179436
777,3004,277279,-68.46769452152392
777,3005,277386,-319.99806573511046
777,3006,277473,-236.10475695779706
777,3007,277559,-106.6694699240143
777,3008,277626,-140.31082668853145
777,3009,277687,-68.85986798152618
777,3010,277801,-160.08546789892756
777,3011,277882,-112.20821664538157
777,3012,277973,-87.88936333843401
777,3013,278052,-278.72703824683197
777,3014,278112,-83.95010815196036
777,3015,278189,-145.69316402427756
777,3016,278249,-244.4504997005364
777,3017,278329,-232.35040666836284
777,3018,278491,-256.4124384443628
777,3019,278557,-93.6266068215807
777,3020,278623,-230.7627114817113
777,3021,278708,-451.0265042726055
777,3022,278791,-259.17491418320225
777,3023,278860,-121.00942372330059
777,3024,278927,-135.31355281359163
777,3025,279016,-211.85509717477686
777,3026,279100,-199.0023848231489
777,3027,279186,-323.2998377400038
777,3028,279271,-91.10222398043419
777,3029,279333,-89.97852972072243
777,3030,279394,-110.57916968393636
777,3031,279455,-99.29272746747586
777,3032,279527,-203.48071530647474
777,3033,279613,-87.11934415309082
777,3034,279712,-278.1311542248336
777,3035,279793,-80.47815776003844
777,3036,279880,-142.08028780783138
777,3037,279948,-165.8535812571536
777,3038,280076,-355.8106335447307
777,3039,280143,-128.16221712251837
777,3040,280204,-149.1066459787905
777,3041,280320,-156.39838569773957
777,3042,280400,-336.0516273982618
777,3043,280459,-92.83604686224903
777,3044,280541,-104.26141382298833
777,3045,280607,-201.87390245820632
777,3046,280742,-109.08832210042826
777,3047,280865,-170.58847409829275
777,3048,280960,-313.98940992410667
777,3049,281039,-142.65547351004932
777,3050,281099,-111.71837364592405
777,3051,281158,-194.3597532690905
777,3052,281246,-138.88539560394847
777,3053,281313,-77.51199978592885
777,3054,281416,-0.8193432399979628
777,3055,281502,-191.84744669551307
777,3056,281602,-108.80727351337025
777,3057,281699,-169.04174424112136
777,3058,281776,-80.92258190664592
777,3059,281884,-91.29771508615828
777,3060,281981,-135.40517472310972
777,3061,282092,-140.5255587687221
777,3062,282166,-119.17968162328475
777,3063,282232,-33.309928732391796
777,3064,282306,-233.1249603364066
777,3065,282389,-420.60417435884943
777,3066,282450,-110.04130198945336
777,3067,282593,-234.41586677413844
777,3068,282716,-107.59366601242628
777,3069,282797,-112.75541580156408
777,3070,282886,-72.41397240717427
777,3071,282976,-229.54832991756373
777,3072,283097,-113.57712844638522
777,3073,283170,-146.0908272836337
777,3074,283283,-366.9616705360346
777,3075,283373,-427.4374070161623
777,3076,283487,-110.81939942581306
777,3077,283593,-336.14628529517256
777,3078,283678,-395.11038430576485
777,3079,283790,-135.33055905678813
777,3080,283921,-102.9271765141343
777,3081,283987,13.418282336472089
777,3082,284070,-213.8880336106299
777,3083,284158,-382.3341960114162
777,3084,284246,-432.6769451702224
777,3085,284335,-305.1604113840375
777,3086,284451,-217.79281656739425
777,3087,284535,-79.66525766071524
777,3088,284640,-95.40228497346628
777,3089,284754,-59.35253729967764
777,3090,284843,-106.76733110942868
777,3091,284926,-110.41845801131322
777,3092,284998,-315.7127906533897
777,3093,285092,-381.3241040867182
777,3094,285181,-173.96587155417168
777,3095,285291,-224.1689753593595
777,3096,285359,-284.6314405818558
777,3097,285444,-139.87529593533986
777,3098,285520,-167.76901325315094
777,3099,285588,-84.93917509761081
777,3100,285679,-223.55488108101764
777,3101,285749,-139.18297563711658
777,3102,285864,-87.08447285519324
777,3103,285965,-120.96324123847891
777,3104,286032,-177.07621581764465
777,3105,286154,-122.36261411597859
777,3106,286256,-96.44622566285372
777,3107,286352,-397.4337817024205
777,3108,286436,-45.400836842577206
777,3109,286517,-204.23651518865273
777,3110,286607,-403.3363388580474
777,3111,286691,-439.89566078636346
777,3112,286787,-246.9211063451219
777,3113,286893,-104.53621769707301
777,3114,286993,-369.2412677773096
777,3115,287068,-251.99963171899617
777,3116,287161,-250.95912457842226
777,3117,287243,-114.29649060822383
777,3118,287348,-314.8702336315188
777,3119,287451,-335.94533297113776
777,3120,287527,-102.52382671797648
777,3121,287603,-257.97361442887365
777,3122,287666,-96.88782196800116
777,3123,287742,-65.74172350041127
777,3124,287845,-199.00981469058104
777,3125,287918,-50.263514188149855
777,3126,288016,-103.22968420911039
777,3127,288107,-339.7568402991941
777,3128,288196,-98.29338697167128
777,3129,288264,-216.8042329353196
777,3130,288353,-451.01351925815624
777,3131,288421,-199.38751142233707
777,3132,288531,-270.75478471432496
777,3133,288595,-145.91972941968487
777,3134,288654,-185.14802413662846
777,3135,288748,-119.66450252028503
777,3136,288845,-380.28183308742854
777,3137,288921,-180.0625758066049
777,3138,289046,-84.83162487991136
777,3139,289110,-62.482919804489676
777,3140,289170,-117.01812684065109
777,3141,289274,-218.25685013469538
777,3142,289400,-303.4127767634253
777,3143,289526,-160.62619058907396
777,3144,289597,-74.28613993383588
777,3145,289656,-62.76878097593098
777,3146,289734,-78.66453074200314
777,3147,289851,-121.77861519149278
777,3148,289947,-384.73976913313027
777,3149,290044,-186.36142575188427
777,3150,290139,-311.7189374386785
777,3151,290251,-166.9268382455137
777,3152,290361,-265.3932987115752
777,3153,290433,-102.17366391134478
777,3154,290503,-90.2120816560431
777,3155,290596,-307.99837418648906
777,3156,290687,-342.6515938539165
777,3157,290768,-101.93907976128067
777,3158,290854,-196.2467854320062
777,3159,290931,-239.36233418065896
777,3160,291004,-178.91131301628775
777,3161,291097,-106.46956632571322
777,3162,291158,-102.37524537762991
777,3163,291277,-86.74952157571369
777,3164,291374,-225.04103547377576
777,3165,291480,-353.03000121448997
777,3166,291548,-139.06084258243555
777,3167,291630,-220.261451298427
777,3168,291772,-198.43205117072617
777,3169,291859,-253.9284599459625
777,3170,291941,-66.93161561989771
777,3171,292030,-121.24902069990395
777,3172,292098,-197.442325136975
777,3173,292191,-144.35258229212516
777,3174,292259,-197.8760564429425
777,3175,292316,-139.3643557194208
777,3176,292412,-131.309596063992
777,3177,292520,-371.5256781886434
777,3178,292584,-139.84746670897903
777,3179,292666,-115.37202921970156
777,3180,292775,0.3145452545135754
777,3181,292825,-274.0464683730273
777,3182,292950,-250.02323525330655
777,3183,293052,-371.5795887259927
777,3184,293177,-164.10264035990096
777,3185,293280,-343.1983294581729
777,3186,293367,-284.827803294904
777,3187,293478,-283.9062762330393
777,3188,293578,-340.8659946398825
777,3189,293687,-74.01880203658122
777,3190,293777,-121.62402821825077
777,3191,293849,-118.7221909521378
777,3192,293907,-85.02391390085107
777,3193,294025,-327.6216618564879
777,3194,294137,-154.05887082831924
777,3195,294211,-266.7578288346822
777,3196,294313,-117.88119972552201
777,3197,294377,-163.97406116770134
777,3198,294460,-194.0860351907204
777,3199,294527,-92.32556385783064
777,3200,294603,-101.30292330355044
777,3201,294693,-144.88440906386046
777,3202,294769,-106.7984891453234
777,3203,294874,-238.364377658404
777,3204,294949,-222.97219138100905
777,3205,295051,-139.94247377581837
777,3206,295124,-165.83175852984562
777,3207,295198,-83.40750710798454
777,3208,295304,-334.4375172926791
777,3209,295363,-65.18933560389297
777,3210,295446,-150.03426255894215
777,3211,295549,-162.87543764785866
777,3212,295628,-206.29779934461257
777,3213,295728,-164.23767375491826
777,3214,295832,-257.3618576713782
777,3215,295894,-123.67838050909694
777,3216,295971,-175.36061228666205
777,3217,296056,-294.9937533121034
777,3218,296185,-155.94510650295877
777,3219,296259,-98.41180416898074
777,3220,296356,-272.00299090986414
777,3221,296460,-103.79521495250779
777,3222,296535,-414.6708298813022
777,3223,296607,-215.9579886820402
777,3224,296713,-198.0750035584647
777,3225,296794,-256.86106637013387
777,3226,296876,16.811193450285316
777,3227,296938,-61.722715419923894
777,3228,297027,-184.99933809341957
777,3229,297099,-165.52289273671823
777,3230,297189,-114.3659332437951
777,3231,297274,-430.7185048452659
777,3232,297344,-99.14798161180809
777,3233,297412,-109.48633820676572
777,3234,297499,-27.25046437973174
777,3235,297593,-270.21747613783566
777,3236,297697,-298.5085930060735
777,3237,297767,-161.99934836249759
777,3238,297842,-128.7835217078088
777,3239,297944,-108.51121215737152
777,3240,298080,-175.84230707707195
777,3241,298154,-422.9284694635918
777,3242,298245,-90.38445199310212
777,3243,298357,-230.54196671460338
777,3244,298423,-113.34437926551244
777,3245,298539,-302.4038522439328
777,3246,298609,-295.50959755550014
777,3247,298689,-118.30934888414576
777,3248,298765,-127.45732592480874
777,3249,298847,-109.27045083078113
777,3250,298943,-175.8443712062677
777,3251,299082,-235.09736842920466
777,3252,299150,-115.90020313484862
777,3253,299254,-139.4757710770528
777,3254,299313,-85.67634785916812
777,3255,299430,-276.85318544355823
777,3256,299497,1.974996608223634
777,3257,299581,-152.20485926782084
777,3258,299652,-138.94858529626856
777,3259,299727,-162.70254663798795
777,3260,299803,-142.23763460884547
777,3261,299870,-176.76580938293534
777,3262,299974,-96.3245960372071
777,3263,300108,-423.51145866062643
777,3264,300216,-250.69218426492014
777,3265,300314,-397.8134849743231
777,3266,300431,-132.0905896616407
777,3267,300528,-211.68238901176198
777,3268,300592,-113.33408471654624
777,3269,300677,-101.42077337216072
777,3270,300750,-88.72216758387432
777,3271,300841,-433.911542998461
777,3272,300927,-323.4932367781797
777,3273,301018,-370.93558971319425
777,3274,301112,-131.0736432104642
777,3275,301212,-140.78776100202407
777,3276,301278,-123.54752439465231
777,3277,301386,-154.8924927543236
777,3278,301475,-118.49666948541204
777,3279,301542,-83.66456760812517
777,3280,301619,-134.5652085364529
777,3281,301696,-333.1463977675048
777,3282,301793,-322.1781296699181
777,3283,301896,-215.4991797019888
777,3284,301965,-83.61276117292964
777,3285,302027,-172.31612780678262
777,3286,302118,-235.64112747722467
777,3287,302214,-303.4621730199776
777,3288,302292,-127.16980920946081
777,3289,302386,-127.128732894867
777,3290,302472,-115.78845987739567
777,3291,302529,-78.30845861719234
777,3292,302627,-407.33671185769174
777,3293,302718,-276.8974006973463
777,3294,302829,-181.98095674555992
777,3295,302912,-250.54759419856353
777,3296,302984,-144.10656994441322
777,3297,303062,-158.1413651716117
777,3298,303191,-126.52096643892133
777,3299,303272,-189.85778702033343
777,3300,303359,-463.95297048907827
777,3301,303415,-113.42895944690119
777,3302,303515,-474.13863190831603
777,3303,303593,-278.35138245605896
777,3304,303694,-468.04305181451184
777,3305,303755,-60.481711501415695
777,3306,303830,-230.04417514069843
777,3307,303952,-400.2123661050614
777,3308,304050,-111.95423939403862
777,3309,304127,-194.1413188312203
777,3310,304212,-184.65760590201577
777,3311,304308,0.08726087603287169
777,3312,304416,-404.5127826210349
777,3313,304492,-128.0502337110648
777,3314,304578,-134.89072725009987
777,3315,304651,-152.95410541945301
777,3316,304723,-218.504320791994
777,3317,304800,-143.09496809217723
777,3318,304907,-190.0125724710446
777,3319,304997,-118.84881445105958
777,3320,305081,-343.04463237393776
777,3321,305164,-96.12518260438897
777,3322,305286,-194.93829277406147
777,3323,305368,-93.99349123305225
777,3324,305477,-123.25229972035532
777,3325,305594,-74.23231910582402
777,3326,305660,-312.0271450724369
777,3327,305741,-289.4507347185812
777,3328,305865,-456.24182120103086
777,3329,305942,-119.14277571875074
777,3330,306067,-267.2998153311503
777,3331,306163,-417.9621612986927
777,3332,306258,-336.96377721036964
777,3333,306340,-96.5979292588503
777,3334,306464,-355.3228106757919
777,3335,306593,-163.09767835063332
777,3336,306730,-350.4479931659539
777,3337,306822,-170.50187798769457
777,3338,306888,-111.49201725641328
777,3339,306974,-239.50841656615097
777,3340,307062,-280.81888042207754
777,3341,307137,-109.52973524498884
777,3342,307205,-118.79983060477595
777,3343,307281,-88.92311820918927
777,3344,307395,-436.1634739679849
777,3345,307462,-180.681604978039
777,3346,307543,-202.37929847655255
777,3347,307624,-121.95225071094288
777,3348,307727,-227.06212222421726
777,3349,307809,-95.10695739112438
777,3350,307905,-116.50381495030895
777,3351,307987,-400.224112955496
777,3352,308054,-17.487278215814143
777,3353,308155,-152.38326432885427
777,3354,308237,-145.47211481300184
777,3355,308325,-133.02199787052623
777,3356,308392,-77.57684878475608
777,3357,308477,-142.16693058044046
777,3358,308585,-57.402413745558746
777,3359,308661,-364.8053120297644
777,3360,308766,-447.4643527237563
777,3361,308884,-163.36172306819316
777,3362,308941,-183.7822085836533
777,3363,308999,-87.36592330584163
777,3364,309114,-290.0919304863752
777,3365,309214,-119.43276131455565
777,3366,309322,-426.3069997335871
777,3367,309432,-228.21958757152365
777,3368,309549,-204.73558992843965
777,3369,309615,-228.46045989546423
777,3370,309684,-261.95055729328465
777,3371,309793,-144.01792593918336
777,3372,309886,-304.4832686274869
777,3373,309959,-88.80124653753504
777,3374,310041,-128.21606660731146
777,3375,310150,-187.4536759929933
777,3376,310229,-35.66651306152551
777,3377,310289,-114.36118173981782
777,3378,310402,-307.89688297333083
777,3379,310483,-363.9783334318498
777,3380,310547,-109.23879420349147
777,3381,310632,-231.65526990941433
777,3382,310708,-101.25138036225756
777,3383,310808,-340.9851525289595
777,3384,310905,-374.57020167678246
777,3385,310986,-378.2163267384434
777,3386,311067,-355.5855010658864
777,3387,311157,-88.72564997089248
777,3388,311289,-79.86806496757468
777,3389,311354,-89.33790883799962
777,3390,311458,-184.09363129766137
777,3391,311532,-131.66180898609562
777,3392,311624,-57.29178846322583
777,3393,311695,-146.92577853026194
777,3394,311797,-338.36574538138575
777,3395,311886,-187.077075681454
777,3396,311944,-81.33431462115341
777,3397,312024,-145.23986233862104
777,3398,312101,-174.79468269586658
777,3399,312190,-198.98456137782085
777,3400,312309,-420.6580894713623
777,3401,312405,-281.40106634278516
777,3402,312466,-108.01999889344454
777,3403,312572,-349.0915382235749
777,3404,312636,-217.6163003552733
777,3405,312717,-305.4845278373692
777,3406,312780,-115.78472616653625
777,3407,312875,-424.7587462339013
777,3408,312959,-98.07557764464654
777,3409,313053,-133.55910634753067
777,3410,313163,-97.40131687113465
777,3411,313243,-120.31273064305482
777,3412,313323,-96.52014347185053
777,3413,313401,-116.99820770910847
777,3414,313501,-390.4479358668907
777,3415,313623,-289.81473944164213
777,3416,313689,-91.99683788284685
777,3417,313796,-304.91810941436745
777,3418,313894,-155.63762768526317
777,3419,314021,-93.9062213885919
777,3420,314112,-158.49085558629292
777,3421,314219,-257.00127578432716
777,3422,314345,-66.55170708216447
777,3423,314424,-193.77495594012743
777,3424,314516,-373.18216653119293
777,3425,314611,-294.71407619126586
777,3426,314671,-159.89837060187367
777,3427,314767,-148.41048307503624
777,3428,314840,-227.46201346145915
777,3429,314916,-194.90442526757414
777,3430,315010,-318.22964962543733
777,3431,315098,-109.30603232213842
777,3432,315162,-124.57282985687783
777,3433,315276,-324.544624051549
777,3434,315339,-141.6894588750858
777,3435,315431,-92.02991898939297
777,3436,315493,-152.55292157468494
777,3437,315575,-55.55551451939212
777,3438,315683,-346.54244058121037
777,3439,315756,-79.45456142713203
777,3440,315821,-98.4490970353444
777,3441,315928,-125.70670113252976
777,3442,315988,-98.51994744039126
777,3443,316058,-99.57526638034179
777,3444,316152,-222.37201869264715
777,3445,316228,-181.9859503702774
777,3446,316315,-234.81182111302869
777,3447,316416,-108.7473753684965
777,3448,316532,-128.9290790647401
777,3449,316646,-341.66374012198446
777,3450,316714,-249.76799608950301
777,3451,316791,-109.87963819924177
777,3452,316876,-115.76855962910886
777,3453,316952,-82.90738861046441
777,3454,317019,-217.12361809089714
777,3455,317128,-190.57917228513213
777,3456,317196,-163.30931987924527
777,3457,317274,-77.4343623718157
777,3458,317339,-90.57714975522667
777,3459,317397,-104.0746127194161
777,3460,317523,-236.91196969757848
777,3461,317630,-121.70324590374335
777,3462,317745,-85.59851661050992
777,3463,317837,-249.2274513457077
777,3464,317946,-243.28316424683183
777,3465,318066,-314.80798666260694
777,3466,318152,-109.55141102361357
777,3467,318223,-89.25500303178022
777,3468,318288,-68.77314125069917
777,3469,318400,-96.19270307100217
777,3470,318466,-175.83258214629097
777,3471,318530,-100.867616046371
777,3472,318596,-269.9565440587497
777,3473,318695,-89.86183786721693
777,3474,318831,-191.7986183044925
777,3475,318969,-75.91477392145947
777,3476,319048,-274.52279568351435
777,3477,319176,-177.7620800471247
777,3478,319247,-143.3092798759948
777,3479,319351,-124.68192223507
777,3480,319451,-177.2715535073527
777,3481,319552,-417.57869283844923
777,3482,319625,-115.43284190556946
777,3483,319718,-108.33769478306958
777,3484,319819,-382.9965661618811
777,3485,319933,-409.71141503392977
777,3486,320043,-187.85443361139835
777,3487,320131,-209.70373102662336
777,3488,320234,-166.3292538432476
777,3489,320339,-193.0634651061315
777,3490,320429,-387.6215294326141
777,3491,320500,-210.46423658851978
777,3492,320575,-94.16418741284141
777,3493,320699,-191.99858212532462
777,3494,320802,-159.75387934965374
777,3495,320895,-115.20759589336278
777,3496,320994,-377.766852268676
777,3497,321115,-78.79165007034342
777,3498,321197,-326.48963356608954
777,3499,321276,-367.08776493568973
777,3500,321363,-230.6096451331583
777,3501,321442,-84.60193908750618
777,3502,321522,-187.51916746671057
777,3503,321590,-112.93217578220144
777,3504,321662,-109.96844189120816
777,3505,321735,-95.71575950938568
777,3506,321808,-79.85245033308118
777,3507,321878,-78.49305586587438
777,3508,321981,-157.97626767449356
777,3509,322088,-160.09022403374394
777,3510,322162,-238.57635607289524
777,3511,322252,-306.2516605188836
777,3512,322344,-116.48975378474599
777,3513,322425,-10.62468190036671
777,3514,322492,-134.9847836521837
777,3515,322559,-63.061136442057915
777,3516,322640,-135.38475442655644
777,3517,322745,-96.64176682197323
777,3518,322831,-123.56122721015976
777,3519,322944,-289.03957918790854
777,3520,323046,-232.109010982625
777,3521,323161,-74.96842394944552
777,3522,323238,-233.7729956003343
777,3523,323310,-188.84173067092462
777,3524,323388,-100.69780117333003
777,3525,323488,-256.3365262978573
777,3526,323556,-168.15775765544726
777,3527,323623,-248.28171435630523
777,3528,323717,-321.95069203912004
777,3529,323845,-226.81288943744835
777,3530,323911,-72.20226546909699
777,3531,324035,-99.34497377362484
777,3532,324108,-145.6943641306143
777,3533,324216,-139.12415736115082
777,3534,324276,-72.00628599375227
777,3535,324378,-418.2994922169267
777,3536,324470,-377.75313230490053
777,3537,324579,-111.59889289111841
777,3538,324649,-148.79431967828543
777,3539,324710,-210.83994626058086
777,3540,324822,-241.65823036364876
777,3541,324912,-356.92988711707756
777,3542,325010,-156.66985161417023
777,3543,325081,-114.21457240875478
777,3544,325157,-120.49885836505217
777,3545,325228,-177.27653262866693
777,3546,325330,-268.62360888044
777,3547,325430,-123.30520192965005
777,3548,325501,-121.58096992014627
777,3549,325577,-207.49462153992658
777,3550,325645,-140.63244851767547
777,3551,325730,-213.16081546308965
777,3552,325800,-195.42945069993834
777,3553,325890,-189.10391295984346
777,3554,326008,-337.31165918786985
777,3555,326118,-111.74889487067179
777,3556,326210,-237.0674415396988
777,3557,326319,-280.45042748225967
777,3558,326377,-74.80071240788756
777,3559,326446,-158.06665314457814
777,3560,326559,-153.6375415725927
777,3561,326644,-153.58113410179539
777,3562,326772,-202.0696124540807
777,3563,326877,-144.37972535384574
777,3564,326943,-375.0279094004141
777,3565,327019,-102.0883002889369
777,3566,327089,-129.35373546726936
777,3567,327188,-144.86497996131172
777,3568,327268,-105.8446491500597
777,3569,327335,-99.67339457778037
777,3570,327452,-324.39760379542304
777,3571,327548,-114.08194591656783
777,3572,327640,-226.22539699347203
777,3573,327719,-128.83474833898813
777,3574,327799,-95.79896552965671
777,3575,327894,-203.96064637323957
777,3576,328001,-379.48849514521294
777,3577,328110,-124.5077412182181
777,3578,328180,-3.1589110120120267
777,3579,328261,-89.0987309154654
777,3580,328335,-111.97021173712514
777,3581,328461,-205.611822955275
777,3582,328537,-156.01012671266463
777,3583,328607,-258.5611282858827
777,3584,328718,-326.34318977764724
777,3585,328786,-128.267407142646
777,3586,328851,-168.31755278969183
777,3587,328919,-109.55527475563846
777,3588,328983,-80.58459865915916
777,3589,329086,-141.82590468595538
777,3590,329166,-175.8353464260813
777,3591,329267,-209.01570031722457
777,3592,329349,-187.66553706525102
777,3593,329418,-247.30385170713603
777,3594,329516,-341.9838692415045
777,3595,329609,-181.80008426727346
777,3596,329718,-128.71827745236578
777,3597,329816,-317.69411310518745
777,3598,329919,-387.4237383226273
777,3599,330007,-112.83553441564897
777,3600,330099,-413.76483462442764
777,3601,330215,-91.25077965599303
777,3602,330290,-94.39841837057544
777,3603,330380,-298.6932255848575
777,3604,330490,-381.85719100912627
777,3605,330552,-255.76862778613284
777,3606,330647,-283.1244047167446
777,3607,330747,-87.79423600632958
777,3608,330810,-91.90721380204562
777,3609,330898,-218.51874419971978
777,3610,331002,-316.6908323508667
777,3611,331084,-119.70744979220623
777,3612,331149,-87.97724382640938
777,3613,331261,-148.13803979360708
777,3614,331351,-442.6582084489111
777,3615,331434,-253.10612085883446
777,3616,331548,-129.63219706973433
777,3617,331675,-169.36857479355422
777,3618,331753,-119.86069952921767
777,3619,331827,-36.62430236402231
777,3620,331898,-177.4404299672809
777,3621,331992,-388.3523216216872
777,3622,332064,-86.61954348644282
777,3623,332144,-265.65891480493616
777,3624,332248,-129.80895647424484
777,3625,332375,-309.43693276563033
777,3626,332462,23.874647914882956
777,3627,332563,-330.60592974155986
777,3628,332695,-87.77947502679098
777,3629,332794,-186.41348037494558
777,3630,332894,-358.2747901174789
777,3631,332974,-150.93641058036923
777,3632,333044,-174.2534104966286
777,3633,333106,-100.01191262550803
777,3634,333212,-144.31702358028195
777,3635,333315,-42.85011663162115
777,3636,333381,-91.80405338527781
777,3637,333503,-443.2092974068235
777,3638,333579,-294.06968199559356
777,3639,333641,-111.96881067913849
777,3640,333745,-374.44612751471925
777,3641,333852,-137.8349941992376
777,3642,333944,-438.6239437222833
777,3643,334018,-71.31011928471462
777,3644,334082,-111.83215278445974
777,3645,334210,-110.97018229720932
777,3646,334288,26.261742293960822
777,3647,334368,-156.40934719214127
777,3648,334446,-44.27255090275588
777,3649,334542,-333.90789034441855
777,3650,334632,-252.37651808073707
777,3651,334708,-73.62538353689567
777,3652,334787,-135.93601147513652
777,3653,334879,-201.2966995290688
777,3654,334998,-173.42818338711285
777,3655,335074,-109.16082714781415
777,3656,335150,-196.366963651395
777,3657,335248,-366.392641553741
777,3658,335356,-95.38830383939005
777,3659,335430,-98.36527566736798
777,3660,335510,-299.7566307483264
777,3661,335634,5.101366848499865
777,3662,335708,-267.7087671480858
777,3663,335785,-197.11493323165178
777,3664,335880,-446.2474619117003
777,3665,335984,-156.48518624379182
777,3666,336100,-19.711537475486736
777,3667,336185,-141.8297888716481
777,3668,336265,-132.98407353429855
777,3669,336369,-128.6536134393679
777,3670,336424,-135.59112575716534
777,3671,336485,-126.9540463746053
777,3672,336580,-346.61697979437184
777,3673,336686,-213.54741598216327
777,3674,336786,-341.28164613587956
777,3675,336845,-56.33379164917461
777,3676,336922,-114.30407158939559
777,3677,337026,-150.9261611284067
777,3678,337135,-322.3526853535209
777,3679,337193,-127.59052964334413
777,3680,337290,-266.369967300665
777,3681,337405,-103.47416070907913
777,3682,337475,-172.87971778670865
777,3683,337548,-336.0394651642281
777,3684,337642,-19.009396144771358
777,3685,337745,-242.82656290448546
777,3686,337819,-153.90222323156036
777,3687,337937,-115.81614129026397
777,3688,338002,-238.32015002770177
777,3689,338098,-392.9321876071966
777,3690,338183,-185.1029481573259
777,3691,338242,-140.7922176342367
777,3692,338324,-352.04202059976353
777,3693,338418,-263.1569905738148
777,3694,338498,-218.81950958028878
777,3695,338568,-55.085356875923075
777,3696,338674,-244.65236016922125
777,3697,338744,-140.4670468615497
777,3698,338846,-196.5667598048579
777,3699,338960,-245.2016376414416
777,3700,339070,-69.81992460898023
777,3701,339187,-376.65351305755394
777,3702,339250,-43.866282223287314
777,3703,339357,-231.19702410921087
777,3704,339414,-99.15939513995565
777,3705,339477,-68.32194096403131
777,3706,339555,-293.9365199614913
777,3707,339620,-174.24891192010926
777,3708,339761,-238.8913022171094
777,3709,339824,-277.08152567514475
777,3710,339926,-285.88691908043404
777,3711,339995,-114.70547031544497
777,3712,340065,-93.51633645095403
777,3713,340149,-319.43901089403766
777,3714,340262,-216.11749547165755
777,3715,340332,-128.51559837383672
777,3716,340436,-282.99786519232805
777,3717,340544,-121.92585577131024
777,3718,340646,-106.71273894525964
777,3719,340758,-246.46686263353854
777,3720,340837,-133.36764102522267
777,3721,340929,-198.38842800836989
777,3722,341010,-194.36862452375897
777,3723,341081,-70.93948048859534
777,3724,341168,-323.6325361385225
777,3725,341262,-85.07374361475838
777,3726,341344,-168.5652850852925
777,3727,341432,-383.56513613584366
777,3728,341514,-280.58135964235726
777,3729,341585,-178.78781718911068
777,3730,341647,-93.36850319640737
777,3731,341711,-81.1996631440023
777,3732,341772,-100.79258726489297
777,3733,341855,-161.53376288603124
777,3734,341936,-37.0386916558591
777,3735,342011,-80.53832940561438
777,3736,342091,-205.74313794483388
777,3737,342172,-80.68761211589128
777,3738,342287,-110.87364243571199
777,3739,342397,-180.89574568042747
777,3740,342470,-127.47005589926059
777,3741,342580,-50.05508368358744
777,3742,342655,-203.7665196339981
777,3743,342712,-72.22774183589048
777,3744,342813,-369.77440642413336
777,3745,342889,-125.5853545562667
777,3746,342965,-74.8169747954652
777,3747,343021,-111.63875627665408
777,3748,343115,-189.0993601983995
777,3749,343177,-118.28172813622335
777,3750,343248,-159.39627563604773
777,3751,343323,-64.25108105653261
777,3752,343425,-75.35407112903461
777,3753,343493,-118.72305531575859
777,3754,343570,-68.62375665247306
777,3755,343663,-152.14151802671603
777,3756,343762,-381.6770617982278
777,3757,343865,-169.3968904186949
777,3758,343948,-145.8694193247174
777,3759,344036,-157.94939760831653
777,3760,344140,-287.5778828407752
777,3761,344243,-449.92354035561095
777,3762,344325,-89.34439734494705
777,3763,344404,-250.90963547126046
777,3764,344506,-211.3914555719121
777,3765,344572,-111.9081970630468
777,3766,344635,-37.99461729645049
777,3767,344744,-330.59577417464607
777,3768,344814,-76.43755400109924
777,3769,344888,-240.33795979948405
777,3770,344962,-93.49354288251429
777,3771,345089,-134.88888636307325
777,3772,345157,-90.92194816098348
777,3773,345258,-196.76697680416987
777,3774,345336,-259.09584852861497
777,3775,345420,-246.04219826921064
777,3776,345530,-161.96162766174388
777,3777,345654,-151.15475414755832
777,3778,345770,-400.0155028453088
777,3779,345871,-183.2190356150236
777,3780,345948,-290.6305485802725
777,3781,346029,-225.27487043592285
777,3782,346146,-185.4531582496922
777,3783,346263,-289.81780675690527
777,3784,346342,-346.69722549570304
777,3785,346430,-374.87095780384504
777,3786,346502,-22.05983568139716
777,3787,346579,-142.99586982234345
777,3788,346675,-99.22174582967784
777,3789,346789,-109.02752534025294
777,3790,346894,-346.10118775740216
777,3791,346982,-158.72011146375092
777,3792,347054,-160.1876906740733
777,3793,347143,-263.57799653689267
777,3794,347262,-108.17963246683976
777,3795,347335,-339.71797271313085
777,3796,347412,-200.1610803780205
777,3797,347521,-73.31161872270113
777,3798,347587,-137.33561694027588
777,3799,347678,-231.75152429268016
777,3800,347761,-154.40057099794666
777,3801,347866,-186.7090219671179
777,3802,347930,-86.20874772496335
777,3803,348022,-155.82510407436874
777,3804,348107,-247.73617528111018
777,3805,348215,-352.84712060978
777,3806,348298,-288.7329657960728
777,3807,348380,-445.9073922764982
777,3808,348503,-162.14755128262635
777,3809,348589,-197.56009479107462
777,3810,348699,-151.0294996743873
777,3811,348802,-99.57267865080796
777,3812,348883,-288.77101384363755
777,3813,348948,-138.69139630026797
777,3814,349014,-78.19795348660264
777,3815,349136,-299.39244427220024
777,3816,349208,-182.46983290812022
777,3817,349307,-279.07060775320264
777,3818,349407,-202.8431423854739
777,3819,349473,-208.38362537039663
777,3820,349591,-318.6437355972746
777,3821,349663,-389.8308683357222
777,3822,349723,-87.4083922895477
777,3823,349789,-88.41220781880821
777,3824,349857,-96.06386685500395
777,3825,349937,-110.36705376030962
777,3826,350063,-136.63488706257206
777,3827,350134,-129.71111984966132
777,3828,350246,-218.26034191672488
777,3829,350347,-230.2127568929404
777,3830,350405,-114.08279543211529
777,3831,350516,-286.0665944236018
777,3832,350634,-211.20736710015018
777,3833,350755,-161.77825253045086
777,3834,350816,-36.34922616821461
777,3835,350881,-103.43310590066862
777,3836,350946,-75.93887744360435
777,3837,351017,-12.683222047809622
777,3838,351112,-306.66737981074147
777,3839,351180,-247.6410534530795
777,3840,351255,-184.98943703962337
777,3841,351352,-252.38095409414413
777,3842,351417,-157.42382844348296
777,3843,351495,-68.86606101107527
777,3844,351558,-65.85785007164552
777,3845,351639,-114.69871433862613
777,3846,351777,-267.98527042737925
777,3847,351847,-120.34279246191245
777,3848,351974,18.18244680200729
777,3849,352058,-114.12442089434867
777,3850,352172,-170.88501686210174
777,3851,352264,-294.6401683415621
777,3852,352371,-194.33714074693097
777,3853,352444,-115.99117174882974
777,3854,352571,-241.82425220710758
777,3855,352709,-394.6158467975026
777,3856,352821,-226.41970853699866
777,3857,352913,-158.96164463257594
777,3858,352983,-107.3093310470081
777,3859,353071,-80.36506435431808
777,3860,353137,-168.6422553543926
777,3861,353212,-159.30463025810155
777,3862,353304,-152.4204770037819
777,3863,353397,-309.9060622656939
777,3864,353506,-64.72380264860678
777,3865,353625,-100.10537552343749
777,3866,353695,-100.74919662401484
777,3867,353771,-115.2787490067013
777,3868,353858,-196.01868494282988
777,3869,353960,-72.92855324927186
777,3870,354063,-130.9229764190847
777,3871,354146,-228.1376364323782
777,3872,354207,-65.62571277647649
777,3873,354273,-104.2026008357081
777,3874,354341,-226.3518224931863
777,3875,354410,-118.91413993689896
777,3876,354472,-93.13423246146078
777,3877,354569,-111.13959639472925
777,3878,354670,-334.23284550054086
777,3879,354743,-61.73065219372427
777,3880,354829,-153.33291992369817
777,3881,354911,-112.14051042657202
777,3882,355012,-278.3855835467197
777,3883,355121,-103.18812706130142
777,3884,355187,-90.85513930501611
777,3885,355267,-301.14182546326634
777,3886,355338,-70.85611180777397
777,3887,355461,-95.654988239012
777,3888,355574,-313.3847210342793
777,3889,355676,-180.55956284499172
777,3890,355736,-141.2855011526507
777,3891,355815,-87.45375652655783
777,3892,355902,-290.7421685474005
777,3893,355996,-446.972518877418
777,3894,356108,-185.6916432654254
777,3895,356183,-181.50355197101175
777,3896,356271,-248.47606167062668
777,3897,356365,-116.18544808158549
777,3898,356455,-121.02124869754549
777,3899,356510,-106.011299655243
777,3900,356624,-16.439585356021837
777,3901,356744,-120.95373082535855
777,3902,356816,-118.13514018663884
777,3903,356900,-122.97064392695466
777,3904,356989,-139.25080343583545
777,3905,357057,-121.2814515449797
777,3906,357142,-464.3713156818219
777,3907,357208,-44.62429677733755
777,3908,357316,-80.57818880209403
777,3909,357384,-131.42345312483837
777,3910,357472,-361.51426590781307
777,3911,357544,-107.24334432966455
777,3912,357610,-162.08196282704637
777,3913,357674,-80.04472102579902
777,3914,357778,-421.82777618141506
777,3915,357877,-258.913443500036
777,3916,357968,-117.13703795651065
777,3917,358050,-75.45632168741594
777,3918,358127,-95.77495531685204
777,3919,358208,-124.59779748430947
777,3920,358320,-72.1063725690978
777,3921,358415,-140.77381075436926
777,3922,358488,-87.35289651980666
777,3923,358590,-214.75991441319195
777,3924,358677,-191.48014658741886
777,3925,358822,-121.22513917438064
777,3926,358913,-389.10078031495544
777,3927,359011,-84.03488352090844
777,3928,359105,-122.94640563665142
777,3929,359206,-126.44142290584233
777,3930,359297,21.890320065130922
777,3931,359408,-178.4139726504688
777,3932,359485,-165.44693214690432
777,3933,359543,-98.73412556695489
777,3934,359639,-102.44006819159071
777,3935,359715,-254.73919278911254
777,3936,359827,-219.07657721194735
777,3937,359917,-138.88408594856887
777,3938,359979,-67.23565998685874
777,3939,360045,-148.97093644606161
777,3940,360149,-137.5226393533322
777,3941,360237,-288.3453138551589
777,3942,360366,-303.6542423501217
777,3943,360447,-336.6730460640866
777,3944,360522,-143.98988410268677
777,3945,360604,-136.86590658562397
777,3946,360671,-101.85043742558335
777,3947,360750,-132.13256084716846
777,3948,360839,-150.66955581064184
777,3949,360964,-437.90681698555807
777,3950,361050,-214.3525996536278
777,3951,361144,-455.6458059420814
777,3952,361237,-294.58611784751486
777,3953,361347,-123.24620855536082
777,3954,361410,-135.17187037300658
777,3955,361489,-117.44220892534085
777,3956,361575,-106.86526206020226
777,3957,361666,-96.32349085517211
777,3958,361759,-143.7189609057001
777,3959,361886,-362.58606329695294
777,3960,361980,-397.8146843209121
777,3961,362043,-196.88745548296313
777,3962,362109,-154.3974222112097
777,3963,362172,-90.2980349264077
777,3964,362279,-267.4306330212862
777,3965,362341,-144.76773711843637
777,3966,362437,-308.14617859481655
777,3967,362501,-137.74704697577573
777,3968,362564,-135.15685616001818
777,3969,362678,-398.6286568992219
777,3970,362755,-145.01787151071687
777,3971,362851,-129.50563358915986
777,3972,362966,-164.79382082373655
777,3973,363057,-99.59181140209576
777,3974,363172,-433.039187504743
777,3975,363249,-62.569543800820604
777,3976,363312,-163.64284496221825
777,3977,363398,-317.31602280456946
777,3978,363524,-220.2445891533008
777,3979,363611,-320.5661308608522
777,3980,363716,-234.03420937213355
777,3981,363776,-116.73337355762658
777,3982,363834,-96.09715452798865
777,3983,363924,-328.02031658004546
777,3984,364001,-136.6745891063918
777,3985,364112,-310.66276563348134
777,3986,364196,9.197775536716662
777,3987,364287,-359.77212321810214
777,3988,364371,-125.7625490224679
777,3989,364463,-388.8183094534364
777,3990,364530,-79.51192216536674
777,3991,364619,-401.3281586258398
777,3992,364694,-91.42832914513528
777,3993,364771,-111.99417017772278
777,3994,364837,-62.1363722447766
777,3995,364950,-274.21490332818775
777,3996,365036,-85.08793421291233
777,3997,365144,-14.20622217969732
777,3998,365240,-281.19366479932614
777,3999,365328,-35.99962758567089
777,4000,365412,-447.0317922251269
777,4001,365471,-69.05214332389622
777,4002,365545,-143.78335797674714
777,4003,365609,-200.35029679355858
777,4004,365704,-167.06092926377653
777,4005,365794,-143.66076382602384
777,4006,365908,-240.67230024021848
777,4007,365988,-219.99864250187525
777,4008,366137,-126.18799305300604
777,4009,366202,-137.41623873332423
777,4010,366288,-59.45271291121513
777,4011,366363,-75.40321853583754
777,4012,366424,-92.4461562693922
777,4013,366503,-86.16675607759038
777,4014,366578,-96.35227790464054
777,4015,366687,-395.50891311619364
777,4016,366766,-119.84690357298342
777,4017,366868,-384.9479587099339
777,4018,366958,-305.13388577713005
777,4019,367053,-145.61652079044381
777,4020,367138,-268.28814681019765
777,4021,367205,-71.9426761148581
777,4022,367298,-250.63206607033524
777,4023,367362,-146.25067990610097
777,4024,367507,-322.6274695317446
777,4025,367592,-161.65318153882268
777,4026,367716,-138.42891980075933
777,4027,367786,-79.38033024834544
777,4028,367869,-122.45933447595807
777,4029,367972,-97.63327722186398
777,4030,368036,-58.058173613207614
777,4031,368129,-251.0094035618272
777,4032,368228,-261.14746242318165
777,4033,368338,-377.05779349626573
777,4034,368408,-138.5545612350781
777,4035,368501,-401.9956153580654
777,4036,368588,-310.6105544284335
777,4037,368705,-394.7723633225904
777,4038,368773,-159.33776974030778
777,4039,368879,-290.60846990225383
777,4040,368971,-98.6489621469047
777,4041,369039,-212.76585435033897
777,4042,369140,-169.73262485837733
777,4043,369255,-119.46998236016327
777,4044,369357,-144.4568878518439
777,4045,369447,-118.21818418439362
777,4046,369536,-159.56068338246416
777,4047,369607,-233.0909495595682
777,4048,369689,-124.1003404453692
777,4049,369805,-317.4239654217273
777,4050,369916,-117.38621195373912
777,4051,369994,-118.83098978233232
777,4052,370071,-363.7581433607883
777,4053,370174,-324.20184892178236
777,4054,370271,-55.6520856846977
777,4055,370362,-348.1232252767345
777,4056,370452,-363.74789921183947
777,4057,370551,-137.53793098747482
777,4058,370652,-153.55136619783724
777,4059,370714,-114.89204934046121
777,4060,370786,-106.11182569723145
777,4061,370866,-252.28302159095932
777,4062,370935,-62.150437636612715
777,4063,371033,-60.074689751175484
777,4064,371125,-340.73841667843817
777,4065,371192,-110.66331248731301
777,4066,371274,-97.45786014159043
777,4067,371388,-122.60631931973518
777,4068,371462,-119.03523544772456
777,4069,371530,-89.25316869075117
777,4070,371607,-160.44528775956746
777,4071,371679,-138.58589413319305
777,4072,371803,-172.7861792518637
777,4073,371907,-212.159688441358
777,4074,371966,-133.1773589098213
777,4075,372083,-176.09605793042408
777,4076,372153,-113.55108385209144
777,4077,372263,-8.943181051919638
777,4078,372372,-139.90336897555505
777,4079,372461,-14.515528059321113
777,4080,372554,-117.8955809098289
777,4081,372632,-144.14462698887158
777,4082,372749,-264.2147117014165
777,4083,372812,-137.32580785105972
777,4084,372940,-144.53397453151018
777,4085,373052,-160.43849605144823
777,4086,373144,-201.5002038150185
777,4087,373221,-121.54523562164557
777,4088,373330,-117.3697830759878
777,4089,373387,-108.66922570670717
777,4090,373478,-94.67502505558187
777,4091,373542,-136.51680932254527
777,4092,373642,-382.812740219714
777,4093,373748,-223.02975469465406
777,4094,373820,-107.95061827553904
777,4095,373932,-141.84290402058053
777,4096,374023,-177.91819092847163
777,4097,374097,-220.45795935714136
777,4098,374213,-321.24388227418086
777,4099,374326,-105.6129362485222
777,4100,374413,-61.51845028356087
777,4101,374474,-117.14013755333421
777,4102,374555,-217.6488399395201
777,4103,374622,-148.14035210623848
777,4104,374701,-182.94243918517742
777,4105,374800,-282.7179737160879
777,4106,374893,-324.2272314559616
777,4107,374959,-161.88844183639625
777,4108,375021,-74.48962206358277
777,4109,375084,-90.02168597382891
777,4110,375154,-77.16873050094742
777,4111,375234,-274.3059102514503
777,4112,375337,-256.92988696687996
777,4113,375431,-116.47624128795803
777,4114,375499,-54.12466430290346
777,4115,375580,-221.40790757386105
777,4116,375696,-248.99993420971543
777,4117,375810,-40.2532088433542
777,4118,375899,-165.8052915903491
777,4119,375964,-131.85021593781516
777,4120,376089,-266.5859462933701
777,4121,376165,-112.96681672377035
777,4122,376250,-125.10447248745747
777,4123,376347,-100.46688658968033
777,4124,376413,-239.21495033477527
777,4125,376482,-79.26313496764058
777,4126,376593,-403.41636264438483
777,4127,376671,-262.41184492775335
777,4128,376774,-237.65837571862514
777,4129,376883,-54.220720502387934
777,4130,376964,-175.24911373667248
777,4131,377045,-89.41904122546056
777,4132,377117,-96.78385331534628
777,4133,377180,-130.25815033927694
777,4134,377297,-372.44727447691145
777,4135,377403,-72.16697296990102
777,4136,377490,-1.7837279609843932
777,4137,377593,-71.85875353658227
777,4138,377711,-303.9683519343811
777,4139,377769,-99.81117222245229
777,4140,377834,-285.23452121905007
777,4141,377956,-172.09874321942186
777,4142,378067,-148.96469794233911
777,4143,378130,-94.61223677850154
777,4144,378193,-67.61836321279341
777,4145,378257,-132.45169463604492
777,4146,378321,-127.91013514839312
777,4147,378426,-372.41285286694983
777,4148,378517,-84.34121502290984
777,4149,378647,-237.96628285874436
777,4150,378779,-309.6976752960459
777,4151,378908,-180.5671406152407
777,4152,378989,-112.01968332317598
777,4153,379092,-433.2677269992591
777,4154,379211,-180.34679124660835
777,4155,379284,-92.32117257464405
777,4156,379368,-250.6604940061739
777,4157,379440,-235.50734788373822
777,4158,379510,-149.2671895391668
777,4159,379593,-96.56049680474975
777,4160,379715,-168.74751130943528
777,4161,379823,-156.87614692957138
777,4162,379891,-117.52610207752525
777,4163,380022,-115.34874048055234
777,4164,380109,-144.0525569655395
777,4165,380185,-120.73483998079301
777,4166,380286,-93.7129938522738
777,4167,380396,-189.52578108848445
777,4168,380488,-114.48054849558102
777,4169,380570,-110.17379880696461
777,4170,380641,-201.5122252437762
777,4171,380727,-135.47135202568586
777,4172,380800,-262.9892423354732
777,4173,380890,27.657578077204178
777,4174,380980,-118.88972765451794
777,4175,381092,-216.49045580872243
777,4176,381198,-309.2488694439396
777,4177,381312,-105.77180606014956
777,4178,381414,-324.1154927339917
777,4179,381488,-145.03592142339664
777,4180,381565,-262.6544242605106
777,4181,381671,-169.48780708953092
777,4182,381733,-155.71444293962853
777,4183,381797,-116.28855159755639
777,4184,381900,-72.07930042375861
777,4185,381976,-172.28311737606097
777,4186,382051,-183.19418312492647
777,4187,382116,-73.80155441897395
777,4188,382191,60.467096660688185
777,4189,382315,-241.17807963761143
777,4190,382405,-263.281290903328
777,4191,382474,-253.47371385963385
777,4192,382595,-166.7821649076345
777,4193,382665,-257.820617410821
777,4194,382724,-106.57243854281992
777,4195,382792,-136.98289687693205
777,4196,382920,-226.89334519439393
777,4197,383016,-105.46598517235859
777,4198,383090,-96.24947051507942
777,4199,383152,-92.0245331246312
777,4200,383230,-108.05542558147353
777,4201,383292,-21.684512716157357
777,4202,383384,-262.3473022851266
777,4203,383466,-308.60099579100637
777,4204,383561,-303.5090162489129
777,4205,383678,-42.84585959426755
777,4206,383741,-61.308531152910305
777,4207,383856,-42.40265764063844
777,4208,383955,-338.9618953489978
777,4209,384064,-194.69332428524922
777,4210,384161,-340.0972709658152
777,4211,384272,-108.99890599307273
777,4212,384369,-141.16121584669625
777,4213,384467,-112.98030856537459
777,4214,384578,-368.5324951735376
777,4215,384679,-419.60279075505997
777,4216,384782,-133.5803400052863
777,4217,384869,-101.26542819772868
777,4218,384941,-88.09231462432746
777,4219,385029,-49.48149907698877
777,4220,385117,-128.436071943845
777,4221,385222,-281.640593094146
777,4222,385319,-413.31682638108043
777,4223,385424,-377.7949939326834
777,4224,385552,-221.57431343998422
777,4225,385672,-248.65499225094857
777,4226,385747,-170.20637310808124
777,4227,385826,-212.06697545540948
777,4228,385916,-148.66412569120672
777,4229,386009,-212.70390500912808
777,4230,386071,-135.57628671941706
777,4231,386136,-126.14432971313842
777,4232,386208,-103.9907601919427
777,4233,386287,-101.20200783127568
777,4234,386361,-103.62769488403478
777,4235,386471,-317.0584490204558
777,4236,386537,-68.07572024576137
777,4237,386627,-164.13494256945086
777,4238,386709,-262.7934851175991
777,4239,386786,-101.23567890843442
777,4240,386888,-119.59962099474738
777,4241,387000,-346.56891884125963
777,4242,387094,-184.30737242886772
777,4243,387155,-131.4934422843668
777,4244,387267,-326.87281270386757
777,4245,387336,-87.98226776560492
777,4246,387406,-221.17879046411247
777,4247,387476,-134.16500328113364
777,4248,387584,-235.6764726171949
777,4249,387672,-28.73490001383108
777,4250,387765,-350.99929076006447
777,4251,387872,-366.1284752267692
777,4252,387961,-135.84445299431428
777,4253,388062,-372.2756491397356
777,4254,388147,-272.7734038853903
777,4255,388208,-79.18196580582023
777,4256,388317,-336.5397080842209
777,4257,388406,-390.6277498589163
777,4258,388507,-228.64251751662175
777,4259,388598,-146.91770095045604
777,4260,388725,-254.69598664879788
777,4261,388802,-137.57058902301577
777,4262,388893,-392.1330395829795
777,4263,388970,-109.32143267116358
777,4264,389061,-270.0380056748669
777,4265,389168,-438.3627202985472
777,4266,389299,-45.52655097761918
777,4267,389365,-135.3268516152758
777,4268,389452,-127.96571593541734
777,4269,389508,-128.36586588052296
777,4270,389604,-95.76089663044164
777,4271,389685,-215.878208080138
777,4272,389786,-134.54137178857985
777,4273,389873,-125.13095333038925
777,4274,389988,-336.102643455983
777,4275,390086,-294.71485136738306
777,4276,390167,-129.11571539237954
777,4277,390236,-84.03047581173763
777,4278,390348,-129.7971132828717
777,4279,390481,6.614211044446094
777,4280,390554,-96.73701167580673
777,4281,390664,-254.00464523810496
777,4282,390747,-107.75549206666291
777,4283,390856,-469.97133183085225
777,4284,390976,-391.65684776461484
777,4285,391090,-403.91249376310776
777,4286,391180,-116.17182367330915
777,4287,391244,-59.71044235100072
777,4288,391345,-147.37968951207043
777,4289,391411,-121.68547292338164
777,4290,391513,-314.07143988671373
777,4291,391636,-227.14752123744657
777,4292,391724,-379.2007330789035
777,4293,391809,-106.1313053608656
777,4294,391892,-351.09053790920836
777,4295,392012,-93.7361766867678
777,4296,392118,-264.2731628054023
777,4297,392218,-235.12783433577758
777,4298,392318,-380.7659174978983
777,4299,392401,-158.97030895674396
777,4300,392460,-92.54222963677216
777,4301,392555,-361.12955725173833
777,4302,392630,-270.6065169971446
777,4303,392720,-264.97007361466495
777,4304,392797,-70.1259584604397
777,4305,392895,-85.10791592695158
777,4306,392965,-60.309717932546356
777,4307,393043,-248.07956058838673
777,4308,393154,-377.6107164083932
777,4309,393234,-122.64730124819312
777,4310,393322,-110.53509203099706
777,4311,393441,-225.59951511827975
777,4312,393558,-213.34758656901082
777,4313,393621,-197.40699423168735
777,4314,393713,-144.30478893997912
777,4315,393824,-211.9628867119402
777,4316,393911,-420.28117456875873
777,4317,394007,-310.5002960956999
777,4318,394084,-293.2174588366918
777,4319,394164,-231.4085951813559
777,4320,394295,-4.910246891133994
777,4321,394417,-97.30265240478815
777,4322,394514,-304.69173659770627
777,4323,394586,-225.2200928166351
777,4324,394651,-73.01960679595935
777,4325,394771,-100.89614556363651
777,4326,394859,-288.29042314214894
777,4327,394939,-178.8805726138604
777,4328,395020,-229.83388905668218
777,4329,395106,-118.21299265723397
777,4330,395177,-127.27726496544943
777,4331,395287,-234.32789050015114
777,4332,395368,-94.72891773279494
777,4333,395481,-113.76401945328762
777,4334,395559,-99.18481163175524
777,4335,396559,67.15704699616572
777,4336,396655,-91.55621288220046
777,4337,396747,-196.05018998815035
777,4338,396846,-279.3242857641506
777,4339,397001,-290.2873549454937
777,4340,397112,-107.40968240817001
777,4341,397217,-414.00456957395033
777,4342,397316,-232.37822251351562
777,4343,397423,-279.1222147223783
777,4344,397496,-181.66233594003262
777,4345,397577,-70.9265191547313
777,4346,397688,-114.44337769269347
777,4347,397762,-99.22204617172132
777,4348,397849,-183.6081437833863
777,4349,397917,-105.05888309881344
777,4350,398009,-253.94177430031877
777,4351,398144,-315.6191699504071
777,4352,398215,-139.65396069048288
777,4353,398328,-295.2429717698099
777,4354,398395,-130.14825960944515
777,4355,398478,-114.56912813083363
777,4356,398589,-219.96742110971525
777,4357,398691,-267.48235372809484
777,4358,398797,-285.8176738225717
777,4359,398882,-317.11987677943125
777,4360,398979,-374.50405503649745
777,4361,399054,-160.15780100397293
777,4362,399117,-94.64446530833061
777,4363,399199,-97.05540363825533
777,4364,399272,-268.9150685275955
777,4365,399381,-96.87191295506025
777,4366,399503,-194.65394274754703
777,4367,399590,-382.8874610255691
777,4368,399707,-184.95202840999082
777,4369,399789,-199.30412442917208
777,4370,399885,-321.82446464628754
777,4371,399968,-197.15404208637884
777,4372,400049,4.41967627498218
777,4373,400155,-110.81459279829139
777,4374,400226,-216.45955489578688
777,4375,400316,-326.00687682499506
777,4376,400432,-183.6975743849702
777,4377,400546,-45.42712475391782
777,4378,400610,-165.3410949314561
777,4379,400712,-10.284058454933643
777,4380,400822,-122.55123505264535
777,4381,400942,-109.77875473242662
777,4382,401008,-118.23281253489998
777,4383,401111,-241.07357614087027
777,4384,401204,-86.53877289525079
777,4385,401286,-137.94242551553066
777,4386,401342,-102.88074011065582
777,4387,401408,-117.85834544668342
777,4388,401495,-407.38716162563213
777,4389,401577,-115.2736063264982
777,4390,401649,-224.87698243858193
777,4391,401749,-216.49335848862415
777,4392,401855,-157.14874050299068
777,4393,401931,-157.67446556494178
777,4394,402039,-175.1799002529802
777,4395,402106,-157.8479568321896
777,4396,402223,-118.93164783851086
777,4397,402300,-159.38940741892105
777,4398,402363,-120.98813679430249
777,4399,402430,-114.70633411241577
777,4400,402536,-250.53963754221942
777,4401,402616,-77.6699403974853
777,4402,402750,-232.070111615296
777,4403,402821,-91.53002219811137
777,4404,402886,-87.3789915920298
777,4405,402968,-116.68355235092493
777,4406,403068,-198.88022208939975
777,4407,403197,-129.719133047192
777,4408,403290,-173.0015616107786
777,4409,403403,-383.3234055745944
777,4410,403468,-111.20700273520399
777,4411,403549,-121.05952856634421
777,4412,403620,-137.1500421550813
777,4413,403690,-212.64592058862934
777,4414,403787,-248.11373733153056
777,4415,403877,-167.1992543903146
777,4416,403992,-274.46410662830124
777,4417,404077,-223.02689517518377
777,4418,404166,-141.51276639839995
777,4419,404262,-218.53040159391225
777,4420,404344,-87.95972644807574
777,4421,404414,-81.74406666403564
777,4422,404495,-274.98002777447414
777,4423,404587,-352.45042651738936
777,4424,404674,-120.24706858826822
777,4425,404759,-98.19512171155728
777,4426,404824,-103.10510285990189
777,4427,404889,-105.42296223680134
777,4428,404960,-76.06586747320388
777,4429,405033,-199.90500432797108
777,4430,405146,-234.30849899704543
777,4431,405253,-460.22345274720493
777,4432,405341,-314.0375851745196
777,4433,405465,-194.4133050857231
777,4434,405547,-279.5033756249225
777,4435,405688,-131.91023270346156
777,4436,405793,-116.47451941001873
777,4437,405899,-132.24976299288903
777,4438,405980,-172.41491268626396
777,4439,406052,-259.1381056717048
777,4440,406117,-308.2753946732149
777,4441,406199,-106.97746913841063
777,4442,406265,-62.48284051934375
777,4443,406345,-193.67451182261058
777,4444,406472,-222.64610590141723
777,4445,406585,-175.30040255225356
777,4446,406667,-66.49896402784395
777,4447,406749,-149.70374337744914
777,4448,406828,-292.01382563893384
777,4449,406908,-84.17923288226754
777,4450,407014,-336.7635642045593
777,4451,407142,-241.61358434482912
777,4452,407235,-271.20146051153483
777,4453,407314,-287.8024575931736
777,4454,407398,-150.95041842837077
777,4455,407520,-503.00262540665943
777,4456,407605,-149.16779801577968
777,4457,407666,-106.98512421429963
777,4458,407751,-142.0856031772575
777,4459,407840,-417.50447012791136
777,4460,407948,-135.4776603653705
777,4461,408016,-191.5501766841429
777,4462,408117,-181.3429702373554
777,4463,408219,-148.87795538887485
777,4464,408294,-182.91790739276826
777,4465,408353,-84.81908517265491
777,4466,408443,-515.0575672023679
777,4467,408564,-383.9090343269574
777,4468,408688,-431.58302469610817
777,4469,408773,-108.28963257469583
777,4470,408883,-328.73662349304857
777,4471,408947,-181.62486715442594
777,4472,409047,-234.54276196912338
777,4473,409121,-174.97380136130334
777,4474,409225,-24.081653085635793
777,4475,409329,-330.0827647532998
777,4476,409387,-113.27504242847448
777,4477,409456,-205.28133957944684
777,4478,409573,-140.78651708026865
777,4479,409685,-379.3681224339764
777,4480,409816,-185.28518967169197
777,4481,409877,-130.10874132406897
777,4482,409949,-222.49425971879606
777,4483,410103,-403.8810232314012
777,4484,410184,-156.77181284401084
777,4485,410291,-185.62673721683524
777,4486,410359,-123.91277712480897
777,4487,410449,-433.10492007693927
777,4488,410545,-277.4396983278819
777,4489,410633,-152.38073456038217
777,4490,410703,-80.14311880170001
777,4491,410815,-152.27919126551592
777,4492,410902,-413.52264807270274
777,4493,411017,-156.15458726620824
777,4494,411112,-464.70673577921804
777,4495,411228,-377.39347171963084
777,4496,411328,-362.5139541188831
777,4497,411428,-243.31385874609214
777,4498,411507,41.182759961593916
777,4499,411592,-140.9911229569588
777,4500,411718,-108.72810271343302
777,4501,411806,-197.48247951280513
777,4502,411896,-160.7885757441864
777,4503,411976,-313.11237573951576
777,4504,412054,-392.8987805540607
777,4505,412113,-246.28592127821952
777,4506,412212,-132.58552723843667
777,4507,412315,-124.26935135106264
777,4508,412414,-404.9824653422417
777,4509,412480,-170.71061218264833
777,4510,412552,-121.00321024091843
777,4511,412627,-98.83793852198029
777,4512,412751,-397.8786663420654
777,4513,412833,-135.84192264014936
777,4514,412922,-150.3144881518337
777,4515,413023,-191.80119044783697
777,4516,413124,-297.10540936333484
777,4517,413188,-109.47775488529192
777,4518,413256,-68.08582067359455
777,4519,413349,-399.11476829002015
777,4520,413465,-447.13774684416694
777,4521,413528,-125.72425311180987
777,4522,413617,-359.6660435923673
777,4523,413697,-271.1606914244441
777,4524,413757,-76.40153682798984
777,4525,413834,-149.59934434497617
777,4526,413942,-197.9152364938979
777,4527,414013,-103.65628830829866
777,4528,414092,33.928862947159985
777,4529,414167,-133.15618156059148
777,4530,414266,-295.1264859740467
777,4531,414369,-314.3231534373558
777,4532,414480,-226.410203372575
777,4533,414556,-106.83304607409498
777,4534,414625,-103.44102076389504
777,4535,414725,-114.95559986382517
777,4536,414818,-353.1176457373752
777,4537,414944,-106.88579099945073
777,4538,415037,-130.8737993764773
777,4539,415123,-125.7554683702034
777,4540,415180,-133.94737800691038
777,4541,415251,-275.04859821619976
777,4542,415315,-74.13828383770957
777,4543,415397,-41.29951684671057
777,4544,415462,-228.3755451174427
777,4545,415538,-107.76307230696611
777,4546,415675,-109.43793733156028
777,4547,415749,-385.5160612603864
777,4548,415861,-496.27171018790466
777,4549,415954,-407.77646753912336
777,4550,416070,-118.51296085544615
777,4551,416175,-300.8540937719264
777,4552,416252,-199.96515339134925
777,4553,416347,-123.1074269240224
777,4554,416413,-223.13318081039114
777,4555,416502,-111.0722764714958
777,4556,416573,-185.49626441554028
777,4557,416646,-124.67990810032543
777,4558,416723,-175.072658939427
777,4559,416791,-140.9879182904025
777,4560,416879,-379.0349226846244
777,4561,416984,-144.42990434215162
777,4562,417057,-85.70823595490904
777,4563,417121,-59.74293069140299
777,4564,417196,-86.99381521810787
777,4565,417280,-388.7712210271598
777,4566,417380,-269.41326298157475
777,4567,417487,-155.10166328323936
777,4568,417580,-100.70356462529931
777,4569,417697,-190.7896861784155
777,4570,417761,-189.17851784450158
777,4571,417825,-192.09052780022694
777,4572,417922,-137.79373266684476
777,4573,418004,-117.2484039559776
777,4574,418095,-136.5168010667204
777,4575,418177,-356.058573980977
777,4576,418272,-134.46081806177793
777,4577,418365,-59.09715701955047
777,4578,418425,-58.52709475619835
777,4579,418497,-180.6013350231812
777,4580,418594,-141.2044518149932
777,4581,418666,-210.19170594844667
777,4582,418728,-141.91423274422928
777,4583,418827,-543.6679489616079
777,4584,418955,-505.50620694088406
777,4585,419024,-112.92174258716136
777,4586,419092,-176.27375182264694
777,4587,419204,-113.72589475799154
777,4588,419300,-416.38992742561834
777,4589,419376,-107.54869151993661
777,4590,419490,-124.29186586131374
777,4591,419556,-125.30599411806014
777,4592,419646,-156.13986891172482
777,4593,419755,-80.72390429712672
777,4594,419828,-151.77826802095373
777,4595,419906,-81.68287683716999
777,4596,420019,-101.23276715900938
777,4597,420099,-163.61511662975255
777,4598,420203,-243.9470299820176
777,4599,420312,-191.61046397458807
777,4600,420387,-220.0982015459194
777,4601,420494,-290.0276847662042
777,4602,420594,-212.89447070130115
777,4603,420713,-207.28050693082855
777,4604,420814,-124.11166573456887
777,4605,420881,-99.67832681607426
777,4606,420942,-143.7334523527647
777,4607,421033,-148.39003025898828
777,4608,421116,-96.41145136429098
777,4609,421184,-67.05893826151672
777,4610,421302,-206.04520626003995
777,4611,421372,-123.63776478383704
777,4612,421434,-115.93586142680722
777,4613,421524,-231.67947787222275
777,4614,421632,-137.33796263050982
777,4615,421698,-216.55639413645576
777,4616,421815,-281.3599380792718
777,4617,421898,-91.16274485468325
777,4618,422029,-354.3792813853262
777,4619,422099,-109.77848632380875
777,4620,422191,-316.2278169040455
777,4621,422289,-228.2265827740952
777,4622,422373,-165.43114468885418
777,4623,422473,-245.07756347086578
777,4624,422560,-341.68068992466397
777,4625,422639,-18.92805096830388
777,4626,422710,-69.60017854667319
777,4627,422810,-192.62569690663287
777,4628,422878,-115.3211980815546
777,4629,422976,-273.3561332692053
777,4630,423089,-100.67334706803054
777,4631,423169,-77.99098052277273
777,4632,423293,-289.3193619390556
777,4633,423405,-121.46152648458408
777,4634,423513,-209.73099496961595
777,4635,423636,-48.44413467184731
777,4636,423704,-3.7666375230003695
777,4637,423792,-349.90218675386404
777,4638,423855,-101.59045952153022
777,4639,423918,-121.39302563410232
777,4640,424004,-286.6685768957874
777,4641,424105,-146.9309101666504
777,4642,424174,-103.78997626431625
777,4643,424300,-151.9172016029754
777,4644,424423,-251.67466912545805
777,4645,424524,-213.53516712196185
777,4646,424651,-288.3007795882895
777,4647,424728,-118.28134576716892
777,4648,424803,-139.99598174913928
777,4649,424892,-40.62066576982994
777,4650,424962,-80.31915722134673
777,4651,425080,-275.51489787837824
777,4652,425166,-126.27908161060321
777,4653,425233,-200.08805303583165
777,4654,425293,-102.16483157549146
777,4655,425389,-99.748651694384
777,4656,425496,-204.14500150734136
777,4657,425566,-132.58239165587895
777,4658,425658,-358.2385376725073
777,4659,425770,-152.99366045813252
777,4660,425871,-170.30584998430948
777,4661,425951,-152.02186379972824
777,4662,426021,-71.32703341123022
777,4663,426100,-101.16249322341145
777,4664,426174,-119.67934562505064
777,4665,426242,-39.55267950912853
777,4666,426355,-222.0585483903901
777,4667,426428,-288.8578822024712
777,4668,426501,-123.89563224286384
777,4669,426598,-177.6705808011596
777,4670,426715,-316.4998626822641
777,4671,426804,-482.420469431886
777,4672,426880,-94.24923758864188
777,4673,426958,-146.26110454155761
777,4674,427055,-93.16031518802042
777,4675,427169,-390.96075084099175
777,4676,427243,-95.67686386050919
777,4677,427354,-314.2091506246144
777,4678,427426,-88.77650962002802
777,4679,427538,-297.5070486040267
777,4680,427649,-174.31132532714437
777,4681,427724,-187.7872835009594
777,4682,427792,-82.49511566484969
777,4683,427874,-128.34856949488292
777,4684,427987,-431.95456494327965
777,4685,428085,-307.8356196502615
777,4686,428163,-186.81483276415315
777,4687,428241,-124.65329666823983
777,4688,428321,-400.9671875903671
777,4689,428386,-213.2548114535249
777,4690,428470,-193.8681496074609
777,4691,428554,-122.15887258810841
777,4692,428629,-107.0408291595413
777,4693,428712,-106.74786636629902
777,4694,428822,-167.3934618846664
777,4695,428911,-299.3485152272042
777,4696,429003,-340.02779034311084
777,4697,429093,-207.05657671329269
777,4698,429169,-219.9271165015715
777,4699,429278,-290.07121932051876
777,4700,429372,-295.81898367449634
777,4701,429441,-166.76342998367667
777,4702,429535,-137.56918484862285
777,4703,429592,-82.47626402447398
777,4704,429671,-242.45341959161703
777,4705,429757,-139.16409585032898
777,4706,429869,-507.3764820760668
777,4707,429992,-34.93387984259826
777,4708,430058,-103.6494181655394
777,4709,430121,-94.79671666460536
777,4710,430179,-125.78712192965102
777,4711,430301,-168.61616110716633
777,4712,430377,-109.97213445285574
777,4713,430445,-104.59497755496662
777,4714,430541,-218.80210708752494
777,4715,430632,-232.88750214317082
777,4716,430728,-364.61821052456327
777,4717,430818,-395.1363925124317
777,4718,430882,-196.37260955135008
777,4719,430973,-165.80518028203062
777,4720,431052,-117.9578701026815
777,4721,431134,-227.60986239760513
777,4722,431198,-87.29113543058968
777,4723,431282,-153.6266683203376
777,4724,431386,-116.06244289207137
777,4725,431501,-193.423239709161
777,4726,431598,-286.1670495627271
777,4727,431680,-137.00747676297695
777,4728,431787,-144.82488630080206
777,4729,431877,-211.53025190575215
777,4730,431984,-113.49535829255747
777,4731,432057,-121.22740733341486
777,4732,432150,-315.6222077403138
777,4733,432258,-379.5254862634352
777,4734,432352,-315.9058698434869
777,4735,432419,-127.53881422235858
777,4736,432507,-470.82709833087785
777,4737,432631,-181.4096347632456
777,4738,432713,-104.89333974531635
777,4739,432794,-139.7546062756771
777,4740,432884,-87.00944775006587
777,4741,432958,-170.59581348018793
777,4742,433029,-136.6357246864265
777,4743,433095,-102.51855318253438
777,4744,433219,-121.87859488633306
777,4745,433341,27.714785235035635
777,4746,433406,-61.537843487035275
777,4747,433504,-426.87182384719574
777,4748,433569,-58.64136559714292
777,4749,433659,-412.5518179715155
777,4750,433754,-287.96353136237997
777,4751,433821,-226.27468409083326
777,4752,433921,-185.07783886389913
777,4753,434010,-109.23784264680708
777,4754,434111,-142.14213283317895
777,4755,434217,-245.33720131611486
777,4756,434326,-343.50087146054875
777,4757,434398,-163.38373612112764
777,4758,434463,-144.70986775766568
777,4759,434538,-157.35759463428548
777,4760,434594,-129.9037939515215
777,4761,434717,-367.0794866614215
777,4762,434805,-144.5218040491289
777,4763,434869,-111.94458564331016
777,4764,435002,-119.89759692493908
777,4765,435080,-117.22958067404272
777,4766,435165,-120.04434626247179
777,4767,435258,-325.18343350359953
777,4768,435331,-107.44235200498592
777,4769,435403,-345.3952214167898
777,4770,435472,-140.699951349973
777,4771,435555,-269.99719231213305
777,4772,435660,-205.6074433657923
777,4773,435780,-98.98783249641859
777,4774,435888,-89.50650017397659
777,4775,435998,-326.14056263853956
777,4776,436105,-412.06701560098804
777,4777,436180,-157.50403710607276
777,4778,436257,-97.41354415870029
777,4779,436349,-145.93939533911254
777,4780,436418,-115.4983646399491
777,4781,436504,-228.46488928180221
777,4782,436581,-134.60931135290724
777,4783,436705,-17.987290380543143
777,4784,436775,-82.54262849160871
777,4785,436865,-465.22075126851615
777,4786,436934,-180.1789662205183
777,4787,437012,-110.44273469022866
777,4788,437128,-143.35475225707302
777,4789,437227,-241.26174160490288
777,4790,437356,-99.1261094303499
777,4791,437449,-127.29772924052884
777,4792,437547,-307.3601228896145
777,4793,437626,-160.4609579181728
777,4794,437686,-91.20013680095951
777,4795,437757,-79.89547323092762
777,4796,437817,-38.873328357949575
777,4797,437910,-110.28352982435152
777,4798,437971,-246.79183318477908
777,4799,438059,-263.0190384282196
777,4800,438160,-119.23463717126985
777,4801,438278,-143.01478039783984
777,4802,438360,-84.89908357081092
777,4803,438472,-84.09704657955812
777,4804,438566,-96.74750075186559
777,4805,438639,-177.3535625070765
777,4806,438721,-182.53122817399276
777,4807,438838,-113.52383359754471
777,4808,438903,-279.5720851161349
777,4809,439006,-282.9031509287145
777,4810,439123,-377.653031608328
777,4811,439183,-109.01163498742972
777,4812,439244,-162.28054978152426
777,4813,439313,-20.487750798045326
777,4814,439384,-184.17241479751823
777,4815,439482,-404.7619330734794
777,4816,439566,-180.64321410233728
777,4817,439655,-364.44532862438854
777,4818,439725,-79.69514487479084
777,4819,439808,-361.43161706542327
777,4820,439899,-115.6977235748493
777,4821,440000,-149.2873742763257
777,4822,440107,-288.03593547284174
777,4823,440163,-76.99609072401934
777,4824,440265,-217.4829084118703
777,4825,440372,-302.67650835337736
777,4826,440434,-84.84763056570978
777,4827,440532,-130.0313034563975
777,4828,440625,30.755224116814134
777,4829,440715,-384.49177758853494
777,4830,440794,-297.7189116525216
777,4831,440872,-218.10718897592952
777,4832,440981,-425.47721122760265
777,4833,441067,-364.8529631535105
777,4834,441157,-356.491751010161
777,4835,441222,-126.22074376876284
777,4836,441288,-113.0006057875076
777,4837,441388,-264.9306173215386
777,4838,441497,27.757517310344454
777,4839,441595,-108.6331388955372
777,4840,441724,-102.90361024737842
777,4841,441808,-101.00030153765572
777,4842,441910,-128.25775503920983
777,4843,441969,-191.25856978496688
777,4844,442074,-23.510257271513495
777,4845,442150,-132.00664452825077
777,4846,442255,-187.73070948646387
777,4847,442361,-186.06352931968212
777,4848,442479,-124.30759802819942
777,4849,442574,-339.92425702175757
777,4850,442654,-110.20669147782931
777,4851,442765,-148.74580209503688
777,4852,442871,-338.1518696756568
777,4853,442958,-153.73957463410972
777,4854,443040,-136.57979376709778
777,4855,443122,-381.1519996855411
777,4856,443198,-311.3881293556105
777,4857,443288,-129.60309597264404
777,4858,443349,-96.316113715087
777,4859,443461,-411.67762797856506
777,4860,443539,-304.2980008273803
777,4861,443637,-231.95810999692407
777,4862,443720,-130.1440249508616
777,4863,443849,-179.4204156043907
777,4864,443917,-94.52015697671004
777,4865,444027,-215.8604093774759
777,4866,444121,-416.0676992533133
777,4867,444209,-128.3331484271901
777,4868,444291,-282.55005018186534
777,4869,444376,-362.7641988728606
777,4870,444481,-403.48009773597687
777,4871,444579,-135.241209941552
777,4872,444665,-280.1678414608443
777,4873,444764,-393.5438069387072
777,4874,444821,-214.7934466788879
777,4875,444947,-129.4575780409282
777,4876,445015,-307.3608860655635
777,4877,445077,-84.87661289773334
777,4878,445140,-99.8412621263244
777,4879,445243,-365.6443663202578
777,4880,445341,-153.79317207563943
777,4881,445406,-119.33942922325664
777,4882,445511,-297.1853839862675
777,4883,445573,-333.0915261290859
777,4884,445644,-122.12420504813218
777,4885,445723,-264.62994301848073
777,4886,445809,-340.14939025056685
777,4887,445895,-86.47560762781728
777,4888,445964,-107.37783398401156
777,4889,446057,-121.07082908822996
777,4890,446163,-137.99514023752513
777,4891,446244,-208.89492166887294
777,4892,446307,-139.63558027386003
777,4893,446381,-128.2081687812042
777,4894,446509,-330.8694708735705
777,4895,446581,-293.1297805375504
777,4896,446680,-185.18189366840357
777,4897,446738,-109.75113720206295
777,4898,446814,-357.35363815094814
777,4899,446908,-115.3354082211661
777,4900,446984,-103.27974360539976
777,4901,447065,-111.10345842839219
777,4902,447144,-141.9099040005912
777,4903,447213,-58.69777264955188
777,4904,447302,-115.14947272229267
777,4905,447416,-151.62947886439355
777,4906,447519,-78.01661270949077
777,4907,447598,-68.51627590239593
777,4908,447708,-375.3417353001359
777,4909,447823,-294.7712352916639
777,4910,447935,-239.6577395564186
777,4911,448037,-123.81261103295003
777,4912,448117,-268.4532253330128
777,4913,448197,-246.19508635993628
777,4914,448266,-216.30233950933737
777,4915,448342,-355.23208467929896
777,4916,448405,-102.35226788207034
777,4917,448482,-84.43521815260708
777,4918,448554,-88.74476343305443
777,4919,448664,-276.4092618442929
777,4920,448742,-84.25159175094115
777,4921,449660,-240.1788643799792
777,4922,449749,-239.7692953016514
777,4923,449820,-154.13119256227714
777,4924,449904,-96.68025525273887
777,4925,450019,-366.0088834862275
777,4926,450103,-193.91164912594633
777,4927,450185,-383.4070765493314
777,4928,450294,-237.32613011047638
777,4929,450361,-97.53094064073488
777,4930,450436,-129.50623524273757
777,4931,450497,-97.1161975403842
777,4932,450558,-113.21691708287217
777,4933,450665,-125.01616486519912
777,4934,450747,-281.93371388704094
777,4935,450836,-412.46579358294474
777,4936,450931,-316.4117816869107
777,4937,451012,-119.13383473994045
777,4938,451081,-87.91797225106936
777,4939,451177,-102.06554028128564
777,4940,451241,-233.34616001590007
777,4941,451345,-341.6978350711072
777,4942,451419,-124.83956143250977
777,4943,451506,-280.09139351410266
777,4944,451584,-91.58677995400615
777,4945,451685,-403.2294003360522
777,4946,451751,-70.88762950634592
777,4947,451852,-386.53167137297766
777,4948,451936,-147.13415831900033
777,4949,452024,-110.93829671212757
777,4950,452117,-428.3934496733932
777,4951,452190,-145.58685844514673
777,4952,452251,-104.49583956214144
777,4953,452321,-80.9158899547278
777,4954,452431,-92.72973804739661
777,4955,452555,-95.03213535652615
777,4956,452637,-212.42851146673874
777,4957,452729,-188.29990890576252
777,4958,452841,-132.127719382246
777,4959,452925,-304.83029115863417
777,4960,453015,-136.36609341979064
777,4961,453101,-239.75418561309803
777,4962,453170,-96.5798523833063
777,4963,453258,-206.15127441851305
777,4964,453341,-226.02526159525786
777,4965,453417,-66.85334681240502
777,4966,453524,-447.54887481460537
777,4967,453635,-440.7736875638046
777,4968,453737,-274.22645711931114
777,4969,453808,-192.83416415738378
777,4970,453897,-113.182391707824
777,4971,454005,-172.37341424839167
777,4972,454119,-244.5957171498405
777,4973,454207,-162.85253236440167
777,4974,454331,-147.5723525974454
777,4975,454391,-92.25290738168329
777,4976,454469,-80.60995743785769
777,4977,454580,-68.40339179743114
777,4978,454652,-156.2271345839681
777,4979,454739,-209.48108993046986
777,4980,454854,-374.7914370525144
777,4981,454926,-77.39215916462699
777,4982,455024,-411.1825165860871
777,4983,455131,-260.31797775192035
777,4984,455197,-68.87698279802964
777,4985,455304,-242.41656710959
777,4986,455382,-129.35592875955172
777,4987,455493,-96.01460259062695
777,4988,455588,-96.93914618961989
777,4989,455695,-374.74839129173205
777,4990,455794,-323.8479959695877
777,4991,455943,-80.60794031477499
777,4992,456056,-211.31407020835502
777,4993,456173,-373.4358578628482
777,4994,456282,-111.481520331441
777,4995,456354,-95.78832506372366
777,4996,456453,-366.08409071404435
777,4997,456522,-110.23357416626737
777,4998,456587,-90.84916902020623
777,4999,456672,-114.60441055277653
777,5000,456799,-84.0587192008162
777,5001,456925,-246.31903202255148
777,5002,456999,32.285278441268986
777,5003,457117,-403.12248679129976
777,5004,457242,-145.8200641298527
777,5005,457348,-433.5628745717031
777,5006,457423,-197.86232863653294
777,5007,457513,-142.16084750698002
777,5008,457602,-200.7208949071735
777,5009,457700,-132.4142054492961
777,5010,457819,-181.7454672663308
777,5011,457883,-120.92787004029367
777,5012,457975,-123.76182238001365
777,5013,458043,-84.16064020956429
777,5014,458105,-119.0643066955011
777,5015,458207,-237.4819011642736
777,5016,458291,-114.59853174851843
777,5017,458355,-78.98914545564926
777,5018,458499,-25.49749792128415
777,5019,458626,-422.8845767295141
777,5020,458716,-380.53757132111866
777,5021,458788,-66.42588686183507
777,5022,458875,-137.4913488090968
777,5023,458937,-77.04214146046903
777,5024,459010,-88.20643189503294
777,5025,459071,-97.01911080424487
777,5026,459190,2.578843457432015
777,5027,459294,-98.82878457418977
777,5028,459355,-86.48899554011146
777,5029,459430,-194.40334382603015
777,5030,459501,-307.5511442991276
777,5031,459634,-126.86399618756138
777,5032,459697,-151.88746266826894
777,5033,459787,-424.2639965948461
777,5034,459875,-195.98933502645386
777,5035,459950,-80.42896206744513
777,5036,460072,-173.5139141061589
777,5037,460187,-158.74149608703053
777,5038,460287,-320.8266210153406
777,5039,460364,-265.75773882746114
777,5040,460447,-202.37185941063044
777,5041,460570,-53.804665909770335
777,5042,460640,-275.90288663354585
777,5043,460712,-93.07532059147454
777,5044,460811,-356.98514522016706
777,5045,460915,-308.89806043585395
777,5046,460983,-172.27978131027794
777,5047,461076,29.953221118443338
777,5048,461177,-222.09293227018452
777,5049,461295,-338.4258416052027
777,5050,461378,-98.38610648533586
777,5051,461449,-114.55493478437381
777,5052,461540,-131.33173755048773
777,5053,461641,-231.33700919484284
777,5054,461759,-83.28172710268274
777,5055,461824,-45.280249504274735
777,5056,461932,-338.03125196214125
777,5057,462029,-153.97818253127895
777,5058,462108,-123.57110782561655
777,5059,462239,-153.8165260241824
777,5060,462341,-287.64593081538646
777,5061,462455,-113.25573793386064
777,5062,462527,-89.43618963309683
777,5063,462678,-387.55454680634875
777,5064,462755,-99.89953170206958
777,5065,462820,-175.50891503781162
777,5066,462946,-120.88857398489645
777,5067,463075,-104.46064927157047
777,5068,463189,-108.35239959733973
777,5069,463252,-102.21802749998848
777,5070,463346,-77.25741803275527
777,5071,463439,-337.95994735104887
777,5072,463520,-89.36906352121744
777,5073,463585,-221.47967171852758
777,5074,463687,-336.10411280389485
777,5075,463794,-391.1957526546325
777,5076,463863,-56.3664401418926
777,5077,463997,-126.64570206162986
777,5078,464094,-145.95644363333327
777,5079,464153,-108.41770650210329
777,5080,464229,-107.40151648934487
777,5081,464331,-197.44701388153786
777,5082,464405,-156.0281931060419
777,5083,464515,-117.030613059114
777,5084,464627,-467.69575539373056
777,5085,464735,-79.6324632924946
777,5086,464841,-173.35223596299693
777,5087,464963,-335.62243966208416
777,5088,465047,-227.24796552165225
777,5089,465136,-102.24710242529139
777,5090,465221,-448.2302673064366
777,5091,465293,-126.84892571241315
777,5092,465398,-344.48435036072374
777,5093,465506,-255.981866209546
777,5094,465611,-394.62846325042113
777,5095,465686,-139.48982182303575
777,5096,465785,-94.71109232200095
777,5097,465853,-44.136279589098066
777,5098,465952,-106.73378672518685
777,5099,466042,-102.29538946941688
777,5100,466149,-116.96269838927626
777,5101,466245,-265.8466860221838
777,5102,466361,-120.84996588320439
777,5103,466430,-113.39776989436402
777,5104,466540,-111.23277462954734
777,5105,466651,-281.29100274906847
777,5106,466736,-159.9946583316955
777,5107,466812,-186.7687170398975
777,5108,466921,-210.79847578180554
777,5109,467026,-89.75217616779649
777,5110,467122,-123.77979855698283
777,5111,467192,-77.99720434928707
777,5112,467277,-204.88058848946446
777,5113,467362,-269.3239988817628
777,5114,467492,-19.115393356252497
777,5115,467572,-134.52601083327858
777,5116,467678,-167.5544044042161
777,5117,467783,-102.09442869741903
777,5118,467887,-156.27815063125746
777,5119,468005,-344.0760462008532
777,5120,468118,-537.2784351290393
777,5121,468191,-81.78746419402498
777,5122,468271,-105.50093883408388
777,5123,468389,-297.04644172532153
777,5124,468477,-494.8837774266634
777,5125,468563,-276.3744426732129
777,5126,468632,-100.37291817006412
777,5127,468699,-99.39872665879892
777,5128,468772,-82.72034475256004
777,5129,468872,-199.34924680833146
777,5130,468977,-117.87313897194268
777,5131,469098,-351.0964159614688
777,5132,469169,-128.4798495702765
777,5133,469273,-326.43013568967376
777,5134,469356,-132.85019813398046
777,5135,469474,-355.70353152408495
777,5136,469567,-93.20430148577458
777,5137,469651,3.990383125243781
777,5138,469722,-283.00281930267465
777,5139,469822,-103.1545698579045
777,5140,469924,-85.47990861912938
777,5141,470039,-148.88084247864822
777,5142,470161,-312.8084867873549
777,5143,470261,-389.2126121132028
777,5144,470325,-186.89671481984536
777,5145,470428,-509.0346694065141
777,5146,470535,-417.8036201622737
777,5147,470594,-87.65583614371442
777,5148,470652,-113.80087373274526
777,5149,470795,-69.69421660255077
777,5150,470853,-107.82626677219346
777,5151,470937,-116.73015802949709
777,5152,471003,-57.877522597203345
777,5153,471099,-124.10309959823738
777,5154,471188,-83.07077020298648
777,5155,471273,-172.12621536500995
777,5156,471368,-179.68776608536774
777,5157,471489,-177.7307005544493
777,5158,471561,-96.19523305083753
777,5159,471656,-228.0081759160165
777,5160,471744,-101.5576213443352
777,5161,471859,-271.1373897591394
777,5162,471932,-115.81511587064908
777,5163,472014,-40.41486831235156
777,5164,472141,-339.3533671011065
777,5165,472234,-136.91603008533076
777,5166,472355,-232.48773899606095
777,5167,472462,-373.95051960197844
777,5168,472543,-439.2777518251605
777,5169,472634,-308.95824985868444
777,5170,472703,-130.71237152513226
777,5171,472766,-81.5743025638821
777,5172,472838,-98.87156984193874
777,5173,472902,-125.12782115906208
777,5174,473015,-188.74804354732498
777,5175,473115,-154.61606613542983
777,5176,473225,-80.2086948279568
777,5177,473295,-153.65686889393302
777,5178,473390,-264.6263386053521
777,5179,473449,-126.96633179807101
777,5180,473544,-143.321180425531
777,5181,473620,-103.31161694546557
777,5182,473712,-105.08574028470753
777,5183,473810,-113.8946596454185
777,5184,473894,-181.63349487031772
777,5185,473995,-201.4749080145629
777,5186,474093,-235.05782473370584
777,5187,474162,-121.82992862582483
777,5188,474259,-96.28647101312335
777,5189,474337,-184.4570716838486
777,5190,474434,-435.0303251255144
777,5191,474527,-445.74527884752774
777,5192,474610,-51.67638508381806
777,5193,474698,-125.34296212429189
777,5194,474815,-243.2775658349367
777,5195,474892,-262.5251026707257
777,5196,474973,-176.21911073628547
777,5197,475046,-309.8886761662063
777,5198,475125,-218.12686246367835
777,5199,475200,-203.8527946375453
777,5200,475298,-437.9862249157862
777,5201,475421,-170.0370891519139
777,5202,475501,-108.76087303592601
777,5203,475583,4.544293740272295
777,5204,475693,-107.70404329541279
777,5205,475782,-132.772736664637
777,5206,475893,-226.40703237150927
777,5207,475956,-63.803191399017884
777,5208,476027,-81.49253574434246
777,5209,476125,-281.10157075984097
777,5210,476194,-124.83474147230976
777,5211,476308,-227.104687373214
777,5212,476386,-123.29660628729232
777,5213,476457,-140.66388644585086
777,5214,476561,-178.75370852259502
777,5215,476624,-44.10484053580956
777,5216,476719,-354.0525262788773
777,5217,476812,-259.9343950707272
777,5218,476912,-387.5578901789781
777,5219,477025,-220.9543990051979
777,5220,477125,-36.098586986494816
777,5221,477202,-92.88185347673259
777,5222,477285,-99.28527486184267
777,5223,477399,-129.65545493676947
777,5224,477466,-129.3064279640492
777,5225,477569,-239.7854502143092
777,5226,477647,-102.75840579396571
777,5227,477758,-435.84406654340745
777,5228,477823,-145.27697484163014
777,5229,477928,-40.403011116476506
777,5230,478028,-75.78128287181093
777,5231,478109,-248.3844368254183
777,5232,478208,-123.49064244704962
777,5233,478268,-218.73194289230048
777,5234,478376,-147.43330168017633
777,5235,478447,-296.46262439337704
777,5236,478518,-239.45349346990395
777,5237,478620,-131.41724640854812
777,5238,478698,-58.36534073451291
777,5239,478796,-253.29471836737181
777,5240,478909,-192.39907657628027
777,5241,479018,-233.5076885977016
777,5242,479126,-143.5467289606517
777,5243,479195,-67.93219434954877
777,5244,479280,-123.95488085686216
777,5245,479345,-93.99875085054265
777,5246,479429,-116.83593105200268
777,5247,479530,-120.94248318050883
777,5248,479627,-133.31439708688222
777,5249,479720,-54.311022822128876
777,5250,479809,-455.3172129941217
777,5251,479877,-89.69332091053762
777,5252,479941,-69.6042931604101
777,5253,480059,-309.08520265770994
777,5254,480168,-91.20971763116287
777,5255,480257,-163.48893396442642
777,5256,480331,-45.6233979881401
777,5257,480400,-67.7614577231612
777,5258,480484,-114.31248693826667
777,5259,480575,-162.4612111064652
777,5260,480681,-94.88740238172137
777,5261,480756,-384.3510594557575
777,5262,480846,-12.56764174141449
777,5263,480911,-81.90685100433011
777,5264,480994,-306.5143770923758
777,5265,481113,-224.50415264267951
777,5266,481228,-124.5447905930082
777,5267,481350,-47.44749200969719
777,5268,481416,-109.52162797274119
777,5269,481527,-162.16805931875078
777,5270,481594,-193.6805000063144
777,5271,481670,-152.42829140915939
777,5272,481769,-192.02740833705724
777,5273,481884,-534.6776559800371
777,5274,481948,-93.0518837812751
777,5275,482048,-130.42802354992747
777,5276,482142,-356.80641147290527
777,5277,482216,-346.2604594718031
777,5278,482322,-307.66911906886924
777,5279,482446,-251.15538859012753
777,5280,482540,-82.20854225875348
777,5281,482621,-362.8912613957688
777,5282,482697,-75.57407402225286
777,5283,482775,-175.47743686157378
777,5284,482853,-202.67825423117944
777,5285,482969,-291.1911346611305
777,5286,483068,-142.71854417565947
777,5287,483152,-155.4193758115694
777,5288,483238,-267.4654690634741
777,5289,483308,-82.87500559114619
777,5290,483370,-192.75754750117977
777,5291,483440,-103.84266658279935
777,5292,483515,-115.42660495183958
777,5293,483599,-98.1547056261955
777,5294,483677,-101.9228347197934
777,5295,483796,-172.84714598561132
777,5296,483857,-113.59818250487186
777,5297,483977,-219.64362566093604
777,5298,484068,-242.40126759523082
777,5299,484156,-246.2488386854783
777,5300,484219,-120.96763166492045
777,5301,484312,-122.88956588595939
777,5302,484395,-117.15976734197494
777,5303,484470,-117.23960615191001
777,5304,484560,-106.15710208949582
777,5305,484627,-123.83384270953889
777,5306,484705,-96.32630889215119
777,5307,484776,-72.59761227380913
777,5308,484855,-203.48316938231739
777,5309,484925,-99.6384313187232
777,5310,485039,-251.7425634589691
777,5311,485119,-102.29730522718918
777,5312,485236,-147.30654493655896
777,5313,485334,-232.3593736639219
777,5314,485409,-95.54773192622038
777,5315,485488,-138.54117601434132
777,5316,485558,-182.46242355950437
777,5317,485666,-137.72684032797923
777,5318,485742,-53.79361097118416
777,5319,485877,-322.5856474340511
777,5320,485959,-107.89151187275056
777,5321,486022,-213.14310738839313
777,5322,486107,-239.17799816722973
777,5323,486192,-128.70290340216815
777,5324,486300,-270.97859247316217
777,5325,486381,-104.89819128709367
777,5326,486476,-94.22321857133433
777,5327,486583,-333.00840918979867
777,5328,486679,-388.1303146997509
777,5329,486782,-204.1655233371787
777,5330,486880,-107.81338902228418
777,5331,486995,-109.5303879060355
777,5332,487093,-290.24998492587326
777,5333,487238,-282.68243227310205
777,5334,487326,-541.6888923697617
777,5335,487415,-341.69753062482596
777,5336,487483,-101.43343648312756
777,5337,487558,-283.05372781587243
777,5338,487671,-226.69916770697583
777,5339,487734,-129.3837894030549
777,5340,487837,-172.1591533257489
777,5341,487901,-205.56089083903402
777,5342,488003,-114.60420011957821
777,5343,488062,-61.07910821163746
777,5344,488145,-45.055468916136206
777,5345,488245,-42.35072710595199
777,5346,488328,-409.15113469300763
777,5347,488409,-235.15228340563644
777,5348,488519,-366.58606011206973
777,5349,488612,-134.02650302197247
777,5350,488677,-95.34661273444134
777,5351,488756,-209.89625218049548
777,5352,488856,-186.4624058408607
777,5353,488924,-181.3931287523203
777,5354,489051,-93.40941440745642
777,5355,489119,-190.22028074330396
777,5356,489214,-5.274243674605557
777,5357,489280,-225.11447816408625
777,5358,489378,-344.3243906689247
777,5359,489465,-153.32407828120915
777,5360,489578,-89.42027777802268
777,5361,489669,-16.38000544312993
777,5362,489727,-88.07137901186753
777,5363,489804,-84.07809437413417
777,5364,489867,-90.60346885435953
777,5365,489968,-109.52053464594694
777,5366,490055,-329.1253047450904
777,5367,490144,-138.78894510807928
777,5368,490258,-195.00984285890848
777,5369,490330,-115.73152511740341
777,5370,490417,-86.76360217113873
777,5371,490488,-67.5757119004592
777,5372,490554,-284.2818028614265
777,5373,490629,-101.25531411617843
777,5374,490735,-233.7035588601652
777,5375,490817,-106.21711067303879
777,5376,490878,-115.89009258100387
777,5377,491031,-137.56018473609663
777,5378,491104,-93.07668696618416
777,5379,491201,-88.20811770764465
777,5380,491264,-92.16329077700881
777,5381,491346,-353.64576993580647
777,5382,491453,-109.41592870404111
777,5383,491533,-250.9182063303303
777,5384,491595,-139.77112728330656
777,5385,491662,-93.45328186012443
777,5386,491728,-157.1246336048996
777,5387,491821,-110.81744676252674
777,5388,491899,-165.38417900673358
777,5389,491957,-68.3982656514093
777,5390,492073,-131.1047059634483
777,5391,492166,-399.3689172150324
777,5392,492270,-450.44549821926006
777,5393,492400,-265.9520688591211
777,5394,492484,-292.10669288298004
777,5395,492570,-112.51534458277857
777,5396,492639,-125.72506136003497
777,5397,492711,-108.43454059222441
777,5398,492786,-167.09573068761682
777,5399,492857,-101.98604314054039
777,5400,492923,-124.70834807226984
777,5401,493011,-289.09303460992044
777,5402,493076,-159.78745624690862
777,5403,493181,-273.29821525490024
777,5404,493248,-191.17622919517345
777,5405,493353,-106.74530483494644
777,5406,493483,-375.7050326883627
777,5407,493632,-163.31280809167924
777,5408,493700,-102.59006063494844
777,5409,493770,-101.70143779046987
777,5410,493859,-316.92917560859183
777,5411,493929,-134.14908889899448
777,5412,494047,-270.67203397393047
777,5413,494148,-125.6940827323265
777,5414,494232,-87.77467223182548
777,5415,494341,-365.8686995288113
777,5416,494434,-268.3209663348769
777,5417,494506,-196.7050805012891
777,5418,494615,-492.3312435621035
777,5419,494719,-46.91383050883496
777,5420,494837,-159.12288883318922
777,5421,494896,-65.28332618285529
777,5422,494988,-319.1660545031515
777,5423,495070,-159.60217949721363
777,5424,495144,-378.72200772983626
777,5425,495228,-401.4072732759669
777,5426,495294,-133.42387861615668
777,5427,495399,-130.8622704611014
777,5428,495461,-84.72688639534114
777,5429,495523,-140.40918805943534
777,5430,495612,-146.00885325947425
777,5431,495677,-113.15945754905846
777,5432,495769,-387.43904075044213
777,5433,495842,-70.01942399412184
777,5434,495922,-310.24753070660506
777,5435,496005,-134.56458682366568
777,5436,496074,-139.16963028399462
777,5437,496174,-173.86260957329768
777,5438,496248,-275.55269930560394
777,5439,496318,-102.78655675595859
777,5440,496404,-103.41078021308834
777,5441,496468,-267.50176762841124
777,5442,496532,-95.25581364854284
777,5443,496602,-94.04999512068201
777,5444,496690,-272.81575065907674
777,5445,496769,-190.73959636452804
777,5446,496880,-104.87063014493953
777,5447,496944,-73.02894626312037
777,5448,497010,-143.6233964809578
777,5449,497119,-31.10228623174706
777,5450,497192,-102.4915924378532
777,5451,497288,-40.271121086017146
777,5452,497393,-94.58109066960333
777,5453,497513,-259.0613437222278
777,5454,497585,-235.80673141543522
777,5455,497655,-204.7763342607151
777,5456,497786,-341.2174026417566
777,5457,497885,-353.47236990197916
777,5458,497995,-125.60070232790316
777,5459,498068,-109.01466901387559
777,5460,498175,-302.4424279935776
777,5461,498234,-106.71374515649619
777,5462,498307,-177.8990629387672
777,5463,498403,-361.7646027398574
777,5464,498469,-155.78346754442222
777,5465,498549,-108.03131118496455
777,5466,498623,-158.63865229976136
777,5467,498699,-172.923708387106
777,5468,498772,-103.1910956993596
777,5469,498849,-218.2438267808137
777,5470,498950,-232.97414065387574
777,5471,499066,-138.57584362300202
777,5472,499152,-130.12452850919934
777,5473,499265,-148.24019911920024
777,5474,499367,-89.72784538025388
777,5475,499437,-109.38961414457013
777,5476,499522,-110.22483730698794
777,5477,499586,-165.42867802299585
777,5478,499698,-315.28484365224006
777,5479,499805,-84.94715329573896
777,5480,499886,-181.25598116060655
777,5481,499975,-94.91470584870929
777,5482,500055,-350.20566479347644
