seed,episode,total_steps,return
777,1,107,-104.08521517773993
777,2,197,-207.1225320559695
777,3,290,-331.10642230074063
777,4,385,-99.28450459044878
777,5,493,-264.73668804641517
777,6,600,-90.39057697384693
777,7,749,-126.88831822649965
777,8,871,-354.1404263509463
777,9,979,-209.12291373712563
777,10,1059,-94.78520963202396
777,11,1137,-131.41636360720742
777,12,1273,-259.4108997241374
777,13,1367,-118.01625876466704
777,14,1446,4.780087978473617
777,15,1525,-275.3473505657805
777,16,1645,-237.40768589900367
777,17,1713,-116.73176229087466
777,18,1829,-140.2189625983913
777,19,1892,-104.47297709639464
777,20,1975,-121.45656075162923
777,21,2037,-163.36937800235515
777,22,2157,-330.1484999260482
777,23,2247,-115.4102889862264
777,24,2357,-124.0822004588569
777,25,2439,-65.23976475159546
777,26,2512,-210.11103246301053
777,27,2611,-220.2199610639224
777,28,2680,-154.942876425999
777,29,2793,-202.55572562350022
777,30,2866,-208.10217759403014
777,31,2948,-67.77303431351493
777,32,3020,-156.05635827745917
777,33,3120,-407.8230148884099
777,34,3237,-164.29285450826097
777,35,3316,-183.83537785260603
777,36,3425,-395.3310448767876
777,37,3544,-101.53760187511237
777,38,3605,-146.92337960230157
777,39,3722,-185.3262650666899
777,40,3818,-166.06348864915327
777,41,3890,-130.53367925248463
777,42,3993,-0.19971293549981795
777,43,4095,-177.891512384665
777,44,4162,-37.144235714368406
777,45,4236,-154.20152864152038
777,46,4333,-390.6943740028565
777,47,4416,-293.28527782654726
777,48,4536,-299.3145105793516
777,49,4638,-193.69883016739274
777,50,4711,-18.67767645796333
777,51,4782,-136.21796317685812
777,52,4859,-186.3011258627272
777,53,4944,-126.95919127492124
777,54,5013,-108.27342639086643
777,55,5083,-120.9433351956616
777,56,5187,-212.89498801023217
777,57,5319,-241.4940813121691
777,58,5420,-301.22605134127724
777,59,5500,-102.58729788968846
777,60,5600,-301.99080901077895
777,61,5685,-130.63646079935035
777,62,5804,-115.05657695116602
777,63,5918,-115.19107581599499
777,64,5985,-138.6684335772955
777,65,6099,-98.3122155645747
777,66,6168,-97.730320518914
777,67,6294,-394.67398691187174
777,68,6366,-151.2738542579201
777,69,6459,-309.1922925985663
777,70,6560,-100.9893432775596
777,71,6671,-204.67834423398284
777,72,6770,-277.5983641479238
777,73,6843,-120.14565315320627
777,74,6947,-63.905707939060946
777,75,7060,-239.64914565455726
777,76,7198,-80.37145629725649
777,77,7268,-166.7307074120028
777,78,7343,-70.94420491564574
777,79,7456,-283.4365747627978
777,80,7531,-23.97031136538648
777,81,7622,-473.3110585276723
777,82,7741,-319.99462122934426
777,83,7819,-81.69194544727915
777,84,7896,-156.85569765538355
777,85,7999,-137.11050813341427
777,86,8068,-196.50548238447698
777,87,8129,-119.70059715596238
777,88,8232,-126.23052031068408
777,89,8300,-66.21512330708119
777,90,8375,-210.76938283780663
777,91,8477,-107.14296215363328
777,92,8554,-285.4416915100854
777,93,8651,0.07517290252637565
777,94,8716,-95.15593756264855
777,95,8792,-167.66378017804777
777,96,8875,-100.36819285872038
777,97,8969,-285.43930355886744
777,98,9048,-87.55736570396616
777,99,9138,-301.1554001971167
777,100,9261,-159.74962705595448
777,101,9330,-240.45461784108286
777,102,9415,-103.32844720140653
777,103,9485,-214.19971797841782
777,104,9548,-78.11754347814528
777,105,9675,-459.6236314398179
777,106,9809,-229.4304327256756
777,107,9878,-308.5454877512313
777,108,10001,-194.10427789559816
777,109,10124,-512.9419305851042
777,110,10228,-443.1580382605633
777,111,10309,-91.72726036537048
777,112,10398,-567.6949191954955
777,113,10497,-389.2302689114354
777,114,10574,-114.99919907655155
777,115,10635,-103.55211178832705
777,116,10727,-210.43739232146916
777,117,10840,-52.67321492844415
777,118,10927,-96.21775199628703
777,119,11018,-275.14881270135896
777,120,11091,-186.86615449224973
777,121,11164,-301.5953644703351
777,122,11231,-242.89229217437108
777,123,11314,-250.15303482065298
777,124,11408,-497.53441855539035
777,125,11486,-393.90180260092905
777,126,11550,-80.6684339568331
777,127,11661,-235.0055922237141
777,128,11757,-125.70858814941114
777,129,11850,-146.88080380937103
777,130,11985,-292.54833642489393
777,131,12055,-396.7944424061345
777,132,12117,-246.93705986741978
777,133,12184,-341.50100907756826
777,134,12263,-132.72329347743124
777,135,12347,-236.9592639390587
777,136,12447,-195.74715695095256
777,137,12545,-268.43364581169345
777,138,12603,-146.27777735600736
777,139,12659,-93.00096746252697
777,140,12730,-217.8965992270188
777,141,12840,0.6849944422983185
777,142,12903,-187.08504659791632
777,143,12994,-89.22913384852271
777,144,13105,-184.1759675656815
777,145,13191,-459.0346853278703
777,146,13310,-201.1152959185066
777,147,13374,-261.6098367586162
777,148,13496,-184.572379201833
777,149,13569,-3.216399847832662
777,150,13654,-103.3507123254069
777,151,13720,-243.91297064371537
777,152,13804,-298.14471082638374
777,153,13913,-410.90159229270125
777,154,13982,-326.03454489507135
777,155,14053,-119.67738141568674
777,156,14120,-142.273681721217
777,157,14175,-124.84470586370875
777,158,14231,-222.84171899686973
777,159,14323,-248.67336552376503
777,160,14404,-176.7896143881241
777,161,14512,-465.1998492113312
777,162,14589,-102.058559106744
777,163,14668,-478.9634154718153
777,164,14728,-235.39108038250154
777,165,14799,-352.2641459723369
777,166,14892,-569.9553504817538
777,167,14963,-249.76090432810597
777,168,15044,-405.26806125450383
777,169,15150,13.612939221749585
777,170,15234,-440.91095285671264
777,171,15330,25.622523592095604
777,172,15402,-448.87397081347723
777,173,15496,-553.641846902684
777,174,15582,-504.6214818727353
777,175,15652,-396.3111543577095
777,176,15712,-85.19748373244164
777,177,15774,-83.37511095280482
777,178,15875,-395.0737008822166
777,179,15988,-531.617884684598
777,180,16072,-495.873761049399
777,181,16186,-354.53067439786764
777,182,16291,-233.67871326256562
777,183,16364,-128.56666938917718
777,184,16439,5.304482480223797
777,185,16552,-321.4394018723358
777,186,16638,-498.86880864298274
777,187,16722,-266.6236554787064
777,188,16818,-217.1432890723661
777,189,16887,-121.1531214891865
777,190,16957,-210.62889146452923
777,191,17020,-198.9436204510257
777,192,17121,-341.08583904543707
777,193,17206,-331.37602824871556
777,194,17325,-308.05760849592207
777,195,17410,-359.17032990227193
777,196,17505,-494.0394620322988
777,197,17572,-304.9596871802762
777,198,17682,-510.2713170236175
777,199,17750,-354.46013367365794
777,200,17856,-303.712872032709
777,201,17918,-87.92711266868614
777,202,17993,-237.43226329780322
777,203,18108,-346.99682846625115
777,204,18210,-21.413776638720577
777,205,18304,-387.08143654886373
777,206,18381,-344.7958327539368
777,207,18483,-570.4344669592479
777,208,18550,-302.79541157199833
777,209,18613,-118.44165737952592
777,210,18701,-303.72509999736536
777,211,18789,-367.14416504239045
777,212,18873,-472.35120877770737
777,213,18962,-242.43120797730555
777,214,19077,-594.6665683991366
777,215,19162,-365.1986070040258
777,216,19225,-153.3243887012122
777,217,19313,-416.68759099089004
777,218,19384,-448.66599282329867
777,219,19487,-659.9941637653977
777,220,19568,-299.0244434905177
777,221,19677,-607.699702813391
777,222,19769,-414.6844266547581
777,223,19862,-564.8092770783044
777,224,19964,-606.8484332000369
777,225,20043,-101.7478661674463
777,226,20146,-609.6689449011758
777,227,20264,-533.6900279299864
777,228,20346,-561.095106673848
777,229,20441,-226.47404286128557
777,230,20524,-531.1230238607545
777,231,20620,-253.63401760302065
777,232,20729,-475.5856153442649
777,233,20830,-267.2735440966399
777,234,20915,-493.6642188300382
777,235,21015,-465.36189963433316
777,236,21125,-583.0772185614107
777,237,21231,-215.0800990611375
777,238,21303,-330.9105550974358
777,239,21436,-461.2874437744316
777,240,21529,-293.82301340371635
777,241,21617,1.0033886000129257
777,242,21714,-416.64431133998335
777,243,21790,-310.75769490831215
777,244,21879,-408.4799170107248
777,245,21988,-447.21153276226437
777,246,22083,-366.1094201292028
777,247,22155,-214.7662698803695
777,248,22241,-111.76173066397149
777,249,22356,-441.4413911630507
777,250,22425,-103.632578483712
777,251,22545,-482.07378149066324
777,252,22631,-354.252930192377
777,253,22717,-413.0370571322021
777,254,22793,-212.46135579211443
777,255,22915,-475.9844179659626
777,256,22986,-317.9448097732904
777,257,23061,-189.4220892709955
777,258,23172,-536.310397550611
777,259,23249,-190.43289468310843
777,260,23359,-398.89903605920426
777,261,23474,-337.13850056173237
777,262,23565,-444.91236047831535
777,263,23656,-428.67238184225704
777,264,23768,-273.6913265763541
777,265,23876,-420.90971574597893
777,266,24697,-247.9086393936477
777,267,24786,-283.0118369265052
777,268,24896,-335.2202523959656
777,269,24985,-473.3525719644758
777,270,25070,-334.54620818968544
777,271,25142,-109.49587188430752
777,272,25267,-404.89571715315424
777,273,25340,-257.68819623710965
777,274,25420,-502.0345437641839
777,275,25501,-438.39341555899887
777,276,25589,-560.1990766837652
777,277,25700,-205.5728246137645
777,278,25795,-161.10133729839606
777,279,25935,-315.1984765133724
777,280,26023,-346.60817209932145
777,281,26121,-441.46354924263477
777,282,26202,-145.6354932322824
777,283,26291,-494.1444487324211
777,284,26449,-542.1959676250499
777,285,26581,-597.7626078367068
777,286,26672,-371.86154414438295
777,287,26826,-542.0667473082369
777,288,26921,-340.60820002230986
777,289,27037,-366.77083225975923
777,290,27162,-592.1822635758574
777,291,27247,-294.80593546748355
777,292,27380,-450.7946744872744
777,293,27471,-424.4988236270876
777,294,27558,-484.6194010385959
777,295,27638,-354.62899665384987
777,296,27763,-452.03117813695275
777,297,27837,-357.9716535376933
777,298,27933,-518.898671663893
777,299,28024,-518.2978161131289
777,300,28150,-621.4845030091667
777,301,28248,-193.71134786055129
777,302,28321,-114.65025950061812
777,303,28415,-285.61402558735267
777,304,28487,-83.23007103163668
777,305,28594,-271.99984714913325
777,306,28678,-440.95707798901935
777,307,28767,-413.6619438642103
777,308,28834,-193.4232331332073
777,309,28919,-499.43840046424145
777,310,28995,-518.8141725557825
777,311,29097,-614.370013456709
777,312,29178,-458.05656622468615
777,313,29264,-356.7404457997237
777,314,29338,-380.7926807095489
777,315,29408,-430.1952113449901
777,316,29477,-328.47811121478014
777,317,29557,-455.5626676660049
777,318,29643,-510.2375047512092
777,319,29744,-498.43368060941367
777,320,29829,-404.8536724843163
777,321,29895,-272.91274201861927
777,322,29964,-378.786304130505
777,323,30066,-490.06062212706144
777,324,30154,-37.55514345582651
777,325,30220,-158.94792277449113
777,326,30300,-371.0504851990941
777,327,30399,-433.76816671030076
777,328,30494,-373.4906428384196
777,329,30554,-181.23538037583336
777,330,30669,-46.96411490201679
777,331,30751,-293.78144979434205
777,332,30836,-12.006107381462272
777,333,30927,-206.12351173264545
777,334,31023,-357.052257442808
777,335,31086,-286.01340594393184
777,336,31143,-210.23665008041894
777,337,31228,-445.8609752350015
777,338,31303,-212.70357204478222
777,339,31379,-211.4374095381246
777,340,31455,-207.78321589807604
777,341,31549,-452.0662095038119
777,342,31620,-224.63139822891495
777,343,31711,-321.3889947824607
777,344,31775,-273.6546150182418
777,345,31845,-193.7722968867312
777,346,31909,-252.44622929508503
777,347,31985,-422.95103301586204
777,348,32043,-203.170139824494
777,349,32135,-357.82343417117
777,350,32231,-562.2611822117445
777,351,32330,-399.6715505940633
777,352,32406,-379.2801318487805
777,353,32520,-435.2162341827091
777,354,32583,-292.03263612116706
777,355,32657,-310.1215367519402
777,356,32730,-420.1844488213819
777,357,32836,-439.81308927669403
777,358,32916,-505.01350105344176
777,359,33010,-356.85715560151283
777,360,33104,-394.077029683273
777,361,33175,-210.13737295495434
777,362,33253,-245.36694265816791
777,363,33321,-297.58008554977044
777,364,33439,-340.55109193204447
777,365,33530,-463.4533699279383
777,366,33658,-336.7461548419127
777,367,33796,-391.57840216002637
777,368,33888,-350.11807771569454
777,369,33978,-358.0256380219772
777,370,34067,-347.892625528594
777,371,34127,-154.0987029417115
777,372,34214,-339.4168841507666
777,373,34329,-467.8198845625013
777,374,34465,-646.5338746243468
777,375,34609,-272.57264909040845
777,376,34705,-245.37168271167275
777,377,34842,-686.6034169517316
777,378,34936,-555.2768340544283
777,379,35050,-473.99358673927014
777,380,35125,-460.53263188919647
777,381,35237,-209.1698260679069
777,382,35371,-637.5758121729241
777,383,35465,-522.3504549189297
777,384,35581,-614.5235309054762
777,385,35695,-385.1361369485907
777,386,35807,-32.3464281146362
777,387,35895,-444.42556325489676
777,388,35999,-218.6669795751804
777,389,36075,-416.0338863139615
777,390,36219,-231.31531057432488
777,391,36364,-712.2516382762569
777,392,36471,-599.1308605131983
777,393,36550,-403.7327576482036
777,394,36688,-713.0166016306199
777,395,36888,-860.5155941356521
777,396,37004,-581.5882561501135
777,397,37099,-662.6460104936034
777,398,37185,-417.4956965668314
777,399,37296,-607.4001056294296
777,400,37481,-764.4873466375021
777,401,37607,-696.2522728483253
777,402,37794,-793.4566072530547
777,403,37884,-603.9516009401179
777,404,37974,-484.18324316127206
777,405,38080,-697.3245142516495
777,406,38226,-551.5364378955637
777,407,38347,-721.0191349765267
777,408,38448,-451.216025107132
777,409,38679,-1468.615494146777
777,410,38758,-560.3493111200531
777,411,38906,-693.678122097386
777,412,39074,-581.0083802481649
777,413,39252,-849.2881651844939
777,414,39357,-632.648110983026
777,415,39481,-811.1691943506876
777,416,39625,-232.44038646350654
777,417,39722,-38.87247782934842
777,418,39927,-736.2060703545575
777,419,40021,-412.2532055662834
777,420,40138,-654.0165298262639
777,421,40341,-1093.9307932558422
777,422,40425,-489.9452763954565
777,423,40590,-906.0847951211769
777,424,40801,-1145.9554124744277
777,425,40885,-478.1747426931119
777,426,40997,-553.0435598222235
777,427,41178,-1003.4124128695711
777,428,41330,-591.7083493817316
777,429,41480,-581.1624752015763
777,430,41588,-700.7468932531661
777,431,41825,-1568.2555083771774
777,432,41916,-250.10130351125164
777,433,42166,-2042.681037611362
777,434,42252,-527.0618853014021
777,435,42427,-1029.6950896882656
777,436,42608,-1009.9912435191342
777,437,42685,-432.8730750085673
777,438,42823,-746.7546949496541
777,439,42965,-864.8096511709049
777,440,43124,-703.4736871704016
777,441,43291,-721.3368723247687
777,442,43460,-675.2324684300949
777,443,43567,-469.69791645211814
777,444,43639,-562.1435143993388
777,445,43743,-493.3929828597035
777,446,43822,-556.3730128186445
777,447,43894,-487.14225195703233
777,448,44023,-351.88870561761007
777,449,44221,-730.2377006942669
777,450,44342,-786.6999908283832
777,451,44449,-642.1390935820384
777,452,44642,-758.2634741729979
777,453,44718,-569.4014590262641
777,454,44830,-523.6099001329007
777,455,45000,-774.9601233193828
777,456,45152,-832.1858959463616
777,457,45357,-956.5136583520173
777,458,45540,-891.9346604668038
777,459,45638,-524.8578426525888
777,460,45785,-597.7051208086103
777,461,45862,-363.1683332893993
777,462,45968,-575.1608143164724
777,463,46080,-150.6710898823353
777,464,46236,-416.0022886099114
777,465,46332,-189.7658038038432
777,466,46505,-902.1393528847824
777,467,46598,-300.42815718797067
777,468,46828,-836.9279376131396
777,469,46906,-367.6270411304779
777,470,47041,-719.2204073745526
777,471,47185,-798.3482879105652
777,472,47361,-916.1339669111516
777,473,47602,-1068.4266049739444
777,474,47844,-871.8206199399813
777,475,47985,-625.0702147365059
777,476,48133,-692.4890424261782
777,477,48214,-497.9497151768766
777,478,48423,-1272.7235003260807
777,479,48639,-1007.547184396642
777,480,48828,-812.1624016088901
777,481,48907,-415.30070660830427
777,482,49053,-492.7087118026817
777,483,49233,-733.9387695840975
777,484,49320,-237.7207823633505
777,485,49437,-500.6612457438204
777,486,49553,-607.8543697068123
777,487,49647,-336.3678688771885
777,488,49873,-951.6177449719174
777,489,49974,-374.985603009238
777,490,50195,-1049.4236453673925
777,491,50288,-460.2296412453295
777,492,50371,-543.3803829096194
777,493,50503,-559.2366333057557
777,494,50579,-488.7903093312868
777,495,50695,-383.639746839409
777,496,50850,-726.3028010219459
777,497,51009,-954.2103441287583
777,498,51115,-589.7746581937707
777,499,51312,-1359.25283717074
777,500,51454,-807.1123490676348
777,501,51581,-352.1472844272451
777,502,51756,-734.7498368656385
777,503,51862,-420.9769721245316
777,504,52013,-542.8741056002297
777,505,52189,-914.0003308412022
777,506,52268,-527.6946401275463
777,507,52395,-617.3876048965913
777,508,52479,-541.9076300283855
777,509,52614,-670.0131395744013
777,510,52834,-960.4487454556538
777,511,52926,-382.4229619118024
777,512,53065,-611.0985528070488
777,513,53145,-478.65571097735426
777,514,53304,-755.8707891792722
777,515,53415,-708.5860346896395
777,516,53532,-755.1856691759214
777,517,53629,-588.8178182755487
777,518,53707,-410.62320085201435
777,519,53848,-548.0070968570506
777,520,54019,-502.55655728773456
777,521,54094,-483.3455664849486
777,522,54242,-578.8664704736448
777,523,54353,-387.65369363216166
777,524,54503,-785.2987418070821
777,525,54704,-893.571319745632
777,526,54831,-895.027088427052
777,527,54909,-529.4324428370387
777,528,55115,-1077.1209320173903
777,529,55203,-489.76379706017974
777,530,55328,-868.6563383484485
777,531,55405,-388.6470925671509
777,532,55513,-626.7083634634089
777,533,55591,-474.68856237534044
777,534,55659,-496.81204568744
777,535,55737,-542.5888843800263
777,536,55807,-462.01132912907696
777,537,55916,-731.1851851708816
777,538,55992,-502.86391315186097
777,539,56092,-443.60265325800464
777,540,56179,-448.525386820172
777,541,56285,-629.5572410672052
777,542,56426,-770.4114571196593
777,543,56531,-758.8838539806463
777,544,56669,-840.7895115145424
777,545,56821,-752.8645180811673
777,546,56959,-631.0599661273143
777,547,57077,-605.2580137865453
777,548,57151,-540.5991421520278
777,549,57223,-540.8777272442447
777,550,57344,-788.2575865343416
777,551,57439,-500.95403465554443
777,552,57525,-664.2438416792396
777,553,57671,-630.0650831541843
777,554,57752,-491.5539710500313
777,555,57903,-420.7986065783468
777,556,58018,-491.4293543801935
777,557,58124,-485.21739990004244
777,558,58226,-455.89333513532114
777,559,58315,-491.913403732847
777,560,58432,-518.1897577022812
777,561,58651,-905.4497653886377
777,562,58735,-431.8586165357394
777,563,58853,-547.9804704620852
777,564,58941,-392.5704178135575
777,565,59050,-282.3032532341301
777,566,59134,-504.5634366256177
777,567,59229,-485.0397390467184
777,568,59343,-634.3084634657885
777,569,59520,-647.1387271709848
777,570,59703,-1304.8657853738566
777,571,59905,-1052.4906127038744
777,572,60010,-489.5533021799375
777,573,60190,-1278.1009830248552
777,574,60267,-436.6751920676444
777,575,60418,-616.568031604346
777,576,60504,-428.8314438170642
777,577,60611,-635.1583566915409
777,578,60737,-59.23004235771339
777,579,60835,-351.20597177827443
777,580,61034,-933.5293416385584
777,581,61159,-333.54582886154066
777,582,61251,-326.68902495732107
777,583,61421,-629.4531635375253
777,584,61503,-493.4554950032792
777,585,61648,-872.2072138570078
777,586,61747,-179.44385774440622
777,587,61854,-378.18946842175535
777,588,62085,-1654.6418640363172
777,589,62209,-507.8123694374007
777,590,62322,-438.65735490455756
777,591,62424,-437.2033378141364
777,592,62534,-464.2886386864452
777,593,62617,-364.4312176712611
777,594,62825,-877.3032282631826
777,595,63016,-1160.5972320478436
777,596,63254,-1610.000249321478
777,597,63350,-337.2572728024652
777,598,63500,-277.4934670224521
777,599,63580,-85.43467405508403
777,600,63685,-553.1883716783043
777,601,63788,-337.3526718949043
777,602,63889,-505.0289880396794
777,603,64072,-732.2394884264947
777,604,64241,-631.6854657430877
777,605,64381,-591.6178726259324
777,606,64531,-394.40117480876825
777,607,64635,-425.9384254100465
777,608,64714,-548.1596969120433
777,609,64796,-525.2243378058961
777,610,64870,-94.7973542744151
777,611,65018,-593.2242944506964
777,612,65126,-326.56076167558456
777,613,65296,-647.8843007614524
777,614,65433,-476.03060929905433
777,615,65594,-484.06083589563826
777,616,65689,-208.91804367152835
777,617,65879,-385.75855076241754
777,618,65970,-92.9520692206647
777,619,66044,-115.13765652899026
777,620,66170,-258.4758253522033
777,621,66268,-380.7037461821982
777,622,66339,-121.28533948361681
777,623,66446,-365.79410248505457
777,624,66579,-207.57099163920427
777,625,66690,-175.72037267645433
777,626,66783,-217.09835106838108
777,627,66844,-75.05734471967241
777,628,66941,-140.9027038530761
777,629,67027,-222.76918352122385
777,630,67120,-221.78404040077973
777,631,67198,-180.41889738219743
777,632,67255,-113.37943867219677
777,633,67344,-282.72160293911446
777,634,67445,-133.45695925111846
777,635,67536,-295.0104148269965
777,636,67604,-104.9265117447188
777,637,67683,-142.20240129053514
777,638,67758,-101.59454730541651
777,639,67816,-77.6916754588488
777,640,67878,-103.04513869429694
777,641,67938,-87.16505534360141
777,642,68018,-160.66700764752292
777,643,68085,-163.57709040324136
777,644,68175,-151.13823849079427
777,645,68269,-154.7585740653419
777,646,68378,29.365802911472827
777,647,68441,-95.32057439253776
777,648,68525,-107.68329557524726
777,649,68584,-143.2198907777638
777,650,68637,-143.55694659716934
777,651,68698,-144.04652356559808
777,652,68776,-140.64361669771623
777,653,68869,-135.86794327309843
777,654,68921,-129.7011574775306
777,655,68996,-149.51319019296517
777,656,69066,-133.52307164755828
777,657,69153,-123.44103012353027
777,658,69248,-239.97818561200614
777,659,69338,-205.3471888623773
777,660,69409,-135.74945941612734
777,661,69467,-156.10165749555517
777,662,69544,-228.90759923149744
777,663,69606,-140.65151368244528
777,664,69707,-327.54255375021114
777,665,69789,-143.54675010947577
777,666,69874,-227.84864268775823
777,667,69978,-310.06668887946637
777,668,70069,-177.68655992483912
777,669,70163,-307.06955479158785
777,670,70220,-98.0104331081007
777,671,70278,-154.9064156088921
777,672,70369,-147.32984332945938
777,673,70431,-91.0096775306113
777,674,70505,-205.21593588144924
777,675,70572,-150.00626762743778
777,676,70659,-322.0142097942286
777,677,70749,-175.88420592874124
777,678,70811,-75.76085467178697
777,679,70882,-175.6410120599822
777,680,70967,-229.83225345476865
777,681,71065,-179.1830245822545
777,682,71144,-238.4762144362362
777,683,71246,-384.5356011014608
777,684,71300,-109.29954508888765
777,685,71419,-134.72085190456994
777,686,71504,-215.09132153292916
777,687,71604,-98.27839981805919
777,688,71699,-128.50950110718637
777,689,71779,-218.55134865607127
777,690,71846,-94.48133864037533
777,691,71940,-186.00987500090557
777,692,72018,-140.5842272713569
777,693,72109,-195.82847179059647
777,694,72191,-210.85321813621727
777,695,72289,-279.64649190847445
777,696,72383,-137.86031970802864
777,697,72462,-83.41326213222834
777,698,72547,-183.7333732681783
777,699,72626,-119.74885169140038
777,700,72746,-91.16592988382516
777,701,72813,-81.31440795605135
777,702,72974,-293.7930457573195
777,703,73115,-367.50280730862835
777,704,73188,-53.93573673712015
777,705,73265,28.767226162547814
777,706,73381,-176.09310437340167
777,707,73493,-129.09551125307905
777,708,73628,-66.81704980674223
777,709,73754,-207.10604671281806
777,710,73843,-162.72143294841982
777,711,73953,-141.3429452080134
777,712,74050,-334.019206601773
777,713,74130,-80.02321557657302
777,714,74238,-159.0809088859284
777,715,74330,-93.36840522366451
777,716,74409,-105.40793977616198
777,717,74517,16.717845007985332
777,718,74576,-107.3521907307175
777,719,74684,-291.89628655305773
777,720,74781,-139.89277450748995
777,721,74898,-164.13102733085597
777,722,74960,-72.63574434888639
777,723,75057,-135.98474629825787
777,724,75150,-84.95650444669643
777,725,75238,-77.47748364587324
777,726,75308,-137.36763616966024
777,727,75372,-80.70289427987238
777,728,75483,-55.050645566945676
777,729,75589,-126.93113702646453
777,730,75667,-63.575306343700106
777,731,75741,-117.82785831368338
777,732,75825,-257.6307826593222
777,733,75921,-265.6067610471506
777,734,75986,-89.14576407170077
777,735,76094,-277.0719419936837
777,736,76197,-128.2068935608575
777,737,76315,-96.44044772115406
777,738,76388,33.81218204560369
777,739,76472,27.408492546137296
777,740,76585,-111.05672891767563
777,741,76678,-93.3117164353547
777,742,76776,-96.87317932505145
777,743,76844,-43.48793050968513
777,744,76938,-109.77008400004516
777,745,77012,-91.83787539309978
777,746,77128,-359.90709327936753
777,747,77194,-70.01851607723395
777,748,77274,-112.61447270302077
777,749,77339,-81.68314542952714
777,750,77409,-156.83845517034536
777,751,77528,-44.36864379331162
777,752,77599,-80.14811409544272
777,753,77667,-82.45429665482831
777,754,77764,-122.95834303027786
777,755,77847,-96.85632692396466
777,756,77940,13.134101358932426
777,757,78034,-135.2265536218119
777,758,78128,-252.48944992288324
777,759,78200,-133.6389440710728
777,760,78295,-148.20794383519498
777,761,78387,-102.4856408471415
777,762,78486,-114.9741242367327
777,763,78577,-117.0061679001555
777,764,78650,-173.22716612149856
777,765,78719,-54.988354336656855
777,766,78816,-348.30691742312104
777,767,78913,-182.6376361603036
777,768,78971,-159.90148252411612
777,769,79046,-120.84720681485692
777,770,79152,-105.09203518897476
777,771,79214,-94.80613394726717
777,772,79297,-114.24841881091176
777,773,79389,-92.98755988623138
777,774,79483,-169.45836513385188
777,775,79574,-110.66218699509557
777,776,79663,-214.9165272819816
777,777,79754,-215.47640704443643
777,778,79879,-399.45953984914286
777,779,79961,-238.4324766962019
777,780,80028,-114.16190164729467
777,781,80107,-78.17654940406022
777,782,80186,-158.3273389605637
777,783,80631,-178.56047267291555
777,784,80707,-93.64042577979184
777,785,80772,-105.30540120210395
777,786,80840,-77.1430811208962
777,787,80964,-36.40507764649536
777,788,81085,-239.36793108417262
777,789,81161,-101.17202263001012
777,790,81264,-114.37151351104407
777,791,81365,-339.6032833833424
777,792,81456,-76.5457742944258
777,793,81532,-102.57840601860465
777,794,81618,-75.14530812558824
777,795,81704,-87.27256381661928
777,796,81773,-200.65111852105332
777,797,81840,-173.75397658375317
777,798,81968,-26.607425412279383
777,799,82063,-305.71111186609807
777,800,82203,-423.09579022402613
777,801,82345,-288.6065141633977
777,802,82497,-262.3037902951641
777,803,82695,-657.5791470407379
777,804,82787,-272.4300943507108
777,805,82888,-138.121524555813
777,806,82982,-492.22431394078956
777,807,83133,-428.0419857447711
777,808,83234,-265.7537424034774
777,809,83403,-673.3758623083005
777,810,83555,-159.4417385429238
777,811,83833,-1543.2657233527298
777,812,83969,-372.4976841040824
777,813,84114,-530.0765123923748
777,814,84217,-142.89072576585497
777,815,84342,-770.5655253056534
777,816,84592,-972.5618907178547
777,817,84697,-208.664031856416
777,818,84784,-421.4941133538088
777,819,84890,-409.9301207824722
777,820,85019,-529.6157785864432
777,821,85199,-572.8844483032592
777,822,85275,-440.9661391422842
777,823,85363,-399.76689626243586
777,824,85480,-800.0492639918231
777,825,85580,-430.2505216694632
777,826,85699,-388.7929701772543
777,827,85783,-483.31107004031253
777,828,85976,-630.6525557679682
777,829,86095,-632.4235363516865
777,830,86249,-393.61446222843756
777,831,86325,-386.98965294166817
777,832,86443,-460.1391308026134
777,833,86527,-571.1446417301452
777,834,86636,-494.8918540642163
777,835,86742,-311.253762643282
777,836,86834,-483.8352418249959
777,837,86916,-429.4714539207453
777,838,87065,-665.4240973250992
777,839,87141,-83.35215452851804
777,840,87313,-676.0021415413875
777,841,87498,-732.2573641683186
777,842,87626,-502.0055019730349
777,843,87723,-376.92057278875023
777,844,87856,-736.851344047394
777,845,87984,-267.9999760494698
777,846,88129,-748.1772125765457
777,847,88234,-503.51204001669635
777,848,88364,-821.506120264215
777,849,88463,-499.87573809279826
777,850,88633,-787.5715514308753
777,851,88730,-518.9967968701227
777,852,88901,-540.9317988771461
777,853,89036,-463.15916638390837
777,854,89137,-222.1782408207519
777,855,89238,-399.8166325356047
777,856,89319,-336.16070256461353
777,857,89437,-451.1412022764108
777,858,89605,-865.6978790535175
777,859,89740,-580.6987942618965
777,860,89885,-491.31445604491967
777,861,89966,-70.34638360077899
777,862,90105,-577.4380883930022
777,863,90284,-905.9654074060452
777,864,90410,-551.1943104693005
777,865,90485,-525.6864511538926
777,866,90618,-591.6919299477385
777,867,90708,-535.8198278579868
777,868,90873,-854.223255903688
777,869,90976,-502.9632827376818
777,870,91074,-530.6643969250521
777,871,91195,-485.78850208631883
777,872,91350,-952.5662789290627
777,873,91438,-462.64804343546797
777,874,91530,-489.05515626367884
777,875,91635,-728.5885052380113
777,876,91731,-763.998319592638
777,877,91836,-359.62800672366666
777,878,91955,-779.6550121602671
777,879,92112,-884.3391573908909
777,880,92223,-544.5175208029689
777,881,92295,-564.6718020954938
777,882,92390,-603.8513724356043
777,883,92530,-556.6246996756036
777,884,92625,-448.76663012261344
777,885,92766,-820.7984537002071
777,886,92855,-644.8046602879106
777,887,92958,-608.2343760003498
777,888,93091,-658.7111369979029
777,889,93217,-644.6909429530303
777,890,93288,-505.040275986359
777,891,93416,-373.0520906294175
777,892,93514,-653.2456808655162
777,893,93645,-930.9520259285528
777,894,93783,-748.0021591945209
777,895,93979,-968.2921660799674
777,896,94099,-293.9869230922016
777,897,94244,-1060.4296003249176
777,898,94592,-3068.597550573818
777,899,94746,-1166.6747434612137
777,900,94871,-785.532978559762
777,901,94993,-663.1585596826795
777,902,95087,-702.7504822585903
777,903,95222,-700.4654388730721
777,904,95444,-1326.2828703410764
777,905,95797,-3764.268276402178
777,906,95899,-544.8197757604812
777,907,96001,-633.1479002870533
777,908,96131,-748.5491147391781
777,909,96240,-561.972018005308
777,910,96333,-450.454046799813
777,911,96451,-542.0056247469671
777,912,96524,-578.1524140119334
777,913,96655,-696.0361268366761
777,914,96793,-703.4817736470254
777,915,97000,-1529.1165536241338
777,916,97140,-815.6419671740023
777,917,97295,-858.99453032432
777,918,97381,-588.900050963337
777,919,97544,-863.0984602515131
777,920,97615,-520.8213920308585
777,921,97767,-1073.0167696477708
777,922,97908,-826.5327269027102
777,923,98063,-1100.3865941178533
777,924,98244,-889.6397247980569
777,925,98396,-652.3931094025065
777,926,98482,-441.81654275829004
777,927,98561,-449.3141183222783
777,928,98666,-580.2016185703001
777,929,98753,-543.4824295470837
777,930,98828,-469.17351246179885
777,931,98934,-464.59890329071607
777,932,99031,-373.9814948893778
777,933,99125,-573.9271354934967
777,934,99236,-543.3680532284862
777,935,99346,-600.4997903615817
777,936,99431,-170.3217904213156
777,937,99490,-103.25183574673959
777,938,99577,-321.56546055788755
777,939,99664,-356.9175122388376
777,940,99724,-200.5958011653829
777,941,99841,-203.58332188771755
777,942,99946,-123.27383729552758
777,943,100029,-17.768030218590084
777,944,100095,-129.3110021646868
777,945,100186,-275.9911462064724
777,946,100246,-85.62573096538254
777,947,100332,-327.52944680177563
777,948,100434,-393.2982632702997
777,949,100512,-173.31174644941956
777,950,100636,13.83645582778449
777,951,100731,-127.78100553574814
777,952,100795,-143.67706243130573
777,953,100884,-238.64856168028462
777,954,100943,-98.85572165632574
777,955,101060,-230.5933781268185
777,956,101161,-355.99721475998797
777,957,101263,-137.36972422300255
777,958,101325,-88.41231154163434
777,959,101402,-224.10579415980334
777,960,101470,-105.96629995002344
777,961,101576,-126.93363666293078
777,962,101680,-201.72356850374422
777,963,101752,-79.51066657109831
777,964,101845,-110.27389853314989
777,965,101917,-197.67405412151038
777,966,101979,-89.27334709335267
777,967,102045,-91.76547184590561
777,968,102106,-144.02341317191838
777,969,102206,-436.364572788787
777,970,102298,-155.53030760936684
777,971,102400,-251.37791228335038
777,972,102499,-115.80318905032104
777,973,102588,-342.2619121821409
777,974,102668,-84.49750562945073
777,975,102769,-168.81044437163604
777,976,102867,-349.6145670537245
777,977,102955,-119.05990720419857
777,978,103087,-327.3234892440448
777,979,103186,-109.4061331097916
777,980,103254,-101.02575633344544
777,981,103321,8.799448236617408
777,982,103397,-176.28781329246323
777,983,103507,-331.3004978841866
777,984,103620,-80.62758920978555
777,985,103707,-222.27284495170426
777,986,103781,-130.3131190956997
777,987,103869,-113.9489426583346
777,988,103944,-104.58432134177816
777,989,104056,-196.26793904797697
777,990,104117,-98.0642502865177
777,991,104194,-65.12767205208999
777,992,104256,-69.30028458805225
777,993,104319,-88.53580784801613
777,994,104401,-292.4642675461085
777,995,104492,-263.67841898944596
777,996,104551,-126.35647338919637
777,997,104666,-177.61854477254593
777,998,104805,-222.005610920481
777,999,104921,-10.916766596845036
777,1000,105014,-224.66654808200167
777,1001,105129,-8.091027298346276
777,1002,105195,-27.829732125412704
777,1003,105277,-187.66976867915702
777,1004,105448,-170.94695845697703
777,1005,105562,-184.4910568687271
777,1006,105694,-243.44492151544398
777,1007,105782,-193.45384501118525
777,1008,105891,-385.20548989013554
777,1009,106013,-410.6315473119573
777,1010,106132,-300.4503376936263
777,1011,106250,-293.3749340811285
777,1012,106387,-421.09882871298663
777,1013,106499,-95.69112442124965
777,1014,106569,-188.8341622863673
777,1015,106669,-436.3373045469807
777,1016,106857,-364.5408831220239
777,1017,106954,-235.25946631161315
777,1018,107096,-334.1688469894707
777,1019,107183,-328.5289698958887
777,1020,107289,-347.2385471427399
777,1021,107400,-261.12157130742264
777,1022,107514,-244.297863718123
777,1023,107598,-247.63486261531233
777,1024,107710,-172.41454033164604
777,1025,107786,-176.41985067363663
777,1026,107875,-354.26414493113214
777,1027,107968,-91.09775081693388
777,1028,108101,-212.40473541784226
777,1029,108221,-205.66788983445542
777,1030,108296,-195.3983800473066
777,1031,108409,-185.38525453159585
777,1032,108513,-398.05420806336764
777,1033,108660,-437.53958593528967
777,1034,108736,-177.53154869378088
777,1035,108801,-45.58222492132566
777,1036,108928,-278.41585916333594
777,1037,109036,-288.5667058311211
777,1038,109134,-160.70105605040453
777,1039,109202,-185.66168141954319
777,1040,109355,-384.6569238439719
777,1041,109459,-251.15965540398037
777,1042,109590,-243.79444312482406
777,1043,109692,-319.0075479044144
777,1044,109768,-142.45189321979967
777,1045,109832,-97.14787132072922
777,1046,109948,-409.73685297790166
777,1047,110038,-414.8882829116537
777,1048,110151,-222.45558760716497
777,1049,110263,-345.4171356738001
777,1050,110374,-280.59457431747114
777,1051,110443,-146.73526150140685
777,1052,110507,-88.11178046490204
777,1053,110579,-93.34257602937996
777,1054,110654,-140.88403540367358
777,1055,110748,-176.62290384109437
777,1056,110837,-195.64682072427928
777,1057,110907,-79.03885949730135
777,1058,111041,-327.3815236491474
777,1059,111159,-458.8099440611574
777,1060,111241,-177.7438013037978
777,1061,111339,-207.2750208782639
777,1062,111430,-124.88943509310023
777,1063,111513,-153.24697355220712
777,1064,111598,-72.69803793978274
777,1065,111666,-110.66565828859301
777,1066,111772,-3.0776615528559716
777,1067,111870,-199.90329540731227
777,1068,111946,-113.36300363068679
777,1069,112009,-96.55023279300909
777,1070,112072,-147.32301609858592
777,1071,112174,-142.10235081168108
777,1072,112234,-161.26682905667485
777,1073,112309,-174.2130071474615
777,1074,112397,-183.3858722974271
777,1075,112472,-133.77463344680152
777,1076,112532,-89.66802694537878
777,1077,112621,-100.54118150185384
777,1078,112709,-187.55375637294532
777,1079,112807,6.956980221423819
777,1080,112885,-112.69500682355446
777,1081,112954,-150.23421355356484
777,1082,113056,-58.6913970347499
777,1083,113121,-154.06581551852412
777,1084,113196,-92.94178119822615
777,1085,113258,-73.32325475544228
777,1086,113352,-94.07949243002071
777,1087,113413,-107.55921455493056
777,1088,113477,-82.53516969749121
777,1089,113579,-130.8760439563622
777,1090,113636,-121.57925206616858
777,1091,113709,-120.91602984197753
777,1092,113794,5.533821835550825
777,1093,113870,-136.3881645228924
777,1094,113934,-91.32016144301917
777,1095,114014,-164.04330134238506
777,1096,114201,-168.74460859290303
777,1097,114259,-91.31306738142865
777,1098,114322,-63.73598130417753
777,1099,114403,-129.0826763642507
777,1100,114474,-109.82292095254913
777,1101,114526,-132.12146594578905
777,1102,114588,-108.78720767236945
777,1103,114668,-117.58435481070087
777,1104,114747,-132.23580536615
777,1105,114817,-83.75748562800393
777,1106,114907,-100.96769845271912
777,1107,114975,-88.669530516561
777,1108,115076,-85.9015319863517
777,1109,115166,-123.67772149341573
777,1110,115228,-105.16026935329337
777,1111,115283,-80.75477210809505
777,1112,115417,-145.2348194615583
777,1113,115509,-129.62744267826946
777,1114,115615,-102.85106751645725
777,1115,115713,-231.42647112362192
777,1116,115783,-70.78771357356517
777,1117,115891,-49.53655019375111
777,1118,115953,-56.35141165744475
777,1119,116046,-113.01212174377605
777,1120,116134,-97.32608136399125
777,1121,116224,-126.32495823947141
777,1122,116288,-81.06725358866905
777,1123,116393,-97.43756881306378
777,1124,116497,-154.84855538452712
777,1125,116585,-155.2009741218217
777,1126,116679,-96.8226642552228
777,1127,116783,-130.34691072701992
777,1128,116894,-216.6414650986371
777,1129,116994,-92.26319449649539
777,1130,117098,-119.61223400124611
777,1131,117196,-139.9160123226555
777,1132,117305,-252.6101098915373
777,1133,117397,-228.39969279494676
777,1134,117515,-111.26706392959389
777,1135,117606,-261.7225129294475
777,1136,117774,-285.00549124967097
777,1137,117878,-179.57263461734618
777,1138,117980,-378.29624255539755
777,1139,118980,31.703298208460897
777,1140,119125,-169.4713059039762
777,1141,119192,-199.81496684607777
777,1142,119322,-240.94626723523572
777,1143,119407,-157.72147865345644
777,1144,119499,-70.40523516040587
777,1145,119642,-281.04042495780914
777,1146,119775,-316.5701268002235
777,1147,119850,-52.736052374121655
777,1148,119944,-257.3850344943526
777,1149,120078,-216.83911593057886
777,1150,120254,-280.44194999404476
777,1151,120352,-222.88611026003758
777,1152,120429,-113.03706853868911
777,1153,120596,-252.48853828068144
777,1154,120732,-223.1750976657733
777,1155,120929,-328.948146342997
777,1156,121110,-365.35687316666855
777,1157,121179,-60.54127659049039
777,1158,121317,-149.20866154248364
777,1159,121450,-20.08822817310144
777,1160,121612,-377.610098244949
777,1161,121724,-120.88712838396347
777,1162,121885,-309.279867658636
777,1163,122010,-67.65400692325834
777,1164,122101,-164.69870818281652
777,1165,122165,-94.99877310586437
777,1166,122239,-47.286167142861515
777,1167,122346,-294.17083454881083
777,1168,122434,-163.3262247859457
777,1169,122565,-272.4248479192361
777,1170,122643,-93.94554887276796
777,1171,122719,-159.05790465420222
777,1172,122818,-98.10110988428477
777,1173,122929,-151.1895506665308
777,1174,123008,-200.7338575675837
777,1175,123140,-99.98620146012357
777,1176,123211,-182.77429221094667
777,1177,123310,-170.68918040562227
777,1178,123384,-102.98855118994354
777,1179,123479,-233.73461725825567
777,1180,123644,-175.76118983944832
777,1181,123726,-35.903153552862875
777,1182,123798,-98.32729419511182
777,1183,123891,-249.48094097465915
777,1184,124015,-319.1584607902277
777,1185,124089,-84.79189929289757
777,1186,124178,-320.1913393630252
777,1187,124330,-422.3166122217904
777,1188,124442,-168.14889965427622
777,1189,124549,-346.1934073520974
777,1190,124647,-314.16573141795965
777,1191,124786,-332.55919807514937
777,1192,124916,-279.8432994463937
777,1193,125020,-459.22859730315906
777,1194,125157,-659.6643062365916
777,1195,125285,-301.6970121633003
777,1196,125389,-378.20607007089546
777,1197,125569,-909.7825639555421
777,1198,125660,-525.6627872350748
777,1199,125775,-617.2030131690526
777,1200,125898,-541.1558949713085
777,1201,126016,-380.5992129709318
777,1202,126090,-406.04449554308013
777,1203,126195,-226.12359085749767
777,1204,126301,-397.2849907789566
777,1205,126401,-507.5756977697527
777,1206,126488,-412.46735940133726
777,1207,126675,-880.6620609020923
777,1208,126791,-208.5008989297629
777,1209,126941,-777.1175924624437
777,1210,127061,-265.9625543767616
777,1211,127175,-528.5452753732948
777,1212,127248,-482.6851424568068
777,1213,127391,-696.9091649922952
777,1214,127471,-470.9078110574011
777,1215,127623,-399.6047090467269
777,1216,127711,-454.4081126323527
777,1217,127867,-848.9538861196831
777,1218,128020,-934.1050368740216
777,1219,128127,-573.844914998128
777,1220,128279,-882.6028977165435
777,1221,128419,-356.71577656383505
777,1222,128507,-476.6512165134639
777,1223,128651,-765.1722304609134
777,1224,128755,-662.1545837251845
777,1225,128834,-574.1578353900363
777,1226,128920,-455.1967465967915
777,1227,129031,-465.6761970399938
777,1228,129158,-483.82525808681396
777,1229,129356,-1280.0367799810497
777,1230,129457,-655.8827797678941
777,1231,129558,-420.748629018639
777,1232,129664,-711.278794818707
777,1233,129796,-797.5114243895202
777,1234,129889,-672.3993339264915
777,1235,129998,-232.1224792532089
777,1236,130167,-828.2992457199352
777,1237,130275,-668.7317950653893
777,1238,130356,-454.1660962886233
777,1239,130429,-484.16264626027663
777,1240,130572,-371.2961032873156
777,1241,130745,-1281.0533187024487
777,1242,130857,-809.8522328607951
777,1243,130989,-877.7733018039096
777,1244,131238,-2383.0082822288955
777,1245,131320,-408.3209793456095
777,1246,131465,-784.7350649531452
777,1247,131551,-617.9226568385551
777,1248,131639,-485.18274235142763
777,1249,131725,-490.7653800063683
777,1250,131887,-1100.2869979659883
777,1251,132003,-148.83969264158878
777,1252,132090,-454.1399658200669
777,1253,132208,-603.8394977027871
777,1254,132317,-520.4690553293501
777,1255,132410,-625.7951088426945
777,1256,132488,-520.886800935913
777,1257,132561,-450.243572256346
777,1258,132740,-916.8044004043105
777,1259,132837,-613.6527896509554
777,1260,132940,-629.5233715252439
777,1261,133059,-674.141650862276
777,1262,133170,-304.6454190890181
777,1263,133328,-1152.9703906148823
777,1264,133465,-736.395094553174
777,1265,133591,-604.7419609427177
777,1266,133697,-212.39058433941656
777,1267,133803,-470.68588601924506
777,1268,133980,-688.908667813689
777,1269,134126,-705.843400617118
777,1270,134262,-597.3298048873346
777,1271,134350,-320.0788561829763
777,1272,134491,-998.7064982924612
777,1273,134585,-537.0049175698825
777,1274,134703,-749.5623114270595
777,1275,134832,-948.0428359148567
777,1276,134976,-890.8504369014008
777,1277,135128,-961.6053394679524
777,1278,135221,-561.8952379456218
777,1279,135334,-549.183625034299
777,1280,135457,-556.9140107777002
777,1281,135561,-183.3458447763564
777,1282,135712,-880.6701396154268
777,1283,135804,-681.4887231988811
777,1284,135885,-709.3611184076188
777,1285,135996,-682.9247022236464
777,1286,136092,-502.8453555830941
777,1287,136194,-764.7409056294049
777,1288,136309,-689.5424168684466
777,1289,136387,-426.19622374528035
777,1290,136582,-836.4701124024928
777,1291,136657,-520.2818438893644
777,1292,136786,-739.8198881485183
777,1293,136863,-509.00580483571355
777,1294,136940,-483.5457146494658
777,1295,137039,-412.6209389417589
777,1296,137220,-579.7006965691868
777,1297,137409,-1317.637049530904
777,1298,137501,-570.8193986565398
777,1299,137597,-497.37342605513993
777,1300,137706,-608.5413288772932
777,1301,137897,-1409.9971268279407
777,1302,137987,-598.733312272305
777,1303,138134,-863.684464909194
777,1304,138250,-578.4562544918738
777,1305,138331,-508.16785496299457
777,1306,138482,-1097.309257116136
777,1307,138563,-560.1860671014385
777,1308,138853,-2454.68310987968
777,1309,138988,-901.6204095248642
777,1310,139084,-632.9714516769034
777,1311,139191,-722.6461879790754
777,1312,139290,-282.91308781113116
777,1313,139364,-469.8852282268969
777,1314,139543,-748.859997918851
777,1315,139622,-592.4294989821856
777,1316,139714,-363.357170312318
777,1317,139920,-772.294181217484
777,1318,140005,-384.4602214791393
777,1319,140100,-614.7163396701233
777,1320,140208,-439.96137968260797
777,1321,140397,-994.800418178231
777,1322,140651,-1936.9766311799788
777,1323,140859,-1337.1442139510943
777,1324,140972,-336.36675619736747
777,1325,141188,-1081.2764062563726
777,1326,141281,-501.9762165017109
777,1327,141564,-2419.4135155593017
777,1328,141681,-558.1797527871788
777,1329,141780,-250.5065984457293
777,1330,141986,-1350.8720495461241
777,1331,142079,-381.5338497867788
777,1332,142219,-783.1408298837259
777,1333,142316,-456.1336203468377
777,1334,142407,-491.5922831160713
777,1335,142537,-604.093899890953
777,1336,142627,-576.7365759140823
777,1337,142712,-407.0036056147754
777,1338,142873,-394.0967700042692
777,1339,142954,-452.95753849456577
777,1340,143085,-509.014710401161
777,1341,143175,-431.25306300485386
777,1342,143287,-675.2955040926626
777,1343,143381,-353.3231002013197
777,1344,143463,-454.0952774322364
777,1345,143599,-307.40746917324486
777,1346,143704,-288.12282280683746
777,1347,143808,-161.0762638966729
777,1348,143906,-194.02210984463778
777,1349,144015,-107.90015632831711
777,1350,144109,-318.10800506559696
777,1351,144239,-134.23301534907938
777,1352,144402,-416.9117111076821
777,1353,144495,-281.8606471525077
777,1354,144593,-138.48837720052904
777,1355,144700,-374.50066917461874
777,1356,144838,-305.6244699380511
777,1357,144936,-122.22293036748427
777,1358,145028,-140.50011096008745
777,1359,145126,-59.39772247750754
777,1360,145237,-253.13546605313022
777,1361,145320,-106.4066610188609
777,1362,145389,-113.61243402094532
777,1363,145466,-89.68655131656396
777,1364,145576,-303.7342287487568
777,1365,145645,-89.16785684903407
777,1366,145777,-247.1658953573931
777,1367,145883,-113.55229842285671
777,1368,145987,-97.04280067444556
777,1369,146094,-140.46424681354398
777,1370,146221,-106.84783905467557
777,1371,146324,-188.43193297031854
777,1372,146541,-38.44877100485475
777,1373,146657,-154.07015852697418
777,1374,146757,-110.87117939248147
777,1375,146855,-345.02775570665415
777,1376,146931,-83.63933371271258
777,1377,147033,-192.11828634296626
777,1378,147127,-426.87888747860114
777,1379,147239,-315.47144656952355
777,1380,147336,-178.58466185575335
777,1381,147415,-73.14349715746313
777,1382,147491,-42.89414294593274
777,1383,147590,-176.67059457389746
777,1384,147724,-199.0482320896959
777,1385,147855,-17.796834048915528
777,1386,147927,-87.31230034823594
777,1387,148038,-163.01143455901257
777,1388,148115,-92.07047953838342
777,1389,148237,-85.23962968555982
777,1390,148378,-257.08876260413797
777,1391,148452,-173.2862992373593
777,1392,148545,-124.8379721114494
777,1393,148610,-194.62643661922698
777,1394,148689,-40.56648553259487
777,1395,148779,-154.43237715676295
777,1396,148840,-141.2609139305922
777,1397,148920,-194.43973609095718
777,1398,149032,-99.2271503084943
777,1399,149129,-302.69504705709073
777,1400,149199,-101.67210748717864
777,1401,149283,-186.16716602350175
777,1402,149360,-89.57803698511755
777,1403,149434,-271.2618574674432
777,1404,149500,-83.7292230725867
777,1405,149608,-137.4902872976313
777,1406,149688,-164.71988139259605
777,1407,149751,-83.46124918063495
777,1408,149830,-134.64824500377702
777,1409,149894,-117.87386101527773
777,1410,149968,-151.609734112539
777,1411,150063,-154.62417356208977
777,1412,150167,-126.4934142831019
777,1413,150251,-206.0530352232877
777,1414,150320,-90.07087825257375
777,1415,150393,-127.14624676936869
777,1416,150455,-109.87574827931138
777,1417,150554,-119.01573940170312
777,1418,150625,-117.17378160706751
777,1419,150725,-129.48873985646784
777,1420,150830,-289.3606432115242
777,1421,150895,-162.746675516807
777,1422,150984,-256.0157971711917
777,1423,151079,-117.146120717206
777,1424,151143,-65.47414611494726
777,1425,151214,-255.06489728784896
777,1426,151289,-112.58362327232545
777,1427,151415,-148.91028276610163
777,1428,151492,-91.26747768460729
777,1429,151567,-354.9444731223648
777,1430,151682,-397.1325858695999
777,1431,151764,-110.8181962858956
777,1432,151857,-293.4314516378371
777,1433,151924,-92.49476611921087
777,1434,152008,-292.70242742761167
777,1435,152131,-185.26798782904103
777,1436,152230,-346.0840288008769
777,1437,152348,-234.73049016924006
777,1438,152446,-145.52839515108957
777,1439,152525,-62.424088097151554
777,1440,152632,-186.86867738759406
777,1441,152712,-224.4071064382822
777,1442,152837,-492.50237695737525
777,1443,152999,-68.54789037010991
777,1444,153089,-282.4765107920155
777,1445,153234,-143.3015113230644
777,1446,153344,-195.73724343485782
777,1447,153452,-412.4592813100677
777,1448,153541,-71.74444422800875
777,1449,153722,-395.62464007534794
777,1450,153808,-347.42363260122113
777,1451,153927,-521.0513594290983
777,1452,154040,-436.2554070232135
777,1453,154131,-104.80495670305378
777,1454,154208,-222.93826761367316
777,1455,154355,-194.21122222555732
777,1456,154476,-217.6688962018407
777,1457,154551,-188.27365221163956
777,1458,154656,-209.79637663932988
777,1459,154745,-161.96677705172078
777,1460,154899,-322.5989046702061
777,1461,154999,-219.96342039597937
777,1462,155116,-116.80433319162896
777,1463,155299,-234.18669774355442
777,1464,155406,-112.25173489060971
777,1465,155516,-190.8536589452363
777,1466,155632,-177.65543028806752
777,1467,155723,-391.1537051861302
777,1468,155792,-87.12641585818768
777,1469,155908,-286.5104486795994
777,1470,156018,-229.50184044593246
777,1471,156103,-324.4455208216655
777,1472,156248,-222.10689637147223
777,1473,156381,-92.61372471082011
777,1474,156528,-140.08127519297227
777,1475,156613,-208.09228238929592
777,1476,156734,-453.9291654297362
777,1477,156889,-131.93632229274996
777,1478,156958,-108.06990736639851
777,1479,157085,-358.42353542897706
777,1480,157220,-155.71778507505394
777,1481,157333,-163.30690768766746
777,1482,157468,-174.40105026929734
777,1483,157539,-122.14509630813612
777,1484,157636,-305.87003782038107
777,1485,157741,-334.8803160712365
777,1486,157832,-153.84008743884743
777,1487,157932,-110.82570893570787
777,1488,158006,-99.54089364487719
777,1489,158085,-50.159094147793624
777,1490,158180,-95.62286918924683
777,1491,158279,-255.3653103296873
777,1492,158347,-98.38058229500157
777,1493,158427,-132.4715070405448
777,1494,158524,-142.35647724381096
777,1495,158605,-71.98976103709904
777,1496,158731,-37.73040884118467
777,1497,158848,-206.89441494096263
777,1498,158957,-38.51196913011208
777,1499,159038,-100.92291299231172
777,1500,159112,-71.3563246299713
777,1501,159214,-224.34624697937375
777,1502,159317,-89.58713971100168
777,1503,159412,-107.2998000831163
777,1504,159487,-121.34860268524235
777,1505,159554,-59.31897306400729
777,1506,159648,-123.62462979614479
777,1507,159730,-99.0636518568677
777,1508,159826,-129.0518221173902
777,1509,159888,-73.96762552636743
777,1510,159961,-103.63271328880423
777,1511,160042,-136.52926301423526
777,1512,160112,-119.39101495203079
777,1513,160196,-72.36728318149967
777,1514,160278,-133.16731051043539
777,1515,160346,-120.10633726831433
777,1516,160404,-72.51693920965154
777,1517,160467,-62.43932286629597
777,1518,160545,-82.5087065562896
777,1519,160659,-102.8130079647074
777,1520,160730,-194.59626801465538
777,1521,160806,-66.32328810187637
777,1522,160881,-134.0552365819466
777,1523,160988,-68.61136293395356
777,1524,161091,-66.83847772819689
777,1525,161168,-139.41544643787455
777,1526,161257,-119.18338385625248
777,1527,161337,-149.15137704507436
777,1528,161443,-101.5845517897992
777,1529,161505,-82.753858160873
777,1530,161569,-55.98952074557296
777,1531,161659,-108.1140175549825
777,1532,161732,-113.66463469534767
777,1533,161848,-302.272475905607
777,1534,161956,-380.5078399875058
777,1535,162045,-214.26091468674042
777,1536,162144,-199.065292336085
777,1537,162214,-107.15846417544637
777,1538,162274,-74.35176855029616
777,1539,162337,-179.83011616291702
777,1540,162449,-173.02147591843413
777,1541,162572,-30.632677816442538
777,1542,162635,-60.57140703671899
777,1543,162714,-2.075572040987865
777,1544,162806,36.141571951613656
777,1545,162891,-97.05987806795386
777,1546,163015,52.883591731426606
777,1547,163121,-131.21394753751872
777,1548,163227,39.74830575208665
777,1549,163339,-137.42306712363248
777,1550,163428,-298.8097243234281
777,1551,163501,-177.02288133301502
777,1552,163559,-138.9879452380756
777,1553,163653,-132.53158570124333
777,1554,163742,-169.22055293395124
777,1555,163806,-46.95366717849423
777,1556,163908,-129.48004988058375
777,1557,164013,-316.70760644103365
777,1558,164105,-9.018443420505037
777,1559,164218,-337.25968886920305
777,1560,164321,-106.65071877384227
777,1561,164410,3.84254631072163
777,1562,164506,-226.85719907786688
777,1563,164628,-107.13932160292543
777,1564,164731,-137.59300924379488
777,1565,164829,-96.47773383268304
777,1566,164946,-82.55349940784274
777,1567,165074,-102.40729724244962
777,1568,165170,-109.85856796741972
777,1569,165264,-327.1820793212535
777,1570,165363,-314.21259986301055
777,1571,165434,-58.04567104734883
777,1572,165579,-107.2509109849015
777,1573,165712,-90.37118155580123
777,1574,165830,-130.25110063301057
777,1575,165931,-263.95285758695513
777,1576,166084,-414.1493961637862
777,1577,166206,-158.47413592262507
777,1578,166296,-160.59362961120257
777,1579,166431,-479.2178415518689
777,1580,166525,-147.27197123080452
777,1581,166628,-83.64139068323948
777,1582,166729,-382.3400601528479
777,1583,166869,-461.53152464115175
777,1584,167035,-173.8985055138333
777,1585,167160,-201.72946439235216
777,1586,167263,-121.1392901414162
777,1587,167348,-60.25306331819071
777,1588,167460,-171.87264394154516
777,1589,167553,-368.65827218065544
777,1590,167676,-398.19646261185994
777,1591,167750,-182.55257998352567
777,1592,167846,-159.7058684680213
777,1593,167956,-330.3094927960026
777,1594,168073,-146.145358421264
777,1595,168169,-121.2471283905142
777,1596,168265,-206.35363701158218
777,1597,168332,-115.30306014959537
777,1598,168440,-123.66130647492236
777,1599,168519,-76.13326882109388
777,1600,168639,-119.29749206553508
777,1601,168733,-137.08595989862104
777,1602,168842,-250.17388976225897
777,1603,168909,-147.02192592894568
777,1604,169043,-125.17037407116825
777,1605,169144,-211.90262586186287
777,1606,169224,-72.30798756139056
777,1607,169327,-215.4830593115493
777,1608,169432,-221.76877393006436
777,1609,169533,-311.5795008719509
777,1610,169642,-101.69149602976843
777,1611,169724,-86.7250571605354
777,1612,169866,-165.15537180548938
777,1613,169968,-72.74909961816456
777,1614,170078,-102.98284187852455
777,1615,170178,-252.44934617287572
777,1616,170266,-261.2685619108186
777,1617,170367,-24.59722946166589
777,1618,170512,-88.44985596847079
777,1619,170667,-391.24550824329896
777,1620,170775,-126.08625030895703
777,1621,170887,-183.64934178877962
777,1622,170985,-321.176030411387
777,1623,171094,-243.90858349105042
777,1624,171203,-63.87928966876086
777,1625,171367,-217.91625784050532
777,1626,171502,-291.2102539626186
777,1627,171664,-330.14206984632926
777,1628,171855,-120.46172528771284
777,1629,171966,-82.73828751413927
777,1630,172084,-137.2269382538868
777,1631,172180,-198.83798642541979
777,1632,172286,-318.0588406441777
777,1633,172496,-147.2631506689027
777,1634,172582,-408.35880031312485
777,1635,172701,-166.56725170706486
777,1636,172801,-52.65168440436958
777,1637,173294,-46.20855873283374
777,1638,173446,-101.0150325358759
777,1639,173572,-62.4551358989975
777,1640,173659,-25.592284492871983
777,1641,173769,-162.02453425878565
777,1642,173890,-169.95065843135825
777,1643,174003,-330.40776928475816
777,1644,174141,-60.28758111212639
777,1645,174215,-170.1521484975554
777,1646,174317,-116.05540163614207
777,1647,174399,-152.4505753151206
777,1648,174475,-55.10737129722709
777,1649,174577,-219.15896236934918
777,1650,174651,-63.23016929467819
777,1651,174740,-37.37092659558343
777,1652,174809,-43.20031582948071
777,1653,174901,-121.2603468761261
777,1654,174970,-42.12113911395586
777,1655,175087,-54.50139929096949
777,1656,175172,-84.75361446489366
777,1657,175268,-65.65911466152511
777,1658,175338,-109.06054164167097
777,1659,175405,-95.77759385343701
777,1660,175497,-129.57020187460716
777,1661,175575,-36.533102310039425
777,1662,175671,-88.80444799138948
777,1663,175741,-118.19088966291447
777,1664,175854,-133.53094675183215
777,1665,175935,-110.72539795963937
777,1666,176034,-64.74366527292418
777,1667,176139,1.449312439923247
777,1668,176256,-147.93862816382395
777,1669,176349,-259.426248902524
777,1670,176509,-216.09558100196176
777,1671,176586,-58.25004983296614
777,1672,176669,-231.6599742048432
777,1673,176763,-15.602301882894906
777,1674,176859,-269.8852212343811
777,1675,176980,-172.74345067518044
777,1676,177075,-73.31276917417611
777,1677,177199,-105.18887258033385
777,1678,177264,-129.91006658386476
777,1679,177349,-199.774774241629
777,1680,177431,-107.92128617881889
777,1681,177530,-268.9149278786257
777,1682,177637,-273.85991788732485
777,1683,177747,-243.4210733587676
777,1684,177884,-108.11032482744015
777,1685,177992,-115.62515805864706
777,1686,178070,-99.77467202905717
777,1687,178146,-24.456728287967195
777,1688,178242,-75.66818289644709
777,1689,178355,-145.87069847161052
777,1690,178440,-35.79791228427773
777,1691,178513,-138.3340356748963
777,1692,178618,-240.77073913445486
777,1693,178800,-299.7206450941197
777,1694,178985,-79.65212362758857
777,1695,179092,-438.08593471767165
777,1696,179168,-92.6697269970209
777,1697,179333,-275.3043634030031
777,1698,179481,-301.47817817023986
777,1699,179577,-298.5863083834525
777,1700,180032,-484.3937377265443
777,1701,180122,-371.6171152880562
777,1702,180213,-337.7903511777986
777,1703,180320,-222.62807461379845
777,1704,180440,-280.65106346909454
777,1705,180654,-597.977796184738
777,1706,180744,-53.63686385156679
777,1707,180871,-399.3995569816248
777,1708,181032,-341.3534992221255
777,1709,181226,-1153.7613289433095
777,1710,181322,-234.89096431029174
777,1711,181466,-401.51719581403853
777,1712,181576,-451.15022143750997
777,1713,181671,-570.7215784735107
777,1714,181862,-584.3824225482497
777,1715,181956,-391.95279819964304
777,1716,182114,-973.2070841431506
777,1717,182224,-337.34675617088953
777,1718,182341,-658.1160562780025
777,1719,182479,-615.8215926291005
777,1720,182678,-1015.6362456922249
777,1721,182782,-687.683471017137
777,1722,182989,-1487.4529369003465
777,1723,183143,-1031.8613595594702
777,1724,183377,-700.0538386319823
777,1725,183469,-429.85522487486134
777,1726,183649,-1086.7663443199654
777,1727,183728,-624.1932586877808
777,1728,183937,-742.8235033861214
777,1729,184036,-561.7710620679925
777,1730,184143,-814.770379192303
777,1731,184376,-1750.7490945721095
777,1732,184679,-2141.6405511389203
777,1733,184799,-589.2176160568579
777,1734,184915,-924.5084175912732
777,1735,185060,-923.4474714441567
777,1736,185240,-913.9276462566946
777,1737,185440,-654.6980914625324
777,1738,185514,-396.27219967677775
777,1739,185807,-2987.531434089326
777,1740,185938,-782.1804770991463
777,1741,186062,-717.515171547065
777,1742,186187,-979.7386098763694
777,1743,186300,-685.4832275535774
777,1744,186383,-366.2466107797536
777,1745,186464,-565.6214789936088
777,1746,186638,-1080.5602281807642
777,1747,186982,-2927.621574376726
777,1748,187080,-656.4719056056998
777,1749,187172,-667.6079972385846
777,1750,187257,-644.1756906341541
777,1751,187375,-685.0324341711922
777,1752,187497,-699.3341898139074
777,1753,187579,-514.0323339481731
777,1754,187656,-436.4946587367469
777,1755,187740,-690.8986032453357
777,1756,187861,-750.3406549694752
777,1757,187973,-614.3616196937489
777,1758,188100,-212.07700890931847
777,1759,188270,-1172.8496072972134
777,1760,188369,-503.8064181294029
777,1761,188529,-1201.4619629619567
777,1762,188672,-970.5665593018202
777,1763,188856,-734.5468649447914
777,1764,188942,-520.0431658441453
777,1765,189180,-2215.818490416959
777,1766,189315,-934.7464331353411
777,1767,189409,-587.7761965621332
777,1768,189513,-588.9541373756483
777,1769,189618,-661.7798904338803
777,1770,189719,-662.5669204439693
777,1771,189793,-514.2033078120342
777,1772,189904,-801.8503328635645
777,1773,190010,-441.48881224944665
777,1774,190155,-1066.454054289396
777,1775,190302,-677.7700067839097
777,1776,190396,-536.1789707392877
777,1777,190632,-2260.851032233539
777,1778,190814,-1179.0471834538844
777,1779,190894,-431.4641371013951
777,1780,190968,-492.7987055762304
777,1781,191168,-1586.9507466848254
777,1782,191246,-469.8682692727689
777,1783,191344,-489.50625484023567
777,1784,191505,-904.8567336968545
777,1785,191671,-1241.194574017657
777,1786,191813,-919.859712233397
777,1787,191944,-635.5223632643107
777,1788,192022,-509.19373158694685
777,1789,192177,-1269.252570889978
777,1790,192283,-592.8590409416493
777,1791,192508,-1849.2655337318638
777,1792,192613,-520.6027390071811
777,1793,192714,-519.1438594713234
777,1794,192801,-635.8671111438066
777,1795,192994,-1485.2022451604612
777,1796,193077,-557.9120176541326
777,1797,193184,-790.2726968643912
777,1798,193265,-470.57254776731037
777,1799,193365,-407.30022654042233
777,1800,193459,-506.8811111706536
777,1801,193585,-628.6562743527893
777,1802,193672,-509.48658905565617
777,1803,193750,-474.61687101177506
777,1804,193832,-464.11344571455055
777,1805,193929,-506.08707213009694
777,1806,194042,-735.0498145685087
777,1807,194293,-1875.6645305064767
777,1808,194427,-738.8841300624346
777,1809,194623,-1637.7189063664932
777,1810,194710,-393.66655051642044
777,1811,194838,-904.6064825983508
777,1812,194936,-400.4474663378029
777,1813,195015,-463.4331072957387
777,1814,195111,-566.1253586691639
777,1815,195192,-527.6467114247173
777,1816,195283,-433.0186914255184
777,1817,195361,-603.769115747777
777,1818,195477,-932.594005796665
777,1819,195591,-786.1680075358098
777,1820,195669,-458.09177927173954
777,1821,195756,-607.1530274043628
777,1822,195833,-563.0518691033094
777,1823,195960,-762.2104972963665
777,1824,196145,-1468.680510806092
777,1825,196254,-489.955577861567
777,1826,196342,-305.31018314889855
777,1827,196445,-625.5361493390285
777,1828,196766,-2708.532912836517
777,1829,196842,-490.7701461608484
777,1830,196982,-894.6799327004923
777,1831,197082,-490.56886737980966
777,1832,197222,-1117.2730841450525
777,1833,197349,-957.3040682992158
777,1834,197651,-3066.5298989149965
777,1835,197825,-1005.3091579583954
777,1836,197965,-924.6263107068542
777,1837,198211,-1923.4818036103165
777,1838,198293,-558.1119416623312
777,1839,198401,-708.0038694135853
777,1840,198508,-797.0495691734659
777,1841,198634,-809.6845632167912
777,1842,198723,-661.4842602023775
777,1843,198880,-1154.058102080692
777,1844,198962,-387.5330528924151
777,1845,199078,-636.8988030595324
777,1846,199186,-830.6310807284917
777,1847,199314,-697.6920933238931
777,1848,199408,-641.5839005498322
777,1849,199490,-625.4689533921314
777,1850,199575,-336.6469954289006
777,1851,199655,-441.9566531306888
777,1852,199982,-2904.264431575643
777,1853,200066,-447.9432859822636
777,1854,200184,-567.6817361883685
777,1855,200257,-479.4869373718287
777,1856,200344,-547.4702375792403
777,1857,200533,-1182.5334611130954
777,1858,200663,-852.0384565374701
777,1859,200769,-776.9283995587897
777,1860,200885,-699.7251630921446
777,1861,201041,-826.4999974139978
777,1862,201196,-862.0595635668232
777,1863,201271,-476.4982769449095
777,1864,201348,-529.6985557080661
777,1865,201484,-800.1234599939497
777,1866,201642,-1143.617421362211
777,1867,201774,-734.1629619064096
777,1868,201938,-1127.0574832479322
777,1869,202077,-822.0607626616196
777,1870,202297,-1827.9258902796785
777,1871,202400,-766.2458854452158
777,1872,202478,-379.3455347853719
777,1873,202616,-952.3872431020282
777,1874,202742,-862.0657107840128
777,1875,202980,-1953.3621992075157
777,1876,203061,-630.9674763363065
777,1877,203149,-647.7831679204585
777,1878,203262,-569.317678860789
777,1879,203482,-1814.1635951661276
777,1880,203632,-1093.8346950051669
777,1881,203707,-490.2126331596207
777,1882,203788,-483.28067682202305
777,1883,203914,-748.9542988841728
777,1884,203997,-586.1962495953949
777,1885,204089,-668.6363214461977
777,1886,204174,-652.132803387151
777,1887,204285,-608.9034535459118
777,1888,204430,-971.656928386804
777,1889,204546,-749.6538488415915
777,1890,204738,-1552.0717279774951
777,1891,204876,-722.2905833222956
777,1892,204965,-490.10560610494923
777,1893,205121,-820.8157921378294
777,1894,205198,-479.9163448364767
777,1895,205358,-1121.5374822892622
777,1896,205508,-1044.5320235657136
777,1897,205710,-1683.5165442133248
777,1898,205954,-2258.7242872358233
777,1899,206086,-692.7464698136565
777,1900,206217,-877.6072664161736
777,1901,206339,-634.7344230059153
777,1902,206417,-470.5815387545363
777,1903,206492,-484.33319172972125
777,1904,206604,-550.5923276357962
777,1905,206684,-565.292993484962
777,1906,206764,-676.4907917892665
777,1907,206982,-1486.5217463082515
777,1908,207165,-1126.6951366395404
777,1909,207274,-652.8078482891909
777,1910,207348,-307.8038763794743
777,1911,207425,-402.01865545042875
777,1912,207689,-2247.217698756522
777,1913,207800,-785.4188227667354
777,1914,207960,-995.3923656697547
777,1915,208039,-586.3584674751464
777,1916,208172,-667.1030939708002
777,1917,208250,-444.007647818035
777,1918,208479,-1484.6240302929418
777,1919,208626,-752.7024539153647
777,1920,208852,-1762.0003331561804
777,1921,208962,-590.1178760506884
777,1922,209137,-1063.9424213412926
777,1923,209216,-378.68602173893055
777,1924,209292,-468.47338907150163
777,1925,209484,-1472.2167811131696
777,1926,209592,-543.7513780976005
777,1927,209677,-642.3683269134833
777,1928,209776,-596.7550467590947
777,1929,209962,-1547.8857778652864
777,1930,210135,-1057.3405152556861
777,1931,210219,-625.4305518998531
777,1932,210294,-503.62872427360236
777,1933,210374,-612.0293628794731
777,1934,210488,-755.4247325690171
777,1935,210599,-590.8696693993261
777,1936,210734,-977.5678208989225
777,1937,210850,-842.4969961259873
777,1938,211017,-1374.1564819250375
777,1939,211091,-458.69561555714205
777,1940,211178,-609.0852301935738
777,1941,211253,-466.55003545286104
777,1942,211350,-588.2233400626139
777,1943,211445,-785.700082516285
777,1944,211563,-834.3349139102596
777,1945,211664,-528.3647492295488
777,1946,211765,-416.043499031429
777,1947,211874,-701.0233332388873
777,1948,212088,-1930.0772873112383
777,1949,212285,-1318.3847610986754
777,1950,212459,-1267.5770501019545
777,1951,212543,-429.103219695005
777,1952,212646,-746.8655442503493
777,1953,212718,-507.83459257931145
777,1954,212867,-799.8778589931974
777,1955,212953,-523.7375560913857
777,1956,213051,-712.0037081355484
777,1957,213195,-880.599795036766
777,1958,213287,-400.0105931120791
777,1959,213401,-691.0393840985688
777,1960,213705,-2472.6117386233177
777,1961,213789,-697.6511932954517
777,1962,213924,-919.5584651385059
777,1963,214158,-1879.2901770860221
777,1964,214259,-536.1153764446833
777,1965,214396,-1063.832554254772
777,1966,214512,-761.5480263414594
777,1967,214591,-624.7440000468969
777,1968,214670,-415.5701951867776
777,1969,214761,-666.0428771607509
777,1970,214865,-516.6470136882062
777,1971,214946,-594.8732690867963
777,1972,215043,-711.5329450883704
777,1973,215120,-528.423252365983
777,1974,215240,-594.151676885395
777,1975,215332,-538.5736585936951
777,1976,215662,-3305.091054026825
777,1977,215741,-498.72603831718686
777,1978,215821,-449.8805494759017
777,1979,215908,-574.1123930065626
777,1980,215984,-566.4475288613853
777,1981,216065,-519.6475466536463
777,1982,216163,-478.44743596877976
777,1983,216257,-401.4935094474808
777,1984,216337,-423.32250703695377
777,1985,216427,-482.9227578018978
777,1986,216508,-417.39184780218085
777,1987,216592,-662.8547590278134
777,1988,216683,-583.7562040816767
777,1989,216766,-422.3468539778648
777,1990,216858,-472.192332797387
777,1991,216970,-701.8468441231768
777,1992,217230,-2111.740503162124
777,1993,217383,-1052.9803176323855
777,1994,217458,-426.06498772788626
777,1995,217546,-585.6802031917446
777,1996,217664,-853.6008551740294
777,1997,217743,-553.6942461108409
777,1998,217850,-649.4792132860997
777,1999,217968,-875.9407403515197
777,2000,218302,-3432.05252111017
777,2001,218377,-493.61473250010357
777,2002,218542,-1255.0757913297807
777,2003,218651,-533.6424634761162
777,2004,218769,-737.0591663995232
777,2005,218901,-949.2309343739155
777,2006,219049,-1164.0931002112293
777,2007,219127,-429.15368782615144
777,2008,219219,-592.094246963081
777,2009,219292,-535.477093652881
777,2010,219368,-637.2099774154792
777,2011,219490,-689.7919101525181
777,2012,219633,-927.9618259350375
777,2013,219762,-963.3334358524457
777,2014,219904,-1081.9634502128947
777,2015,220067,-1190.5912653660941
777,2016,220181,-785.7100490887387
777,2017,220326,-942.5841287639506
777,2018,220405,-426.3614881338343
777,2019,220505,-641.9518426092329
777,2020,220608,-510.72747416910465
777,2021,220836,-1632.4007664253797
777,2022,221021,-1128.127382708584
777,2023,221133,-795.7721897170248
777,2024,221209,-473.63078605473845
777,2025,221316,-777.550268780146
777,2026,221464,-1153.2865594452333
777,2027,221538,-496.66539199039966
777,2028,221737,-1190.9017567718097
777,2029,221851,-828.4150091946087
777,2030,221994,-747.9532471408937
777,2031,222194,-1223.0641311091435
777,2032,222315,-667.1850018343396
777,2033,222408,-470.3211409941035
777,2034,222535,-761.7792946529895
777,2035,222765,-1982.2725563921354
777,2036,222840,-440.60388201596413
777,2037,222940,-617.9950778537913
777,2038,223072,-1075.5102248852318
777,2039,223170,-428.667208337881
777,2040,223292,-758.8194178469914
777,2041,223442,-878.743214243856
777,2042,223529,-626.1564766581224
777,2043,223748,-1969.9872019642316
777,2044,223827,-571.7359562436451
777,2045,223937,-614.3731351482539
777,2046,224064,-842.8533683935652
777,2047,224178,-704.6635122808774
777,2048,224259,-598.8886580237986
777,2049,224368,-495.5942105989873
777,2050,224499,-960.6955641658802
777,2051,224604,-719.3749201460175
777,2052,224694,-613.995403859736
777,2053,224785,-595.1615480189778
777,2054,224899,-594.102325093012
777,2055,225020,-653.8474262267605
777,2056,225106,-519.9028588820818
777,2057,225222,-715.08782821867
777,2058,225307,-537.2470573181824
777,2059,225555,-2190.372885470342
777,2060,225658,-687.7465150156227
777,2061,225762,-715.7091628358907
777,2062,225840,-571.8485840043279
777,2063,226117,-2299.6504300111956
777,2064,226190,-526.3332646468302
777,2065,226263,-615.1733809273796
777,2066,226340,-542.6330186659594
777,2067,226517,-1339.419939327781
777,2068,226625,-617.5853319676739
777,2069,226701,-391.6236186776604
777,2070,226782,-587.193575248101
777,2071,226880,-629.4979408195634
777,2072,227068,-1571.1036603566583
777,2073,227175,-576.6512369380772
777,2074,227280,-710.0524272365
777,2075,227501,-1919.5904300221116
777,2076,227579,-596.758897304547
777,2077,227653,-546.9224980394965
777,2078,227781,-868.6176504611307
777,2079,227955,-1454.6078799289792
777,2080,228043,-527.9301902577749
777,2081,228150,-623.7654344542931
777,2082,228227,-455.12692357404546
777,2083,228373,-878.1602251119559
777,2084,228477,-724.6751742229817
777,2085,228559,-506.6550233156256
777,2086,228661,-541.1126685402959
777,2087,229006,-3465.2564066040622
777,2088,229084,-452.99928807562384
777,2089,229217,-813.6069556858973
777,2090,229321,-766.9821842527837
777,2091,229409,-626.9561339895521
777,2092,229488,-407.9402973149425
777,2093,229690,-1600.1872814742057
777,2094,229774,-514.9251851741271
777,2095,229906,-684.7973070424592
777,2096,229998,-553.433958228205
777,2097,230222,-1724.769315502584
777,2098,230535,-3329.1378575271556
777,2099,230611,-463.7851814694503
777,2100,230737,-857.988890649789
777,2101,230823,-614.6386306090095
777,2102,230905,-525.8836531259965
777,2103,230990,-298.97922569462116
777,2104,231129,-954.8990903680342
777,2105,231283,-1191.2024549245662
777,2106,231363,-589.8599837863599
777,2107,231443,-564.8784599135054
777,2108,231532,-584.932967719084
777,2109,231662,-1067.4148092219725
777,2110,231778,-626.1039922957007
777,2111,231904,-616.4583992795579
777,2112,232004,-474.7769910386278
777,2113,232112,-683.872291920416
777,2114,232208,-732.0446343509402
777,2115,232380,-1138.4364053551883
777,2116,232465,-656.760741528297
777,2117,232563,-677.1917602531078
777,2118,232667,-794.7718099877902
777,2119,232749,-628.8445957390752
777,2120,232835,-625.0262417242565
777,2121,232921,-629.2702905488812
777,2122,233095,-1096.8761902163506
777,2123,233203,-591.6384513649392
777,2124,233352,-946.0580451910919
777,2125,233447,-520.9030253774188
777,2126,233729,-2740.2040059093915
777,2127,233807,-523.3232843413181
777,2128,233939,-1037.527036920632
777,2129,234080,-670.5615869187897
777,2130,234162,-597.939364298215
777,2131,234533,-4021.3629311767977
777,2132,234636,-797.1359009124761
777,2133,234716,-417.9391053536742
777,2134,234928,-1890.416399543742
777,2135,235246,-3442.172889267454
777,2136,235337,-459.59380264597866
777,2137,235517,-1372.2228190895994
777,2138,235620,-575.1407513690122
777,2139,235736,-628.2544366451074
777,2140,235825,-574.0648605394542
777,2141,235978,-1124.729433900528
777,2142,236089,-588.1556051145747
777,2143,236183,-640.3697966596145
777,2144,236266,-516.3637468236961
777,2145,236426,-944.7399362673407
777,2146,236630,-1610.3119726322952
777,2147,236738,-599.4898071901914
777,2148,236834,-589.3198441933541
777,2149,236908,-531.3075984151452
777,2150,237032,-927.5310949891716
777,2151,237162,-797.7147299770363
777,2152,237255,-557.6157191860923
777,2153,237340,-642.1345362312326
777,2154,237437,-650.9673721444095
777,2155,237522,-427.3089388649388
777,2156,237731,-1472.65840332752
777,2157,237807,-630.170483319562
777,2158,237891,-402.94509479778884
777,2159,238008,-562.6558961595892
777,2160,238140,-609.6135007812115
777,2161,238245,-744.4183039612201
777,2162,238319,-518.4782211079948
777,2163,238395,-509.38901765037633
777,2164,238517,-660.5700375875228
777,2165,238641,-836.4623455589456
777,2166,238870,-1621.2842066418345
777,2167,238968,-666.9487096857621
777,2168,239051,-582.6277730186916
777,2169,239314,-2136.5997489568085
777,2170,239493,-1007.2566377424603
777,2171,239616,-882.0363932088903
777,2172,239701,-492.11565924357205
777,2173,239810,-684.1633825011949
777,2174,239892,-511.3723569165216
777,2175,239978,-486.42635863200223
777,2176,240064,-604.365331577411
777,2177,240146,-628.3635903755128
777,2178,240269,-578.7977859958613
777,2179,240368,-607.0994769887999
777,2180,240499,-974.737669019638
777,2181,240625,-950.0633174668226
777,2182,240816,-1475.1871585395481
777,2183,240905,-530.4413353364552
777,2184,241102,-1568.441346186943
777,2185,241230,-660.6152752130457
777,2186,241311,-646.3801709374395
777,2187,241395,-597.4324247651082
777,2188,241503,-690.8199243174274
777,2189,241665,-1198.1156075540734
777,2190,241747,-556.0504715780685
777,2191,241826,-623.5745309435273
777,2192,241924,-459.2284169730284
777,2193,242005,-604.0890857681804
777,2194,242139,-626.282467623801
777,2195,242258,-715.8977677779287
777,2196,242347,-592.6853909445779
777,2197,242520,-1359.8652617348448
777,2198,242599,-445.7676943674602
777,2199,242759,-1134.6027402143666
777,2200,242852,-613.5012423967531
777,2201,242952,-560.4451836407651
777,2202,243133,-1247.1709821111763
777,2203,243287,-915.4058903792336
777,2204,243385,-804.9293559785443
777,2205,243524,-837.1121667313191
777,2206,243660,-1125.7616887463917
777,2207,243736,-506.81195420430004
777,2208,243834,-564.8802966535583
777,2209,243924,-588.3628145014727
777,2210,244005,-622.9843658746444
777,2211,244127,-868.2911316897776
777,2212,244231,-566.0204956821347
777,2213,244379,-1216.9613103125125
777,2214,244614,-1702.9828417143365
777,2215,244812,-1032.7178601205953
777,2216,244994,-1311.9083323195582
777,2217,245104,-449.05741039827507
777,2218,245179,-509.81238842142403
777,2219,245293,-867.8081045341571
777,2220,245378,-519.7575943094621
777,2221,245456,-403.7267748523832
777,2222,245696,-2264.354168148589
777,2223,245842,-956.1220017906307
777,2224,245924,-332.66219533555653
777,2225,246004,-558.7271019279234
777,2226,246122,-823.2022513579772
777,2227,246238,-730.3349720902554
777,2228,246395,-1143.569726645159
777,2229,246489,-571.8812268308851
777,2230,246641,-1115.636297571833
777,2231,246725,-494.68132515142185
777,2232,246909,-1065.410031274646
777,2233,247008,-691.8496910471556
777,2234,247165,-1252.0696701695047
777,2235,247299,-725.8236830104594
777,2236,247380,-649.2717182401474
777,2237,247522,-970.4458220382211
777,2238,247621,-447.6174137665874
777,2239,247781,-1236.5543672340234
777,2240,247862,-623.6116985365112
777,2241,247976,-779.8437678350728
777,2242,248079,-675.3317943596052
777,2243,248166,-553.3558206709763
777,2244,248268,-670.6167814021302
777,2245,248348,-631.5198265646756
777,2246,248429,-533.9234537545269
777,2247,248504,-425.811699893128
777,2248,248608,-576.6639188589414
777,2249,248683,-414.9238951881444
777,2250,248780,-595.7008820319138
777,2251,248855,-426.4245924640244
777,2252,248975,-807.6785854891649
777,2253,249128,-1086.6630203212248
777,2254,249447,-3382.956953772515
777,2255,249554,-663.6594219062453
777,2256,249663,-718.0681834348588
777,2257,249751,-546.4180913854979
777,2258,249961,-1668.877362381407
777,2259,250204,-1806.2146805032467
777,2260,250369,-1301.715798469609
777,2261,250469,-538.4625965393615
777,2262,250606,-983.2937284722756
777,2263,250722,-515.7014911537714
777,2264,250871,-1048.3120704045941
777,2265,250961,-420.70242910670135
777,2266,251037,-490.29919161506245
777,2267,251426,-4695.755655361914
777,2268,251780,-3591.987952486531
777,2269,251901,-741.7964909272774
777,2270,252050,-717.923281638334
777,2271,252189,-698.391401084675
777,2272,252305,-587.1929690530087
777,2273,252380,-549.4864891012298
777,2274,252548,-915.1698405372782
777,2275,252633,-609.8231351709771
777,2276,252722,-542.6684054546786
777,2277,252812,-535.1881879494106
777,2278,252898,-478.975810777648
777,2279,253041,-804.7950147481753
777,2280,253124,-516.2704644988455
777,2281,253214,-712.7799067409314
777,2282,253295,-639.0818067966197
777,2283,253547,-2095.3447398927437
777,2284,253637,-482.5135975879066
777,2285,253733,-768.8286041105314
777,2286,253978,-2155.2123733990666
777,2287,254165,-1469.2574243702031
777,2288,254251,-547.1608204669111
777,2289,254369,-776.3123682831888
777,2290,254495,-720.153155954283
777,2291,254575,-550.347313667237
777,2292,254905,-3409.6651757966656
777,2293,255062,-1111.798581357168
777,2294,255283,-1586.6859842132233
777,2295,255363,-407.6695638992719
777,2296,255465,-608.8837723499258
777,2297,255546,-463.54976666451364
777,2298,255631,-591.9706401341209
777,2299,255740,-699.4132270445631
777,2300,255853,-707.0561325349573
777,2301,255960,-642.7961832084361
777,2302,256177,-1614.7979407150158
777,2303,256287,-715.4325710847216
777,2304,256374,-631.6329068639957
777,2305,256460,-485.71744128025983
777,2306,256567,-743.2534414007552
777,2307,256645,-551.7226120741893
777,2308,256733,-589.7267637864218
777,2309,256867,-723.7519563452086
777,2310,256970,-584.8393255675409
777,2311,257054,-464.08864159354795
777,2312,257135,-422.57657880547964
777,2313,257213,-547.1514466297701
777,2314,257297,-390.0326939715075
777,2315,257375,-517.9154895690803
777,2316,257454,-521.2458630456407
777,2317,257531,-585.7290924617577
777,2318,257669,-764.2693698853858
777,2319,257823,-774.5964297981312
777,2320,257912,-553.5430348084783
777,2321,258043,-952.5461350193641
777,2322,258188,-1093.5767057648957
777,2323,258285,-560.7951938169307
777,2324,258371,-567.7485571284827
777,2325,258447,-491.83471696228276
777,2326,258530,-437.4820936528861
777,2327,258636,-711.9766880548912
777,2328,258713,-397.9550675041161
777,2329,258878,-1212.2819484463819
777,2330,258955,-627.2706667073916
777,2331,259152,-1587.5680915334704
777,2332,259231,-566.295913510711
777,2333,259485,-1866.2858953993668
777,2334,259605,-651.8657272157461
777,2335,259682,-421.1410012330899
777,2336,259773,-641.6158738548025
777,2337,259847,-385.7304981745459
777,2338,259926,-344.1283269964718
777,2339,260012,-463.7308690855915
777,2340,260131,-698.8772969864799
777,2341,260217,-395.29880283756364
777,2342,260359,-862.2430095438328
777,2343,260435,-405.07330236729734
777,2344,260521,-618.0310799926488
777,2345,260607,-653.1056438379654
777,2346,260812,-1510.780291511723
777,2347,260899,-611.3705447456318
777,2348,260983,-494.3135534374254
777,2349,261137,-997.8945988468657
777,2350,261362,-1527.2285242281007
777,2351,261582,-1749.1946934373825
777,2352,261662,-499.4766815600528
777,2353,261875,-1584.943596879952
777,2354,261974,-604.7214355043564
777,2355,262176,-1569.3026904024136
777,2356,262327,-1004.6162620788589
777,2357,262456,-719.4679712646039
777,2358,262530,-590.0361742382154
777,2359,262665,-833.5468211987821
777,2360,262742,-558.042936446363
777,2361,262817,-382.3672553129016
777,2362,263005,-1312.5572374902247
777,2363,263076,-546.2251091105845
777,2364,263156,-441.1352635754127
777,2365,263339,-1265.0754701611284
777,2366,263595,-2097.1958244949055
777,2367,263690,-504.1660152838148
777,2368,263832,-893.7146446958137
777,2369,263929,-584.4978739205478
777,2370,264062,-919.0933342264534
777,2371,264284,-1520.2300354386603
777,2372,264392,-517.280065532691
777,2373,264497,-637.0627655560469
777,2374,264662,-867.8690753246983
777,2375,264751,-649.4865071520347
777,2376,264832,-500.4540254754579
777,2377,264930,-553.7171823610356
777,2378,265012,-603.1582812334238
777,2379,265099,-684.7113200174396
777,2380,265220,-819.6568749438263
777,2381,265354,-654.1995591643501
777,2382,265437,-459.532625492075
777,2383,265543,-541.2162149738397
777,2384,265646,-838.6866415629344
777,2385,265781,-1027.0089404737942
777,2386,265873,-632.204981251314
777,2387,265976,-706.1518253986372
777,2388,266061,-541.8230082266542
777,2389,266163,-696.2527260136657
777,2390,266287,-846.770274107026
777,2391,266427,-686.4836778598302
777,2392,266525,-674.6445635593503
777,2393,266691,-941.4954289261865
777,2394,266807,-775.288760121312
777,2395,266932,-766.4472866073842
777,2396,267005,-485.5957422969076
777,2397,267217,-1488.147367814512
777,2398,267357,-800.5799458022467
777,2399,267514,-882.018829563641
777,2400,267592,-507.4643629980547
777,2401,267733,-934.4360060361072
777,2402,267835,-688.9949760174305
777,2403,267919,-487.8659570139126
777,2404,268000,-489.04042127403073
777,2405,268142,-1114.4959890455448
777,2406,268231,-672.132070833745
777,2407,268325,-634.9019029691058
777,2408,268436,-622.0273957825384
777,2409,268510,-602.3056183194567
777,2410,268671,-988.0218690850973
777,2411,268768,-711.5927707729832
777,2412,268851,-583.6265360729386
777,2413,269223,-4335.29629559435
777,2414,269322,-691.1036504802511
777,2415,269427,-652.2807588247658
777,2416,269583,-797.7283236621256
777,2417,269658,-454.8556454825439
777,2418,269743,-468.03539241789645
777,2419,269933,-1134.9698531878914
777,2420,270018,-502.8280629108657
777,2421,270107,-675.5084669584827
777,2422,270225,-493.71536261835126
777,2423,270301,-593.2226045602245
777,2424,270401,-684.412438298832
777,2425,270514,-722.9840147246166
777,2426,270595,-577.721645371695
777,2427,270679,-651.9282136663624
777,2428,270807,-775.733860645091
777,2429,270947,-958.7851484886537
777,2430,271188,-1905.7099179382317
777,2431,271268,-475.2320138582451
777,2432,271536,-2406.8618115699273
777,2433,271647,-474.9831258377207
777,2434,271867,-1327.9153824298103
777,2435,271967,-595.0592129337181
777,2436,272045,-393.02968143342565
777,2437,272141,-673.5349288771082
777,2438,272358,-1646.643349577878
777,2439,272430,-537.1093743074739
777,2440,272533,-562.9168592568144
777,2441,272628,-539.4394402494235
777,2442,272708,-413.497047729804
777,2443,272891,-1198.787993206696
777,2444,272969,-532.4237665008286
777,2445,273164,-1514.5853950689786
777,2446,273247,-419.6504041181915
777,2447,273384,-808.3628532843969
777,2448,273486,-623.9245705402038
777,2449,273658,-1004.1319775298894
777,2450,273741,-502.842142683482
777,2451,273861,-815.1363055693844
777,2452,273941,-610.059515819697
777,2453,274021,-533.635838295251
777,2454,274142,-876.1825415205246
777,2455,274271,-922.210448447733
777,2456,274350,-603.9042483345553
777,2457,274468,-542.4342092926865
777,2458,274567,-638.9886467070794
777,2459,274657,-456.9184909329255
777,2460,274764,-758.1479311441349
777,2461,274849,-592.8708901026247
777,2462,274947,-673.8061647577204
777,2463,275146,-1220.882894328485
777,2464,275255,-836.7695613765952
777,2465,275361,-461.7255892335311
777,2466,275484,-663.7714205796269
777,2467,275795,-2752.8409608215097
777,2468,275872,-670.1254275436886
777,2469,275964,-660.8484790982408
777,2470,276074,-671.8210377082426
777,2471,276175,-451.0538777089821
777,2472,276309,-749.5938062145033
777,2473,276439,-772.8096395210791
777,2474,276515,-497.80555433809417
777,2475,276591,-500.7606850419154
777,2476,276666,-496.51821239159483
777,2477,276774,-735.09293565339
777,2478,276846,-449.6768466434364
777,2479,276920,-475.5880798154194
777,2480,277038,-748.1053276349294
777,2481,277133,-619.2514700268573
777,2482,277215,-439.9897026387605
777,2483,277349,-631.82242108524
777,2484,277441,-467.1326642528152
777,2485,277523,-583.8688314374654
777,2486,277768,-2020.4819956024091
777,2487,277859,-589.4644125962857
777,2488,277996,-980.7321519362683
777,2489,278107,-657.9804413672307
777,2490,278306,-1086.0372295731277
777,2491,278583,-2030.6876243175084
777,2492,278671,-603.8635845928256
777,2493,278757,-419.93284241656283
777,2494,278836,-543.6366724116257
777,2495,278968,-992.0178396973862
777,2496,279055,-359.73727639931997
777,2497,279194,-1075.5740392915968
777,2498,279290,-684.9805828835347
777,2499,279416,-1054.1346568073413
777,2500,279529,-747.4837657669714
777,2501,279640,-791.2133128055054
777,2502,279741,-667.5469667755184
777,2503,279830,-536.7577108741211
777,2504,280009,-1125.5875959276875
777,2505,280088,-522.2392287392865
777,2506,280187,-521.3665997884668
777,2507,280282,-495.6490371133542
777,2508,280416,-890.6725896731311
777,2509,280524,-697.2630002928994
777,2510,280725,-1459.6771842882008
777,2511,280845,-678.3602510302601
777,2512,280921,-513.7412361755953
777,2513,281023,-516.6197647310877
777,2514,281164,-880.8746361646897
777,2515,281255,-663.637446991204
777,2516,281339,-368.8549783019425
777,2517,281447,-851.3478568463455
777,2518,281587,-824.7990369660492
777,2519,281683,-718.2331044269151
777,2520,281790,-591.4936440871946
777,2521,281948,-910.3045119896474
777,2522,282185,-1727.053053479986
777,2523,282324,-788.7463298403811
777,2524,282574,-2359.934923536094
777,2525,282653,-643.400710201167
777,2526,282824,-935.7277239703775
777,2527,283008,-1484.716798213466
777,2528,283159,-1016.7752185205755
777,2529,283423,-1840.247674563128
777,2530,283541,-870.7938558780456
777,2531,283700,-1161.5194919080689
777,2532,283821,-815.3046810417954
777,2533,283990,-1039.0533286062646
777,2534,284086,-606.4807396123725
777,2535,284259,-1479.284705717544
777,2536,284353,-556.7486906041306
777,2537,284702,-3717.037679236573
777,2538,284805,-430.16243505448904
777,2539,284891,-549.1193728833196
777,2540,285004,-751.657467840023
777,2541,285115,-733.8266406003338
777,2542,285204,-460.66594176388884
777,2543,285287,-489.82953026231985
777,2544,285361,-390.062244773168
777,2545,285519,-1022.6258157065956
777,2546,285603,-600.8280074930166
777,2547,285714,-739.0925819304024
777,2548,285798,-511.68801885770597
777,2549,285907,-753.2353908207647
777,2550,286125,-1860.4458355921502
777,2551,286300,-1419.6156106137853
777,2552,286545,-1959.0865525302108
777,2553,286700,-1152.9179041559696
777,2554,286790,-546.2316778942854
777,2555,286871,-482.2471731310569
777,2556,286953,-563.2484077989859
777,2557,287038,-534.2121373001162
777,2558,287177,-1090.1381359465731
777,2559,287269,-561.6383719907354
777,2560,287373,-540.5755990046232
777,2561,287465,-565.2481260529315
777,2562,287631,-1238.601312195498
777,2563,287724,-637.185780861997
777,2564,287810,-570.3095817143078
777,2565,287969,-1318.664633628929
777,2566,288111,-859.7525470502117
777,2567,288204,-584.8340300056193
777,2568,288284,-634.7858836175409
777,2569,288406,-732.4660713421766
777,2570,288683,-2072.8979368902246
777,2571,288797,-698.7922903276153
777,2572,288932,-815.8749989126367
777,2573,289071,-1145.0239150879613
777,2574,289144,-492.9236008442348
777,2575,289242,-585.7633963681585
777,2576,289328,-576.5541712869535
777,2577,289406,-516.9698397621612
777,2578,289492,-598.7620954354581
777,2579,289703,-1511.4485306797196
777,2580,289806,-805.0924559751122
777,2581,289927,-746.8596829206012
777,2582,290003,-543.6012305049883
777,2583,290205,-1642.6257429163616
777,2584,290405,-1284.448890159702
777,2585,290481,-501.77554605623743
777,2586,290582,-703.3091930747959
777,2587,290655,-542.829318307182
777,2588,290731,-432.8374357622263
777,2589,290834,-444.8154474338525
777,2590,290962,-826.0519821623545
777,2591,291071,-654.8617598304371
777,2592,291247,-1428.7850695372535
777,2593,291338,-612.4765068540685
777,2594,291453,-682.9793281004127
777,2595,291546,-622.1962971369818
777,2596,291627,-441.18436363243234
777,2597,291744,-820.1981056240699
777,2598,291928,-1123.9639108769452
777,2599,292080,-1016.8521592542511
777,2600,292302,-1902.8098440389565
777,2601,292390,-476.03879944970464
777,2602,292490,-505.6804537976688
777,2603,292814,-3330.5080429371606
777,2604,292886,-524.1744774058047
777,2605,292959,-372.6946269570569
777,2606,293088,-570.1441892392205
777,2607,293207,-717.690940660091
777,2608,293331,-601.2714846118713
777,2609,293462,-868.9340646321923
777,2610,293621,-964.547989782474
777,2611,293826,-1581.5313679676049
777,2612,293944,-772.6210136014531
777,2613,294023,-528.1758711918129
777,2614,294120,-653.8440336509193
777,2615,294422,-2247.4597644438873
777,2616,294786,-3594.1836561578566
777,2617,294866,-577.3070977501986
777,2618,294982,-803.2060596519602
777,2619,295084,-564.9023185282325
777,2620,295180,-574.1955846471809
777,2621,295273,-542.153906077431
777,2622,295413,-522.0991091958319
777,2623,295560,-852.9881254478371
777,2624,295654,-685.1488251916358
777,2625,295745,-423.36750847723516
777,2626,295870,-860.030253432949
777,2627,295952,-292.79475988119566
777,2628,296163,-1181.5448592950158
777,2629,296265,-546.7105700871017
777,2630,296371,-456.5800002497137
777,2631,296607,-1454.6606179637495
777,2632,296697,-468.2155437398402
777,2633,296803,-536.4391394956012
777,2634,296935,-411.31845241669157
777,2635,297118,-1363.334338668744
777,2636,297212,-488.4081993629104
777,2637,297298,-581.5198405241713
777,2638,297395,-448.07648591615117
777,2639,297498,-583.0521636595925
777,2640,297597,-447.29684987041355
777,2641,297682,-326.58732612319363
777,2642,297794,-382.50655625810793
777,2643,298010,-1489.2161757104252
777,2644,298179,-1004.3517470210577
777,2645,298271,-489.3140427432975
777,2646,298415,-656.8875529753733
777,2647,298505,-449.8506335141607
777,2648,298610,-509.1065517991726
777,2649,298719,-331.6705789177656
777,2650,298935,-575.6365488952622
777,2651,299087,-731.8078515695744
777,2652,299356,-1264.736968970994
777,2653,299504,-522.0835642554762
777,2654,299644,-516.1839329139748
777,2655,299838,-519.9551080992018
777,2656,299936,-350.4993050478705
777,2657,300146,-644.7619086979755
777,2658,300238,-346.93790622297604
777,2659,300381,-346.71241292446297
777,2660,300538,-390.79808878070264
777,2661,300648,32.48627572589743
777,2662,300740,-291.33788562583396
777,2663,300937,-87.04165281508114
777,2664,301032,-292.6107393853668
777,2665,301130,-275.97526381982897
777,2666,301231,-316.6877971635813
777,2667,301299,-109.50868337469018
777,2668,301408,-144.4590386625436
777,2669,301504,-71.98896691686832
777,2670,301650,-261.3960527853394
777,2671,301743,-228.57091823419086
777,2672,301837,-283.19202237541117
777,2673,302044,-72.97648350093775
777,2674,302143,-270.10926095546324
777,2675,302249,-337.0825939286953
777,2676,302446,-170.62489884250257
777,2677,302546,-480.7009464779979
777,2678,302634,-314.38141481144
777,2679,302805,-192.08392865557477
777,2680,302933,-408.6627400848196
777,2681,303044,-80.50311021193312
777,2682,303130,-377.60455446738615
777,2683,303240,-276.60008346097436
777,2684,303333,-173.92052763781538
777,2685,303460,-275.34660313928924
777,2686,303543,-145.0254449517739
777,2687,303651,-151.14232821963913
777,2688,303756,-108.57485407838286
777,2689,303861,-181.02845417301967
777,2690,303957,-239.42663588653153
777,2691,304038,-163.0778826300311
777,2692,304112,-95.31455678232501
777,2693,304208,-75.0430585797686
777,2694,304269,-93.18175407908493
777,2695,304331,-82.5887600042435
777,2696,304408,-175.52025071719723
777,2697,304469,-90.11361590064895
777,2698,304528,-60.3198270040954
777,2699,304611,-112.87546245312063
777,2700,304687,-105.86468814081667
777,2701,304773,-113.02199486509828
777,2702,304827,-90.68066404410897
777,2703,304920,-116.00074304845458
777,2704,304996,-121.88168405292815
777,2705,305089,-110.64341541061877
777,2706,305163,-107.57939695718994
777,2707,305237,-179.76301909842627
777,2708,305320,-118.17357422406326
777,2709,305396,-150.69221485542806
777,2710,305475,-109.0317448606946
777,2711,305553,-120.25347548769106
777,2712,305615,-71.85423077171788
777,2713,305701,-98.69079321931325
777,2714,305764,-117.6746133894812
777,2715,305819,-98.1404936901273
777,2716,305913,-105.71984470836725
777,2717,305996,-129.28040904825556
777,2718,306059,-130.37534102297883
777,2719,306143,-148.75163092331502
777,2720,306219,-171.89015067396255
777,2721,306299,-174.92269802503623
777,2722,306375,-131.77718261067244
777,2723,306473,1.097434942107256
777,2724,306562,-92.91159657218795
777,2725,306611,-102.05815749697602
777,2726,306680,-62.463883010641766
777,2727,306741,-138.3532770352107
777,2728,306794,-78.2356544315975
777,2729,306853,-98.48440286138623
777,2730,306921,-145.99463304481975
777,2731,307011,-104.304637137869
777,2732,307070,-98.63769457840749
777,2733,307158,-124.42904531973608
777,2734,307230,-136.15146174836548
777,2735,307291,-158.98688363733586
777,2736,307344,-131.5685991059183
777,2737,307408,-119.76165888254063
777,2738,307484,-148.1362695971634
777,2739,307550,-116.0109870071345
777,2740,307611,-110.26260209357721
777,2741,307696,-165.46503215608837
777,2742,307777,41.235751416642756
777,2743,307865,-167.41789043293687
777,2744,307946,-284.7413476813228
777,2745,308035,-137.11562863579528
777,2746,308105,-171.27518153976206
777,2747,308169,-13.16517251307846
777,2748,308258,-123.05861198649386
777,2749,308328,-148.6193652137263
777,2750,308383,-134.5496169575531
777,2751,308461,-151.56530828022017
777,2752,308534,-153.1271040042173
777,2753,308598,-129.7677274467566
777,2754,308654,-124.17604491892611
777,2755,308723,-176.61859246798653
777,2756,308806,-149.19280929170412
777,2757,308896,-171.71669434653663
777,2758,308972,-126.91884753746982
777,2759,309059,-106.13623170581496
777,2760,309121,-149.000073573656
777,2761,309172,-103.38248438742329
777,2762,309246,-123.0618506839481
777,2763,309330,-158.30133093195613
777,2764,309383,-150.97866469341227
777,2765,309458,-174.5639950014315
777,2766,309524,-116.28644929397352
777,2767,309607,-105.72372330453511
777,2768,309696,-139.04101494723665
777,2769,309777,-134.31740865105945
777,2770,309864,-116.92078095039386
777,2771,309920,-84.10736485382036
777,2772,309970,-131.92771546001035
777,2773,310054,-100.01153572741487
777,2774,310136,-145.1412572850005
777,2775,310217,-142.57640093443587
777,2776,310282,-150.27880571829354
777,2777,310372,-115.33277343237813
777,2778,310448,-150.50698374127586
777,2779,310523,-171.15404103133926
777,2780,310587,-153.28168631370642
777,2781,310645,-64.62343036490346
777,2782,310700,-142.52752837029388
777,2783,310771,-161.8989315789757
777,2784,310834,-145.06541982164322
777,2785,310908,-164.74661274590818
777,2786,310962,-132.95189578912732
777,2787,311018,-130.92849764295798
777,2788,311073,-125.44114990297906
777,2789,311157,-167.8066502684054
777,2790,311219,-141.57728945744373
777,2791,311283,-121.11619765113011
777,2792,311346,-136.06184935107314
777,2793,311410,-111.95199870743991
777,2794,311488,-174.59066372697805
777,2795,311576,-109.10784004585211
777,2796,311667,-99.21933732840176
777,2797,311722,-110.69259077641084
777,2798,311814,-144.19695701051927
777,2799,311867,-130.5579948546523
777,2800,311943,-156.17938143548173
777,2801,312011,-135.2390834874706
777,2802,312071,-141.54032706222233
777,2803,312146,-119.35219854946504
777,2804,312207,-148.65430524923514
777,2805,312291,-148.86856484855255
777,2806,312386,-70.47469180912734
777,2807,312443,-104.77609954581295
777,2808,312514,-154.9164032931631
777,2809,312576,-163.4005953839183
777,2810,312669,-138.15960495093137
777,2811,312731,-166.3948376503751
777,2812,312794,-136.9864817005664
777,2813,312849,-120.93009846769678
777,2814,312936,-148.4720592966578
777,2815,313021,-273.443355489185
777,2816,313091,-125.7131527150207
777,2817,313176,-134.7540665551023
777,2818,313236,-121.3054687187483
777,2819,313297,-107.22726105531835
777,2820,313355,-147.8982845692193
777,2821,313439,-160.00895252974078
777,2822,313507,-156.0617766003089
777,2823,313567,-159.9602573268989
777,2824,313626,-140.14217308803353
777,2825,313682,-84.43670145701859
777,2826,313764,-151.7833266556216
777,2827,313846,-179.32905169811315
777,2828,313934,-129.2056965669285
777,2829,314025,-84.10787689488154
777,2830,314117,-178.85830733516235
777,2831,314184,-160.89365728199027
777,2832,314242,-86.63703228042357
777,2833,314297,-85.83194550700387
777,2834,314376,-106.32069335213467
777,2835,314437,-113.40044305059274
777,2836,314518,-149.5820120458074
777,2837,314597,-208.52425692173534
777,2838,314677,-112.4849658032385
777,2839,314758,-36.820797803301204
777,2840,314809,-125.13350681006202
777,2841,314876,-117.48286265150436
777,2842,314949,-146.02044192795876
777,2843,315022,-131.24963307534668
777,2844,315084,-141.04240123271515
777,2845,315169,-186.27619670817433
777,2846,315241,-123.18801115855334
777,2847,315300,-120.50133618649289
777,2848,315368,-155.6187384710757
777,2849,315426,-148.56222163484384
777,2850,315477,-127.39907084513874
777,2851,315559,-106.51612320689344
777,2852,315631,-126.63260052726804
777,2853,315687,-92.03944477169246
777,2854,315769,-171.79387283273905
777,2855,315844,-152.20873723687384
777,2856,315896,-101.04001105553463
777,2857,315978,-22.90917339636819
777,2858,316040,-106.7902680626739
777,2859,316131,-137.00393560720613
777,2860,316218,-156.501971316947
777,2861,316292,-107.49229516305203
777,2862,316349,-120.24477444354694
777,2863,316436,-92.30051295117151
777,2864,316502,-63.887773206814884
777,2865,316600,-33.46565744606865
777,2866,316682,-134.4927627128477
777,2867,316776,-112.86030830204824
777,2868,316883,-67.52199176524798
777,2869,316953,-134.52267056219677
777,2870,317060,-278.19399795074224
777,2871,317148,-120.75329617509107
777,2872,317218,-74.06994227375374
777,2873,317292,-69.37847290997732
777,2874,317398,-218.43765537681685
777,2875,317531,-199.77533233791166
777,2876,317628,-41.83245691455244
777,2877,317728,-115.1277228823655
777,2878,317817,-171.21111270587636
777,2879,317930,-270.80639129448514
777,2880,318120,-73.72778299729183
777,2881,318243,-321.2789018694177
777,2882,318329,-362.79669583030716
777,2883,318572,-351.11628330488753
777,2884,318749,-553.2239785548973
777,2885,318894,-286.07896093430315
777,2886,319007,-645.6091648678928
777,2887,319131,-246.12172608010783
777,2888,319223,-495.58584823836014
777,2889,319315,-402.82351757200576
777,2890,319408,-394.1233613191298
777,2891,319497,-369.42923615421074
777,2892,319713,-936.5351327205043
777,2893,319863,-340.15723384571504
777,2894,319950,-345.4871902982692
777,2895,320248,-1119.473292720513
777,2896,320428,-1002.2661062570967
777,2897,320518,-503.9285173040825
777,2898,320660,-893.8842510861517
777,2899,320861,-1203.1752006689123
777,2900,321032,-870.335149962445
777,2901,321157,-555.457944516521
777,2902,321413,-1586.327616313183
777,2903,321511,-716.492213506798
777,2904,321603,-530.5516982658121
777,2905,321677,-555.3200117490917
777,2906,321761,-418.34465445810184
777,2907,321879,-350.4394361493909
777,2908,321970,-353.5313136927565
777,2909,322080,-641.0150306598849
777,2910,322214,-677.270718563439
777,2911,322416,-1178.2436485024768
777,2912,322505,-337.931823890409
777,2913,322642,-480.23654279796745
777,2914,322722,-316.66541881965895
777,2915,323059,-2465.9506739091585
777,2916,323150,-334.09343183434703
777,2917,323285,-705.6199283296253
777,2918,323395,-766.4455326138863
777,2919,323474,-385.44842773920175
777,2920,323653,-1344.273886693621
777,2921,323749,-719.072591842168
777,2922,323825,-623.7246759835958
777,2923,323902,-476.33676622537405
777,2924,323987,-482.049877155664
777,2925,324066,-548.0569276630645
777,2926,324159,-511.05183690925907
777,2927,324261,-747.3612752528517
777,2928,324349,-544.6551637052812
777,2929,324582,-1337.0714272665537
777,2930,324678,-590.8927246254309
777,2931,324766,-520.6617955046186
777,2932,324880,-529.249070570064
777,2933,324981,-706.4074446526415
777,2934,325074,-595.9016504218787
777,2935,325188,-794.0938451809754
777,2936,325277,-648.7734668583862
777,2937,325379,-637.3333119362721
777,2938,325455,-362.48424927106237
777,2939,325590,-337.8632039015258
777,2940,325729,-957.2078204665585
777,2941,325807,-544.900300524463
777,2942,325909,-694.740548647028
777,2943,326091,-813.5687000360788
777,2944,326250,-1187.8865483658415
777,2945,326398,-466.56046029056563
777,2946,326493,-650.3616746931647
777,2947,326577,-336.14915918154065
777,2948,326768,-1355.2474270761354
777,2949,326867,-712.3946551356469
777,2950,326993,-506.98218173742475
777,2951,327086,-620.7355118059183
777,2952,327156,-592.9749448446935
777,2953,327447,-2568.021593117481
777,2954,327528,-405.18775920292615
777,2955,327613,-392.63495308723174
777,2956,327785,-1090.8473029429792
777,2957,327878,-454.9007536067919
777,2958,327959,-541.8060986816465
777,2959,328058,-529.3499727583419
777,2960,328332,-2276.4295709916
777,2961,328560,-1707.7205988360492
777,2962,328644,-617.71020267182
777,2963,328734,-581.4901833434137
777,2964,328829,-546.6021029952504
777,2965,328982,-1172.3770017067043
777,2966,329080,-735.8921922356036
777,2967,329209,-758.7712160266879
777,2968,329366,-886.2146211807878
777,2969,329495,-799.1817461992391
777,2970,329757,-2275.448294921074
777,2971,329919,-1261.3755869528404
777,2972,330023,-662.6245915765752
777,2973,330109,-504.8704651685663
777,2974,330184,-409.0577823133078
777,2975,330333,-895.9914772255784
777,2976,330527,-1404.1558930041074
777,2977,330615,-444.2224903330376
777,2978,330723,-772.7664460598355
777,2979,331113,-4393.46010093212
777,2980,331294,-1157.391340126924
777,2981,331370,-512.9306665621245
777,2982,331473,-488.9335903532774
777,2983,331569,-399.07832388669635
777,2984,331726,-1002.2630671306176
777,2985,331827,-588.3754241411408
777,2986,331912,-455.78277765879335
777,2987,331991,-543.1732619593615
777,2988,332097,-509.44900930077546
777,2989,332180,-377.8075154545441
777,2990,332257,-568.8426854226769
777,2991,332331,-579.1858287100349
777,2992,332479,-754.0485022606941
777,2993,332616,-647.2438832462956
777,2994,332773,-775.732376902789
777,2995,332886,-445.35584827505323
777,2996,333025,-1081.860602308545
777,2997,333136,-643.019809257849
777,2998,333420,-2429.078917657526
777,2999,333523,-419.614915878336
777,3000,333657,-756.1424246573815
777,3001,333844,-1108.4046151835805
777,3002,333944,-484.6615294261073
777,3003,334027,-398.76502964541936
777,3004,334201,-1156.495779542975
777,3005,334353,-950.7334829610852
777,3006,334434,-455.0128042583466
777,3007,334516,-552.6308651509436
777,3008,334616,-577.0514287677386
777,3009,334719,-479.2008376984971
777,3010,334819,-720.4778307801062
777,3011,335017,-1357.1678663160783
777,3012,335167,-967.9097894055292
777,3013,335264,-529.1337304510952
777,3014,335385,-639.3567280992734
777,3015,335533,-1029.0911903915976
777,3016,335614,-400.9283725722211
777,3017,335700,-540.3548742741948
777,3018,335918,-2002.9902353876826
777,3019,336029,-642.5606748363356
777,3020,336105,-470.15394271313187
777,3021,336188,-601.7129797010905
777,3022,336296,-729.5181739644403
777,3023,336391,-472.88561248646846
777,3024,336508,-606.4844735308128
777,3025,336639,-878.9331712970172
777,3026,336747,-640.8950984852513
777,3027,336826,-548.9513358498623
777,3028,336938,-697.5351056677612
777,3029,337012,-363.75289674132074
777,3030,337228,-1219.1062131200597
777,3031,337390,-988.4553256100189
777,3032,337485,-569.1126658749265
777,3033,337620,-916.748445433774
777,3034,337695,-597.9674506599188
777,3035,338046,-3590.3237654684863
777,3036,338121,-561.4816365996352
777,3037,338255,-659.7876666914008
777,3038,338410,-1113.6807960671658
777,3039,338503,-519.8362427473062
777,3040,338806,-2339.5570906611956
777,3041,338966,-1252.1661805541146
777,3042,339059,-391.1129814229172
777,3043,339147,-552.6947035424533
777,3044,339243,-571.592654163176
777,3045,339480,-1474.569469346912
777,3046,339581,-662.994836550835
777,3047,339757,-1319.4504707610656
777,3048,339837,-515.2045368427364
777,3049,339919,-473.14565483397547
777,3050,339992,-392.0107323705236
777,3051,340100,-509.4456783450897
777,3052,340236,-985.9152357091673
777,3053,340535,-2631.4614447864137
777,3054,340634,-577.7497075896974
777,3055,340770,-843.1449042933496
777,3056,340901,-943.6871049665904
777,3057,341009,-758.6725964502043
777,3058,341116,-597.3353388619394
777,3059,341240,-883.727257483788
777,3060,341361,-768.1625032381991
777,3061,341573,-1878.7726627255943
777,3062,341649,-455.3508152761561
777,3063,341744,-474.21249561092344
777,3064,341851,-558.2643928619625
777,3065,341927,-510.33925843017335
777,3066,342034,-558.3738384711812
777,3067,342200,-1362.5284701314001
777,3068,342312,-760.5363986057406
777,3069,342432,-755.8421707791287
777,3070,342610,-1282.3526442113236
777,3071,342701,-513.0748643111638
777,3072,342845,-1009.334628157946
777,3073,342935,-441.02500135513407
777,3074,343063,-938.9053247659742
777,3075,343136,-593.5191718951995
777,3076,343229,-754.7284016939891
777,3077,343352,-778.8747462580972
777,3078,343436,-509.59496522715557
777,3079,343556,-849.7291872433262
777,3080,343769,-1707.8785430817175
777,3081,343857,-445.3022828013428
777,3082,343952,-555.5091092783159
777,3083,344090,-944.1845374338442
777,3084,344165,-520.659640731132
777,3085,344241,-551.8401221994307
777,3086,344362,-899.8954460325806
777,3087,344517,-1064.5935687702147
777,3088,344610,-706.9311815512053
777,3089,344727,-804.7275620628799
777,3090,344804,-533.6371612640064
777,3091,344959,-986.3381602315926
777,3092,345078,-518.8388085797535
777,3093,345173,-709.3247353387047
777,3094,345257,-584.3982351652191
777,3095,345438,-1419.6608929249116
777,3096,345518,-415.0689400248354
777,3097,345688,-1215.1451497482958
777,3098,345829,-747.7769129552687
777,3099,345932,-497.20959451827935
777,3100,346016,-483.700186113044
777,3101,346175,-881.5329163759383
777,3102,346277,-740.9870084313432
777,3103,346382,-706.0150717934765
777,3104,346497,-522.5826216388014
777,3105,346686,-1390.8987317785175
777,3106,346768,-543.9326128096188
777,3107,346871,-678.1369314465866
777,3108,346987,-723.3033412777003
777,3109,347201,-1794.767144339639
777,3110,347325,-769.2650739341004
777,3111,347402,-549.6045295204422
777,3112,347490,-620.4204521505684
777,3113,347589,-706.5204361463084
777,3114,347671,-617.6773384620119
777,3115,347840,-1095.817638751372
777,3116,348021,-1244.7378078503928
777,3117,348123,-688.0083351353353
777,3118,348204,-526.4245451386755
777,3119,348365,-1088.5847971636056
777,3120,348508,-891.0821382508216
777,3121,348592,-493.82228421026053
777,3122,348666,-444.22041841934686
777,3123,348761,-480.38491154656964
777,3124,348837,-627.0560031680792
777,3125,348977,-746.9964426518453
777,3126,349229,-2254.9720768714715
777,3127,349351,-737.5483482708213
777,3128,349591,-1921.2525093445013
777,3129,349664,-417.00821255363826
777,3130,349743,-557.2908905086222
777,3131,349829,-464.80918886693536
777,3132,349927,-715.2602192379045
777,3133,350004,-454.3895944645068
777,3134,350083,-377.99648098917294
777,3135,350177,-684.3384190255624
777,3136,350253,-596.9651827053162
777,3137,350362,-578.7648548288411
777,3138,350542,-1427.4841631004856
777,3139,350671,-731.7313325940955
777,3140,350784,-558.2865983173194
777,3141,350861,-603.4877447592286
777,3142,350946,-715.885235293691
777,3143,351033,-634.7781664458664
777,3144,351193,-1033.0417852708606
777,3145,351372,-879.1353295837426
777,3146,351507,-806.9784344576394
777,3147,351615,-706.9263562979945
777,3148,351841,-1798.4603949439686
777,3149,352021,-1315.4236854594576
777,3150,352179,-1228.9726057071352
777,3151,352264,-684.0568168967621
777,3152,352349,-614.1651702008867
777,3153,352483,-725.8269787543369
777,3154,352578,-529.0452533865887
777,3155,352656,-518.8828028371242
777,3156,352762,-631.493701131551
777,3157,352842,-438.4531000889846
777,3158,352962,-760.7584938313553
777,3159,353038,-484.8313496500536
777,3160,353119,-488.6700215762811
777,3161,353250,-834.5460107840053
777,3162,353397,-801.6232870356337
777,3163,353545,-1160.5181688322473
777,3164,353681,-912.1661616685706
777,3165,353776,-638.3701902277332
777,3166,353915,-799.4567110460523
777,3167,354038,-773.935219613223
777,3168,354123,-738.3738864702027
777,3169,354260,-875.3923245596326
777,3170,354427,-990.5570987251978
777,3171,354541,-787.7403098301247
777,3172,354620,-485.8914297232595
777,3173,354854,-1893.7616464607752
777,3174,354931,-503.96364042495003
777,3175,355140,-1299.683933824168
777,3176,355284,-991.6232567355239
777,3177,355495,-1805.0369439481155
777,3178,355661,-919.9895268146574
777,3179,355821,-1046.9138683541441
777,3180,355922,-539.3810406988064
777,3181,355999,-436.8259669107933
777,3182,356093,-690.4961483986544
777,3183,356185,-676.363509399622
777,3184,356304,-883.7970431277602
777,3185,356418,-796.8309872615846
777,3186,356513,-644.0106765615195
777,3187,356599,-670.797210898854
777,3188,356698,-711.2105870454104
777,3189,356808,-634.935760441265
777,3190,356998,-1390.6907535074022
777,3191,357134,-621.2281385528399
777,3192,357207,-414.34221096189344
777,3193,357297,-633.8700639611427
777,3194,357422,-943.3967118278259
777,3195,357503,-524.6203681996259
777,3196,357733,-1960.1854120028624
777,3197,357808,-421.7887280893705
777,3198,357897,-486.4072643217721
777,3199,357999,-532.0546035128135
777,3200,358184,-1233.31253999308
777,3201,358428,-2035.2175475375493
777,3202,358515,-511.754971560651
777,3203,358627,-739.5953197167148
777,3204,358756,-822.2960327206416
777,3205,358856,-723.2330553112163
777,3206,359040,-1268.8460358500445
777,3207,359154,-592.1623956139442
777,3208,359261,-758.3198223094944
777,3209,359499,-1591.5891747138378
777,3210,359705,-1451.7235253519457
777,3211,359856,-1108.6132644007425
777,3212,359965,-757.8557338533403
777,3213,360051,-574.1389132701217
777,3214,360150,-704.2896589952757
777,3215,360256,-590.4279398032006
777,3216,360501,-2095.115647646844
777,3217,360671,-1295.955801137164
777,3218,360749,-623.5085758809764
777,3219,360832,-403.0568924346977
777,3220,360914,-487.7157637294175
777,3221,361180,-2551.303096469387
777,3222,361306,-530.9329642514839
777,3223,361379,-474.84062975380215
777,3224,361485,-798.807652216812
777,3225,361647,-920.123597462915
777,3226,361740,-447.43099865767687
777,3227,361844,-548.1265723237152
777,3228,361941,-631.138815541125
777,3229,362029,-517.611692229674
777,3230,362142,-744.9478679384415
777,3231,362233,-632.3362529015319
777,3232,362329,-562.120848985769
777,3233,362419,-463.6255423383519
777,3234,362570,-925.3290069118777
777,3235,362679,-675.5449750808697
777,3236,362762,-584.559604727619
777,3237,362858,-611.0844280528902
777,3238,363011,-1023.5105291143343
777,3239,363204,-1439.2100032604944
777,3240,363347,-1107.0062086566088
777,3241,363433,-493.48484530474883
777,3242,363525,-623.2126253404998
777,3243,363668,-1003.3782178026573
777,3244,363818,-798.5833284966463
777,3245,363936,-921.7573646309871
777,3246,364014,-485.65952533278875
777,3247,364097,-468.5900361483077
777,3248,364278,-1231.9409075203937
777,3249,364417,-832.5625231841855
777,3250,364572,-969.2977285214477
777,3251,364655,-679.0115605050071
777,3252,364856,-1253.8843296539867
777,3253,365115,-2346.575375909801
777,3254,365252,-603.9327845984499
777,3255,365345,-627.1013743906602
777,3256,365433,-449.2015371957548
777,3257,365540,-750.86090749096
777,3258,365639,-508.32728881442625
777,3259,365816,-1199.417807862702
777,3260,365954,-741.1971406699439
777,3261,366030,-414.51509376014326
777,3262,366131,-821.5246045748006
777,3263,366263,-1018.8146166577885
777,3264,366354,-560.1831819212732
777,3265,366462,-721.9595517492955
777,3266,366559,-612.7466838731447
777,3267,366664,-652.0781983683136
777,3268,366875,-1375.7454042118597
777,3269,367055,-1323.3280617131418
777,3270,367206,-976.8126107706488
777,3271,367324,-650.8840051394242
777,3272,367408,-543.0378082726263
777,3273,367524,-706.1766495181631
777,3274,367773,-2220.2795458882642
777,3275,367848,-521.7919974230552
777,3276,368027,-1117.9045677729569
777,3277,368142,-883.2589792877831
777,3278,368225,-550.9267832028515
777,3279,368337,-607.6404125545396
777,3280,368468,-759.6210098658386
777,3281,368552,-518.8888879569524
777,3282,368666,-732.2791363422172
777,3283,368773,-726.4296751476359
777,3284,368899,-669.8767176488548
777,3285,368975,-436.60035459874416
777,3286,369199,-1952.8086528355057
777,3287,369278,-569.5245123697212
777,3288,369380,-529.9060044921653
777,3289,369531,-976.0841785423187
777,3290,369648,-760.5393657362532
777,3291,369737,-404.0660411852471
777,3292,369823,-644.2982729643405
777,3293,369905,-524.0675815651394
777,3294,370001,-478.93858170243516
777,3295,370117,-627.085301864162
777,3296,370238,-782.4073459626587
777,3297,370363,-767.9119003083665
777,3298,370555,-1770.0097772765187
777,3299,370675,-601.8941491841908
777,3300,370748,-490.4308209104691
777,3301,370937,-1009.0946500626576
777,3302,371020,-651.0775364733349
777,3303,371105,-493.5474104380061
777,3304,371199,-601.6327272706928
777,3305,371334,-737.6416754761744
777,3306,371416,-516.1092806799987
777,3307,371579,-1265.0483950731193
777,3308,371655,-583.3069959192651
777,3309,371873,-1585.0096456439692
777,3310,371956,-494.21646217043235
777,3311,372055,-538.9097815475898
777,3312,372150,-636.6150941276011
777,3313,372248,-492.5175523664951
777,3314,372323,-498.00060087474947
777,3315,372399,-459.72827088463725
777,3316,372516,-717.0275955830784
777,3317,372656,-730.5955784233502
777,3318,372877,-2016.1545151100024
777,3319,372980,-711.0921428818206
777,3320,373072,-668.5489690012905
777,3321,373197,-850.5871407219018
777,3322,373277,-621.469409963246
777,3323,373377,-714.3303585762341
777,3324,373720,-3687.853845160112
777,3325,373819,-782.762375240485
777,3326,373901,-432.6860706625202
777,3327,373997,-543.0516619898199
777,3328,374117,-961.6957324073098
777,3329,374325,-1265.9191114236803
777,3330,374438,-822.4463574301524
777,3331,374584,-1011.1685675955439
777,3332,374663,-584.2217793219522
777,3333,374754,-496.0513975223996
777,3334,374893,-987.9122257514816
777,3335,374997,-719.8160854120531
777,3336,375142,-1143.2699140610594
777,3337,375240,-693.195961487667
777,3338,375360,-659.0090057384516
777,3339,375447,-588.3821935223048
777,3340,375528,-572.1769465100649
777,3341,375622,-538.3974429273097
777,3342,375777,-911.7161088895224
777,3343,375985,-1496.0556555297321
777,3344,376081,-654.8110768403957
777,3345,376165,-492.0914115702093
777,3346,376264,-579.5342166855735
777,3347,376404,-763.736069084886
777,3348,376486,-533.9294085736999
777,3349,376663,-1100.5744129216382
777,3350,376778,-736.4564559930992
777,3351,376861,-494.76521878463785
777,3352,377052,-1108.4132183833128
777,3353,377178,-924.2886037337213
777,3354,377301,-831.6652102507309
777,3355,377431,-917.9782320007703
777,3356,377553,-589.3396789749164
777,3357,377746,-1424.4930335328584
777,3358,377823,-523.5948872720222
777,3359,377907,-546.8928321161281
777,3360,378024,-793.441359699541
777,3361,378099,-636.1165459961525
777,3362,378173,-399.642002166062
777,3363,378256,-449.4090930876012
777,3364,378335,-571.6141033747967
777,3365,378436,-674.3836377627493
777,3366,378533,-625.0802687806693
777,3367,378614,-620.983152095162
777,3368,378698,-678.1183902301784
777,3369,378836,-646.5194061705043
777,3370,378919,-438.95226127954413
777,3371,379027,-700.5617112509617
777,3372,379213,-1322.0843003746802
777,3373,379322,-552.9425728298927
777,3374,379395,-457.3814077136749
777,3375,379586,-1455.296409481097
777,3376,379665,-497.8161086469319
777,3377,379782,-507.95405183313545
777,3378,379856,-618.3236349756344
777,3379,379932,-526.0761618167062
777,3380,380182,-1513.1380286134663
777,3381,380353,-1276.1581223237836
777,3382,380442,-501.6772716237922
777,3383,380520,-485.5619568407942
777,3384,380592,-541.0063252730399
777,3385,380679,-572.2104280796285
777,3386,380826,-1038.9030258002783
777,3387,380961,-983.317397659256
777,3388,381103,-1096.7628811017394
777,3389,381188,-379.8190996556123
777,3390,381289,-741.1103889234818
777,3391,381375,-518.9582634983294
777,3392,381496,-729.2027685016137
777,3393,381670,-940.0212698957072
777,3394,381747,-641.4397818295837
777,3395,381849,-640.9722042989632
777,3396,381962,-538.859265880738
777,3397,382089,-753.0875770692924
777,3398,382209,-622.7528884900088
777,3399,382304,-687.4303875859421
777,3400,382421,-809.71845011627
777,3401,382536,-726.1590178884986
777,3402,382676,-817.3564131381974
777,3403,382761,-659.5238793317991
777,3404,382851,-431.7449013880177
777,3405,382954,-652.1273126123808
777,3406,383057,-538.4384529619964
777,3407,383138,-668.7098178212375
777,3408,383320,-1263.6358270654814
777,3409,383447,-865.9405258961604
777,3410,383640,-1613.749594584667
777,3411,383745,-538.3643643112418
777,3412,383839,-468.03635836726124
777,3413,383929,-550.9859240223898
777,3414,384022,-726.9503275415102
777,3415,384347,-3313.215985838025
777,3416,384423,-361.6975925435244
777,3417,384500,-619.7097649182232
777,3418,384662,-1141.5736946077625
777,3419,384815,-1247.5637031567674
777,3420,384941,-942.0857001612267
777,3421,385068,-940.2694066212377
777,3422,385225,-1246.163044047145
777,3423,385340,-715.066293490933
777,3424,385420,-533.1945587888954
777,3425,385501,-581.0361432943756
777,3426,385623,-632.3466349179757
777,3427,385709,-617.9870645149781
777,3428,385910,-1239.3365114500973
777,3429,386033,-744.1612509074567
777,3430,386115,-602.2029176670483
777,3431,386205,-565.4543426856817
777,3432,386312,-547.5391764899105
777,3433,386520,-1910.1930923936357
777,3434,386612,-417.73737978751194
777,3435,386713,-728.9777051881339
777,3436,386818,-504.5917663647194
777,3437,386928,-636.5468430551788
777,3438,387216,-2625.8812308636598
777,3439,387323,-514.8669908130897
777,3440,387417,-554.4877909035811
777,3441,387543,-894.323773176238
777,3442,387662,-570.8573027139857
777,3443,387740,-441.6949695923307
777,3444,388148,-4858.883015627158
777,3445,388300,-1021.9569508212679
777,3446,388544,-1955.899065399783
777,3447,388654,-770.6102472290571
777,3448,388801,-1100.7131511850293
777,3449,388920,-760.0919591985897
777,3450,389005,-495.33833273229965
777,3451,389246,-1957.6876453933057
777,3452,389357,-776.4911526277552
777,3453,389617,-1979.7278675407204
777,3454,389752,-743.8020290866325
777,3455,389941,-1483.088684855744
777,3456,390030,-463.70035979001136
777,3457,390113,-399.35118177305884
777,3458,390235,-606.741155974988
777,3459,390364,-659.0799971899254
777,3460,390519,-1268.9545499592025
777,3461,390607,-723.5422854629685
777,3462,390729,-846.4700440666759
777,3463,390897,-1268.9102310726846
777,3464,390987,-613.831112010035
777,3465,391111,-768.7628461544241
777,3466,391306,-1421.0558080080218
777,3467,391381,-407.57363466787035
777,3468,391480,-554.3123726018264
777,3469,391655,-1285.6104998294504
777,3470,391770,-428.5217737113248
777,3471,391848,-376.03508604665046
777,3472,391924,-366.63507014270505
777,3473,392025,-705.2215576911019
777,3474,392107,-673.4781330475098
777,3475,392211,-669.661128072335
777,3476,392309,-539.0039047501755
777,3477,392484,-1328.7493753704325
777,3478,392566,-439.6743851942772
777,3479,392834,-2637.5799905961035
777,3480,392937,-621.7895759440096
777,3481,393044,-744.3328816663224
777,3482,393258,-1410.9730935645923
777,3483,393359,-669.1796999081001
777,3484,393462,-564.0222543540626
777,3485,393572,-755.8675552065532
777,3486,393657,-641.1211871554026
777,3487,393736,-483.79023158342176
777,3488,393855,-816.2886559775588
777,3489,393932,-607.4071023753536
777,3490,394002,-628.381970048512
777,3491,394120,-679.0129652596354
777,3492,394244,-624.5507260924849
777,3493,394374,-790.5461798163738
777,3494,394527,-1117.9080179281882
777,3495,394617,-655.3095870004204
777,3496,394741,-803.8117605690034
777,3497,394822,-583.5570378109777
777,3498,395057,-1831.957786010914
777,3499,395138,-439.5821249131324
777,3500,395236,-659.4217153237371
777,3501,395340,-497.4061648207454
777,3502,395435,-600.5317651588589
777,3503,395615,-1232.3118276115524
777,3504,395758,-958.9618469194131
777,3505,396110,-3328.651814478036
777,3506,396270,-895.2294218658263
777,3507,396407,-607.3365912284748
777,3508,396526,-762.2483114511513
777,3509,396605,-565.1616487317667
777,3510,396717,-430.98461084542356
777,3511,396803,-559.5443583582448
777,3512,396885,-568.8460320283625
777,3513,396981,-519.2483689239075
777,3514,397066,-499.5536682075434
777,3515,397189,-649.8411517197326
777,3516,397287,-645.647427020992
777,3517,397530,-2126.542637176483
777,3518,397686,-1137.914787240391
777,3519,397995,-3192.2054777687954
777,3520,398075,-477.9354260988273
777,3521,398437,-4531.076363420387
777,3522,398529,-503.5421677230454
777,3523,398605,-389.63140150279906
777,3524,398996,-4305.908283146436
777,3525,399099,-762.3317044883643
777,3526,399190,-409.47197988118165
777,3527,399281,-538.0630989846127
777,3528,399353,-536.4961940214898
777,3529,399484,-1017.5309281251309
777,3530,399568,-373.8625427965083
777,3531,399739,-1272.6510416974925
777,3532,399821,-475.27366300533686
777,3533,399962,-889.0333865080959
777,3534,400052,-415.85998950365666
777,3535,400151,-772.7163821552327
777,3536,400287,-843.4253271280327
777,3537,400548,-2466.109819116463
777,3538,400649,-429.65024511591287
777,3539,400725,-373.6557788395737
777,3540,400841,-785.4602622188554
777,3541,400929,-504.0087864811004
777,3542,401008,-557.7260969188942
777,3543,401196,-1066.854838646827
777,3544,401318,-667.4157817152494
777,3545,401418,-497.73932850998096
777,3546,401491,-588.2086783359323
777,3547,401599,-775.8091511004433
777,3548,401739,-645.8426457385339
777,3549,401818,-473.79806870073855
777,3550,401921,-619.7801960460558
777,3551,402027,-738.0611663060089
777,3552,402138,-618.5175615917979
777,3553,402216,-496.1549260778045
777,3554,402325,-766.0514583268991
777,3555,402453,-905.9561362805857
777,3556,402535,-535.6080208758921
777,3557,402845,-3243.4629188860636
777,3558,402931,-469.1152246324651
777,3559,403013,-411.16131283723894
777,3560,403123,-801.4282525550045
777,3561,403317,-1307.3399156303587
777,3562,403425,-736.4157855943062
777,3563,403660,-1763.5475616889446
777,3564,403752,-523.7921576742838
777,3565,403844,-552.7093527341437
777,3566,404059,-1461.5542366076554
777,3567,404134,-551.0364078681993
777,3568,404328,-1218.2220907748135
777,3569,404454,-589.8001755007183
777,3570,404544,-708.6796740732059
777,3571,404651,-764.0611460738643
777,3572,404733,-654.3042026066896
777,3573,404915,-1260.0650970368288
777,3574,405010,-537.9301749369234
777,3575,405241,-2146.229773141025
777,3576,405343,-673.4459316966138
777,3577,405461,-831.9406032167086
777,3578,405585,-602.7222551556553
777,3579,405692,-724.5030402497177
777,3580,405844,-921.6093888842811
777,3581,406078,-2019.226768451444
777,3582,406154,-473.6774516638809
777,3583,406236,-372.3637012043358
777,3584,406345,-710.9835384346234
777,3585,406435,-360.41916960201945
777,3586,406551,-461.41311985625237
777,3587,406673,-498.4462870941026
777,3588,406797,-547.2019360264853
777,3589,406912,-741.7970125059222
777,3590,407011,-429.31639817951066
777,3591,407086,-581.0994180030677
777,3592,407300,-1237.641296874315
777,3593,407536,-1156.602631115708
777,3594,407790,-1997.8231731662413
777,3595,407920,-817.4984716968289
777,3596,408027,-684.81300827713
777,3597,408283,-1660.6880759659498
777,3598,408370,-538.673105095834
777,3599,408447,-502.4526676762838
777,3600,408538,-538.279536616484
777,3601,408683,-908.6077305265287
777,3602,408758,-440.11146908626364
777,3603,408989,-1530.8607481730323
777,3604,409095,-634.1718276639464
777,3605,409172,-372.51416750309454
777,3606,409246,-410.32461226998726
777,3607,409371,-711.9640511853875
777,3608,409449,-382.4206841493084
777,3609,409535,-408.3596797071246
777,3610,409623,-590.2229823805978
777,3611,409771,-1075.0040250160237
777,3612,409857,-404.0658110877973
777,3613,410003,-987.8943343096906
777,3614,410089,-554.7769384275625
777,3615,410184,-577.6335251626482
777,3616,410279,-610.5157681895475
777,3617,410402,-839.4732837089857
777,3618,410553,-782.6326622340007
777,3619,410649,-397.06630464761054
777,3620,410730,-362.57590511649767
777,3621,410809,-530.4324164911814
777,3622,410897,-345.73153237421866
777,3623,410980,-493.82008349741227
777,3624,411093,-582.268052315665
777,3625,411201,-511.6794753839833
777,3626,411494,-1516.8892760428973
777,3627,411584,-404.30056705909834
777,3628,411720,-575.4328911643275
777,3629,411867,-391.8892131120391
777,3630,411974,-404.23119874655754
777,3631,412101,-230.84473091309223
777,3632,412182,-270.82056049383743
777,3633,412292,-35.594725845213844
777,3634,412469,-334.61269515804577
777,3635,412562,-156.22385744598427
777,3636,412639,-118.78267475784105
777,3637,412756,-98.92744998424013
777,3638,412841,-118.55779933455794
777,3639,412917,-88.80350228026266
777,3640,413059,-140.3114246169643
777,3641,413161,-89.6464578169151
777,3642,413258,-254.301263321092
777,3643,413328,-60.43234305126606
777,3644,413408,-109.26311874728825
777,3645,413542,-188.34543636394042
777,3646,413606,-111.9941894590127
777,3647,413709,-190.15816450953827
777,3648,413782,-83.42002697601326
777,3649,413892,-135.3703885139964
777,3650,413993,-26.46464855411567
777,3651,414057,-112.4602368995605
777,3652,414136,-113.4912759405026
777,3653,414226,-132.19607922630223
777,3654,414346,-14.054046294472087
777,3655,414419,-104.36758412147285
777,3656,414520,-422.8248984400115
777,3657,414610,-188.52518445931793
777,3658,414722,-198.25256561685245
777,3659,414808,-157.14041340457985
777,3660,414890,-225.84905583993338
777,3661,415019,-99.49158402349008
777,3662,415086,-131.52334366832287
777,3663,415156,-134.4271650665283
777,3664,415248,-194.70418381037894
777,3665,415341,-76.41209587230821
777,3666,415424,-140.54992657516948
777,3667,415504,-168.69688384545321
777,3668,415569,-115.38425587447237
777,3669,415644,-153.1579241848047
777,3670,415694,-80.39917201091819
777,3671,415746,-121.80791299430824
777,3672,415828,-167.85963286224634
777,3673,415904,-136.53627310913214
777,3674,415977,-129.67753244212787
777,3675,416030,-116.41978654257456
777,3676,416089,-96.72631660165035
777,3677,416161,-152.58821517758525
777,3678,416251,-178.52960748311625
777,3679,416303,-120.97747662401179
777,3680,416378,-132.98639758998166
777,3681,416448,-137.2803489227399
777,3682,416509,-124.49816417037636
777,3683,416568,-135.0343566282317
777,3684,416638,-124.48277485648926
777,3685,416721,-140.884940057624
777,3686,416776,-130.3510113073458
777,3687,416860,-146.21583597841035
777,3688,416927,39.39563881982011
777,3689,417008,-123.51145925938059
777,3690,417073,-144.12717041788002
777,3691,417128,-142.32735865516236
777,3692,417189,-141.46009801855104
777,3693,417271,-104.00965385517716
777,3694,417336,-183.62864342098527
777,3695,417388,-111.63143932931754
777,3696,417455,-126.19369052630682
777,3697,417514,-140.15629401976923
777,3698,417581,-134.25046608840842
777,3699,417658,-183.47190739516992
777,3700,417738,-98.19783577498757
777,3701,417807,-161.52088851417008
777,3702,417859,-91.75824657434427
777,3703,417948,-96.89763525902833
777,3704,418000,-114.89028004716343
777,3705,418054,-103.2878218133051
777,3706,418114,-141.88887260682458
777,3707,418169,-117.82453520741316
777,3708,418257,-156.8383586731742
777,3709,418325,6.475355768115577
777,3710,418406,-137.7962634624402
777,3711,418458,-107.80953781321787
777,3712,418514,-98.99936828629494
777,3713,418570,-118.70673782152113
777,3714,418645,-171.37012302914877
777,3715,418704,-146.10974293582595
777,3716,418792,-200.1855611817606
777,3717,418868,-166.9921320416141
777,3718,418935,-147.44630872216408
777,3719,419017,-158.40725764049677
777,3720,419086,-136.1319232704775
777,3721,419160,-136.08060387290413
777,3722,419234,-185.39782506398166
777,3723,419288,-115.3912972513778
777,3724,419353,-164.61987772364213
777,3725,419430,-110.186577334042
777,3726,419497,-177.25550171113753
777,3727,419565,-140.5197520436678
777,3728,419629,-170.5593606629242
777,3729,419690,-139.32682165253817
777,3730,419744,-115.16098450991498
777,3731,419801,-97.64377892785325
777,3732,419855,-112.03378554536314
777,3733,419920,-127.64198329179774
777,3734,419978,-99.97659930621468
777,3735,420035,-143.7988639092086
777,3736,420101,-166.46075428364995
777,3737,420163,-126.21189159138716
777,3738,420236,-149.7088030208845
777,3739,420323,-178.18184345968746
777,3740,420383,-149.88821392454676
777,3741,420471,-15.829924695280368
777,3742,420531,-140.21954251698241
777,3743,420582,-125.53753317711616
777,3744,420670,-121.19048881198867
777,3745,420738,-122.42140616111193
777,3746,420792,-128.15901525323704
777,3747,420843,-118.23290556300954
777,3748,420926,-204.32860816665413
777,3749,420983,-120.6967241207932
777,3750,421044,-154.9307391384158
777,3751,421099,-125.3034827722734
777,3752,421185,-110.51636822838307
777,3753,421245,-130.32313738763267
777,3754,421302,-146.06411811316366
777,3755,421375,-152.89258554907826
777,3756,421450,-69.14579696430616
777,3757,421519,-134.266013146584
777,3758,421585,-124.47850874192862
777,3759,421651,-144.90897737382465
777,3760,421732,-114.85849234485586
777,3761,421808,-155.87971904200165
777,3762,421874,-128.90497752503308
777,3763,421935,-100.19602767195329
777,3764,422020,-165.57157973933602
777,3765,422077,-125.95363528618876
777,3766,422131,-118.76200574932311
777,3767,422222,-99.05162647827946
777,3768,422279,-111.01122125674368
777,3769,422334,-141.4498426793439
777,3770,422399,-106.51620149328595
777,3771,422493,-93.74401833391822
777,3772,422555,-98.37802251512025
777,3773,422640,-165.9934285252038
777,3774,422710,-116.11710286519319
777,3775,422775,-136.97428664905766
777,3776,422862,-163.63261813306983
777,3777,422952,-79.74770633377818
777,3778,423034,-145.9428437073495
777,3779,423114,-102.31282705777531
777,3780,423180,-99.22824225296553
777,3781,423243,-4.972315198240409
777,3782,423325,-136.69805737586273
777,3783,423421,-178.09489257572244
777,3784,423495,-192.6626524349125
777,3785,423578,-151.56035125166002
777,3786,423642,-77.49336940083171
777,3787,423715,-112.41383763199914
777,3788,423806,-107.75062903715937
777,3789,423911,0.33331689672878895
777,3790,424014,-125.53456263410584
777,3791,424097,-132.5356115427128
777,3792,424156,-107.63790917241154
777,3793,424239,-126.6595192136709
777,3794,424362,-34.281474880613814
777,3795,424443,-208.0661277763465
777,3796,424507,-128.52617988160875
777,3797,424645,-103.960562208715
777,3798,424716,-69.73466249288967
777,3799,424808,-251.05643237130536
777,3800,424897,-99.22826835599662
777,3801,425032,-152.67770553857855
777,3802,425107,-50.733570354603714
777,3803,425217,-150.7985744619766
777,3804,425313,-115.93349980565694
777,3805,425419,-226.3966856702051
777,3806,425540,-60.249305351490364
777,3807,425634,-238.09516131335124
777,3808,425751,-248.79478583665966
777,3809,425841,-290.10389488404786
777,3810,425958,-150.43586899583605
777,3811,426169,-117.59998538918285
777,3812,426254,-107.29209935708136
777,3813,426341,-167.0917172131783
777,3814,426434,-17.26355468147564
777,3815,426559,-247.47028021561655
777,3816,426642,-215.50379369349548
777,3817,426729,-366.8483818120658
777,3818,426835,-305.54387458957876
777,3819,426939,-355.8500054249902
777,3820,427046,-191.21666561261955
777,3821,427131,-317.52980483310466
777,3822,427219,-57.80134393985132
777,3823,427308,-215.88984952872337
777,3824,427388,-45.76141360026381
777,3825,427481,-128.84073528146178
777,3826,427615,-105.40404576743484
777,3827,427711,-105.7069495693398
777,3828,427819,-260.9818108284755
777,3829,427974,-64.60577312144753
777,3830,428043,-109.6335857558878
777,3831,428140,-154.4575713715363
777,3832,428234,-346.1329108466822
777,3833,428350,-283.1593519729312
777,3834,428426,-25.320163655462835
777,3835,428513,-47.13241816247381
777,3836,428567,-176.5065446535017
777,3837,428636,-100.4784181072437
777,3838,428732,-122.11799828083855
777,3839,428837,-540.5437161864438
777,3840,428939,-222.576534188606
777,3841,429049,-332.27865056312237
777,3842,429127,-202.965979801216
777,3843,429221,-327.62805792905453
777,3844,429298,-107.00428247262997
777,3845,429451,-238.46344853851176
777,3846,429643,-467.3138584674736
777,3847,429727,-61.63641103435863
777,3848,429925,-309.90390400832354
777,3849,430029,-306.9453990519688
777,3850,430124,-276.8427565575148
777,3851,430273,-441.443366579056
777,3852,430401,-412.46054328922725
777,3853,430516,-356.99818726992754
777,3854,430757,-1451.6257286208374
777,3855,430859,-513.6694133887916
777,3856,430997,-743.9558486927748
777,3857,431085,-510.06759335416996
777,3858,431237,-492.9464946145953
777,3859,431411,-551.0395724860059
777,3860,431598,-444.68005426295593
777,3861,431693,-338.39146457961397
777,3862,431961,-1898.4108165296836
777,3863,432036,-574.936059067214
777,3864,432118,-520.8310698429966
777,3865,432212,-744.6772652952626
777,3866,432311,-315.2077191777562
777,3867,432445,-531.47755242501
777,3868,432525,-383.1667656821727
777,3869,432669,-838.2373810854968
777,3870,432767,-414.3772829973801
777,3871,432856,-348.1137715155311
777,3872,432982,-164.77475044916966
777,3873,433115,-295.1489781094808
777,3874,433224,-411.64870851235264
777,3875,433310,-411.1484333408535
777,3876,433433,-200.02353310623914
777,3877,433552,-527.3175396945899
777,3878,433687,-382.3959437080149
777,3879,433795,-76.52684520142728
777,3880,433943,-191.96314807694313
777,3881,434052,-354.3866191638319
777,3882,434148,-338.29868353826
777,3883,434264,-244.29086399194387
777,3884,434365,-340.2805847789108
777,3885,434444,-80.20311667114557
777,3886,434528,-47.10011402378438
777,3887,434647,-99.77223062823263
777,3888,434759,-82.85498929169455
777,3889,434850,-219.4271047371945
777,3890,434915,-113.19109796113659
777,3891,434988,-95.38565892538232
777,3892,435070,-202.25384542458667
777,3893,435142,-102.90285922180689
777,3894,435251,-70.10832333587754
777,3895,435317,-168.37718621916233
777,3896,435392,-179.3950780760029
777,3897,435480,-80.44942531123571
777,3898,435561,-108.37058427524339
777,3899,435623,-73.98592617065623
777,3900,435717,-91.67310945186011
777,3901,435806,-83.89185290057696
777,3902,435876,-120.19702677554035
777,3903,435972,-107.32435236482544
777,3904,436047,-100.33002335827439
777,3905,436112,-85.28908478206952
777,3906,436211,-196.70577510036645
777,3907,436277,-84.84702264093347
777,3908,436377,-30.104521932930794
777,3909,436452,-64.06109275711079
777,3910,436546,-17.71509867557532
777,3911,436618,-130.64743450357395
777,3912,436696,-101.36711010241655
777,3913,436761,-38.137846699534904
777,3914,436852,-108.78890073805945
777,3915,436963,-275.7628122395455
777,3916,437041,-82.62109647976787
777,3917,437125,-55.90135386658834
777,3918,437227,-91.33274567255677
777,3919,437324,-145.91615283750417
777,3920,437473,33.03519464747876
777,3921,437583,-2.7322604500126744
777,3922,437661,-199.40669616233626
777,3923,437759,-258.76891213716317
777,3924,437848,-186.29294062721607
777,3925,438053,-54.05012829633306
777,3926,438169,-63.05675901890258
777,3927,438296,-84.74777890972051
777,3928,438428,-166.18278374620309
777,3929,438606,-199.22622965675066
777,3930,438728,-42.90364989244253
777,3931,438847,-262.06060924172175
777,3932,438941,-252.12982739528275
777,3933,439026,-70.78232157580376
777,3934,439201,-383.88380362456076
777,3935,439316,-265.34220632924473
777,3936,439485,-403.0023781226422
777,3937,439587,-293.4253406551942
777,3938,439708,-288.82091972410444
777,3939,439802,-294.8207730566039
777,3940,439910,-311.38544645713915
777,3941,440169,-693.09986462729
777,3942,440278,-469.96495570736255
777,3943,440361,-304.0765861894589
777,3944,440670,-457.8051460800186
777,3945,441066,-197.85841369200017
777,3946,441266,-19.450114618440807
777,3947,441379,-213.79635316576372
777,3948,441600,-166.15625556652859
777,3949,441723,-603.842655080078
777,3950,441889,-283.73827244790675
777,3951,441989,-355.7132284015032
777,3952,442125,-392.46915330201927
777,3953,442290,-698.5742471130363
777,3954,442394,-337.996117556241
777,3955,442500,-297.49687537331533
777,3956,442653,-287.76666000313014
777,3957,442745,-312.896750315031
777,3958,442851,-471.4980602714513
777,3959,442982,-683.6781649071795
777,3960,443069,-374.95186943731466
777,3961,443160,-381.5187244478039
777,3962,443262,-292.2865695873558
777,3963,443371,-149.59961489622293
777,3964,443525,-952.8195989331999
777,3965,443633,-322.10236252255424
777,3966,443713,-490.77017418377795
777,3967,443814,-290.1366103615919
777,3968,443900,-433.0551902029212
777,3969,444009,-720.6157429211693
777,3970,444118,-572.4551187079676
777,3971,444490,-4026.379888282335
777,3972,444606,-685.1169515406796
777,3973,444798,-1163.6568070191229
777,3974,444893,-624.2437576548027
777,3975,444992,-448.24003051031207
777,3976,445082,-397.4849423264436
777,3977,445183,-520.1744525189679
777,3978,445395,-1366.7034003356898
777,3979,445486,-543.4064535525388
777,3980,445586,-641.7752397837362
777,3981,445680,-324.7486933417054
777,3982,445769,-346.2651263804055
777,3983,445851,-513.7699169917406
777,3984,446036,-903.0693981813304
777,3985,446141,-562.6290913174254
777,3986,446329,-943.6379096212038
777,3987,446404,-494.8197643856812
777,3988,446506,-392.0685906664964
777,3989,446585,-491.60627804629013
777,3990,446662,-381.00386358860635
777,3991,446823,-777.8321007754424
777,3992,446995,-403.9527719687535
777,3993,447185,-440.17653504217503
777,3994,447349,-50.09510214560001
777,3995,447505,-727.3321128522238
777,3996,447638,-588.7329294843734
777,3997,447755,-410.3150653538479
777,3998,447854,-297.9984957069378
777,3999,448010,-239.60307680803135
777,4000,448140,-70.20306986992729
777,4001,448218,-147.86419177835606
777,4002,448313,-296.2214694584684
777,4003,448387,-93.86426863684542
777,4004,448486,-288.94428821969035
777,4005,448592,-52.5607549099681
777,4006,448717,-238.14756998937514
777,4007,448807,-253.20538920573716
777,4008,448968,-99.76624924462882
777,4009,449050,-70.5650455618403
777,4010,449127,-123.44890191824211
777,4011,449203,-78.85398767135753
777,4012,449270,-55.6816226109882
777,4013,449346,-88.05547212682549
777,4014,449417,-77.65937774094512
777,4015,449506,-129.026584109738
777,4016,449582,-100.80983151908093
777,4017,449665,-160.2755605392366
777,4018,449725,-164.35652941241767
777,4019,449812,-133.64879282229188
777,4020,449880,-150.53221074533928
777,4021,449943,-94.76747653140131
777,4022,450019,-149.30221796277021
777,4023,450075,-136.5180103110617
777,4024,450169,-100.65686354085595
777,4025,450238,-117.84470755779323
777,4026,450322,-148.25608980670287
777,4027,450380,-121.79955176029941
777,4028,450450,-127.77993236601651
777,4029,450524,-128.81041062534098
777,4030,450579,-94.38923643528449
777,4031,450657,-135.08195065077115
777,4032,450745,-207.22278005462806
777,4033,450833,-162.28350598817667
777,4034,450902,-151.17797336899656
777,4035,450983,-104.54024218498631
777,4036,451068,-136.11049844713796
777,4037,451155,-124.39019852099113
777,4038,451210,-165.6462404753052
777,4039,451299,-169.0539763537054
777,4040,451372,-125.58982749633182
777,4041,451434,-163.99048481300454
777,4042,451521,-167.53606479255012
777,4043,451615,-82.1109226383275
777,4044,451698,-103.26331376889863
777,4045,451778,-123.96089852066035
777,4046,451854,-115.44845255108277
777,4047,451917,-159.04283141195015
777,4048,451993,-95.32121320973332
777,4049,452083,-210.4844727597628
777,4050,452168,-152.540027149276
777,4051,452234,-118.102175264575
777,4052,452320,-293.0385044445467
777,4053,452415,-68.0440197720769
777,4054,452481,-100.76418674099227
777,4055,452547,-117.06145143733342
777,4056,452606,-98.8423528828907
777,4057,452692,-122.44500422049731
777,4058,452773,-197.03105742149467
777,4059,452834,-113.48610832147446
777,4060,452909,-127.92974522879064
777,4061,452974,-92.32500355205863
777,4062,453046,-57.19383514282485
777,4063,453123,-119.46733484031805
777,4064,453204,-166.34361769802786
777,4065,453278,-126.6185313627744
777,4066,453350,-117.13159097477482
777,4067,453455,-96.15047465019897
777,4068,453521,-240.13637281641178
777,4069,453592,-147.12784235084243
777,4070,453665,-58.026071992248575
777,4071,453749,-139.76162606640253
777,4072,453872,-275.7384991478346
777,4073,453965,-318.72653233155364
777,4074,454031,-138.7234193120722
777,4075,454140,-161.51019166817923
777,4076,454220,-92.6644230094178
777,4077,454315,-115.74052383329202
777,4078,454426,-194.31670581056432
777,4079,454538,-4.94735452272009
777,4080,454651,-162.36723786806442
777,4081,454737,-252.70056906331445
777,4082,454869,-316.43344383771716
777,4083,454940,-151.68275067464634
777,4084,455056,-314.1373640426008
777,4085,455151,-239.6293108188408
777,4086,455274,-127.41578215956179
777,4087,455387,-39.013931087846814
777,4088,455511,-154.5626409993725
777,4089,455587,-73.97907053348416
777,4090,455724,-145.83562392157035
777,4091,455827,-97.43203413528491
777,4092,455938,-209.7487241686033
777,4093,456056,-180.16035925592917
777,4094,456146,-331.53453434959806
777,4095,456250,-276.4175198024396
777,4096,456339,-279.86196544353925
777,4097,456423,-319.81792987689767
777,4098,456527,-452.74938510138736
777,4099,456722,-658.282050541721
777,4100,456840,-219.19289356166732
777,4101,456924,-276.76595280553795
777,4102,457051,-439.5126204184151
777,4103,457156,-80.0066103617963
777,4104,457259,-288.0925891739341
777,4105,457339,-493.9967508598926
777,4106,457429,-422.18439373897513
777,4107,457508,-289.9015880687037
777,4108,457579,-324.4128772916508
777,4109,457662,-101.49514432550194
777,4110,457757,-293.45048747338103
777,4111,457899,-323.4921020298227
777,4112,458015,-173.2081842271126
777,4113,458132,-290.5821983882705
777,4114,458224,-173.42398014689473
777,4115,458318,-431.3005539758869
777,4116,458451,-219.25074820170119
777,4117,458537,-460.2444713022529
777,4118,458671,-591.8602372701476
777,4119,458755,-104.90142591455525
777,4120,458939,-540.2211582710506
777,4121,459028,-362.0972902387979
777,4122,459118,-113.33601534294021
777,4123,459237,-434.57226069462797
777,4124,459303,-182.67277215434638
777,4125,459386,-166.90446060366457
777,4126,459487,-398.62513914218346
777,4127,459569,-309.60177207874244
777,4128,459690,-161.50962819957158
777,4129,459810,-218.93307249523454
777,4130,459914,-182.54932121521307
777,4131,459996,-172.87499361176188
777,4132,460069,-216.00222344254706
777,4133,460129,-159.06722538081664
777,4134,460231,-250.3046745188214
777,4135,460312,-289.27872175833926
777,4136,460398,-192.71144593839958
777,4137,460493,-300.61180418466284
777,4138,460626,-312.6089605175723
777,4139,460707,-333.336458207816
777,4140,460767,-282.0752271457426
777,4141,460848,-336.75874547615194
777,4142,460957,-220.78119444493814
777,4143,461018,-186.58033930528433
777,4144,461071,-202.38024987547493
777,4145,461137,-203.98992639031775
777,4146,461211,-117.47966054850272
777,4147,461312,-311.12885355396764
777,4148,461403,-122.10697868691814
777,4149,461513,-194.3738469735651
777,4150,461638,-416.110797633789
777,4151,461757,-261.81557791197633
777,4152,461853,-147.73383176563772
777,4153,461957,-428.91973489387465
777,4154,462078,-248.16463744379902
777,4155,462165,-103.02784428348147
777,4156,462252,-221.276343645489
777,4157,462330,-210.28211625994373
777,4158,462419,-129.55450399405808
777,4159,462521,-197.09786842333338
777,4160,462644,-188.6574244957368
777,4161,462743,-230.42920344169963
777,4162,462831,-28.833000473585557
777,4163,463016,-320.49497207928914
777,4164,463151,-185.37206101615692
777,4165,463241,-97.33157010717625
777,4166,463343,-404.80035719292107
777,4167,463451,-180.37226929150262
777,4168,463601,-315.4921967196908
777,4169,463709,-243.04613556345856
777,4170,463808,-180.7887842419736
777,4171,463921,-106.44171874536393
777,4172,464025,-582.0125950905372
777,4173,464141,31.810414455343675
777,4174,464255,-319.03990818052966
777,4175,464362,-322.18675565080116
777,4176,464488,-296.92991583904904
777,4177,464674,-317.9284513764407
777,4178,464786,-453.0171649760439
777,4179,464895,-329.0046765943662
777,4180,465008,-113.48649998143063
777,4181,465151,-159.64599601149433
777,4182,465231,-75.00574570717941
777,4183,465325,-190.59469144732861
777,4184,465433,-134.1251170449374
777,4185,465500,-50.213082676104236
777,4186,465568,-91.01512513583016
777,4187,465636,-57.70276228107122
777,4188,465705,-98.90037225399634
777,4189,465802,-163.23090833861636
777,4190,465886,-123.54862025444473
777,4191,465951,-28.556079551146482
777,4192,466064,-115.95528262792041
777,4193,466136,-88.30434035896724
777,4194,466199,-79.89602153382282
777,4195,466261,-155.4136382521362
777,4196,466353,-157.2023703174048
777,4197,466436,-126.64467725042778
777,4198,466502,-116.72291395807451
777,4199,466567,-103.48711863053795
777,4200,466639,-135.2788195002388
777,4201,466698,-57.81422305976498
777,4202,466776,-169.8080858515271
777,4203,466855,-171.23810641490934
777,4204,466952,-130.09963173178602
777,4205,467052,-113.71825496960939
777,4206,467115,-81.479344066609
777,4207,467217,-326.1675751706522
777,4208,467309,-133.52466906072155
777,4209,467395,-119.66129477127521
777,4210,467488,-166.96843750639303
777,4211,467579,-197.27596572298745
777,4212,467664,-149.51598964503253
777,4213,467763,-95.10074141808963
777,4214,467868,-357.88297940649676
777,4215,467965,-167.15583481401424
777,4216,468045,-250.93653043918326
777,4217,468124,-137.25585793249348
777,4218,468195,-124.69433870946722
777,4219,468280,-121.79464582771448
777,4220,468373,-133.21527271031053
777,4221,468459,-263.9602802493788
777,4222,468572,-323.57407624587415
777,4223,468672,-368.44221828059057
777,4224,468781,-282.32640816741457
777,4225,468887,-261.4387529084072
777,4226,468950,-167.93727894532844
777,4227,469038,-189.35403411474118
777,4228,469114,-167.7947246683563
777,4229,469243,-204.22006371726405
777,4230,469321,-72.58937392702373
777,4231,469407,-246.33341480985712
777,4232,469481,-194.87418820069723
777,4233,469565,-70.60192509364644
777,4234,469650,-64.05445163749235
777,4235,469789,-346.3208380839777
777,4236,469876,-69.7393063516287
777,4237,469989,-362.5213865329647
777,4238,470099,-236.34848725391413
777,4239,470211,-419.96820787070504
777,4240,470463,-177.6224236911952
777,4241,470570,-389.92030746824423
777,4242,470698,-367.8234939778199
777,4243,470811,-39.201943997958566
777,4244,470920,-191.2719670868682
777,4245,471003,-264.52884171847757
777,4246,471145,-340.58652465385103
777,4247,471250,-92.05399793560755
777,4248,471379,-236.1297846929831
777,4249,471507,-154.71460090353634
777,4250,471650,-187.7454475564279
777,4251,471794,-93.51255988021387
777,4252,471905,-118.3809713961723
777,4253,471995,-238.35730555133193
777,4254,472107,-119.55004990712042
777,4255,472172,-59.568531936060694
777,4256,472303,-194.25700651216215
777,4257,472392,-216.76233680684084
777,4258,472494,-206.39937409915268
777,4259,472583,-155.05600092133153
777,4260,472713,-192.66437178337316
777,4261,472802,-229.04381200347976
777,4262,472895,-235.6099359321959
777,4263,472978,-75.85569838644139
777,4264,473066,-246.48866547047
777,4265,473185,-82.60252782052609
777,4266,473315,-268.6361676017158
777,4267,473393,-122.9315414677623
777,4268,473467,-170.429145125446
777,4269,473532,-97.47169000273782
777,4270,473615,-90.8786837283294
777,4271,473683,-147.36090921264514
777,4272,473789,-114.0707663410381
777,4273,473878,-112.07710806881644
777,4274,473985,-219.73957626332992
777,4275,474092,-260.34843285305715
777,4276,474176,-46.88825033906335
777,4277,474264,-84.17707530040974
777,4278,474379,-105.5436517110689
777,4279,474494,-95.28442529348608
777,4280,474572,-206.21288373843691
777,4281,474686,-102.81423703665409
777,4282,474786,-73.43178372516931
777,4283,474910,-121.26565698661518
777,4284,475027,-276.0430978741322
777,4285,475159,-202.8195811276991
777,4286,475271,-125.05297614106895
777,4287,475347,-37.131480832492564
777,4288,475440,-161.93623954814467
777,4289,475530,-121.64986173570843
777,4290,475646,-414.95436738473876
777,4291,475787,-257.31002873827396
777,4292,475890,-188.64846681594514
777,4293,475978,-106.32132225257904
777,4294,476062,-183.36151545174266
777,4295,476190,-103.74724951829461
777,4296,476296,-287.8411120526863
777,4297,476435,-231.31044330470877
777,4298,476529,-252.7382304179249
777,4299,476614,-389.4276970635542
777,4300,476677,-159.6622239081135
777,4301,476785,-108.30012817998832
777,4302,476881,-57.96828520619941
777,4303,477003,-180.91290683273735
777,4304,477081,-63.809280024793296
777,4305,477199,-127.21245350468718
777,4306,477276,-81.47502359793644
777,4307,477370,-84.13228948466505
777,4308,477490,-305.7029805335708
777,4309,477574,-102.06517030050244
777,4310,477655,-248.49273648847748
777,4311,477759,-272.6175916411425
777,4312,477888,-200.1810321065434
777,4313,477996,-143.4859511734441
777,4314,478141,-136.13883500096503
777,4315,478283,-144.26074205530136
777,4316,478370,-323.5977408094069
777,4317,478465,-274.65582327933805
777,4318,478585,-125.67272611015251
777,4319,478675,-207.7434692252568
777,4320,478787,-250.4875351596957
777,4321,478958,-415.5610895986357
777,4322,479087,-384.21908698122894
777,4323,479179,-280.97828824149383
777,4324,479301,-82.64447006336651
777,4325,479452,-241.03835956111146
777,4326,479593,-92.33681581192
777,4327,479710,-416.5113142855949
777,4328,479807,-128.58799309829632
777,4329,479948,-40.969567538446526
777,4330,480025,-48.69182240247046
777,4331,480209,-83.07511230245858
777,4332,480314,-102.87266032353175
777,4333,480439,-89.79439863390536
777,4334,480545,-341.1344126507794
777,4335,480643,-156.62457188470404
777,4336,480782,-80.48048841619195
777,4337,480893,-129.09577333071002
777,4338,480991,-288.91818792519996
777,4339,481102,-309.7911525416086
777,4340,481243,-294.0127577493791
777,4341,481348,-250.07321651006566
777,4342,481491,-85.54811519886366
777,4343,481598,-261.0504009815521
777,4344,481673,-71.20104127724615
777,4345,481750,-114.55062038245737
777,4346,481877,-162.3383779012744
777,4347,481967,-118.90809671109787
777,4348,482085,-141.10115577728192
777,4349,482165,-89.48480764822114
777,4350,482297,-320.0258107100014
777,4351,482456,-203.1088120337575
777,4352,482565,-102.48465697582397
777,4353,482704,-48.308729066779335
777,4354,482793,-82.25344277034
777,4355,482901,-79.26903641351015
777,4356,483059,-210.38781644854743
777,4357,483161,-154.19984692801663
777,4358,483277,-314.04350979624365
777,4359,483377,-79.7105748761553
777,4360,483545,-38.71004380651648
777,4361,483633,-105.4784263956736
777,4362,483713,-252.4871561718445
777,4363,483805,-110.70996261975444
777,4364,483903,-147.48915472546253
777,4365,484044,-277.8644195883934
777,4366,484183,-55.92410470808325
777,4367,484265,-80.14445640245866
777,4368,484365,-282.62777412191065
777,4369,484454,-234.26640300431504
777,4370,484554,-266.56596303227855
777,4371,484629,-176.45536821253458
777,4372,484703,-54.20548508819893
777,4373,484804,-133.7667708410758
777,4374,484878,-206.4384094622854
777,4375,484974,-3.9463634909734537
777,4376,485073,-43.87969992940516
777,4377,485169,-54.60894836094134
777,4378,485239,-49.804324166406104
777,4379,485318,-9.440673038696318
777,4380,485422,-102.62657243627497
777,4381,485531,-176.59431558474637
777,4382,485599,-102.98306700674071
777,4383,485690,-147.07970055293498
777,4384,485792,-84.84599020275901
777,4385,485875,-70.23472332727839
777,4386,485933,-121.05028762611958
777,4387,486010,-97.42461843691255
777,4388,486094,-219.16741646385364
777,4389,486202,-19.286651185441997
777,4390,486287,-163.7661490087426
777,4391,486382,-265.44417329719056
777,4392,486515,-78.060254934722
777,4393,486684,-257.24257499443183
777,4394,486836,-189.07347430249945
777,4395,486921,-30.98514313787213
777,4396,487066,-264.0561241308101
777,4397,487162,-270.87005887362915
777,4398,487301,-318.9565010789398
777,4399,487402,-15.5493545991241
777,4400,487492,-413.7252445587971
777,4401,487598,-445.7040258797935
777,4402,487719,-426.6036928617683
777,4403,487843,-310.64297587556365
777,4404,487941,-230.5597037644289
777,4405,488064,-265.5263684847524
777,4406,488172,-313.3057309732083
777,4407,488269,-286.7993526176748
777,4408,488372,-245.59561659340773
777,4409,488542,-229.6102169997397
777,4410,488648,-290.9071800204558
777,4411,488750,-8.369994945340864
777,4412,488856,-22.90191663320114
777,4413,488943,-208.0055589679713
777,4414,489051,-313.36344120807223
777,4415,489181,-143.08585943625164
777,4416,489333,-90.75119180319936
777,4417,489447,-146.07660500338233
777,4418,489558,-201.89737567952378
777,4419,489670,-127.94485296830337
777,4420,489772,-99.6058898850585
777,4421,489873,-109.0055249538776
777,4422,489972,-140.76967819308237
777,4423,490091,-108.2853689007538
777,4424,490207,-288.9568142526689
777,4425,490308,-133.01169000820306
777,4426,490381,-73.63384259775765
777,4427,490477,-82.05251023095502
777,4428,490585,8.499441906711596
777,4429,490670,-221.76201800498598
777,4430,490820,-124.32623554608284
777,4431,490950,-196.62946205207692
777,4432,491036,-274.73754849295636
777,4433,491140,-277.0627197299621
777,4434,491249,-162.27566331454466
777,4435,491446,-463.22305107359705
777,4436,491534,-175.9222511598329
777,4437,491627,-330.83822479267826
777,4438,491723,-359.66691132417446
777,4439,491800,-112.74069391347699
777,4440,491865,-202.95734994153833
777,4441,491970,-131.03363343342696
777,4442,492046,-86.76161096702276
777,4443,492127,-128.9561501091727
777,4444,492263,-304.08307595070374
777,4445,492384,-327.84755754099973
777,4446,492465,-228.47458443661043
777,4447,492583,-32.529812966298636
777,4448,492670,-344.5020756281128
777,4449,492741,-91.8851006387846
777,4450,492852,-307.72910881403084
777,4451,493001,-247.4942128923741
777,4452,493130,-173.59785060519124
777,4453,493219,-377.11001748633726
777,4454,493319,-435.44692803448675
777,4455,493449,-393.55784913157237
777,4456,493568,-286.02002431069917
777,4457,493641,-89.76907040676564
777,4458,493746,-291.9402696981059
777,4459,493849,-349.22331895454937
777,4460,493952,-128.80466495630344
777,4461,494039,-287.00644988681506
777,4462,494151,-105.87852588292009
777,4463,494261,-142.14581169231036
777,4464,494334,-203.54775031577066
777,4465,494399,-104.70288859151049
777,4466,494489,-201.82333554597787
777,4467,494600,-276.4223036868004
777,4468,494696,-124.13678355891659
777,4469,494779,-63.87214407390181
777,4470,494865,-156.04871953187973
777,4471,494935,-58.26016728697944
777,4472,495034,-149.72976613696898
777,4473,495117,-163.0616077813309
777,4474,495207,-46.183784502624775
777,4475,495306,-140.25007094796297
777,4476,495369,-76.62064216627314
777,4477,495434,-62.33689843223347
777,4478,495533,-112.66175018275884
777,4479,495621,-87.20973204982069
777,4480,495731,-114.638450681486
777,4481,495796,-117.20736414956207
777,4482,495867,-149.56746598477497
777,4483,495983,-61.715018293433175
777,4484,496071,-113.92873154385342
777,4485,496203,-8.46578719534648
777,4486,496268,-110.39284645892727
777,4487,496347,-194.1223036346986
777,4488,496451,-246.55099147950193
777,4489,496527,-172.5237322522077
777,4490,496620,-162.10104484627306
777,4491,496746,-293.8138501096288
777,4492,496839,-163.03516687656463
777,4493,496933,-271.0308052490908
777,4494,497054,-175.242613763225
777,4495,497182,-335.3525437541458
777,4496,497292,-69.15862207823953
777,4497,497385,-199.40763148512266
777,4498,497456,-174.46030436689176
777,4499,497562,-119.88834613406134
777,4500,497738,-377.0325231799652
777,4501,497824,-329.34161795512205
777,4502,497944,-268.4752946873804
777,4503,498006,-55.37384031035148
777,4504,498103,-271.58224879098555
777,4505,498186,-275.57923746963
777,4506,498309,-151.68925364897422
777,4507,498435,-360.72148633836133
777,4508,498578,-352.96698655351764
777,4509,498685,-19.53774679444743
777,4510,498786,-245.1014930770879
777,4511,498932,-283.08244940006955
777,4512,499058,-197.85716165802532
777,4513,499161,-149.66122111315897
777,4514,499264,-80.98052900432882
777,4515,499391,-230.59006685164138
777,4516,499512,-173.4822641140143
777,4517,499595,-11.419912761970679
777,4518,499681,-90.96036472532374
777,4519,499765,-227.37427418169628
777,4520,499875,-281.2273335444567
777,4521,499965,-107.77128521291021
777,4522,500084,-130.2965779470439
