seed,episode,total_steps,return
42,1,10,10.0
42,2,28,18.0
42,3,63,35.0
42,4,75,12.0
42,5,96,21.0
42,6,112,16.0
42,7,131,19.0
42,8,141,10.0
42,9,168,27.0
42,10,192,24.0
42,11,206,14.0
42,12,216,10.0
42,13,238,22.0
42,14,265,27.0
42,15,299,34.0
42,16,331,32.0
42,17,352,21.0
42,18,374,22.0
42,19,416,42.0
42,20,431,15.0
42,21,451,20.0
42,22,464,13.0
42,23,494,30.0
42,24,506,12.0
42,25,543,37.0
42,26,571,28.0
42,27,587,16.0
42,28,605,18.0
42,29,620,15.0
42,30,633,13.0
42,31,646,13.0
42,32,660,14.0
42,33,670,10.0
42,34,700,30.0
42,35,738,38.0
42,36,760,22.0
42,37,770,10.0
42,38,789,19.0
42,39,831,42.0
42,40,863,32.0
42,41,872,9.0
42,42,912,40.0
42,43,927,15.0
42,44,944,17.0
42,45,975,31.0
42,46,992,17.0
42,47,1011,19.0
42,48,1105,94.0
42,49,1126,21.0
42,50,1167,41.0
42,51,1183,16.0
42,52,1202,19.0
42,53,1220,18.0
42,54,1251,31.0
42,55,1265,14.0
42,56,1289,24.0
42,57,1311,22.0
42,58,1350,39.0
42,59,1417,67.0
42,60,1436,19.0
42,61,1450,14.0
42,62,1466,16.0
42,63,1479,13.0
42,64,1507,28.0
42,65,1524,17.0
42,66,1561,37.0
42,67,1579,18.0
42,68,1599,20.0
42,69,1622,23.0
42,70,1653,31.0
42,71,1688,35.0
42,72,1707,19.0
42,73,1724,17.0
42,74,1737,13.0
42,75,1771,34.0
42,76,1798,27.0
42,77,1822,24.0
42,78,1845,23.0
42,79,1894,49.0
42,80,1905,11.0
42,81,1917,12.0
42,82,1944,27.0
42,83,1958,14.0
42,84,1975,17.0
42,85,1996,21.0
42,86,2007,11.0
42,87,2020,13.0
42,88,2033,13.0
42,89,2093,60.0
42,90,2116,23.0
42,91,2130,14.0
42,92,2141,11.0
42,93,2154,13.0
42,94,2171,17.0
42,95,2189,18.0
42,96,2201,12.0
42,97,2225,24.0
42,98,2252,27.0
42,99,2264,12.0
42,100,2276,12.0
42,101,2292,16.0
42,102,2310,18.0
42,103,2341,31.0
42,104,2365,24.0
42,105,2408,43.0
42,106,2419,11.0
42,107,2438,19.0
42,108,2449,11.0
42,109,2467,18.0
42,110,2498,31.0
42,111,2530,32.0
42,112,2546,16.0
42,113,2578,32.0
42,114,2594,16.0
42,115,2603,9.0
42,116,2615,12.0
42,117,2637,22.0
42,118,2654,17.0
42,119,2673,19.0
42,120,2686,13.0
42,121,2704,18.0
42,122,2714,10.0
42,123,2748,34.0
42,124,2765,17.0
42,125,2794,29.0
42,126,2827,33.0
42,127,2853,26.0
42,128,2868,15.0
42,129,2898,30.0
42,130,2916,18.0
42,131,2926,10.0
42,132,2948,22.0
42,133,2969,21.0
42,134,2981,12.0
42,135,3029,48.0
42,136,3054,25.0
42,137,3071,17.0
42,138,3097,26.0
42,139,3119,22.0
42,140,3152,33.0
42,141,3165,13.0
42,142,3183,18.0
42,143,3192,9.0
42,144,3202,10.0
42,145,3225,23.0
42,146,3243,18.0
42,147,3261,18.0
42,148,3287,26.0
42,149,3307,20.0
42,150,3326,19.0
42,151,3341,15.0
42,152,3360,19.0
42,153,3371,11.0
42,154,3406,35.0
42,155,3446,40.0
42,156,3457,11.0
42,157,3470,13.0
42,158,3485,15.0
42,159,3499,14.0
42,160,3511,12.0
42,161,3522,11.0
42,162,3564,42.0
42,163,3575,11.0
42,164,3598,23.0
42,165,3627,29.0
42,166,3640,13.0
42,167,3657,17.0
42,168,3669,12.0
42,169,3691,22.0
42,170,3710,19.0
42,171,3741,31.0
42,172,3760,19.0
42,173,3791,31.0
42,174,3808,17.0
42,175,3826,18.0
42,176,3842,16.0
42,177,3870,28.0
42,178,3898,28.0
42,179,3922,24.0
42,180,3943,21.0
42,181,3959,16.0
42,182,3993,34.0
42,183,4017,24.0
42,184,4042,25.0
42,185,4062,20.0
42,186,4072,10.0
42,187,4100,28.0
42,188,4136,36.0
42,189,4146,10.0
42,190,4169,23.0
42,191,4195,26.0
42,192,4209,14.0
42,193,4237,28.0
42,194,4245,8.0
42,195,4265,20.0
42,196,4279,14.0
42,197,4295,16.0
42,198,4320,25.0
42,199,4342,22.0
42,200,4357,15.0
42,201,4403,46.0
42,202,4416,13.0
42,203,4430,14.0
42,204,4444,14.0
42,205,4455,11.0
42,206,4476,21.0
42,207,4493,17.0
42,208,4502,9.0
42,209,4516,14.0
42,210,4529,13.0
42,211,4544,15.0
42,212,4565,21.0
42,213,4580,15.0
42,214,4624,44.0
42,215,4635,11.0
42,216,4646,11.0
42,217,4655,9.0
42,218,4670,15.0
42,219,4692,22.0
42,220,4703,11.0
42,221,4722,19.0
42,222,4742,20.0
42,223,4763,21.0
42,224,4805,42.0
42,225,4822,17.0
42,226,4836,14.0
42,227,4867,31.0
42,228,4892,25.0
42,229,4912,20.0
42,230,4934,22.0
42,231,4949,15.0
42,232,4962,13.0
42,233,4999,37.0
42,234,5011,12.0
42,235,5029,18.0
42,236,5044,15.0
42,237,5093,49.0
42,238,5113,20.0
42,239,5123,10.0
42,240,5153,30.0
42,241,5172,19.0
42,242,5214,42.0
42,243,5229,15.0
42,244,5239,10.0
42,245,5268,29.0
42,246,5283,15.0
42,247,5320,37.0
42,248,5357,37.0
42,249,5378,21.0
42,250,5402,24.0
42,251,5414,12.0
42,252,5452,38.0
42,253,5472,20.0
42,254,5488,16.0
42,255,5507,19.0
42,256,5523,16.0
42,257,5537,14.0
42,258,5547,10.0
42,259,5562,15.0
42,260,5607,45.0
42,261,5634,27.0
42,262,5643,9.0
42,263,5665,22.0
42,264,5683,18.0
42,265,5705,22.0
42,266,5734,29.0
42,267,5746,12.0
42,268,5763,17.0
42,269,5777,14.0
42,270,5789,12.0
42,271,5800,11.0
42,272,5820,20.0
42,273,5872,52.0
42,274,5886,14.0
42,275,5910,24.0
42,276,5922,12.0
42,277,5940,18.0
42,278,5980,40.0
42,279,5989,9.0
42,280,6049,60.0
42,281,6065,16.0
42,282,6090,25.0
42,283,6112,22.0
42,284,6130,18.0
42,285,6160,30.0
42,286,6172,12.0
42,287,6184,12.0
42,288,6202,18.0
42,289,6223,21.0
42,290,6245,22.0
42,291,6271,26.0
42,292,6301,30.0
42,293,6311,10.0
42,294,6345,34.0
42,295,6357,12.0
42,296,6376,19.0
42,297,6394,18.0
42,298,6404,10.0
42,299,6434,30.0
42,300,6459,25.0
42,301,6517,58.0
42,302,6537,20.0
42,303,6561,24.0
42,304,6585,24.0
42,305,6605,20.0
42,306,6632,27.0
42,307,6642,10.0
42,308,6676,34.0
42,309,6693,17.0
42,310,6712,19.0
42,311,6721,9.0
42,312,6740,19.0
42,313,6755,15.0
42,314,6795,40.0
42,315,6831,36.0
42,316,6844,13.0
42,317,6884,40.0
42,318,6896,12.0
42,319,6911,15.0
42,320,6928,17.0
42,321,6946,18.0
42,322,6980,34.0
42,323,7010,30.0
42,324,7035,25.0
42,325,7051,16.0
42,326,7070,19.0
42,327,7087,17.0
42,328,7103,16.0
42,329,7142,39.0
42,330,7158,16.0
42,331,7182,24.0
42,332,7210,28.0
42,333,7239,29.0
42,334,7280,41.0
42,335,7305,25.0
42,336,7342,37.0
42,337,7379,37.0
42,338,7388,9.0
42,339,7402,14.0
42,340,7424,22.0
42,341,7439,15.0
42,342,7456,17.0
42,343,7465,9.0
42,344,7488,23.0
42,345,7509,21.0
42,346,7534,25.0
42,347,7574,40.0
42,348,7587,13.0
42,349,7599,12.0
42,350,7612,13.0
42,351,7647,35.0
42,352,7667,20.0
42,353,7692,25.0
42,354,7705,13.0
42,355,7725,20.0
42,356,7755,30.0
42,357,7794,39.0
42,358,7826,32.0
42,359,7876,50.0
42,360,7898,22.0
42,361,7941,43.0
42,362,7955,14.0
42,363,7979,24.0
42,364,7998,19.0
42,365,8011,13.0
42,366,8026,15.0
42,367,8046,20.0
42,368,8085,39.0
42,369,8113,28.0
42,370,8121,8.0
42,371,8132,11.0
42,372,8141,9.0
42,373,8155,14.0
42,374,8166,11.0
42,375,8183,17.0
42,376,8198,15.0
42,377,8211,13.0
42,378,8226,15.0
42,379,8242,16.0
42,380,8260,18.0
42,381,8275,15.0
42,382,8325,50.0
42,383,8346,21.0
42,384,8360,14.0
42,385,8379,19.0
42,386,8407,28.0
42,387,8439,32.0
42,388,8459,20.0
42,389,8527,68.0
42,390,8563,36.0
42,391,8576,13.0
42,392,8617,41.0
42,393,8659,42.0
42,394,8676,17.0
42,395,8693,17.0
42,396,8711,18.0
42,397,8729,18.0
42,398,8756,27.0
42,399,8783,27.0
42,400,8798,15.0
42,401,8818,20.0
42,402,8838,20.0
42,403,8854,16.0
42,404,8889,35.0
42,405,8904,15.0
42,406,8949,45.0
42,407,8979,30.0
42,408,9029,50.0
42,409,9113,84.0
42,410,9127,14.0
42,411,9160,33.0
42,412,9204,44.0
42,413,9230,26.0
42,414,9243,13.0
42,415,9259,16.0
42,416,9293,34.0
42,417,9327,34.0
42,418,9339,12.0
42,419,9358,19.0
42,420,9371,13.0
42,421,9389,18.0
42,422,9427,38.0
42,423,9452,25.0
42,424,9462,10.0
42,425,9491,29.0
42,426,9512,21.0
42,427,9528,16.0
42,428,9574,46.0
42,429,9620,46.0
42,430,9653,33.0
42,431,9678,25.0
42,432,9697,19.0
42,433,9716,19.0
42,434,9736,20.0
42,435,9751,15.0
42,436,9776,25.0
42,437,9802,26.0
42,438,9812,10.0
42,439,9841,29.0
42,440,9859,18.0
42,441,9885,26.0
42,442,9917,32.0
42,443,9931,14.0
42,444,9951,20.0
42,445,9960,9.0
42,446,9972,12.0
42,447,9990,18.0
42,448,10003,13.0
42,449,10023,20.0
42,450,10036,13.0
42,451,10054,18.0
42,452,10091,37.0
42,453,10101,10.0
42,454,10125,24.0
42,455,10150,25.0
42,456,10166,16.0
42,457,10186,20.0
42,458,10215,29.0
42,459,10253,38.0
42,460,10266,13.0
42,461,10290,24.0
42,462,10320,30.0
42,463,10336,16.0
42,464,10347,11.0
42,465,10361,14.0
42,466,10379,18.0
42,467,10405,26.0
42,468,10475,70.0
42,469,10489,14.0
42,470,10509,20.0
42,471,10553,44.0
42,472,10564,11.0
42,473,10583,19.0
42,474,10592,9.0
42,475,10613,21.0
42,476,10626,13.0
42,477,10653,27.0
42,478,10668,15.0
42,479,10698,30.0
42,480,10723,25.0
42,481,10735,12.0
42,482,10799,64.0
42,483,10815,16.0
42,484,10853,38.0
42,485,10880,27.0
42,486,10915,35.0
42,487,10934,19.0
42,488,10946,12.0
42,489,10955,9.0
42,490,10977,22.0
42,491,10993,16.0
42,492,11010,17.0
42,493,11034,24.0
42,494,11068,34.0
42,495,11086,18.0
42,496,11158,72.0
42,497,11180,22.0
42,498,11211,31.0
42,499,11264,53.0
42,500,11278,14.0
42,501,11310,32.0
42,502,11328,18.0
42,503,11353,25.0
42,504,11373,20.0
42,505,11387,14.0
42,506,11418,31.0
42,507,11435,17.0
42,508,11461,26.0
42,509,11471,10.0
42,510,11498,27.0
42,511,11522,24.0
42,512,11532,10.0
42,513,11557,25.0
42,514,11590,33.0
42,515,11619,29.0
42,516,11642,23.0
42,517,11661,19.0
42,518,11679,18.0
42,519,11693,14.0
42,520,11716,23.0
42,521,11727,11.0
42,522,11750,23.0
42,523,11764,14.0
42,524,11783,19.0
42,525,11797,14.0
42,526,11809,12.0
42,527,11836,27.0
42,528,11846,10.0
42,529,11871,25.0
42,530,11929,58.0
42,531,11939,10.0
42,532,11952,13.0
42,533,11964,12.0
42,534,11999,35.0
42,535,12041,42.0
42,536,12061,20.0
42,537,12100,39.0
42,538,12133,33.0
42,539,12157,24.0
42,540,12170,13.0
42,541,12185,15.0
42,542,12202,17.0
42,543,12219,17.0
42,544,12233,14.0
42,545,12297,64.0
42,546,12309,12.0
42,547,12320,11.0
42,548,12346,26.0
42,549,12364,18.0
42,550,12391,27.0
42,551,12408,17.0
42,552,12419,11.0
42,553,12442,23.0
42,554,12456,14.0
42,555,12489,33.0
42,556,12543,54.0
42,557,12562,19.0
42,558,12586,24.0
42,559,12600,14.0
42,560,12619,19.0
42,561,12629,10.0
42,562,12674,45.0
42,563,12730,56.0
42,564,12748,18.0
42,565,12766,18.0
42,566,12787,21.0
42,567,12804,17.0
42,568,12821,17.0
42,569,12836,15.0
42,570,12851,15.0
42,571,12864,13.0
42,572,12875,11.0
42,573,12895,20.0
42,574,12937,42.0
42,575,12955,18.0
42,576,12970,15.0
42,577,12984,14.0
42,578,13000,16.0
42,579,13017,17.0
42,580,13043,26.0
42,581,13068,25.0
42,582,13087,19.0
42,583,13114,27.0
42,584,13130,16.0
42,585,13153,23.0
42,586,13167,14.0
42,587,13183,16.0
42,588,13194,11.0
42,589,13234,40.0
42,590,13246,12.0
42,591,13267,21.0
42,592,13289,22.0
42,593,13307,18.0
42,594,13325,18.0
42,595,13343,18.0
42,596,13375,32.0
42,597,13412,37.0
42,598,13430,18.0
42,599,13451,21.0
42,600,13466,15.0
42,601,13494,28.0
42,602,13511,17.0
42,603,13533,22.0
42,604,13561,28.0
42,605,13590,29.0
42,606,13611,21.0
42,607,13631,20.0
42,608,13646,15.0
42,609,13663,17.0
42,610,13678,15.0
42,611,13695,17.0
42,612,13707,12.0
42,613,13720,13.0
42,614,13736,16.0
42,615,13752,16.0
42,616,13768,16.0
42,617,13790,22.0
42,618,13801,11.0
42,619,13821,20.0
42,620,13859,38.0
42,621,13879,20.0
42,622,13897,18.0
42,623,13910,13.0
42,624,13929,19.0
42,625,13954,25.0
42,626,13971,17.0
42,627,13989,18.0
42,628,14001,12.0
42,629,14020,19.0
42,630,14039,19.0
42,631,14061,22.0
42,632,14075,14.0
42,633,14093,18.0
42,634,14113,20.0
42,635,14146,33.0
42,636,14158,12.0
42,637,14180,22.0
42,638,14198,18.0
42,639,14216,18.0
42,640,14263,47.0
42,641,14277,14.0
42,642,14308,31.0
42,643,14321,13.0
42,644,14348,27.0
42,645,14364,16.0
42,646,14391,27.0
42,647,14415,24.0
42,648,14444,29.0
42,649,14458,14.0
42,650,14479,21.0
42,651,14494,15.0
42,652,14517,23.0
42,653,14546,29.0
42,654,14563,17.0
42,655,14578,15.0
42,656,14605,27.0
42,657,14624,19.0
42,658,14676,52.0
42,659,14728,52.0
42,660,14784,56.0
42,661,14799,15.0
42,662,14821,22.0
42,663,14834,13.0
42,664,14854,20.0
42,665,14903,49.0
42,666,14916,13.0
42,667,14940,24.0
42,668,14954,14.0
42,669,14987,33.0
42,670,15010,23.0
42,671,15024,14.0
42,672,15050,26.0
42,673,15061,11.0
42,674,15089,28.0
42,675,15106,17.0
42,676,15132,26.0
42,677,15160,28.0
42,678,15177,17.0
42,679,15190,13.0
42,680,15204,14.0
42,681,15216,12.0
42,682,15236,20.0
42,683,15249,13.0
42,684,15267,18.0
42,685,15298,31.0
42,686,15314,16.0
42,687,15342,28.0
42,688,15362,20.0
42,689,15381,19.0
42,690,15414,33.0
42,691,15442,28.0
42,692,15453,11.0
42,693,15469,16.0
42,694,15487,18.0
42,695,15521,34.0
42,696,15538,17.0
42,697,15556,18.0
42,698,15578,22.0
42,699,15611,33.0
42,700,15639,28.0
42,701,15655,16.0
42,702,15681,26.0
42,703,15697,16.0
42,704,15711,14.0
42,705,15728,17.0
42,706,15759,31.0
42,707,15776,17.0
42,708,15786,10.0
42,709,15818,32.0
42,710,15865,47.0
42,711,15878,13.0
42,712,15890,12.0
42,713,15901,11.0
42,714,15939,38.0
42,715,15955,16.0
42,716,15970,15.0
42,717,15985,15.0
42,718,16001,16.0
42,719,16065,64.0
42,720,16078,13.0
42,721,16098,20.0
42,722,16117,19.0
42,723,16130,13.0
42,724,16147,17.0
42,725,16178,31.0
42,726,16192,14.0
42,727,16243,51.0
42,728,16264,21.0
42,729,16278,14.0
42,730,16318,40.0
42,731,16329,11.0
42,732,16354,25.0
42,733,16369,15.0
42,734,16389,20.0
42,735,16450,61.0
42,736,16478,28.0
42,737,16510,32.0
42,738,16521,11.0
42,739,16539,18.0
42,740,16573,34.0
42,741,16590,17.0
42,742,16619,29.0
42,743,16656,37.0
42,744,16674,18.0
42,745,16691,17.0
42,746,16704,13.0
42,747,16729,25.0
42,748,16753,24.0
42,749,16780,27.0
42,750,16797,17.0
42,751,16838,41.0
42,752,16868,30.0
42,753,16912,44.0
42,754,16932,20.0
42,755,16953,21.0
42,756,16965,12.0
42,757,16983,18.0
42,758,16996,13.0
42,759,17014,18.0
42,760,17030,16.0
42,761,17047,17.0
42,762,17101,54.0
42,763,17121,20.0
42,764,17140,19.0
42,765,17163,23.0
42,766,17181,18.0
42,767,17195,14.0
42,768,17215,20.0
42,769,17226,11.0
42,770,17256,30.0
42,771,17265,9.0
42,772,17288,23.0
42,773,17297,9.0
42,774,17325,28.0
42,775,17340,15.0
42,776,17363,23.0
42,777,17424,61.0
42,778,17435,11.0
42,779,17451,16.0
42,780,17465,14.0
42,781,17575,110.0
42,782,17622,47.0
42,783,17641,19.0
42,784,17666,25.0
42,785,17691,25.0
42,786,17709,18.0
42,787,17733,24.0
42,788,17745,12.0
42,789,17768,23.0
42,790,17777,9.0
42,791,17796,19.0
42,792,17820,24.0
42,793,17842,22.0
42,794,17866,24.0
42,795,17878,12.0
42,796,17890,12.0
42,797,17925,35.0
42,798,17941,16.0
42,799,17956,15.0
42,800,17969,13.0
42,801,17981,12.0
42,802,18026,45.0
42,803,18036,10.0
42,804,18053,17.0
42,805,18067,14.0
42,806,18086,19.0
42,807,18098,12.0
42,808,18153,55.0
42,809,18176,23.0
42,810,18200,24.0
42,811,18217,17.0
42,812,18300,83.0
42,813,18322,22.0
42,814,18334,12.0
42,815,18362,28.0
42,816,18374,12.0
42,817,18415,41.0
42,818,18427,12.0
42,819,18437,10.0
42,820,18466,29.0
42,821,18484,18.0
42,822,18529,45.0
42,823,18541,12.0
42,824,18557,16.0
42,825,18589,32.0
42,826,18635,46.0
42,827,18643,8.0
42,828,18679,36.0
42,829,18706,27.0
42,830,18718,12.0
42,831,18728,10.0
42,832,18759,31.0
42,833,18783,24.0
42,834,18805,22.0
42,835,18817,12.0
42,836,18836,19.0
42,837,18852,16.0
42,838,18869,17.0
42,839,18888,19.0
42,840,18937,49.0
42,841,18987,50.0
42,842,19004,17.0
42,843,19019,15.0
42,844,19064,45.0
42,845,19080,16.0
42,846,19096,16.0
42,847,19145,49.0
42,848,19184,39.0
42,849,19196,12.0
42,850,19217,21.0
42,851,19238,21.0
42,852,19256,18.0
42,853,19293,37.0
42,854,19331,38.0
42,855,19343,12.0
42,856,19356,13.0
42,857,19370,14.0
42,858,19385,15.0
42,859,19397,12.0
42,860,19418,21.0
42,861,19430,12.0
42,862,19444,14.0
42,863,19492,48.0
42,864,19501,9.0
42,865,19512,11.0
42,866,19523,11.0
42,867,19532,9.0
42,868,19553,21.0
42,869,19565,12.0
42,870,19585,20.0
42,871,19614,29.0
42,872,19631,17.0
42,873,19652,21.0
42,874,19666,14.0
42,875,19692,26.0
42,876,19715,23.0
42,877,19738,23.0
42,878,19754,16.0
42,879,19768,14.0
42,880,19782,14.0
42,881,19810,28.0
42,882,19858,48.0
42,883,19869,11.0
42,884,19894,25.0
42,885,19927,33.0
42,886,19957,30.0
42,887,19967,10.0
42,888,19984,17.0
42,889,19999,15.0
42,890,20012,13.0
42,891,20031,19.0
42,892,20052,21.0
42,893,20067,15.0
42,894,20085,18.0
42,895,20098,13.0
42,896,20126,28.0
42,897,20138,12.0
42,898,20153,15.0
42,899,20175,22.0
42,900,20190,15.0
42,901,20214,24.0
42,902,20225,11.0
42,903,20261,36.0
42,904,20272,11.0
42,905,20283,11.0
42,906,20297,14.0
42,907,20387,90.0
42,908,20403,16.0
42,909,20423,20.0
42,910,20438,15.0
42,911,20448,10.0
42,912,20462,14.0
42,913,20474,12.0
42,914,20495,21.0
42,915,20532,37.0
42,916,20575,43.0
42,917,20605,30.0
42,918,20621,16.0
42,919,20675,54.0
42,920,20714,39.0
42,921,20723,9.0
42,922,20769,46.0
42,923,20787,18.0
42,924,20805,18.0
42,925,20819,14.0
42,926,20848,29.0
42,927,20876,28.0
42,928,20896,20.0
42,929,20910,14.0
42,930,20934,24.0
42,931,20964,30.0
42,932,20980,16.0
42,933,21000,20.0
42,934,21045,45.0
42,935,21061,16.0
42,936,21077,16.0
42,937,21089,12.0
42,938,21108,19.0
42,939,21143,35.0
42,940,21155,12.0
42,941,21169,14.0
42,942,21189,20.0
42,943,21202,13.0
42,944,21219,17.0
42,945,21230,11.0
42,946,21253,23.0
42,947,21284,31.0
42,948,21304,20.0
42,949,21328,24.0
42,950,21353,25.0
42,951,21367,14.0
42,952,21377,10.0
42,953,21395,18.0
42,954,21407,12.0
42,955,21419,12.0
42,956,21440,21.0
42,957,21473,33.0
42,958,21489,16.0
42,959,21502,13.0
42,960,21526,24.0
42,961,21540,14.0
42,962,21581,41.0
42,963,21591,10.0
42,964,21636,45.0
42,965,21651,15.0
42,966,21669,18.0
42,967,21688,19.0
42,968,21727,39.0
42,969,21741,14.0
42,970,21759,18.0
42,971,21769,10.0
42,972,21781,12.0
42,973,21807,26.0
42,974,21855,48.0
42,975,21870,15.0
42,976,21906,36.0
42,977,21919,13.0
42,978,21964,45.0
42,979,21979,15.0
42,980,21996,17.0
42,981,22012,16.0
42,982,22023,11.0
42,983,22070,47.0
42,984,22081,11.0
42,985,22106,25.0
42,986,22121,15.0
42,987,22153,32.0
42,988,22168,15.0
42,989,22207,39.0
42,990,22221,14.0
42,991,22231,10.0
42,992,22253,22.0
42,993,22274,21.0
42,994,22300,26.0
42,995,22323,23.0
42,996,22355,32.0
42,997,22374,19.0
42,998,22384,10.0
42,999,22422,38.0
42,1000,22444,22.0
42,1001,22484,40.0
42,1002,22510,26.0
42,1003,22534,24.0
42,1004,22573,39.0
42,1005,22613,40.0
42,1006,22634,21.0
42,1007,22647,13.0
42,1008,22657,10.0
42,1009,22674,17.0
42,1010,22700,26.0
42,1011,22713,13.0
42,1012,22733,20.0
42,1013,22796,63.0
42,1014,22826,30.0
42,1015,22837,11.0
42,1016,22864,27.0
42,1017,22875,11.0
42,1018,22918,43.0
42,1019,22929,11.0
42,1020,22959,30.0
42,1021,22972,13.0
42,1022,22993,21.0
42,1023,23011,18.0
42,1024,23054,43.0
42,1025,23084,30.0
42,1026,23098,14.0
42,1027,23130,32.0
42,1028,23161,31.0
42,1029,23176,15.0
42,1030,23195,19.0
42,1031,23206,11.0
42,1032,23219,13.0
42,1033,23250,31.0
42,1034,23275,25.0
42,1035,23303,28.0
42,1036,23314,11.0
42,1037,23335,21.0
42,1038,23362,27.0
42,1039,23384,22.0
42,1040,23402,18.0
42,1041,23426,24.0
42,1042,23457,31.0
42,1043,23474,17.0
42,1044,23485,11.0
42,1045,23499,14.0
42,1046,23517,18.0
42,1047,23537,20.0
42,1048,23559,22.0
42,1049,23614,55.0
42,1050,23635,21.0
42,1051,23660,25.0
42,1052,23680,20.0
42,1053,23693,13.0
42,1054,23711,18.0
42,1055,23730,19.0
42,1056,23778,48.0
42,1057,23790,12.0
42,1058,23803,13.0
42,1059,23815,12.0
42,1060,23827,12.0
42,1061,23850,23.0
42,1062,23879,29.0
42,1063,23896,17.0
42,1064,23914,18.0
42,1065,23932,18.0
42,1066,23948,16.0
42,1067,23960,12.0
42,1068,23976,16.0
42,1069,23987,11.0
42,1070,24006,19.0
42,1071,24017,11.0
42,1072,24026,9.0
42,1073,24041,15.0
42,1074,24075,34.0
42,1075,24093,18.0
42,1076,24108,15.0
42,1077,24134,26.0
42,1078,24145,11.0
42,1079,24166,21.0
42,1080,24177,11.0
42,1081,24199,22.0
42,1082,24220,21.0
42,1083,24236,16.0
42,1084,24273,37.0
42,1085,24288,15.0
42,1086,24334,46.0
42,1087,24349,15.0
42,1088,24376,27.0
42,1089,24390,14.0
42,1090,24402,12.0
42,1091,24417,15.0
42,1092,24440,23.0
42,1093,24462,22.0
42,1094,24479,17.0
42,1095,24498,19.0
42,1096,24524,26.0
42,1097,24539,15.0
42,1098,24560,21.0
42,1099,24582,22.0
42,1100,24615,33.0
42,1101,24630,15.0
42,1102,24639,9.0
42,1103,24653,14.0
42,1104,24670,17.0
42,1105,24703,33.0
42,1106,24720,17.0
42,1107,24762,42.0
42,1108,24782,20.0
42,1109,24816,34.0
42,1110,24838,22.0
42,1111,24870,32.0
42,1112,24888,18.0
42,1113,24916,28.0
42,1114,24933,17.0
42,1115,24972,39.0
42,1116,24992,20.0
42,1117,25009,17.0
42,1118,25025,16.0
42,1119,25045,20.0
42,1120,25057,12.0
42,1121,25079,22.0
42,1122,25091,12.0
42,1123,25121,30.0
42,1124,25135,14.0
42,1125,25163,28.0
42,1126,25185,22.0
42,1127,25199,14.0
42,1128,25221,22.0
42,1129,25252,31.0
42,1130,25269,17.0
42,1131,25317,48.0
42,1132,25337,20.0
42,1133,25347,10.0
42,1134,25372,25.0
42,1135,25388,16.0
42,1136,25435,47.0
42,1137,25451,16.0
42,1138,25467,16.0
42,1139,25479,12.0
42,1140,25496,17.0
42,1141,25513,17.0
42,1142,25536,23.0
42,1143,25557,21.0
42,1144,25587,30.0
42,1145,25604,17.0
42,1146,25622,18.0
42,1147,25640,18.0
42,1148,25718,78.0
42,1149,25734,16.0
42,1150,25748,14.0
42,1151,25764,16.0
42,1152,25774,10.0
42,1153,25792,18.0
42,1154,25804,12.0
42,1155,25832,28.0
42,1156,25846,14.0
42,1157,25866,20.0
42,1158,25882,16.0
42,1159,25906,24.0
42,1160,25920,14.0
42,1161,25935,15.0
42,1162,25979,44.0
42,1163,25993,14.0
42,1164,26041,48.0
42,1165,26059,18.0
42,1166,26097,38.0
42,1167,26134,37.0
42,1168,26158,24.0
42,1169,26174,16.0
42,1170,26207,33.0
42,1171,26220,13.0
42,1172,26235,15.0
42,1173,26265,30.0
42,1174,26288,23.0
42,1175,26333,45.0
42,1176,26350,17.0
42,1177,26363,13.0
42,1178,26383,20.0
42,1179,26394,11.0
42,1180,26426,32.0
42,1181,26441,15.0
42,1182,26478,37.0
42,1183,26507,29.0
42,1184,26551,44.0
42,1185,26564,13.0
42,1186,26584,20.0
42,1187,26596,12.0
42,1188,26630,34.0
42,1189,26639,9.0
42,1190,26686,47.0
42,1191,26700,14.0
42,1192,26734,34.0
42,1193,26752,18.0
42,1194,26767,15.0
42,1195,26791,24.0
42,1196,26820,29.0
42,1197,26832,12.0
42,1198,26844,12.0
42,1199,26867,23.0
42,1200,26885,18.0
42,1201,26925,40.0
42,1202,26937,12.0
42,1203,26948,11.0
42,1204,26978,30.0
42,1205,26992,14.0
42,1206,27006,14.0
42,1207,27015,9.0
42,1208,27030,15.0
42,1209,27041,11.0
42,1210,27068,27.0
42,1211,27084,16.0
42,1212,27105,21.0
42,1213,27119,14.0
42,1214,27136,17.0
42,1215,27152,16.0
42,1216,27190,38.0
42,1217,27206,16.0
42,1218,27237,31.0
42,1219,27257,20.0
42,1220,27281,24.0
42,1221,27300,19.0
42,1222,27325,25.0
42,1223,27365,40.0
42,1224,27437,72.0
42,1225,27462,25.0
42,1226,27475,13.0
42,1227,27512,37.0
42,1228,27537,25.0
42,1229,27550,13.0
42,1230,27562,12.0
42,1231,27586,24.0
42,1232,27609,23.0
42,1233,27638,29.0
42,1234,27668,30.0
42,1235,27681,13.0
42,1236,27692,11.0
42,1237,27706,14.0
42,1238,27733,27.0
42,1239,27752,19.0
42,1240,27765,13.0
42,1241,27799,34.0
42,1242,27814,15.0
42,1243,27867,53.0
42,1244,27915,48.0
42,1245,27931,16.0
42,1246,27976,45.0
42,1247,27996,20.0
42,1248,28005,9.0
42,1249,28021,16.0
42,1250,28037,16.0
42,1251,28053,16.0
42,1252,28069,16.0
42,1253,28083,14.0
42,1254,28099,16.0
42,1255,28117,18.0
42,1256,28134,17.0
42,1257,28157,23.0
42,1258,28177,20.0
42,1259,28191,14.0
42,1260,28204,13.0
42,1261,28223,19.0
42,1262,28246,23.0
42,1263,28267,21.0
42,1264,28339,72.0
42,1265,28400,61.0
42,1266,28431,31.0
42,1267,28442,11.0
42,1268,28459,17.0
42,1269,28478,19.0
42,1270,28492,14.0
42,1271,28522,30.0
42,1272,28544,22.0
42,1273,28556,12.0
42,1274,28631,75.0
42,1275,28654,23.0
42,1276,28670,16.0
42,1277,28711,41.0
42,1278,28729,18.0
42,1279,28772,43.0
42,1280,28788,16.0
42,1281,28804,16.0
42,1282,28824,20.0
42,1283,28856,32.0
42,1284,28878,22.0
42,1285,28894,16.0
42,1286,28921,27.0
42,1287,28935,14.0
42,1288,28993,58.0
42,1289,29013,20.0
42,1290,29031,18.0
42,1291,29046,15.0
42,1292,29057,11.0
42,1293,29067,10.0
42,1294,29083,16.0
42,1295,29103,20.0
42,1296,29141,38.0
42,1297,29174,33.0
42,1298,29202,28.0
42,1299,29217,15.0
42,1300,29275,58.0
42,1301,29289,14.0
42,1302,29305,16.0
42,1303,29319,14.0
42,1304,29341,22.0
42,1305,29357,16.0
42,1306,29375,18.0
42,1307,29414,39.0
42,1308,29445,31.0
42,1309,29459,14.0
42,1310,29485,26.0
42,1311,29507,22.0
42,1312,29564,57.0
42,1313,29583,19.0
42,1314,29599,16.0
42,1315,29618,19.0
42,1316,29631,13.0
42,1317,29652,21.0
42,1318,29671,19.0
42,1319,29697,26.0
42,1320,29712,15.0
42,1321,29743,31.0
42,1322,29775,32.0
42,1323,29832,57.0
42,1324,29845,13.0
42,1325,29889,44.0
42,1326,29913,24.0
42,1327,29926,13.0
42,1328,29954,28.0
42,1329,29968,14.0
42,1330,30006,38.0
42,1331,30023,17.0
42,1332,30034,11.0
42,1333,30048,14.0
42,1334,30092,44.0
42,1335,30113,21.0
42,1336,30147,34.0
42,1337,30164,17.0
42,1338,30179,15.0
42,1339,30198,19.0
42,1340,30211,13.0
42,1341,30220,9.0
42,1342,30281,61.0
42,1343,30298,17.0
42,1344,30319,21.0
42,1345,30341,22.0
42,1346,30352,11.0
42,1347,30385,33.0
42,1348,30402,17.0
42,1349,30421,19.0
42,1350,30435,14.0
42,1351,30461,26.0
42,1352,30471,10.0
42,1353,30508,37.0
42,1354,30525,17.0
42,1355,30543,18.0
42,1356,30558,15.0
42,1357,30591,33.0
42,1358,30602,11.0
42,1359,30627,25.0
42,1360,30649,22.0
42,1361,30686,37.0
42,1362,30718,32.0
42,1363,30727,9.0
42,1364,30770,43.0
42,1365,30786,16.0
42,1366,30816,30.0
42,1367,30842,26.0
42,1368,30855,13.0
42,1369,30872,17.0
42,1370,30882,10.0
42,1371,30907,25.0
42,1372,30951,44.0
42,1373,30960,9.0
42,1374,31001,41.0
42,1375,31028,27.0
42,1376,31067,39.0
42,1377,31078,11.0
42,1378,31103,25.0
42,1379,31126,23.0
42,1380,31141,15.0
42,1381,31156,15.0
42,1382,31177,21.0
42,1383,31258,81.0
42,1384,31289,31.0
42,1385,31329,40.0
42,1386,31347,18.0
42,1387,31362,15.0
42,1388,31380,18.0
42,1389,31400,20.0
42,1390,31441,41.0
42,1391,31459,18.0
42,1392,31471,12.0
42,1393,31485,14.0
42,1394,31505,20.0
42,1395,31519,14.0
42,1396,31541,22.0
42,1397,31571,30.0
42,1398,31587,16.0
42,1399,31616,29.0
42,1400,31636,20.0
42,1401,31647,11.0
42,1402,31712,65.0
42,1403,31725,13.0
42,1404,31768,43.0
42,1405,31776,8.0
42,1406,31796,20.0
42,1407,31818,22.0
42,1408,31844,26.0
42,1409,31874,30.0
42,1410,31897,23.0
42,1411,31939,42.0
42,1412,31959,20.0
42,1413,31972,13.0
42,1414,31997,25.0
42,1415,32010,13.0
42,1416,32034,24.0
42,1417,32048,14.0
42,1418,32062,14.0
42,1419,32083,21.0
42,1420,32108,25.0
42,1421,32130,22.0
42,1422,32153,23.0
42,1423,32174,21.0
42,1424,32186,12.0
42,1425,32230,44.0
42,1426,32244,14.0
42,1427,32273,29.0
42,1428,32284,11.0
42,1429,32314,30.0
42,1430,32348,34.0
42,1431,32367,19.0
42,1432,32399,32.0
42,1433,32425,26.0
42,1434,32454,29.0
42,1435,32484,30.0
42,1436,32495,11.0
42,1437,32510,15.0
42,1438,32538,28.0
42,1439,32585,47.0
42,1440,32605,20.0
42,1441,32631,26.0
42,1442,32645,14.0
42,1443,32662,17.0
42,1444,32711,49.0
42,1445,32728,17.0
42,1446,32744,16.0
42,1447,32764,20.0
42,1448,32782,18.0
42,1449,32840,58.0
42,1450,32904,64.0
42,1451,32923,19.0
42,1452,32937,14.0
42,1453,32962,25.0
42,1454,32985,23.0
42,1455,33000,15.0
42,1456,33021,21.0
42,1457,33050,29.0
42,1458,33063,13.0
42,1459,33076,13.0
42,1460,33101,25.0
42,1461,33114,13.0
42,1462,33126,12.0
42,1463,33139,13.0
42,1464,33157,18.0
42,1465,33174,17.0
42,1466,33195,21.0
42,1467,33211,16.0
42,1468,33223,12.0
42,1469,33263,40.0
42,1470,33278,15.0
42,1471,33293,15.0
42,1472,33308,15.0
42,1473,33333,25.0
42,1474,33351,18.0
42,1475,33360,9.0
42,1476,33380,20.0
42,1477,33398,18.0
42,1478,33417,19.0
42,1479,33439,22.0
42,1480,33450,11.0
42,1481,33468,18.0
42,1482,33483,15.0
42,1483,33533,50.0
42,1484,33546,13.0
42,1485,33567,21.0
42,1486,33600,33.0
42,1487,33617,17.0
42,1488,33642,25.0
42,1489,33659,17.0
42,1490,33675,16.0
42,1491,33710,35.0
42,1492,33727,17.0
42,1493,33768,41.0
42,1494,33796,28.0
42,1495,33825,29.0
42,1496,33847,22.0
42,1497,33864,17.0
42,1498,33889,25.0
42,1499,33925,36.0
42,1500,33940,15.0
42,1501,33972,32.0
42,1502,34018,46.0
42,1503,34042,24.0
42,1504,34059,17.0
42,1505,34098,39.0
42,1506,34113,15.0
42,1507,34134,21.0
42,1508,34166,32.0
42,1509,34199,33.0
42,1510,34215,16.0
42,1511,34227,12.0
42,1512,34242,15.0
42,1513,34267,25.0
42,1514,34287,20.0
42,1515,34297,10.0
42,1516,34308,11.0
42,1517,34332,24.0
42,1518,34350,18.0
42,1519,34365,15.0
42,1520,34380,15.0
42,1521,34393,13.0
42,1522,34407,14.0
42,1523,34424,17.0
42,1524,34441,17.0
42,1525,34451,10.0
42,1526,34492,41.0
42,1527,34512,20.0
42,1528,34532,20.0
42,1529,34544,12.0
42,1530,34563,19.0
42,1531,34573,10.0
42,1532,34594,21.0
42,1533,34611,17.0
42,1534,34631,20.0
42,1535,34653,22.0
42,1536,34673,20.0
42,1537,34691,18.0
42,1538,34710,19.0
42,1539,34727,17.0
42,1540,34743,16.0
42,1541,34782,39.0
42,1542,34796,14.0
42,1543,34823,27.0
42,1544,34862,39.0
42,1545,34891,29.0
42,1546,34904,13.0
42,1547,34931,27.0
42,1548,34942,11.0
42,1549,34971,29.0
42,1550,34993,22.0
42,1551,35016,23.0
42,1552,35033,17.0
42,1553,35056,23.0
42,1554,35099,43.0
42,1555,35119,20.0
42,1556,35151,32.0
42,1557,35176,25.0
42,1558,35186,10.0
42,1559,35198,12.0
42,1560,35232,34.0
42,1561,35272,40.0
42,1562,35305,33.0
42,1563,35346,41.0
42,1564,35371,25.0
42,1565,35389,18.0
42,1566,35407,18.0
42,1567,35420,13.0
42,1568,35441,21.0
42,1569,35454,13.0
42,1570,35487,33.0
42,1571,35508,21.0
42,1572,35525,17.0
42,1573,35548,23.0
42,1574,35571,23.0
42,1575,35607,36.0
42,1576,35628,21.0
42,1577,35647,19.0
42,1578,35668,21.0
42,1579,35689,21.0
42,1580,35734,45.0
42,1581,35750,16.0
42,1582,35763,13.0
42,1583,35785,22.0
42,1584,35805,20.0
42,1585,35816,11.0
42,1586,35832,16.0
42,1587,35903,71.0
42,1588,35917,14.0
42,1589,35953,36.0
42,1590,35971,18.0
42,1591,36030,59.0
42,1592,36052,22.0
42,1593,36064,12.0
42,1594,36094,30.0
42,1595,36105,11.0
42,1596,36121,16.0
42,1597,36135,14.0
42,1598,36165,30.0
42,1599,36191,26.0
42,1600,36217,26.0
42,1601,36233,16.0
42,1602,36253,20.0
42,1603,36288,35.0
42,1604,36299,11.0
42,1605,36312,13.0
42,1606,36324,12.0
42,1607,36361,37.0
42,1608,36418,57.0
42,1609,36433,15.0
42,1610,36450,17.0
42,1611,36467,17.0
42,1612,36488,21.0
42,1613,36506,18.0
42,1614,36527,21.0
42,1615,36558,31.0
42,1616,36592,34.0
42,1617,36617,25.0
42,1618,36628,11.0
42,1619,36644,16.0
42,1620,36668,24.0
42,1621,36702,34.0
42,1622,36724,22.0
42,1623,36742,18.0
42,1624,36755,13.0
42,1625,36768,13.0
42,1626,36784,16.0
42,1627,36795,11.0
42,1628,36806,11.0
42,1629,36847,41.0
42,1630,36873,26.0
42,1631,36885,12.0
42,1632,36902,17.0
42,1633,36917,15.0
42,1634,36937,20.0
42,1635,36955,18.0
42,1636,36998,43.0
42,1637,37015,17.0
42,1638,37039,24.0
42,1639,37058,19.0
42,1640,37087,29.0
42,1641,37097,10.0
42,1642,37135,38.0
42,1643,37197,62.0
42,1644,37208,11.0
42,1645,37252,44.0
42,1646,37278,26.0
42,1647,37294,16.0
42,1648,37317,23.0
42,1649,37343,26.0
42,1650,37355,12.0
42,1651,37388,33.0
42,1652,37401,13.0
42,1653,37435,34.0
42,1654,37489,54.0
42,1655,37498,9.0
42,1656,37520,22.0
42,1657,37538,18.0
42,1658,37551,13.0
42,1659,37570,19.0
42,1660,37585,15.0
42,1661,37629,44.0
42,1662,37654,25.0
42,1663,37668,14.0
42,1664,37698,30.0
42,1665,37715,17.0
42,1666,37726,11.0
42,1667,37761,35.0
42,1668,37783,22.0
42,1669,37796,13.0
42,1670,37812,16.0
42,1671,37823,11.0
42,1672,37859,36.0
42,1673,37869,10.0
42,1674,37898,29.0
42,1675,37909,11.0
42,1676,37920,11.0
42,1677,37953,33.0
42,1678,37991,38.0
42,1679,38022,31.0
42,1680,38052,30.0
42,1681,38075,23.0
42,1682,38090,15.0
42,1683,38100,10.0
42,1684,38134,34.0
42,1685,38150,16.0
42,1686,38189,39.0
42,1687,38198,9.0
42,1688,38255,57.0
42,1689,38281,26.0
42,1690,38301,20.0
42,1691,38310,9.0
42,1692,38331,21.0
42,1693,38344,13.0
42,1694,38358,14.0
42,1695,38381,23.0
42,1696,38413,32.0
42,1697,38435,22.0
42,1698,38450,15.0
42,1699,38464,14.0
42,1700,38483,19.0
42,1701,38524,41.0
42,1702,38567,43.0
42,1703,38581,14.0
42,1704,38605,24.0
42,1705,38621,16.0
42,1706,38645,24.0
42,1707,38666,21.0
42,1708,38690,24.0
42,1709,38706,16.0
42,1710,38732,26.0
42,1711,38747,15.0
42,1712,38767,20.0
42,1713,38785,18.0
42,1714,38804,19.0
42,1715,38825,21.0
42,1716,38838,13.0
42,1717,38862,24.0
42,1718,38874,12.0
42,1719,38884,10.0
42,1720,38898,14.0
42,1721,38917,19.0
42,1722,38944,27.0
42,1723,39023,79.0
42,1724,39036,13.0
42,1725,39050,14.0
42,1726,39066,16.0
42,1727,39092,26.0
42,1728,39113,21.0
42,1729,39129,16.0
42,1730,39140,11.0
42,1731,39154,14.0
42,1732,39182,28.0
42,1733,39222,40.0
42,1734,39258,36.0
42,1735,39271,13.0
42,1736,39289,18.0
42,1737,39305,16.0
42,1738,39360,55.0
42,1739,39385,25.0
42,1740,39477,92.0
42,1741,39504,27.0
42,1742,39539,35.0
42,1743,39557,18.0
42,1744,39581,24.0
42,1745,39595,14.0
42,1746,39614,19.0
42,1747,39645,31.0
42,1748,39656,11.0
42,1749,39669,13.0
42,1750,39708,39.0
42,1751,39735,27.0
42,1752,39765,30.0
42,1753,39781,16.0
42,1754,39798,17.0
42,1755,39822,24.0
42,1756,39843,21.0
42,1757,39855,12.0
42,1758,39892,37.0
42,1759,39911,19.0
42,1760,39925,14.0
42,1761,39963,38.0
42,1762,39985,22.0
42,1763,39998,13.0
42,1764,40016,18.0
42,1765,40062,46.0
42,1766,40078,16.0
42,1767,40095,17.0
42,1768,40122,27.0
42,1769,40132,10.0
42,1770,40176,44.0
42,1771,40226,50.0
42,1772,40237,11.0
42,1773,40259,22.0
42,1774,40273,14.0
42,1775,40286,13.0
42,1776,40302,16.0
42,1777,40312,10.0
42,1778,40341,29.0
42,1779,40372,31.0
42,1780,40391,19.0
42,1781,40447,56.0
42,1782,40462,15.0
42,1783,40476,14.0
42,1784,40540,64.0
42,1785,40551,11.0
42,1786,40570,19.0
42,1787,40604,34.0
42,1788,40624,20.0
42,1789,40637,13.0
42,1790,40683,46.0
42,1791,40712,29.0
42,1792,40756,44.0
42,1793,40772,16.0
42,1794,40799,27.0
42,1795,40809,10.0
42,1796,40830,21.0
42,1797,40869,39.0
42,1798,40896,27.0
42,1799,40925,29.0
42,1800,40941,16.0
42,1801,40963,22.0
42,1802,40984,21.0
42,1803,41006,22.0
42,1804,41043,37.0
42,1805,41058,15.0
42,1806,41075,17.0
42,1807,41118,43.0
42,1808,41140,22.0
42,1809,41163,23.0
42,1810,41214,51.0
42,1811,41229,15.0
42,1812,41263,34.0
42,1813,41283,20.0
42,1814,41316,33.0
42,1815,41381,65.0
42,1816,41433,52.0
42,1817,41449,16.0
42,1818,41472,23.0
42,1819,41505,33.0
42,1820,41526,21.0
42,1821,41541,15.0
42,1822,41554,13.0
42,1823,41583,29.0
42,1824,41623,40.0
42,1825,41641,18.0
42,1826,41654,13.0
42,1827,41666,12.0
42,1828,41686,20.0
42,1829,41703,17.0
42,1830,41729,26.0
42,1831,41783,54.0
42,1832,41835,52.0
42,1833,41860,25.0
42,1834,41882,22.0
42,1835,41906,24.0
42,1836,41918,12.0
42,1837,41962,44.0
42,1838,41986,24.0
42,1839,41999,13.0
42,1840,42015,16.0
42,1841,42062,47.0
42,1842,42092,30.0
42,1843,42102,10.0
42,1844,42143,41.0
42,1845,42156,13.0
42,1846,42209,53.0
42,1847,42248,39.0
42,1848,42259,11.0
42,1849,42268,9.0
42,1850,42297,29.0
42,1851,42314,17.0
42,1852,42334,20.0
42,1853,42384,50.0
42,1854,42420,36.0
42,1855,42435,15.0
42,1856,42448,13.0
42,1857,42462,14.0
42,1858,42492,30.0
42,1859,42525,33.0
42,1860,42634,109.0
42,1861,42648,14.0
42,1862,42673,25.0
42,1863,42702,29.0
42,1864,42756,54.0
42,1865,42796,40.0
42,1866,42819,23.0
42,1867,42831,12.0
42,1868,42843,12.0
42,1869,42868,25.0
42,1870,42903,35.0
42,1871,42927,24.0
42,1872,42953,26.0
42,1873,42973,20.0
42,1874,42987,14.0
42,1875,43005,18.0
42,1876,43028,23.0
42,1877,43077,49.0
42,1878,43098,21.0
42,1879,43114,16.0
42,1880,43160,46.0
42,1881,43200,40.0
42,1882,43216,16.0
42,1883,43248,32.0
42,1884,43271,23.0
42,1885,43322,51.0
42,1886,43369,47.0
42,1887,43383,14.0
42,1888,43420,37.0
42,1889,43463,43.0
42,1890,43486,23.0
42,1891,43502,16.0
42,1892,43558,56.0
42,1893,43625,67.0
42,1894,43643,18.0
42,1895,43663,20.0
42,1896,43738,75.0
42,1897,43761,23.0
42,1898,43797,36.0
42,1899,43821,24.0
42,1900,43854,33.0
42,1901,43914,60.0
42,1902,43929,15.0
42,1903,43949,20.0
42,1904,43964,15.0
42,1905,43984,20.0
42,1906,43998,14.0
42,1907,44048,50.0
42,1908,44073,25.0
42,1909,44098,25.0
42,1910,44126,28.0
42,1911,44153,27.0
42,1912,44171,18.0
42,1913,44191,20.0
42,1914,44226,35.0
42,1915,44249,23.0
42,1916,44290,41.0
42,1917,44377,87.0
42,1918,44397,20.0
42,1919,44418,21.0
42,1920,44454,36.0
42,1921,44473,19.0
42,1922,44483,10.0
42,1923,44504,21.0
42,1924,44560,56.0
42,1925,44576,16.0
42,1926,44600,24.0
42,1927,44649,49.0
42,1928,44663,14.0
42,1929,44676,13.0
42,1930,44690,14.0
42,1931,44707,17.0
42,1932,44720,13.0
42,1933,44735,15.0
42,1934,44760,25.0
42,1935,44784,24.0
42,1936,44813,29.0
42,1937,44839,26.0
42,1938,44862,23.0
42,1939,44874,12.0
42,1940,44896,22.0
42,1941,44911,15.0
42,1942,44964,53.0
42,1943,44977,13.0
42,1944,45016,39.0
42,1945,45025,9.0
42,1946,45046,21.0
42,1947,45090,44.0
42,1948,45169,79.0
42,1949,45197,28.0
42,1950,45219,22.0
42,1951,45238,19.0
42,1952,45251,13.0
42,1953,45276,25.0
42,1954,45302,26.0
42,1955,45317,15.0
42,1956,45333,16.0
42,1957,45357,24.0
42,1958,45392,35.0
42,1959,45472,80.0
42,1960,45494,22.0
42,1961,45516,22.0
42,1962,45527,11.0
42,1963,45545,18.0
42,1964,45576,31.0
42,1965,45601,25.0
42,1966,45690,89.0
42,1967,45732,42.0
42,1968,45742,10.0
42,1969,45782,40.0
42,1970,45792,10.0
42,1971,45835,43.0
42,1972,45848,13.0
42,1973,45859,11.0
42,1974,45875,16.0
42,1975,45907,32.0
42,1976,45950,43.0
42,1977,45964,14.0
42,1978,45986,22.0
42,1979,45999,13.0
42,1980,46012,13.0
42,1981,46038,26.0
42,1982,46062,24.0
42,1983,46095,33.0
42,1984,46111,16.0
42,1985,46129,18.0
42,1986,46142,13.0
42,1987,46161,19.0
42,1988,46173,12.0
42,1989,46189,16.0
42,1990,46233,44.0
42,1991,46260,27.0
42,1992,46276,16.0
42,1993,46297,21.0
42,1994,46309,12.0
42,1995,46341,32.0
42,1996,46365,24.0
42,1997,46385,20.0
42,1998,46402,17.0
42,1999,46436,34.0
42,2000,46452,16.0
42,2001,46470,18.0
42,2002,46510,40.0
42,2003,46530,20.0
42,2004,46545,15.0
42,2005,46557,12.0
42,2006,46574,17.0
42,2007,46593,19.0
42,2008,46613,20.0
42,2009,46622,9.0
42,2010,46640,18.0
42,2011,46652,12.0
42,2012,46701,49.0
42,2013,46734,33.0
42,2014,46745,11.0
42,2015,46759,14.0
42,2016,46778,19.0
42,2017,46793,15.0
42,2018,46803,10.0
42,2019,46834,31.0
42,2020,46846,12.0
42,2021,46862,16.0
42,2022,46879,17.0
42,2023,46893,14.0
42,2024,46911,18.0
42,2025,46927,16.0
42,2026,46945,18.0
42,2027,46978,33.0
42,2028,46994,16.0
42,2029,47012,18.0
42,2030,47036,24.0
42,2031,47085,49.0
42,2032,47117,32.0
42,2033,47132,15.0
42,2034,47147,15.0
42,2035,47167,20.0
42,2036,47183,16.0
42,2037,47197,14.0
42,2038,47245,48.0
42,2039,47280,35.0
42,2040,47306,26.0
42,2041,47335,29.0
42,2042,47346,11.0
42,2043,47358,12.0
42,2044,47409,51.0
42,2045,47421,12.0
42,2046,47447,26.0
42,2047,47484,37.0
42,2048,47502,18.0
42,2049,47518,16.0
42,2050,47529,11.0
42,2051,47548,19.0
42,2052,47570,22.0
42,2053,47613,43.0
42,2054,47663,50.0
42,2055,47676,13.0
42,2056,47692,16.0
42,2057,47712,20.0
42,2058,47744,32.0
42,2059,47763,19.0
42,2060,47782,19.0
42,2061,47799,17.0
42,2062,47818,19.0
42,2063,47833,15.0
42,2064,47850,17.0
42,2065,47865,15.0
42,2066,47876,11.0
42,2067,47891,15.0
42,2068,47909,18.0
42,2069,47943,34.0
42,2070,47966,23.0
42,2071,47991,25.0
42,2072,48012,21.0
42,2073,48028,16.0
42,2074,48062,34.0
42,2075,48075,13.0
42,2076,48086,11.0
42,2077,48106,20.0
42,2078,48132,26.0
42,2079,48147,15.0
42,2080,48170,23.0
42,2081,48198,28.0
42,2082,48217,19.0
42,2083,48264,47.0
42,2084,48275,11.0
42,2085,48299,24.0
42,2086,48335,36.0
42,2087,48360,25.0
42,2088,48385,25.0
42,2089,48397,12.0
42,2090,48414,17.0
42,2091,48430,16.0
42,2092,48463,33.0
42,2093,48475,12.0
42,2094,48502,27.0
42,2095,48514,12.0
42,2096,48538,24.0
42,2097,48550,12.0
42,2098,48567,17.0
42,2099,48589,22.0
42,2100,48610,21.0
42,2101,48636,26.0
42,2102,48648,12.0
42,2103,48663,15.0
42,2104,48681,18.0
42,2105,48691,10.0
42,2106,48756,65.0
42,2107,48769,13.0
42,2108,48833,64.0
42,2109,48860,27.0
42,2110,48873,13.0
42,2111,48919,46.0
42,2112,48948,29.0
42,2113,48962,14.0
42,2114,48990,28.0
42,2115,49003,13.0
42,2116,49054,51.0
42,2117,49081,27.0
42,2118,49096,15.0
42,2119,49110,14.0
42,2120,49146,36.0
42,2121,49162,16.0
42,2122,49193,31.0
42,2123,49239,46.0
42,2124,49264,25.0
42,2125,49291,27.0
42,2126,49313,22.0
42,2127,49353,40.0
42,2128,49376,23.0
42,2129,49388,12.0
42,2130,49403,15.0
42,2131,49419,16.0
42,2132,49432,13.0
42,2133,49449,17.0
42,2134,49476,27.0
42,2135,49509,33.0
42,2136,49536,27.0
42,2137,49574,38.0
42,2138,49589,15.0
42,2139,49634,45.0
42,2140,49664,30.0
42,2141,49679,15.0
42,2142,49692,13.0
42,2143,49714,22.0
42,2144,49731,17.0
42,2145,49744,13.0
42,2146,49774,30.0
42,2147,49796,22.0
42,2148,49811,15.0
42,2149,49824,13.0
42,2150,49840,16.0
42,2151,49872,32.0
42,2152,49882,10.0
42,2153,49901,19.0
42,2154,49924,23.0
42,2155,49941,17.0
42,2156,49957,16.0
42,2157,49998,41.0
42,2158,50015,17.0
42,2159,50026,11.0
42,2160,50048,22.0
42,2161,50074,26.0
42,2162,50094,20.0
42,2163,50128,34.0
42,2164,50148,20.0
42,2165,50164,16.0
42,2166,50199,35.0
42,2167,50213,14.0
42,2168,50229,16.0
42,2169,50260,31.0
42,2170,50281,21.0
42,2171,50290,9.0
42,2172,50306,16.0
42,2173,50328,22.0
42,2174,50349,21.0
42,2175,50371,22.0
42,2176,50423,52.0
42,2177,50435,12.0
42,2178,50466,31.0
42,2179,50479,13.0
42,2180,50504,25.0
42,2181,50516,12.0
42,2182,50537,21.0
42,2183,50559,22.0
42,2184,50583,24.0
42,2185,50598,15.0
42,2186,50613,15.0
42,2187,50643,30.0
42,2188,50686,43.0
42,2189,50719,33.0
42,2190,50733,14.0
42,2191,50757,24.0
42,2192,50801,44.0
42,2193,50813,12.0
42,2194,50870,57.0
42,2195,50888,18.0
42,2196,50921,33.0
42,2197,50944,23.0
42,2198,50960,16.0
42,2199,50993,33.0
42,2200,51016,23.0
42,2201,51049,33.0
42,2202,51086,37.0
42,2203,51115,29.0
42,2204,51143,28.0
42,2205,51155,12.0
42,2206,51183,28.0
42,2207,51209,26.0
42,2208,51223,14.0
42,2209,51239,16.0
42,2210,51258,19.0
42,2211,51279,21.0
42,2212,51291,12.0
42,2213,51323,32.0
42,2214,51360,37.0
42,2215,51386,26.0
42,2216,51405,19.0
42,2217,51415,10.0
42,2218,51429,14.0
42,2219,51448,19.0
42,2220,51465,17.0
42,2221,51476,11.0
42,2222,51488,12.0
42,2223,51510,22.0
42,2224,51523,13.0
42,2225,51539,16.0
42,2226,51558,19.0
42,2227,51570,12.0
42,2228,51593,23.0
42,2229,51608,15.0
42,2230,51621,13.0
42,2231,51637,16.0
42,2232,51668,31.0
42,2233,51691,23.0
42,2234,51731,40.0
42,2235,51752,21.0
42,2236,51780,28.0
42,2237,51816,36.0
42,2238,51862,46.0
42,2239,51880,18.0
42,2240,51897,17.0
42,2241,51920,23.0
42,2242,51938,18.0
42,2243,51960,22.0
42,2244,51973,13.0
42,2245,51999,26.0
42,2246,52027,28.0
42,2247,52053,26.0
42,2248,52086,33.0
42,2249,52099,13.0
42,2250,52109,10.0
42,2251,52135,26.0
42,2252,52157,22.0
42,2253,52201,44.0
42,2254,52223,22.0
42,2255,52242,19.0
42,2256,52254,12.0
42,2257,52273,19.0
42,2258,52342,69.0
42,2259,52355,13.0
42,2260,52367,12.0
42,2261,52382,15.0
42,2262,52394,12.0
42,2263,52414,20.0
42,2264,52436,22.0
42,2265,52456,20.0
42,2266,52475,19.0
42,2267,52492,17.0
42,2268,52514,22.0
42,2269,52536,22.0
42,2270,52558,22.0
42,2271,52575,17.0
42,2272,52614,39.0
42,2273,52629,15.0
42,2274,52717,88.0
42,2275,52746,29.0
42,2276,52767,21.0
42,2277,52790,23.0
42,2278,52807,17.0
42,2279,52836,29.0
42,2280,52859,23.0
42,2281,52889,30.0
42,2282,52919,30.0
42,2283,52932,13.0
42,2284,52946,14.0
42,2285,52965,19.0
42,2286,52983,18.0
42,2287,52995,12.0
42,2288,53023,28.0
42,2289,53070,47.0
42,2290,53096,26.0
42,2291,53119,23.0
42,2292,53134,15.0
42,2293,53157,23.0
42,2294,53204,47.0
42,2295,53218,14.0
42,2296,53243,25.0
42,2297,53252,9.0
42,2298,53267,15.0
42,2299,53290,23.0
42,2300,53341,51.0
42,2301,53351,10.0
42,2302,53386,35.0
42,2303,53404,18.0
42,2304,53420,16.0
42,2305,53433,13.0
42,2306,53445,12.0
42,2307,53463,18.0
42,2308,53480,17.0
42,2309,53498,18.0
42,2310,53514,16.0
42,2311,53531,17.0
42,2312,53550,19.0
42,2313,53579,29.0
42,2314,53591,12.0
42,2315,53607,16.0
42,2316,53623,16.0
42,2317,53649,26.0
42,2318,53668,19.0
42,2319,53682,14.0
42,2320,53716,34.0
42,2321,53734,18.0
42,2322,53756,22.0
42,2323,53771,15.0
42,2324,53786,15.0
42,2325,53798,12.0
42,2326,53812,14.0
42,2327,53821,9.0
42,2328,53858,37.0
42,2329,53886,28.0
42,2330,53913,27.0
42,2331,53928,15.0
42,2332,53945,17.0
42,2333,53973,28.0
42,2334,53983,10.0
42,2335,54000,17.0
42,2336,54018,18.0
42,2337,54041,23.0
42,2338,54059,18.0
42,2339,54087,28.0
42,2340,54113,26.0
42,2341,54137,24.0
42,2342,54149,12.0
42,2343,54178,29.0
42,2344,54213,35.0
42,2345,54234,21.0
42,2346,54249,15.0
42,2347,54280,31.0
42,2348,54303,23.0
42,2349,54315,12.0
42,2350,54345,30.0
42,2351,54369,24.0
42,2352,54384,15.0
42,2353,54406,22.0
42,2354,54438,32.0
42,2355,54451,13.0
42,2356,54473,22.0
42,2357,54510,37.0
42,2358,54557,47.0
42,2359,54592,35.0
42,2360,54617,25.0
42,2361,54645,28.0
42,2362,54689,44.0
42,2363,54767,78.0
42,2364,54779,12.0
42,2365,54787,8.0
42,2366,54805,18.0
42,2367,54821,16.0
42,2368,54838,17.0
42,2369,54869,31.0
42,2370,54882,13.0
42,2371,54908,26.0
42,2372,54929,21.0
42,2373,54959,30.0
42,2374,54978,19.0
42,2375,54995,17.0
42,2376,55008,13.0
42,2377,55045,37.0
42,2378,55069,24.0
42,2379,55087,18.0
42,2380,55100,13.0
42,2381,55115,15.0
42,2382,55148,33.0
42,2383,55165,17.0
42,2384,55196,31.0
42,2385,55226,30.0
42,2386,55235,9.0
42,2387,55255,20.0
42,2388,55275,20.0
42,2389,55297,22.0
42,2390,55321,24.0
42,2391,55341,20.0
42,2392,55359,18.0
42,2393,55377,18.0
42,2394,55399,22.0
42,2395,55413,14.0
42,2396,55441,28.0
42,2397,55455,14.0
42,2398,55533,78.0
42,2399,55552,19.0
42,2400,55570,18.0
42,2401,55584,14.0
42,2402,55610,26.0
42,2403,55635,25.0
42,2404,55651,16.0
42,2405,55666,15.0
42,2406,55693,27.0
42,2407,55721,28.0
42,2408,55735,14.0
42,2409,55760,25.0
42,2410,55794,34.0
42,2411,55814,20.0
42,2412,55831,17.0
42,2413,55842,11.0
42,2414,55873,31.0
42,2415,55901,28.0
42,2416,55932,31.0
42,2417,55978,46.0
42,2418,55994,16.0
42,2419,56012,18.0
42,2420,56039,27.0
42,2421,56066,27.0
42,2422,56096,30.0
42,2423,56129,33.0
42,2424,56138,9.0
42,2425,56157,19.0
42,2426,56172,15.0
42,2427,56189,17.0
42,2428,56231,42.0
42,2429,56256,25.0
42,2430,56280,24.0
42,2431,56293,13.0
42,2432,56306,13.0
42,2433,56319,13.0
42,2434,56339,20.0
42,2435,56370,31.0
42,2436,56394,24.0
42,2437,56409,15.0
42,2438,56423,14.0
42,2439,56432,9.0
42,2440,56455,23.0
42,2441,56504,49.0
42,2442,56519,15.0
42,2443,56530,11.0
42,2444,56546,16.0
42,2445,56576,30.0
42,2446,56601,25.0
42,2447,56618,17.0
42,2448,56643,25.0
42,2449,56687,44.0
42,2450,56748,61.0
42,2451,56763,15.0
42,2452,56820,57.0
42,2453,56837,17.0
42,2454,56879,42.0
42,2455,56939,60.0
42,2456,56970,31.0
42,2457,57013,43.0
42,2458,57023,10.0
42,2459,57067,44.0
42,2460,57082,15.0
42,2461,57093,11.0
42,2462,57103,10.0
42,2463,57123,20.0
42,2464,57145,22.0
42,2465,57157,12.0
42,2466,57177,20.0
42,2467,57191,14.0
42,2468,57268,77.0
42,2469,57291,23.0
42,2470,57306,15.0
42,2471,57321,15.0
42,2472,57338,17.0
42,2473,57365,27.0
42,2474,57378,13.0
42,2475,57402,24.0
42,2476,57432,30.0
42,2477,57455,23.0
42,2478,57488,33.0
42,2479,57504,16.0
42,2480,57531,27.0
42,2481,57546,15.0
42,2482,57605,59.0
42,2483,57626,21.0
42,2484,57672,46.0
42,2485,57690,18.0
42,2486,57718,28.0
42,2487,57748,30.0
42,2488,57760,12.0
42,2489,57774,14.0
42,2490,57797,23.0
42,2491,57811,14.0
42,2492,57836,25.0
42,2493,57855,19.0
42,2494,57877,22.0
42,2495,57899,22.0
42,2496,57911,12.0
42,2497,57923,12.0
42,2498,57963,40.0
42,2499,57982,19.0
42,2500,58021,39.0
42,2501,58039,18.0
42,2502,58056,17.0
42,2503,58065,9.0
42,2504,58078,13.0
42,2505,58097,19.0
42,2506,58142,45.0
42,2507,58171,29.0
42,2508,58200,29.0
42,2509,58216,16.0
42,2510,58230,14.0
42,2511,58295,65.0
42,2512,58305,10.0
42,2513,58318,13.0
42,2514,58345,27.0
42,2515,58359,14.0
42,2516,58371,12.0
42,2517,58386,15.0
42,2518,58401,15.0
42,2519,58436,35.0
42,2520,58452,16.0
42,2521,58482,30.0
42,2522,58512,30.0
42,2523,58525,13.0
42,2524,58545,20.0
42,2525,58564,19.0
42,2526,58586,22.0
42,2527,58609,23.0
42,2528,58625,16.0
42,2529,58642,17.0
42,2530,58665,23.0
42,2531,58681,16.0
42,2532,58707,26.0
42,2533,58752,45.0
42,2534,58788,36.0
42,2535,58800,12.0
42,2536,58842,42.0
42,2537,58881,39.0
42,2538,58909,28.0
42,2539,58980,71.0
42,2540,58997,17.0
42,2541,59015,18.0
42,2542,59058,43.0
42,2543,59086,28.0
42,2544,59096,10.0
42,2545,59105,9.0
42,2546,59122,17.0
42,2547,59135,13.0
42,2548,59148,13.0
42,2549,59161,13.0
42,2550,59182,21.0
42,2551,59198,16.0
42,2552,59222,24.0
42,2553,59255,33.0
42,2554,59272,17.0
42,2555,59298,26.0
42,2556,59319,21.0
42,2557,59329,10.0
42,2558,59352,23.0
42,2559,59374,22.0
42,2560,59397,23.0
42,2561,59412,15.0
42,2562,59427,15.0
42,2563,59456,29.0
42,2564,59483,27.0
42,2565,59531,48.0
42,2566,59547,16.0
42,2567,59558,11.0
42,2568,59571,13.0
42,2569,59584,13.0
42,2570,59595,11.0
42,2571,59607,12.0
42,2572,59623,16.0
42,2573,59631,8.0
42,2574,59654,23.0
42,2575,59673,19.0
42,2576,59692,19.0
42,2577,59702,10.0
42,2578,59719,17.0
42,2579,59732,13.0
42,2580,59783,51.0
42,2581,59798,15.0
42,2582,59826,28.0
42,2583,59889,63.0
42,2584,59918,29.0
42,2585,59954,36.0
42,2586,59988,34.0
42,2587,60010,22.0
42,2588,60034,24.0
42,2589,60055,21.0
42,2590,60081,26.0
42,2591,60123,42.0
42,2592,60141,18.0
42,2593,60195,54.0
42,2594,60212,17.0
42,2595,60234,22.0
42,2596,60258,24.0
42,2597,60298,40.0
42,2598,60329,31.0
42,2599,60341,12.0
42,2600,60371,30.0
42,2601,60416,45.0
42,2602,60433,17.0
42,2603,60451,18.0
42,2604,60489,38.0
42,2605,60501,12.0
42,2606,60522,21.0
42,2607,60542,20.0
42,2608,60608,66.0
42,2609,60629,21.0
42,2610,60642,13.0
42,2611,60677,35.0
42,2612,60709,32.0
42,2613,60752,43.0
42,2614,60802,50.0
42,2615,60833,31.0
42,2616,60848,15.0
42,2617,60862,14.0
42,2618,60877,15.0
42,2619,60909,32.0
42,2620,60941,32.0
42,2621,60949,8.0
42,2622,60969,20.0
42,2623,60981,12.0
42,2624,60999,18.0
42,2625,61016,17.0
42,2626,61035,19.0
42,2627,61070,35.0
42,2628,61123,53.0
42,2629,61146,23.0
42,2630,61162,16.0
42,2631,61179,17.0
42,2632,61201,22.0
42,2633,61233,32.0
42,2634,61249,16.0
42,2635,61265,16.0
42,2636,61288,23.0
42,2637,61301,13.0
42,2638,61338,37.0
42,2639,61361,23.0
42,2640,61377,16.0
42,2641,61398,21.0
42,2642,61440,42.0
42,2643,61453,13.0
42,2644,61479,26.0
42,2645,61496,17.0
42,2646,61523,27.0
42,2647,61552,29.0
42,2648,61565,13.0
42,2649,61579,14.0
42,2650,61594,15.0
42,2651,61613,19.0
42,2652,61658,45.0
42,2653,61672,14.0
42,2654,61685,13.0
42,2655,61707,22.0
42,2656,61743,36.0
42,2657,61777,34.0
42,2658,61794,17.0
42,2659,61869,75.0
42,2660,61888,19.0
42,2661,61901,13.0
42,2662,61915,14.0
42,2663,61942,27.0
42,2664,61958,16.0
42,2665,61972,14.0
42,2666,62000,28.0
42,2667,62031,31.0
42,2668,62052,21.0
42,2669,62102,50.0
42,2670,62115,13.0
42,2671,62132,17.0
42,2672,62148,16.0
42,2673,62167,19.0
42,2674,62180,13.0
42,2675,62209,29.0
42,2676,62226,17.0
42,2677,62249,23.0
42,2678,62269,20.0
42,2679,62324,55.0
42,2680,62340,16.0
42,2681,62384,44.0
42,2682,62402,18.0
42,2683,62420,18.0
42,2684,62447,27.0
42,2685,62463,16.0
42,2686,62477,14.0
42,2687,62490,13.0
42,2688,62502,12.0
42,2689,62532,30.0
42,2690,62578,46.0
42,2691,62607,29.0
42,2692,62627,20.0
42,2693,62645,18.0
42,2694,62660,15.0
42,2695,62681,21.0
42,2696,62707,26.0
42,2697,62738,31.0
42,2698,62755,17.0
42,2699,62787,32.0
42,2700,62806,19.0
42,2701,62839,33.0
42,2702,62861,22.0
42,2703,62874,13.0
42,2704,62915,41.0
42,2705,62992,77.0
42,2706,63011,19.0
42,2707,63031,20.0
42,2708,63051,20.0
42,2709,63064,13.0
42,2710,63084,20.0
42,2711,63100,16.0
42,2712,63120,20.0
42,2713,63141,21.0
42,2714,63155,14.0
42,2715,63193,38.0
42,2716,63235,42.0
42,2717,63253,18.0
42,2718,63294,41.0
42,2719,63321,27.0
42,2720,63332,11.0
42,2721,63356,24.0
42,2722,63387,31.0
42,2723,63401,14.0
42,2724,63412,11.0
42,2725,63429,17.0
42,2726,63468,39.0
42,2727,63488,20.0
42,2728,63512,24.0
42,2729,63538,26.0
42,2730,63568,30.0
42,2731,63643,75.0
42,2732,63654,11.0
42,2733,63671,17.0
42,2734,63690,19.0
42,2735,63708,18.0
42,2736,63719,11.0
42,2737,63737,18.0
42,2738,63800,63.0
42,2739,63817,17.0
42,2740,63843,26.0
42,2741,63866,23.0
42,2742,63889,23.0
42,2743,63917,28.0
42,2744,63929,12.0
42,2745,63953,24.0
42,2746,63964,11.0
42,2747,63985,21.0
42,2748,63997,12.0
42,2749,64030,33.0
42,2750,64042,12.0
42,2751,64053,11.0
42,2752,64070,17.0
42,2753,64087,17.0
42,2754,64097,10.0
42,2755,64139,42.0
42,2756,64176,37.0
42,2757,64203,27.0
42,2758,64230,27.0
42,2759,64254,24.0
42,2760,64277,23.0
42,2761,64293,16.0
42,2762,64328,35.0
42,2763,64347,19.0
42,2764,64364,17.0
42,2765,64394,30.0
42,2766,64409,15.0
42,2767,64423,14.0
42,2768,64459,36.0
42,2769,64480,21.0
42,2770,64500,20.0
42,2771,64515,15.0
42,2772,64532,17.0
42,2773,64594,62.0
42,2774,64617,23.0
42,2775,64661,44.0
42,2776,64739,78.0
42,2777,64757,18.0
42,2778,64820,63.0
42,2779,64890,70.0
42,2780,64919,29.0
42,2781,64944,25.0
42,2782,64974,30.0
42,2783,64985,11.0
42,2784,65018,33.0
42,2785,65105,87.0
42,2786,65115,10.0
42,2787,65127,12.0
42,2788,65138,11.0
42,2789,65154,16.0
42,2790,65167,13.0
42,2791,65188,21.0
42,2792,65218,30.0
42,2793,65233,15.0
42,2794,65245,12.0
42,2795,65287,42.0
42,2796,65349,62.0
42,2797,65361,12.0
42,2798,65381,20.0
42,2799,65392,11.0
42,2800,65407,15.0
42,2801,65419,12.0
42,2802,65431,12.0
42,2803,65471,40.0
42,2804,65495,24.0
42,2805,65509,14.0
42,2806,65540,31.0
42,2807,65559,19.0
42,2808,65571,12.0
42,2809,65658,87.0
42,2810,65673,15.0
42,2811,65689,16.0
42,2812,65726,37.0
42,2813,65738,12.0
42,2814,65775,37.0
42,2815,65802,27.0
42,2816,65837,35.0
42,2817,65862,25.0
42,2818,65886,24.0
42,2819,65896,10.0
42,2820,65913,17.0
42,2821,65941,28.0
42,2822,65963,22.0
42,2823,65976,13.0
42,2824,65995,19.0
42,2825,66082,87.0
42,2826,66135,53.0
42,2827,66163,28.0
42,2828,66178,15.0
42,2829,66194,16.0
42,2830,66212,18.0
42,2831,66230,18.0
42,2832,66269,39.0
42,2833,66284,15.0
42,2834,66296,12.0
42,2835,66342,46.0
42,2836,66370,28.0
42,2837,66389,19.0
42,2838,66399,10.0
42,2839,66439,40.0
42,2840,66451,12.0
42,2841,66468,17.0
42,2842,66490,22.0
42,2843,66518,28.0
42,2844,66531,13.0
42,2845,66547,16.0
42,2846,66564,17.0
42,2847,66591,27.0
42,2848,66604,13.0
42,2849,66619,15.0
42,2850,66644,25.0
42,2851,66658,14.0
42,2852,66678,20.0
42,2853,66707,29.0
42,2854,66717,10.0
42,2855,66730,13.0
42,2856,66749,19.0
42,2857,66801,52.0
42,2858,66850,49.0
42,2859,66868,18.0
42,2860,66891,23.0
42,2861,66905,14.0
42,2862,66953,48.0
42,2863,66983,30.0
42,2864,67005,22.0
42,2865,67020,15.0
42,2866,67035,15.0
42,2867,67065,30.0
42,2868,67081,16.0
42,2869,67109,28.0
42,2870,67127,18.0
42,2871,67141,14.0
42,2872,67159,18.0
42,2873,67173,14.0
42,2874,67189,16.0
42,2875,67222,33.0
42,2876,67247,25.0
42,2877,67292,45.0
42,2878,67333,41.0
42,2879,67370,37.0
42,2880,67384,14.0
42,2881,67409,25.0
42,2882,67419,10.0
42,2883,67434,15.0
42,2884,67464,30.0
42,2885,67491,27.0
42,2886,67501,10.0
42,2887,67517,16.0
42,2888,67540,23.0
42,2889,67561,21.0
42,2890,67589,28.0
42,2891,67601,12.0
42,2892,67623,22.0
42,2893,67640,17.0
42,2894,67657,17.0
42,2895,67672,15.0
42,2896,67681,9.0
42,2897,67705,24.0
42,2898,67724,19.0
42,2899,67767,43.0
42,2900,67782,15.0
42,2901,67793,11.0
42,2902,67808,15.0
42,2903,67858,50.0
42,2904,67882,24.0
42,2905,67893,11.0
42,2906,67921,28.0
42,2907,67959,38.0
42,2908,67984,25.0
42,2909,68002,18.0
42,2910,68103,101.0
42,2911,68122,19.0
42,2912,68173,51.0
42,2913,68192,19.0
42,2914,68209,17.0
42,2915,68229,20.0
42,2916,68241,12.0
42,2917,68264,23.0
42,2918,68279,15.0
42,2919,68310,31.0
42,2920,68330,20.0
42,2921,68348,18.0
42,2922,68377,29.0
42,2923,68396,19.0
42,2924,68408,12.0
42,2925,68441,33.0
42,2926,68454,13.0
42,2927,68475,21.0
42,2928,68485,10.0
42,2929,68520,35.0
42,2930,68561,41.0
42,2931,68572,11.0
42,2932,68607,35.0
42,2933,68631,24.0
42,2934,68647,16.0
42,2935,68672,25.0
42,2936,68684,12.0
42,2937,68696,12.0
42,2938,68714,18.0
42,2939,68779,65.0
42,2940,68796,17.0
42,2941,68816,20.0
42,2942,68834,18.0
42,2943,68852,18.0
42,2944,68873,21.0
42,2945,68895,22.0
42,2946,68929,34.0
42,2947,68954,25.0
42,2948,69009,55.0
42,2949,69025,16.0
42,2950,69045,20.0
42,2951,69105,60.0
42,2952,69123,18.0
42,2953,69165,42.0
42,2954,69176,11.0
42,2955,69253,77.0
42,2956,69291,38.0
42,2957,69308,17.0
42,2958,69330,22.0
42,2959,69362,32.0
42,2960,69388,26.0
42,2961,69421,33.0
42,2962,69455,34.0
42,2963,69474,19.0
42,2964,69501,27.0
42,2965,69535,34.0
42,2966,69550,15.0
42,2967,69577,27.0
42,2968,69591,14.0
42,2969,69612,21.0
42,2970,69664,52.0
42,2971,69687,23.0
42,2972,69705,18.0
42,2973,69723,18.0
42,2974,69735,12.0
42,2975,69758,23.0
42,2976,69770,12.0
42,2977,69809,39.0
42,2978,69824,15.0
42,2979,69891,67.0
42,2980,69929,38.0
42,2981,69970,41.0
42,2982,69985,15.0
42,2983,70006,21.0
42,2984,70037,31.0
42,2985,70050,13.0
42,2986,70087,37.0
42,2987,70101,14.0
42,2988,70126,25.0
42,2989,70152,26.0
42,2990,70210,58.0
42,2991,70258,48.0
42,2992,70271,13.0
42,2993,70330,59.0
42,2994,70354,24.0
42,2995,70372,18.0
42,2996,70389,17.0
42,2997,70439,50.0
42,2998,70468,29.0
42,2999,70527,59.0
42,3000,70556,29.0
42,3001,70571,15.0
42,3002,70596,25.0
42,3003,70611,15.0
42,3004,70623,12.0
42,3005,70633,10.0
42,3006,70667,34.0
42,3007,70717,50.0
42,3008,70760,43.0
42,3009,70780,20.0
42,3010,70826,46.0
42,3011,70841,15.0
42,3012,70851,10.0
42,3013,70872,21.0
42,3014,70895,23.0
42,3015,70916,21.0
42,3016,70927,11.0
42,3017,70938,11.0
42,3018,70971,33.0
42,3019,71015,44.0
42,3020,71074,59.0
42,3021,71086,12.0
42,3022,71102,16.0
42,3023,71130,28.0
42,3024,71171,41.0
42,3025,71185,14.0
42,3026,71193,8.0
42,3027,71214,21.0
42,3028,71244,30.0
42,3029,71269,25.0
42,3030,71280,11.0
42,3031,71295,15.0
42,3032,71322,27.0
42,3033,71338,16.0
42,3034,71351,13.0
42,3035,71375,24.0
42,3036,71400,25.0
42,3037,71412,12.0
42,3038,71441,29.0
42,3039,71461,20.0
42,3040,71482,21.0
42,3041,71526,44.0
42,3042,71540,14.0
42,3043,71557,17.0
42,3044,71574,17.0
42,3045,71588,14.0
42,3046,71612,24.0
42,3047,71648,36.0
42,3048,71661,13.0
42,3049,71685,24.0
42,3050,71708,23.0
42,3051,71731,23.0
42,3052,71746,15.0
42,3053,71765,19.0
42,3054,71783,18.0
42,3055,71800,17.0
42,3056,71826,26.0
42,3057,71859,33.0
42,3058,71875,16.0
42,3059,71890,15.0
42,3060,71914,24.0
42,3061,71931,17.0
42,3062,71948,17.0
42,3063,71964,16.0
42,3064,71982,18.0
42,3065,72005,23.0
42,3066,72023,18.0
42,3067,72042,19.0
42,3068,72072,30.0
42,3069,72113,41.0
42,3070,72131,18.0
42,3071,72162,31.0
42,3072,72179,17.0
42,3073,72197,18.0
42,3074,72208,11.0
42,3075,72277,69.0
42,3076,72298,21.0
42,3077,72315,17.0
42,3078,72326,11.0
42,3079,72365,39.0
42,3080,72377,12.0
42,3081,72392,15.0
42,3082,72404,12.0
42,3083,72425,21.0
42,3084,72449,24.0
42,3085,72471,22.0
42,3086,72492,21.0
42,3087,72511,19.0
42,3088,72528,17.0
42,3089,72604,76.0
42,3090,72614,10.0
42,3091,72627,13.0
42,3092,72659,32.0
42,3093,72678,19.0
42,3094,72694,16.0
42,3095,72715,21.0
42,3096,72766,51.0
42,3097,72788,22.0
42,3098,72803,15.0
42,3099,72848,45.0
42,3100,72859,11.0
42,3101,72899,40.0
42,3102,72929,30.0
42,3103,72958,29.0
42,3104,72975,17.0
42,3105,73024,49.0
42,3106,73041,17.0
42,3107,73063,22.0
42,3108,73110,47.0
42,3109,73138,28.0
42,3110,73154,16.0
42,3111,73168,14.0
42,3112,73224,56.0
42,3113,73239,15.0
42,3114,73270,31.0
42,3115,73292,22.0
42,3116,73305,13.0
42,3117,73347,42.0
42,3118,73358,11.0
42,3119,73382,24.0
42,3120,73397,15.0
42,3121,73406,9.0
42,3122,73426,20.0
42,3123,73440,14.0
42,3124,73455,15.0
42,3125,73474,19.0
42,3126,73508,34.0
42,3127,73533,25.0
42,3128,73554,21.0
42,3129,73568,14.0
42,3130,73589,21.0
42,3131,73604,15.0
42,3132,73628,24.0
42,3133,73701,73.0
42,3134,73728,27.0
42,3135,73781,53.0
42,3136,73814,33.0
42,3137,73849,35.0
42,3138,73864,15.0
42,3139,73882,18.0
42,3140,73895,13.0
42,3141,73906,11.0
42,3142,73928,22.0
42,3143,73967,39.0
42,3144,73984,17.0
42,3145,74000,16.0
42,3146,74016,16.0
42,3147,74033,17.0
42,3148,74049,16.0
42,3149,74108,59.0
42,3150,74133,25.0
42,3151,74145,12.0
42,3152,74165,20.0
42,3153,74187,22.0
42,3154,74206,19.0
42,3155,74229,23.0
42,3156,74302,73.0
42,3157,74338,36.0
42,3158,74370,32.0
42,3159,74383,13.0
42,3160,74392,9.0
42,3161,74403,11.0
42,3162,74443,40.0
42,3163,74451,8.0
42,3164,74508,57.0
42,3165,74532,24.0
42,3166,74576,44.0
42,3167,74586,10.0
42,3168,74615,29.0
42,3169,74640,25.0
42,3170,74663,23.0
42,3171,74677,14.0
42,3172,74699,22.0
42,3173,74721,22.0
42,3174,74753,32.0
42,3175,74770,17.0
42,3176,74796,26.0
42,3177,74832,36.0
42,3178,74859,27.0
42,3179,74882,23.0
42,3180,74894,12.0
42,3181,74914,20.0
42,3182,74955,41.0
42,3183,74972,17.0
42,3184,74983,11.0
42,3185,74993,10.0
42,3186,75026,33.0
42,3187,75053,27.0
42,3188,75068,15.0
42,3189,75090,22.0
42,3190,75109,19.0
42,3191,75121,12.0
42,3192,75154,33.0
42,3193,75173,19.0
42,3194,75200,27.0
42,3195,75220,20.0
42,3196,75242,22.0
42,3197,75285,43.0
42,3198,75297,12.0
42,3199,75315,18.0
42,3200,75333,18.0
42,3201,75348,15.0
42,3202,75366,18.0
42,3203,75408,42.0
42,3204,75445,37.0
42,3205,75459,14.0
42,3206,75534,75.0
42,3207,75551,17.0
42,3208,75581,30.0
42,3209,75609,28.0
42,3210,75627,18.0
42,3211,75638,11.0
42,3212,75691,53.0
42,3213,75720,29.0
42,3214,75733,13.0
42,3215,75790,57.0
42,3216,75809,19.0
42,3217,75823,14.0
42,3218,75833,10.0
42,3219,75852,19.0
42,3220,75876,24.0
42,3221,75903,27.0
42,3222,75918,15.0
42,3223,75942,24.0
42,3224,75966,24.0
42,3225,75982,16.0
42,3226,76008,26.0
42,3227,76025,17.0
42,3228,76038,13.0
42,3229,76063,25.0
42,3230,76081,18.0
42,3231,76102,21.0
42,3232,76112,10.0
42,3233,76152,40.0
42,3234,76179,27.0
42,3235,76234,55.0
42,3236,76249,15.0
42,3237,76270,21.0
42,3238,76319,49.0
42,3239,76341,22.0
42,3240,76354,13.0
42,3241,76385,31.0
42,3242,76403,18.0
42,3243,76458,55.0
42,3244,76472,14.0
42,3245,76490,18.0
42,3246,76504,14.0
42,3247,76517,13.0
42,3248,76534,17.0
42,3249,76597,63.0
42,3250,76613,16.0
42,3251,76625,12.0
42,3252,76665,40.0
42,3253,76682,17.0
42,3254,76697,15.0
42,3255,76710,13.0
42,3256,76735,25.0
42,3257,76765,30.0
42,3258,76794,29.0
42,3259,76833,39.0
42,3260,76850,17.0
42,3261,76865,15.0
42,3262,76916,51.0
42,3263,76930,14.0
42,3264,76960,30.0
42,3265,76983,23.0
42,3266,77007,24.0
42,3267,77068,61.0
42,3268,77094,26.0
42,3269,77148,54.0
42,3270,77158,10.0
42,3271,77239,81.0
42,3272,77259,20.0
42,3273,77280,21.0
42,3274,77303,23.0
42,3275,77325,22.0
42,3276,77339,14.0
42,3277,77351,12.0
42,3278,77412,61.0
42,3279,77424,12.0
42,3280,77465,41.0
42,3281,77480,15.0
42,3282,77517,37.0
42,3283,77533,16.0
42,3284,77551,18.0
42,3285,77568,17.0
42,3286,77580,12.0
42,3287,77594,14.0
42,3288,77610,16.0
42,3289,77641,31.0
42,3290,77656,15.0
42,3291,77668,12.0
42,3292,77698,30.0
42,3293,77723,25.0
42,3294,77751,28.0
42,3295,77835,84.0
42,3296,77853,18.0
42,3297,77874,21.0
42,3298,77909,35.0
42,3299,77935,26.0
42,3300,77956,21.0
42,3301,77979,23.0
42,3302,78002,23.0
42,3303,78016,14.0
42,3304,78030,14.0
42,3305,78082,52.0
42,3306,78130,48.0
42,3307,78153,23.0
42,3308,78168,15.0
42,3309,78197,29.0
42,3310,78207,10.0
42,3311,78223,16.0
42,3312,78243,20.0
42,3313,78271,28.0
42,3314,78309,38.0
42,3315,78338,29.0
42,3316,78354,16.0
42,3317,78368,14.0
42,3318,78381,13.0
42,3319,78399,18.0
42,3320,78425,26.0
42,3321,78448,23.0
42,3322,78469,21.0
42,3323,78488,19.0
42,3324,78500,12.0
42,3325,78524,24.0
42,3326,78533,9.0
42,3327,78545,12.0
42,3328,78568,23.0
42,3329,78582,14.0
42,3330,78602,20.0
42,3331,78612,10.0
42,3332,78626,14.0
42,3333,78638,12.0
42,3334,78652,14.0
42,3335,78722,70.0
42,3336,78740,18.0
42,3337,78777,37.0
42,3338,78786,9.0
42,3339,78821,35.0
42,3340,78836,15.0
42,3341,78851,15.0
42,3342,78876,25.0
42,3343,78896,20.0
42,3344,78913,17.0
42,3345,78936,23.0
42,3346,78957,21.0
42,3347,78968,11.0
42,3348,78983,15.0
42,3349,79010,27.0
42,3350,79034,24.0
42,3351,79053,19.0
42,3352,79128,75.0
42,3353,79139,11.0
42,3354,79175,36.0
42,3355,79192,17.0
42,3356,79207,15.0
42,3357,79222,15.0
42,3358,79232,10.0
42,3359,79245,13.0
42,3360,79258,13.0
42,3361,79275,17.0
42,3362,79291,16.0
42,3363,79335,44.0
42,3364,79347,12.0
42,3365,79389,42.0
42,3366,79400,11.0
42,3367,79413,13.0
42,3368,79435,22.0
42,3369,79490,55.0
42,3370,79506,16.0
42,3371,79556,50.0
42,3372,79571,15.0
42,3373,79599,28.0
42,3374,79636,37.0
42,3375,79651,15.0
42,3376,79669,18.0
42,3377,79682,13.0
42,3378,79742,60.0
42,3379,79768,26.0
42,3380,79787,19.0
42,3381,79800,13.0
42,3382,79835,35.0
42,3383,79850,15.0
42,3384,79881,31.0
42,3385,79900,19.0
42,3386,79919,19.0
42,3387,79955,36.0
42,3388,79975,20.0
42,3389,80007,32.0
42,3390,80034,27.0
42,3391,80049,15.0
42,3392,80060,11.0
42,3393,80103,43.0
42,3394,80146,43.0
42,3395,80211,65.0
42,3396,80237,26.0
42,3397,80263,26.0
42,3398,80279,16.0
42,3399,80299,20.0
42,3400,80354,55.0
42,3401,80375,21.0
42,3402,80390,15.0
42,3403,80402,12.0
42,3404,80420,18.0
42,3405,80467,47.0
42,3406,80504,37.0
42,3407,80520,16.0
42,3408,80537,17.0
42,3409,80552,15.0
42,3410,80576,24.0
42,3411,80599,23.0
42,3412,80623,24.0
42,3413,80647,24.0
42,3414,80711,64.0
42,3415,80724,13.0
42,3416,80738,14.0
42,3417,80763,25.0
42,3418,80804,41.0
42,3419,80840,36.0
42,3420,80865,25.0
42,3421,80892,27.0
42,3422,80907,15.0
42,3423,80942,35.0
42,3424,80966,24.0
42,3425,80979,13.0
42,3426,80997,18.0
42,3427,81016,19.0
42,3428,81025,9.0
42,3429,81049,24.0
42,3430,81071,22.0
42,3431,81121,50.0
42,3432,81142,21.0
42,3433,81151,9.0
42,3434,81193,42.0
42,3435,81211,18.0
42,3436,81252,41.0
42,3437,81263,11.0
42,3438,81308,45.0
42,3439,81338,30.0
42,3440,81371,33.0
42,3441,81385,14.0
42,3442,81398,13.0
42,3443,81454,56.0
42,3444,81498,44.0
42,3445,81523,25.0
42,3446,81557,34.0
42,3447,81578,21.0
42,3448,81607,29.0
42,3449,81619,12.0
42,3450,81637,18.0
42,3451,81655,18.0
42,3452,81668,13.0
42,3453,81680,12.0
42,3454,81707,27.0
42,3455,81723,16.0
42,3456,81749,26.0
42,3457,81770,21.0
42,3458,81804,34.0
42,3459,81825,21.0
42,3460,81844,19.0
42,3461,81864,20.0
42,3462,81899,35.0
42,3463,81920,21.0
42,3464,81940,20.0
42,3465,81959,19.0
42,3466,81974,15.0
42,3467,81989,15.0
42,3468,82005,16.0
42,3469,82019,14.0
42,3470,82040,21.0
42,3471,82084,44.0
42,3472,82099,15.0
42,3473,82125,26.0
42,3474,82155,30.0
42,3475,82205,50.0
42,3476,82215,10.0
42,3477,82255,40.0
42,3478,82270,15.0
42,3479,82307,37.0
42,3480,82345,38.0
42,3481,82361,16.0
42,3482,82375,14.0
42,3483,82397,22.0
42,3484,82422,25.0
42,3485,82436,14.0
42,3486,82457,21.0
42,3487,82465,8.0
42,3488,82486,21.0
42,3489,82510,24.0
42,3490,82523,13.0
42,3491,82573,50.0
42,3492,82589,16.0
42,3493,82651,62.0
42,3494,82663,12.0
42,3495,82684,21.0
42,3496,82728,44.0
42,3497,82751,23.0
42,3498,82785,34.0
42,3499,82818,33.0
42,3500,82850,32.0
42,3501,82889,39.0
42,3502,82909,20.0
42,3503,82925,16.0
42,3504,82946,21.0
42,3505,82977,31.0
42,3506,82997,20.0
42,3507,83015,18.0
42,3508,83037,22.0
42,3509,83077,40.0
42,3510,83089,12.0
42,3511,83117,28.0
42,3512,83137,20.0
42,3513,83177,40.0
42,3514,83196,19.0
42,3515,83213,17.0
42,3516,83244,31.0
42,3517,83260,16.0
42,3518,83299,39.0
42,3519,83323,24.0
42,3520,83338,15.0
42,3521,83359,21.0
42,3522,83398,39.0
42,3523,83416,18.0
42,3524,83427,11.0
42,3525,83456,29.0
42,3526,83467,11.0
42,3527,83485,18.0
42,3528,83517,32.0
42,3529,83534,17.0
42,3530,83544,10.0
42,3531,83607,63.0
42,3532,83626,19.0
42,3533,83642,16.0
42,3534,83706,64.0
42,3535,83717,11.0
42,3536,83728,11.0
42,3537,83748,20.0
42,3538,83761,13.0
42,3539,83782,21.0
42,3540,83848,66.0
42,3541,83865,17.0
42,3542,83876,11.0
42,3543,83916,40.0
42,3544,83928,12.0
42,3545,83942,14.0
42,3546,83984,42.0
42,3547,84020,36.0
42,3548,84065,45.0
42,3549,84077,12.0
42,3550,84090,13.0
42,3551,84105,15.0
42,3552,84119,14.0
42,3553,84130,11.0
42,3554,84202,72.0
42,3555,84223,21.0
42,3556,84238,15.0
42,3557,84272,34.0
42,3558,84315,43.0
42,3559,84326,11.0
42,3560,84338,12.0
42,3561,84356,18.0
42,3562,84370,14.0
42,3563,84388,18.0
42,3564,84408,20.0
42,3565,84422,14.0
42,3566,84453,31.0
42,3567,84463,10.0
42,3568,84481,18.0
42,3569,84510,29.0
42,3570,84525,15.0
42,3571,84540,15.0
42,3572,84588,48.0
42,3573,84610,22.0
42,3574,84623,13.0
42,3575,84643,20.0
42,3576,84685,42.0
42,3577,84728,43.0
42,3578,84743,15.0
42,3579,84758,15.0
42,3580,84785,27.0
42,3581,84808,23.0
42,3582,84833,25.0
42,3583,84860,27.0
42,3584,84878,18.0
42,3585,84891,13.0
42,3586,84911,20.0
42,3587,84929,18.0
42,3588,84945,16.0
42,3589,85005,60.0
42,3590,85033,28.0
42,3591,85048,15.0
42,3592,85099,51.0
42,3593,85120,21.0
42,3594,85134,14.0
42,3595,85152,18.0
42,3596,85167,15.0
42,3597,85197,30.0
42,3598,85248,51.0
42,3599,85265,17.0
42,3600,85300,35.0
42,3601,85316,16.0
42,3602,85339,23.0
42,3603,85352,13.0
42,3604,85369,17.0
42,3605,85387,18.0
42,3606,85403,16.0
42,3607,85418,15.0
42,3608,85437,19.0
42,3609,85458,21.0
42,3610,85494,36.0
42,3611,85505,11.0
42,3612,85560,55.0
42,3613,85587,27.0
42,3614,85632,45.0
42,3615,85653,21.0
42,3616,85676,23.0
42,3617,85693,17.0
42,3618,85716,23.0
42,3619,85801,85.0
42,3620,85826,25.0
42,3621,85841,15.0
42,3622,85864,23.0
42,3623,85889,25.0
42,3624,85923,34.0
42,3625,85933,10.0
42,3626,85950,17.0
42,3627,85976,26.0
42,3628,86008,32.0
42,3629,86019,11.0
42,3630,86032,13.0
42,3631,86051,19.0
42,3632,86063,12.0
42,3633,86101,38.0
42,3634,86114,13.0
42,3635,86135,21.0
42,3636,86162,27.0
42,3637,86179,17.0
42,3638,86210,31.0
42,3639,86230,20.0
42,3640,86257,27.0
42,3641,86300,43.0
42,3642,86314,14.0
42,3643,86323,9.0
42,3644,86340,17.0
42,3645,86354,14.0
42,3646,86375,21.0
42,3647,86386,11.0
42,3648,86414,28.0
42,3649,86432,18.0
42,3650,86475,43.0
42,3651,86501,26.0
42,3652,86522,21.0
42,3653,86551,29.0
42,3654,86565,14.0
42,3655,86585,20.0
42,3656,86602,17.0
42,3657,86624,22.0
42,3658,86633,9.0
42,3659,86677,44.0
42,3660,86696,19.0
42,3661,86714,18.0
42,3662,86766,52.0
42,3663,86784,18.0
42,3664,86850,66.0
42,3665,86868,18.0
42,3666,86906,38.0
42,3667,86921,15.0
42,3668,86932,11.0
42,3669,86946,14.0
42,3670,86977,31.0
42,3671,87003,26.0
42,3672,87021,18.0
42,3673,87056,35.0
42,3674,87102,46.0
42,3675,87131,29.0
42,3676,87181,50.0
42,3677,87200,19.0
42,3678,87217,17.0
42,3679,87235,18.0
42,3680,87258,23.0
42,3681,87305,47.0
42,3682,87348,43.0
42,3683,87372,24.0
42,3684,87393,21.0
42,3685,87404,11.0
42,3686,87431,27.0
42,3687,87473,42.0
42,3688,87501,28.0
42,3689,87524,23.0
42,3690,87533,9.0
42,3691,87555,22.0
42,3692,87585,30.0
42,3693,87600,15.0
42,3694,87674,74.0
42,3695,87689,15.0
42,3696,87704,15.0
42,3697,87739,35.0
42,3698,87781,42.0
42,3699,87804,23.0
42,3700,87822,18.0
42,3701,87853,31.0
42,3702,87870,17.0
42,3703,87891,21.0
42,3704,87918,27.0
42,3705,87953,35.0
42,3706,87972,19.0
42,3707,87989,17.0
42,3708,88007,18.0
42,3709,88019,12.0
42,3710,88056,37.0
42,3711,88080,24.0
42,3712,88100,20.0
42,3713,88134,34.0
42,3714,88146,12.0
42,3715,88190,44.0
42,3716,88200,10.0
42,3717,88226,26.0
42,3718,88240,14.0
42,3719,88281,41.0
42,3720,88306,25.0
42,3721,88318,12.0
42,3722,88340,22.0
42,3723,88386,46.0
42,3724,88396,10.0
42,3725,88413,17.0
42,3726,88433,20.0
42,3727,88453,20.0
42,3728,88482,29.0
42,3729,88512,30.0
42,3730,88526,14.0
42,3731,88585,59.0
42,3732,88610,25.0
42,3733,88633,23.0
42,3734,88653,20.0
42,3735,88668,15.0
42,3736,88701,33.0
42,3737,88720,19.0
42,3738,88761,41.0
42,3739,88789,28.0
42,3740,88805,16.0
42,3741,88822,17.0
42,3742,88832,10.0
42,3743,88872,40.0
42,3744,88907,35.0
42,3745,88929,22.0
42,3746,88946,17.0
42,3747,88971,25.0
42,3748,88988,17.0
42,3749,89003,15.0
42,3750,89043,40.0
42,3751,89067,24.0
42,3752,89085,18.0
42,3753,89105,20.0
42,3754,89132,27.0
42,3755,89143,11.0
42,3756,89160,17.0
42,3757,89230,70.0
42,3758,89242,12.0
42,3759,89262,20.0
42,3760,89287,25.0
42,3761,89324,37.0
42,3762,89349,25.0
42,3763,89377,28.0
42,3764,89403,26.0
42,3765,89436,33.0
42,3766,89456,20.0
42,3767,89469,13.0
42,3768,89494,25.0
42,3769,89565,71.0
42,3770,89600,35.0
42,3771,89621,21.0
42,3772,89653,32.0
42,3773,89672,19.0
42,3774,89688,16.0
42,3775,89767,79.0
42,3776,89781,14.0
42,3777,89814,33.0
42,3778,89859,45.0
42,3779,89906,47.0
42,3780,89927,21.0
42,3781,89985,58.0
42,3782,90004,19.0
42,3783,90065,61.0
42,3784,90091,26.0
42,3785,90112,21.0
42,3786,90124,12.0
42,3787,90137,13.0
42,3788,90152,15.0
42,3789,90169,17.0
42,3790,90191,22.0
42,3791,90206,15.0
42,3792,90229,23.0
42,3793,90240,11.0
42,3794,90258,18.0
42,3795,90287,29.0
42,3796,90309,22.0
42,3797,90325,16.0
42,3798,90356,31.0
42,3799,90366,10.0
42,3800,90419,53.0
42,3801,90445,26.0
42,3802,90464,19.0
42,3803,90513,49.0
42,3804,90545,32.0
42,3805,90598,53.0
42,3806,90675,77.0
42,3807,90701,26.0
42,3808,90722,21.0
42,3809,90752,30.0
42,3810,90774,22.0
42,3811,90786,12.0
42,3812,90800,14.0
42,3813,90815,15.0
42,3814,90830,15.0
42,3815,90845,15.0
42,3816,90867,22.0
42,3817,90878,11.0
42,3818,90895,17.0
42,3819,90913,18.0
42,3820,90935,22.0
42,3821,90950,15.0
42,3822,90968,18.0
42,3823,90980,12.0
42,3824,91019,39.0
42,3825,91033,14.0
42,3826,91064,31.0
42,3827,91085,21.0
42,3828,91106,21.0
42,3829,91138,32.0
42,3830,91162,24.0
42,3831,91179,17.0
42,3832,91208,29.0
42,3833,91221,13.0
42,3834,91241,20.0
42,3835,91266,25.0
42,3836,91300,34.0
42,3837,91317,17.0
42,3838,91337,20.0
42,3839,91369,32.0
42,3840,91390,21.0
42,3841,91442,52.0
42,3842,91470,28.0
42,3843,91490,20.0
42,3844,91510,20.0
42,3845,91527,17.0
42,3846,91542,15.0
42,3847,91562,20.0
42,3848,91575,13.0
42,3849,91614,39.0
42,3850,91633,19.0
42,3851,91646,13.0
42,3852,91696,50.0
42,3853,91735,39.0
42,3854,91755,20.0
42,3855,91830,75.0
42,3856,91863,33.0
42,3857,91892,29.0
42,3858,91902,10.0
42,3859,91918,16.0
42,3860,91947,29.0
42,3861,91971,24.0
42,3862,91982,11.0
42,3863,92012,30.0
42,3864,92088,76.0
42,3865,92121,33.0
42,3866,92137,16.0
42,3867,92216,79.0
42,3868,92228,12.0
42,3869,92255,27.0
42,3870,92274,19.0
42,3871,92288,14.0
42,3872,92307,19.0
42,3873,92322,15.0
42,3874,92339,17.0
42,3875,92348,9.0
42,3876,92362,14.0
42,3877,92378,16.0
42,3878,92402,24.0
42,3879,92427,25.0
42,3880,92449,22.0
42,3881,92469,20.0
42,3882,92501,32.0
42,3883,92518,17.0
42,3884,92532,14.0
42,3885,92571,39.0
42,3886,92580,9.0
42,3887,92597,17.0
42,3888,92622,25.0
42,3889,92634,12.0
42,3890,92648,14.0
42,3891,92668,20.0
42,3892,92686,18.0
42,3893,92702,16.0
42,3894,92734,32.0
42,3895,92752,18.0
42,3896,92799,47.0
42,3897,92820,21.0
42,3898,92867,47.0
42,3899,92906,39.0
42,3900,92923,17.0
42,3901,92961,38.0
42,3902,92981,20.0
42,3903,93006,25.0
42,3904,93020,14.0
42,3905,93079,59.0
42,3906,93122,43.0
42,3907,93137,15.0
42,3908,93152,15.0
42,3909,93175,23.0
42,3910,93189,14.0
42,3911,93222,33.0
42,3912,93238,16.0
42,3913,93258,20.0
42,3914,93268,10.0
42,3915,93306,38.0
42,3916,93317,11.0
42,3917,93332,15.0
42,3918,93351,19.0
42,3919,93369,18.0
42,3920,93393,24.0
42,3921,93423,30.0
42,3922,93443,20.0
42,3923,93459,16.0
42,3924,93473,14.0
42,3925,93525,52.0
42,3926,93541,16.0
42,3927,93561,20.0
42,3928,93577,16.0
42,3929,93606,29.0
42,3930,93626,20.0
42,3931,93659,33.0
42,3932,93686,27.0
42,3933,93701,15.0
42,3934,93729,28.0
42,3935,93755,26.0
42,3936,93774,19.0
42,3937,93789,15.0
42,3938,93819,30.0
42,3939,93843,24.0
42,3940,93855,12.0
42,3941,93868,13.0
42,3942,93903,35.0
42,3943,93924,21.0
42,3944,93941,17.0
42,3945,93955,14.0
42,3946,93965,10.0
42,3947,93979,14.0
42,3948,93997,18.0
42,3949,94008,11.0
42,3950,94029,21.0
42,3951,94058,29.0
42,3952,94072,14.0
42,3953,94102,30.0
42,3954,94123,21.0
42,3955,94144,21.0
42,3956,94213,69.0
42,3957,94244,31.0
42,3958,94301,57.0
42,3959,94340,39.0
42,3960,94354,14.0
42,3961,94366,12.0
42,3962,94385,19.0
42,3963,94406,21.0
42,3964,94437,31.0
42,3965,94451,14.0
42,3966,94471,20.0
42,3967,94481,10.0
42,3968,94506,25.0
42,3969,94556,50.0
42,3970,94581,25.0
42,3971,94597,16.0
42,3972,94616,19.0
42,3973,94628,12.0
42,3974,94645,17.0
42,3975,94661,16.0
42,3976,94690,29.0
42,3977,94735,45.0
42,3978,94757,22.0
42,3979,94770,13.0
42,3980,94806,36.0
42,3981,94838,32.0
42,3982,94850,12.0
42,3983,94861,11.0
42,3984,94874,13.0
42,3985,94895,21.0
42,3986,94906,11.0
42,3987,94938,32.0
42,3988,94981,43.0
42,3989,95008,27.0
42,3990,95048,40.0
42,3991,95131,83.0
42,3992,95146,15.0
42,3993,95159,13.0
42,3994,95192,33.0
42,3995,95206,14.0
42,3996,95220,14.0
42,3997,95250,30.0
42,3998,95260,10.0
42,3999,95278,18.0
42,4000,95307,29.0
42,4001,95323,16.0
42,4002,95351,28.0
42,4003,95398,47.0
42,4004,95409,11.0
42,4005,95426,17.0
42,4006,95447,21.0
42,4007,95458,11.0
42,4008,95468,10.0
42,4009,95488,20.0
42,4010,95526,38.0
42,4011,95539,13.0
42,4012,95554,15.0
42,4013,95576,22.0
42,4014,95614,38.0
42,4015,95658,44.0
42,4016,95675,17.0
42,4017,95700,25.0
42,4018,95715,15.0
42,4019,95771,56.0
42,4020,95788,17.0
42,4021,95803,15.0
42,4022,95819,16.0
42,4023,95847,28.0
42,4024,95871,24.0
42,4025,95884,13.0
42,4026,95896,12.0
42,4027,95913,17.0
42,4028,95961,48.0
42,4029,95977,16.0
42,4030,96006,29.0
42,4031,96024,18.0
42,4032,96034,10.0
42,4033,96088,54.0
42,4034,96129,41.0
42,4035,96158,29.0
42,4036,96231,73.0
42,4037,96270,39.0
42,4038,96289,19.0
42,4039,96305,16.0
42,4040,96322,17.0
42,4041,96331,9.0
42,4042,96346,15.0
42,4043,96358,12.0
42,4044,96403,45.0
42,4045,96423,20.0
42,4046,96454,31.0
42,4047,96488,34.0
42,4048,96524,36.0
42,4049,96544,20.0
42,4050,96573,29.0
42,4051,96593,20.0
42,4052,96614,21.0
42,4053,96631,17.0
42,4054,96714,83.0
42,4055,96731,17.0
42,4056,96750,19.0
42,4057,96821,71.0
42,4058,96863,42.0
42,4059,96896,33.0
42,4060,96917,21.0
42,4061,96932,15.0
42,4062,96950,18.0
42,4063,96974,24.0
42,4064,96996,22.0
42,4065,97017,21.0
42,4066,97056,39.0
42,4067,97088,32.0
42,4068,97102,14.0
42,4069,97123,21.0
42,4070,97176,53.0
42,4071,97203,27.0
42,4072,97228,25.0
42,4073,97240,12.0
42,4074,97258,18.0
42,4075,97308,50.0
42,4076,97331,23.0
42,4077,97360,29.0
42,4078,97405,45.0
42,4079,97435,30.0
42,4080,97457,22.0
42,4081,97479,22.0
42,4082,97511,32.0
42,4083,97550,39.0
42,4084,97563,13.0
42,4085,97572,9.0
42,4086,97583,11.0
42,4087,97599,16.0
42,4088,97613,14.0
42,4089,97638,25.0
42,4090,97702,64.0
42,4091,97729,27.0
42,4092,97745,16.0
42,4093,97757,12.0
42,4094,97794,37.0
42,4095,97812,18.0
42,4096,97825,13.0
42,4097,97845,20.0
42,4098,97867,22.0
42,4099,97884,17.0
42,4100,97899,15.0
42,4101,97920,21.0
42,4102,97969,49.0
42,4103,97992,23.0
42,4104,98093,101.0
42,4105,98122,29.0
42,4106,98137,15.0
42,4107,98158,21.0
42,4108,98173,15.0
42,4109,98205,32.0
42,4110,98230,25.0
42,4111,98287,57.0
42,4112,98306,19.0
42,4113,98329,23.0
42,4114,98340,11.0
42,4115,98375,35.0
42,4116,98405,30.0
42,4117,98418,13.0
42,4118,98438,20.0
42,4119,98458,20.0
42,4120,98493,35.0
42,4121,98508,15.0
42,4122,98531,23.0
42,4123,98579,48.0
42,4124,98596,17.0
42,4125,98617,21.0
42,4126,98653,36.0
42,4127,98686,33.0
42,4128,98698,12.0
42,4129,98708,10.0
42,4130,98733,25.0
42,4131,98753,20.0
42,4132,98771,18.0
42,4133,98802,31.0
42,4134,98833,31.0
42,4135,98848,15.0
42,4136,98865,17.0
42,4137,98897,32.0
42,4138,98941,44.0
42,4139,98950,9.0
42,4140,98979,29.0
42,4141,99005,26.0
42,4142,99025,20.0
42,4143,99055,30.0
42,4144,99074,19.0
42,4145,99094,20.0
42,4146,99118,24.0
42,4147,99140,22.0
42,4148,99206,66.0
42,4149,99226,20.0
42,4150,99262,36.0
42,4151,99297,35.0
42,4152,99323,26.0
42,4153,99366,43.0
42,4154,99389,23.0
42,4155,99399,10.0
42,4156,99415,16.0
42,4157,99427,12.0
42,4158,99441,14.0
42,4159,99480,39.0
42,4160,99502,22.0
42,4161,99514,12.0
42,4162,99527,13.0
42,4163,99547,20.0
42,4164,99572,25.0
42,4165,99603,31.0
42,4166,99641,38.0
42,4167,99662,21.0
42,4168,99678,16.0
42,4169,99688,10.0
42,4170,99710,22.0
42,4171,99742,32.0
42,4172,99772,30.0
42,4173,99792,20.0
42,4174,99814,22.0
42,4175,99854,40.0
42,4176,99891,37.0
42,4177,99906,15.0
42,4178,99933,27.0
42,4179,99945,12.0
42,4180,99956,11.0
42,4181,99980,24.0
42,4182,100022,42.0
42,4183,100044,22.0
42,4184,100062,18.0
42,4185,100077,15.0
42,4186,100096,19.0
42,4187,100124,28.0
42,4188,100159,35.0
42,4189,100184,25.0
42,4190,100225,41.0
42,4191,100240,15.0
42,4192,100260,20.0
42,4193,100275,15.0
42,4194,100306,31.0
42,4195,100327,21.0
42,4196,100355,28.0
42,4197,100370,15.0
42,4198,100397,27.0
42,4199,100418,21.0
42,4200,100434,16.0
42,4201,100444,10.0
42,4202,100472,28.0
42,4203,100492,20.0
42,4204,100532,40.0
42,4205,100553,21.0
42,4206,100576,23.0
42,4207,100609,33.0
42,4208,100621,12.0
42,4209,100638,17.0
42,4210,100672,34.0
42,4211,100684,12.0
42,4212,100697,13.0
42,4213,100717,20.0
42,4214,100732,15.0
42,4215,100745,13.0
42,4216,100773,28.0
42,4217,100805,32.0
42,4218,100824,19.0
42,4219,100851,27.0
42,4220,100875,24.0
42,4221,100908,33.0
42,4222,100935,27.0
42,4223,100967,32.0
42,4224,101042,75.0
42,4225,101053,11.0
42,4226,101077,24.0
42,4227,101116,39.0
42,4228,101129,13.0
42,4229,101138,9.0
42,4230,101149,11.0
42,4231,101169,20.0
42,4232,101196,27.0
42,4233,101211,15.0
42,4234,101267,56.0
42,4235,101287,20.0
42,4236,101313,26.0
42,4237,101344,31.0
42,4238,101378,34.0
42,4239,101412,34.0
42,4240,101422,10.0
42,4241,101498,76.0
42,4242,101527,29.0
42,4243,101559,32.0
42,4244,101579,20.0
42,4245,101649,70.0
42,4246,101723,74.0
42,4247,101741,18.0
42,4248,101773,32.0
42,4249,101800,27.0
42,4250,101812,12.0
42,4251,101838,26.0
42,4252,101857,19.0
42,4253,101887,30.0
42,4254,101910,23.0
42,4255,101936,26.0
42,4256,101952,16.0
42,4257,101967,15.0
42,4258,101987,20.0
42,4259,102015,28.0
42,4260,102032,17.0
42,4261,102066,34.0
42,4262,102113,47.0
42,4263,102134,21.0
42,4264,102146,12.0
42,4265,102166,20.0
42,4266,102183,17.0
42,4267,102203,20.0
42,4268,102229,26.0
42,4269,102252,23.0
42,4270,102279,27.0
42,4271,102302,23.0
42,4272,102329,27.0
42,4273,102343,14.0
42,4274,102361,18.0
42,4275,102387,26.0
42,4276,102409,22.0
42,4277,102429,20.0
42,4278,102443,14.0
42,4279,102456,13.0
42,4280,102480,24.0
42,4281,102495,15.0
42,4282,102543,48.0
42,4283,102557,14.0
42,4284,102607,50.0
42,4285,102616,9.0
42,4286,102662,46.0
42,4287,102671,9.0
42,4288,102703,32.0
42,4289,102714,11.0
42,4290,102729,15.0
42,4291,102741,12.0
42,4292,102779,38.0
42,4293,102821,42.0
42,4294,102843,22.0
42,4295,102872,29.0
42,4296,102886,14.0
42,4297,102929,43.0
42,4298,102947,18.0
42,4299,102959,12.0
42,4300,103010,51.0
42,4301,103029,19.0
42,4302,103052,23.0
42,4303,103068,16.0
42,4304,103090,22.0
42,4305,103175,85.0
42,4306,103187,12.0
42,4307,103199,12.0
42,4308,103239,40.0
42,4309,103248,9.0
42,4310,103306,58.0
42,4311,103320,14.0
42,4312,103336,16.0
42,4313,103369,33.0
42,4314,103380,11.0
42,4315,103396,16.0
42,4316,103420,24.0
42,4317,103433,13.0
42,4318,103447,14.0
42,4319,103465,18.0
42,4320,103505,40.0
42,4321,103545,40.0
42,4322,103560,15.0
42,4323,103584,24.0
42,4324,103608,24.0
42,4325,103618,10.0
42,4326,103666,48.0
42,4327,103679,13.0
42,4328,103694,15.0
42,4329,103729,35.0
42,4330,103761,32.0
42,4331,103772,11.0
42,4332,103785,13.0
42,4333,103798,13.0
42,4334,103821,23.0
42,4335,103843,22.0
42,4336,103856,13.0
42,4337,103882,26.0
42,4338,103911,29.0
42,4339,103929,18.0
42,4340,103955,26.0
42,4341,103975,20.0
42,4342,103989,14.0
42,4343,104007,18.0
42,4344,104020,13.0
42,4345,104031,11.0
42,4346,104056,25.0
42,4347,104082,26.0
42,4348,104122,40.0
42,4349,104141,19.0
42,4350,104155,14.0
42,4351,104237,82.0
42,4352,104256,19.0
42,4353,104280,24.0
42,4354,104292,12.0
42,4355,104311,19.0
42,4356,104409,98.0
42,4357,104430,21.0
42,4358,104457,27.0
42,4359,104486,29.0
42,4360,104494,8.0
42,4361,104545,51.0
42,4362,104559,14.0
42,4363,104574,15.0
42,4364,104606,32.0
42,4365,104677,71.0
42,4366,104689,12.0
42,4367,104712,23.0
42,4368,104730,18.0
42,4369,104750,20.0
42,4370,104759,9.0
42,4371,104773,14.0
42,4372,104812,39.0
42,4373,104838,26.0
42,4374,104858,20.0
42,4375,104867,9.0
42,4376,104906,39.0
42,4377,104929,23.0
42,4378,104972,43.0
42,4379,105009,37.0
42,4380,105063,54.0
42,4381,105084,21.0
42,4382,105104,20.0
42,4383,105124,20.0
42,4384,105140,16.0
42,4385,105160,20.0
42,4386,105175,15.0
42,4387,105195,20.0
42,4388,105221,26.0
42,4389,105232,11.0
42,4390,105259,27.0
42,4391,105285,26.0
42,4392,105309,24.0
42,4393,105321,12.0
42,4394,105362,41.0
42,4395,105375,13.0
42,4396,105414,39.0
42,4397,105429,15.0
42,4398,105473,44.0
42,4399,105497,24.0
42,4400,105523,26.0
42,4401,105537,14.0
42,4402,105561,24.0
42,4403,105583,22.0
42,4404,105672,89.0
42,4405,105691,19.0
42,4406,105773,82.0
42,4407,105805,32.0
42,4408,105816,11.0
42,4409,105830,14.0
42,4410,105872,42.0
42,4411,105892,20.0
42,4412,105937,45.0
42,4413,106030,93.0
42,4414,106054,24.0
42,4415,106074,20.0
42,4416,106093,19.0
42,4417,106130,37.0
42,4418,106165,35.0
42,4419,106220,55.0
42,4420,106256,36.0
42,4421,106269,13.0
42,4422,106284,15.0
42,4423,106319,35.0
42,4424,106339,20.0
42,4425,106355,16.0
42,4426,106383,28.0
42,4427,106399,16.0
42,4428,106436,37.0
42,4429,106467,31.0
42,4430,106500,33.0
42,4431,106568,68.0
42,4432,106584,16.0
42,4433,106600,16.0
42,4434,106623,23.0
42,4435,106669,46.0
42,4436,106686,17.0
42,4437,106700,14.0
42,4438,106738,38.0
42,4439,106751,13.0
42,4440,106767,16.0
42,4441,106779,12.0
42,4442,106805,26.0
42,4443,106836,31.0
42,4444,106896,60.0
42,4445,106949,53.0
42,4446,106964,15.0
42,4447,106993,29.0
42,4448,107086,93.0
42,4449,107116,30.0
42,4450,107134,18.0
42,4451,107143,9.0
42,4452,107164,21.0
42,4453,107182,18.0
42,4454,107194,12.0
42,4455,107214,20.0
42,4456,107228,14.0
42,4457,107275,47.0
42,4458,107308,33.0
42,4459,107337,29.0
42,4460,107393,56.0
42,4461,107428,35.0
42,4462,107445,17.0
42,4463,107468,23.0
42,4464,107502,34.0
42,4465,107518,16.0
42,4466,107533,15.0
42,4467,107541,8.0
42,4468,107564,23.0
42,4469,107580,16.0
42,4470,107669,89.0
42,4471,107743,74.0
42,4472,107766,23.0
42,4473,107789,23.0
42,4474,107802,13.0
42,4475,107854,52.0
42,4476,107869,15.0
42,4477,107883,14.0
42,4478,107896,13.0
42,4479,107985,89.0
42,4480,108008,23.0
42,4481,108031,23.0
42,4482,108054,23.0
42,4483,108066,12.0
42,4484,108089,23.0
42,4485,108157,68.0
42,4486,108188,31.0
42,4487,108199,11.0
42,4488,108216,17.0
42,4489,108307,91.0
42,4490,108397,90.0
42,4491,108435,38.0
42,4492,108458,23.0
42,4493,108488,30.0
42,4494,108508,20.0
42,4495,108536,28.0
42,4496,108563,27.0
42,4497,108584,21.0
42,4498,108599,15.0
42,4499,108608,9.0
42,4500,108629,21.0
42,4501,108697,68.0
42,4502,108716,19.0
42,4503,108734,18.0
42,4504,108763,29.0
42,4505,108814,51.0
42,4506,108862,48.0
42,4507,108881,19.0
42,4508,108954,73.0
42,4509,108976,22.0
42,4510,108995,19.0
42,4511,109019,24.0
42,4512,109091,72.0
42,4513,109121,30.0
42,4514,109156,35.0
42,4515,109168,12.0
42,4516,109197,29.0
42,4517,109212,15.0
42,4518,109240,28.0
42,4519,109272,32.0
42,4520,109282,10.0
42,4521,109296,14.0
42,4522,109311,15.0
42,4523,109326,15.0
42,4524,109344,18.0
42,4525,109367,23.0
42,4526,109379,12.0
42,4527,109389,10.0
42,4528,109405,16.0
42,4529,109429,24.0
42,4530,109451,22.0
42,4531,109466,15.0
42,4532,109492,26.0
42,4533,109507,15.0
42,4534,109551,44.0
42,4535,109588,37.0
42,4536,109625,37.0
42,4537,109647,22.0
42,4538,109687,40.0
42,4539,109704,17.0
42,4540,109722,18.0
42,4541,109744,22.0
42,4542,109758,14.0
42,4543,109819,61.0
42,4544,109867,48.0
42,4545,109884,17.0
42,4546,109914,30.0
42,4547,109929,15.0
42,4548,109947,18.0
42,4549,109963,16.0
42,4550,109986,23.0
42,4551,110043,57.0
42,4552,110061,18.0
42,4553,110121,60.0
42,4554,110131,10.0
42,4555,110154,23.0
42,4556,110167,13.0
42,4557,110191,24.0
42,4558,110203,12.0
42,4559,110278,75.0
42,4560,110346,68.0
42,4561,110376,30.0
42,4562,110398,22.0
42,4563,110411,13.0
42,4564,110425,14.0
42,4565,110453,28.0
42,4566,110497,44.0
42,4567,110594,97.0
42,4568,110607,13.0
42,4569,110629,22.0
42,4570,110703,74.0
42,4571,110724,21.0
42,4572,110761,37.0
42,4573,110788,27.0
42,4574,110810,22.0
42,4575,110833,23.0
42,4576,110855,22.0
42,4577,110866,11.0
42,4578,110895,29.0
42,4579,110926,31.0
42,4580,110947,21.0
42,4581,110967,20.0
42,4582,110989,22.0
42,4583,111012,23.0
42,4584,111021,9.0
42,4585,111060,39.0
42,4586,111081,21.0
42,4587,111115,34.0
42,4588,111143,28.0
42,4589,111161,18.0
42,4590,111190,29.0
42,4591,111215,25.0
42,4592,111236,21.0
42,4593,111253,17.0
42,4594,111282,29.0
42,4595,111307,25.0
42,4596,111324,17.0
42,4597,111337,13.0
42,4598,111367,30.0
42,4599,111408,41.0
42,4600,111418,10.0
42,4601,111430,12.0
42,4602,111459,29.0
42,4603,111491,32.0
42,4604,111504,13.0
42,4605,111546,42.0
42,4606,111585,39.0
42,4607,111606,21.0
42,4608,111648,42.0
42,4609,111663,15.0
42,4610,111681,18.0
42,4611,111696,15.0
42,4612,111712,16.0
42,4613,111744,32.0
42,4614,111767,23.0
42,4615,111787,20.0
42,4616,111813,26.0
42,4617,111831,18.0
42,4618,111871,40.0
42,4619,111905,34.0
42,4620,111919,14.0
42,4621,111933,14.0
42,4622,111959,26.0
42,4623,111972,13.0
42,4624,112018,46.0
42,4625,112041,23.0
42,4626,112060,19.0
42,4627,112088,28.0
42,4628,112102,14.0
42,4629,112117,15.0
42,4630,112134,17.0
42,4631,112147,13.0
42,4632,112165,18.0
42,4633,112197,32.0
42,4634,112216,19.0
42,4635,112249,33.0
42,4636,112273,24.0
42,4637,112282,9.0
42,4638,112295,13.0
42,4639,112323,28.0
42,4640,112353,30.0
42,4641,112366,13.0
42,4642,112381,15.0
42,4643,112398,17.0
42,4644,112410,12.0
42,4645,112429,19.0
42,4646,112494,65.0
42,4647,112526,32.0
42,4648,112542,16.0
42,4649,112585,43.0
42,4650,112597,12.0
42,4651,112623,26.0
42,4652,112647,24.0
42,4653,112668,21.0
42,4654,112683,15.0
42,4655,112705,22.0
42,4656,112731,26.0
42,4657,112759,28.0
42,4658,112774,15.0
42,4659,112814,40.0
42,4660,112832,18.0
42,4661,112864,32.0
42,4662,112877,13.0
42,4663,112896,19.0
42,4664,112909,13.0
42,4665,112941,32.0
42,4666,112978,37.0
42,4667,113033,55.0
42,4668,113059,26.0
42,4669,113068,9.0
42,4670,113087,19.0
42,4671,113104,17.0
42,4672,113149,45.0
42,4673,113178,29.0
42,4674,113197,19.0
42,4675,113221,24.0
42,4676,113236,15.0
42,4677,113257,21.0
42,4678,113309,52.0
42,4679,113331,22.0
42,4680,113378,47.0
42,4681,113397,19.0
42,4682,113435,38.0
42,4683,113471,36.0
42,4684,113514,43.0
42,4685,113579,65.0
42,4686,113629,50.0
42,4687,113668,39.0
42,4688,113681,13.0
42,4689,113694,13.0
42,4690,113723,29.0
42,4691,113740,17.0
42,4692,113770,30.0
42,4693,113793,23.0
42,4694,113810,17.0
42,4695,113835,25.0
42,4696,113854,19.0
42,4697,113867,13.0
42,4698,113893,26.0
42,4699,113910,17.0
42,4700,113920,10.0
42,4701,113955,35.0
42,4702,113966,11.0
42,4703,113983,17.0
42,4704,114017,34.0
42,4705,114032,15.0
42,4706,114059,27.0
42,4707,114085,26.0
42,4708,114105,20.0
42,4709,114125,20.0
42,4710,114144,19.0
42,4711,114176,32.0
42,4712,114192,16.0
42,4713,114207,15.0
42,4714,114218,11.0
42,4715,114252,34.0
42,4716,114268,16.0
42,4717,114308,40.0
42,4718,114343,35.0
42,4719,114381,38.0
42,4720,114411,30.0
42,4721,114453,42.0
42,4722,114468,15.0
42,4723,114485,17.0
42,4724,114514,29.0
42,4725,114529,15.0
42,4726,114555,26.0
42,4727,114571,16.0
42,4728,114596,25.0
42,4729,114617,21.0
42,4730,114641,24.0
42,4731,114681,40.0
42,4732,114694,13.0
42,4733,114736,42.0
42,4734,114758,22.0
42,4735,114775,17.0
42,4736,114788,13.0
42,4737,114883,95.0
42,4738,114913,30.0
42,4739,114974,61.0
42,4740,114995,21.0
42,4741,115048,53.0
42,4742,115066,18.0
42,4743,115076,10.0
42,4744,115095,19.0
42,4745,115114,19.0
42,4746,115130,16.0
42,4747,115162,32.0
42,4748,115182,20.0
42,4749,115200,18.0
42,4750,115233,33.0
42,4751,115272,39.0
42,4752,115303,31.0
42,4753,115327,24.0
42,4754,115358,31.0
42,4755,115373,15.0
42,4756,115401,28.0
42,4757,115421,20.0
42,4758,115434,13.0
42,4759,115449,15.0
42,4760,115463,14.0
42,4761,115495,32.0
42,4762,115522,27.0
42,4763,115542,20.0
42,4764,115557,15.0
42,4765,115569,12.0
42,4766,115586,17.0
42,4767,115602,16.0
42,4768,115620,18.0
42,4769,115638,18.0
42,4770,115654,16.0
42,4771,115673,19.0
42,4772,115728,55.0
42,4773,115738,10.0
42,4774,115773,35.0
42,4775,115788,15.0
42,4776,115826,38.0
42,4777,115862,36.0
42,4778,115896,34.0
42,4779,115918,22.0
42,4780,115936,18.0
42,4781,115955,19.0
42,4782,115987,32.0
42,4783,116004,17.0
42,4784,116082,78.0
42,4785,116104,22.0
42,4786,116125,21.0
42,4787,116137,12.0
42,4788,116156,19.0
42,4789,116187,31.0
42,4790,116216,29.0
42,4791,116245,29.0
42,4792,116269,24.0
42,4793,116302,33.0
42,4794,116334,32.0
42,4795,116372,38.0
42,4796,116382,10.0
42,4797,116404,22.0
42,4798,116422,18.0
42,4799,116477,55.0
42,4800,116526,49.0
42,4801,116564,38.0
42,4802,116580,16.0
42,4803,116607,27.0
42,4804,116618,11.0
42,4805,116650,32.0
42,4806,116668,18.0
42,4807,116691,23.0
42,4808,116705,14.0
42,4809,116720,15.0
42,4810,116746,26.0
42,4811,116767,21.0
42,4812,116790,23.0
42,4813,116820,30.0
42,4814,116860,40.0
42,4815,116879,19.0
42,4816,116892,13.0
42,4817,116902,10.0
42,4818,116924,22.0
42,4819,116991,67.0
42,4820,117018,27.0
42,4821,117029,11.0
42,4822,117044,15.0
42,4823,117064,20.0
42,4824,117080,16.0
42,4825,117099,19.0
42,4826,117134,35.0
42,4827,117149,15.0
42,4828,117188,39.0
42,4829,117205,17.0
42,4830,117240,35.0
42,4831,117287,47.0
42,4832,117301,14.0
42,4833,117330,29.0
42,4834,117342,12.0
42,4835,117375,33.0
42,4836,117388,13.0
42,4837,117408,20.0
42,4838,117431,23.0
42,4839,117463,32.0
42,4840,117483,20.0
42,4841,117512,29.0
42,4842,117541,29.0
42,4843,117566,25.0
42,4844,117599,33.0
42,4845,117619,20.0
42,4846,117633,14.0
42,4847,117684,51.0
42,4848,117701,17.0
42,4849,117725,24.0
42,4850,117750,25.0
42,4851,117769,19.0
42,4852,117793,24.0
42,4853,117809,16.0
42,4854,117868,59.0
42,4855,117917,49.0
42,4856,117975,58.0
42,4857,118021,46.0
42,4858,118043,22.0
42,4859,118073,30.0
42,4860,118108,35.0
42,4861,118157,49.0
42,4862,118182,25.0
42,4863,118194,12.0
42,4864,118217,23.0
42,4865,118230,13.0
42,4866,118241,11.0
42,4867,118254,13.0
42,4868,118265,11.0
42,4869,118297,32.0
42,4870,118360,63.0
42,4871,118383,23.0
42,4872,118407,24.0
42,4873,118451,44.0
42,4874,118465,14.0
42,4875,118491,26.0
42,4876,118512,21.0
42,4877,118562,50.0
42,4878,118581,19.0
42,4879,118630,49.0
42,4880,118646,16.0
42,4881,118664,18.0
42,4882,118681,17.0
42,4883,118704,23.0
42,4884,118719,15.0
42,4885,118747,28.0
42,4886,118782,35.0
42,4887,118823,41.0
42,4888,118847,24.0
42,4889,118881,34.0
42,4890,118938,57.0
42,4891,118972,34.0
42,4892,119007,35.0
42,4893,119027,20.0
42,4894,119053,26.0
42,4895,119071,18.0
42,4896,119086,15.0
42,4897,119105,19.0
42,4898,119128,23.0
42,4899,119166,38.0
42,4900,119186,20.0
42,4901,119223,37.0
42,4902,119281,58.0
42,4903,119303,22.0
42,4904,119313,10.0
42,4905,119334,21.0
42,4906,119367,33.0
42,4907,119390,23.0
42,4908,119405,15.0
42,4909,119421,16.0
42,4910,119435,14.0
42,4911,119451,16.0
42,4912,119498,47.0
42,4913,119528,30.0
42,4914,119550,22.0
42,4915,119574,24.0
42,4916,119609,35.0
42,4917,119654,45.0
42,4918,119667,13.0
42,4919,119699,32.0
42,4920,119713,14.0
42,4921,119730,17.0
42,4922,119751,21.0
42,4923,119772,21.0
42,4924,119794,22.0
42,4925,119850,56.0
42,4926,119923,73.0
42,4927,119962,39.0
42,4928,119994,32.0
42,4929,120028,34.0
42,4930,120041,13.0
42,4931,120054,13.0
42,4932,120072,18.0
42,4933,120087,15.0
42,4934,120115,28.0
42,4935,120134,19.0
42,4936,120158,24.0
42,4937,120200,42.0
42,4938,120216,16.0
42,4939,120227,11.0
42,4940,120245,18.0
42,4941,120267,22.0
42,4942,120292,25.0
42,4943,120313,21.0
42,4944,120329,16.0
42,4945,120347,18.0
42,4946,120372,25.0
42,4947,120391,19.0
42,4948,120407,16.0
42,4949,120459,52.0
42,4950,120488,29.0
42,4951,120514,26.0
42,4952,120539,25.0
42,4953,120578,39.0
42,4954,120602,24.0
42,4955,120623,21.0
42,4956,120645,22.0
42,4957,120685,40.0
42,4958,120706,21.0
42,4959,120742,36.0
42,4960,120789,47.0
42,4961,120803,14.0
42,4962,120826,23.0
42,4963,120841,15.0
42,4964,120858,17.0
42,4965,120926,68.0
42,4966,120955,29.0
42,4967,120970,15.0
42,4968,121005,35.0
42,4969,121020,15.0
42,4970,121032,12.0
42,4971,121064,32.0
42,4972,121079,15.0
42,4973,121098,19.0
42,4974,121113,15.0
42,4975,121134,21.0
42,4976,121152,18.0
42,4977,121167,15.0
42,4978,121184,17.0
42,4979,121205,21.0
42,4980,121218,13.0
42,4981,121239,21.0
42,4982,121257,18.0
42,4983,121270,13.0
42,4984,121297,27.0
42,4985,121318,21.0
42,4986,121380,62.0
42,4987,121425,45.0
42,4988,121436,11.0
42,4989,121483,47.0
42,4990,121493,10.0
42,4991,121516,23.0
42,4992,121543,27.0
42,4993,121564,21.0
42,4994,121589,25.0
42,4995,121628,39.0
42,4996,121641,13.0
42,4997,121659,18.0
42,4998,121671,12.0
42,4999,121709,38.0
42,5000,121731,22.0
42,5001,121744,13.0
42,5002,121759,15.0
42,5003,121795,36.0
42,5004,121811,16.0
42,5005,121830,19.0
42,5006,121859,29.0
42,5007,121898,39.0
42,5008,121915,17.0
42,5009,121929,14.0
42,5010,121967,38.0
42,5011,121983,16.0
42,5012,121993,10.0
42,5013,122066,73.0
42,5014,122093,27.0
42,5015,122142,49.0
42,5016,122160,18.0
42,5017,122182,22.0
42,5018,122211,29.0
42,5019,122222,11.0
42,5020,122276,54.0
42,5021,122294,18.0
42,5022,122304,10.0
42,5023,122323,19.0
42,5024,122334,11.0
42,5025,122384,50.0
42,5026,122444,60.0
42,5027,122469,25.0
42,5028,122508,39.0
42,5029,122547,39.0
42,5030,122558,11.0
42,5031,122575,17.0
42,5032,122592,17.0
42,5033,122611,19.0
42,5034,122641,30.0
42,5035,122697,56.0
42,5036,122733,36.0
42,5037,122762,29.0
42,5038,122782,20.0
42,5039,122809,27.0
42,5040,122852,43.0
42,5041,122882,30.0
42,5042,122894,12.0
42,5043,122913,19.0
42,5044,122946,33.0
42,5045,122962,16.0
42,5046,122993,31.0
42,5047,123033,40.0
42,5048,123049,16.0
42,5049,123091,42.0
42,5050,123102,11.0
42,5051,123135,33.0
42,5052,123173,38.0
42,5053,123189,16.0
42,5054,123236,47.0
42,5055,123254,18.0
42,5056,123281,27.0
42,5057,123295,14.0
42,5058,123351,56.0
42,5059,123382,31.0
42,5060,123428,46.0
42,5061,123452,24.0
42,5062,123466,14.0
42,5063,123498,32.0
42,5064,123530,32.0
42,5065,123556,26.0
42,5066,123586,30.0
42,5067,123597,11.0
42,5068,123627,30.0
42,5069,123659,32.0
42,5070,123683,24.0
42,5071,123722,39.0
42,5072,123739,17.0
42,5073,123754,15.0
42,5074,123800,46.0
42,5075,123826,26.0
42,5076,123852,26.0
42,5077,123868,16.0
42,5078,123909,41.0
42,5079,123930,21.0
42,5080,123972,42.0
42,5081,124023,51.0
42,5082,124052,29.0
42,5083,124100,48.0
42,5084,124121,21.0
42,5085,124133,12.0
42,5086,124144,11.0
42,5087,124171,27.0
42,5088,124190,19.0
42,5089,124204,14.0
42,5090,124237,33.0
42,5091,124250,13.0
42,5092,124273,23.0
42,5093,124320,47.0
42,5094,124340,20.0
42,5095,124407,67.0
42,5096,124453,46.0
42,5097,124466,13.0
42,5098,124490,24.0
42,5099,124512,22.0
42,5100,124572,60.0
42,5101,124594,22.0
42,5102,124607,13.0
42,5103,124627,20.0
42,5104,124655,28.0
42,5105,124667,12.0
42,5106,124689,22.0
42,5107,124710,21.0
42,5108,124735,25.0
42,5109,124747,12.0
42,5110,124765,18.0
42,5111,124779,14.0
42,5112,124790,11.0
42,5113,124802,12.0
42,5114,124828,26.0
42,5115,124950,122.0
42,5116,124966,16.0
42,5117,124991,25.0
42,5118,125008,17.0
42,5119,125034,26.0
42,5120,125049,15.0
42,5121,125079,30.0
42,5122,125120,41.0
42,5123,125140,20.0
42,5124,125173,33.0
42,5125,125191,18.0
42,5126,125222,31.0
42,5127,125234,12.0
42,5128,125281,47.0
42,5129,125306,25.0
42,5130,125374,68.0
42,5131,125398,24.0
42,5132,125408,10.0
42,5133,125430,22.0
42,5134,125465,35.0
42,5135,125489,24.0
42,5136,125531,42.0
42,5137,125546,15.0
42,5138,125564,18.0
42,5139,125584,20.0
42,5140,125607,23.0
42,5141,125677,70.0
42,5142,125693,16.0
42,5143,125771,78.0
42,5144,125795,24.0
42,5145,125840,45.0
42,5146,125858,18.0
42,5147,125901,43.0
42,5148,125937,36.0
42,5149,125953,16.0
42,5150,126030,77.0
42,5151,126046,16.0
42,5152,126093,47.0
42,5153,126103,10.0
42,5154,126146,43.0
42,5155,126163,17.0
42,5156,126176,13.0
42,5157,126191,15.0
42,5158,126227,36.0
42,5159,126244,17.0
42,5160,126267,23.0
42,5161,126301,34.0
42,5162,126313,12.0
42,5163,126331,18.0
42,5164,126349,18.0
42,5165,126362,13.0
42,5166,126398,36.0
42,5167,126411,13.0
42,5168,126442,31.0
42,5169,126493,51.0
42,5170,126510,17.0
42,5171,126545,35.0
42,5172,126556,11.0
42,5173,126568,12.0
42,5174,126610,42.0
42,5175,126632,22.0
42,5176,126663,31.0
42,5177,126686,23.0
42,5178,126716,30.0
42,5179,126800,84.0
42,5180,126841,41.0
42,5181,126867,26.0
42,5182,126912,45.0
42,5183,126925,13.0
42,5184,126944,19.0
42,5185,126953,9.0
42,5186,126983,30.0
42,5187,127008,25.0
42,5188,127027,19.0
42,5189,127050,23.0
42,5190,127064,14.0
42,5191,127095,31.0
42,5192,127117,22.0
42,5193,127144,27.0
42,5194,127168,24.0
42,5195,127198,30.0
42,5196,127239,41.0
42,5197,127253,14.0
42,5198,127302,49.0
42,5199,127317,15.0
42,5200,127335,18.0
42,5201,127360,25.0
42,5202,127384,24.0
42,5203,127416,32.0
42,5204,127429,13.0
42,5205,127449,20.0
42,5206,127479,30.0
42,5207,127488,9.0
42,5208,127512,24.0
42,5209,127553,41.0
42,5210,127579,26.0
42,5211,127598,19.0
42,5212,127637,39.0
42,5213,127659,22.0
42,5214,127679,20.0
42,5215,127696,17.0
42,5216,127716,20.0
42,5217,127740,24.0
42,5218,127785,45.0
42,5219,127798,13.0
42,5220,127843,45.0
42,5221,127855,12.0
42,5222,127880,25.0
42,5223,127923,43.0
42,5224,127940,17.0
42,5225,127964,24.0
42,5226,127984,20.0
42,5227,128002,18.0
42,5228,128013,11.0
42,5229,128024,11.0
42,5230,128039,15.0
42,5231,128063,24.0
42,5232,128120,57.0
42,5233,128141,21.0
42,5234,128190,49.0
42,5235,128222,32.0
42,5236,128245,23.0
42,5237,128281,36.0
42,5238,128307,26.0
42,5239,128330,23.0
42,5240,128354,24.0
42,5241,128382,28.0
42,5242,128399,17.0
42,5243,128427,28.0
42,5244,128449,22.0
42,5245,128470,21.0
42,5246,128485,15.0
42,5247,128503,18.0
42,5248,128538,35.0
42,5249,128552,14.0
42,5250,128568,16.0
42,5251,128593,25.0
42,5252,128660,67.0
42,5253,128691,31.0
42,5254,128729,38.0
42,5255,128764,35.0
42,5256,128780,16.0
42,5257,128799,19.0
42,5258,128817,18.0
42,5259,128852,35.0
42,5260,128884,32.0
42,5261,128894,10.0
42,5262,128936,42.0
42,5263,128979,43.0
42,5264,128998,19.0
42,5265,129015,17.0
42,5266,129037,22.0
42,5267,129071,34.0
42,5268,129113,42.0
42,5269,129147,34.0
42,5270,129172,25.0
42,5271,129185,13.0
42,5272,129207,22.0
42,5273,129219,12.0
42,5274,129231,12.0
42,5275,129258,27.0
42,5276,129297,39.0
42,5277,129313,16.0
42,5278,129328,15.0
42,5279,129375,47.0
42,5280,129393,18.0
42,5281,129457,64.0
42,5282,129474,17.0
42,5283,129504,30.0
42,5284,129517,13.0
42,5285,129540,23.0
42,5286,129554,14.0
42,5287,129577,23.0
42,5288,129600,23.0
42,5289,129627,27.0
42,5290,129641,14.0
42,5291,129659,18.0
42,5292,129725,66.0
42,5293,129748,23.0
42,5294,129759,11.0
42,5295,129779,20.0
42,5296,129809,30.0
42,5297,129850,41.0
42,5298,129878,28.0
42,5299,129903,25.0
42,5300,129961,58.0
42,5301,130000,39.0
42,5302,130030,30.0
42,5303,130061,31.0
42,5304,130075,14.0
42,5305,130106,31.0
42,5306,130150,44.0
42,5307,130173,23.0
42,5308,130190,17.0
42,5309,130205,15.0
42,5310,130227,22.0
42,5311,130248,21.0
42,5312,130282,34.0
42,5313,130296,14.0
42,5314,130309,13.0
42,5315,130333,24.0
42,5316,130359,26.0
42,5317,130371,12.0
42,5318,130388,17.0
42,5319,130414,26.0
42,5320,130443,29.0
42,5321,130454,11.0
42,5322,130482,28.0
42,5323,130494,12.0
42,5324,130505,11.0
42,5325,130525,20.0
42,5326,130543,18.0
42,5327,130555,12.0
42,5328,130567,12.0
42,5329,130599,32.0
42,5330,130638,39.0
42,5331,130673,35.0
42,5332,130693,20.0
42,5333,130710,17.0
42,5334,130749,39.0
42,5335,130784,35.0
42,5336,130801,17.0
42,5337,130816,15.0
42,5338,130874,58.0
42,5339,130888,14.0
42,5340,130911,23.0
42,5341,130927,16.0
42,5342,130962,35.0
42,5343,130994,32.0
42,5344,131056,62.0
42,5345,131122,66.0
42,5346,131136,14.0
42,5347,131153,17.0
42,5348,131177,24.0
42,5349,131204,27.0
42,5350,131219,15.0
42,5351,131262,43.0
42,5352,131328,66.0
42,5353,131351,23.0
42,5354,131369,18.0
42,5355,131394,25.0
42,5356,131434,40.0
42,5357,131452,18.0
42,5358,131461,9.0
42,5359,131524,63.0
42,5360,131541,17.0
42,5361,131558,17.0
42,5362,131588,30.0
42,5363,131616,28.0
42,5364,131650,34.0
42,5365,131665,15.0
42,5366,131681,16.0
42,5367,131713,32.0
42,5368,131723,10.0
42,5369,131746,23.0
42,5370,131779,33.0
42,5371,131793,14.0
42,5372,131836,43.0
42,5373,131864,28.0
42,5374,131901,37.0
42,5375,131932,31.0
42,5376,131977,45.0
42,5377,131993,16.0
42,5378,132010,17.0
42,5379,132035,25.0
42,5380,132070,35.0
42,5381,132081,11.0
42,5382,132098,17.0
42,5383,132146,48.0
42,5384,132173,27.0
42,5385,132185,12.0
42,5386,132199,14.0
42,5387,132233,34.0
42,5388,132257,24.0
42,5389,132280,23.0
42,5390,132293,13.0
42,5391,132310,17.0
42,5392,132322,12.0
42,5393,132372,50.0
42,5394,132418,46.0
42,5395,132450,32.0
42,5396,132469,19.0
42,5397,132482,13.0
42,5398,132493,11.0
42,5399,132509,16.0
42,5400,132544,35.0
42,5401,132587,43.0
42,5402,132616,29.0
42,5403,132635,19.0
42,5404,132661,26.0
42,5405,132681,20.0
42,5406,132737,56.0
42,5407,132749,12.0
42,5408,132791,42.0
42,5409,132817,26.0
42,5410,132834,17.0
42,5411,132858,24.0
42,5412,132881,23.0
42,5413,132916,35.0
42,5414,132928,12.0
42,5415,132943,15.0
42,5416,132975,32.0
42,5417,132995,20.0
42,5418,133022,27.0
42,5419,133060,38.0
42,5420,133094,34.0
42,5421,133107,13.0
42,5422,133118,11.0
42,5423,133158,40.0
42,5424,133172,14.0
42,5425,133206,34.0
42,5426,133229,23.0
42,5427,133258,29.0
42,5428,133281,23.0
42,5429,133309,28.0
42,5430,133345,36.0
42,5431,133390,45.0
42,5432,133408,18.0
42,5433,133428,20.0
42,5434,133438,10.0
42,5435,133474,36.0
42,5436,133543,69.0
42,5437,133557,14.0
42,5438,133571,14.0
42,5439,133586,15.0
42,5440,133609,23.0
42,5441,133679,70.0
42,5442,133712,33.0
42,5443,133732,20.0
42,5444,133747,15.0
42,5445,133765,18.0
42,5446,133793,28.0
42,5447,133806,13.0
42,5448,133840,34.0
42,5449,133852,12.0
42,5450,133890,38.0
42,5451,133911,21.0
42,5452,133932,21.0
42,5453,133953,21.0
42,5454,133975,22.0
42,5455,133994,19.0
42,5456,134002,8.0
42,5457,134012,10.0
42,5458,134041,29.0
42,5459,134085,44.0
42,5460,134099,14.0
42,5461,134169,70.0
42,5462,134182,13.0
42,5463,134238,56.0
42,5464,134258,20.0
42,5465,134280,22.0
42,5466,134338,58.0
42,5467,134396,58.0
42,5468,134409,13.0
42,5469,134430,21.0
42,5470,134447,17.0
42,5471,134484,37.0
42,5472,134523,39.0
42,5473,134565,42.0
42,5474,134591,26.0
42,5475,134635,44.0
42,5476,134658,23.0
42,5477,134723,65.0
42,5478,134739,16.0
42,5479,134753,14.0
42,5480,134793,40.0
42,5481,134847,54.0
42,5482,134887,40.0
42,5483,134913,26.0
42,5484,134924,11.0
42,5485,134954,30.0
42,5486,134970,16.0
42,5487,134998,28.0
42,5488,135052,54.0
42,5489,135067,15.0
42,5490,135093,26.0
42,5491,135123,30.0
42,5492,135135,12.0
42,5493,135177,42.0
42,5494,135202,25.0
42,5495,135242,40.0
42,5496,135328,86.0
42,5497,135358,30.0
42,5498,135392,34.0
42,5499,135409,17.0
42,5500,135421,12.0
42,5501,135458,37.0
42,5502,135475,17.0
42,5503,135498,23.0
42,5504,135536,38.0
42,5505,135559,23.0
42,5506,135574,15.0
42,5507,135586,12.0
42,5508,135603,17.0
42,5509,135625,22.0
42,5510,135640,15.0
42,5511,135659,19.0
42,5512,135682,23.0
42,5513,135695,13.0
42,5514,135742,47.0
42,5515,135766,24.0
42,5516,135778,12.0
42,5517,135797,19.0
42,5518,135816,19.0
42,5519,135835,19.0
42,5520,135863,28.0
42,5521,135901,38.0
42,5522,135920,19.0
42,5523,135950,30.0
42,5524,135996,46.0
42,5525,136040,44.0
42,5526,136073,33.0
42,5527,136091,18.0
42,5528,136111,20.0
42,5529,136131,20.0
42,5530,136186,55.0
42,5531,136202,16.0
42,5532,136217,15.0
42,5533,136231,14.0
42,5534,136364,133.0
42,5535,136380,16.0
42,5536,136435,55.0
42,5537,136456,21.0
42,5538,136479,23.0
42,5539,136517,38.0
42,5540,136579,62.0
42,5541,136602,23.0
42,5542,136616,14.0
42,5543,136636,20.0
42,5544,136657,21.0
42,5545,136677,20.0
42,5546,136693,16.0
42,5547,136720,27.0
42,5548,136732,12.0
42,5549,136763,31.0
42,5550,136783,20.0
42,5551,136807,24.0
42,5552,136820,13.0
42,5553,136835,15.0
42,5554,136846,11.0
42,5555,136865,19.0
42,5556,136890,25.0
42,5557,136914,24.0
42,5558,136932,18.0
42,5559,136952,20.0
42,5560,136977,25.0
42,5561,137001,24.0
42,5562,137030,29.0
42,5563,137048,18.0
42,5564,137094,46.0
42,5565,137110,16.0
42,5566,137130,20.0
42,5567,137158,28.0
42,5568,137213,55.0
42,5569,137251,38.0
42,5570,137266,15.0
42,5571,137281,15.0
42,5572,137297,16.0
42,5573,137346,49.0
42,5574,137427,81.0
42,5575,137439,12.0
42,5576,137462,23.0
42,5577,137493,31.0
42,5578,137545,52.0
42,5579,137598,53.0
42,5580,137611,13.0
42,5581,137638,27.0
42,5582,137651,13.0
42,5583,137684,33.0
42,5584,137715,31.0
42,5585,137745,30.0
42,5586,137773,28.0
42,5587,137786,13.0
42,5588,137811,25.0
42,5589,137828,17.0
42,5590,137838,10.0
42,5591,137859,21.0
42,5592,137910,51.0
42,5593,137922,12.0
42,5594,137949,27.0
42,5595,137990,41.0
42,5596,138004,14.0
42,5597,138027,23.0
42,5598,138052,25.0
42,5599,138100,48.0
42,5600,138170,70.0
42,5601,138191,21.0
42,5602,138210,19.0
42,5603,138254,44.0
42,5604,138290,36.0
42,5605,138304,14.0
42,5606,138339,35.0
42,5607,138356,17.0
42,5608,138382,26.0
42,5609,138398,16.0
42,5610,138410,12.0
42,5611,138449,39.0
42,5612,138481,32.0
42,5613,138495,14.0
42,5614,138516,21.0
42,5615,138529,13.0
42,5616,138539,10.0
42,5617,138639,100.0
42,5618,138688,49.0
42,5619,138725,37.0
42,5620,138772,47.0
42,5621,138839,67.0
42,5622,138861,22.0
42,5623,138874,13.0
42,5624,138887,13.0
42,5625,138905,18.0
42,5626,138925,20.0
42,5627,138941,16.0
42,5628,138959,18.0
42,5629,138988,29.0
42,5630,139009,21.0
42,5631,139033,24.0
42,5632,139061,28.0
42,5633,139117,56.0
42,5634,139178,61.0
42,5635,139197,19.0
42,5636,139236,39.0
42,5637,139260,24.0
42,5638,139293,33.0
42,5639,139306,13.0
42,5640,139332,26.0
42,5641,139383,51.0
42,5642,139397,14.0
42,5643,139420,23.0
42,5644,139446,26.0
42,5645,139503,57.0
42,5646,139515,12.0
42,5647,139541,26.0
42,5648,139552,11.0
42,5649,139566,14.0
42,5650,139603,37.0
42,5651,139628,25.0
42,5652,139645,17.0
42,5653,139664,19.0
42,5654,139706,42.0
42,5655,139724,18.0
42,5656,139756,32.0
42,5657,139767,11.0
42,5658,139784,17.0
42,5659,139800,16.0
42,5660,139851,51.0
42,5661,139890,39.0
42,5662,139909,19.0
42,5663,139940,31.0
42,5664,139957,17.0
42,5665,139975,18.0
42,5666,140002,27.0
42,5667,140068,66.0
42,5668,140103,35.0
42,5669,140126,23.0
42,5670,140146,20.0
42,5671,140175,29.0
42,5672,140193,18.0
42,5673,140260,67.0
42,5674,140284,24.0
42,5675,140371,87.0
42,5676,140384,13.0
42,5677,140407,23.0
42,5678,140426,19.0
42,5679,140471,45.0
42,5680,140505,34.0
42,5681,140531,26.0
42,5682,140549,18.0
42,5683,140569,20.0
42,5684,140598,29.0
42,5685,140650,52.0
42,5686,140665,15.0
42,5687,140679,14.0
42,5688,140699,20.0
42,5689,140737,38.0
42,5690,140751,14.0
42,5691,140796,45.0
42,5692,140828,32.0
42,5693,140846,18.0
42,5694,140860,14.0
42,5695,140891,31.0
42,5696,140913,22.0
42,5697,140940,27.0
42,5698,140990,50.0
42,5699,141010,20.0
42,5700,141058,48.0
42,5701,141085,27.0
42,5702,141098,13.0
42,5703,141133,35.0
42,5704,141154,21.0
42,5705,141165,11.0
42,5706,141183,18.0
42,5707,141232,49.0
42,5708,141261,29.0
42,5709,141285,24.0
42,5710,141314,29.0
42,5711,141332,18.0
42,5712,141369,37.0
42,5713,141381,12.0
42,5714,141415,34.0
42,5715,141429,14.0
42,5716,141454,25.0
42,5717,141467,13.0
42,5718,141480,13.0
42,5719,141501,21.0
42,5720,141545,44.0
42,5721,141565,20.0
42,5722,141593,28.0
42,5723,141635,42.0
42,5724,141651,16.0
42,5725,141666,15.0
42,5726,141689,23.0
42,5727,141708,19.0
42,5728,141723,15.0
42,5729,141744,21.0
42,5730,141773,29.0
42,5731,141795,22.0
42,5732,141823,28.0
42,5733,141862,39.0
42,5734,141877,15.0
42,5735,141899,22.0
42,5736,141936,37.0
42,5737,141967,31.0
42,5738,141997,30.0
42,5739,142023,26.0
42,5740,142033,10.0
42,5741,142043,10.0
42,5742,142080,37.0
42,5743,142137,57.0
42,5744,142151,14.0
42,5745,142180,29.0
42,5746,142240,60.0
42,5747,142267,27.0
42,5748,142285,18.0
42,5749,142308,23.0
42,5750,142332,24.0
42,5751,142367,35.0
42,5752,142398,31.0
42,5753,142420,22.0
42,5754,142450,30.0
42,5755,142471,21.0
42,5756,142488,17.0
42,5757,142507,19.0
42,5758,142606,99.0
42,5759,142617,11.0
42,5760,142642,25.0
42,5761,142666,24.0
42,5762,142701,35.0
42,5763,142720,19.0
42,5764,142757,37.0
42,5765,142825,68.0
42,5766,142848,23.0
42,5767,142866,18.0
42,5768,142889,23.0
42,5769,142902,13.0
42,5770,142930,28.0
42,5771,142964,34.0
42,5772,142991,27.0
42,5773,143002,11.0
42,5774,143040,38.0
42,5775,143062,22.0
42,5776,143085,23.0
42,5777,143119,34.0
42,5778,143144,25.0
42,5779,143208,64.0
42,5780,143229,21.0
42,5781,143249,20.0
42,5782,143286,37.0
42,5783,143301,15.0
42,5784,143353,52.0
42,5785,143378,25.0
42,5786,143408,30.0
42,5787,143428,20.0
42,5788,143461,33.0
42,5789,143495,34.0
42,5790,143541,46.0
42,5791,143553,12.0
42,5792,143567,14.0
42,5793,143616,49.0
42,5794,143649,33.0
42,5795,143660,11.0
42,5796,143678,18.0
42,5797,143747,69.0
42,5798,143777,30.0
42,5799,143788,11.0
42,5800,143806,18.0
42,5801,143821,15.0
42,5802,143834,13.0
42,5803,143850,16.0
42,5804,143864,14.0
42,5805,143880,16.0
42,5806,143902,22.0
42,5807,143955,53.0
42,5808,143973,18.0
42,5809,144040,67.0
42,5810,144059,19.0
42,5811,144073,14.0
42,5812,144094,21.0
42,5813,144106,12.0
42,5814,144143,37.0
42,5815,144200,57.0
42,5816,144229,29.0
42,5817,144362,133.0
42,5818,144386,24.0
42,5819,144444,58.0
42,5820,144476,32.0
42,5821,144520,44.0
42,5822,144532,12.0
42,5823,144606,74.0
42,5824,144639,33.0
42,5825,144664,25.0
42,5826,144690,26.0
42,5827,144707,17.0
42,5828,144741,34.0
42,5829,144758,17.0
42,5830,144771,13.0
42,5831,144787,16.0
42,5832,144816,29.0
42,5833,144828,12.0
42,5834,144865,37.0
42,5835,144880,15.0
42,5836,144929,49.0
42,5837,144966,37.0
42,5838,144978,12.0
42,5839,145010,32.0
42,5840,145051,41.0
42,5841,145090,39.0
42,5842,145104,14.0
42,5843,145158,54.0
42,5844,145172,14.0
42,5845,145189,17.0
42,5846,145262,73.0
42,5847,145296,34.0
42,5848,145319,23.0
42,5849,145344,25.0
42,5850,145364,20.0
42,5851,145398,34.0
42,5852,145418,20.0
42,5853,145435,17.0
42,5854,145453,18.0
42,5855,145472,19.0
42,5856,145491,19.0
42,5857,145541,50.0
42,5858,145556,15.0
42,5859,145612,56.0
42,5860,145632,20.0
42,5861,145649,17.0
42,5862,145663,14.0
42,5863,145674,11.0
42,5864,145714,40.0
42,5865,145743,29.0
42,5866,145755,12.0
42,5867,145767,12.0
42,5868,145809,42.0
42,5869,145818,9.0
42,5870,145879,61.0
42,5871,145895,16.0
42,5872,145920,25.0
42,5873,145952,32.0
42,5874,145968,16.0
42,5875,145990,22.0
42,5876,146001,11.0
42,5877,146042,41.0
42,5878,146065,23.0
42,5879,146128,63.0
42,5880,146154,26.0
42,5881,146181,27.0
42,5882,146211,30.0
42,5883,146223,12.0
42,5884,146244,21.0
42,5885,146276,32.0
42,5886,146304,28.0
42,5887,146377,73.0
42,5888,146452,75.0
42,5889,146484,32.0
42,5890,146540,56.0
42,5891,146569,29.0
42,5892,146592,23.0
42,5893,146621,29.0
42,5894,146650,29.0
42,5895,146716,66.0
42,5896,146761,45.0
42,5897,146779,18.0
42,5898,146802,23.0
42,5899,146815,13.0
42,5900,146844,29.0
42,5901,146882,38.0
42,5902,146901,19.0
42,5903,146935,34.0
42,5904,146954,19.0
42,5905,146993,39.0
42,5906,147051,58.0
42,5907,147125,74.0
42,5908,147142,17.0
42,5909,147160,18.0
42,5910,147172,12.0
42,5911,147192,20.0
42,5912,147206,14.0
42,5913,147234,28.0
42,5914,147260,26.0
42,5915,147284,24.0
42,5916,147299,15.0
42,5917,147378,79.0
42,5918,147476,98.0
42,5919,147493,17.0
42,5920,147522,29.0
42,5921,147567,45.0
42,5922,147611,44.0
42,5923,147628,17.0
42,5924,147651,23.0
42,5925,147670,19.0
42,5926,147693,23.0
42,5927,147710,17.0
42,5928,147762,52.0
42,5929,147797,35.0
42,5930,147844,47.0
42,5931,147856,12.0
42,5932,147871,15.0
42,5933,147885,14.0
42,5934,147903,18.0
42,5935,147941,38.0
42,5936,147979,38.0
42,5937,148002,23.0
42,5938,148027,25.0
42,5939,148081,54.0
42,5940,148129,48.0
42,5941,148146,17.0
42,5942,148180,34.0
42,5943,148238,58.0
42,5944,148302,64.0
42,5945,148319,17.0
42,5946,148336,17.0
42,5947,148351,15.0
42,5948,148374,23.0
42,5949,148404,30.0
42,5950,148459,55.0
42,5951,148501,42.0
42,5952,148528,27.0
42,5953,148546,18.0
42,5954,148593,47.0
42,5955,148606,13.0
42,5956,148621,15.0
42,5957,148631,10.0
42,5958,148677,46.0
42,5959,148710,33.0
42,5960,148723,13.0
42,5961,148798,75.0
42,5962,148823,25.0
42,5963,148853,30.0
42,5964,148881,28.0
42,5965,148898,17.0
42,5966,148931,33.0
42,5967,148942,11.0
42,5968,148974,32.0
42,5969,149012,38.0
42,5970,149039,27.0
42,5971,149054,15.0
42,5972,149081,27.0
42,5973,149132,51.0
42,5974,149192,60.0
42,5975,149230,38.0
42,5976,149255,25.0
42,5977,149295,40.0
42,5978,149313,18.0
42,5979,149335,22.0
42,5980,149383,48.0
42,5981,149424,41.0
42,5982,149445,21.0
42,5983,149464,19.0
42,5984,149480,16.0
42,5985,149505,25.0
42,5986,149521,16.0
42,5987,149563,42.0
42,5988,149586,23.0
42,5989,149625,39.0
42,5990,149644,19.0
42,5991,149696,52.0
42,5992,149727,31.0
42,5993,149760,33.0
42,5994,149813,53.0
42,5995,149862,49.0
42,5996,149905,43.0
42,5997,149940,35.0
42,5998,149950,10.0
42,5999,149986,36.0
42,6000,150100,114.0
